core_frame	header_ctr	capture_ns	dup_reason	movie_frame	hash	width	height	segment	avi_frame
119	6	5849817364060	none	0	61605322	512	224	0	0
120	7	5849834856950	none	1	61605322	512	224	0	1
121	0	5849852281340	none	2	61605322	512	224	0	2
122	1	5849869877630	none	3	61605322	512	224	0	3
123	2	5849883230810	none	4	61605322	512	224	0	4
124	3	5849900743420	none	5	61605322	512	224	0	5
125	4	5849918445490	none	6	61605322	512	224	0	6
126	5	5849935761040	none	7	61605322	512	224	0	7
127	6	5849953125130	none	8	61605322	512	224	0	8
128	7	5849966446130	none	9	61605322	512	224	0	9
129	0	5849984226680	none	10	61605322	512	224	0	10
130	1	5850001697340	none	11	61605322	512	224	0	11
131	2	5850019281050	none	12	61605322	512	224	0	12
132	3	5850033147580	none	13	61605322	512	224	0	13
133	4	5850051046840	none	14	61605322	512	224	0	14
134	5	5850068883890	none	15	61605322	512	224	0	15
135	6	5850086637840	none	16	61605322	512	224	0	16
136	7	5850100164870	none	17	61605322	512	224	0	17
137	0	5850117949000	none	18	61605322	512	224	0	18
138	1	5850135476950	none	19	61605322	512	224	0	19
139	2	5850152921790	none	20	61605322	512	224	0	20
140	3	5850166259010	none	21	61605322	512	224	0	21
141	4	5850183846170	none	22	61605322	512	224	0	22
142	5	5850201310820	none	23	61605322	512	224	0	23
143	6	5850218919000	none	24	ad313c28	512	224	0	24
144	7	5850232531200	none	25	ad313c28	512	224	0	25
145	0	5850250386020	none	26	22b38b77	512	224	0	26
146	1	5850268564240	none	27	22b38b77	512	224	0	27
147	2	5850286055910	none	28	eee2e47d	512	224	0	28
148	3	5850299657020	none	29	eee2e47d	512	224	0	29
149	4	5850317913350	none	30	52463fe3	512	224	0	30
150	5	5850335700140	none	31	52463fe3	512	224	0	31
151	6	5850353019600	none	32	291e8686	512	224	0	32
152	7	5850366303610	none	33	291e8686	512	224	0	33
153	0	5850383782120	none	34	7d4b81c3	512	224	0	34
154	1	5850401062060	none	35	7d4b81c3	512	224	0	35
155	2	5850418401690	none	36	b20943df	512	224	0	36
156	3	5850435678200	none	37	b20943df	512	224	0	37
157	4	5850449077930	none	38	043f27b6	512	224	0	38
158	5	5850466581240	none	39	043f27b6	512	224	0	39
159	6	5850484040260	none	40	7f679ed3	512	224	0	40
160	7	5850501441980	none	41	7f679ed3	512	224	0	41
161	0	5850518839590	none	42	2b329996	512	224	0	42
162	1	5850532232860	none	43	2b329996	512	224	0	43
163	2	5850549679620	none	44	27b11dc3	512	224	0	44
164	3	5850567164980	none	45	27b11dc3	512	224	0	45
165	4	5850584708650	none	46	0a981d53	512	224	0	46
166	5	5850601959310	none	47	0a981d53	512	224	0	47
167	6	5850615244150	none	48	014412cc	512	224	0	48
168	7	5850632599210	none	49	014412cc	512	224	0	49
169	0	5850650004230	none	50	a533c461	512	224	0	50
170	1	5850667264290	none	51	a533c461	512	224	0	51
171	2	5850684833080	none	52	1af5b087	512	224	0	52
172	3	5850702175290	none	53	1af5b087	512	224	0	53
173	4	5850715467320	none	54	286b700e	512	224	0	54
174	5	5850732811960	none	55	286b700e	512	224	0	55
175	6	5850750292320	none	56	23b77f91	512	224	0	56
176	7	5850767520750	none	57	23b77f91	512	224	0	57
177	0	5850784813310	none	58	19862344	512	224	0	58
178	1	5850802184050	none	59	19862344	512	224	0	59
179	2	5850815612000	none	60	4fd6e0ea	512	224	0	60
180	3	5850833009910	none	61	4fd6e0ea	512	224	0	61
181	4	5850850270750	none	62	3fe77fce	512	224	0	62
182	5	5850867748670	none	63	3fe77fce	512	224	0	63
183	6	5850885233700	none	64	3a6fad0c	512	224	0	64
184	7	5850898619640	none	65	3a6fad0c	512	224	0	65
185	0	5850915982840	none	66	f8ef5c1e	512	224	0	66
186	1	5850933415170	none	67	f8ef5c1e	512	224	0	67
187	2	5850950901930	none	68	00751de2	512	224	0	68
188	3	5850968250380	none	69	00751de2	512	224	0	69
189	4	5850981670050	none	70	2216a8e9	512	224	0	70
190	5	5850999078480	none	71	2216a8e9	512	224	0	71
191	6	5851016541270	none	72	b58faaa5	512	224	0	72
192	7	5851034020430	none	73	b58faaa5	512	224	0	73
193	0	5851051418040	none	74	e99c63a2	512	224	0	74
194	1	5851064724120	none	75	e99c63a2	512	224	0	75
195	2	5851082181690	none	76	a243d2ed	512	224	0	76
196	3	5851099600240	none	77	a243d2ed	512	224	0	77
197	4	5851117001400	none	78	2e28661b	512	224	0	78
198	5	5851134383510	none	79	2e28661b	512	224	0	79
199	6	5851147824330	none	80	f3b45d79	512	224	0	80
200	7	5851165250620	none	81	f3b45d79	512	224	0	81
201	0	5851182736530	none	82	d21a003b	512	224	0	82
202	1	5851200291790	none	83	d21a003b	512	224	0	83
203	2	5851217786770	none	84	2f6feb29	512	224	0	84
204	3	5851231095390	none	85	2f6feb29	512	224	0	85
205	4	5851248501760	none	86	2f6feb29	512	224	0	86
206	5	5851265837970	none	87	2f6feb29	512	224	0	87
207	6	5851283233190	none	88	2f6feb29	512	224	0	88
208	7	5851300621500	none	89	2f6feb29	512	224	0	89
209	0	5851318059930	none	90	2f6feb29	512	224	0	90
210	1	5851331389790	none	91	2f6feb29	512	224	0	91
211	2	5851348757360	none	92	2f6feb29	512	224	0	92
212	3	5851366029280	none	93	2f6feb29	512	224	0	93
213	4	5851383400040	none	94	2f6feb29	512	224	0	94
214	5	5851400738960	none	95	2f6feb29	512	224	0	95
215	6	5851414052510	none	96	2f6feb29	512	224	0	96
216	7	5851431543520	none	97	2f6feb29	512	224	0	97
217	0	5851449012240	none	98	2f6feb29	512	224	0	98
218	1	5851466530650	none	99	2f6feb29	512	224	0	99
219	2	5851484139050	none	100	2f6feb29	512	224	0	100
220	3	5851497502500	none	101	2f6feb29	512	224	0	101
221	4	5851515001950	none	102	2f6feb29	512	224	0	102
222	5	5851532259750	none	103	2f6feb29	512	224	0	103
223	6	5851549782910	none	104	2f6feb29	512	224	0	104
224	7	5851567142510	none	105	2f6feb29	512	224	0	105
225	0	5851580630990	none	106	2f6feb29	512	224	0	106
226	1	5851598078160	none	107	2f6feb29	512	224	0	107
227	2	5851615495680	none	108	2f6feb29	512	224	0	108
228	3	5851632758550	none	109	2f6feb29	512	224	0	109
229	4	5851650251570	none	110	2f6feb29	512	224	0	110
230	5	5851663487770	none	111	2f6feb29	512	224	0	111
231	6	5851680937550	none	112	2f6feb29	512	224	0	112
232	7	5851698411340	none	113	2f6feb29	512	224	0	113
233	0	5851715682090	none	114	2f6feb29	512	224	0	114
234	1	5851733326190	none	115	2f6feb29	512	224	0	115
235	2	5851750669750	none	116	2f6feb29	512	224	0	116
236	3	5851764046690	none	117	2f6feb29	512	224	0	117
237	4	5851781523390	none	118	2f6feb29	512	224	0	118
238	5	5851798911890	none	119	2f6feb29	512	224	0	119
239	6	5851816354060	none	120	2f6feb29	512	224	0	120
240	7	5851833996420	none	121	2f6feb29	512	224	0	121
241	0	5851847329780	none	122	2f6feb29	512	224	0	122
242	1	5851864774690	none	123	2f6feb29	512	224	0	123
243	2	5851882205680	none	124	2f6feb29	512	224	0	124
244	3	5851899632860	none	125	2f6feb29	512	224	0	125
245	4	5851913099740	none	126	2f6feb29	512	224	0	126
246	5	5851930361650	none	127	2f6feb29	512	224	0	127
247	6	5851947765010	none	128	2f6feb29	512	224	0	128
248	7	5851965130510	none	129	2f6feb29	512	224	0	129
249	0	5851982527480	none	130	2f6feb29	512	224	0	130
250	1	5851999817190	none	131	2f6feb29	512	224	0	131
251	2	5852013134040	none	132	2f6feb29	512	224	0	132
252	3	5852030661760	none	133	2f6feb29	512	224	0	133
253	4	5852048111520	none	134	2f6feb29	512	224	0	134
254	5	5852065615050	none	135	2f6feb29	512	224	0	135
255	6	5852083048040	none	136	2f6feb29	512	224	0	136
256	7	5852096405730	none	137	2f6feb29	512	224	0	137
257	0	5852113801280	none	138	2f6feb29	512	224	0	138
258	1	5852131027470	none	139	2f6feb29	512	224	0	139
259	2	5852148437240	none	140	2f6feb29	512	224	0	140
260	3	5852165823470	none	141	2f6feb29	512	224	0	141
261	4	5852183213680	none	142	2f6feb29	512	224	0	142
262	5	5852196561800	none	143	2f6feb29	512	224	0	143
263	6	5852214009520	none	144	2f6feb29	512	224	0	144
264	7	5852231347400	none	145	2f6feb29	512	224	0	145
265	0	5852248710780	none	146	2f6feb29	512	224	0	146
266	1	5852266000260	none	147	2f6feb29	512	224	0	147
267	2	5852279331900	none	148	2f6feb29	512	224	0	148
268	3	5852296659010	none	149	2f6feb29	512	224	0	149
269	4	5852314008320	none	150	2f6feb29	512	224	0	150
270	5	5852331486680	none	151	2f6feb29	512	224	0	151
271	6	5852348994920	none	152	2f6feb29	512	224	0	152
272	7	5852362474450	none	153	2f6feb29	512	224	0	153
273	0	5852379711700	none	154	2f6feb29	512	224	0	154
274	1	5852397276160	none	155	2f6feb29	512	224	0	155
275	2	5852414727840	none	156	2f6feb29	512	224	0	156
276	3	5852432601110	none	157	2f6feb29	512	224	0	157
277	4	5852446065900	none	158	2f6feb29	512	224	0	158
278	5	5852463358260	none	159	2f6feb29	512	224	0	159
279	6	5852480641950	none	160	2f6feb29	512	224	0	160
280	7	5852498076410	none	161	2f6feb29	512	224	0	161
281	0	5852515495980	none	162	2f6feb29	512	224	0	162
282	1	5852528776280	none	163	2f6feb29	512	224	0	163
283	2	5852546061100	none	164	2f6feb29	512	224	0	164
284	3	5852563377730	none	165	2f6feb29	512	224	0	165
285	4	5852580684800	none	166	2f6feb29	512	224	0	166
286	5	5852598077700	none	167	2f6feb29	512	224	0	167
287	6	5852615420310	none	168	2f6feb29	512	224	0	168
288	7	5852628731290	none	169	2f6feb29	512	224	0	169
289	0	5852646061710	none	170	2f6feb29	512	224	0	170
290	1	5852663343570	none	171	2f6feb29	512	224	0	171
291	2	5852680761760	none	172	2f6feb29	512	224	0	172
292	3	5852698097550	none	173	2f6feb29	512	224	0	173
293	4	5852715448000	none	174	2f6feb29	512	224	0	174
294	5	5852728853290	none	175	2f6feb29	512	224	0	175
295	6	5852746237250	none	176	2f6feb29	512	224	0	176
296	7	5852763699200	none	177	2f6feb29	512	224	0	177
297	0	5852781176340	none	178	2f6feb29	512	224	0	178
298	1	5852798474940	none	179	2f6feb29	512	224	0	179
299	2	5852811864060	none	180	2f6feb29	512	224	0	180
300	3	5852829155720	none	181	2f6feb29	512	224	0	181
301	4	5852846587850	none	182	2f6feb29	512	224	0	182
302	5	5852864024610	none	183	2f6feb29	512	224	0	183
303	6	5852881571480	none	184	2f6feb29	512	224	0	184
304	7	5852895010110	none	185	2f6feb29	512	224	0	185
305	0	5852912343010	none	186	2f6feb29	512	224	0	186
306	1	5852929694130	none	187	2f6feb29	512	224	0	187
307	2	5852947030760	none	188	2f6feb29	512	224	0	188
308	3	5852964370740	none	189	2f6feb29	512	224	0	189
309	4	5852981816030	none	190	2f6feb29	512	224	0	190
310	5	5852995129090	none	191	2f6feb29	512	224	0	191
311	6	5853012361370	none	192	2f6feb29	512	224	0	192
312	7	5853029711330	none	193	2f6feb29	512	224	0	193
313	0	5853047142130	none	194	2f6feb29	512	224	0	194
314	1	5853064470620	none	195	2f6feb29	512	224	0	195
315	2	5853081822710	none	196	2f6feb29	512	224	0	196
316	3	5853095127810	none	197	2f6feb29	512	224	0	197
317	4	5853112503310	none	198	2f6feb29	512	224	0	198
318	5	5853129969660	none	199	2f6feb29	512	224	0	199
319	6	5853147201060	none	200	2f6feb29	512	224	0	200
320	7	5853164642970	none	201	2f6feb29	512	224	0	201
321	0	5853177941640	none	202	2f6feb29	512	224	0	202
322	1	5853195372210	none	203	2f6feb29	512	224	0	203
323	2	5853212743740	none	204	2f6feb29	512	224	0	204
324	3	5853230238240	none	205	2f6feb29	512	224	0	205
325	4	5853247471420	none	206	2f6feb29	512	224	0	206
326	5	5853264715260	none	207	2f6feb29	512	224	0	207
327	6	5853278111140	none	208	2f6feb29	512	224	0	208
328	7	5853295555320	none	209	d21a003b	512	224	0	209
329	0	5853312796650	none	210	d21a003b	512	224	0	210
330	1	5853330269450	none	211	f3b45d79	512	224	0	211
331	2	5853347725240	none	212	f3b45d79	512	224	0	212
332	3	5853361070240	none	213	2e28661b	512	224	0	213
333	4	5853378477500	none	214	2e28661b	512	224	0	214
334	5	5853395753430	none	215	a243d2ed	512	224	0	215
335	6	5853413095280	none	216	a243d2ed	512	224	0	216
336	7	5853430356090	none	217	e99c63a2	512	224	0	217
337	0	5853447757760	none	218	e99c63a2	512	224	0	218
338	1	5853461076610	none	219	b58faaa5	512	224	0	219
339	2	5853478446350	none	220	b58faaa5	512	224	0	220
340	3	5853495878030	none	221	2216a8e9	512	224	0	221
341	4	5853513210250	none	222	2216a8e9	512	224	0	222
342	5	5853530598180	none	223	00751de2	512	224	0	223
343	6	5853543986650	none	224	00751de2	512	224	0	224
344	7	5853561569220	none	225	f8ef5c1e	512	224	0	225
345	0	5853579333490	none	226	f8ef5c1e	512	224	0	226
346	1	5853597021260	none	227	3a6fad0c	512	224	0	227
347	2	5853610773830	none	228	3a6fad0c	512	224	0	228
348	3	5853628580080	none	229	3fe77fce	512	224	0	229
349	4	5853646699820	none	230	3fe77fce	512	224	0	230
350	5	5853660464440	none	231	4fd6e0ea	512	224	0	231
351	6	5853678260960	none	232	4fd6e0ea	512	224	0	232
352	7	5853696262890	none	233	19862344	512	224	0	233
353	0	5853714152470	none	234	19862344	512	224	0	234
354	1	5853727875830	none	235	23b77f91	512	224	0	235
355	2	5853745738950	none	236	23b77f91	512	224	0	236
356	3	5853763643050	none	237	286b700e	512	224	0	237
357	4	5853777500360	none	238	286b700e	512	224	0	238
358	5	5853794946850	none	239	1af5b087	512	224	0	239
359	6	5853812333780	none	240	1af5b087	512	224	0	240
360	7	5853829805240	none	241	a533c461	512	224	0	241
361	0	5853843339810	none	242	a533c461	512	224	0	242
362	1	5853860758970	none	243	014412cc	512	224	0	243
363	2	5853878563050	none	244	014412cc	512	224	0	244
364	3	5853896332460	none	245	0a981d53	512	224	0	245
365	4	5853910021600	none	246	0a981d53	512	224	0	246
366	5	5853927435810	none	247	27b11dc3	512	224	0	247
367	6	5853944673580	none	248	27b11dc3	512	224	0	248
368	7	5853962148420	none	249	2b329996	512	224	0	249
369	0	5853979509190	none	250	2b329996	512	224	0	250
370	1	5853996872990	none	251	7f679ed3	512	224	0	251
371	2	5854010255140	none	252	7f679ed3	512	224	0	252
372	3	5854027725910	none	253	043f27b6	512	224	0	253
373	4	5854045092380	none	254	043f27b6	512	224	0	254
374	5	5854062494770	none	255	b20943df	512	224	0	255
375	6	5854079776730	none	256	b20943df	512	224	0	256
376	7	5854093196040	none	257	7d4b81c3	512	224	0	257
377	0	5854110579340	none	258	7d4b81c3	512	224	0	258
378	1	5854128085920	none	259	291e8686	512	224	0	259
379	2	5854145573180	none	260	291e8686	512	224	0	260
380	3	5854163087790	none	261	52463fe3	512	224	0	261
381	4	5854176357100	none	262	52463fe3	512	224	0	262
382	5	5854193768930	none	263	eee2e47d	512	224	0	263
383	6	5854211015890	none	264	eee2e47d	512	224	0	264
384	7	5854228414190	none	265	22b38b77	512	224	0	265
385	0	5854245875360	none	266	22b38b77	512	224	0	266
386	1	5854263173640	none	267	ad313c28	512	224	0	267
387	2	5854276538310	none	268	ad313c28	512	224	0	268
388	3	5854293994230	none	269	61605322	512	224	0	269
389	4	5854311345060	none	270	61605322	512	224	0	270
390	5	5854328776440	none	271	61605322	512	224	0	271
391	6	5854346031550	none	272	61605322	512	224	0	272
392	7	5854359294480	none	273	61605322	512	224	0	273
393	0	5854376617350	none	274	61605322	512	224	0	274
394	1	5854394025760	none	275	61605322	512	224	0	275
395	2	5854411543510	none	276	61605322	512	224	0	276
396	3	5854428987510	none	277	61605322	512	224	0	277
397	4	5854442484610	none	278	61605322	512	224	0	278
398	5	5854460387710	none	279	61605322	512	224	0	279
399	6	5854478233260	none	280	61605322	512	224	0	280
400	7	5854495649030	none	281	61605322	512	224	0	281
401	0	5854508950930	none	282	61605322	512	224	0	282
402	1	5854526322510	none	283	61605322	512	224	0	283
403	2	5854543698300	none	284	61605322	512	224	0	284
404	3	5854560988800	none	285	61605322	512	224	0	285
405	4	5854578351570	none	286	61605322	512	224	0	286
406	5	5854595686240	none	287	61605322	512	224	0	287
407	6	5854609017430	none	288	61605322	512	224	0	288
408	7	5854626532590	none	289	61605322	512	224	0	289
409	0	5854643964100	none	290	61605322	512	224	0	290
410	1	5854661341010	none	291	61605322	512	224	0	291
411	2	5854678753640	none	292	61605322	512	224	0	292
412	3	5854692169070	none	293	61605322	512	224	0	293
413	4	5854709614760	none	294	61605322	512	224	0	294
414	5	5854727145940	none	295	61605322	512	224	0	295
415	6	5854744618800	none	296	61605322	512	224	0	296
416	7	5854761872980	none	297	61605322	512	224	0	297
417	0	5854775153440	none	298	61605322	512	224	0	298
418	1	5854792520540	none	299	61605322	512	224	0	299
419	2	5854809769990	none	300	61605322	512	224	0	300
420	3	5854827142380	none	301	61605322	512	224	0	301
421	4	5854844525440	none	302	61605322	512	224	0	302
422	5	5854861905020	none	303	61605322	512	224	0	303
423	6	5854875182580	none	304	61605322	512	224	0	304
424	7	5854892551990	none	305	61605322	512	224	0	305
425	0	5854909800330	none	306	61605322	512	224	0	306
426	1	5854927263810	none	307	61605322	512	224	0	307
427	2	5854944721580	none	308	61605322	512	224	0	308
428	3	5854958064750	none	309	61605322	512	224	0	309
429	4	5854975582720	none	310	61605322	512	224	0	310
430	5	5854992920390	none	311	61605322	512	224	0	311
431	6	5855010275910	none	312	61605322	512	224	0	312
432	7	5855027509090	none	313	61605322	512	224	0	313
433	0	5855045012830	none	314	61605322	512	224	0	314
434	1	5855058185680	none	315	61605322	512	224	0	315
435	2	5855075585030	none	316	61605322	512	224	0	316
436	3	5855092843480	none	317	61605322	512	224	0	317
437	4	5855110200450	none	318	61605322	512	224	0	318
438	5	5855127573330	none	319	61605322	512	224	0	319
439	6	5855145029050	none	320	61605322	512	224	0	320
440	7	5855158277470	none	321	61605322	512	224	0	321
441	0	5855175725130	none	322	61605322	512	224	0	322
442	1	5855193044420	none	323	61605322	512	224	0	323
443	2	5855210403930	none	324	61605322	512	224	0	324
444	3	5855227824840	none	325	61605322	512	224	0	325
445	4	5855241180470	none	326	61605322	512	224	0	326
446	5	5855258493270	none	327	61605322	512	224	0	327
447	6	5855276034200	none	328	61605322	512	224	0	328
448	7	5855293315960	none	329	61605322	512	224	0	329
449	0	5855310601340	none	330	61605322	512	224	0	330
450	1	5855328053790	none	331	61605322	512	224	0	331
451	2	5855341413950	none	332	61605322	512	224	0	332
452	3	5855358782180	none	333	61605322	512	224	0	333
453	4	5855376175680	none	334	61605322	512	224	0	334
454	5	5855393564320	none	335	61605322	512	224	0	335
455	6	5855411012660	none	336	61605322	512	224	0	336
456	7	5855424379490	none	337	61605322	512	224	0	337
457	0	5855441770430	none	338	61605322	512	224	0	338
458	1	5855459133340	none	339	61605322	512	224	0	339
459	2	5855476629780	none	340	61605322	512	224	0	340
460	3	5855494069320	none	341	61605322	512	224	0	341
461	4	5855507428360	none	342	61605322	512	224	0	342
462	5	5855524767190	none	343	61605322	512	224	0	343
463	6	5855542131970	none	344	61605322	512	224	0	344
464	7	5855559466430	none	345	61605322	512	224	0	345
465	0	5855576822150	none	346	61605322	512	224	0	346
466	1	5855594230480	none	347	61605322	512	224	0	347
467	2	5855607607700	none	348	61605322	512	224	0	348
468	3	5855624992850	none	349	61605322	512	224	0	349
469	4	5855642228150	none	350	61605322	512	224	0	350
470	5	5855659783550	none	351	61605322	512	224	0	351
471	6	5855677082250	none	352	61605322	512	224	0	352
472	7	5855690455650	none	353	61605322	512	224	0	353
473	0	5855707868250	none	354	61605322	512	224	0	354
474	1	5855725187600	none	355	61605322	512	224	0	355
475	2	5855742765200	none	356	61605322	512	224	0	356
476	3	5855760206560	none	357	61605322	512	224	0	357
477	4	5855773660970	none	358	61605322	512	224	0	358
478	5	5855790898800	none	359	61605322	512	224	0	359
479	6	5855808263060	none	360	61605322	512	224	0	360
480	7	5855825580540	none	361	61605322	512	224	0	361
481	0	5855843029370	none	362	61605322	512	224	0	362
482	1	5855860376940	none	363	61605322	512	224	0	363
483	2	5855873737710	none	364	61605322	512	224	0	364
484	3	5855890963280	none	365	61605322	512	224	0	365
485	4	5855908417970	none	366	61605322	512	224	0	366
486	5	5855926145020	none	367	61605322	512	224	0	367
487	6	5855943562220	none	368	61605322	512	224	0	368
488	7	5855956775260	none	369	61605322	512	224	0	369
489	0	5855974295530	none	370	61605322	512	224	0	370
490	1	5855991605820	none	371	61605322	512	224	0	371
491	2	5856008986650	none	372	61605322	512	224	0	372
492	3	5856026448020	none	373	61605322	512	224	0	373
493	4	5856039914200	none	374	61605322	512	224	0	374
494	5	5856057152460	none	375	61605322	512	224	0	375
495	6	5856074457360	none	376	61605322	512	224	0	376
496	7	5856091816370	none	377	61605322	512	224	0	377
497	0	5856109164980	none	378	61605322	512	224	0	378
498	1	5856126626590	none	379	61605322	512	224	0	379
499	2	5856139977000	none	380	61605322	512	224	0	380
500	3	5856157193440	none	381	61605322	512	224	0	381
501	4	5856174488750	none	382	61605322	512	224	0	382
502	5	5856192101070	none	383	61605322	512	224	0	383
503	6	5856209519840	none	384	61605322	512	224	0	384
504	7	5856222836510	none	385	61605322	512	224	0	385
505	0	5856240200760	none	386	61605322	512	224	0	386
506	1	5856257720150	none	387	61605322	512	224	0	387
507	2	5856275119740	none	388	61605322	512	224	0	388
508	3	5856292564990	none	389	61605322	512	224	0	389
509	4	5856305913610	none	390	61605322	512	224	0	390
510	5	5856323153840	none	391	61605322	512	224	0	391
511	6	5856340463360	none	392	61605322	512	224	0	392
512	7	5856358025670	none	393	61605322	512	224	0	393
513	0	5856375359380	none	394	61605322	512	224	0	394
514	1	5856392810970	none	395	61605322	512	224	0	395
515	2	5856406152440	none	396	61605322	512	224	0	396
516	3	5856423585340	none	397	61605322	512	224	0	397
517	4	5856440898390	none	398	61605322	512	224	0	398
518	5	5856458304680	none	399	61605322	512	224	0	399
519	6	5856475630360	none	400	61605322	512	224	0	400
520	7	5856488962940	none	401	61605322	512	224	0	401
521	0	5856506328690	none	402	61605322	512	224	0	402
522	1	5856523736950	none	403	61605322	512	224	0	403
523	2	5856541004530	none	404	61605322	512	224	0	404
524	3	5856558371730	none	405	61605322	512	224	0	405
525	4	5856575712980	none	406	61605322	512	224	0	406
526	5	5856588981430	none	407	61605322	512	224	0	407
527	6	5856606443670	none	408	61605322	512	224	0	408
528	7	5856623920390	none	409	61605322	512	224	0	409
529	0	5856641466840	none	410	61605322	512	224	0	410
530	1	5856658935680	none	411	61605322	512	224	0	411
531	2	5856672247350	none	412	61605322	512	224	0	412
532	3	5856689633230	none	413	61605322	512	224	0	413
533	4	5856707035140	none	414	61605322	512	224	0	414
534	5	5856724360560	none	415	61605322	512	224	0	415
535	6	5856741755220	none	416	61605322	512	224	0	416
536	7	5856759093660	none	417	61605322	512	224	0	417
537	0	5856772397920	none	418	61605322	512	224	0	418
538	1	5856789622590	none	419	61605322	512	224	0	419
539	2	5856806949040	none	420	61605322	512	224	0	420
540	3	5856824299680	none	421	61605322	512	224	0	421
541	4	5856841798490	none	422	61605322	512	224	0	422
542	5	5856855109270	none	423	61605322	512	224	0	423
543	6	5856872522940	none	424	61605322	512	224	0	424
544	7	5856889787070	none	425	61605322	512	224	0	425
545	0	5856907084110	none	426	61605322	512	224	0	426
546	1	5856924406480	none	427	61605322	512	224	0	427
547	2	5856941869590	none	428	61605322	512	224	0	428
548	3	5856955180000	none	429	61605322	512	224	0	429
549	4	5856972539210	none	430	61605322	512	224	0	430
550	5	5856990012850	none	431	61605322	512	224	0	431
551	6	5857007244050	none	432	e900bd95	512	224	0	432
552	7	5857024531340	none	433	4e4e9dd0	512	224	0	433
553	0	5857041907800	none	434	1149f057	512	224	0	434
554	1	5857055183360	none	435	72f0c29b	512	224	0	435
555	2	5857072588610	none	436	e0a88317	512	224	0	436
556	3	5857090019290	none	437	289f0d9a	512	224	0	437
557	4	5857107277830	none	438	0c390d6e	512	224	0	438
558	5	5857124720190	none	439	95e9ce0c	512	224	0	439
559	6	5857138122730	none	440	6c4d14a1	512	224	0	440
560	7	5857155531710	none	441	ba7b6759	512	224	0	441
561	0	5857172979460	none	442	b35d8d1a	512	224	0	442
562	1	5857190374280	none	443	c38795e2	512	224	0	443
563	2	5857207750750	none	444	defec641	512	224	0	444
564	3	5857221078010	none	445	74455954	512	224	0	445
565	4	5857238411680	none	446	d8ce8467	512	224	0	446
566	5	5857255902370	none	447	81d1ae3b	512	224	0	447
567	6	5857273201570	none	448	2bc460c1	512	224	0	448
568	7	5857290630520	none	449	757482a9	512	224	0	449
569	0	5857307968320	none	450	a418eb03	512	224	0	450
570	1	5857321282200	none	451	f289bc3d	512	224	0	451
571	2	5857338511180	none	452	a91cae79	512	224	0	452
572	3	5857355883620	none	453	a867abc3	512	224	0	453
573	4	5857373129980	none	454	21e1aa06	512	224	0	454
574	5	5857390477620	none	455	8c1d8514	512	224	0	455
575	6	5857407871660	none	456	192abccc	512	224	0	456
576	7	5857421331900	none	457	249a3ad9	512	224	0	457
577	0	5857439033630	none	458	271d2445	512	224	0	458
578	1	5857456528950	none	459	f6380ecf	512	224	0	459
579	2	5857473901840	none	460	ce878f0c	512	224	0	460
580	3	5857487239220	none	461	ba723a20	512	224	0	461
581	4	5857504768090	none	462	5c64b641	512	224	0	462
582	5	5857521992430	none	463	5c64b641	512	224	0	463
583	6	5857539418020	none	464	5c64b641	512	224	0	464
584	7	5857556814840	none	465	5c64b641	512	224	0	465
585	0	5857574285720	none	466	5c64b641	512	224	0	466
586	1	5857587460320	none	467	5c64b641	512	224	0	467
587	2	5857604882790	none	468	5c64b641	512	224	0	468
588	3	5857622253310	none	469	5c64b641	512	224	0	469
589	4	5857639655930	none	470	5c64b641	512	224	0	470
590	5	5857657015030	none	471	5c64b641	512	224	0	471
591	6	5857670292920	none	472	5c64b641	512	224	0	472
592	7	5857687747370	none	473	5c64b641	512	224	0	473
593	0	5857705113770	none	474	5c64b641	512	224	0	474
594	1	5857722487050	none	475	5c64b641	512	224	0	475
595	2	5857739993970	none	476	5c64b641	512	224	0	476
596	3	5857757227650	none	477	5c64b641	512	224	0	477
597	4	5857770566320	none	478	5c64b641	512	224	0	478
598	5	5857787949420	none	479	5c64b641	512	224	0	479
599	6	5857805332960	none	480	5c64b641	512	224	0	480
600	7	5857822738290	none	481	5c64b641	512	224	0	481
601	0	5857840167490	none	482	5c64b641	512	224	0	482
602	1	5857853522980	none	483	5c64b641	512	224	0	483
603	2	5857870907950	none	484	5c64b641	512	224	0	484
604	3	5857888332650	none	485	5c64b641	512	224	0	485
605	4	5857905673610	none	486	5c64b641	512	224	0	486
606	5	5857923129200	none	487	5c64b641	512	224	0	487
607	6	5857936495300	none	488	5c64b641	512	224	0	488
608	7	5857953886840	none	489	5c64b641	512	224	0	489
609	0	5857971274310	none	490	5c64b641	512	224	0	490
610	1	5857988651160	none	491	5c64b641	512	224	0	491
611	2	5858005913080	none	492	5c64b641	512	224	0	492
612	3	5858023429910	none	493	5c64b641	512	224	0	493
613	4	5858036827930	none	494	5c64b641	512	224	0	494
614	5	5858054279890	none	495	bab92288	512	224	0	495
615	6	5858071612810	none	496	bab92288	512	224	0	496
616	7	5858089040890	none	497	bab92288	512	224	0	497
617	0	5858106502530	none	498	bab92288	512	224	0	498
618	1	5858119871890	none	499	bab92288	512	224	0	499
619	2	5858137157190	none	500	70bf09ff	512	224	0	500
620	3	5858154438980	none	501	70bf09ff	512	224	0	501
621	4	5858171965810	none	502	1ac18373	512	224	0	502
622	5	5858189383200	none	503	1ac18373	512	224	0	503
623	6	5858202825480	none	504	1ac18373	512	224	0	504
624	7	5858220175390	none	505	1ac18373	512	224	0	505
625	0	5858237638280	none	506	70bf09ff	512	224	0	506
626	1	5858255018500	none	507	70bf09ff	512	224	0	507
627	2	5858272272690	none	508	bab92288	512	224	0	508
628	3	5858289563010	none	509	bab92288	512	224	0	509
629	4	5858302972310	none	510	bab92288	512	224	0	510
630	5	5858320305430	none	511	bab92288	512	224	0	511
631	6	5858337751490	none	512	bab92288	512	224	0	512
632	7	5858355094450	none	513	5c64b641	512	224	0	513
633	0	5858372336110	none	514	5c64b641	512	224	0	514
634	1	5858389649890	none	515	5c64b641	512	224	0	515
635	2	5858403157080	none	516	5c64b641	512	224	0	516
636	3	5858420614860	none	517	5c64b641	512	224	0	517
637	4	5858437965870	none	518	5c64b641	512	224	0	518
638	5	5858455328700	none	519	5c64b641	512	224	0	519
639	6	5858472809670	none	520	5c64b641	512	224	0	520
640	7	5858485993640	none	521	5c64b641	512	224	0	521
641	0	5858503319490	none	522	5c64b641	512	224	0	522
642	1	5858520615630	none	523	5c64b641	512	224	0	523
643	2	5858538093870	none	524	5c64b641	512	224	0	524
644	3	5858555519480	none	525	5c64b641	512	224	0	525
645	4	5858568796690	none	526	5c64b641	512	224	0	526
646	5	5858586258670	none	527	5c64b641	512	224	0	527
647	6	5858603671810	none	528	5c64b641	512	224	0	528
648	7	5858620919810	none	529	5c64b641	512	224	0	529
649	0	5858638357580	none	530	5c64b641	512	224	0	530
650	1	5858655682490	none	531	5c64b641	512	224	0	531
651	2	5858668899560	none	532	5c64b641	512	224	0	532
652	3	5858686393850	none	533	5c64b641	512	224	0	533
653	4	5858703834220	none	534	5c64b641	512	224	0	534
654	5	5858721066760	none	535	5c64b641	512	224	0	535
655	6	5858738428500	none	536	5c64b641	512	224	0	536
656	7	5858751873480	none	537	5c64b641	512	224	0	537
657	0	5858769217170	none	538	5c64b641	512	224	0	538
658	1	5858786589490	none	539	5c64b641	512	224	0	539
659	2	5858804041820	none	540	5c64b641	512	224	0	540
660	3	5858821434850	none	541	5c64b641	512	224	0	541
661	4	5858838852570	none	542	5c64b641	512	224	0	542
662	5	5858852257260	none	543	5c64b641	512	224	0	543
663	6	5858869616290	none	544	5c64b641	512	224	0	544
664	7	5858886928510	none	545	5c64b641	512	224	0	545
665	0	5858904266640	none	546	5c64b641	512	224	0	546
666	1	5858921885030	none	547	5c64b641	512	224	0	547
667	2	5858935308450	none	548	5c64b641	512	224	0	548
668	3	5858952737080	none	549	5c64b641	512	224	0	549
669	4	5858969988250	none	550	5c64b641	512	224	0	550
670	5	5858987229540	none	551	5c64b641	512	224	0	551
671	6	5859004510230	none	552	5c64b641	512	224	0	552
672	7	5859021741030	none	553	5c64b641	512	224	0	553
673	0	5859035032530	none	554	5c64b641	512	224	0	554
674	1	5859052411060	none	555	5c64b641	512	224	0	555
675	2	5859069635500	none	556	5c64b641	512	224	0	556
676	3	5859087005910	none	557	5c64b641	512	224	0	557
677	4	5859104333930	none	558	5c64b641	512	224	0	558
678	5	5859121794420	none	559	5c64b641	512	224	0	559
679	6	5859135095240	none	560	5c64b641	512	224	0	560
680	7	5859152376940	none	561	5c64b641	512	224	0	561
681	0	5859169616550	none	562	5c64b641	512	224	0	562
682	1	5859187144120	none	563	5c64b641	512	224	0	563
683	2	5859204431320	none	564	5c64b641	512	224	0	564
684	3	5859217806810	none	565	5c64b641	512	224	0	565
685	4	5859235284360	none	566	5c64b641	512	224	0	566
686	5	5859252703430	none	567	5c64b641	512	224	0	567
687	6	5859269946290	none	568	5c64b641	512	224	0	568
688	7	5859287223490	none	569	5c64b641	512	224	0	569
689	0	5859304516770	none	570	5c64b641	512	224	0	570
690	1	5859317822560	none	571	5c64b641	512	224	0	571
691	2	5859335296880	none	572	5c64b641	512	224	0	572
692	3	5859352708860	none	573	5c64b641	512	224	0	573
693	4	5859370204510	none	574	5c64b641	512	224	0	574
694	5	5859387703090	none	575	5c64b641	512	224	0	575
695	6	5859401021580	none	576	5c64b641	512	224	0	576
696	7	5859418375820	none	577	5c64b641	512	224	0	577
697	0	5859435843880	none	578	5c64b641	512	224	0	578
698	1	5859453249970	none	579	5c64b641	512	224	0	579
699	2	5859470625870	none	580	5c64b641	512	224	0	580
700	3	5859484013480	none	581	5c64b641	512	224	0	581
701	4	5859501463240	none	582	5c64b641	512	224	0	582
702	5	5859518855410	none	583	5c64b641	512	224	0	583
703	6	5859536243360	none	584	5c64b641	512	224	0	584
704	7	5859553625900	none	585	5c64b641	512	224	0	585
705	0	5859570872970	none	586	5c64b641	512	224	0	586
706	1	5859584309190	none	587	5c64b641	512	224	0	587
707	2	5859601663750	none	588	5c64b641	512	224	0	588
708	3	5859619040650	none	589	5c64b641	512	224	0	589
709	4	5859636401180	none	590	5c64b641	512	224	0	590
710	5	5859653885930	none	591	5c64b641	512	224	0	591
711	6	5859667233930	none	592	5c64b641	512	224	0	592
712	7	5859684677390	none	593	5c64b641	512	224	0	593
713	0	5859701983310	none	594	5c64b641	512	224	0	594
714	1	5859719424270	none	595	5c64b641	512	224	0	595
715	2	5859736798890	none	596	5c64b641	512	224	0	596
716	3	5859750233050	none	597	5c64b641	512	224	0	597
717	4	5859767709030	none	598	5c64b641	512	224	0	598
718	5	5859785083350	none	599	5c64b641	512	224	0	599
719	6	5859802446740	none	600	5c64b641	512	224	0	600
720	7	5859819705730	none	601	5c64b641	512	224	0	601
721	0	5859837148810	none	602	5c64b641	512	224	0	602
722	1	5859850702550	none	603	5c64b641	512	224	0	603
723	2	5859868046510	none	604	5c64b641	512	224	0	604
724	3	5859885459280	none	605	5c64b641	512	224	0	605
725	4	5859902983450	none	606	5c64b641	512	224	0	606
726	5	5859920358580	none	607	5c64b641	512	224	0	607
727	6	5859933707850	none	608	5c64b641	512	224	0	608
728	7	5859951227590	none	609	5c64b641	512	224	0	609
729	0	5859968450550	none	610	5c64b641	512	224	0	610
730	1	5859985941700	none	611	5c64b641	512	224	0	611
731	2	5860003494450	none	612	5c64b641	512	224	0	612
732	3	5860016847610	none	613	5c64b641	512	224	0	613
733	4	5860034258770	none	614	5c64b641	512	224	0	614
734	5	5860051584900	none	615	5c64b641	512	224	0	615
735	6	5860068976440	none	616	5c64b641	512	224	0	616
736	7	5860086355510	none	617	5c64b641	512	224	0	617
737	0	5860099757250	none	618	5c64b641	512	224	0	618
738	1	5860117101670	none	619	5c64b641	512	224	0	619
739	2	5860134428340	none	620	5c64b641	512	224	0	620
740	3	5860151792490	none	621	5c64b641	512	224	0	621
741	4	5860169150340	none	622	5c64b641	512	224	0	622
742	5	5860186524670	none	623	5c64b641	512	224	0	623
743	6	5860199902790	none	624	5c64b641	512	224	0	624
744	7	5860217149680	none	625	5c64b641	512	224	0	625
745	0	5860234571130	none	626	5c64b641	512	224	0	626
746	1	5860252057000	none	627	5c64b641	512	224	0	627
747	2	5860269711040	none	628	5c64b641	512	224	0	628
748	3	5860283009540	none	629	5c64b641	512	224	0	629
749	4	5860300494960	none	630	5c64b641	512	224	0	630
750	5	5860317950240	none	631	5c64b641	512	224	0	631
751	6	5860335607560	none	632	5c64b641	512	224	0	632
752	7	5860352934640	none	633	5c64b641	512	224	0	633
753	0	5860366231970	none	634	5c64b641	512	224	0	634
754	1	5860383717270	none	635	5c64b641	512	224	0	635
755	2	5860401107920	none	636	ba723a20	512	224	0	636
756	3	5860418424900	none	637	ce878f0c	512	224	0	637
757	4	5860435895390	none	638	f6380ecf	512	224	0	638
758	5	5860449116940	none	639	271d2445	512	224	0	639
759	6	5860466522460	none	640	249a3ad9	512	224	0	640
760	7	5860483938840	none	641	192abccc	512	224	0	641
761	0	5860501400380	none	642	8c1d8514	512	224	0	642
762	1	5860518908430	none	643	21e1aa06	512	224	0	643
763	2	5860532230010	none	644	a867abc3	512	224	0	644
764	3	5860549597430	none	645	a91cae79	512	224	0	645
765	4	5860567032540	none	646	f289bc3d	512	224	0	646
766	5	5860584344690	none	647	a418eb03	512	224	0	647
767	6	5860601777530	none	648	757482a9	512	224	0	648
768	7	5860619137620	none	649	2bc460c1	512	224	0	649
769	0	5860632471880	none	650	81d1ae3b	512	224	0	650
770	1	5860649856650	none	651	d8ce8467	512	224	0	651
771	2	5860667125350	none	652	74455954	512	224	0	652
772	3	5860684424070	none	653	defec641	512	224	0	653
773	4	5860701842650	none	654	c38795e2	512	224	0	654
774	5	5860719177300	none	655	b35d8d1a	512	224	0	655
775	6	5860732483470	none	656	ba7b6759	512	224	0	656
776	7	5860749847050	none	657	6c4d14a1	512	224	0	657
777	0	5860767112090	none	658	95e9ce0c	512	224	0	658
778	1	5860784463230	none	659	0c390d6e	512	224	0	659
779	2	5860801865590	none	660	289f0d9a	512	224	0	660
780	3	5860815275170	none	661	e0a88317	512	224	0	661
781	4	5860832738030	none	662	72f0c29b	512	224	0	662
782	5	5860850180630	none	663	1149f057	512	224	0	663
783	6	5860867581570	none	664	4e4e9dd0	512	224	0	664
784	7	5860884979350	none	665	e900bd95	512	224	0	665
785	0	5860902224890	none	666	61605322	512	224	0	666
786	1	5860915524300	none	667	61605322	512	224	0	667
787	2	5860932968540	none	668	61605322	512	224	0	668
788	3	5860950359760	none	669	61605322	512	224	0	669
789	4	5860967761540	none	670	61605322	512	224	0	670
790	5	5860985109910	none	671	61605322	512	224	0	671
791	6	5860998642950	none	672	61605322	512	224	0	672
792	7	5861015894990	none	673	61605322	512	224	0	673
793	0	5861033424530	none	674	61605322	512	224	0	674
794	1	5861050950500	none	675	61605322	512	224	0	675
795	2	5861068402620	none	676	61605322	512	224	0	676
796	3	5861081772130	none	677	61605322	512	224	0	677
797	4	5861099257290	none	678	61605322	512	224	0	678
798	5	5861116814640	none	679	61605322	512	224	0	679
799	6	5861134168650	none	680	61605322	512	224	0	680
800	7	5861151505010	none	681	61605322	512	224	0	681
801	0	5861164844060	none	682	61605322	512	224	0	682
802	1	5861182061260	none	683	61605322	512	224	0	683
803	2	5861199367610	none	684	61605322	512	224	0	684
804	3	5861216824050	none	685	61605322	512	224	0	685
805	4	5861234229830	none	686	61605322	512	224	0	686
806	5	5861251507330	none	687	61605322	512	224	0	687
807	6	5861264853120	none	688	61605322	512	224	0	688
808	7	5861282087310	none	689	61605322	512	224	0	689
809	0	5861299534620	none	690	61605322	512	224	0	690
810	1	5861316927430	none	691	61605322	512	224	0	691
811	2	5861334286500	none	692	61605322	512	224	0	692
812	3	5861347781380	none	693	61605322	512	224	0	693
813	4	5861365241400	none	694	61605322	512	224	0	694
814	5	5861382453950	none	695	61605322	512	224	0	695
815	6	5861399941150	none	696	61605322	512	224	0	696
816	7	5861417225510	none	697	61605322	512	224	0	697
817	0	5861434634260	none	698	61605322	512	224	0	698
818	1	5861448012870	none	699	61605322	512	224	0	699
819	2	5861465454570	none	700	61605322	512	224	0	700
820	3	5861482816170	none	701	61605322	512	224	0	701
821	4	5861500193630	none	702	61605322	512	224	0	702
822	5	5861517639260	none	703	61605322	512	224	0	703
823	6	5861530967480	none	704	61605322	512	224	0	704
824	7	5861548346360	none	705	61605322	512	224	0	705
825	0	5861565802140	none	706	61605322	512	224	0	706
826	1	5861583342660	none	707	61605322	512	224	0	707
827	2	5861600832000	none	708	61605322	512	224	0	708
828	3	5861614172580	none	709	61605322	512	224	0	709
829	4	5861631511450	none	710	61605322	512	224	0	710
830	5	5861648986990	none	711	61605322	512	224	0	711
831	6	5861666316510	none	712	61605322	512	224	0	712
832	7	5861683754450	none	713	61605322	512	224	0	713
833	0	5861697085540	none	714	61605322	512	224	0	714
834	1	5861714550650	none	715	61605322	512	224	0	715
835	2	5861731856080	none	716	61605322	512	224	0	716
836	3	5861749268880	none	717	61605322	512	224	0	717
837	4	5861766753740	none	718	61605322	512	224	0	718
838	5	5861780203970	none	719	61605322	512	224	0	719
839	6	5861797634230	none	720	61605322	512	224	0	720
840	7	5861814981040	none	721	61605322	512	224	0	721
841	0	5861832313560	none	722	61605322	512	224	0	722
842	1	5861849732490	none	723	61605322	512	224	0	723
843	2	5861867100320	none	724	61605322	512	224	0	724
844	3	5861880480310	none	725	61605322	512	224	0	725
845	4	5861897987490	none	726	61605322	512	224	0	726
846	5	5861915451670	none	727	61605322	512	224	0	727
847	6	5861932804770	none	728	61605322	512	224	0	728
848	7	5861950212170	none	729	61605322	512	224	0	729
849	0	5861963540150	none	730	61605322	512	224	0	730
850	1	5861980826670	none	731	61605322	512	224	0	731
851	2	5861998327850	none	732	61605322	512	224	0	732
852	3	5862015681400	none	733	61605322	512	224	0	733
853	4	5862033055900	none	734	61605322	512	224	0	734
854	5	5862046427770	none	735	61605322	512	224	0	735
855	6	5862063878670	none	736	61605322	512	224	0	736
856	7	5862081214660	none	737	61605322	512	224	0	737
857	0	5862098666200	none	738	61605322	512	224	0	738
858	1	5862116018030	none	739	61605322	512	224	0	739
859	2	5862133369700	none	740	61605322	512	224	0	740
860	3	5862146791270	none	741	61605322	512	224	0	741
861	4	5862164253900	none	742	61605322	512	224	0	742
862	5	5862181618310	none	743	61605322	512	224	0	743
863	6	5862198984970	none	744	61605322	512	224	0	744
864	7	5862216384830	none	745	61605322	512	224	0	745
865	0	5862229830760	none	746	61605322	512	224	0	746
866	1	5862247153050	none	747	61605322	512	224	0	747
867	2	5862264630820	none	748	61605322	512	224	0	748
868	3	5862282019750	none	749	61605322	512	224	0	749
869	4	5862299352750	none	750	61605322	512	224	0	750
870	5	5862312956890	none	751	61605322	512	224	0	751
871	6	5862330276690	none	752	61605322	512	224	0	752
872	7	5862347716430	none	753	61605322	512	224	0	753
873	0	5862365143810	none	754	61605322	512	224	0	754
874	1	5862382633980	none	755	61605322	512	224	0	755
875	2	5862395914490	none	756	61605322	512	224	0	756
876	3	5862413305720	none	757	61605322	512	224	0	757
877	4	5862430634300	none	758	61605322	512	224	0	758
878	5	5862447974970	none	759	61605322	512	224	0	759
879	6	5862465515730	none	760	61605322	512	224	0	760
880	7	5862479286800	none	761	61605322	512	224	0	761
881	0	5862497392070	none	762	61605322	512	224	0	762
882	1	5862514662490	none	763	61605322	512	224	0	763
883	2	5862532051870	none	764	61605322	512	224	0	764
884	3	5862549365120	none	765	61605322	512	224	0	765
885	4	5862562971490	none	766	61605322	512	224	0	766
886	5	5862580206560	none	767	61605322	512	224	0	767
887	6	5862597730260	none	768	61605322	512	224	0	768
888	7	5862615137000	none	769	61605322	512	224	0	769
889	0	5862632548830	none	770	61605322	512	224	0	770
890	1	5862646051840	none	771	61605322	512	224	0	771
891	2	5862663345260	none	772	61605322	512	224	0	772
892	3	5862680791010	none	773	61605322	512	224	0	773
893	4	5862698081280	none	774	61605322	512	224	0	774
894	5	5862715469530	none	775	61605322	512	224	0	775
895	6	5862728859320	none	776	61605322	512	224	0	776
896	7	5862746286420	none	777	61605322	512	224	0	777
897	0	5862763697080	none	778	61605322	512	224	0	778
898	1	5862781077220	none	779	9adc7044	512	224	0	779
899	2	5862798329120	none	780	9adc7044	512	224	0	780
900	3	5862815784260	none	781	0d2f0753	512	224	0	781
901	4	5862829249160	none	782	0d2f0753	512	224	0	782
902	5	5862846754070	none	783	1b653f23	512	224	0	783
903	6	5862864208670	none	784	1b653f23	512	224	0	784
904	7	5862881575080	none	785	3cd13afc	512	224	0	785
905	0	5862898939160	none	786	3cd13afc	512	224	0	786
906	1	5862912427180	none	787	d53c161f	512	224	0	787
907	2	5862929803680	none	788	d53c161f	512	224	0	788
908	3	5862947050850	none	789	280e6a29	512	224	0	789
909	4	5862964504880	none	790	280e6a29	512	224	0	790
910	5	5862981834240	none	791	9cf346ec	512	224	0	791
911	6	5862995199000	none	792	9cf346ec	512	224	0	792
912	7	5863012708850	none	793	28bc901e	512	224	0	793
913	0	5863030193560	none	794	28bc901e	512	224	0	794
914	1	5863047544780	none	795	40f3dda2	512	224	0	795
915	2	5863064990630	none	796	40f3dda2	512	224	0	796
916	3	5863078328570	none	797	3e8f7341	512	224	0	797
917	4	5863095829820	none	798	3e8f7341	512	224	0	798
918	5	5863113097970	none	799	f38b070a	512	224	0	799
919	6	5863130466930	none	800	f38b070a	512	224	0	800
920	7	5863147921140	none	801	c41336b8	512	224	0	801
921	0	5863161403170	none	802	c41336b8	512	224	0	802
922	1	5863178895600	none	803	a1f15f00	512	224	0	803
923	2	5863196254470	none	804	a1f15f00	512	224	0	804
924	3	5863213648000	none	805	da20e5ce	512	224	0	805
925	4	5863230921340	none	806	da20e5ce	512	224	0	806
926	5	5863248317980	none	807	02937274	512	224	0	807
927	6	5863261788670	none	808	02937274	512	224	0	808
928	7	5863279255120	none	809	8871254c	512	224	0	809
929	0	5863296765210	none	810	8871254c	512	224	0	810
930	1	5863314239820	none	811	8871254c	512	224	0	811
931	2	5863327666270	none	812	8871254c	512	224	0	812
932	3	5863345127710	none	813	d1e48eab	512	224	0	813
933	4	5863362466720	none	814	d1e48eab	512	224	0	814
934	5	5863379800950	none	815	d1e48eab	512	224	0	815
935	6	5863397045260	none	816	d1e48eab	512	224	0	816
936	7	5863414355110	none	817	d1e48eab	512	224	0	817
937	0	5863427651710	none	818	d1e48eab	512	224	0	818
938	1	5863445146640	none	819	d1e48eab	512	224	0	819
939	2	5863462506960	none	820	d1e48eab	512	224	0	820
940	3	5863479896460	none	821	5e765d28	512	224	0	821
941	4	5863497140570	none	822	5e765d28	512	224	0	822
942	5	5863514646050	none	823	5e765d28	512	224	0	823
943	6	5863528091440	none	824	5e765d28	512	224	0	824
944	7	5863545500220	none	825	48743d9a	512	224	0	825
945	0	5863562924340	none	826	48743d9a	512	224	0	826
946	1	5863580270340	none	827	48743d9a	512	224	0	827
947	2	5863597651990	none	828	48743d9a	512	224	0	828
948	3	5863610953990	none	829	c594ac41	512	224	0	829
949	4	5863628316490	none	830	c594ac41	512	224	0	830
950	5	5863645571860	none	831	c594ac41	512	224	0	831
951	6	5863662877600	none	832	c594ac41	512	224	0	832
952	7	5863680249650	none	833	281a4973	512	224	0	833
953	0	5863697685560	none	834	281a4973	512	224	0	834
954	1	5863711030770	none	835	281a4973	512	224	0	835
955	2	5863728289820	none	836	281a4973	512	224	0	836
956	3	5863745707850	none	837	6e097fa2	512	224	0	837
957	4	5863763004480	none	838	6e097fa2	512	224	0	838
958	5	5863780494770	none	839	6e097fa2	512	224	0	839
959	6	5863793910860	none	840	6e097fa2	512	224	0	840
960	7	5863811350170	none	841	1356c577	512	224	0	841
961	0	5863828858270	none	842	1356c577	512	224	0	842
962	1	5863846235700	none	843	1356c577	512	224	0	843
963	2	5863863702370	none	844	1356c577	512	224	0	844
964	3	5863877005090	none	845	e651c719	512	224	0	845
965	4	5863894320070	none	846	e651c719	512	224	0	846
966	5	5863911531950	none	847	e651c719	512	224	0	847
967	6	5863928871220	none	848	e651c719	512	224	0	848
968	7	5863946372550	none	849	8d650609	512	224	0	849
969	0	5863963839140	none	850	8d650609	512	224	0	850
970	1	5863977035380	none	851	8d650609	512	224	0	851
971	2	5863994337250	none	852	8d650609	512	224	0	852
972	3	5864011762160	none	853	1602a949	512	224	0	853
973	4	5864029167780	none	854	1602a949	512	224	0	854
974	5	5864046504430	none	855	1602a949	512	224	0	855
975	6	5864059923430	none	856	1602a949	512	224	0	856
976	7	5864077175260	none	857	47d2ff79	512	224	0	857
977	0	5864094548650	none	858	47d2ff79	512	224	0	858
978	1	5864112002620	none	859	47d2ff79	512	224	0	859
979	2	5864129299510	none	860	47d2ff79	512	224	0	860
980	3	5864146718640	none	861	7ad73caf	512	224	0	861
981	4	5864160106660	none	862	7ad73caf	512	224	0	862
982	5	5864177444240	none	863	7ad73caf	512	224	0	863
983	6	5864194753870	none	864	7ad73caf	512	224	0	864
984	7	5864212022580	none	865	8926cbc1	512	224	0	865
985	0	5864229366840	none	866	8926cbc1	512	224	0	866
986	1	5864246744510	none	867	8926cbc1	512	224	0	867
987	2	5864260024310	none	868	8926cbc1	512	224	0	868
988	3	5864277286800	none	869	8926cbc1	512	224	0	869
989	4	5864294545670	none	870	8926cbc1	512	224	0	870
990	5	5864312027030	none	871	8926cbc1	512	224	0	871
991	6	5864329310530	none	872	8926cbc1	512	224	0	872
992	7	5864342701420	none	873	a28451c9	512	224	0	873
993	0	5864360112500	none	874	a28451c9	512	224	0	874
994	1	5864377459350	none	875	a28451c9	512	224	0	875
995	2	5864394787990	none	876	a28451c9	512	224	0	876
996	3	5864412141110	none	877	05839b0e	512	224	0	877
997	4	5864429524930	none	878	05839b0e	512	224	0	878
998	5	5864442790360	none	879	05839b0e	512	224	0	879
999	6	5864460141640	none	880	05839b0e	512	224	0	880
1000	7	5864477548880	none	881	05839b0e	512	224	0	881
1001	0	5864495314040	none	882	05839b0e	512	224	0	882
1002	1	5864512956320	none	883	05839b0e	512	224	0	883
1003	2	5864526375790	none	884	05839b0e	512	224	0	884
1004	3	5864543835630	none	885	ad62dfb3	512	224	0	885
1005	4	5864561340690	none	886	ad62dfb3	512	224	0	886
1006	5	5864578714480	none	887	ad62dfb3	512	224	0	887
1007	6	5864596102550	none	888	ad62dfb3	512	224	0	888
1008	7	5864609271900	none	889	2be62f82	512	224	0	889
1009	0	5864626740030	none	890	2be62f82	512	224	0	890
1010	1	5864644164910	none	891	2be62f82	512	224	0	891
1011	2	5864661588040	none	892	2be62f82	512	224	0	892
1012	3	5864678997360	none	893	b3b6306e	512	224	0	893
1013	4	5864692323550	none	894	b3b6306e	512	224	0	894
1014	5	5864709547730	none	895	b3b6306e	512	224	0	895
1015	6	5864726958990	none	896	b3b6306e	512	224	0	896
1016	7	5864744295540	none	897	b3e43ff2	512	224	0	897
1017	0	5864761810630	none	898	b3e43ff2	512	224	0	898
1018	1	5864779235130	none	899	b3e43ff2	512	224	0	899
1019	2	5864792516670	none	900	b3e43ff2	512	224	0	900
1020	3	5864809789440	none	901	b9671d55	512	224	0	901
1021	4	5864827026210	none	902	b9671d55	512	224	0	902
1022	5	5864844492420	none	903	b9671d55	512	224	0	903
1023	6	5864861988860	none	904	b9671d55	512	224	0	904
1024	7	5864875259020	none	905	5c125c6e	512	224	0	905
1025	0	5864892507920	none	906	5c125c6e	512	224	0	906
1026	1	5864909885390	none	907	5c125c6e	512	224	0	907
1027	2	5864927137720	none	908	5c125c6e	512	224	0	908
1028	3	5864944612710	none	909	87021a09	512	224	0	909
1029	4	5864962009160	none	910	87021a09	512	224	0	910
1030	5	5864975425640	none	911	87021a09	512	224	0	911
1031	6	5864992730580	none	912	87021a09	512	224	0	912
1032	7	5865010108040	none	913	cf55afba	512	224	0	913
1033	0	5865027470750	none	914	cf55afba	512	224	0	914
1034	1	5865044863800	none	915	cf55afba	512	224	0	915
1035	2	5865062131420	none	916	cf55afba	512	224	0	916
1036	3	5865075468690	none	917	25144249	512	224	0	917
1037	4	5865092902640	none	918	25144249	512	224	0	918
1038	5	5865110271160	none	919	25144249	512	224	0	919
1039	6	5865127701190	none	920	25144249	512	224	0	920
1040	7	5865145109700	none	921	2525148b	512	224	0	921
1041	0	5865158436090	none	922	2525148b	512	224	0	922
1042	1	5865175866080	none	923	2525148b	512	224	0	923
1043	2	5865193290470	none	924	2525148b	512	224	0	924
1044	3	5865210762390	none	925	2525148b	512	224	0	925
1045	4	5865228052210	none	926	2525148b	512	224	0	926
1046	5	5865241388500	none	927	2525148b	512	224	0	927
1047	6	5865258827490	none	928	2525148b	512	224	0	928
1048	7	5865276189650	none	929	585a011a	512	224	0	929
1049	0	5865293717390	none	930	585a011a	512	224	0	930
1050	1	5865311063420	none	931	585a011a	512	224	0	931
1051	2	5865328300860	none	932	585a011a	512	224	0	932
1052	3	5865341718990	none	933	d4ccf723	512	224	0	933
1053	4	5865359178260	none	934	d4ccf723	512	224	0	934
1054	5	5865376516370	none	935	d4ccf723	512	224	0	935
1055	6	5865393866140	none	936	d4ccf723	512	224	0	936
1056	7	5865411103070	none	937	5dde5b58	512	224	0	937
1057	0	5865424284870	none	938	5dde5b58	512	224	0	938
1058	1	5865441732380	none	939	5dde5b58	512	224	0	939
1059	2	5865459205430	none	940	5dde5b58	512	224	0	940
1060	3	5865476657400	none	941	286a4b55	512	224	0	941
1061	4	5865494011420	none	942	286a4b55	512	224	0	942
1062	5	5865511370680	none	943	286a4b55	512	224	0	943
1063	6	5865524804690	none	944	286a4b55	512	224	0	944
1064	7	5865542032850	none	945	ef330fa3	512	224	0	945
1065	0	5865559510580	none	946	ef330fa3	512	224	0	946
1066	1	5865576969400	none	947	ef330fa3	512	224	0	947
1067	2	5865594294690	none	948	ef330fa3	512	224	0	948
1068	3	5865607608950	none	949	f68dd7c7	512	224	0	949
1069	4	5865624945410	none	950	f68dd7c7	512	224	0	950
1070	5	5865642313040	none	951	f68dd7c7	512	224	0	951
1071	6	5865659630220	none	952	f68dd7c7	512	224	0	952
1072	7	5865677000850	none	953	20f9bd72	512	224	0	953
1073	0	5865690396800	none	954	20f9bd72	512	224	0	954
1074	1	5865707898930	none	955	20f9bd72	512	224	0	955
1075	2	5865725206630	none	956	20f9bd72	512	224	0	956
1076	3	5865742658350	none	957	876f71d4	512	224	0	957
1077	4	5865760004140	none	958	876f71d4	512	224	0	958
1078	5	5865777402290	none	959	876f71d4	512	224	0	959
1079	6	5865790749140	none	960	876f71d4	512	224	0	960
1080	7	5865808033100	none	961	ebd6c06b	512	224	0	961
1081	0	5865825460650	none	962	ebd6c06b	512	224	0	962
1082	1	5865842888610	none	963	ebd6c06b	512	224	0	963
1083	2	5865860241930	none	964	ebd6c06b	512	224	0	964
1084	3	5865873558860	none	965	c68e3232	512	224	0	965
1085	4	5865890802810	none	966	c68e3232	512	224	0	966
1086	5	5865908297270	none	967	c68e3232	512	224	0	967
1087	6	5865925733880	none	968	c68e3232	512	224	0	968
1088	7	5865943019670	none	969	7e46704e	512	224	0	969
1089	0	5865960411290	none	970	7e46704e	512	224	0	970
1090	1	5865973862340	none	971	7e46704e	512	224	0	971
1091	2	5865991310440	none	972	7e46704e	512	224	0	972
1092	3	5866008820880	none	973	3b3c7615	512	224	0	973
1093	4	5866026242890	none	974	3b3c7615	512	224	0	974
1094	5	5866043820420	none	975	3b3c7615	512	224	0	975
1095	6	5866057275320	none	976	3b3c7615	512	224	0	976
1096	7	5866074502990	none	977	3b3c7615	512	224	0	977
1097	0	5866091979790	none	978	3b3c7615	512	224	0	978
1098	1	5866109452130	none	979	3b3c7615	512	224	0	979
1099	2	5866126764410	none	980	3b3c7615	512	224	0	980
1100	3	5866140146640	none	981	96db693b	512	224	0	981
1101	4	5866157552660	none	982	96db693b	512	224	0	982
1102	5	5866174923790	none	983	96db693b	512	224	0	983
1103	6	5866192310890	none	984	96db693b	512	224	0	984
1104	7	5866209530720	none	985	b0bb9b41	512	224	0	985
1105	0	5866222949390	none	986	b0bb9b41	512	224	0	986
1106	1	5866240410390	none	987	b0bb9b41	512	224	0	987
1107	2	5866257897100	none	988	b0bb9b41	512	224	0	988
1108	3	5866275239510	none	989	b0bb9b41	512	224	0	989
1109	4	5866292619060	none	990	b0bb9b41	512	224	0	990
1110	5	5866310077540	none	991	b0bb9b41	512	224	0	991
1111	6	5866323365530	none	992	b0bb9b41	512	224	0	992
1112	7	5866340750660	none	993	b0bb9b41	512	224	0	993
1113	0	5866358093690	none	994	b0bb9b41	512	224	0	994
1114	1	5866375491140	none	995	b0bb9b41	512	224	0	995
1115	2	5866392994630	none	996	b0bb9b41	512	224	0	996
1116	3	5866406373920	none	997	b0bb9b41	512	224	0	997
1117	4	5866423818990	none	998	b0bb9b41	512	224	0	998
1118	5	5866441044700	none	999	b0bb9b41	512	224	0	999
1119	6	5866458277580	none	1000	b0bb9b41	512	224	0	1000
1120	7	5866475700510	none	1001	b0bb9b41	512	224	0	1001
1121	0	5866492989260	none	1002	b0bb9b41	512	224	0	1002
1122	1	5866506335910	none	1003	b0bb9b41	512	224	0	1003
1123	2	5866523837030	none	1004	b0bb9b41	512	224	0	1004
1124	3	5866541309800	none	1005	b0bb9b41	512	224	0	1005
1125	4	5866558790530	none	1006	b0bb9b41	512	224	0	1006
1126	5	5866576163610	none	1007	b0bb9b41	512	224	0	1007
1127	6	5866589526490	none	1008	b0bb9b41	512	224	0	1008
1128	7	5866606983450	none	1009	b0bb9b41	512	224	0	1009
1129	0	5866624326410	none	1010	b0bb9b41	512	224	0	1010
1130	1	5866641918880	none	1011	b0bb9b41	512	224	0	1011
1131	2	5866659271550	none	1012	b0bb9b41	512	224	0	1012
1132	3	5866672672570	none	1013	b0bb9b41	512	224	0	1013
1133	4	5866690082090	none	1014	b0bb9b41	512	224	0	1014
1134	5	5866707532640	none	1015	b0bb9b41	512	224	0	1015
1135	6	5866724919330	none	1016	b0bb9b41	512	224	0	1016
1136	7	5866742165450	none	1017	b0bb9b41	512	224	0	1017
1137	0	5866755445300	none	1018	b0bb9b41	512	224	0	1018
1138	1	5866772870660	none	1019	b0bb9b41	512	224	0	1019
1139	2	5866790216520	none	1020	b0bb9b41	512	224	0	1020
1140	3	5866807719200	none	1021	b0bb9b41	512	224	0	1021
1141	4	5866825081010	none	1022	b0bb9b41	512	224	0	1022
1142	5	5866842531370	none	1023	b0bb9b41	512	224	0	1023
1143	6	5866855740450	none	1024	b0bb9b41	512	224	0	1024
1144	7	5866873010270	none	1025	b0bb9b41	512	224	0	1025
1145	0	5866890446330	none	1026	b0bb9b41	512	224	0	1026
1146	1	5866907857320	none	1027	b0bb9b41	512	224	0	1027
1147	2	5866925178070	none	1028	b0bb9b41	512	224	0	1028
1148	3	5866938502770	none	1029	b0bb9b41	512	224	0	1029
1149	4	5866956006590	none	1030	b0bb9b41	512	224	0	1030
1150	5	5866973263570	none	1031	b0bb9b41	512	224	0	1031
1151	6	5866990703050	none	1032	b0bb9b41	512	224	0	1032
1152	7	5867007984950	none	1033	b0bb9b41	512	224	0	1033
1153	0	5867025418580	none	1034	b0bb9b41	512	224	0	1034
1154	1	5867038637910	none	1035	b0bb9b41	512	224	0	1035
1155	2	5867056002160	none	1036	b0bb9b41	512	224	0	1036
1156	3	5867073351020	none	1037	b0bb9b41	512	224	0	1037
1157	4	5867090815080	none	1038	b0bb9b41	512	224	0	1038
1158	5	5867108267270	none	1039	b0bb9b41	512	224	0	1039
1159	6	5867121701040	none	1040	b0bb9b41	512	224	0	1040
1160	7	5867139161880	none	1041	b0bb9b41	512	224	0	1041
1161	0	5867156497380	none	1042	b0bb9b41	512	224	0	1042
1162	1	5867173858190	none	1043	b0bb9b41	512	224	0	1043
1163	2	5867191315450	none	1044	b0bb9b41	512	224	0	1044
1164	3	5867204633950	none	1045	b0bb9b41	512	224	0	1045
1165	4	5867221981550	none	1046	b0bb9b41	512	224	0	1046
1166	5	5867239284930	none	1047	b0bb9b41	512	224	0	1047
1167	6	5867256697250	none	1048	b0bb9b41	512	224	0	1048
1168	7	5867274029170	none	1049	b0bb9b41	512	224	0	1049
1169	0	5867291376620	none	1050	b0bb9b41	512	224	0	1050
1170	1	5867304756960	none	1051	b0bb9b41	512	224	0	1051
1171	2	5867321985780	none	1052	b0bb9b41	512	224	0	1052
1172	3	5867339462950	none	1053	b0bb9b41	512	224	0	1053
1173	4	5867356975280	none	1054	b0bb9b41	512	224	0	1054
1174	5	5867374391810	none	1055	b0bb9b41	512	224	0	1055
1175	6	5867387680220	none	1056	b0bb9b41	512	224	0	1056
1176	7	5867405068150	none	1057	b0bb9b41	512	224	0	1057
1177	0	5867422520890	none	1058	b0bb9b41	512	224	0	1058
1178	1	5867439878350	none	1059	b0bb9b41	512	224	0	1059
1179	2	5867457149290	none	1060	b0bb9b41	512	224	0	1060
1180	3	5867474538960	none	1061	b0bb9b41	512	224	0	1061
1181	4	5867487900580	none	1062	b0bb9b41	512	224	0	1062
1182	5	5867505435000	none	1063	b0bb9b41	512	224	0	1063
1183	6	5867522954580	none	1064	b0bb9b41	512	224	0	1064
1184	7	5867540459730	none	1065	b0bb9b41	512	224	0	1065
1185	0	5867557873160	none	1066	b0bb9b41	512	224	0	1066
1186	1	5867571176770	none	1067	b0bb9b41	512	224	0	1067
1187	2	5867588566900	none	1068	b0bb9b41	512	224	0	1068
1188	3	5867605825300	none	1069	b0bb9b41	512	224	0	1069
1189	4	5867623237160	none	1070	b0bb9b41	512	224	0	1070
1190	5	5867640501720	none	1071	b0bb9b41	512	224	0	1071
1191	6	5867653850720	none	1072	b0bb9b41	512	224	0	1072
1192	7	5867671294920	none	1073	b0bb9b41	512	224	0	1073
1193	0	5867688688870	none	1074	b0bb9b41	512	224	0	1074
1194	1	5867706101850	none	1075	b0bb9b41	512	224	0	1075
1195	2	5867723321040	none	1076	b0bb9b41	512	224	0	1076
1196	3	5867740708460	none	1077	b0bb9b41	512	224	0	1077
1197	4	5867753951590	none	1078	b0bb9b41	512	224	0	1078
1198	5	5867771322740	none	1079	b0bb9b41	512	224	0	1079
1199	6	5867788800400	none	1080	b0bb9b41	512	224	0	1080
1200	7	5867806145900	none	1081	b0bb9b41	512	224	0	1081
1201	0	5867823594570	none	1082	b0bb9b41	512	224	0	1082
1202	1	5867840822360	none	1083	b0bb9b41	512	224	0	1083
1203	2	5867854219890	none	1084	b0bb9b41	512	224	0	1084
1204	3	5867871539110	none	1085	b0bb9b41	512	224	0	1085
1205	4	5867888879090	none	1086	b0bb9b41	512	224	0	1086
1206	5	5867906315160	none	1087	b0bb9b41	512	224	0	1087
1207	6	5867923805270	none	1088	b0bb9b41	512	224	0	1088
1208	7	5867936981340	none	1089	b0bb9b41	512	224	0	1089
1209	0	5867954296190	none	1090	b0bb9b41	512	224	0	1090
1210	1	5867971637710	none	1091	b0bb9b41	512	224	0	1091
1211	2	5867989117680	none	1092	b0bb9b41	512	224	0	1092
1212	3	5868006452440	none	1093	b0bb9b41	512	224	0	1093
1213	4	5868023893620	none	1094	b0bb9b41	512	224	0	1094
1214	5	5868037254700	none	1095	b0bb9b41	512	224	0	1095
1215	6	5868054570400	none	1096	b0bb9b41	512	224	0	1096
1216	7	5868071958920	none	1097	b0bb9b41	512	224	0	1097
1217	0	5868089244230	none	1098	b0bb9b41	512	224	0	1098
1218	1	5868106627830	none	1099	b0bb9b41	512	224	0	1099
1219	2	5868119918160	none	1100	b0bb9b41	512	224	0	1100
1220	3	5868137299400	none	1101	b0bb9b41	512	224	0	1101
1221	4	5868154518370	none	1102	b0bb9b41	512	224	0	1102
1222	5	5868171962650	none	1103	b0bb9b41	512	224	0	1103
1223	6	5868189342660	none	1104	b0bb9b41	512	224	0	1104
1224	7	5868206711930	none	1105	b0bb9b41	512	224	0	1105
1225	0	5868220111010	none	1106	b0bb9b41	512	224	0	1106
1226	1	5868237554920	none	1107	b0bb9b41	512	224	0	1107
1227	2	5868254899470	none	1108	b0bb9b41	512	224	0	1108
1228	3	5868272383910	none	1109	b0bb9b41	512	224	0	1109
1229	4	5868289771960	none	1110	b0bb9b41	512	224	0	1110
1230	5	5868302954230	none	1111	b0bb9b41	512	224	0	1111
1231	6	5868320382030	none	1112	b0bb9b41	512	224	0	1112
1232	7	5868337864650	none	1113	b0bb9b41	512	224	0	1113
1233	0	5868355200960	none	1114	b0bb9b41	512	224	0	1114
1234	1	5868372646860	none	1115	b0bb9b41	512	224	0	1115
1235	2	5868385996830	none	1116	b0bb9b41	512	224	0	1116
1236	3	5868403282020	none	1117	b0bb9b41	512	224	0	1117
1237	4	5868420499500	none	1118	b0bb9b41	512	224	0	1118
1238	5	5868437857280	none	1119	b0bb9b41	512	224	0	1119
1239	6	5868455220150	none	1120	b0bb9b41	512	224	0	1120
1240	7	5868472741930	none	1121	b0bb9b41	512	224	0	1121
1241	0	5868486163900	none	1122	b0bb9b41	512	224	0	1122
1242	1	5868503779380	none	1123	b0bb9b41	512	224	0	1123
1243	2	5868521158410	none	1124	b0bb9b41	512	224	0	1124
1244	3	5868538467010	none	1125	b0bb9b41	512	224	0	1125
1245	4	5868555735020	none	1126	b0bb9b41	512	224	0	1126
1246	5	5868568983600	none	1127	b0bb9b41	512	224	0	1127
1247	6	5868586367090	none	1128	b0bb9b41	512	224	0	1128
1248	7	5868603794610	none	1129	b0bb9b41	512	224	0	1129
1249	0	5868621303340	none	1130	b0bb9b41	512	224	0	1130
1250	1	5868638756470	none	1131	b0bb9b41	512	224	0	1131
1251	2	5868656133210	none	1132	b0bb9b41	512	224	0	1132
1252	3	5868669483460	none	1133	b0bb9b41	512	224	0	1133
1253	4	5868686893850	none	1134	b0bb9b41	512	224	0	1134
1254	5	5868704242160	none	1135	b0bb9b41	512	224	0	1135
1255	6	5868721618200	none	1136	b0bb9b41	512	224	0	1136
1256	7	5868738956920	none	1137	b0bb9b41	512	224	0	1137
1257	0	5868752244310	none	1138	b0bb9b41	512	224	0	1138
1258	1	5868769487590	none	1139	b0bb9b41	512	224	0	1139
1259	2	5868786915810	none	1140	b0bb9b41	512	224	0	1140
1260	3	5868804261820	none	1141	b0bb9b41	512	224	0	1141
1261	4	5868821868030	none	1142	b0bb9b41	512	224	0	1142
1262	5	5868839278650	none	1143	b0bb9b41	512	224	0	1143
1263	6	5868852939830	none	1144	b0bb9b41	512	224	0	1144
1264	7	5868870372370	none	1145	b0bb9b41	512	224	0	1145
1265	0	5868887692110	none	1146	b0bb9b41	512	224	0	1146
1266	1	5868905083040	none	1147	b0bb9b41	512	224	0	1147
1267	2	5868918385950	none	1148	b0bb9b41	512	224	0	1148
1268	3	5868935708420	none	1149	b0062f9f	512	224	0	1149
1269	4	5868952996860	none	1150	b0062f9f	512	224	0	1150
1270	5	5868970392150	none	1151	b0062f9f	512	224	0	1151
1271	6	5868987830160	none	1152	b0062f9f	512	224	0	1152
1272	7	5869005397660	none	1153	3cdd85ac	512	224	0	1153
1273	0	5869018855010	none	1154	3cdd85ac	512	224	0	1154
1274	1	5869036293720	none	1155	3cdd85ac	512	224	0	1155
1275	2	5869053764130	none	1156	3cdd85ac	512	224	0	1156
1276	3	5869071143800	none	1157	28e3aece	512	224	0	1157
1277	4	5869088548280	none	1158	28e3aece	512	224	0	1158
1278	5	5869101745350	none	1159	28e3aece	512	224	0	1159
1279	6	5869119168280	none	1160	28e3aece	512	224	0	1160
1280	7	5869136585350	none	1161	28e3aece	512	224	0	1161
1281	0	5869153918530	none	1162	28e3aece	512	224	0	1162
1282	1	5869171301500	none	1163	28e3aece	512	224	0	1163
1283	2	5869184725830	none	1164	28e3aece	512	224	0	1164
1284	3	5869201958670	none	1165	0bee970c	512	224	0	1165
1285	4	5869219270490	none	1166	0bee970c	512	224	0	1166
1286	5	5869236647670	none	1167	0bee970c	512	224	0	1167
1287	6	5869254127650	none	1168	0bee970c	512	224	0	1168
1288	7	5869271723590	none	1169	7078fb0f	512	224	0	1169
1289	0	5869285119530	none	1170	7078fb0f	512	224	0	1170
1290	1	5869302545210	none	1171	7078fb0f	512	224	0	1171
1291	2	5869320047390	none	1172	7078fb0f	512	224	0	1172
1292	3	5869337276480	none	1173	d5bbcf1f	512	224	0	1173
1293	4	5869354546790	none	1174	d5bbcf1f	512	224	0	1174
1294	5	5869367900130	none	1175	d5bbcf1f	512	224	0	1175
1295	6	5869385208950	none	1176	d5bbcf1f	512	224	0	1176
1296	7	5869402608660	none	1177	2fda9225	512	224	0	1177
1297	0	5869420034170	none	1178	2fda9225	512	224	0	1178
1298	1	5869437395150	none	1179	2fda9225	512	224	0	1179
1299	2	5869450869330	none	1180	2fda9225	512	224	0	1180
1300	3	5869468258870	none	1181	c5f10c18	512	224	0	1181
1301	4	5869485666550	none	1182	c5f10c18	512	224	0	1182
1302	5	5869502959790	none	1183	c5f10c18	512	224	0	1183
1303	6	5869520339650	none	1184	c5f10c18	512	224	0	1184
1304	7	5869537691320	none	1185	abb7ea10	512	224	0	1185
1305	0	5869551070480	none	1186	abb7ea10	512	224	0	1186
1306	1	5869568302580	none	1187	abb7ea10	512	224	0	1187
1307	2	5869585688190	none	1188	abb7ea10	512	224	0	1188
1308	3	5869602964810	none	1189	abb7ea10	512	224	0	1189
1309	4	5869620426750	none	1190	abb7ea10	512	224	0	1190
1310	5	5869637844270	none	1191	abb7ea10	512	224	0	1191
1311	6	5869651139460	none	1192	abb7ea10	512	224	0	1192
1312	7	5869668511420	none	1193	33c20805	512	224	0	1193
1313	0	5869685763340	none	1194	33c20805	512	224	0	1194
1314	1	5869703057810	none	1195	33c20805	512	224	0	1195
1315	2	5869720377790	none	1196	33c20805	512	224	0	1196
1316	3	5869737742340	none	1197	12e70a61	512	224	0	1197
1317	4	5869751028830	none	1198	12e70a61	512	224	0	1198
1318	5	5869768239120	none	1199	12e70a61	512	224	0	1199
1319	6	5869785656170	none	1200	12e70a61	512	224	0	1200
1320	7	5869802957940	none	1201	9f079bba	512	224	0	1201
1321	0	5869820357360	none	1202	9f079bba	512	224	0	1202
1322	1	5869833770440	none	1203	9f079bba	512	224	0	1203
1323	2	5869851272090	none	1204	9f079bba	512	224	0	1204
1324	3	5869868784720	none	1205	12db35e7	512	224	0	1205
1325	4	5869886165690	none	1206	12db35e7	512	224	0	1206
1326	5	5869903574390	none	1207	12db35e7	512	224	0	1207
1327	6	5869916910460	none	1208	12db35e7	512	224	0	1208
1328	7	5869934233090	none	1209	5f13edbd	512	224	0	1209
1329	0	5869951618810	none	1210	5f13edbd	512	224	0	1210
1330	1	5869968939100	none	1211	5f13edbd	512	224	0	1211
1331	2	5869986300680	none	1212	5f13edbd	512	224	0	1212
1332	3	5870003857560	none	1213	224c5768	512	224	0	1213
1333	4	5870017231830	none	1214	224c5768	512	224	0	1214
1334	5	5870034548250	none	1215	224c5768	512	224	0	1215
1335	6	5870051956980	none	1216	224c5768	512	224	0	1216
1336	7	5870069441500	none	1217	4b0a7192	512	224	0	1217
1337	0	5870086752330	none	1218	4b0a7192	512	224	0	1218
1338	1	5870100045280	none	1219	4b0a7192	512	224	0	1219
1339	2	5870117492910	none	1220	4b0a7192	512	224	0	1220
1340	3	5870134849260	none	1221	02bd935d	512	224	0	1221
1341	4	5870152305080	none	1222	02bd935d	512	224	0	1222
1342	5	5870169549770	none	1223	02bd935d	512	224	0	1223
1343	6	5870186957100	none	1224	02bd935d	512	224	0	1224
1344	7	5870200212330	none	1225	3c3f3262	512	224	0	1225
1345	0	5870217658060	none	1226	3c3f3262	512	224	0	1226
1346	1	5870235015330	none	1227	3c3f3262	512	224	0	1227
1347	2	5870252351060	none	1228	3c3f3262	512	224	0	1228
1348	3	5870269723570	none	1229	3f145076	512	224	0	1229
1349	4	5870283160760	none	1230	3f145076	512	224	0	1230
1350	5	5870300670530	none	1231	3f145076	512	224	0	1231
1351	6	5870317958660	none	1232	3f145076	512	224	0	1232
1352	7	5870335404760	none	1233	b238e8f1	512	224	0	1233
1353	0	5870352894520	none	1234	b238e8f1	512	224	0	1234
1354	1	5870366291310	none	1235	b238e8f1	512	224	0	1235
1355	2	5870383771330	none	1236	b238e8f1	512	224	0	1236
1356	3	5870401282150	none	1237	e207049b	512	224	0	1237
1357	4	5870418767340	none	1238	e207049b	512	224	0	1238
1358	5	5870436152880	none	1239	e207049b	512	224	0	1239
1359	6	5870449520960	none	1240	e207049b	512	224	0	1240
1360	7	5870467023320	none	1241	c98598d0	512	224	0	1241
1361	0	5870484458790	none	1242	c98598d0	512	224	0	1242
1362	1	5870501899630	none	1243	c98598d0	512	224	0	1243
1363	2	5870519228290	none	1244	c98598d0	512	224	0	1244
1364	3	5870532559610	none	1245	5f872ec6	512	224	0	1245
1365	4	5870550036050	none	1246	5f872ec6	512	224	0	1246
1366	5	5870567523570	none	1247	5f872ec6	512	224	0	1247
1367	6	5870584873900	none	1248	5f872ec6	512	224	0	1248
1368	7	5870602356690	none	1249	639a633b	512	224	0	1249
1369	0	5870615698430	none	1250	639a633b	512	224	0	1250
1370	1	5870632968340	none	1251	639a633b	512	224	0	1251
1371	2	5870650423700	none	1252	639a633b	512	224	0	1252
1372	3	5870667810330	none	1253	639a633b	512	224	0	1253
1373	4	5870685174460	none	1254	639a633b	512	224	0	1254
1374	5	5870702541270	none	1255	639a633b	512	224	0	1255
1375	6	5870715854690	none	1256	639a633b	512	224	0	1256
1376	7	5870733347580	none	1257	4ade5564	512	224	0	1257
1377	0	5870750694430	none	1258	4ade5564	512	224	0	1258
1378	1	5870768002170	none	1259	4ade5564	512	224	0	1259
1379	2	5870785389040	none	1260	4ade5564	512	224	0	1260
1380	3	5870798769950	none	1261	568e3e63	512	224	0	1261
1381	4	5870816202920	none	1262	568e3e63	512	224	0	1262
1382	5	5870833727880	none	1263	568e3e63	512	224	0	1263
1383	6	5870851127330	none	1264	568e3e63	512	224	0	1264
1384	7	5870868631280	none	1265	6a47fdc2	512	224	0	1265
1385	0	5870882036160	none	1266	6a47fdc2	512	224	0	1266
1386	1	5870899437800	none	1267	6a47fdc2	512	224	0	1267
1387	2	5870916931080	none	1268	6a47fdc2	512	224	0	1268
1388	3	5870934403240	none	1269	818f9f3c	512	224	0	1269
1389	4	5870951853920	none	1270	818f9f3c	512	224	0	1270
1390	5	5870965160930	none	1271	818f9f3c	512	224	0	1271
1391	6	5870982516730	none	1272	818f9f3c	512	224	0	1272
1392	7	5870999929550	none	1273	818f9f3c	512	224	0	1273
1393	0	5871017354180	none	1274	818f9f3c	512	224	0	1274
1394	1	5871034839260	none	1275	818f9f3c	512	224	0	1275
1395	2	5871052233530	none	1276	818f9f3c	512	224	0	1276
1396	3	5871065496800	none	1277	d8e85988	512	224	0	1277
1397	4	5871082865830	none	1278	d8e85988	512	224	0	1278
1398	5	5871100342320	none	1279	d8e85988	512	224	0	1279
1399	6	5871117679690	none	1280	d8e85988	512	224	0	1280
1400	7	5871135154210	none	1281	d65b19ce	512	224	0	1281
1401	0	5871148599540	none	1282	d65b19ce	512	224	0	1282
1402	1	5871165956240	none	1283	d65b19ce	512	224	0	1283
1403	2	5871183315560	none	1284	d65b19ce	512	224	0	1284
1404	3	5871200752100	none	1285	56adaabe	512	224	0	1285
1405	4	5871218188780	none	1286	56adaabe	512	224	0	1286
1406	5	5871231625080	none	1287	56adaabe	512	224	0	1287
1407	6	5871249055510	none	1288	56adaabe	512	224	0	1288
1408	7	5871266544780	none	1289	f500f21f	512	224	0	1289
1409	0	5871284049350	none	1290	f500f21f	512	224	0	1290
1410	1	5871301373900	none	1291	f500f21f	512	224	0	1291
1411	2	5871314557250	none	1292	f500f21f	512	224	0	1292
1412	3	5871331912280	none	1293	178d92e8	512	224	0	1293
1413	4	5871349227630	none	1294	178d92e8	512	224	0	1294
1414	5	5871366705250	none	1295	178d92e8	512	224	0	1295
1415	6	5871384192300	none	1296	178d92e8	512	224	0	1296
1416	7	5871401671050	none	1297	178d92e8	512	224	0	1297
1417	0	5871415051810	none	1298	178d92e8	512	224	0	1298
1418	1	5871432331340	none	1299	178d92e8	512	224	0	1299
1419	2	5871449804420	none	1300	178d92e8	512	224	0	1300
1420	3	5871467217330	none	1301	fea4a0d8	512	224	0	1301
1421	4	5871484708230	none	1302	fea4a0d8	512	224	0	1302
1422	5	5871497896420	none	1303	fea4a0d8	512	224	0	1303
1423	6	5871515375310	none	1304	fea4a0d8	512	224	0	1304
1424	7	5871532860800	none	1305	928f7799	512	224	0	1305
1425	0	5871550177330	none	1306	928f7799	512	224	0	1306
1426	1	5871567611970	none	1307	928f7799	512	224	0	1307
1427	2	5871580949980	none	1308	928f7799	512	224	0	1308
1428	3	5871598229390	none	1309	bbba122c	512	224	0	1309
1429	4	5871615710940	none	1310	bbba122c	512	224	0	1310
1430	5	5871633205580	none	1311	bbba122c	512	224	0	1311
1431	6	5871650667390	none	1312	bbba122c	512	224	0	1312
1432	7	5871663912880	none	1313	ded07e0c	512	224	0	1313
1433	0	5871681340440	none	1314	ded07e0c	512	224	0	1314
1434	1	5871698755460	none	1315	ded07e0c	512	224	0	1315
1435	2	5871716233760	none	1316	ded07e0c	512	224	0	1316
1436	3	5871733738310	none	1317	69b65770	512	224	0	1317
1437	4	5871751110940	none	1318	69b65770	512	224	0	1318
1438	5	5871764466490	none	1319	69b65770	512	224	0	1319
1439	6	5871781902610	none	1320	69b65770	512	224	0	1320
1440	7	5871799251780	none	1321	69b65770	512	224	0	1321
1441	0	5871816879750	none	1322	69b65770	512	224	0	1322
1442	1	5871834225040	none	1323	69b65770	512	224	0	1323
1443	2	5871847565050	none	1324	69b65770	512	224	0	1324
1444	3	5871865006180	none	1325	2c8c7eaf	512	224	0	1325
1445	4	5871882357650	none	1326	2c8c7eaf	512	224	0	1326
1446	5	5871899764680	none	1327	2c8c7eaf	512	224	0	1327
1447	6	5871917033990	none	1328	2c8c7eaf	512	224	0	1328
1448	7	5871930369320	none	1329	15835602	512	224	0	1329
1449	0	5871947799390	none	1330	15835602	512	224	0	1330
1450	1	5871965270730	none	1331	15835602	512	224	0	1331
1451	2	5871982596540	none	1332	15835602	512	224	0	1332
1452	3	5872000018390	none	1333	1a7dd2c3	512	224	0	1333
1453	4	5872013418300	none	1334	1a7dd2c3	512	224	0	1334
1454	5	5872030675670	none	1335	1a7dd2c3	512	224	0	1335
1455	6	5872047984110	none	1336	1a7dd2c3	512	224	0	1336
1456	7	5872065353140	none	1337	9cc5b64f	512	224	0	1337
1457	0	5872082800580	none	1338	9cc5b64f	512	224	0	1338
1458	1	5872100316690	none	1339	9cc5b64f	512	224	0	1339
1459	2	5872113739580	none	1340	9cc5b64f	512	224	0	1340
1460	3	5872131096920	none	1341	a1d4e6f8	512	224	0	1341
1461	4	5872148503190	none	1342	a1d4e6f8	512	224	0	1342
1462	5	5872165742680	none	1343	a1d4e6f8	512	224	0	1343
1463	6	5872183210100	none	1344	a1d4e6f8	512	224	0	1344
1464	7	5872196619750	none	1345	43e6b2c7	512	224	0	1345
1465	0	5872214077600	none	1346	43e6b2c7	512	224	0	1346
1466	1	5872231408470	none	1347	43e6b2c7	512	224	0	1347
1467	2	5872248767890	none	1348	43e6b2c7	512	224	0	1348
1468	3	5872266222020	none	1349	99a52960	512	224	0	1349
1469	4	5872279715950	none	1350	99a52960	512	224	0	1350
1470	5	5872296942430	none	1351	99a52960	512	224	0	1351
1471	6	5872314391260	none	1352	99a52960	512	224	0	1352
1472	7	5872331904480	none	1353	183bffe1	512	224	0	1353
1473	0	5872349354590	none	1354	183bffe1	512	224	0	1354
1474	1	5872362820170	none	1355	183bffe1	512	224	0	1355
1475	2	5872380238810	none	1356	183bffe1	512	224	0	1356
1476	3	5872397598540	none	1357	12b4da5e	512	224	0	1357
1477	4	5872415002120	none	1358	12b4da5e	512	224	0	1358
1478	5	5872432478430	none	1359	12b4da5e	512	224	0	1359
1479	6	5872449908140	none	1360	12b4da5e	512	224	0	1360
1480	7	5872463339070	none	1361	12b4da5e	512	224	0	1361
1481	0	5872480686730	none	1362	12b4da5e	512	224	0	1362
1482	1	5872497979090	none	1363	12b4da5e	512	224	0	1363
1483	2	5872515411670	none	1364	12b4da5e	512	224	0	1364
1484	3	5872532824870	none	1365	12b4da5e	512	224	0	1365
1485	4	5872546347220	none	1366	12b4da5e	512	224	0	1366
1486	5	5872563815890	none	1367	12b4da5e	512	224	0	1367
1487	6	5872581293030	none	1368	12b4da5e	512	224	0	1368
1488	7	5872598712010	none	1369	12b4da5e	512	224	0	1369
1489	0	5872616093850	none	1370	12b4da5e	512	224	0	1370
1490	1	5872629500230	none	1371	12b4da5e	512	224	0	1371
1491	2	5872646870930	none	1372	12b4da5e	512	224	0	1372
1492	3	5872664220050	none	1373	12b4da5e	512	224	0	1373
1493	4	5872681632650	none	1374	12b4da5e	512	224	0	1374
1494	5	5872699093410	none	1375	12b4da5e	512	224	0	1375
1495	6	5872712518360	none	1376	12b4da5e	512	224	0	1376
1496	7	5872730063200	none	1377	12b4da5e	512	224	0	1377
1497	0	5872747405670	none	1378	12b4da5e	512	224	0	1378
1498	1	5872764777870	none	1379	12b4da5e	512	224	0	1379
1499	2	5872782015850	none	1380	12b4da5e	512	224	0	1380
1500	3	5872795348430	none	1381	12b4da5e	512	224	0	1381
1501	4	5872812754040	none	1382	12b4da5e	512	224	0	1382
1502	5	5872830118820	none	1383	12b4da5e	512	224	0	1383
1503	6	5872847476760	none	1384	12b4da5e	512	224	0	1384
1504	7	5872864804320	none	1385	12b4da5e	512	224	0	1385
1505	0	5872882045210	none	1386	12b4da5e	512	224	0	1386
1506	1	5872895403280	none	1387	12b4da5e	512	224	0	1387
1507	2	5872912825480	none	1388	12b4da5e	512	224	0	1388
1508	3	5872930160580	none	1389	12b4da5e	512	224	0	1389
1509	4	5872947536880	none	1390	12b4da5e	512	224	0	1390
1510	5	5872964959030	none	1391	12b4da5e	512	224	0	1391
1511	6	5872982320930	none	1392	12b4da5e	512	224	0	1392
1512	7	5872995561940	none	1393	12b4da5e	512	224	0	1393
1513	0	5873012861460	none	1394	12b4da5e	512	224	0	1394
1514	1	5873030330200	none	1395	12b4da5e	512	224	0	1395
1515	2	5873047773170	none	1396	12b4da5e	512	224	0	1396
1516	3	5873065159730	none	1397	12b4da5e	512	224	0	1397
1517	4	5873078485840	none	1398	12b4da5e	512	224	0	1398
1518	5	5873095793060	none	1399	12b4da5e	512	224	0	1399
1519	6	5873113293230	none	1400	12b4da5e	512	224	0	1400
1520	7	5873130673860	none	1401	12b4da5e	512	224	0	1401
1521	0	5873147974460	none	1402	12b4da5e	512	224	0	1402
1522	1	5873165355970	none	1403	12b4da5e	512	224	0	1403
1523	2	5873178567550	none	1404	12b4da5e	512	224	0	1404
1524	3	5873195961000	none	1405	12b4da5e	512	224	0	1405
1525	4	5873213176560	none	1406	12b4da5e	512	224	0	1406
1526	5	5873230655710	none	1407	12b4da5e	512	224	0	1407
1527	6	5873247974530	none	1408	12b4da5e	512	224	0	1408
1528	7	5873261336850	none	1409	12b4da5e	512	224	0	1409
1529	0	5873278776280	none	1410	12b4da5e	512	224	0	1410
1530	1	5873296230270	none	1411	12b4da5e	512	224	0	1411
1531	2	5873313604970	none	1412	12b4da5e	512	224	0	1412
1532	3	5873330978320	none	1413	12b4da5e	512	224	0	1413
1533	4	5873348205160	none	1414	12b4da5e	512	224	0	1414
1534	5	5873361580740	none	1415	12b4da5e	512	224	0	1415
1535	6	5873379154330	none	1416	12b4da5e	512	224	0	1416
1536	7	5873396634100	none	1417	12b4da5e	512	224	0	1417
1537	0	5873413966620	none	1418	12b4da5e	512	224	0	1418
1538	1	5873431335200	none	1419	12b4da5e	512	224	0	1419
1539	2	5873444682380	none	1420	12b4da5e	512	224	0	1420
1540	3	5873461954230	none	1421	12b4da5e	512	224	0	1421
1541	4	5873479423630	none	1422	12b4da5e	512	224	0	1422
1542	5	5873496847650	none	1423	12b4da5e	512	224	0	1423
1543	6	5873514178350	none	1424	12b4da5e	512	224	0	1424
1544	7	5873527485080	none	1425	12b4da5e	512	224	0	1425
1545	0	5873544831640	none	1426	12b4da5e	512	224	0	1426
1546	1	5873562291860	none	1427	12b4da5e	512	224	0	1427
1547	2	5873579727490	none	1428	12b4da5e	512	224	0	1428
1548	3	5873596981800	none	1429	12b4da5e	512	224	0	1429
1549	4	5873614403300	none	1430	12b4da5e	512	224	0	1430
1550	5	5873627657910	none	1431	12b4da5e	512	224	0	1431
1551	6	5873644996000	none	1432	12b4da5e	512	224	0	1432
1552	7	5873662190190	none	1433	12b4da5e	512	224	0	1433
1553	0	5873679673370	none	1434	12b4da5e	512	224	0	1434
1554	1	5873696900030	none	1435	12b4da5e	512	224	0	1435
1555	2	5873714203590	none	1436	12b4da5e	512	224	0	1436
1556	3	5873727523300	none	1437	12b4da5e	512	224	0	1437
1557	4	5873744993270	none	1438	12b4da5e	512	224	0	1438
1558	5	5873762442130	none	1439	12b4da5e	512	224	0	1439
1559	6	5873779722350	none	1440	12b4da5e	512	224	0	1440
1560	7	5873797027700	none	1441	12b4da5e	512	224	0	1441
1561	0	5873814389180	none	1442	12b4da5e	512	224	0	1442
1562	1	5873827784890	none	1443	12b4da5e	512	224	0	1443
1563	2	5873845147850	none	1444	12b4da5e	512	224	0	1444
1564	3	5873862513350	none	1445	12b4da5e	512	224	0	1445
1565	4	5873879745080	none	1446	12b4da5e	512	224	0	1446
1566	5	5873897025630	none	1447	12b4da5e	512	224	0	1447
1567	6	5873910290630	none	1448	12b4da5e	512	224	0	1448
1568	7	5873927621450	none	1449	12b4da5e	512	224	0	1449
1569	0	5873944993890	none	1450	12b4da5e	512	224	0	1450
1570	1	5873962218570	none	1451	12b4da5e	512	224	0	1451
1571	2	5873979457670	none	1452	12b4da5e	512	224	0	1452
1572	3	5873996878370	none	1453	12b4da5e	512	224	0	1453
1573	4	5874010140210	none	1454	12b4da5e	512	224	0	1454
1574	5	5874027521800	none	1455	12b4da5e	512	224	0	1455
1575	6	5874044958600	none	1456	12b4da5e	512	224	0	1456
1576	7	5874062457210	none	1457	12b4da5e	512	224	0	1457
1577	0	5874079722840	none	1458	12b4da5e	512	224	0	1458
1578	1	5874096981530	none	1459	12b4da5e	512	224	0	1459
1579	2	5874110165550	none	1460	12b4da5e	512	224	0	1460
1580	3	5874127527430	none	1461	12b4da5e	512	224	0	1461
1581	4	5874144943650	none	1462	12b4da5e	512	224	0	1462
1582	5	5874162325770	none	1463	12b4da5e	512	224	0	1463
1583	6	5874179689030	none	1464	12b4da5e	512	224	0	1464
1584	7	5874193156640	none	1465	12b4da5e	512	224	0	1465
1585	0	5874210616670	none	1466	12b4da5e	512	224	0	1466
1586	1	5874227931990	none	1467	12b4da5e	512	224	0	1467
1587	2	5874245304620	none	1468	12b4da5e	512	224	0	1468
1588	3	5874262557440	none	1469	12b4da5e	512	224	0	1469
1589	4	5874279984770	none	1470	12b4da5e	512	224	0	1470
1590	5	5874293417220	none	1471	12b4da5e	512	224	0	1471
1591	6	5874310654280	none	1472	12b4da5e	512	224	0	1472
1592	7	5874327985660	none	1473	12b4da5e	512	224	0	1473
1593	0	5874345313360	none	1474	12b4da5e	512	224	0	1474
1594	1	5874362804720	none	1475	12b4da5e	512	224	0	1475
1595	2	5874380055200	none	1476	12b4da5e	512	224	0	1476
1596	3	5874393430980	none	1477	12b4da5e	512	224	0	1477
1597	4	5874410678330	none	1478	12b4da5e	512	224	0	1478
1598	5	5874427968380	none	1479	12b4da5e	512	224	0	1479
1599	6	5874445297610	none	1480	12b4da5e	512	224	0	1480
1600	7	5874462798070	none	1481	12b4da5e	512	224	0	1481
1601	0	5874476067820	none	1482	12b4da5e	512	224	0	1482
1602	1	5874493421420	none	1483	12b4da5e	512	224	0	1483
1603	2	5874510775420	none	1484	12b4da5e	512	224	0	1484
1604	3	5874528200490	none	1485	12b4da5e	512	224	0	1485
1605	4	5874546061020	none	1486	12b4da5e	512	224	0	1486
1606	5	5874559432140	none	1487	12b4da5e	512	224	0	1487
1607	6	5874576899240	none	1488	12b4da5e	512	224	0	1488
1608	7	5874594406220	none	1489	12b4da5e	512	224	0	1489
1609	0	5874611938140	none	1490	12b4da5e	512	224	0	1490
1610	1	5874629498010	none	1491	12b4da5e	512	224	0	1491
1611	2	5874642846090	none	1492	12b4da5e	512	224	0	1492
1612	3	5874660179720	none	1493	12b4da5e	512	224	0	1493
1613	4	5874677550260	none	1494	12b4da5e	512	224	0	1494
1614	5	5874694893450	none	1495	12b4da5e	512	224	0	1495
1615	6	5874712302210	none	1496	12b4da5e	512	224	0	1496
1616	7	5874725629260	none	1497	12b4da5e	512	224	0	1497
1617	0	5874742932950	none	1498	12b4da5e	512	224	0	1498
1618	1	5874760253150	none	1499	12b4da5e	512	224	0	1499
1619	2	5874777765300	none	1500	12b4da5e	512	224	0	1500
1620	3	5874795101190	none	1501	12b4da5e	512	224	0	1501
1621	4	5874812462810	none	1502	12b4da5e	512	224	0	1502
1622	5	5874825794390	none	1503	12b4da5e	512	224	0	1503
1623	6	5874843241460	none	1504	12b4da5e	512	224	0	1504
1624	7	5874860612670	none	1505	12b4da5e	512	224	0	1505
1625	0	5874877920350	none	1506	12b4da5e	512	224	0	1506
1626	1	5874895306090	none	1507	12b4da5e	512	224	0	1507
1627	2	5874908713670	none	1508	12b4da5e	512	224	0	1508
1628	3	5874926210620	none	1509	12b4da5e	512	224	0	1509
1629	4	5874943707350	none	1510	12b4da5e	512	224	0	1510
1630	5	5874961054340	none	1511	12b4da5e	512	224	0	1511
1631	6	5874978469400	none	1512	12b4da5e	512	224	0	1512
1632	7	5874995761480	none	1513	12b4da5e	512	224	0	1513
1633	0	5875009128580	none	1514	12b4da5e	512	224	0	1514
1634	1	5875026482780	none	1515	12b4da5e	512	224	0	1515
1635	2	5875043822250	none	1516	12b4da5e	512	224	0	1516
1636	3	5875061198280	none	1517	12b4da5e	512	224	0	1517
1637	4	5875078604380	none	1518	12b4da5e	512	224	0	1518
1638	5	5875091925240	none	1519	12b4da5e	512	224	0	1519
1639	6	5875109332100	none	1520	12b4da5e	512	224	0	1520
1640	7	5875126739720	none	1521	6a388534	512	224	0	1521
1641	0	5875144169680	none	1522	6a388534	512	224	0	1522
1642	1	5875161535570	none	1523	6a388534	512	224	0	1523
1643	2	5875175036030	none	1524	6a388534	512	224	0	1524
1644	3	5875192442020	none	1525	6a388534	512	224	0	1525
1645	4	5875209803480	none	1526	6a388534	512	224	0	1526
1646	5	5875227182280	none	1527	6a388534	512	224	0	1527
1647	6	5875244467450	none	1528	6a388534	512	224	0	1528
1648	7	5875261867950	none	1529	6450cbfe	512	224	0	1529
1649	0	5875275098800	none	1530	6450cbfe	512	224	0	1530
1650	1	5875292468640	none	1531	6450cbfe	512	224	0	1531
1651	2	5875309828720	none	1532	6450cbfe	512	224	0	1532
1652	3	5875327208700	none	1533	faa4c9cc	512	224	0	1533
1653	4	5875344660520	none	1534	faa4c9cc	512	224	0	1534
1654	5	5875357869750	none	1535	faa4c9cc	512	224	0	1535
1655	6	5875375288610	none	1536	faa4c9cc	512	224	0	1536
1656	7	5875392758200	none	1537	95704327	512	224	0	1537
1657	0	5875410038250	none	1538	95704327	512	224	0	1538
1658	1	5875427442010	none	1539	95704327	512	224	0	1539
1659	2	5875444850070	none	1540	95704327	512	224	0	1540
1660	3	5875458028220	none	1541	95704327	512	224	0	1541
1661	4	5875475326840	none	1542	95704327	512	224	0	1542
1662	5	5875492776580	none	1543	95704327	512	224	0	1543
1663	6	5875510119010	none	1544	95704327	512	224	0	1544
1664	7	5875527592970	none	1545	bf6b32e2	512	224	0	1545
1665	0	5875544851330	none	1546	bf6b32e2	512	224	0	1546
1666	1	5875558065660	none	1547	bf6b32e2	512	224	0	1547
1667	2	5875575421180	none	1548	bf6b32e2	512	224	0	1548
1668	3	5875592754530	none	1549	450a6fd8	512	224	0	1549
1669	4	5875610079890	none	1550	450a6fd8	512	224	0	1550
1670	5	5875627467750	none	1551	450a6fd8	512	224	0	1551
1671	6	5875640736970	none	1552	450a6fd8	512	224	0	1552
1672	7	5875658076060	none	1553	36852f99	512	224	0	1553
1673	0	5875675410710	none	1554	36852f99	512	224	0	1554
1674	1	5875692796050	none	1555	36852f99	512	224	0	1555
1675	2	5875710034730	none	1556	36852f99	512	224	0	1556
1676	3	5875727452840	none	1557	36852f99	512	224	0	1557
1677	4	5875740777840	none	1558	36852f99	512	224	0	1558
1678	5	5875758250330	none	1559	36852f99	512	224	0	1559
1679	6	5875775609960	none	1560	36852f99	512	224	0	1560
1680	7	5875793178690	none	1561	eccd2a28	512	224	0	1561
1681	0	5875810655070	none	1562	eccd2a28	512	224	0	1562
1682	1	5875823920600	none	1563	eccd2a28	512	224	0	1563
1683	2	5875841247930	none	1564	eccd2a28	512	224	0	1564
1684	3	5875858682790	none	1565	12e72ab9	512	224	0	1565
1685	4	5875876052430	none	1566	12e72ab9	512	224	0	1566
1686	5	5875893562380	none	1567	12e72ab9	512	224	0	1567
1687	6	5875906924490	none	1568	12e72ab9	512	224	0	1568
1688	7	5875924321150	none	1569	c26246b0	512	224	0	1569
1689	0	5875941671930	none	1570	c26246b0	512	224	0	1570
1690	1	5875959030800	none	1571	c26246b0	512	224	0	1571
1691	2	5875976467410	none	1572	c26246b0	512	224	0	1572
1692	3	5875993872260	none	1573	24ede5be	512	224	0	1573
1693	4	5876007119420	none	1574	24ede5be	512	224	0	1574
1694	5	5876024497330	none	1575	24ede5be	512	224	0	1575
1695	6	5876041910230	none	1576	24ede5be	512	224	0	1576
1696	7	5876059342200	none	1577	24ede5be	512	224	0	1577
1697	0	5876076660900	none	1578	24ede5be	512	224	0	1578
1698	1	5876093962870	none	1579	24ede5be	512	224	0	1579
1699	2	5876107242970	none	1580	24ede5be	512	224	0	1580
1700	3	5876124735850	none	1581	a3b9c50f	512	224	0	1581
1701	4	5876142275190	none	1582	a3b9c50f	512	224	0	1582
1702	5	5876159666640	none	1583	a3b9c50f	512	224	0	1583
1703	6	5876176931530	none	1584	a3b9c50f	512	224	0	1584
1704	7	5876190264650	none	1585	1e81ae15	512	224	0	1585
1705	0	5876207627580	none	1586	1e81ae15	512	224	0	1586
1706	1	5876225052580	none	1587	1e81ae15	512	224	0	1587
1707	2	5876242518590	none	1588	1e81ae15	512	224	0	1588
1708	3	5876259869950	none	1589	787145aa	512	224	0	1589
1709	4	5876273125840	none	1590	787145aa	512	224	0	1590
1710	5	5876290561530	none	1591	787145aa	512	224	0	1591
1711	6	5876307866720	none	1592	787145aa	512	224	0	1592
1712	7	5876325260030	none	1593	787145aa	512	224	0	1593
1713	0	5876342775690	none	1594	787145aa	512	224	0	1594
1714	1	5876360104300	none	1595	787145aa	512	224	0	1595
1715	2	5876373457240	none	1596	787145aa	512	224	0	1596
1716	3	5876390693430	none	1597	60dd8153	512	224	0	1597
1717	4	5876408060410	none	1598	60dd8153	512	224	0	1598
1718	5	5876425369660	none	1599	60dd8153	512	224	0	1599
1719	6	5876442683920	none	1600	60dd8153	512	224	0	1600
1720	7	5876456073150	none	1601	000e3502	512	224	0	1601
1721	0	5876473508660	none	1602	000e3502	512	224	0	1602
1722	1	5876490750960	none	1603	000e3502	512	224	0	1603
1723	2	5876508122900	none	1604	000e3502	512	224	0	1604
1724	3	5876525561020	none	1605	8d228d85	512	224	0	1605
1725	4	5876542837970	none	1606	8d228d85	512	224	0	1606
1726	5	5876556114790	none	1607	8d228d85	512	224	0	1607
1727	6	5876573506340	none	1608	8d228d85	512	224	0	1608
1728	7	5876590978760	none	1609	40796660	512	224	0	1609
1729	0	5876608245080	none	1610	40796660	512	224	0	1610
1730	1	5876625756460	none	1611	40796660	512	224	0	1611
1731	2	5876643040260	none	1612	40796660	512	224	0	1612
1732	3	5876656296370	none	1613	22d2cad3	512	224	0	1613
1733	4	5876673711080	none	1614	22d2cad3	512	224	0	1614
1734	5	5876691194590	none	1615	22d2cad3	512	224	0	1615
1735	6	5876708710940	none	1616	22d2cad3	512	224	0	1616
1736	7	5876726115870	none	1617	7602efdc	512	224	0	1617
1737	0	5876739523100	none	1618	7602efdc	512	224	0	1618
1738	1	5876756919190	none	1619	7602efdc	512	224	0	1619
1739	2	5876774224290	none	1620	7602efdc	512	224	0	1620
1740	3	5876791596860	none	1621	85f318b2	512	224	0	1621
1741	4	5876808955170	none	1622	85f318b2	512	224	0	1622
1742	5	5876822294700	none	1623	85f318b2	512	224	0	1623
1743	6	5876839679070	none	1624	85f318b2	512	224	0	1624
1744	7	5876856929250	none	1625	85f318b2	512	224	0	1625
1745	0	5876874228280	none	1626	85f318b2	512	224	0	1626
1746	1	5876891619780	none	1627	85f318b2	512	224	0	1627
1747	2	5876909069800	none	1628	85f318b2	512	224	0	1628
1748	3	5876922457260	none	1629	cac351e0	512	224	0	1629
1749	4	5876939904150	none	1630	cac351e0	512	224	0	1630
1750	5	5876957252910	none	1631	cac351e0	512	224	0	1631
1751	6	5876974672530	none	1632	cac351e0	512	224	0	1632
1752	7	5876992026720	none	1633	5437e791	512	224	0	1633
1753	0	5877005336010	none	1634	5437e791	512	224	0	1634
1754	1	5877022671930	none	1635	5437e791	512	224	0	1635
1755	2	5877040182590	none	1636	5437e791	512	224	0	1636
1756	3	5877057655340	none	1637	ec30dede	512	224	0	1637
1757	4	5877075026080	none	1638	ec30dede	512	224	0	1638
1758	5	5877092249150	none	1639	ec30dede	512	224	0	1639
1759	6	5877105605130	none	1640	ec30dede	512	224	0	1640
1760	7	5877122944620	none	1641	07f8bc20	512	224	0	1641
1761	0	5877140550300	none	1642	07f8bc20	512	224	0	1642
1762	1	5877157848250	none	1643	07f8bc20	512	224	0	1643
1763	2	5877175266670	none	1644	07f8bc20	512	224	0	1644
1764	3	5877188744590	none	1645	6b8c91f3	512	224	0	1645
1765	4	5877206123120	none	1646	6b8c91f3	512	224	0	1646
1766	5	5877223603700	none	1647	6b8c91f3	512	224	0	1647
1767	6	5877241033910	none	1648	6b8c91f3	512	224	0	1648
1768	7	5877258371700	none	1649	56ba3cd5	512	224	0	1649
1769	0	5877271616180	none	1650	56ba3cd5	512	224	0	1650
1770	1	5877289143330	none	1651	56ba3cd5	512	224	0	1651
1771	2	5877306545750	none	1652	56ba3cd5	512	224	0	1652
1772	3	5877323889830	none	1653	0545b2b2	512	224	0	1653
1773	4	5877341230810	none	1654	0545b2b2	512	224	0	1654
1774	5	5877354659660	none	1655	0545b2b2	512	224	0	1655
1775	6	5877371906190	none	1656	0545b2b2	512	224	0	1656
1776	7	5877389379860	none	1657	01785621	512	224	0	1657
1777	0	5877406689900	none	1658	01785621	512	224	0	1658
1778	1	5877424139600	none	1659	01785621	512	224	0	1659
1779	2	5877441504450	none	1660	01785621	512	224	0	1660
1780	3	5877455084000	none	1661	8bfa9d6b	512	224	0	1661
1781	4	5877472470090	none	1662	8bfa9d6b	512	224	0	1662
1782	5	5877489885870	none	1663	8bfa9d6b	512	224	0	1663
1783	6	5877507297700	none	1664	8bfa9d6b	512	224	0	1664
1784	7	5877524826600	none	1665	ef135837	512	224	0	1665
1785	0	5877538178860	none	1666	ef135837	512	224	0	1666
1786	1	5877555585040	none	1667	ef135837	512	224	0	1667
1787	2	5877572816030	none	1668	ef135837	512	224	0	1668
1788	3	5877590190610	none	1669	ef135837	512	224	0	1669
1789	4	5877608060280	none	1670	ef135837	512	224	0	1670
1790	5	5877621488140	none	1671	ef135837	512	224	0	1671
1791	6	5877639079140	none	1672	ef135837	512	224	0	1672
1792	7	5877656489010	none	1673	6e7094a6	512	224	0	1673
1793	0	5877673795020	none	1674	6e7094a6	512	224	0	1674
1794	1	5877691086070	none	1675	6e7094a6	512	224	0	1675
1795	2	5877704272390	none	1676	6e7094a6	512	224	0	1676
1796	3	5877721593340	none	1677	2668e12b	512	224	0	1677
1797	4	5877739115080	none	1678	2668e12b	512	224	0	1678
1798	5	5877756493410	none	1679	2668e12b	512	224	0	1679
1799	6	5877773830810	none	1680	2668e12b	512	224	0	1680
1800	7	5877787148970	none	1681	2668e12b	512	224	0	1681
1801	0	5877804405110	none	1682	2668e12b	512	224	0	1682
1802	1	5877821959420	none	1683	2668e12b	512	224	0	1683
1803	2	5877839374430	none	1684	2668e12b	512	224	0	1684
1804	3	5877856704610	none	1685	13f99789	512	224	0	1685
1805	4	5877874031000	none	1686	13f99789	512	224	0	1686
1806	5	5877887413470	none	1687	13f99789	512	224	0	1687
1807	6	5877904753590	none	1688	13f99789	512	224	0	1688
1808	7	5877922131170	none	1689	cecff7dc	512	224	0	1689
1809	0	5877939400040	none	1690	cecff7dc	512	224	0	1690
1810	1	5877956699260	none	1691	cecff7dc	512	224	0	1691
1811	2	5877974025220	none	1692	cecff7dc	512	224	0	1692
1812	3	5877987421870	none	1693	f5ae2dfe	512	224	0	1693
1813	4	5878004781470	none	1694	f5ae2dfe	512	224	0	1694
1814	5	5878022185370	none	1695	f5ae2dfe	512	224	0	1695
1815	6	5878039445160	none	1696	f5ae2dfe	512	224	0	1696
1816	7	5878056954310	none	1697	2d4c7459	512	224	0	1697
1817	0	5878070316450	none	1698	2d4c7459	512	224	0	1698
1818	1	5878087612620	none	1699	2d4c7459	512	224	0	1699
1819	2	5878105013310	none	1700	2d4c7459	512	224	0	1700
1820	3	5878122404050	none	1701	71e93251	512	224	0	1701
1821	4	5878139760180	none	1702	71e93251	512	224	0	1702
1822	5	5878157234910	none	1703	71e93251	512	224	0	1703
1823	6	5878170627210	none	1704	71e93251	512	224	0	1704
1824	7	5878188095160	none	1705	48bef521	512	224	0	1705
1825	0	5878205538540	none	1706	48bef521	512	224	0	1706
1826	1	5878222823630	none	1707	48bef521	512	224	0	1707
1827	2	5878240282210	none	1708	48bef521	512	224	0	1708
1828	3	5878253724810	none	1709	35c1e0b0	512	224	0	1709
1829	4	5878271164630	none	1710	35c1e0b0	512	224	0	1710
1830	5	5878288574390	none	1711	35c1e0b0	512	224	0	1711
1831	6	5878305959780	none	1712	35c1e0b0	512	224	0	1712
1832	7	5878323350730	none	1713	8e824134	512	224	0	1713
1833	0	5878336596030	none	1714	8e824134	512	224	0	1714
1834	1	5878354081520	none	1715	8e824134	512	224	0	1715
1835	2	5878371489910	none	1716	8e824134	512	224	0	1716
1836	3	5878388867500	none	1717	184a5550	512	224	0	1717
1837	4	5878406235600	none	1718	184a5550	512	224	0	1718
1838	5	5878419542840	none	1719	184a5550	512	224	0	1719
1839	6	5878436982250	none	1720	184a5550	512	224	0	1720
1840	7	5878454365880	none	1721	baa38cfc	512	224	0	1721
1841	0	5878471679640	none	1722	baa38cfc	512	224	0	1722
1842	1	5878489033640	none	1723	baa38cfc	512	224	0	1723
1843	2	5878506484140	none	1724	baa38cfc	512	224	0	1724
1844	3	5878519746910	none	1725	a1a20f0e	512	224	0	1725
1845	4	5878537213920	none	1726	a1a20f0e	512	224	0	1726
1846	5	5878554658180	none	1727	a1a20f0e	512	224	0	1727
1847	6	5878571915790	none	1728	a1a20f0e	512	224	0	1728
1848	7	5878589340000	none	1729	b81cd76a	512	224	0	1729
1849	0	5878602861290	none	1730	b81cd76a	512	224	0	1730
1850	1	5878620241910	none	1731	b81cd76a	512	224	0	1731
1851	2	5878637571130	none	1732	b81cd76a	512	224	0	1732
1852	3	5878654919810	none	1733	e17280db	512	224	0	1733
1853	4	5878672286460	none	1734	e17280db	512	224	0	1734
1854	5	5878689686150	none	1735	e17280db	512	224	0	1735
1855	6	5878702871810	none	1736	e17280db	512	224	0	1736
1856	7	5878720100050	none	1737	eacf7f8d	512	224	0	1737
1857	0	5878737516250	none	1738	eacf7f8d	512	224	0	1738
1858	1	5878754931110	none	1739	eacf7f8d	512	224	0	1739
1859	2	5878772275050	none	1740	eacf7f8d	512	224	0	1740
1860	3	5878785570280	none	1741	5a979fda	512	224	0	1741
1861	4	5878803064250	none	1742	5a979fda	512	224	0	1742
1862	5	5878820359670	none	1743	5a979fda	512	224	0	1743
1863	6	5878837783950	none	1744	5a979fda	512	224	0	1744
1864	7	5878855259320	none	1745	630eb325	512	224	0	1745
1865	0	5878872645210	none	1746	630eb325	512	224	0	1746
1866	1	5878885943860	none	1747	630eb325	512	224	0	1747
1867	2	5878903168700	none	1748	630eb325	512	224	0	1748
1868	3	5878920560000	none	1749	630eb325	512	224	0	1749
1869	4	5878937858570	none	1750	630eb325	512	224	0	1750
1870	5	5878955298600	none	1751	630eb325	512	224	0	1751
1871	6	5878968614610	none	1752	630eb325	512	224	0	1752
1872	7	5878986009180	none	1753	d19708af	512	224	0	1753
1873	0	5879003206810	none	1754	d19708af	512	224	0	1754
1874	1	5879020562210	none	1755	d19708af	512	224	0	1755
1875	2	5879037863090	none	1756	d19708af	512	224	0	1756
1876	3	5879055265650	none	1757	a5d7ea8c	512	224	0	1757
1877	4	5879068603190	none	1758	a5d7ea8c	512	224	0	1758
1878	5	5879086018680	none	1759	a5d7ea8c	512	224	0	1759
1879	6	5879103409690	none	1760	a5d7ea8c	512	224	0	1760
1880	7	5879120822110	none	1761	1c12607e	512	224	0	1761
1881	0	5879138072760	none	1762	1c12607e	512	224	0	1762
1882	1	5879151551090	none	1763	1c12607e	512	224	0	1763
1883	2	5879168962360	none	1764	1c12607e	512	224	0	1764
1884	3	5879186298900	none	1765	2a2af43c	512	224	0	1765
1885	4	5879203668890	none	1766	2a2af43c	512	224	0	1766
1886	5	5879221179740	none	1767	2a2af43c	512	224	0	1767
1887	6	5879238695470	none	1768	2a2af43c	512	224	0	1768
1888	7	5879252099150	none	1769	20a5d183	512	224	0	1769
1889	0	5879269356170	none	1770	20a5d183	512	224	0	1770
1890	1	5879286814850	none	1771	20a5d183	512	224	0	1771
1891	2	5879304274740	none	1772	20a5d183	512	224	0	1772
1892	3	5879321641570	none	1773	39c97e37	512	224	0	1773
1893	4	5879334934330	none	1774	39c97e37	512	224	0	1774
1894	5	5879352385050	none	1775	39c97e37	512	224	0	1775
1895	6	5879369800380	none	1776	39c97e37	512	224	0	1776
1896	7	5879387392730	none	1777	8ba04c31	512	224	0	1777
1897	0	5879404895130	none	1778	8ba04c31	512	224	0	1778
1898	1	5879418196140	none	1779	8ba04c31	512	224	0	1779
1899	2	5879435583570	none	1780	8ba04c31	512	224	0	1780
1900	3	5879453040030	none	1781	8ba04c31	512	224	0	1781
1901	4	5879470338860	none	1782	8ba04c31	512	224	0	1782
1902	5	5879487798110	none	1783	8ba04c31	512	224	0	1783
1903	6	5879501170200	none	1784	8ba04c31	512	224	0	1784
1904	7	5879518721390	none	1785	8ba04c31	512	224	0	1785
1905	0	5879536156710	none	1786	8ba04c31	512	224	0	1786
1906	1	5879553643940	none	1787	8ba04c31	512	224	0	1787
1907	2	5879571013730	none	1788	8ba04c31	512	224	0	1788
1908	3	5879584370820	none	1789	8ba04c31	512	224	0	1789
1909	4	5879601789550	none	1790	8ba04c31	512	224	0	1790
1910	5	5879619135940	none	1791	8ba04c31	512	224	0	1791
1911	6	5879637477360	none	1792	8ba04c31	512	224	0	1792
1912	7	5879651323130	none	1793	8ba04c31	512	224	0	1793
1913	0	5879669119650	none	1794	8ba04c31	512	224	0	1794
1914	1	5879686978210	none	1795	8ba04c31	512	224	0	1795
1915	2	5879700860520	none	1796	8ba04c31	512	224	0	1796
1916	3	5879718594160	none	1797	8ba04c31	512	224	0	1797
1917	4	5879736204640	none	1798	8ba04c31	512	224	0	1798
1918	5	5879754105340	none	1799	8ba04c31	512	224	0	1799
1919	6	5879767863070	none	1800	8ba04c31	512	224	0	1800
1920	7	5879785244130	none	1801	8ba04c31	512	224	0	1801
1921	0	5879802473170	none	1802	8ba04c31	512	224	0	1802
1922	1	5879819976690	none	1803	8ba04c31	512	224	0	1803
1923	2	5879837463690	none	1804	8ba04c31	512	224	0	1804
1924	3	5879850930970	none	1805	8ba04c31	512	224	0	1805
1925	4	5879868471150	none	1806	8ba04c31	512	224	0	1806
1926	5	5879886630450	none	1807	8ba04c31	512	224	0	1807
1927	6	5879904138270	none	1808	8ba04c31	512	224	0	1808
1928	7	5879917518350	none	1809	8ba04c31	512	224	0	1809
1929	0	5879935094490	none	1810	8ba04c31	512	224	0	1810
1930	1	5879952879760	none	1811	8ba04c31	512	224	0	1811
1931	2	5879970784130	none	1812	8ba04c31	512	224	0	1812
1932	3	5879984710750	none	1813	8ba04c31	512	224	0	1813
1933	4	5880002434340	none	1814	8ba04c31	512	224	0	1814
1934	5	5880019913530	none	1815	8ba04c31	512	224	0	1815
1935	6	5880037363220	none	1816	8ba04c31	512	224	0	1816
1936	7	5880050729190	none	1817	8ba04c31	512	224	0	1817
1937	0	5880068199630	none	1818	8ba04c31	512	224	0	1818
1938	1	5880085681060	none	1819	8ba04c31	512	224	0	1819
1939	2	5880103223550	none	1820	8ba04c31	512	224	0	1820
1940	3	5880120552840	none	1821	8ba04c31	512	224	0	1821
1941	4	5880133795170	none	1822	8ba04c31	512	224	0	1822
1942	5	5880151162790	none	1823	8ba04c31	512	224	0	1823
1943	6	5880168539760	none	1824	8ba04c31	512	224	0	1824
1944	7	5880185937430	none	1825	8ba04c31	512	224	0	1825
1945	0	5880203204050	none	1826	8ba04c31	512	224	0	1826
1946	1	5880216497230	none	1827	8ba04c31	512	224	0	1827
1947	2	5880233970290	none	1828	8ba04c31	512	224	0	1828
1948	3	5880251454240	none	1829	8ba04c31	512	224	0	1829
1949	4	5880268773700	none	1830	8ba04c31	512	224	0	1830
1950	5	5880286083840	none	1831	8ba04c31	512	224	0	1831
1951	6	5880303494270	none	1832	8ba04c31	512	224	0	1832
1952	7	5880316851300	none	1833	8ba04c31	512	224	0	1833
1953	0	5880334330560	none	1834	8ba04c31	512	224	0	1834
1954	1	5880352490860	none	1835	8ba04c31	512	224	0	1835
1955	2	5880370267830	none	1836	8ba04c31	512	224	0	1836
1956	3	5880383865170	none	1837	8ba04c31	512	224	0	1837
1957	4	5880401253370	none	1838	8ba04c31	512	224	0	1838
1958	5	5880418770750	none	1839	8ba04c31	512	224	0	1839
1959	6	5880436269990	none	1840	8ba04c31	512	224	0	1840
1960	7	5880450012530	none	1841	8ba04c31	512	224	0	1841
1961	0	5880467606880	none	1842	8ba04c31	512	224	0	1842
1962	1	5880485632930	none	1843	8ba04c31	512	224	0	1843
1963	2	5880503100460	none	1844	8ba04c31	512	224	0	1844
1964	3	5880516447050	none	1845	8ba04c31	512	224	0	1845
1965	4	5880534072900	none	1846	8ba04c31	512	224	0	1846
1966	5	5880551911570	none	1847	8ba04c31	512	224	0	1847
1967	6	5880566245910	none	1848	8ba04c31	512	224	0	1848
1968	7	5880583977540	none	1849	8ba04c31	512	224	0	1849
1969	0	5880601559760	none	1850	8ba04c31	512	224	0	1850
1970	1	5880619405750	none	1851	8ba04c31	512	224	0	1851
1971	2	5880632960510	none	1852	8ba04c31	512	224	0	1852
1972	3	5880650919920	none	1853	8ba04c31	512	224	0	1853
1973	4	5880668877660	none	1854	8ba04c31	512	224	0	1854
1974	5	5880682425610	none	1855	8ba04c31	512	224	0	1855
1975	6	5880700272070	none	1856	8ba04c31	512	224	0	1856
1976	7	5880717737690	none	1857	8ba04c31	512	224	0	1857
1977	0	5880735207610	none	1858	8ba04c31	512	224	0	1858
1978	1	5880752551180	none	1859	8ba04c31	512	224	0	1859
1979	2	5880765870560	none	1860	8ba04c31	512	224	0	1860
1980	3	5880783182070	none	1861	8ba04c31	512	224	0	1861
1981	4	5880800543920	none	1862	8ba04c31	512	224	0	1862
1982	5	5880817858610	none	1863	8ba04c31	512	224	0	1863
1983	6	5880835209740	none	1864	8ba04c31	512	224	0	1864
1984	7	5880852818250	none	1865	8ba04c31	512	224	0	1865
1985	0	5880866281850	none	1866	8ba04c31	512	224	0	1866
1986	1	5880883694120	none	1867	8ba04c31	512	224	0	1867
1987	2	5880901143840	none	1868	8ba04c31	512	224	0	1868
1988	3	5880918675840	none	1869	8ba04c31	512	224	0	1869
1989	4	5880931971830	none	1870	8ba04c31	512	224	0	1870
1990	5	5880949323190	none	1871	8ba04c31	512	224	0	1871
1991	6	5880966845430	none	1872	8ba04c31	512	224	0	1872
1992	7	5880984165950	none	1873	8ba04c31	512	224	0	1873
1993	0	5881001515300	none	1874	8ba04c31	512	224	0	1874
1994	1	5881019001760	none	1875	8ba04c31	512	224	0	1875
1995	2	5881032384820	none	1876	8ba04c31	512	224	0	1876
1996	3	5881049933230	none	1877	8ba04c31	512	224	0	1877
1997	4	5881067360070	none	1878	8ba04c31	512	224	0	1878
1998	5	5881084739600	none	1879	8ba04c31	512	224	0	1879
1999	6	5881102173330	none	1880	8ba04c31	512	224	0	1880
2000	7	5881115529320	none	1881	8ba04c31	512	224	0	1881
2001	0	5881132834590	none	1882	8ba04c31	512	224	0	1882
2002	1	5881150348710	none	1883	8ba04c31	512	224	0	1883
2003	2	5881167744950	none	1884	8ba04c31	512	224	0	1884
2004	3	5881185182520	none	1885	8ba04c31	512	224	0	1885
2005	4	5881198486280	none	1886	8ba04c31	512	224	0	1886
2006	5	5881215842800	none	1887	8ba04c31	512	224	0	1887
2007	6	5881233188100	none	1888	8ba04c31	512	224	0	1888
2008	7	5881250844750	none	1889	8ba04c31	512	224	0	1889
2009	0	5881268109780	none	1890	8ba04c31	512	224	0	1890
2010	1	5881281493260	none	1891	8ba04c31	512	224	0	1891
2011	2	5881298948030	none	1892	8ba04c31	512	224	0	1892
2012	3	5881316400590	none	1893	8ba04c31	512	224	0	1893
2013	4	5881334036200	none	1894	8ba04c31	512	224	0	1894
2014	5	5881351423140	none	1895	8ba04c31	512	224	0	1895
2015	6	5881364620100	none	1896	8ba04c31	512	224	0	1896
2016	7	5881381851000	none	1897	8ba04c31	512	224	0	1897
2017	0	5881399300980	none	1898	8ba04c31	512	224	0	1898
2018	1	5881416835890	none	1899	8ba04c31	512	224	0	1899
2019	2	5881434160040	none	1900	8ba04c31	512	224	0	1900
2020	3	5881451521920	none	1901	8ba04c31	512	224	0	1901
2021	4	5881464986730	none	1902	8ba04c31	512	224	0	1902
2022	5	5881482396830	none	1903	8ba04c31	512	224	0	1903
2023	6	5881499931580	none	1904	8ba04c31	512	224	0	1904
2024	7	5881517365030	none	1905	8ba04c31	512	224	0	1905
2025	0	5881534917640	none	1906	8ba04c31	512	224	0	1906
2026	1	5881548126150	none	1907	8ba04c31	512	224	0	1907
2027	2	5881565370690	none	1908	8ba04c31	512	224	0	1908
2028	3	5881582747730	none	1909	8ba04c31	512	224	0	1909
2029	4	5881600157330	none	1910	8ba04c31	512	224	0	1910
2030	5	5881617518230	none	1911	8ba04c31	512	224	0	1911
2031	6	5881630871700	none	1912	8ba04c31	512	224	0	1912
2032	7	5881648123440	none	1913	8ba04c31	512	224	0	1913
2033	0	5881665421120	none	1914	8ba04c31	512	224	0	1914
2034	1	5881682803880	none	1915	8ba04c31	512	224	0	1915
2035	2	5881700309400	none	1916	8ba04c31	512	224	0	1916
2036	3	5881717729580	none	1917	8ba04c31	512	224	0	1917
2037	4	5881731142750	none	1918	8ba04c31	512	224	0	1918
2038	5	5881748666260	none	1919	8ba04c31	512	224	0	1919
2039	6	5881766038900	none	1920	8ba04c31	512	224	0	1920
2040	7	5881783692570	none	1921	8ba04c31	512	224	0	1921
2041	0	5881801127020	none	1922	8ba04c31	512	224	0	1922
2042	1	5881814614870	none	1923	8ba04c31	512	224	0	1923
2043	2	5881831863640	none	1924	8ba04c31	512	224	0	1924
2044	3	5881849332070	none	1925	8ba04c31	512	224	0	1925
2045	4	5881866851100	none	1926	8ba04c31	512	224	0	1926
2046	5	5881884136310	none	1927	8ba04c31	512	224	0	1927
2047	6	5881897418090	none	1928	8ba04c31	512	224	0	1928
2048	7	5881914886910	none	1929	8ba04c31	512	224	0	1929
2049	0	5881932343960	none	1930	8ba04c31	512	224	0	1930
2050	1	5881949852900	none	1931	8ba04c31	512	224	0	1931
2051	2	5881967338750	none	1932	8ba04c31	512	224	0	1932
2052	3	5881980689510	none	1933	8ba04c31	512	224	0	1933
2053	4	5881998125540	none	1934	8ba04c31	512	224	0	1934
2054	5	5882015641150	none	1935	8ba04c31	512	224	0	1935
2055	6	5882033026410	none	1936	8ba04c31	512	224	0	1936
2056	7	5882050586140	none	1937	8ba04c31	512	224	0	1937
2057	0	5882064047500	none	1938	8ba04c31	512	224	0	1938
2058	1	5882081403370	none	1939	8ba04c31	512	224	0	1939
2059	2	5882098957720	none	1940	8ba04c31	512	224	0	1940
2060	3	5882116429060	none	1941	6a388534	512	224	0	1941
2061	4	5882133942990	none	1942	6a388534	512	224	0	1942
2062	5	5882147126370	none	1943	6a388534	512	224	0	1943
2063	6	5882164411730	none	1944	6a388534	512	224	0	1944
2064	7	5882181844820	none	1945	6a388534	512	224	0	1945
2065	0	5882199278310	none	1946	6a388534	512	224	0	1946
2066	1	5882216647820	none	1947	6a388534	512	224	0	1947
2067	2	5882229954900	none	1948	6a388534	512	224	0	1948
2068	3	5882247409190	none	1949	1aac72c2	512	224	0	1949
2069	4	5882264746510	none	1950	1aac72c2	512	224	0	1950
2070	5	5882282211110	none	1951	1aac72c2	512	224	0	1951
2071	6	5882299614970	none	1952	1aac72c2	512	224	0	1952
2072	7	5882313279680	none	1953	621f570c	512	224	0	1953
2073	0	5882330604370	none	1954	621f570c	512	224	0	1954
2074	1	5882348044340	none	1955	621f570c	512	224	0	1955
2075	2	5882365476430	none	1956	621f570c	512	224	0	1956
2076	3	5882382949070	none	1957	f4b74488	512	224	0	1957
2077	4	5882396291680	none	1958	f4b74488	512	224	0	1958
2078	5	5882413679400	none	1959	f4b74488	512	224	0	1959
2079	6	5882431097520	none	1960	f4b74488	512	224	0	1960
2080	7	5882448358850	none	1961	5b14beb2	512	224	0	1961
2081	0	5882465618790	none	1962	5b14beb2	512	224	0	1962
2082	1	5882482979310	none	1963	5b14beb2	512	224	0	1963
2083	2	5882496493700	none	1964	5b14beb2	512	224	0	1964
2084	3	5882513946440	none	1965	6afc10f0	512	224	0	1965
2085	4	5882531407840	none	1966	6afc10f0	512	224	0	1966
2086	5	5882548797820	none	1967	6afc10f0	512	224	0	1967
2087	6	5882566207250	none	1968	6afc10f0	512	224	0	1968
2088	7	5882579681640	none	1969	70da10e0	512	224	0	1969
2089	0	5882597076910	none	1970	70da10e0	512	224	0	1970
2090	1	5882614430410	none	1971	70da10e0	512	224	0	1971
2091	2	5882632193240	none	1972	70da10e0	512	224	0	1972
2092	3	5882649729310	none	1973	70da10e0	512	224	0	1973
2093	4	5882663149090	none	1974	70da10e0	512	224	0	1974
2094	5	5882680498610	none	1975	70da10e0	512	224	0	1975
2095	6	5882697821760	none	1976	70da10e0	512	224	0	1976
2096	7	5882715199900	none	1977	1e9cf6e8	512	224	0	1977
2097	0	5882732542260	none	1978	1e9cf6e8	512	224	0	1978
2098	1	5882745856160	none	1979	1e9cf6e8	512	224	0	1979
2099	2	5882763101180	none	1980	1e9cf6e8	512	224	0	1980
2100	3	5882780507620	none	1981	0221a4a7	512	224	0	1981
2101	4	5882797827110	none	1982	0221a4a7	512	224	0	1982
2102	5	5882815187300	none	1983	0221a4a7	512	224	0	1983
2103	6	5882832550300	none	1984	0221a4a7	512	224	0	1984
2104	7	5882845999050	none	1985	e3345bb7	512	224	0	1985
2105	0	5882863717080	none	1986	e3345bb7	512	224	0	1986
2106	1	5882881119030	none	1987	e3345bb7	512	224	0	1987
2107	2	5882898488760	none	1988	e3345bb7	512	224	0	1988
2108	3	5882915747550	none	1989	e192cbfa	512	224	0	1989
2109	4	5882929010620	none	1990	e192cbfa	512	224	0	1990
2110	5	5882946415790	none	1991	e192cbfa	512	224	0	1991
2111	6	5882963728440	none	1992	e192cbfa	512	224	0	1992
2112	7	5882981125430	none	1993	242fc82a	512	224	0	1993
2113	0	5882998591350	none	1994	242fc82a	512	224	0	1994
2114	1	5883011955940	none	1995	242fc82a	512	224	0	1995
2115	2	5883029289060	none	1996	242fc82a	512	224	0	1996
2116	3	5883046685610	none	1997	242fc82a	512	224	0	1997
2117	4	5883064015950	none	1998	242fc82a	512	224	0	1998
2118	5	5883081415060	none	1999	242fc82a	512	224	0	1999
2119	6	5883098947650	none	2000	242fc82a	512	224	0	2000
2120	7	5883112401870	none	2001	a37be89b	512	224	0	2001
2121	0	5883129863390	none	2002	a37be89b	512	224	0	2002
2122	1	5883147206570	none	2003	a37be89b	512	224	0	2003
2123	2	5883164565740	none	2004	a37be89b	512	224	0	2004
2124	3	5883181839600	none	2005	1e438381	512	224	0	2005
2125	4	5883195211490	none	2006	1e438381	512	224	0	2006
2126	5	5883212628080	none	2007	1e438381	512	224	0	2007
2127	6	5883229846140	none	2008	1e438381	512	224	0	2008
2128	7	5883247345850	none	2009	78b3683e	512	224	0	2009
2129	0	5883264691030	none	2010	78b3683e	512	224	0	2010
2130	1	5883281916920	none	2011	78b3683e	512	224	0	2011
2131	2	5883295246780	none	2012	78b3683e	512	224	0	2012
2132	3	5883312577090	none	2013	c199c6dc	512	224	0	2013
2133	4	5883329875370	none	2014	c199c6dc	512	224	0	2014
2134	5	5883347322120	none	2015	c199c6dc	512	224	0	2015
2135	6	5883364826820	none	2016	c199c6dc	512	224	0	2016
2136	7	5883378164010	none	2017	9d653ced	512	224	0	2017
2137	0	5883395574110	none	2018	9d653ced	512	224	0	2018
2138	1	5883412805800	none	2019	9d653ced	512	224	0	2019
2139	2	5883430099640	none	2020	9d653ced	512	224	0	2020
2140	3	5883447469180	none	2021	f79cb57e	512	224	0	2021
2141	4	5883464938420	none	2022	f79cb57e	512	224	0	2022
2142	5	5883478281880	none	2023	f79cb57e	512	224	0	2023
2143	6	5883495795140	none	2024	f79cb57e	512	224	0	2024
2144	7	5883513059190	none	2025	36d1deb7	512	224	0	2025
2145	0	5883530307790	none	2026	36d1deb7	512	224	0	2026
2146	1	5883547675270	none	2027	36d1deb7	512	224	0	2027
2147	2	5883561109930	none	2028	36d1deb7	512	224	0	2028
2148	3	5883578579230	none	2029	0b650c3d	512	224	0	2029
2149	4	5883595928680	none	2030	0b650c3d	512	224	0	2030
2150	5	5883613336700	none	2031	0b650c3d	512	224	0	2031
2151	6	5883630578670	none	2032	0b650c3d	512	224	0	2032
2152	7	5883647871010	none	2033	0b650c3d	512	224	0	2033
2153	0	5883661268980	none	2034	0b650c3d	512	224	0	2034
2154	1	5883678635220	none	2035	0b650c3d	512	224	0	2035
2155	2	5883695973460	none	2036	0b650c3d	512	224	0	2036
2156	3	5883713433490	none	2037	688fbbda	512	224	0	2037
2157	4	5883730823690	none	2038	688fbbda	512	224	0	2038
2158	5	5883744012040	none	2039	688fbbda	512	224	0	2039
2159	6	5883761373300	none	2040	688fbbda	512	224	0	2040
2160	7	5883778951040	none	2041	576ba192	512	224	0	2041
2161	0	5883796396240	none	2042	576ba192	512	224	0	2042
2162	1	5883813925670	none	2043	576ba192	512	224	0	2043
2163	2	5883831164550	none	2044	576ba192	512	224	0	2044
2164	3	5883844531420	none	2045	576ba192	512	224	0	2045
2165	4	5883861782670	none	2046	576ba192	512	224	0	2046
2166	5	5883879060770	none	2047	576ba192	512	224	0	2047
2167	6	5883896420790	none	2048	576ba192	512	224	0	2048
2168	7	5883913978620	none	2049	7dc06182	512	224	0	2049
2169	0	5883927356190	none	2050	7dc06182	512	224	0	2050
2170	1	5883944818520	none	2051	7dc06182	512	224	0	2051
2171	2	5883962175410	none	2052	7dc06182	512	224	0	2052
2172	3	5883979545720	none	2053	24a7a736	512	224	0	2053
2173	4	5883996785750	none	2054	24a7a736	512	224	0	2054
2174	5	5884014168790	none	2055	24a7a736	512	224	0	2055
2175	6	5884027654670	none	2056	24a7a736	512	224	0	2056
2176	7	5884044990610	none	2057	77582951	512	224	0	2057
2177	0	5884062368850	none	2058	77582951	512	224	0	2058
2178	1	5884079697160	none	2059	77582951	512	224	0	2059
2179	2	5884097113550	none	2060	77582951	512	224	0	2060
2180	3	5884110327720	none	2061	7365cdc2	512	224	0	2061
2181	4	5884127648680	none	2062	7365cdc2	512	224	0	2062
2182	5	5884144995430	none	2063	7365cdc2	512	224	0	2063
2183	6	5884162404120	none	2064	7365cdc2	512	224	0	2064
2184	7	5884179881600	none	2065	7365cdc2	512	224	0	2065
2185	0	5884193383610	none	2066	7365cdc2	512	224	0	2066
2186	1	5884210876750	none	2067	7365cdc2	512	224	0	2067
2187	2	5884228101020	none	2068	7365cdc2	512	224	0	2068
2188	3	5884245643360	none	2069	6dcdf15b	512	224	0	2069
2189	4	5884263035030	none	2070	6dcdf15b	512	224	0	2070
2190	5	5884276449620	none	2071	6dcdf15b	512	224	0	2071
2191	6	5884293778140	none	2072	6dcdf15b	512	224	0	2072
2192	7	5884311089900	none	2073	db684e24	512	224	0	2073
2193	0	5884328553010	none	2074	db684e24	512	224	0	2074
2194	1	5884345983840	none	2075	db684e24	512	224	0	2075
2195	2	5884363394230	none	2076	db684e24	512	224	0	2076
2196	3	5884376572080	none	2077	a90cedd9	512	224	0	2077
2197	4	5884393924160	none	2078	a90cedd9	512	224	0	2078
2198	5	5884411392010	none	2079	a90cedd9	512	224	0	2079
2199	6	5884428892980	none	2080	a90cedd9	512	224	0	2080
2200	7	5884446393380	none	2081	34ce6e75	512	224	0	2081
2201	0	5884459700490	none	2082	34ce6e75	512	224	0	2082
2202	1	5884477107310	none	2083	34ce6e75	512	224	0	2083
2203	2	5884494504730	none	2084	34ce6e75	512	224	0	2084
2204	3	5884511845490	none	2085	4e71711d	512	224	0	2085
2205	4	5884529246240	none	2086	4e71711d	512	224	0	2086
2206	5	5884546713560	none	2087	4e71711d	512	224	0	2087
2207	6	5884560093340	none	2088	4e71711d	512	224	0	2088
2208	7	5884577798910	none	2089	db694022	512	224	0	2089
2209	0	5884595177580	none	2090	db694022	512	224	0	2090
2210	1	5884612514710	none	2091	db694022	512	224	0	2091
2211	2	5884629859520	none	2092	db694022	512	224	0	2092
2212	3	5884643255280	none	2093	e45a849f	512	224	0	2093
2213	4	5884660484570	none	2094	e45a849f	512	224	0	2094
2214	5	5884677788690	none	2095	e45a849f	512	224	0	2095
2215	6	5884695167220	none	2096	e45a849f	512	224	0	2096
2216	7	5884712766530	none	2097	83a89ce5	512	224	0	2097
2217	0	5884726019380	none	2098	83a89ce5	512	224	0	2098
2218	1	5884743393010	none	2099	83a89ce5	512	224	0	2099
2219	2	5884760938360	none	2100	83a89ce5	512	224	0	2100
2220	3	5884778323800	none	2101	035e2f95	512	224	0	2101
2221	4	5884795810050	none	2102	035e2f95	512	224	0	2102
2222	5	5884809004160	none	2103	035e2f95	512	224	0	2103
2223	6	5884826410630	none	2104	035e2f95	512	224	0	2104
2224	7	5884843746870	none	2105	6cbdd7a9	512	224	0	2105
2225	0	5884861095840	none	2106	6cbdd7a9	512	224	0	2106
2226	1	5884878621950	none	2107	6cbdd7a9	512	224	0	2107
2227	2	5884895978320	none	2108	6cbdd7a9	512	224	0	2108
2228	3	5884909525840	none	2109	6cbdd7a9	512	224	0	2109
2229	4	5884926758050	none	2110	6cbdd7a9	512	224	0	2110
2230	5	5884944041370	none	2111	6cbdd7a9	512	224	0	2111
2231	6	5884961385710	none	2112	6cbdd7a9	512	224	0	2112
2232	7	5884978916170	none	2113	181a45e1	512	224	0	2113
2233	0	5884992349730	none	2114	181a45e1	512	224	0	2114
2234	1	5885009679740	none	2115	181a45e1	512	224	0	2115
2235	2	5885027050410	none	2116	181a45e1	512	224	0	2116
2236	3	5885044311280	none	2117	ebb52f26	512	224	0	2117
2237	4	5885061768630	none	2118	ebb52f26	512	224	0	2118
2238	5	5885075149230	none	2119	ebb52f26	512	224	0	2119
2239	6	5885092485590	none	2120	ebb52f26	512	224	0	2120
2240	7	5885109940880	none	2121	2d2bf333	512	224	0	2121
2241	0	5885127386010	none	2122	2d2bf333	512	224	0	2122
2242	1	5885144807120	none	2123	2d2bf333	512	224	0	2123
2243	2	5885162033090	none	2124	2d2bf333	512	224	0	2124
2244	3	5885175295690	none	2125	9058bae0	512	224	0	2125
2245	4	5885192637240	none	2126	9058bae0	512	224	0	2126
2246	5	5885210168220	none	2127	9058bae0	512	224	0	2127
2247	6	5885227658580	none	2128	9058bae0	512	224	0	2128
2248	7	5885245172760	none	2129	cb6f5d74	512	224	0	2129
2249	0	5885258550880	none	2130	cb6f5d74	512	224	0	2130
2250	1	5885275903660	none	2131	cb6f5d74	512	224	0	2131
2251	2	5885293304370	none	2132	cb6f5d74	512	224	0	2132
2252	3	5885310532480	none	2133	62506459	512	224	0	2133
2253	4	5885327990460	none	2134	62506459	512	224	0	2134
2254	5	5885345241850	none	2135	62506459	512	224	0	2135
2255	6	5885358585380	none	2136	62506459	512	224	0	2136
2256	7	5885375982760	none	2137	2ba8fff1	512	224	0	2137
2257	0	5885393409650	none	2138	2ba8fff1	512	224	0	2138
2258	1	5885410814920	none	2139	2ba8fff1	512	224	0	2139
2259	2	5885428112020	none	2140	2ba8fff1	512	224	0	2140
2260	3	5885441589430	none	2141	5472e98c	512	224	0	2141
2261	4	5885459038920	none	2142	5472e98c	512	224	0	2142
2262	5	5885476435890	none	2143	5472e98c	512	224	0	2143
2263	6	5885493751340	none	2144	5472e98c	512	224	0	2144
2264	7	5885511171550	none	2145	b8060120	512	224	0	2145
2265	0	5885524568270	none	2146	b8060120	512	224	0	2146
2266	1	5885541796450	none	2147	b8060120	512	224	0	2147
2267	2	5885559262230	none	2148	b8060120	512	224	0	2148
2268	3	5885576636790	none	2149	a0ccc6aa	512	224	0	2149
2269	4	5885593972530	none	2150	a0ccc6aa	512	224	0	2150
2270	5	5885611386150	none	2151	a0ccc6aa	512	224	0	2151
2271	6	5885624647710	none	2152	a0ccc6aa	512	224	0	2152
2272	7	5885641880870	none	2153	b9758491	512	224	0	2153
2273	0	5885659309340	none	2154	b9758491	512	224	0	2154
2274	1	5885676709120	none	2155	b9758491	512	224	0	2155
2275	2	5885694029540	none	2156	b9758491	512	224	0	2156
2276	3	5885711398680	none	2157	b9758491	512	224	0	2157
2277	4	5885724855920	none	2158	b9758491	512	224	0	2158
2278	5	5885742309670	none	2159	b9758491	512	224	0	2159
2279	6	5885759527870	none	2160	b9758491	512	224	0	2160
2280	7	5885776828980	none	2161	ac6a6228	512	224	0	2161
2281	0	5885794215850	none	2162	ac6a6228	512	224	0	2162
2282	1	5885807611570	none	2163	ac6a6228	512	224	0	2163
2283	2	5885824955400	none	2164	ac6a6228	512	224	0	2164
2284	3	5885842332550	none	2165	fa95cd82	512	224	0	2165
2285	4	5885859816300	none	2166	fa95cd82	512	224	0	2166
2286	5	5885877181520	none	2167	fa95cd82	512	224	0	2167
2287	6	5885890544320	none	2168	fa95cd82	512	224	0	2168
2288	7	5885908000210	none	2169	16e1f4a5	512	224	0	2169
2289	0	5885925417170	none	2170	16e1f4a5	512	224	0	2170
2290	1	5885942678720	none	2171	16e1f4a5	512	224	0	2171
2291	2	5885960106240	none	2172	16e1f4a5	512	224	0	2172
2292	3	5885977457230	none	2173	e6993485	512	224	0	2173
2293	4	5885990771940	none	2174	e6993485	512	224	0	2174
2294	5	5886008095960	none	2175	e6993485	512	224	0	2175
2295	6	5886025463280	none	2176	e6993485	512	224	0	2176
2296	7	5886042855570	none	2177	4969da3b	512	224	0	2177
2297	0	5886060151330	none	2178	4969da3b	512	224	0	2178
2298	1	5886073566050	none	2179	4969da3b	512	224	0	2179
2299	2	5886091036410	none	2180	4969da3b	512	224	0	2180
2300	3	5886108417920	none	2181	4969da3b	512	224	0	2181
2301	4	5886125799330	none	2182	4969da3b	512	224	0	2182
2302	5	5886143051160	none	2183	4969da3b	512	224	0	2183
2303	6	5886160605450	none	2184	4969da3b	512	224	0	2184
2304	7	5886173855310	none	2185	4969da3b	512	224	0	2185
2305	0	5886191211310	none	2186	4969da3b	512	224	0	2186
2306	1	5886208584240	none	2187	4969da3b	512	224	0	2187
2307	2	5886226006720	none	2188	4969da3b	512	224	0	2188
2308	3	5886243406050	none	2189	4969da3b	512	224	0	2189
2309	4	5886256776160	none	2190	4969da3b	512	224	0	2190
2310	5	5886274198600	none	2191	4969da3b	512	224	0	2191
2311	6	5886291558660	none	2192	4969da3b	512	224	0	2192
2312	7	5886308919420	none	2193	4969da3b	512	224	0	2193
2313	0	5886326375150	none	2194	4969da3b	512	224	0	2194
2314	1	5886343687870	none	2195	4969da3b	512	224	0	2195
2315	2	5886357004210	none	2196	4969da3b	512	224	0	2196
2316	3	5886374255080	none	2197	4969da3b	512	224	0	2197
2317	4	5886391658420	none	2198	4969da3b	512	224	0	2198
2318	5	5886408984790	none	2199	4969da3b	512	224	0	2199
2319	6	5886426382130	none	2200	4969da3b	512	224	0	2200
2320	7	5886439817320	none	2201	4969da3b	512	224	0	2201
2321	0	5886457310180	none	2202	4969da3b	512	224	0	2202
2322	1	5886474669610	none	2203	4969da3b	512	224	0	2203
2323	2	5886492053690	none	2204	4969da3b	512	224	0	2204
2324	3	5886509322600	none	2205	4969da3b	512	224	0	2205
2325	4	5886526726890	none	2206	4969da3b	512	224	0	2206
2326	5	5886540143300	none	2207	4969da3b	512	224	0	2207
2327	6	5886557677000	none	2208	4969da3b	512	224	0	2208
2328	7	5886575258290	none	2209	4969da3b	512	224	0	2209
2329	0	5886592564990	none	2210	4969da3b	512	224	0	2210
2330	1	5886609914470	none	2211	4969da3b	512	224	0	2211
2331	2	5886623371050	none	2212	4969da3b	512	224	0	2212
2332	3	5886640605270	none	2213	4969da3b	512	224	0	2213
2333	4	5886657910590	none	2214	4969da3b	512	224	0	2214
2334	5	5886675236620	none	2215	4969da3b	512	224	0	2215
2335	6	5886692626690	none	2216	4969da3b	512	224	0	2216
2336	7	5886705905390	none	2217	4969da3b	512	224	0	2217
2337	0	5886723362930	none	2218	4969da3b	512	224	0	2218
2338	1	5886740779030	none	2219	4969da3b	512	224	0	2219
2339	2	5886758039560	none	2220	4969da3b	512	224	0	2220
2340	3	5886775379130	none	2221	4969da3b	512	224	0	2221
2341	4	5886792715290	none	2222	4969da3b	512	224	0	2222
2342	5	5886806067620	none	2223	4969da3b	512	224	0	2223
2343	6	5886823514520	none	2224	4969da3b	512	224	0	2224
2344	7	5886840793040	none	2225	4969da3b	512	224	0	2225
2345	0	5886858032580	none	2226	4969da3b	512	224	0	2226
2346	1	5886875480640	none	2227	4969da3b	512	224	0	2227
2347	2	5886892780520	none	2228	4969da3b	512	224	0	2228
2348	3	5886906068480	none	2229	4969da3b	512	224	0	2229
2349	4	5886923522360	none	2230	4969da3b	512	224	0	2230
2350	5	5886940887490	none	2231	4969da3b	512	224	0	2231
2351	6	5886958289440	none	2232	4969da3b	512	224	0	2232
2352	7	5886975756440	none	2233	4969da3b	512	224	0	2233
2353	0	5886989031380	none	2234	4969da3b	512	224	0	2234
2354	1	5887006504900	none	2235	4969da3b	512	224	0	2235
2355	2	5887023954140	none	2236	4969da3b	512	224	0	2236
2356	3	5887041395510	none	2237	4969da3b	512	224	0	2237
2357	4	5887058728450	none	2238	4969da3b	512	224	0	2238
2358	5	5887072003710	none	2239	4969da3b	512	224	0	2239
2359	6	5887089273390	none	2240	4969da3b	512	224	0	2240
2360	7	5887106766900	none	2241	4969da3b	512	224	0	2241
2361	0	5887124209590	none	2242	4969da3b	512	224	0	2242
2362	1	5887141516080	none	2243	4969da3b	512	224	0	2243
2363	2	5887158889290	none	2244	4969da3b	512	224	0	2244
2364	3	5887172313520	none	2245	4969da3b	512	224	0	2245
2365	4	5887189657640	none	2246	4969da3b	512	224	0	2246
2366	5	5887207124340	none	2247	4969da3b	512	224	0	2247
2367	6	5887224501580	none	2248	4969da3b	512	224	0	2248
2368	7	5887241752640	none	2249	4969da3b	512	224	0	2249
2369	0	5887255148050	none	2250	4969da3b	512	224	0	2250
2370	1	5887272650810	none	2251	4969da3b	512	224	0	2251
2371	2	5887290093910	none	2252	4969da3b	512	224	0	2252
2372	3	5887307423870	none	2253	4969da3b	512	224	0	2253
2373	4	5887324830650	none	2254	4969da3b	512	224	0	2254
2374	5	5887338135650	none	2255	4969da3b	512	224	0	2255
2375	6	5887355467390	none	2256	4969da3b	512	224	0	2256
2376	7	5887372772070	none	2257	4969da3b	512	224	0	2257
2377	0	5887390140070	none	2258	4969da3b	512	224	0	2258
2378	1	5887407607150	none	2259	4969da3b	512	224	0	2259
2379	2	5887424941080	none	2260	4969da3b	512	224	0	2260
2380	3	5887438268300	none	2261	4969da3b	512	224	0	2261
2381	4	5887455506580	none	2262	4969da3b	512	224	0	2262
2382	5	5887473069620	none	2263	4969da3b	512	224	0	2263
2383	6	5887490429830	none	2264	4969da3b	512	224	0	2264
2384	7	5887507740220	none	2265	4969da3b	512	224	0	2265
2385	0	5887525098450	none	2266	4969da3b	512	224	0	2266
2386	1	5887538521670	none	2267	4969da3b	512	224	0	2267
2387	2	5887555916830	none	2268	4969da3b	512	224	0	2268
2388	3	5887573360870	none	2269	4969da3b	512	224	0	2269
2389	4	5887590750140	none	2270	4969da3b	512	224	0	2270
2390	5	5887608015560	none	2271	4969da3b	512	224	0	2271
2391	6	5887621388850	none	2272	4969da3b	512	224	0	2272
2392	7	5887638746020	none	2273	4969da3b	512	224	0	2273
2393	0	5887656136920	none	2274	4969da3b	512	224	0	2274
2394	1	5887673643460	none	2275	4969da3b	512	224	0	2275
2395	2	5887691070330	none	2276	4969da3b	512	224	0	2276
2396	3	5887704466620	none	2277	4969da3b	512	224	0	2277
2397	4	5887721713760	none	2278	4969da3b	512	224	0	2278
2398	5	5887738990750	none	2279	4969da3b	512	224	0	2279
2399	6	5887756372780	none	2280	4969da3b	512	224	0	2280
2400	7	5887773882060	none	2281	4969da3b	512	224	0	2281
2401	0	5887791350010	none	2282	4969da3b	512	224	0	2282
2402	1	5887804819030	none	2283	4969da3b	512	224	0	2283
2403	2	5887822270190	none	2284	4969da3b	512	224	0	2284
2404	3	5887839647410	none	2285	4969da3b	512	224	0	2285
2405	4	5887857032930	none	2286	4969da3b	512	224	0	2286
2406	5	5887874484140	none	2287	4969da3b	512	224	0	2287
2407	6	5887887719360	none	2288	4969da3b	512	224	0	2288
2408	7	5887905115750	none	2289	4969da3b	512	224	0	2289
2409	0	5887922487300	none	2290	4969da3b	512	224	0	2290
2410	1	5887939855380	none	2291	4969da3b	512	224	0	2291
2411	2	5887957273020	none	2292	4969da3b	512	224	0	2292
2412	3	5887970751620	none	2293	4969da3b	512	224	0	2293
2413	4	5887987969280	none	2294	4969da3b	512	224	0	2294
2414	5	5888005415430	none	2295	4969da3b	512	224	0	2295
2415	6	5888022737320	none	2296	4969da3b	512	224	0	2296
2416	7	5888040167610	none	2297	4969da3b	512	224	0	2297
2417	0	5888057583750	none	2298	4969da3b	512	224	0	2298
2418	1	5888071026970	none	2299	4969da3b	512	224	0	2299
2419	2	5888088505090	none	2300	4969da3b	512	224	0	2300
2420	3	5888105900070	none	2301	4969da3b	512	224	0	2301
2421	4	5888123317460	none	2302	4969da3b	512	224	0	2302
2422	5	5888140549500	none	2303	4969da3b	512	224	0	2303
2423	6	5888153877770	none	2304	4969da3b	512	224	0	2304
2424	7	5888171187500	none	2305	4969da3b	512	224	0	2305
2425	0	5888188560070	none	2306	4969da3b	512	224	0	2306
2426	1	5888206031390	none	2307	4969da3b	512	224	0	2307
2427	2	5888223501310	none	2308	4969da3b	512	224	0	2308
2428	3	5888236824500	none	2309	4969da3b	512	224	0	2309
2429	4	5888254241100	none	2310	4969da3b	512	224	0	2310
2430	5	5888271665900	none	2311	4969da3b	512	224	0	2311
2431	6	5888288981630	none	2312	4969da3b	512	224	0	2312
2432	7	5888306335040	none	2313	4969da3b	512	224	0	2313
2433	0	5888319799640	none	2314	4969da3b	512	224	0	2314
2434	1	5888337217680	none	2315	4969da3b	512	224	0	2315
2435	2	5888354594490	none	2316	4969da3b	512	224	0	2316
2436	3	5888372035400	none	2317	4969da3b	512	224	0	2317
2437	4	5888389324910	none	2318	4969da3b	512	224	0	2318
2438	5	5888406636350	none	2319	4969da3b	512	224	0	2319
2439	6	5888419913900	none	2320	4969da3b	512	224	0	2320
2440	7	5888437349830	none	2321	4969da3b	512	224	0	2321
2441	0	5888454782250	none	2322	4969da3b	512	224	0	2322
2442	1	5888472251290	none	2323	4969da3b	512	224	0	2323
2443	2	5888489771940	none	2324	4969da3b	512	224	0	2324
2444	3	5888503130370	none	2325	4969da3b	512	224	0	2325
2445	4	5888520431830	none	2326	4969da3b	512	224	0	2326
2446	5	5888537738900	none	2327	4969da3b	512	224	0	2327
2447	6	5888555136820	none	2328	4969da3b	512	224	0	2328
2448	7	5888572562050	none	2329	4969da3b	512	224	0	2329
2449	0	5888589823850	none	2330	4969da3b	512	224	0	2330
2450	1	5888603215490	none	2331	4969da3b	512	224	0	2331
2451	2	5888620470670	none	2332	4969da3b	512	224	0	2332
2452	3	5888637840430	none	2333	4969da3b	512	224	0	2333
2453	4	5888655218310	none	2334	4969da3b	512	224	0	2334
2454	5	5888672695330	none	2335	4969da3b	512	224	0	2335
2455	6	5888686087110	none	2336	4969da3b	512	224	0	2336
2456	7	5888703512550	none	2337	4969da3b	512	224	0	2337
2457	0	5888721026350	none	2338	4969da3b	512	224	0	2338
2458	1	5888738483060	none	2339	4969da3b	512	224	0	2339
2459	2	5888755844640	none	2340	4969da3b	512	224	0	2340
2460	3	5888769206390	none	2341	daeef181	512	224	0	2341
2461	4	5888786499220	none	2342	daeef181	512	224	0	2342
2462	5	5888803949560	none	2343	daeef181	512	224	0	2343
2463	6	5888821417820	none	2344	daeef181	512	224	0	2344
2464	7	5888838917540	none	2345	8f873969	512	224	0	2345
2465	0	5888852287690	none	2346	8f873969	512	224	0	2346
2466	1	5888869615090	none	2347	8f873969	512	224	0	2347
2467	2	5888886970040	none	2348	8f873969	512	224	0	2348
2468	3	5888904254280	none	2349	d8fd7f45	512	224	0	2349
2469	4	5888921750810	none	2350	d8fd7f45	512	224	0	2350
2470	5	5888939182650	none	2351	d8fd7f45	512	224	0	2351
2471	6	5888952582560	none	2352	d8fd7f45	512	224	0	2352
2472	7	5888970133080	none	2353	a592ad70	512	224	0	2353
2473	0	5888987649310	none	2354	a592ad70	512	224	0	2354
2474	1	5889005164120	none	2355	a592ad70	512	224	0	2355
2475	2	5889022557410	none	2356	a592ad70	512	224	0	2356
2476	3	5889036087580	none	2357	a592ad70	512	224	0	2357
2477	4	5889053594530	none	2358	a592ad70	512	224	0	2358
2478	5	5889070875150	none	2359	a592ad70	512	224	0	2359
2479	6	5889088308940	none	2360	a592ad70	512	224	0	2360
2480	7	5889105546030	none	2361	ff683e70	512	224	0	2361
2481	0	5889118898860	none	2362	ff683e70	512	224	0	2362
2482	1	5889136345900	none	2363	ff683e70	512	224	0	2363
2483	2	5889153685890	none	2364	ff683e70	512	224	0	2364
2484	3	5889171012710	none	2365	101a757a	512	224	0	2365
2485	4	5889188504060	none	2366	101a757a	512	224	0	2366
2486	5	5889201848090	none	2367	101a757a	512	224	0	2367
2487	6	5889219199730	none	2368	101a757a	512	224	0	2368
2488	7	5889236489630	none	2369	101a757a	512	224	0	2369
2489	0	5889253881120	none	2370	101a757a	512	224	0	2370
2490	1	5889271331320	none	2371	101a757a	512	224	0	2371
2491	2	5889288698700	none	2372	101a757a	512	224	0	2372
2492	3	5889301981000	none	2373	49a961db	512	224	0	2373
2493	4	5889319235510	none	2374	49a961db	512	224	0	2374
2494	5	5889336641640	none	2375	49a961db	512	224	0	2375
2495	6	5889353962080	none	2376	49a961db	512	224	0	2376
2496	7	5889371303570	none	2377	ec0fe640	512	224	0	2377
2497	0	5889388641470	none	2378	ec0fe640	512	224	0	2378
2498	1	5889401977460	none	2379	ec0fe640	512	224	0	2379
2499	2	5889419459320	none	2380	ec0fe640	512	224	0	2380
2500	3	5889436711960	none	2381	98189ed6	512	224	0	2381
2501	4	5889454192450	none	2382	98189ed6	512	224	0	2382
2502	5	5889471635970	none	2383	98189ed6	512	224	0	2383
2503	6	5889485213190	none	2384	98189ed6	512	224	0	2384
2504	7	5889502637560	none	2385	fa61de65	512	224	0	2385
2505	0	5889520071780	none	2386	fa61de65	512	224	0	2386
2506	1	5889537411670	none	2387	fa61de65	512	224	0	2387
2507	2	5889554848690	none	2388	fa61de65	512	224	0	2388
2508	3	5889568219270	none	2389	fa61de65	512	224	0	2389
2509	4	5889585445830	none	2390	fa61de65	512	224	0	2390
2510	5	5889602763620	none	2391	fa61de65	512	224	0	2391
2511	6	5889620084150	none	2392	fa61de65	512	224	0	2392
2512	7	5889637426290	none	2393	1cee7d6b	512	224	0	2393
2513	0	5889654833790	none	2394	1cee7d6b	512	224	0	2394
2514	1	5889668009660	none	2395	1cee7d6b	512	224	0	2395
2515	2	5889685395630	none	2396	1cee7d6b	512	224	0	2396
2516	3	5889702716170	none	2397	50c10374	512	224	0	2397
2517	4	5889720120410	none	2398	50c10374	512	224	0	2398
2518	5	5889737553670	none	2399	50c10374	512	224	0	2399
2519	6	5889750847050	none	2400	50c10374	512	224	0	2400
2520	7	5889768366560	none	2401	43d4fcb0	512	224	0	2401
2521	0	5889785777230	none	2402	43d4fcb0	512	224	0	2402
2522	1	5889803012240	none	2403	43d4fcb0	512	224	0	2403
2523	2	5889820445090	none	2404	43d4fcb0	512	224	0	2404
2524	3	5889837993250	none	2405	3b1c0bf6	512	224	0	2405
2525	4	5889851395190	none	2406	3b1c0bf6	512	224	0	2406
2526	5	5889868873960	none	2407	3b1c0bf6	512	224	0	2407
2527	6	5889886300310	none	2408	3b1c0bf6	512	224	0	2408
2528	7	5889903613510	none	2409	975f5feb	512	224	0	2409
2529	0	5889921007190	none	2410	975f5feb	512	224	0	2410
2530	1	5889934452980	none	2411	975f5feb	512	224	0	2411
2531	2	5889951679650	none	2412	975f5feb	512	224	0	2412
2532	3	5889968989070	none	2413	7af6ced2	512	224	0	2413
2533	4	5889986351200	none	2414	7af6ced2	512	224	0	2414
2534	5	5890003850790	none	2415	7af6ced2	512	224	0	2415
2535	6	5890017265380	none	2416	7af6ced2	512	224	0	2416
2536	7	5890034621470	none	2417	30158bd6	512	224	0	2417
2537	0	5890052006680	none	2418	30158bd6	512	224	0	2418
2538	1	5890069274110	none	2419	30158bd6	512	224	0	2419
2539	2	5890086691190	none	2420	30158bd6	512	224	0	2420
2540	3	5890103984760	none	2421	1adfc075	512	224	0	2421
2541	4	5890117280370	none	2422	1adfc075	512	224	0	2422
2542	5	5890134723420	none	2423	1adfc075	512	224	0	2423
2543	6	5890152090670	none	2424	1adfc075	512	224	0	2424
2544	7	5890169522490	none	2425	ef305d62	512	224	0	2425
2545	0	5890186778820	none	2426	ef305d62	512	224	0	2426
2546	1	5890200159320	none	2427	ef305d62	512	224	0	2427
2547	2	5890217564610	none	2428	ef305d62	512	224	0	2428
2548	3	5890234901380	none	2429	ef305d62	512	224	0	2429
2549	4	5890252276150	none	2430	ef305d62	512	224	0	2430
2550	5	5890269730580	none	2431	ef305d62	512	224	0	2431
2551	6	5890283233860	none	2432	ef305d62	512	224	0	2432
2552	7	5890300721600	none	2433	2296fa89	512	224	0	2433
2553	0	5890318071510	none	2434	2296fa89	512	224	0	2434
2554	1	5890335413070	none	2435	2296fa89	512	224	0	2435
2555	2	5890352929410	none	2436	2296fa89	512	224	0	2436
2556	3	5890370363550	none	2437	aa51c57e	512	224	0	2437
2557	4	5890383695950	none	2438	aa51c57e	512	224	0	2438
2558	5	5890401089870	none	2439	aa51c57e	512	224	0	2439
2559	6	5890418488640	none	2440	aa51c57e	512	224	0	2440
2560	7	5890435886090	none	2441	aa51c57e	512	224	0	2441
2561	0	5890453357520	none	2442	aa51c57e	512	224	0	2442
2562	1	5890466674700	none	2443	aa51c57e	512	224	0	2443
2563	2	5890484199770	none	2444	aa51c57e	512	224	0	2444
2564	3	5890501618940	none	2445	34a5730f	512	224	0	2445
2565	4	5890518948710	none	2446	34a5730f	512	224	0	2446
2566	5	5890536325060	none	2447	34a5730f	512	224	0	2447
2567	6	5890549762220	none	2448	34a5730f	512	224	0	2448
2568	7	5890567268900	none	2449	279a5d21	512	224	0	2449
2569	0	5890584755350	none	2450	279a5d21	512	224	0	2450
2570	1	5890602247960	none	2451	279a5d21	512	224	0	2451
2571	2	5890619803340	none	2452	279a5d21	512	224	0	2452
2572	3	5890633181440	none	2453	9d6f9620	512	224	0	2453
2573	4	5890650464920	none	2454	9d6f9620	512	224	0	2454
2574	5	5890667924950	none	2455	9d6f9620	512	224	0	2455
2575	6	5890685387070	none	2456	9d6f9620	512	224	0	2456
2576	7	5890702602260	none	2457	d1835be5	512	224	0	2457
2577	0	5890715989600	none	2458	d1835be5	512	224	0	2458
2578	1	5890733489200	none	2459	d1835be5	512	224	0	2459
2579	2	5890750965640	none	2460	d1835be5	512	224	0	2460
2580	3	5890768474810	none	2461	722e0344	512	224	0	2461
2581	4	5890786007120	none	2462	722e0344	512	224	0	2462
2582	5	5890799442200	none	2463	722e0344	512	224	0	2463
2583	6	5890816960040	none	2464	722e0344	512	224	0	2464
2584	7	5890834230450	none	2465	d8f037f5	512	224	0	2465
2585	0	5890851756540	none	2466	d8f037f5	512	224	0	2466
2586	1	5890869169940	none	2467	d8f037f5	512	224	0	2467
2587	2	5890882607900	none	2468	d8f037f5	512	224	0	2468
2588	3	5890900135440	none	2469	8e9f43e5	512	224	0	2469
2589	4	5890917559020	none	2470	8e9f43e5	512	224	0	2470
2590	5	5890934912620	none	2471	8e9f43e5	512	224	0	2471
2591	6	5890952285620	none	2472	8e9f43e5	512	224	0	2472
2592	7	5890965576380	none	2473	8e9f43e5	512	224	0	2473
2593	0	5890982934100	none	2474	8e9f43e5	512	224	0	2474
2594	1	5891000247990	none	2475	8e9f43e5	512	224	0	2475
2595	2	5891017581870	none	2476	8e9f43e5	512	224	0	2476
2596	3	5891035076500	none	2477	e2b494a4	512	224	0	2477
2597	4	5891052438940	none	2478	e2b494a4	512	224	0	2478
2598	5	5891065810180	none	2479	e2b494a4	512	224	0	2479
2599	6	5891083351990	none	2480	e2b494a4	512	224	0	2480
2600	7	5891100912290	none	2481	5fc7dd77	512	224	0	2481
2601	0	5891118365970	none	2482	5fc7dd77	512	224	0	2482
2602	1	5891135814370	none	2483	5fc7dd77	512	224	0	2483
2603	2	5891149444110	none	2484	5fc7dd77	512	224	0	2484
2604	3	5891166817250	none	2485	5fc7dd77	512	224	0	2485
2605	4	5891184188520	none	2486	5fc7dd77	512	224	0	2486
2606	5	5891201603340	none	2487	5fc7dd77	512	224	0	2487
2607	6	5891218918630	none	2488	5fc7dd77	512	224	0	2488
2608	7	5891232235210	none	2489	5f4d5c74	512	224	0	2489
2609	0	5891249593230	none	2490	5f4d5c74	512	224	0	2490
2610	1	5891267012360	none	2491	5f4d5c74	512	224	0	2491
2611	2	5891284427810	none	2492	5f4d5c74	512	224	0	2492
2612	3	5891301671690	none	2493	d415d0c5	512	224	0	2493
2613	4	5891314913370	none	2494	d415d0c5	512	224	0	2494
2614	5	5891332276600	none	2495	d415d0c5	512	224	0	2495
2615	6	5891349766160	none	2496	d415d0c5	512	224	0	2496
2616	7	5891367243530	none	2497	fe9596ba	512	224	0	2497
2617	0	5891384601520	none	2498	fe9596ba	512	224	0	2498
2618	1	5891402072370	none	2499	fe9596ba	512	224	0	2499
2619	2	5891415376050	none	2500	fe9596ba	512	224	0	2500
2620	3	5891432740560	none	2501	08bb5e8f	512	224	0	2501
2621	4	5891450159070	none	2502	08bb5e8f	512	224	0	2502
2622	5	5891467633590	none	2503	08bb5e8f	512	224	0	2503
2623	6	5891485074780	none	2504	08bb5e8f	512	224	0	2504
2624	7	5891498360410	none	2505	7a7bc055	512	224	0	2505
2625	0	5891515742930	none	2506	7a7bc055	512	224	0	2506
2626	1	5891533001840	none	2507	7a7bc055	512	224	0	2507
2627	2	5891550419150	none	2508	7a7bc055	512	224	0	2508
2628	3	5891567888570	none	2509	fcc3a4d9	512	224	0	2509
2629	4	5891581282710	none	2510	fcc3a4d9	512	224	0	2510
2630	5	5891598665360	none	2511	fcc3a4d9	512	224	0	2511
2631	6	5891615983320	none	2512	fcc3a4d9	512	224	0	2512
2632	7	5891633480770	none	2513	ae2623c3	512	224	0	2513
2633	0	5891650972290	none	2514	ae2623c3	512	224	0	2514
2634	1	5891664409730	none	2515	ae2623c3	512	224	0	2515
2635	2	5891681681170	none	2516	ae2623c3	512	224	0	2516
2636	3	5891699127880	none	2517	40c4aed5	512	224	0	2517
2637	4	5891716538830	none	2518	40c4aed5	512	224	0	2518
2638	5	5891734171250	none	2519	40c4aed5	512	224	0	2519
2639	6	5891747649160	none	2520	40c4aed5	512	224	0	2520
2640	7	5891765075270	none	2521	40c4aed5	512	224	0	2521
2641	0	5891782319710	none	2522	40c4aed5	512	224	0	2522
2642	1	5891799544860	none	2523	40c4aed5	512	224	0	2523
2643	2	5891816999920	none	2524	40c4aed5	512	224	0	2524
2644	3	5891834475330	none	2525	40c4aed5	512	224	0	2525
2645	4	5891847696840	none	2526	40c4aed5	512	224	0	2526
2646	5	5891865081630	none	2527	40c4aed5	512	224	0	2527
2647	6	5891882515330	none	2528	40c4aed5	512	224	0	2528
2648	7	5891899834300	none	2529	40c4aed5	512	224	0	2529
2649	0	5891917241650	none	2530	40c4aed5	512	224	0	2530
2650	1	5891930698680	none	2531	40c4aed5	512	224	0	2531
2651	2	5891947949670	none	2532	40c4aed5	512	224	0	2532
2652	3	5891965366160	none	2533	40c4aed5	512	224	0	2533
2653	4	5891982808610	none	2534	40c4aed5	512	224	0	2534
2654	5	5892000357250	none	2535	40c4aed5	512	224	0	2535
2655	6	5892017686700	none	2536	40c4aed5	512	224	0	2536
2656	7	5892031000350	none	2537	40c4aed5	512	224	0	2537
2657	0	5892048445350	none	2538	40c4aed5	512	224	0	2538
2658	1	5892065806620	none	2539	40c4aed5	512	224	0	2539
2659	2	5892083318210	none	2540	40c4aed5	512	224	0	2540
2660	3	5892100742430	none	2541	40c4aed5	512	224	0	2541
2661	4	5892113993480	none	2542	40c4aed5	512	224	0	2542
2662	5	5892131363130	none	2543	40c4aed5	512	224	0	2543
2663	6	5892148840460	none	2544	40c4aed5	512	224	0	2544
2664	7	5892166284590	none	2545	40c4aed5	512	224	0	2545
2665	0	5892183898150	none	2546	40c4aed5	512	224	0	2546
2666	1	5892197218950	none	2547	40c4aed5	512	224	0	2547
2667	2	5892214561110	none	2548	40c4aed5	512	224	0	2548
2668	3	5892231808380	none	2549	40c4aed5	512	224	0	2549
2669	4	5892249133360	none	2550	40c4aed5	512	224	0	2550
2670	5	5892266675840	none	2551	40c4aed5	512	224	0	2551
2671	6	5892280148870	none	2552	40c4aed5	512	224	0	2552
2672	7	5892297530980	none	2553	40c4aed5	512	224	0	2553
2673	0	5892314847750	none	2554	40c4aed5	512	224	0	2554
2674	1	5892332273550	none	2555	40c4aed5	512	224	0	2555
2675	2	5892349843370	none	2556	40c4aed5	512	224	0	2556
2676	3	5892363343380	none	2557	40c4aed5	512	224	0	2557
2677	4	5892380668690	none	2558	40c4aed5	512	224	0	2558
2678	5	5892397948590	none	2559	40c4aed5	512	224	0	2559
2679	6	5892415365310	none	2560	40c4aed5	512	224	0	2560
2680	7	5892432883130	none	2561	40c4aed5	512	224	0	2561
2681	0	5892446356460	none	2562	40c4aed5	512	224	0	2562
2682	1	5892463830280	none	2563	40c4aed5	512	224	0	2563
2683	2	5892481275650	none	2564	40c4aed5	512	224	0	2564
2684	3	5892498591830	none	2565	40c4aed5	512	224	0	2565
2685	4	5892516013210	none	2566	40c4aed5	512	224	0	2566
2686	5	5892533489960	none	2567	40c4aed5	512	224	0	2567
2687	6	5892546940730	none	2568	40c4aed5	512	224	0	2568
2688	7	5892564214850	none	2569	40c4aed5	512	224	0	2569
2689	0	5892581646810	none	2570	40c4aed5	512	224	0	2570
2690	1	5892598946000	none	2571	40c4aed5	512	224	0	2571
2691	2	5892616306990	none	2572	40c4aed5	512	224	0	2572
2692	3	5892629790340	none	2573	40c4aed5	512	224	0	2573
2693	4	5892647261840	none	2574	40c4aed5	512	224	0	2574
2694	5	5892664759970	none	2575	40c4aed5	512	224	0	2575
2695	6	5892682232980	none	2576	40c4aed5	512	224	0	2576
2696	7	5892696089140	none	2577	40c4aed5	512	224	0	2577
2697	0	5892713901790	none	2578	40c4aed5	512	224	0	2578
2698	1	5892731349320	none	2579	40c4aed5	512	224	0	2579
2699	2	5892748896770	none	2580	40c4aed5	512	224	0	2580
2700	3	5892766283080	none	2581	40c4aed5	512	224	0	2581
2701	4	5892779743810	none	2582	40c4aed5	512	224	0	2582
2702	5	5892797188810	none	2583	40c4aed5	512	224	0	2583
2703	6	5892814624450	none	2584	40c4aed5	512	224	0	2584
2704	7	5892832039190	none	2585	40c4aed5	512	224	0	2585
2705	0	5892849438250	none	2586	40c4aed5	512	224	0	2586
2706	1	5892862788890	none	2587	40c4aed5	512	224	0	2587
2707	2	5892880080280	none	2588	40c4aed5	512	224	0	2588
2708	3	5892897552420	none	2589	40c4aed5	512	224	0	2589
2709	4	5892914920200	none	2590	40c4aed5	512	224	0	2590
2710	5	5892932274530	none	2591	40c4aed5	512	224	0	2591
2711	6	5892945566300	none	2592	40c4aed5	512	224	0	2592
2712	7	5892962940810	none	2593	40c4aed5	512	224	0	2593
2713	0	5892980354620	none	2594	40c4aed5	512	224	0	2594
2714	1	5892997669840	none	2595	40c4aed5	512	224	0	2595
2715	2	5893015045950	none	2596	40c4aed5	512	224	0	2596
2716	3	5893032499130	none	2597	40c4aed5	512	224	0	2597
2717	4	5893045995500	none	2598	40c4aed5	512	224	0	2598
2718	5	5893063447900	none	2599	40c4aed5	512	224	0	2599
2719	6	5893080972660	none	2600	40c4aed5	512	224	0	2600
2720	7	5893098441120	none	2601	40c4aed5	512	224	0	2601
2721	0	5893111806080	none	2602	40c4aed5	512	224	0	2602
2722	1	5893129188510	none	2603	40c4aed5	512	224	0	2603
2723	2	5893146611860	none	2604	40c4aed5	512	224	0	2604
2724	3	5893163937060	none	2605	40c4aed5	512	224	0	2605
2725	4	5893181378880	none	2606	40c4aed5	512	224	0	2606
2726	5	5893198832530	none	2607	40c4aed5	512	224	0	2607
2727	6	5893212221750	none	2608	40c4aed5	512	224	0	2608
2728	7	5893229575530	none	2609	40c4aed5	512	224	0	2609
2729	0	5893246796090	none	2610	40c4aed5	512	224	0	2610
2730	1	5893264216090	none	2611	40c4aed5	512	224	0	2611
2731	2	5893281713790	none	2612	40c4aed5	512	224	0	2612
2732	3	5893295095750	none	2613	40c4aed5	512	224	0	2613
2733	4	5893312504690	none	2614	40c4aed5	512	224	0	2614
2734	5	5893330025780	none	2615	40c4aed5	512	224	0	2615
2735	6	5893347360950	none	2616	40c4aed5	512	224	0	2616
2736	7	5893364819200	none	2617	40c4aed5	512	224	0	2617
2737	0	5893378177980	none	2618	40c4aed5	512	224	0	2618
2738	1	5893395443670	none	2619	40c4aed5	512	224	0	2619
2739	2	5893412743580	none	2620	40c4aed5	512	224	0	2620
2740	3	5893430349200	none	2621	40c4aed5	512	224	0	2621
2741	4	5893447684420	none	2622	40c4aed5	512	224	0	2622
2742	5	5893465076800	none	2623	40c4aed5	512	224	0	2623
2743	6	5893478455650	none	2624	40c4aed5	512	224	0	2624
2744	7	5893495937260	none	2625	40c4aed5	512	224	0	2625
2745	0	5893513330140	none	2626	40c4aed5	512	224	0	2626
2746	1	5893530552030	none	2627	40c4aed5	512	224	0	2627
2747	2	5893547963380	none	2628	40c4aed5	512	224	0	2628
2748	3	5893561342830	none	2629	40c4aed5	512	224	0	2629
2749	4	5893578795320	none	2630	40c4aed5	512	224	0	2630
2750	5	5893596235230	none	2631	40c4aed5	512	224	0	2631
2751	6	5893613555190	none	2632	40c4aed5	512	224	0	2632
2752	7	5893630928840	none	2633	40c4aed5	512	224	0	2633
2753	0	5893644379820	none	2634	40c4aed5	512	224	0	2634
2754	1	5893661614930	none	2635	40c4aed5	512	224	0	2635
2755	2	5893679049490	none	2636	40c4aed5	512	224	0	2636
2756	3	5893696348590	none	2637	40c4aed5	512	224	0	2637
2757	4	5893713814760	none	2638	40c4aed5	512	224	0	2638
2758	5	5893731261100	none	2639	40c4aed5	512	224	0	2639
2759	6	5893744563070	none	2640	40c4aed5	512	224	0	2640
2760	7	5893761791070	none	2641	40c4aed5	512	224	0	2641
2761	0	5893779252270	none	2642	40c4aed5	512	224	0	2642
2762	1	5893796675240	none	2643	40c4aed5	512	224	0	2643
2763	2	5893814132350	none	2644	40c4aed5	512	224	0	2644
2764	3	5893831369710	none	2645	40c4aed5	512	224	0	2645
2765	4	5893844756120	none	2646	40c4aed5	512	224	0	2646
2766	5	5893862201240	none	2647	40c4aed5	512	224	0	2647
2767	6	5893879607550	none	2648	40c4aed5	512	224	0	2648
2768	7	5893896986320	none	2649	40c4aed5	512	224	0	2649
2769	0	5893914246890	none	2650	40c4aed5	512	224	0	2650
2770	1	5893927678210	none	2651	40c4aed5	512	224	0	2651
2771	2	5893945088900	none	2652	40c4aed5	512	224	0	2652
2772	3	5893962517280	none	2653	40c4aed5	512	224	0	2653
2773	4	5893979886120	none	2654	40c4aed5	512	224	0	2654
2774	5	5893997238570	none	2655	40c4aed5	512	224	0	2655
2775	6	5894010521490	none	2656	40c4aed5	512	224	0	2656
2776	7	5894027946920	none	2657	40c4aed5	512	224	0	2657
2777	0	5894045350450	none	2658	40c4aed5	512	224	0	2658
2778	1	5894062651300	none	2659	40c4aed5	512	224	0	2659
2779	2	5894080008260	none	2660	40c4aed5	512	224	0	2660
2780	3	5894097508900	none	2661	40c4aed5	512	224	0	2661
2781	4	5894110816640	none	2662	40c4aed5	512	224	0	2662
2782	5	5894128259100	none	2663	40c4aed5	512	224	0	2663
2783	6	5894145493090	none	2664	40c4aed5	512	224	0	2664
2784	7	5894162914710	none	2665	40c4aed5	512	224	0	2665
2785	0	5894180343000	none	2666	40c4aed5	512	224	0	2666
2786	1	5894193650050	none	2667	40c4aed5	512	224	0	2667
2787	2	5894211120450	none	2668	40c4aed5	512	224	0	2668
2788	3	5894228553280	none	2669	40c4aed5	512	224	0	2669
2789	4	5894245946160	none	2670	40c4aed5	512	224	0	2670
2790	5	5894263423990	none	2671	40c4aed5	512	224	0	2671
2791	6	5894276751930	none	2672	40c4aed5	512	224	0	2672
2792	7	5894294106320	none	2673	40c4aed5	512	224	0	2673
2793	0	5894311346440	none	2674	40c4aed5	512	224	0	2674
2794	1	5894328815040	none	2675	40c4aed5	512	224	0	2675
2795	2	5894346233990	none	2676	40c4aed5	512	224	0	2676
2796	3	5894363463020	none	2677	40c4aed5	512	224	0	2677
2797	4	5894376890430	none	2678	40c4aed5	512	224	0	2678
2798	5	5894394168340	none	2679	40c4aed5	512	224	0	2679
2799	6	5894411559320	none	2680	40c4aed5	512	224	0	2680
2800	7	5894429221070	none	2681	a8e3a425	512	224	0	2681
2801	0	5894446636670	none	2682	a8e3a425	512	224	0	2682
2802	1	5894459910160	none	2683	a8e3a425	512	224	0	2683
2803	2	5894477364860	none	2684	a8e3a425	512	224	0	2684
2804	3	5894494739800	none	2685	5dc6010f	512	224	0	2685
2805	4	5894512171920	none	2686	5dc6010f	512	224	0	2686
2806	5	5894529521110	none	2687	5dc6010f	512	224	0	2687
2807	6	5894542934300	none	2688	5dc6010f	512	224	0	2688
2808	7	5894560377190	none	2689	2d52f6f9	512	224	0	2689
2809	0	5894577954930	none	2690	2d52f6f9	512	224	0	2690
2810	1	5894595426220	none	2691	2d52f6f9	512	224	0	2691
2811	2	5894612933470	none	2692	2d52f6f9	512	224	0	2692
2812	3	5894626290690	none	2693	2d52f6f9	512	224	0	2693
2813	4	5894643633230	none	2694	2d52f6f9	512	224	0	2694
2814	5	5894660981440	none	2695	2d52f6f9	512	224	0	2695
2815	6	5894678382720	none	2696	2d52f6f9	512	224	0	2696
2816	7	5894695756800	none	2697	ec5d3d6a	512	224	0	2697
2817	0	5894713002230	none	2698	ec5d3d6a	512	224	0	2698
2818	1	5894726301420	none	2699	ec5d3d6a	512	224	0	2699
2819	2	5894743787250	none	2700	ec5d3d6a	512	224	0	2700
2820	3	5894761369440	none	2701	7d40e0aa	512	224	0	2701
2821	4	5894778772470	none	2702	7d40e0aa	512	224	0	2702
2822	5	5894796242170	none	2703	7d40e0aa	512	224	0	2703
2823	6	5894809623450	none	2704	7d40e0aa	512	224	0	2704
2824	7	5894826985950	none	2705	207726ab	512	224	0	2705
2825	0	5894844375570	none	2706	207726ab	512	224	0	2706
2826	1	5894861626550	none	2707	207726ab	512	224	0	2707
2827	2	5894878974120	none	2708	207726ab	512	224	0	2708
2828	3	5894892336610	none	2709	2af9ca82	512	224	0	2709
2829	4	5894909631020	none	2710	2af9ca82	512	224	0	2710
2830	5	5894926959730	none	2711	2af9ca82	512	224	0	2711
2831	6	5894944228110	none	2712	2af9ca82	512	224	0	2712
2832	7	5894961630560	none	2713	2af9ca82	512	224	0	2713
2833	0	5894978906820	none	2714	2af9ca82	512	224	0	2714
2834	1	5894992294890	none	2715	2af9ca82	512	224	0	2715
2835	2	5895009738060	none	2716	2af9ca82	512	224	0	2716
2836	3	5895027180620	none	2717	8e96ee32	512	224	0	2717
2837	4	5895044593500	none	2718	8e96ee32	512	224	0	2718
2838	5	5895061960980	none	2719	8e96ee32	512	224	0	2719
2839	6	5895079218580	none	2720	8e96ee32	512	224	0	2720
2840	7	5895092671710	none	2721	dddac16f	512	224	0	2721
2841	0	5895110150600	none	2722	dddac16f	512	224	0	2722
2842	1	5895127479330	none	2723	dddac16f	512	224	0	2723
2843	2	5895145029090	none	2724	dddac16f	512	224	0	2724
2844	3	5895162348100	none	2725	dddac16f	512	224	0	2725
2845	4	5895175691720	none	2726	dddac16f	512	224	0	2726
2846	5	5895193045800	none	2727	dddac16f	512	224	0	2727
2847	6	5895210348220	none	2728	dddac16f	512	224	0	2728
2848	7	5895227647940	none	2729	4db68404	512	224	0	2729
2849	0	5895245143380	none	2730	4db68404	512	224	0	2730
2850	1	5895258428290	none	2731	4db68404	512	224	0	2731
2851	2	5895275845720	none	2732	4db68404	512	224	0	2732
2852	3	5895293422560	none	2733	4d0388e2	512	224	0	2733
2853	4	5895310833860	none	2734	4d0388e2	512	224	0	2734
2854	5	5895328193770	none	2735	4d0388e2	512	224	0	2735
2855	6	5895341632450	none	2736	4d0388e2	512	224	0	2736
2856	7	5895358930640	none	2737	adf2658a	512	224	0	2737
2857	0	5895376269320	none	2738	adf2658a	512	224	0	2738
2858	1	5895393625330	none	2739	adf2658a	512	224	0	2739
2859	2	5895411054060	none	2740	adf2658a	512	224	0	2740
2860	3	5895428451780	none	2741	bee79a4e	512	224	0	2741
2861	4	5895441881020	none	2742	bee79a4e	512	224	0	2742
2862	5	5895459208800	none	2743	bee79a4e	512	224	0	2743
2863	6	5895476717950	none	2744	bee79a4e	512	224	0	2744
2864	7	5895494125920	none	2745	fc43c788	512	224	0	2745
2865	0	5895511373920	none	2746	fc43c788	512	224	0	2746
2866	1	5895524773310	none	2747	fc43c788	512	224	0	2747
2867	2	5895542184390	none	2748	fc43c788	512	224	0	2748
2868	3	5895559624540	none	2749	435b0d0d	512	224	0	2749
2869	4	5895577024520	none	2750	435b0d0d	512	224	0	2750
2870	5	5895594469490	none	2751	435b0d0d	512	224	0	2751
2871	6	5895611754590	none	2752	435b0d0d	512	224	0	2752
2872	7	5895625148080	none	2753	1364e167	512	224	0	2753
2873	0	5895642495820	none	2754	1364e167	512	224	0	2754
2874	1	5895659991750	none	2755	1364e167	512	224	0	2755
2875	2	5895677445680	none	2756	1364e167	512	224	0	2756
2876	3	5895694867660	none	2757	38e67d2c	512	224	0	2757
2877	4	5895708226800	none	2758	38e67d2c	512	224	0	2758
2878	5	5895725465450	none	2759	38e67d2c	512	224	0	2759
2879	6	5895742933900	none	2760	38e67d2c	512	224	0	2760
2880	7	5895760304740	none	2761	087ebabe	512	224	0	2761
2881	0	5895777653170	none	2762	087ebabe	512	224	0	2762
2882	1	5895791091310	none	2763	087ebabe	512	224	0	2763
2883	2	5895808449060	none	2764	087ebabe	512	224	0	2764
2884	3	5895825968060	none	2765	086861bd	512	224	0	2765
2885	4	5895843415240	none	2766	086861bd	512	224	0	2766
2886	5	5895860790260	none	2767	086861bd	512	224	0	2767
2887	6	5895874169810	none	2768	086861bd	512	224	0	2768
2888	7	5895891675960	none	2769	086861bd	512	224	0	2769
2889	0	5895908954370	none	2770	086861bd	512	224	0	2770
2890	1	5895926288740	none	2771	086861bd	512	224	0	2771
2891	2	5895943784850	none	2772	086861bd	512	224	0	2772
2892	3	5895961227080	none	2773	c39d9fe0	512	224	0	2773
2893	4	5895974506610	none	2774	c39d9fe0	512	224	0	2774
2894	5	5895991933350	none	2775	c39d9fe0	512	224	0	2775
2895	6	5896009193340	none	2776	c39d9fe0	512	224	0	2776
2896	7	5896026636180	none	2777	320b00f6	512	224	0	2777
2897	0	5896044079920	none	2778	320b00f6	512	224	0	2778
2898	1	5896057440680	none	2779	320b00f6	512	224	0	2779
2899	2	5896074827180	none	2780	320b00f6	512	224	0	2780
2900	3	5896092328290	none	2781	29ef9272	512	224	0	2781
2901	4	5896109717730	none	2782	29ef9272	512	224	0	2782
2902	5	5896127184300	none	2783	29ef9272	512	224	0	2783
2903	6	5896140491760	none	2784	29ef9272	512	224	0	2784
2904	7	5896157908420	none	2785	c5054e48	512	224	0	2785
2905	0	5896175328100	none	2786	c5054e48	512	224	0	2786
2906	1	5896192682990	none	2787	c5054e48	512	224	0	2787
2907	2	5896210024030	none	2788	c5054e48	512	224	0	2788
2908	3	5896227471900	none	2789	dd2a9d4b	512	224	0	2789
2909	4	5896240747730	none	2790	dd2a9d4b	512	224	0	2790
2910	5	5896258138140	none	2791	dd2a9d4b	512	224	0	2791
2911	6	5896275394580	none	2792	dd2a9d4b	512	224	0	2792
2912	7	5896292872130	none	2793	457a82a7	512	224	0	2793
2913	0	5896310329470	none	2794	457a82a7	512	224	0	2794
2914	1	5896323626850	none	2795	457a82a7	512	224	0	2795
2915	2	5896340998490	none	2796	457a82a7	512	224	0	2796
2916	3	5896358427420	none	2797	aa447411	512	224	0	2797
2917	4	5896375894920	none	2798	aa447411	512	224	0	2798
2918	5	5896393365520	none	2799	aa447411	512	224	0	2799
2919	6	5896406691990	none	2800	aa447411	512	224	0	2800
2920	7	5896423970730	none	2801	aa447411	512	224	0	2801
2921	0	5896441285750	none	2802	aa447411	512	224	0	2802
2922	1	5896458611430	none	2803	aa447411	512	224	0	2803
2923	2	5896475964640	none	2804	aa447411	512	224	0	2804
2924	3	5896493397110	none	2805	aa447411	512	224	0	2805
2925	4	5896506719890	none	2806	aa447411	512	224	0	2806
2926	5	5896524120350	none	2807	aa447411	512	224	0	2807
2927	6	5896541359450	none	2808	aa447411	512	224	0	2808
2928	7	5896558800090	none	2809	aa447411	512	224	0	2809
2929	0	5896576248940	none	2810	aa447411	512	224	0	2810
2930	1	5896589694130	none	2811	aa447411	512	224	0	2811
2931	2	5896607149820	none	2812	aa447411	512	224	0	2812
2932	3	5896624550480	none	2813	aa447411	512	224	0	2813
2933	4	5896641990570	none	2814	aa447411	512	224	0	2814
2934	5	5896659235970	none	2815	aa447411	512	224	0	2815
2935	6	5896676624910	none	2816	aa447411	512	224	0	2816
2936	7	5896690030260	none	2817	aa447411	512	224	0	2817
2937	0	5896707448790	none	2818	aa447411	512	224	0	2818
2938	1	5896724778720	none	2819	aa447411	512	224	0	2819
2939	2	5896742243640	none	2820	aa447411	512	224	0	2820
2940	3	5896759597570	none	2821	aa447411	512	224	0	2821
2941	4	5896772941360	none	2822	aa447411	512	224	0	2822
2942	5	5896790334370	none	2823	aa447411	512	224	0	2823
2943	6	5896807672650	none	2824	aa447411	512	224	0	2824
2944	7	5896825040530	none	2825	aa447411	512	224	0	2825
2945	0	5896842295310	none	2826	aa447411	512	224	0	2826
2946	1	5896859725870	none	2827	aa447411	512	224	0	2827
2947	2	5896873103650	none	2828	aa447411	512	224	0	2828
2948	3	5896890354830	none	2829	aa447411	512	224	0	2829
2949	4	5896907678680	none	2830	aa447411	512	224	0	2830
2950	5	5896925013710	none	2831	aa447411	512	224	0	2831
2951	6	5896942466220	none	2832	aa447411	512	224	0	2832
2952	7	5896955672270	none	2833	aa447411	512	224	0	2833
2953	0	5896972921360	none	2834	aa447411	512	224	0	2834
2954	1	5896990323010	none	2835	aa447411	512	224	0	2835
2955	2	5897007636190	none	2836	aa447411	512	224	0	2836
2956	3	5897025117520	none	2837	aa447411	512	224	0	2837
2957	4	5897042484620	none	2838	aa447411	512	224	0	2838
2958	5	5897055924790	none	2839	aa447411	512	224	0	2839
2959	6	5897073277090	none	2840	aa447411	512	224	0	2840
2960	7	5897090670490	none	2841	aa447411	512	224	0	2841
2961	0	5897107892480	none	2842	aa447411	512	224	0	2842
2962	1	5897125322950	none	2843	aa447411	512	224	0	2843
2963	2	5897142550560	none	2844	aa447411	512	224	0	2844
2964	3	5897155978100	none	2845	aa447411	512	224	0	2845
2965	4	5897173428150	none	2846	aa447411	512	224	0	2846
2966	5	5897190918940	none	2847	aa447411	512	224	0	2847
2967	6	5897208284510	none	2848	aa447411	512	224	0	2848
2968	7	5897221749750	none	2849	aa447411	512	224	0	2849
2969	0	5897239114330	none	2850	aa447411	512	224	0	2850
2970	1	5897256405950	none	2851	aa447411	512	224	0	2851
2971	2	5897273786120	none	2852	aa447411	512	224	0	2852
2972	3	5897291205800	none	2853	aa447411	512	224	0	2853
2973	4	5897308575720	none	2854	aa447411	512	224	0	2854
2974	5	5897321866260	none	2855	aa447411	512	224	0	2855
2975	6	5897339115370	none	2856	aa447411	512	224	0	2856
2976	7	5897356533430	none	2857	aa447411	512	224	0	2857
2977	0	5897373848490	none	2858	aa447411	512	224	0	2858
2978	1	5897391231600	none	2859	aa447411	512	224	0	2859
2979	2	5897408594530	none	2860	aa447411	512	224	0	2860
2980	3	5897421953640	none	2861	aa447411	512	224	0	2861
2981	4	5897439375600	none	2862	aa447411	512	224	0	2862
2982	5	5897456592100	none	2863	aa447411	512	224	0	2863
2983	6	5897473895900	none	2864	aa447411	512	224	0	2864
2984	7	5897491218870	none	2865	aa447411	512	224	0	2865
2985	0	5897508551670	none	2866	aa447411	512	224	0	2866
2986	1	5897521864350	none	2867	aa447411	512	224	0	2867
2987	2	5897539337690	none	2868	aa447411	512	224	0	2868
2988	3	5897556674180	none	2869	aa447411	512	224	0	2869
2989	4	5897574115300	none	2870	aa447411	512	224	0	2870
2990	5	5897591596860	none	2871	aa447411	512	224	0	2871
2991	6	5897605047540	none	2872	aa447411	512	224	0	2872
2992	7	5897622276710	none	2873	aa447411	512	224	0	2873
2993	0	5897639727040	none	2874	aa447411	512	224	0	2874
2994	1	5897657143270	none	2875	aa447411	512	224	0	2875
2995	2	5897674481560	none	2876	aa447411	512	224	0	2876
2996	3	5897691886080	none	2877	aa447411	512	224	0	2877
2997	4	5897705303920	none	2878	aa447411	512	224	0	2878
2998	5	5897722726810	none	2879	aa447411	512	224	0	2879
2999	6	5897740375780	none	2880	aa447411	512	224	0	2880
3000	7	5897757911570	none	2881	aa447411	512	224	0	2881
3001	0	5897771248490	none	2882	aa447411	512	224	0	2882
3002	1	5897788639070	none	2883	aa447411	512	224	0	2883
3003	2	5897806202310	none	2884	aa447411	512	224	0	2884
3004	3	5897823596860	none	2885	aa447411	512	224	0	2885
3005	4	5897840945540	none	2886	aa447411	512	224	0	2886
3006	5	5897854329100	none	2887	aa447411	512	224	0	2887
3007	6	5897871580710	none	2888	aa447411	512	224	0	2888
3008	7	5897889088860	none	2889	aa447411	512	224	0	2889
3009	0	5897906496260	none	2890	aa447411	512	224	0	2890
3010	1	5897923832860	none	2891	aa447411	512	224	0	2891
3011	2	5897941204790	none	2892	aa447411	512	224	0	2892
3012	3	5897954545810	none	2893	aa447411	512	224	0	2893
3013	4	5897972137960	none	2894	aa447411	512	224	0	2894
3014	5	5897989493120	none	2895	aa447411	512	224	0	2895
3015	6	5898006738400	none	2896	aa447411	512	224	0	2896
3016	7	5898024084970	none	2897	aa447411	512	224	0	2897
3017	0	5898037283510	none	2898	aa447411	512	224	0	2898
3018	1	5898054743500	none	2899	aa447411	512	224	0	2899
3019	2	5898072148660	none	2900	aa447411	512	224	0	2900
3020	3	5898089381000	none	2901	aa447411	512	224	0	2901
3021	4	5898106630430	none	2902	aa447411	512	224	0	2902
3022	5	5898124009170	none	2903	aa447411	512	224	0	2903
3023	6	5898137267100	none	2904	aa447411	512	224	0	2904
3024	7	5898154661550	none	2905	aa447411	512	224	0	2905
3025	0	5898172135790	none	2906	aa447411	512	224	0	2906
3026	1	5898189484410	none	2907	aa447411	512	224	0	2907
3027	2	5898206701400	none	2908	aa447411	512	224	0	2908
3028	3	5898224082480	none	2909	aa447411	512	224	0	2909
3029	4	5898237597500	none	2910	aa447411	512	224	0	2910
3030	5	5898255078690	none	2911	aa447411	512	224	0	2911
3031	6	5898272397790	none	2912	aa447411	512	224	0	2912
3032	7	5898289746810	none	2913	aa447411	512	224	0	2913
3033	0	5898307179360	none	2914	aa447411	512	224	0	2914
3034	1	5898320483180	none	2915	aa447411	512	224	0	2915
3035	2	5898337984330	none	2916	aa447411	512	224	0	2916
3036	3	5898355352630	none	2917	aa447411	512	224	0	2917
3037	4	5898372790710	none	2918	aa447411	512	224	0	2918
3038	5	5898390385380	none	2919	aa447411	512	224	0	2919
3039	6	5898403866680	none	2920	aa447411	512	224	0	2920
3040	7	5898421212900	none	2921	aa447411	512	224	0	2921
3041	0	5898438591320	none	2922	aa447411	512	224	0	2922
3042	1	5898455929270	none	2923	aa447411	512	224	0	2923
3043	2	5898473379320	none	2924	aa447411	512	224	0	2924
3044	3	5898486703310	none	2925	aa447411	512	224	0	2925
3045	4	5898504176770	none	2926	aa447411	512	224	0	2926
3046	5	5898521550380	none	2927	aa447411	512	224	0	2927
3047	6	5898538854310	none	2928	aa447411	512	224	0	2928
3048	7	5898556207550	none	2929	aa447411	512	224	0	2929
3049	0	5898573558000	none	2930	aa447411	512	224	0	2930
3050	1	5898586873000	none	2931	aa447411	512	224	0	2931
3051	2	5898604110540	none	2932	aa447411	512	224	0	2932
3052	3	5898621531250	none	2933	aa447411	512	224	0	2933
3053	4	5898638865130	none	2934	aa447411	512	224	0	2934
3054	5	5898656201730	none	2935	aa447411	512	224	0	2935
3055	6	5898669449430	none	2936	aa447411	512	224	0	2936
3056	7	5898686689050	none	2937	aa447411	512	224	0	2937
3057	0	5898704091880	none	2938	aa447411	512	224	0	2938
3058	1	5898721527100	none	2939	aa447411	512	224	0	2939
3059	2	5898738816450	none	2940	aa447411	512	224	0	2940
3060	3	5898756314950	none	2941	aa447411	512	224	0	2941
3061	4	5898769727580	none	2942	aa447411	512	224	0	2942
3062	5	5898787146790	none	2943	aa447411	512	224	0	2943
3063	6	5898804509090	none	2944	aa447411	512	224	0	2944
3064	7	5898821853270	none	2945	aa447411	512	224	0	2945
3065	0	5898839148830	none	2946	aa447411	512	224	0	2946
3066	1	5898852524740	none	2947	aa447411	512	224	0	2947
3067	2	5898869832450	none	2948	aa447411	512	224	0	2948
3068	3	5898887201400	none	2949	aa447411	512	224	0	2949
3069	4	5898904625450	none	2950	aa447411	512	224	0	2950
3070	5	5898922016640	none	2951	aa447411	512	224	0	2951
3071	6	5898939373790	none	2952	aa447411	512	224	0	2952
3072	7	5898952629960	none	2953	aa447411	512	224	0	2953
3073	0	5898969980810	none	2954	aa447411	512	224	0	2954
3074	1	5898987303910	none	2955	aa447411	512	224	0	2955
3075	2	5899004677040	none	2956	aa447411	512	224	0	2956
3076	3	5899022167020	none	2957	aa447411	512	224	0	2957
3077	4	5899035629220	none	2958	aa447411	512	224	0	2958
3078	5	5899052898650	none	2959	aa447411	512	224	0	2959
3079	6	5899070282560	none	2960	aa447411	512	224	0	2960
3080	7	5899087578720	none	2961	b0062f9f	512	224	0	2961
3081	0	5899104963940	none	2962	b0062f9f	512	224	0	2962
3082	1	5899122286160	none	2963	b0062f9f	512	224	0	2963
3083	2	5899135620920	none	2964	b0062f9f	512	224	0	2964
3084	3	5899152859630	none	2965	3cdd85ac	512	224	0	2965
3085	4	5899170289890	none	2966	3cdd85ac	512	224	0	2966
3086	5	5899187640880	none	2967	3cdd85ac	512	224	0	2967
3087	6	5899205242160	none	2968	3cdd85ac	512	224	0	2968
3088	7	5899218601350	none	2969	1ac8948c	512	224	0	2969
3089	0	5899235926770	none	2970	1ac8948c	512	224	0	2970
3090	1	5899253351420	none	2971	1ac8948c	512	224	0	2971
3091	2	5899270904230	none	2972	1ac8948c	512	224	0	2972
3092	3	5899288386400	none	2973	40041a10	512	224	0	2973
3093	4	5899301856280	none	2974	40041a10	512	224	0	2974
3094	5	5899319141560	none	2975	40041a10	512	224	0	2975
3095	6	5899336553990	none	2976	40041a10	512	224	0	2976
3096	7	5899353846000	none	2977	40041a10	512	224	0	2977
3097	0	5899371287520	none	2978	40041a10	512	224	0	2978
3098	1	5899388754600	none	2979	40041a10	512	224	0	2979
3099	2	5899402199610	none	2980	40041a10	512	224	0	2980
3100	3	5899419566140	none	2981	6bc77450	512	224	0	2981
3101	4	5899436977300	none	2982	6bc77450	512	224	0	2982
3102	5	5899454375030	none	2983	6bc77450	512	224	0	2983
3103	6	5899471583660	none	2984	6bc77450	512	224	0	2984
3104	7	5899484779510	none	2985	36f0b251	512	224	0	2985
3105	0	5899502155890	none	2986	36f0b251	512	224	0	2986
3106	1	5899519505560	none	2987	36f0b251	512	224	0	2987
3107	2	5899536838530	none	2988	36f0b251	512	224	0	2988
3108	3	5899554120110	none	2989	8e845148	512	224	0	2989
3109	4	5899571582640	none	2990	8e845148	512	224	0	2990
3110	5	5899584965330	none	2991	8e845148	512	224	0	2991
3111	6	5899602296450	none	2992	8e845148	512	224	0	2992
3112	7	5899619782340	none	2993	24877bc0	512	224	0	2993
3113	0	5899637160750	none	2994	24877bc0	512	224	0	2994
3114	1	5899654667230	none	2995	24877bc0	512	224	0	2995
3115	2	5899667878950	none	2996	24877bc0	512	224	0	2996
3116	3	5899685973050	none	2997	24877bc0	512	224	0	2997
3117	4	5899703791330	none	2998	24877bc0	512	224	0	2998
3118	5	5899721264820	none	2999	24877bc0	512	224	0	2999
3119	6	5899734720110	none	3000	24877bc0	512	224	0	3000
3120	7	5899752540780	none	3001	1968a045	512	224	0	3001
3121	0	5899770076080	none	3002	1968a045	512	224	0	3002
3122	1	5899787632730	none	3003	1968a045	512	224	0	3003
3123	2	5899801037970	none	3004	1968a045	512	224	0	3004
3124	3	5899818849940	none	3005	94832000	512	224	0	3005
3125	4	5899836264420	none	3006	94832000	512	224	0	3006
3126	5	5899853780950	none	3007	94832000	512	224	0	3007
3127	6	5899871226140	none	3008	94832000	512	224	0	3008
3128	7	5899884721330	none	3009	4d74199a	512	224	0	3009
3129	0	5899902437570	none	3010	4d74199a	512	224	0	3010
3130	1	5899920014750	none	3011	4d74199a	512	224	0	3011
3131	2	5899937882720	none	3012	4d74199a	512	224	0	3012
3132	3	5899952088780	none	3013	c806a1c5	512	224	0	3013
3133	4	5899969743120	none	3014	c806a1c5	512	224	0	3014
3134	5	5899987220660	none	3015	c806a1c5	512	224	0	3015
3135	6	5900000729380	none	3016	c806a1c5	512	224	0	3016
3136	7	5900018560710	none	3017	c806a1c5	512	224	0	3017
3137	0	5900036432890	none	3018	c806a1c5	512	224	0	3018
3138	1	5900054119900	none	3019	c806a1c5	512	224	0	3019
3139	2	5900067672990	none	3020	c806a1c5	512	224	0	3020
3140	3	5900085661670	none	3021	e9ad61e2	512	224	0	3021
3141	4	5900103539580	none	3022	e9ad61e2	512	224	0	3022
3142	5	5900121006650	none	3023	e9ad61e2	512	224	0	3023
3143	6	5900134799390	none	3024	e9ad61e2	512	224	0	3024
3144	7	5900152296140	none	3025	6b5dcf50	512	224	0	3025
3145	0	5900169803640	none	3026	6b5dcf50	512	224	0	3026
3146	1	5900187627920	none	3027	6b5dcf50	512	224	0	3027
3147	2	5900200942330	none	3028	6b5dcf50	512	224	0	3028
3148	3	5900218601250	none	3029	ffa3194f	512	224	0	3029
3149	4	5900236012790	none	3030	ffa3194f	512	224	0	3030
3150	5	5900253448560	none	3031	ffa3194f	512	224	0	3031
3151	6	5900270687460	none	3032	ffa3194f	512	224	0	3032
3152	7	5900283935220	none	3033	a3470db8	512	224	0	3033
3153	0	5900301360760	none	3034	a3470db8	512	224	0	3034
3154	1	5900318820690	none	3035	a3470db8	512	224	0	3035
3155	2	5900336676940	none	3036	a3470db8	512	224	0	3036
3156	3	5900350042810	none	3037	49d29ebd	512	224	0	3037
3157	4	5900368067320	none	3038	49d29ebd	512	224	0	3038
3158	5	5900385711540	none	3039	49d29ebd	512	224	0	3039
3159	6	5900403631710	none	3040	49d29ebd	512	224	0	3040
3160	7	5900417264970	none	3041	b047cc50	512	224	0	3041
3161	0	5900435023460	none	3042	b047cc50	512	224	0	3042
3162	1	5900452659390	none	3043	b047cc50	512	224	0	3043
3163	2	5900470151170	none	3044	b047cc50	512	224	0	3044
3164	3	5900483606530	none	3045	e5a7ea36	512	224	0	3045
3165	4	5900501515160	none	3046	e5a7ea36	512	224	0	3046
3166	5	5900519338840	none	3047	e5a7ea36	512	224	0	3047
3167	6	5900533090330	none	3048	e5a7ea36	512	224	0	3048
3168	7	5900550491970	none	3049	b598065c	512	224	0	3049
3169	0	5900568445490	none	3050	b598065c	512	224	0	3050
3170	1	5900585951580	none	3051	b598065c	512	224	0	3051
3171	2	5900603558780	none	3052	b598065c	512	224	0	3052
3172	3	5900617152400	none	3053	9e1a9a17	512	224	0	3053
3173	4	5900635023760	none	3054	9e1a9a17	512	224	0	3054
3174	5	5900652431600	none	3055	9e1a9a17	512	224	0	3055
3175	6	5900669797240	none	3056	9e1a9a17	512	224	0	3056
3176	7	5900683214550	none	3057	c843bde4	512	224	0	3057
3177	0	5900700654550	none	3058	c843bde4	512	224	0	3058
3178	1	5900717927900	none	3059	c843bde4	512	224	0	3059
3179	2	5900735357780	none	3060	c843bde4	512	224	0	3060
3180	3	5900749379900	none	3061	c843bde4	512	224	0	3061
3181	4	5900767212780	none	3062	c843bde4	512	224	0	3062
3182	5	5900784760360	none	3063	c843bde4	512	224	0	3063
3183	6	5900802686500	none	3064	c843bde4	512	224	0	3064
3184	7	5900816313660	none	3065	cb700e58	512	224	0	3065
3185	0	5900833908690	none	3066	cb700e58	512	224	0	3066
3186	1	5900851719600	none	3067	cb700e58	512	224	0	3067
3187	2	5900869126800	none	3068	cb700e58	512	224	0	3068
3188	3	5900882486200	none	3069	e0d29450	512	224	0	3069
3189	4	5900899981930	none	3070	e0d29450	512	224	0	3070
3190	5	5900917411310	none	3071	e0d29450	512	224	0	3071
3191	6	5900934774440	none	3072	e0d29450	512	224	0	3072
3192	7	5900952268280	none	3073	50c8ece9	512	224	0	3073
3193	0	5900969663570	none	3074	50c8ece9	512	224	0	3074
3194	1	5900983056040	none	3075	50c8ece9	512	224	0	3075
3195	2	5901000336180	none	3076	50c8ece9	512	224	0	3076
3196	3	5901017800410	none	3077	5f45c180	512	224	0	3077
3197	4	5901035239690	none	3078	5f45c180	512	224	0	3078
3198	5	5901052517660	none	3079	5f45c180	512	224	0	3079
3199	6	5901065901090	none	3080	5f45c180	512	224	0	3080
3200	7	5901083337840	none	3081	20858182	512	224	0	3081
3201	0	5901100864850	none	3082	20858182	512	224	0	3082
3202	1	5901118312230	none	3083	20858182	512	224	0	3083
3203	2	5901135705900	none	3084	20858182	512	224	0	3084
3204	3	5901149100450	none	3085	a9b48ceb	512	224	0	3085
3205	4	5901166479070	none	3086	a9b48ceb	512	224	0	3086
3206	5	5901183999060	none	3087	a9b48ceb	512	224	0	3087
3207	6	5901201530810	none	3088	a9b48ceb	512	224	0	3088
3208	7	5901218880510	none	3089	a9b48ceb	512	224	0	3089
3209	0	5901232119490	none	3090	a9b48ceb	512	224	0	3090
3210	1	5901249512300	none	3091	a9b48ceb	512	224	0	3091
3211	2	5901266949430	none	3092	a9b48ceb	512	224	0	3092
3212	3	5901284306980	none	3093	5bcc3773	512	224	0	3093
3213	4	5901301772660	none	3094	5bcc3773	512	224	0	3094
3214	5	5901319058320	none	3095	5bcc3773	512	224	0	3095
3215	6	5901332401990	none	3096	5bcc3773	512	224	0	3096
3216	7	5901349669580	none	3097	22909289	512	224	0	3097
3217	0	5901367103130	none	3098	22909289	512	224	0	3098
3218	1	5901384486520	none	3099	22909289	512	224	0	3099
3219	2	5901401799510	none	3100	22909289	512	224	0	3100
3220	3	5901415042850	none	3101	807f7f22	512	224	0	3101
3221	4	5901432509130	none	3102	807f7f22	512	224	0	3102
3222	5	5901450054700	none	3103	807f7f22	512	224	0	3103
3223	6	5901467428000	none	3104	807f7f22	512	224	0	3104
3224	7	5901484908770	none	3105	807f7f22	512	224	0	3105
3225	0	5901498318980	none	3106	807f7f22	512	224	0	3106
3226	1	5901515876540	none	3107	807f7f22	512	224	0	3107
3227	2	5901533327610	none	3108	807f7f22	512	224	0	3108
3228	3	5901550838200	none	3109	963b45e9	512	224	0	3109
3229	4	5901568211420	none	3110	963b45e9	512	224	0	3110
3230	5	5901581532160	none	3111	963b45e9	512	224	0	3111
3231	6	5901598826690	none	3112	963b45e9	512	224	0	3112
3232	7	5901616187350	none	3113	b9b73ddb	512	224	0	3113
3233	0	5901633625250	none	3114	b9b73ddb	512	224	0	3114
3234	1	5901650894780	none	3115	b9b73ddb	512	224	0	3115
3235	2	5901668320860	none	3116	b9b73ddb	512	224	0	3116
3236	3	5901681833600	none	3117	5cbcb856	512	224	0	3117
3237	4	5901699088030	none	3118	5cbcb856	512	224	0	3118
3238	5	5901716523790	none	3119	5cbcb856	512	224	0	3119
3239	6	5901734049510	none	3120	5cbcb856	512	224	0	3120
3240	7	5901751474520	none	3121	9a226443	512	224	0	3121
3241	0	5901765024700	none	3122	9a226443	512	224	0	3122
3242	1	5901782467240	none	3123	9a226443	512	224	0	3123
3243	2	5901799918840	none	3124	9a226443	512	224	0	3124
3244	3	5901817394470	none	3125	cbb65767	512	224	0	3125
3245	4	5901830880600	none	3126	cbb65767	512	224	0	3126
3246	5	5901848315220	none	3127	cbb65767	512	224	0	3127
3247	6	5901865680970	none	3128	cbb65767	512	224	0	3128
3248	7	5901883100170	none	3129	cbb65767	512	224	0	3129
3249	0	5901900384640	none	3130	cbb65767	512	224	0	3130
3250	1	5901917783650	none	3131	cbb65767	512	224	0	3131
3251	2	5901931052160	none	3132	cbb65767	512	224	0	3132
3252	3	5901948380220	none	3133	b6b4804f	512	224	0	3133
3253	4	5901965809610	none	3134	b6b4804f	512	224	0	3134
3254	5	5901983312340	none	3135	b6b4804f	512	224	0	3135
3255	6	5902000846230	none	3136	b6b4804f	512	224	0	3136
3256	7	5902014172040	none	3137	efdad7fe	512	224	0	3137
3257	0	5902031498250	none	3138	efdad7fe	512	224	0	3138
3258	1	5902048822250	none	3139	efdad7fe	512	224	0	3139
3259	2	5902066177010	none	3140	efdad7fe	512	224	0	3140
3260	3	5902083664080	none	3141	4de22efd	512	224	0	3141
3261	4	5902101115240	none	3142	4de22efd	512	224	0	3142
3262	5	5902114397190	none	3143	4de22efd	512	224	0	3143
3263	6	5902131628040	none	3144	4de22efd	512	224	0	3144
3264	7	5902149071420	none	3145	90765ca9	512	224	0	3145
3265	0	5902166548930	none	3146	90765ca9	512	224	0	3146
3266	1	5902184002920	none	3147	90765ca9	512	224	0	3147
3267	2	5902197422390	none	3148	90765ca9	512	224	0	3148
3268	3	5902214982580	none	3149	580a0aa8	512	224	0	3149
3269	4	5902232391070	none	3150	580a0aa8	512	224	0	3150
3270	5	5902249877690	none	3151	580a0aa8	512	224	0	3151
3271	6	5902267349160	none	3152	580a0aa8	512	224	0	3152
3272	7	5902280669770	none	3153	580a0aa8	512	224	0	3153
3273	0	5902298324210	none	3154	580a0aa8	512	224	0	3154
3274	1	5902315707540	none	3155	580a0aa8	512	224	0	3155
3275	2	5902333111760	none	3156	580a0aa8	512	224	0	3156
3276	3	5902350555950	none	3157	39827a0f	512	224	0	3157
3277	4	5902363989400	none	3158	39827a0f	512	224	0	3158
3278	5	5902381411810	none	3159	39827a0f	512	224	0	3159
3279	6	5902398810740	none	3160	39827a0f	512	224	0	3160
3280	7	5902416197080	none	3161	ddf15a22	512	224	0	3161
3281	0	5902433627130	none	3162	ddf15a22	512	224	0	3162
3282	1	5902447082360	none	3163	ddf15a22	512	224	0	3163
3283	2	5902464454450	none	3164	ddf15a22	512	224	0	3164
3284	3	5902481874220	none	3165	709dd370	512	224	0	3165
3285	4	5902499128750	none	3166	709dd370	512	224	0	3166
3286	5	5902516553700	none	3167	709dd370	512	224	0	3167
3287	6	5902529942050	none	3168	709dd370	512	224	0	3168
3288	7	5902547374610	none	3169	46a54732	512	224	0	3169
3289	0	5902564745500	none	3170	46a54732	512	224	0	3170
3290	1	5902582162020	none	3171	46a54732	512	224	0	3171
3291	2	5902599585990	none	3172	46a54732	512	224	0	3172
3292	3	5902613068650	none	3173	4c2a628d	512	224	0	3173
3293	4	5902630298240	none	3174	4c2a628d	512	224	0	3174
3294	5	5902647786370	none	3175	4c2a628d	512	224	0	3175
3295	6	5902665207490	none	3176	4c2a628d	512	224	0	3176
3296	7	5902682457760	none	3177	5546cd39	512	224	0	3177
3297	0	5902699732360	none	3178	5546cd39	512	224	0	3178
3298	1	5902713161420	none	3179	5546cd39	512	224	0	3179
3299	2	5902730614190	none	3180	5546cd39	512	224	0	3180
3300	3	5902747892790	none	3181	e72fff3f	512	224	0	3181
3301	4	5902765855200	none	3182	e72fff3f	512	224	0	3182
3302	5	5902779772910	none	3183	e72fff3f	512	224	0	3183
3303	6	5902797171090	none	3184	e72fff3f	512	224	0	3184
3304	7	5902814639490	none	3185	e72fff3f	512	224	0	3185
3305	0	5902832056810	none	3186	e72fff3f	512	224	0	3186
3306	1	5902849466760	none	3187	e72fff3f	512	224	0	3187
3307	2	5902863022810	none	3188	e72fff3f	512	224	0	3188
3308	3	5902880276520	none	3189	e72fff3f	512	224	0	3189
3309	4	5902897751410	none	3190	e72fff3f	512	224	0	3190
3310	5	5902915104140	none	3191	e72fff3f	512	224	0	3191
3311	6	5902932544390	none	3192	e72fff3f	512	224	0	3192
3312	7	5902945924830	none	3193	e72fff3f	512	224	0	3193
3313	0	5902963324520	none	3194	e72fff3f	512	224	0	3194
3314	1	5902980603610	none	3195	e72fff3f	512	224	0	3195
3315	2	5902997903370	none	3196	e72fff3f	512	224	0	3196
3316	3	5903015245740	none	3197	e72fff3f	512	224	0	3197
3317	4	5903032560730	none	3198	e72fff3f	512	224	0	3198
3318	5	5903045907420	none	3199	e72fff3f	512	224	0	3199
3319	6	5903063321230	none	3200	e72fff3f	512	224	0	3200
3320	7	5903080689380	none	3201	e72fff3f	512	224	0	3201
3321	0	5903098170650	none	3202	e72fff3f	512	224	0	3202
3322	1	5903115566980	none	3203	e72fff3f	512	224	0	3203
3323	2	5903128747690	none	3204	e72fff3f	512	224	0	3204
3324	3	5903146154400	none	3205	e72fff3f	512	224	0	3205
3325	4	5903163503880	none	3206	e72fff3f	512	224	0	3206
3326	5	5903180913780	none	3207	e72fff3f	512	224	0	3207
3327	6	5903198345140	none	3208	e72fff3f	512	224	0	3208
3328	7	5903215856290	none	3209	e72fff3f	512	224	0	3209
3329	0	5903229271900	none	3210	e72fff3f	512	224	0	3210
3330	1	5903246593980	none	3211	e72fff3f	512	224	0	3211
3331	2	5903263984390	none	3212	e72fff3f	512	224	0	3212
3332	3	5903281216780	none	3213	e72fff3f	512	224	0	3213
3333	4	5903298646100	none	3214	e72fff3f	512	224	0	3214
3334	5	5903312103700	none	3215	e72fff3f	512	224	0	3215
3335	6	5903329465900	none	3216	e72fff3f	512	224	0	3216
3336	7	5903346856010	none	3217	e72fff3f	512	224	0	3217
3337	0	5903364100360	none	3218	e72fff3f	512	224	0	3218
3338	1	5903381370680	none	3219	e72fff3f	512	224	0	3219
3339	2	5903398701440	none	3220	e72fff3f	512	224	0	3220
3340	3	5903412183870	none	3221	e72fff3f	512	224	0	3221
3341	4	5903429566930	none	3222	e72fff3f	512	224	0	3222
3342	5	5903446941310	none	3223	e72fff3f	512	224	0	3223
3343	6	5903464320420	none	3224	e72fff3f	512	224	0	3224
3344	7	5903481573760	none	3225	e72fff3f	512	224	0	3225
3345	0	5903494968810	none	3226	e72fff3f	512	224	0	3226
3346	1	5903512354470	none	3227	e72fff3f	512	224	0	3227
3347	2	5903529965650	none	3228	e72fff3f	512	224	0	3228
3348	3	5903547384420	none	3229	e72fff3f	512	224	0	3229
3349	4	5903564897220	none	3230	e72fff3f	512	224	0	3230
3350	5	5903578089020	none	3231	e72fff3f	512	224	0	3231
3351	6	5903595539810	none	3232	e72fff3f	512	224	0	3232
3352	7	5903612804540	none	3233	e72fff3f	512	224	0	3233
3353	0	5903630217050	none	3234	e72fff3f	512	224	0	3234
3354	1	5903647530690	none	3235	e72fff3f	512	224	0	3235
3355	2	5903664985470	none	3236	e72fff3f	512	224	0	3236
3356	3	5903678347520	none	3237	e72fff3f	512	224	0	3237
3357	4	5903695806130	none	3238	e72fff3f	512	224	0	3238
3358	5	5903713302270	none	3239	e72fff3f	512	224	0	3239
3359	6	5903730831510	none	3240	e72fff3f	512	224	0	3240
3360	7	5903748210920	none	3241	e72fff3f	512	224	0	3241
3361	0	5903761604720	none	3242	e72fff3f	512	224	0	3242
3362	1	5903779090940	none	3243	e72fff3f	512	224	0	3243
3363	2	5903796496880	none	3244	e72fff3f	512	224	0	3244
3364	3	5903814039060	none	3245	e72fff3f	512	224	0	3245
3365	4	5903831463210	none	3246	e72fff3f	512	224	0	3246
3366	5	5903844742400	none	3247	e72fff3f	512	224	0	3247
3367	6	5903862095980	none	3248	e72fff3f	512	224	0	3248
3368	7	5903879316450	none	3249	e72fff3f	512	224	0	3249
3369	0	5903896586610	none	3250	e72fff3f	512	224	0	3250
3370	1	5903914103500	none	3251	e72fff3f	512	224	0	3251
3371	2	5903927451220	none	3252	e72fff3f	512	224	0	3252
3372	3	5903944902660	none	3253	e72fff3f	512	224	0	3253
3373	4	5903962235850	none	3254	e72fff3f	512	224	0	3254
3374	5	5903979602050	none	3255	e72fff3f	512	224	0	3255
3375	6	5903997045980	none	3256	e72fff3f	512	224	0	3256
3376	7	5904014587480	none	3257	e72fff3f	512	224	0	3257
3377	0	5904028009450	none	3258	e72fff3f	512	224	0	3258
3378	1	5904045247580	none	3259	e72fff3f	512	224	0	3259
3379	2	5904062528260	none	3260	e72fff3f	512	224	0	3260
3380	3	5904079896490	none	3261	e72fff3f	512	224	0	3261
3381	4	5904097334470	none	3262	e72fff3f	512	224	0	3262
3382	5	5904110844680	none	3263	e72fff3f	512	224	0	3263
3383	6	5904128093000	none	3264	e72fff3f	512	224	0	3264
3384	7	5904145320600	none	3265	e72fff3f	512	224	0	3265
3385	0	5904162708930	none	3266	e72fff3f	512	224	0	3266
3386	1	5904179967490	none	3267	e72fff3f	512	224	0	3267
3387	2	5904197384440	none	3268	e72fff3f	512	224	0	3268
3388	3	5904210823640	none	3269	e72fff3f	512	224	0	3269
3389	4	5904228175240	none	3270	e72fff3f	512	224	0	3270
3390	5	5904245577520	none	3271	e72fff3f	512	224	0	3271
3391	6	5904263046110	none	3272	e72fff3f	512	224	0	3272
3392	7	5904280276940	none	3273	e72fff3f	512	224	0	3273
3393	0	5904293545190	none	3274	e72fff3f	512	224	0	3274
3394	1	5904311153250	none	3275	e72fff3f	512	224	0	3275
3395	2	5904328499560	none	3276	e72fff3f	512	224	0	3276
3396	3	5904345964260	none	3277	e72fff3f	512	224	0	3277
3397	4	5904363364490	none	3278	e72fff3f	512	224	0	3278
3398	5	5904376746990	none	3279	e72fff3f	512	224	0	3279
3399	6	5904394058970	none	3280	e72fff3f	512	224	0	3280
3400	7	5904411504900	none	3281	e72fff3f	512	224	0	3281
3401	0	5904428971490	none	3282	e72fff3f	512	224	0	3282
3402	1	5904446270480	none	3283	e72fff3f	512	224	0	3283
3403	2	5904463665190	none	3284	e72fff3f	512	224	0	3284
3404	3	5904476894240	none	3285	e72fff3f	512	224	0	3285
3405	4	5904494242430	none	3286	e72fff3f	512	224	0	3286
3406	5	5904511538950	none	3287	e72fff3f	512	224	0	3287
3407	6	5904528844710	none	3288	e72fff3f	512	224	0	3288
3408	7	5904546200590	none	3289	e72fff3f	512	224	0	3289
3409	0	5904563678020	none	3290	e72fff3f	512	224	0	3290
3410	1	5904577064590	none	3291	e72fff3f	512	224	0	3291
3411	2	5904594421970	none	3292	e72fff3f	512	224	0	3292
3412	3	5904611878810	none	3293	e72fff3f	512	224	0	3293
3413	4	5904629461400	none	3294	e72fff3f	512	224	0	3294
3414	5	5904642968290	none	3295	e72fff3f	512	224	0	3295
3415	6	5904660245170	none	3296	e72fff3f	512	224	0	3296
3416	7	5904677532390	none	3297	e72fff3f	512	224	0	3297
3417	0	5904694897160	none	3298	e72fff3f	512	224	0	3298
3418	1	5904712330050	none	3299	e72fff3f	512	224	0	3299
3419	2	5904729677160	none	3300	e72fff3f	512	224	0	3300
3420	3	5904743039800	none	3301	e72fff3f	512	224	0	3301
3421	4	5904760283950	none	3302	e72fff3f	512	224	0	3302
3422	5	5904777612750	none	3303	e72fff3f	512	224	0	3303
3423	6	5904794934330	none	3304	e72fff3f	512	224	0	3304
3424	7	5904812374810	none	3305	e72fff3f	512	224	0	3305
3425	0	5904829715230	none	3306	e72fff3f	512	224	0	3306
3426	1	5904843043830	none	3307	e72fff3f	512	224	0	3307
3427	2	5904860293210	none	3308	e72fff3f	512	224	0	3308
3428	3	5904877780440	none	3309	e72fff3f	512	224	0	3309
3429	4	5904895093300	none	3310	e72fff3f	512	224	0	3310
3430	5	5904912506550	none	3311	e72fff3f	512	224	0	3311
3431	6	5904925876650	none	3312	e72fff3f	512	224	0	3312
3432	7	5904943293630	none	3313	e72fff3f	512	224	0	3313
3433	0	5904960653080	none	3314	e72fff3f	512	224	0	3314
3434	1	5904977975890	none	3315	e72fff3f	512	224	0	3315
3435	2	5904995307210	none	3316	e72fff3f	512	224	0	3316
3436	3	5905012763950	none	3317	e72fff3f	512	224	0	3317
3437	4	5905026029010	none	3318	e72fff3f	512	224	0	3318
3438	5	5905043350400	none	3319	e72fff3f	512	224	0	3319
3439	6	5905060932610	none	3320	e72fff3f	512	224	0	3320
3440	7	5905078298000	none	3321	e72fff3f	512	224	0	3321
3441	0	5905095669520	none	3322	e72fff3f	512	224	0	3322
3442	1	5905109067350	none	3323	e72fff3f	512	224	0	3323
3443	2	5905126578090	none	3324	e72fff3f	512	224	0	3324
3444	3	5905143999800	none	3325	e72fff3f	512	224	0	3325
3445	4	5905161574030	none	3326	e72fff3f	512	224	0	3326
3446	5	5905179122270	none	3327	e72fff3f	512	224	0	3327
3447	6	5905192445280	none	3328	e72fff3f	512	224	0	3328
3448	7	5905209753470	none	3329	e72fff3f	512	224	0	3329
3449	0	5905227117940	none	3330	e72fff3f	512	224	0	3330
3450	1	5905244592070	none	3331	e72fff3f	512	224	0	3331
3451	2	5905262011040	none	3332	e72fff3f	512	224	0	3332
3452	3	5905275326840	none	3333	e72fff3f	512	224	0	3333
3453	4	5905292719490	none	3334	e72fff3f	512	224	0	3334
3454	5	5905310177310	none	3335	e72fff3f	512	224	0	3335
3455	6	5905327492490	none	3336	e72fff3f	512	224	0	3336
3456	7	5905344817980	none	3337	e72fff3f	512	224	0	3337
3457	0	5905362150470	none	3338	e72fff3f	512	224	0	3338
3458	1	5905375492730	none	3339	e72fff3f	512	224	0	3339
3459	2	5905392874740	none	3340	e72fff3f	512	224	0	3340
3460	3	5905410263400	none	3341	e72fff3f	512	224	0	3341
3461	4	5905427688440	none	3342	e72fff3f	512	224	0	3342
3462	5	5905445019050	none	3343	e72fff3f	512	224	0	3343
3463	6	5905458329070	none	3344	e72fff3f	512	224	0	3344
3464	7	5905475795940	none	3345	e72fff3f	512	224	0	3345
3465	0	5905493058750	none	3346	e72fff3f	512	224	0	3346
3466	1	5905510470030	none	3347	e72fff3f	512	224	0	3347
3467	2	5905527790700	none	3348	e72fff3f	512	224	0	3348
3468	3	5905545222470	none	3349	e72fff3f	512	224	0	3349
3469	4	5905558615530	none	3350	e72fff3f	512	224	0	3350
3470	5	5905576077370	none	3351	e72fff3f	512	224	0	3351
3471	6	5905593408810	none	3352	e72fff3f	512	224	0	3352
3472	7	5905610800390	none	3353	e72fff3f	512	224	0	3353
3473	0	5905628266110	none	3354	e72fff3f	512	224	0	3354
3474	1	5905641789300	none	3355	e72fff3f	512	224	0	3355
3475	2	5905659053830	none	3356	e72fff3f	512	224	0	3356
3476	3	5905676459080	none	3357	e72fff3f	512	224	0	3357
3477	4	5905693786850	none	3358	e72fff3f	512	224	0	3358
3478	5	5905711154550	none	3359	e72fff3f	512	224	0	3359
3479	6	5905724546470	none	3360	e72fff3f	512	224	0	3360
3480	7	5905742029820	none	3361	e72fff3f	512	224	0	3361
3481	0	5905759407240	none	3362	e72fff3f	512	224	0	3362
3482	1	5905776790410	none	3363	e72fff3f	512	224	0	3363
3483	2	5905794041820	none	3364	e72fff3f	512	224	0	3364
3484	3	5905811431450	none	3365	e72fff3f	512	224	0	3365
3485	4	5905824681400	none	3366	e72fff3f	512	224	0	3366
3486	5	5905842037420	none	3367	e72fff3f	512	224	0	3367
3487	6	5905859457850	none	3368	e72fff3f	512	224	0	3368
3488	7	5905876828280	none	3369	e72fff3f	512	224	0	3369
3489	0	5905894223800	none	3370	e72fff3f	512	224	0	3370
3490	1	5905911474340	none	3371	e72fff3f	512	224	0	3371
3491	2	5905924991070	none	3372	e72fff3f	512	224	0	3372
3492	3	5905942347460	none	3373	e72fff3f	512	224	0	3373
3493	4	5905959857750	none	3374	e72fff3f	512	224	0	3374
3494	5	5905977197390	none	3375	e72fff3f	512	224	0	3375
3495	6	5905994571390	none	3376	e72fff3f	512	224	0	3376
3496	7	5906007966400	none	3377	e72fff3f	512	224	0	3377
3497	0	5906025205700	none	3378	e72fff3f	512	224	0	3378
3498	1	5906042505190	none	3379	e72fff3f	512	224	0	3379
3499	2	5906059925940	none	3380	e72fff3f	512	224	0	3380
3500	3	5906077330500	none	3381	e72fff3f	512	224	0	3381
3501	4	5906090816330	none	3382	e72fff3f	512	224	0	3382
3502	5	5906108243800	none	3383	e72fff3f	512	224	0	3383
3503	6	5906125613710	none	3384	e72fff3f	512	224	0	3384
3504	7	5906142825570	none	3385	e72fff3f	512	224	0	3385
3505	0	5906160190710	none	3386	e72fff3f	512	224	0	3386
3506	1	5906177516580	none	3387	e72fff3f	512	224	0	3387
3507	2	5906190820780	none	3388	e72fff3f	512	224	0	3388
3508	3	5906208296450	none	3389	e72fff3f	512	224	0	3389
3509	4	5906225749830	none	3390	e72fff3f	512	224	0	3390
3510	5	5906243131360	none	3391	e72fff3f	512	224	0	3391
3511	6	5906260551930	none	3392	e72fff3f	512	224	0	3392
3512	7	5906273989270	none	3393	e72fff3f	512	224	0	3393
3513	0	5906291211560	none	3394	e72fff3f	512	224	0	3394
3514	1	5906308621320	none	3395	e72fff3f	512	224	0	3395
3515	2	5906326092650	none	3396	e72fff3f	512	224	0	3396
3516	3	5906343443250	none	3397	e72fff3f	512	224	0	3397
3517	4	5906356797230	none	3398	e72fff3f	512	224	0	3398
3518	5	5906374050800	none	3399	e72fff3f	512	224	0	3399
3519	6	5906391438250	none	3400	e72fff3f	512	224	0	3400
3520	7	5906408989450	none	3401	e72fff3f	512	224	0	3401
3521	0	5906426428600	none	3402	e72fff3f	512	224	0	3402
3522	1	5906443903760	none	3403	e72fff3f	512	224	0	3403
3523	2	5906457547100	none	3404	e72fff3f	512	224	0	3404
3524	3	5906474914700	none	3405	e72fff3f	512	224	0	3405
3525	4	5906492316410	none	3406	e72fff3f	512	224	0	3406
3526	5	5906509849890	none	3407	e72fff3f	512	224	0	3407
3527	6	5906523157900	none	3408	e72fff3f	512	224	0	3408
3528	7	5906540556410	none	3409	e72fff3f	512	224	0	3409
3529	0	5906557995720	none	3410	e72fff3f	512	224	0	3410
3530	1	5906575234550	none	3411	e72fff3f	512	224	0	3411
3531	2	5906592486660	none	3412	e72fff3f	512	224	0	3412
3532	3	5906609944550	none	3413	e72fff3f	512	224	0	3413
3533	4	5906623296200	none	3414	e72fff3f	512	224	0	3414
3534	5	5906640779260	none	3415	e72fff3f	512	224	0	3415
3535	6	5906658248880	none	3416	e72fff3f	512	224	0	3416
3536	7	5906675604080	none	3417	e72fff3f	512	224	0	3417
3537	0	5906693100580	none	3418	e72fff3f	512	224	0	3418
3538	1	5906706329390	none	3419	e72fff3f	512	224	0	3419
3539	2	5906723662590	none	3420	e72fff3f	512	224	0	3420
3540	3	5906741082720	none	3421	e72fff3f	512	224	0	3421
3541	4	5906758420730	none	3422	e72fff3f	512	224	0	3422
3542	5	5906775780990	none	3423	e72fff3f	512	224	0	3423
3543	6	5906793260580	none	3424	e72fff3f	512	224	0	3424
3544	7	5906806598250	none	3425	e72fff3f	512	224	0	3425
3545	0	5906823969400	none	3426	e72fff3f	512	224	0	3426
3546	1	5906841414630	none	3427	e72fff3f	512	224	0	3427
3547	2	5906858731720	none	3428	e72fff3f	512	224	0	3428
3548	3	5906876092650	none	3429	e72fff3f	512	224	0	3429
3549	4	5906889388860	none	3430	e72fff3f	512	224	0	3430
3550	5	5906906827210	none	3431	e72fff3f	512	224	0	3431
3551	6	5906924210780	none	3432	e72fff3f	512	224	0	3432
3552	7	5906941479420	none	3433	e72fff3f	512	224	0	3433
3553	0	5906958903310	none	3434	e72fff3f	512	224	0	3434
3554	1	5906976426440	none	3435	e72fff3f	512	224	0	3435
3555	2	5906989675100	none	3436	e72fff3f	512	224	0	3436
3556	3	5907007091040	none	3437	e72fff3f	512	224	0	3437
3557	4	5907024494080	none	3438	e72fff3f	512	224	0	3438
3558	5	5907041863620	none	3439	e72fff3f	512	224	0	3439
3559	6	5907059228850	none	3440	e72fff3f	512	224	0	3440
3560	7	5907072535200	none	3441	e72fff3f	512	224	0	3441
3561	0	5907089920410	none	3442	e72fff3f	512	224	0	3442
3562	1	5907107319810	none	3443	e72fff3f	512	224	0	3443
3563	2	5907124633710	none	3444	e72fff3f	512	224	0	3444
3564	3	5907142025660	none	3445	e72fff3f	512	224	0	3445
3565	4	5907159299060	none	3446	e72fff3f	512	224	0	3446
3566	5	5907172786210	none	3447	e72fff3f	512	224	0	3447
3567	6	5907190178870	none	3448	e72fff3f	512	224	0	3448
3568	7	5907207732240	none	3449	e72fff3f	512	224	0	3449
3569	0	5907225153640	none	3450	e72fff3f	512	224	0	3450
3570	1	5907242515450	none	3451	e72fff3f	512	224	0	3451
3571	2	5907255814560	none	3452	e72fff3f	512	224	0	3452
3572	3	5907273244110	none	3453	e72fff3f	512	224	0	3453
3573	4	5907290752140	none	3454	e72fff3f	512	224	0	3454
3574	5	5907308137930	none	3455	e72fff3f	512	224	0	3455
3575	6	5907325526340	none	3456	e72fff3f	512	224	0	3456
3576	7	5907338751030	none	3457	e72fff3f	512	224	0	3457
3577	0	5907356183070	none	3458	e72fff3f	512	224	0	3458
3578	1	5907373675400	none	3459	e72fff3f	512	224	0	3459
3579	2	5907391094970	none	3460	e72fff3f	512	224	0	3460
3580	3	5907408629840	none	3461	e72fff3f	512	224	0	3461
3581	4	5907422061780	none	3462	e72fff3f	512	224	0	3462
3582	5	5907439503650	none	3463	e72fff3f	512	224	0	3463
3583	6	5907456984640	none	3464	e72fff3f	512	224	0	3464
3584	7	5907474321630	none	3465	e72fff3f	512	224	0	3465
3585	0	5907491593300	none	3466	e72fff3f	512	224	0	3466
3586	1	5907504900860	none	3467	e72fff3f	512	224	0	3467
3587	2	5907522399180	none	3468	e72fff3f	512	224	0	3468
3588	3	5907539707830	none	3469	e72fff3f	512	224	0	3469
3589	4	5907557079900	none	3470	e72fff3f	512	224	0	3470
3590	5	5907574514800	none	3471	e72fff3f	512	224	0	3471
3591	6	5907591996480	none	3472	e72fff3f	512	224	0	3472
3592	7	5907605195140	none	3473	e72fff3f	512	224	0	3473
3593	0	5907622674990	none	3474	e72fff3f	512	224	0	3474
3594	1	5907639989180	none	3475	e72fff3f	512	224	0	3475
3595	2	5907657324080	none	3476	e72fff3f	512	224	0	3476
3596	3	5907674821740	none	3477	e72fff3f	512	224	0	3477
3597	4	5907688106890	none	3478	e72fff3f	512	224	0	3478
3598	5	5907705569390	none	3479	e72fff3f	512	224	0	3479
3599	6	5907722994190	none	3480	e72fff3f	512	224	0	3480
3600	7	5907740245900	none	3481	e72fff3f	512	224	0	3481
3601	0	5907757694690	none	3482	e72fff3f	512	224	0	3482
3602	1	5907771114760	none	3483	4ee981f9	512	224	0	3483
3603	2	5907788702990	none	3484	4ee981f9	512	224	0	3484
3604	3	5907806318370	none	3485	453c302b	512	224	0	3485
3605	4	5907823974580	none	3486	453c302b	512	224	0	3486
3606	5	5907841400540	none	3487	10a43902	512	224	0	3487
3607	6	5907854643720	none	3488	10a43902	512	224	0	3488
3608	7	5907872020630	none	3489	a6df325e	512	224	0	3489
3609	0	5907889396080	none	3490	a6df325e	512	224	0	3490
3610	1	5907906783910	none	3491	207b84f0	512	224	0	3491
3611	2	5907924260500	none	3492	207b84f0	512	224	0	3492
3612	3	5907941510060	none	3493	31e5075e	512	224	0	3493
3613	4	5907954670240	none	3494	31e5075e	512	224	0	3494
3614	5	5907972150190	none	3495	0a89ce30	512	224	0	3495
3615	6	5907989526110	none	3496	0a89ce30	512	224	0	3496
3616	7	5908007007780	none	3497	a68fdca7	512	224	0	3497
3617	0	5908024507350	none	3498	a68fdca7	512	224	0	3498
3618	1	5908037848430	none	3499	9a4e7758	512	224	0	3499
3619	2	5908055267060	none	3500	9a4e7758	512	224	0	3500
3620	3	5908072704840	none	3501	d24abdf3	512	224	0	3501
3621	4	5908090105280	none	3502	d24abdf3	512	224	0	3502
3622	5	5908107414540	none	3503	289f064e	512	224	0	3503
3623	6	5908120853590	none	3504	289f064e	512	224	0	3504
3624	7	5908138247860	none	3505	7c5ad77e	512	224	0	3505
3625	0	5908155878090	none	3506	7c5ad77e	512	224	0	3506
3626	1	5908173264400	none	3507	0b565031	512	224	0	3507
3627	2	5908190746580	none	3508	0b565031	512	224	0	3508
3628	3	5908204183500	none	3509	12878020	512	224	0	3509
3629	4	5908221433880	none	3510	12878020	512	224	0	3510
3630	5	5908238904860	none	3511	61605322	512	224	0	3511
3631	6	5908256210590	none	3512	61605322	512	224	0	3512
3632	7	5908273609590	none	3513	61605322	512	224	0	3513
3633	0	5908287000740	none	3514	61605322	512	224	0	3514
3634	1	5908304524450	none	3515	61605322	512	224	0	3515
3635	2	5908321998070	none	3516	61605322	512	224	0	3516
3636	3	5908339355950	none	3517	61605322	512	224	0	3517
3637	4	5908356741490	none	3518	61605322	512	224	0	3518
3638	5	5908374018440	none	3519	61605322	512	224	0	3519
3639	6	5908387397510	none	3520	61605322	512	224	0	3520
3640	7	5908404920490	none	3521	61605322	512	224	0	3521
3641	0	5908422355190	none	3522	61605322	512	224	0	3522
3642	1	5908439691100	none	3523	61605322	512	224	0	3523
3643	2	5908457072870	none	3524	61605322	512	224	0	3524
3644	3	5908470442510	none	3525	61605322	512	224	0	3525
3645	4	5908487698750	none	3526	61605322	512	224	0	3526
3646	5	5908505155780	none	3527	61605322	512	224	0	3527
3647	6	5908522390030	none	3528	61605322	512	224	0	3528
3648	7	5908539842440	none	3529	61605322	512	224	0	3529
3649	0	5908553238580	none	3530	61605322	512	224	0	3530
3650	1	5908570762830	none	3531	61605322	512	224	0	3531
3651	2	5908588259540	none	3532	61605322	512	224	0	3532
3652	3	5908605728850	none	3533	61605322	512	224	0	3533
3653	4	5908623210050	none	3534	61605322	512	224	0	3534
3654	5	5908636420160	none	3535	61605322	512	224	0	3535
3655	6	5908653771660	none	3536	61605322	512	224	0	3536
3656	7	5908671103600	none	3537	61605322	512	224	0	3537
3657	0	5908688547490	none	3538	61605322	512	224	0	3538
3658	1	5908706040740	none	3539	61605322	512	224	0	3539
3659	2	5908723403660	none	3540	61605322	512	224	0	3540
3660	3	5908736719920	none	3541	61605322	512	224	0	3541
3661	4	5908754002110	none	3542	61605322	512	224	0	3542
3662	5	5908771432090	none	3543	61605322	512	224	0	3543
3663	6	5908788951590	none	3544	61605322	512	224	0	3544
3664	7	5908806390370	none	3545	61605322	512	224	0	3545
3665	0	5908819671470	none	3546	61605322	512	224	0	3546
3666	1	5908837047880	none	3547	61605322	512	224	0	3547
3667	2	5908854493850	none	3548	61605322	512	224	0	3548
3668	3	5908871998190	none	3549	61605322	512	224	0	3549
3669	4	5908889354190	none	3550	61605322	512	224	0	3550
3670	5	5908906661130	none	3551	9a716791	512	224	0	3551
3671	6	5908919949090	none	3552	9a716791	512	224	0	3552
3672	7	5908937284970	none	3553	e44e21c5	512	224	0	3553
3673	0	5908954655210	none	3554	e44e21c5	512	224	0	3554
3674	1	5908972106740	none	3555	c4bd143c	512	224	0	3555
3675	2	5908989480470	none	3556	c4bd143c	512	224	0	3556
3676	3	5909002942940	none	3557	9843ad12	512	224	0	3557
3677	4	5909020187240	none	3558	9843ad12	512	224	0	3558
3678	5	5909037631000	none	3559	ecd49fb4	512	224	0	3559
3679	6	5909054979940	none	3560	ecd49fb4	512	224	0	3560
3680	7	5909072293430	none	3561	58a931b4	512	224	0	3561
3681	0	5909085616250	none	3562	58a931b4	512	224	0	3562
3682	1	5909103068780	none	3563	0512fe46	512	224	0	3563
3683	2	5909120277070	none	3564	0512fe46	512	224	0	3564
3684	3	5909137678480	none	3565	453bfd8a	512	224	0	3565
3685	4	5909155137650	none	3566	453bfd8a	512	224	0	3566
3686	5	5909172429080	none	3567	f9d410f6	512	224	0	3567
3687	6	5909185783190	none	3568	f9d410f6	512	224	0	3568
3688	7	5909203113780	none	3569	1430b103	512	224	0	3569
3689	0	5909220523310	none	3570	1430b103	512	224	0	3570
3690	1	5909237774110	none	3571	f570bf37	512	224	0	3571
3691	2	5909255265810	none	3572	f570bf37	512	224	0	3572
3692	3	5909268704210	none	3573	d3e39d2a	512	224	0	3573
3693	4	5909286095350	none	3574	44a7f6b0	512	224	0	3574
3694	5	5909303537970	none	3575	c3605532	512	224	0	3575
3695	6	5909321057770	none	3576	9c128ecd	512	224	0	3576
3696	7	5909338652830	none	3577	110e073f	512	224	0	3577
3697	0	5909352151850	none	3578	daf87508	512	224	0	3578
3698	1	5909369520680	none	3579	4d73812c	512	224	0	3579
3699	2	5909386989300	none	3580	c3bd4bd9	512	224	0	3580
3700	3	5909404454120	none	3581	f8addfd7	512	224	0	3581
3701	4	5909421743890	none	3582	6d1451e5	512	224	0	3582
3702	5	5909439009250	none	3583	1227f200	512	224	0	3583
3703	6	5909452375910	none	3584	715a7686	512	224	0	3584
3704	7	5909469681420	none	3585	4f6449c7	512	224	0	3585
3705	0	5909487021990	none	3586	618ee473	512	224	0	3586
3706	1	5909504456280	none	3587	460b39ff	512	224	0	3587
3707	2	5909521827040	none	3588	3aacda5b	512	224	0	3588
3708	3	5909535040140	none	3589	4f027302	512	224	0	3589
3709	4	5909552475590	none	3590	cd3251cd	512	224	0	3590
3710	5	5909569946890	none	3591	4d7c2213	512	224	0	3591
3711	6	5909587330320	none	3592	ec476b42	512	224	0	3592
3712	7	5909604631440	none	3593	4b78c568	512	224	0	3593
3713	0	5909622024430	none	3594	4dd17072	512	224	0	3594
3714	1	5909635376850	none	3595	42f99c41	512	224	0	3595
3715	2	5909652666990	none	3596	760a3103	512	224	0	3596
3716	3	5909670136940	none	3597	24de5fe1	512	224	0	3597
3717	4	5909687450700	none	3598	d0b6b9e8	512	224	0	3598
3718	5	5909704802060	none	3599	50ed9ed6	512	224	0	3599
3719	6	5909717996810	none	3600	2cecdf02	512	224	0	3600
3720	7	5909735229920	none	3601	5371cddb	512	224	0	3601
3721	0	5909752660170	none	3602	42f99c41	512	224	0	3602
3722	1	5909770142880	none	3603	760a3103	512	224	0	3603
3723	2	5909787446690	none	3604	24de5fe1	512	224	0	3604
3724	3	5909804822190	none	3605	d0b6b9e8	512	224	0	3605
3725	4	5909818225260	none	3606	e0c386b8	512	224	0	3606
3726	5	5909835602470	none	3607	0017121b	512	224	0	3607
3727	6	5909852993980	none	3608	8bbb0511	512	224	0	3608
3728	7	5909870244030	none	3609	8bbb0511	512	224	0	3609
3729	0	5909887709060	none	3610	8bbb0511	512	224	0	3610
3730	1	5909901066820	none	3611	7e0a04e4	512	224	0	3611
3731	2	5909918619730	none	3612	0061e8e7	512	224	0	3612
3732	3	5909936048640	none	3613	e638dcbd	512	224	0	3613
3733	4	5909953419800	none	3614	7e0a04e4	512	224	0	3614
3734	5	5909970894870	none	3615	0061e8e7	512	224	0	3615
3735	6	5909984204790	none	3616	e638dcbd	512	224	0	3616
3736	7	5910001489280	none	3617	7e0a04e4	512	224	0	3617
3737	0	5910019589750	none	3618	0061e8e7	512	224	0	3618
3738	1	5910037350230	none	3619	e638dcbd	512	224	0	3619
3739	2	5910050847490	none	3620	7e0a04e4	512	224	0	3620
3740	3	5910068278040	none	3621	0061e8e7	512	224	0	3621
3741	4	5910085820500	none	3622	e638dcbd	512	224	0	3622
3742	5	5910103675530	none	3623	7e0a04e4	512	224	0	3623
3743	6	5910121244480	none	3624	0061e8e7	512	224	0	3624
3744	7	5910135123370	none	3625	e638dcbd	512	224	0	3625
3745	0	5910152663920	none	3626	7e0a04e4	512	224	0	3626
3746	1	5910170155390	none	3627	0061e8e7	512	224	0	3627
3747	2	5910187608280	none	3628	aedc27e8	512	224	0	3628
3748	3	5910201109040	none	3629	2ca07478	512	224	0	3629
3749	4	5910218615860	none	3630	83b850f7	512	224	0	3630
3750	5	5910236857990	none	3631	9ccdc948	512	224	0	3631
3751	6	5910254340580	none	3632	0aef02d1	512	224	0	3632
3752	7	5910267687750	none	3633	71a1636e	512	224	0	3633
3753	0	5910285240390	none	3634	323dfd8c	512	224	0	3634
3754	1	5910302816990	none	3635	84974e41	512	224	0	3635
3755	2	5910320496610	none	3636	4e20e9ea	512	224	0	3636
3756	3	5910334021440	none	3637	f7d99a59	512	224	0	3637
3757	4	5910351735300	none	3638	82521a87	512	224	0	3638
3758	5	5910369180930	none	3639	df32ccfb	512	224	0	3639
3759	6	5910386513570	none	3640	df32ccfb	512	224	0	3640
3760	7	5910403925900	none	3641	df32ccfb	512	224	0	3641
3761	0	5910417371430	none	3642	df32ccfb	512	224	0	3642
3762	1	5910434886270	none	3643	df32ccfb	512	224	0	3643
3763	2	5910452320880	none	3644	df32ccfb	512	224	0	3644
3764	3	5910469823510	none	3645	df32ccfb	512	224	0	3645
3765	4	5910487257740	none	3646	df32ccfb	512	224	0	3646
3766	5	5910500556380	none	3647	df32ccfb	512	224	0	3647
3767	6	5910518032360	none	3648	df32ccfb	512	224	0	3648
3768	7	5910535258100	none	3649	df32ccfb	512	224	0	3649
3769	0	5910552644770	none	3650	df32ccfb	512	224	0	3650
3770	1	5910570142260	none	3651	df32ccfb	512	224	0	3651
3771	2	5910583386860	none	3652	df32ccfb	512	224	0	3652
3772	3	5910600849950	none	3653	df32ccfb	512	224	0	3653
3773	4	5910618306820	none	3654	df32ccfb	512	224	0	3654
3774	5	5910635768520	none	3655	df32ccfb	512	224	0	3655
3775	6	5910653203890	none	3656	df32ccfb	512	224	0	3656
3776	7	5910666530490	none	3657	df32ccfb	512	224	0	3657
3777	0	5910683967570	none	3658	df32ccfb	512	224	0	3658
3778	1	5910701445640	none	3659	df32ccfb	512	224	0	3659
3779	2	5910719218400	none	3660	df32ccfb	512	224	0	3660
3780	3	5910733003730	none	3661	df32ccfb	512	224	0	3661
3781	4	5910750769300	none	3662	df32ccfb	512	224	0	3662
3782	5	5910768338030	none	3663	df32ccfb	512	224	0	3663
3783	6	5910785824890	none	3664	df32ccfb	512	224	0	3664
3784	7	5910803363380	none	3665	df32ccfb	512	224	0	3665
3785	0	5910816845070	none	3666	df32ccfb	512	224	0	3666
3786	1	5910834541540	none	3667	df32ccfb	512	224	0	3667
3787	2	5910852319170	none	3668	df32ccfb	512	224	0	3668
3788	3	5910869793490	none	3669	df32ccfb	512	224	0	3669
3789	4	5910883268540	none	3670	df32ccfb	512	224	0	3670
3790	5	5910900754990	none	3671	df32ccfb	512	224	0	3671
3791	6	5910918226560	none	3672	df32ccfb	512	224	0	3672
3792	7	5910935756840	none	3673	df32ccfb	512	224	0	3673
3793	0	5910949192260	none	3674	df32ccfb	512	224	0	3674
3794	1	5910967076930	none	3675	df32ccfb	512	224	0	3675
3795	2	5910984897840	none	3676	df32ccfb	512	224	0	3676
3796	3	5911002486200	none	3677	df32ccfb	512	224	0	3677
3797	4	5911016168360	none	3678	df32ccfb	512	224	0	3678
3798	5	5911033963120	none	3679	0888198b	512	224	0	3679
3799	6	5911052162590	none	3680	0888198b	512	224	0	3680
3800	7	5911069794570	none	3681	4435d763	512	224	0	3681
3801	0	5911083770270	none	3682	4435d763	512	224	0	3682
3802	1	5911101438780	none	3683	9043a021	512	224	0	3683
3803	2	5911118913580	none	3684	9043a021	512	224	0	3684
3804	3	5911132376330	none	3685	14d518e6	512	224	0	3685
3805	4	5911149794360	none	3686	14d518e6	512	224	0	3686
3806	5	5911167299090	none	3687	8cffbd4f	512	224	0	3687
3807	6	5911184640150	none	3688	8cffbd4f	512	224	0	3688
3808	7	5911201999170	none	3689	50e344cd	512	224	0	3689
3809	0	5911215458940	none	3690	50e344cd	512	224	0	3690
3810	1	5911232732370	none	3691	01124b09	512	224	0	3691
3811	2	5911250076240	none	3692	01124b09	512	224	0	3692
3812	3	5911267416410	none	3693	9a95447c	512	224	0	3693
3813	4	5911284804290	none	3694	9a95447c	512	224	0	3694
3814	5	5911302129210	none	3695	110c7eac	512	224	0	3695
3815	6	5911315435300	none	3696	110c7eac	512	224	0	3696
3816	7	5911332696490	none	3697	e09a4975	512	224	0	3697
3817	0	5911350156680	none	3698	e09a4975	512	224	0	3698
3818	1	5911367710470	none	3699	877fad65	512	224	0	3699
3819	2	5911385142380	none	3700	877fad65	512	224	0	3700
3820	3	5911398605470	none	3701	234ce06c	512	224	0	3701
3821	4	5911416022410	none	3702	234ce06c	512	224	0	3702
3822	5	5911433529970	none	3703	5b1dcf53	512	224	0	3703
3823	6	5911451025900	none	3704	5b1dcf53	512	224	0	3704
3824	7	5911468411750	none	3705	86400a02	512	224	0	3705
3825	0	5911481716300	none	3706	86400a02	512	224	0	3706
3826	1	5911498996390	none	3707	61605322	512	224	0	3707
3827	2	5911516440930	none	3708	61605322	512	224	0	3708
3828	3	5911533920840	none	3709	61605322	512	224	0	3709
3829	4	5911551395210	none	3710	61605322	512	224	0	3710
3830	5	5911568693840	none	3711	61605322	512	224	0	3711
3831	6	5911581980170	none	3712	61605322	512	224	0	3712
3832	7	5911599433930	none	3713	61605322	512	224	0	3713
3833	0	5911616950890	none	3714	61605322	512	224	0	3714
3834	1	5911634434960	none	3715	61605322	512	224	0	3715
3835	2	5911651762100	none	3716	61605322	512	224	0	3716
3836	3	5911665085150	none	3717	61605322	512	224	0	3717
3837	4	5911682357930	none	3718	61605322	512	224	0	3718
3838	5	5911699833850	none	3719	61605322	512	224	0	3719
3839	6	5911717250510	none	3720	61605322	512	224	0	3720
3840	7	5911734616530	none	3721	61605322	512	224	0	3721
3841	0	5911747975220	none	3722	61605322	512	224	0	3722
3842	1	5911765459800	none	3723	61605322	512	224	0	3723
3843	2	5911782698600	none	3724	61605322	512	224	0	3724
3844	3	5911800168300	none	3725	61605322	512	224	0	3725
3845	4	5911817627460	none	3726	61605322	512	224	0	3726
3846	5	5911835095750	none	3727	61605322	512	224	0	3727
3847	6	5911848382760	none	3728	61605322	512	224	0	3728
3848	7	5911865871830	none	3729	61605322	512	224	0	3729
3849	0	5911883313090	none	3730	61605322	512	224	0	3730
3850	1	5911900749090	none	3731	61605322	512	224	0	3731
3851	2	5911918173860	none	3732	61605322	512	224	0	3732
3852	3	5911931504370	none	3733	61605322	512	224	0	3733
3853	4	5911948923150	none	3734	61605322	512	224	0	3734
3854	5	5911966342940	none	3735	61605322	512	224	0	3735
3855	6	5911983841040	none	3736	61605322	512	224	0	3736
3856	7	5912001143770	none	3737	61605322	512	224	0	3737
3857	0	5912014539660	none	3738	61605322	512	224	0	3738
3858	1	5912032086180	none	3739	61605322	512	224	0	3739
3859	2	5912049496260	none	3740	61605322	512	224	0	3740
3860	3	5912066934670	none	3741	61605322	512	224	0	3741
3861	4	5912084482850	none	3742	61605322	512	224	0	3742
3862	5	5912097892530	none	3743	61605322	512	224	0	3743
3863	6	5912115193380	none	3744	61605322	512	224	0	3744
3864	7	5912132588320	none	3745	61605322	512	224	0	3745
3865	0	5912149956330	none	3746	61605322	512	224	0	3746
3866	1	5912167344410	none	3747	61605322	512	224	0	3747
3867	2	5912180811960	none	3748	61605322	512	224	0	3748
3868	3	5912198190540	none	3749	61605322	512	224	0	3749
3869	4	5912215567020	none	3750	61605322	512	224	0	3750
3870	5	5912233047370	none	3751	61605322	512	224	0	3751
3871	6	5912250396970	none	3752	3a0211ef	512	224	0	3752
3872	7	5912267671610	none	3753	c4b7fbba	512	224	0	3753
3873	0	5912280883100	none	3754	57bb31a0	512	224	0	3754
3874	1	5912298293880	none	3755	47f93750	512	224	0	3755
3875	2	5912315705720	none	3756	29bffe46	512	224	0	3756
3876	3	5912333204700	none	3757	de0054cc	512	224	0	3757
3877	4	5912350725220	none	3758	59a84fee	512	224	0	3758
3878	5	5912364143560	none	3759	36ff6db1	512	224	0	3759
3879	6	5912381416000	none	3760	1a807646	512	224	0	3760
3880	7	5912398908020	none	3761	c1561c12	512	224	0	3761
3881	0	5912416329470	none	3762	780c4e3c	512	224	0	3762
3882	1	5912433910000	none	3763	fe066d46	512	224	0	3763
3883	2	5912447289610	none	3764	55dc921c	512	224	0	3764
3884	3	5912464810510	none	3765	25c9c3b8	512	224	0	3765
3885	4	5912482146250	none	3766	c677dc9d	512	224	0	3766
3886	5	5912499534300	none	3767	72ba4ef2	512	224	0	3767
3887	6	5912517051300	none	3768	32c2e9cd	512	224	0	3768
3888	7	5912530465290	none	3769	6f12fb60	512	224	0	3769
3889	0	5912547808000	none	3770	ae7e4818	512	224	0	3770
3890	1	5912565152220	none	3771	dda24110	512	224	0	3771
3891	2	5912582585400	none	3772	2d8ea2bf	512	224	0	3772
3892	3	5912599983450	none	3773	8c1a3b15	512	224	0	3773
3893	4	5912613309800	none	3774	c4029e5f	512	224	0	3774
3894	5	5912630702080	none	3775	493ef5e5	512	224	0	3775
3895	6	5912648056910	none	3776	1c9abf7d	512	224	0	3776
3896	7	5912665466680	none	3777	c45b0ca5	512	224	0	3777
3897	0	5912682990160	none	3778	7dd2ad87	512	224	0	3778
3898	1	5912696367390	none	3779	e0a2e694	512	224	0	3779
3899	2	5912713735840	none	3780	c4fc57ba	512	224	0	3780
3900	3	5912731130440	none	3781	c2f0b435	512	224	0	3781
3901	4	5912748521500	none	3782	bd1b383e	512	224	0	3782
3902	5	5912765919100	none	3783	6b070844	512	224	0	3783
3903	6	5912783348170	none	3784	b3653828	512	224	0	3784
3904	7	5912796776310	none	3785	afa3029a	512	224	0	3785
3905	0	5912814178790	none	3786	0e16a1fe	512	224	0	3786
3906	1	5912831581980	none	3787	02ba62cb	512	224	0	3787
3907	2	5912849022620	none	3788	de1cbbd3	512	224	0	3788
3908	3	5912862743280	none	3789	8f8cf87d	512	224	0	3789
3909	4	5912880169050	none	3790	2f00e60f	512	224	0	3790
3910	5	5912897565560	none	3791	75707ca7	512	224	0	3791
3911	6	5912915049880	none	3792	2a1fcc6f	512	224	0	3792
3912	7	5912932624930	none	3793	a20f96e2	512	224	0	3793
3913	0	5912945968880	none	3794	8fa05ac1	512	224	0	3794
3914	1	5912963313210	none	3795	92e4e426	512	224	0	3795
3915	2	5912980710620	none	3796	53903f13	512	224	0	3796
3916	3	5912998180200	none	3797	fb25728b	512	224	0	3797
3917	4	5913015614940	none	3798	39aebae0	512	224	0	3798
3918	5	5913032868410	none	3799	eaa7b38b	512	224	0	3799
3919	6	5913046270100	none	3800	3621375a	512	224	0	3800
3920	7	5913063580240	none	3801	68506c4e	512	224	0	3801
3921	0	5913081042290	none	3802	151d725f	512	224	0	3802
3922	1	5913098534030	none	3803	e9d80159	512	224	0	3803
3923	2	5913115909640	none	3804	6ec8669b	512	224	0	3804
3924	3	5913129309260	none	3805	461f5816	512	224	0	3805
3925	4	5913146835590	none	3806	75b55878	512	224	0	3806
3926	5	5913164120710	none	3807	92a8dd2b	512	224	0	3807
3927	6	5913181666720	none	3808	b23c3c42	512	224	0	3808
3928	7	5913198931570	none	3809	b1077c63	512	224	0	3809
3929	0	5913212332300	none	3810	6bc1e83a	512	224	0	3810
3930	1	5913229814070	none	3811	2917f558	512	224	0	3811
3931	2	5913247262900	none	3812	7d5f41ea	512	224	0	3812
3932	3	5913264613260	none	3813	b47621f9	512	224	0	3813
3933	4	5913282033540	none	3814	32a12a2e	512	224	0	3814
3934	5	5913295379260	none	3815	ce48da0b	512	224	0	3815
3935	6	5913312708930	none	3816	5f192cd8	512	224	0	3816
3936	7	5913329966180	none	3817	254a3c02	512	224	0	3817
3937	0	5913347325370	none	3818	b6248120	512	224	0	3818
3938	1	5913364763570	none	3819	0eee17a8	512	224	0	3819
3939	2	5913382091530	none	3820	d2ab799e	512	224	0	3820
3940	3	5913395401400	none	3821	89f65c30	512	224	0	3821
3941	4	5913412723750	none	3822	4f23a594	512	224	0	3822
3942	5	5913429966630	none	3823	050e1769	512	224	0	3823
3943	6	5913447267290	none	3824	050e1769	512	224	0	3824
3944	7	5913464603160	none	3825	050e1769	512	224	0	3825
3945	0	5913481962880	none	3826	050e1769	512	224	0	3826
3946	1	5913495261080	none	3827	050e1769	512	224	0	3827
3947	2	5913512595630	none	3828	050e1769	512	224	0	3828
3948	3	5913530166280	none	3829	050e1769	512	224	0	3829
3949	4	5913547671630	none	3830	050e1769	512	224	0	3830
3950	5	5913565008750	none	3831	050e1769	512	224	0	3831
3951	6	5913578277840	none	3832	050e1769	512	224	0	3832
3952	7	5913595857190	none	3833	050e1769	512	224	0	3833
3953	0	5913613268740	none	3834	050e1769	512	224	0	3834
3954	1	5913630555520	none	3835	050e1769	512	224	0	3835
3955	2	5913647974090	none	3836	050e1769	512	224	0	3836
3956	3	5913665218470	none	3837	050e1769	512	224	0	3837
3957	4	5913678568910	none	3838	050e1769	512	224	0	3838
3958	5	5913695918400	none	3839	050e1769	512	224	0	3839
3959	6	5913713292290	none	3840	050e1769	512	224	0	3840
3960	7	5913730739540	none	3841	050e1769	512	224	0	3841
3961	0	5913748158840	none	3842	050e1769	512	224	0	3842
3962	1	5913761489320	none	3843	050e1769	512	224	0	3843
3963	2	5913778894750	none	3844	050e1769	512	224	0	3844
3964	3	5913796301700	none	3845	050e1769	512	224	0	3845
3965	4	5913813612000	none	3846	050e1769	512	224	0	3846
3966	5	5913831109440	none	3847	050e1769	512	224	0	3847
3967	6	5913844467770	none	3848	050e1769	512	224	0	3848
3968	7	5913861848520	none	3849	050e1769	512	224	0	3849
3969	0	5913879422890	none	3850	050e1769	512	224	0	3850
3970	1	5913896802070	none	3851	050e1769	512	224	0	3851
3971	2	5913914038720	none	3852	050e1769	512	224	0	3852
3972	3	5913931379700	none	3853	050e1769	512	224	0	3853
3973	4	5913944745800	none	3854	050e1769	512	224	0	3854
3974	5	5913962072910	none	3855	050e1769	512	224	0	3855
3975	6	5913979418600	none	3856	050e1769	512	224	0	3856
3976	7	5913996801110	none	3857	050e1769	512	224	0	3857
3977	0	5914014092780	none	3858	050e1769	512	224	0	3858
3978	1	5914031385610	none	3859	050e1769	512	224	0	3859
3979	2	5914044657850	none	3860	050e1769	512	224	0	3860
3980	3	5914062023890	none	3861	050e1769	512	224	0	3861
3981	4	5914079462990	none	3862	050e1769	512	224	0	3862
3982	5	5914096848060	none	3863	050e1769	512	224	0	3863
3983	6	5914114203930	none	3864	050e1769	512	224	0	3864
3984	7	5914127401750	none	3865	050e1769	512	224	0	3865
3985	0	5914144833930	none	3866	050e1769	512	224	0	3866
3986	1	5914162256560	none	3867	050e1769	512	224	0	3867
3987	2	5914179767070	none	3868	050e1769	512	224	0	3868
3988	3	5914197097620	none	3869	050e1769	512	224	0	3869
3989	4	5914214534180	none	3870	050e1769	512	224	0	3870
3990	5	5914227968970	none	3871	050e1769	512	224	0	3871
3991	6	5914245175750	none	3872	050e1769	512	224	0	3872
3992	7	5914262708250	none	3873	050e1769	512	224	0	3873
3993	0	5914280145790	none	3874	050e1769	512	224	0	3874
3994	1	5914297573170	none	3875	050e1769	512	224	0	3875
3995	2	5914310977950	none	3876	050e1769	512	224	0	3876
3996	3	5914328537450	none	3877	050e1769	512	224	0	3877
3997	4	5914345873220	none	3878	050e1769	512	224	0	3878
3998	5	5914363245020	none	3879	050e1769	512	224	0	3879
3999	6	5914380690230	none	3880	050e1769	512	224	0	3880
4000	7	5914394167270	none	3881	7076973c	512	224	0	3881
4001	0	5914411724170	none	3882	7076973c	512	224	0	3882
4002	1	5914429113380	none	3883	195692ab	512	224	0	3883
4003	2	5914446368080	none	3884	195692ab	512	224	0	3884
4004	3	5914463869450	none	3885	3684b651	512	224	0	3885
4005	4	5914477169460	none	3886	3684b651	512	224	0	3886
4006	5	5914494524840	none	3887	f93707e3	512	224	0	3887
4007	6	5914511915690	none	3888	f93707e3	512	224	0	3888
4008	7	5914529283530	none	3889	bf0fa8cc	512	224	0	3889
4009	0	5914546703310	none	3890	bf0fa8cc	512	224	0	3890
4010	1	5914559936340	none	3891	ae3de91a	512	224	0	3891
4011	2	5914577295510	none	3892	ae3de91a	512	224	0	3892
4012	3	5914594606730	none	3893	ecf7c241	512	224	0	3893
4013	4	5914611959450	none	3894	ecf7c241	512	224	0	3894
4014	5	5914629398180	none	3895	c4207d2f	512	224	0	3895
4015	6	5914646755430	none	3896	c4207d2f	512	224	0	3896
4016	7	5914660162060	none	3897	f4c1961f	512	224	0	3897
4017	0	5914677890360	none	3898	f4c1961f	512	224	0	3898
4018	1	5914695441180	none	3899	9395cbc0	512	224	0	3899
4019	2	5914712790910	none	3900	9395cbc0	512	224	0	3900
4020	3	5914730095300	none	3901	76e03c8c	512	224	0	3901
4021	4	5914743563200	none	3902	76e03c8c	512	224	0	3902
4022	5	5914760896830	none	3903	5f97af7d	512	224	0	3903
4023	6	5914778247480	none	3904	5f97af7d	512	224	0	3904
4024	7	5914795704200	none	3905	500cf71b	512	224	0	3905
4025	0	5914813124400	none	3906	500cf71b	512	224	0	3906
4026	1	5914826445400	none	3907	0ce15817	512	224	0	3907
4027	2	5914843796210	none	3908	0ce15817	512	224	0	3908
4028	3	5914861103770	none	3909	61605322	512	224	0	3909
4029	4	5914878589460	none	3910	61605322	512	224	0	3910
4030	5	5914895976100	none	3911	61605322	512	224	0	3911
4031	6	5914909399010	none	3912	61605322	512	224	0	3912
4032	7	5914927009560	none	3913	61605322	512	224	0	3913
4033	0	5914944450440	none	3914	61605322	512	224	0	3914
4034	1	5914961705170	none	3915	61605322	512	224	0	3915
4035	2	5914979077430	none	3916	61605322	512	224	0	3916
4036	3	5914996381730	none	3917	61605322	512	224	0	3917
4037	4	5915009626970	none	3918	61605322	512	224	0	3918
4038	5	5915027053020	none	3919	61605322	512	224	0	3919
4039	6	5915044437840	none	3920	61605322	512	224	0	3920
4040	7	5915061908500	none	3921	61605322	512	224	0	3921
4041	0	5915079137400	none	3922	61605322	512	224	0	3922
4042	1	5915096370760	none	3923	61605322	512	224	0	3923
4043	2	5915109784930	none	3924	61605322	512	224	0	3924
4044	3	5915127235500	none	3925	61605322	512	224	0	3925
4045	4	5915144580710	none	3926	61605322	512	224	0	3926
4046	5	5915162017740	none	3927	61605322	512	224	0	3927
4047	6	5915179459210	none	3928	61605322	512	224	0	3928
4048	7	5915192884780	none	3929	61605322	512	224	0	3929
4049	0	5915210154280	none	3930	61605322	512	224	0	3930
4050	1	5915227588770	none	3931	61605322	512	224	0	3931
4051	2	5915245038530	none	3932	61605322	512	224	0	3932
4052	3	5915262320290	none	3933	61605322	512	224	0	3933
4053	4	5915275585830	none	3934	61605322	512	224	0	3934
4054	5	5915292974750	none	3935	61605322	512	224	0	3935
4055	6	5915310225600	none	3936	61605322	512	224	0	3936
4056	7	5915327703880	none	3937	61605322	512	224	0	3937
4057	0	5915345124610	none	3938	61605322	512	224	0	3938
4058	1	5915362546610	none	3939	61605322	512	224	0	3939
4059	2	5915375752490	none	3940	61605322	512	224	0	3940
4060	3	5915393138460	none	3941	61605322	512	224	0	3941
4061	4	5915410515450	none	3942	61605322	512	224	0	3942
4062	5	5915427837500	none	3943	61605322	512	224	0	3943
4063	6	5915445082310	none	3944	61605322	512	224	0	3944
4064	7	5915458503780	none	3945	61605322	512	224	0	3945
4065	0	5915476009950	none	3946	61605322	512	224	0	3946
4066	1	5915493350110	none	3947	61605322	512	224	0	3947
4067	2	5915510722790	none	3948	61605322	512	224	0	3948
4068	3	5915528165120	none	3949	61605322	512	224	0	3949
4069	4	5915541655650	none	3950	61605322	512	224	0	3950
4070	5	5915558925010	none	3951	61605322	512	224	0	3951
4071	6	5915576345490	none	3952	61605322	512	224	0	3952
4072	7	5915593690460	none	3953	61605322	512	224	0	3953
4073	0	5915611056050	none	3954	00261e32	512	224	0	3954
4074	1	5915628496660	none	3955	a1ceaf1b	512	224	0	3955
4075	2	5915641927570	none	3956	b5e3506e	512	224	0	3956
4076	3	5915659375550	none	3957	c0119ba6	512	224	0	3957
4077	4	5915676868750	none	3958	fbfd3854	512	224	0	3958
4078	5	5915694231080	none	3959	0d963263	512	224	0	3959
4079	6	5915711652920	none	3960	f0c5c1a5	512	224	0	3960
4080	7	5915724879010	none	3961	fe81e3e5	512	224	0	3961
4081	0	5915742293250	none	3962	ca1b0fe4	512	224	0	3962
4082	1	5915759794510	none	3963	bbfef8db	512	224	0	3963
4083	2	5915777166170	none	3964	78ee17f0	512	224	0	3964
4084	3	5915794535280	none	3965	0cf5c1a8	512	224	0	3965
4085	4	5915807856530	none	3966	b1a4de1b	512	224	0	3966
4086	5	5915825220450	none	3967	75e31e92	512	224	0	3967
4087	6	5915842657060	none	3968	a0909525	512	224	0	3968
4088	7	5915859916930	none	3969	a709aeaa	512	224	0	3969
4089	0	5915877273780	none	3970	09197aec	512	224	0	3970
4090	1	5915894617480	none	3971	8dafb39c	512	224	0	3971
4091	2	5915907924950	none	3972	95c0fe57	512	224	0	3972
4092	3	5915925228030	none	3973	df911fef	512	224	0	3973
4093	4	5915942580730	none	3974	16f9354e	512	224	0	3974
4094	5	5915959998940	none	3975	67cd695f	512	224	0	3975
4095	6	5915977299320	none	3976	48d91c80	512	224	0	3976
4096	7	5915994824470	none	3977	2c951d62	512	224	0	3977
4097	0	5916008234180	none	3978	6d0be3f8	512	224	0	3978
4098	1	5916025583990	none	3979	d68a8f1f	512	224	0	3979
4099	2	5916042967290	none	3980	ab861b7b	512	224	0	3980
4100	3	5916060225750	none	3981	7d9e38d4	512	224	0	3981
4101	4	5916077613830	none	3982	3053894d	512	224	0	3982
4102	5	5916090893680	none	3983	a8a2fb41	512	224	0	3983
4103	6	5916108272680	none	3984	028c9cdf	512	224	0	3984
4104	7	5916125725760	none	3985	2936830c	512	224	0	3985
4105	0	5916143123530	none	3986	95caaa91	512	224	0	3986
4106	1	5916160371350	none	3987	489b96a2	512	224	0	3987
4107	2	5916177624710	none	3988	489b96a2	512	224	0	3988
4108	3	5916190988210	none	3989	ec6c484b	512	224	0	3989
4109	4	5916208443930	none	3990	e7e7dad1	512	224	0	3990
4110	5	5916225907490	none	3991	a35394b0	512	224	0	3991
4111	6	5916243271120	none	3992	a35394b0	512	224	0	3992
4112	7	5916260732240	none	3993	7b1df3f9	512	224	0	3993
4113	0	5916274158560	none	3994	91999f0e	512	224	0	3994
4114	1	5916291415090	none	3995	57c897b3	512	224	0	3995
4115	2	5916308873940	none	3996	1a78d426	512	224	0	3996
4116	3	5916326297490	none	3997	e2b10365	512	224	0	3997
4117	4	5916343707600	none	3998	bd1b6c6b	512	224	0	3998
4118	5	5916356964320	none	3999	f478fb0b	512	224	0	3999
4119	6	5916374402420	none	4000	b4c6b4fb	512	224	0	4000
4120	7	5916391764550	none	4001	70d77c3b	512	224	0	4001
4121	0	5916409139740	none	4002	d962dbbb	512	224	0	4002
4122	1	5916426395550	none	4003	abf06fda	512	224	0	4003
4123	2	5916443884170	none	4004	616849bb	512	224	0	4004
4124	3	5916457071640	none	4005	99b0ff02	512	224	0	4005
4125	4	5916474412120	none	4006	7b25117f	512	224	0	4006
4126	5	5916491852850	none	4007	540f9593	512	224	0	4007
4127	6	5916509222450	none	4008	22bcd621	512	224	0	4008
4128	7	5916526692920	none	4009	8c800910	512	224	0	4009
4129	0	5916540045020	none	4010	8c800910	512	224	0	4010
4130	1	5916557579370	none	4011	e1750b4f	512	224	0	4011
4131	2	5916574918950	none	4012	e1750b4f	512	224	0	4012
4132	3	5916592307570	none	4013	71080255	512	224	0	4013
4133	4	5916609641410	none	4014	133ee632	512	224	0	4014
4134	5	5916626989430	none	4015	8d68f3b3	512	224	0	4015
4135	6	5916640340660	none	4016	da1798f1	512	224	0	4016
4136	7	5916657561240	none	4017	6fe7fa7a	512	224	0	4017
4137	0	5916675016340	none	4018	6fe7fa7a	512	224	0	4018
4138	1	5916692341230	none	4019	47b18b83	512	224	0	4019
4139	2	5916709656670	none	4020	47b18b83	512	224	0	4020
4140	3	5916727019590	none	4021	d3eb6505	512	224	0	4021
4141	4	5916740340050	none	4022	0a9c3492	512	224	0	4022
4142	5	5916757567660	none	4023	caeebfc6	512	224	0	4023
4143	6	5916775001850	none	4024	073d8298	512	224	0	4024
4144	7	5916792519650	none	4025	5ffd8445	512	224	0	4025
4145	0	5916809829980	none	4026	777798fd	512	224	0	4026
4146	1	5916823195610	none	4027	e27087de	512	224	0	4027
4147	2	5916840653670	none	4028	b6605ee2	512	224	0	4028
4148	3	5916858005400	none	4029	97fa1d44	512	224	0	4029
4149	4	5916875400900	none	4030	1f985790	512	224	0	4030
4150	5	5916892874380	none	4031	37da7585	512	224	0	4031
4151	6	5916906113170	none	4032	c7af443c	512	224	0	4032
4152	7	5916923464880	none	4033	8d3b91dc	512	224	0	4033
4153	0	5916940749060	none	4034	bc44d96c	512	224	0	4034
4154	1	5916958129780	none	4035	d59e29dc	512	224	0	4035
4155	2	5916975505310	none	4036	84e7db04	512	224	0	4036
4156	3	5916992987500	none	4037	b888a424	512	224	0	4037
4157	4	5917006347660	none	4038	ac729077	512	224	0	4038
4158	5	5917023755320	none	4039	b3d60da1	512	224	0	4039
4159	6	5917041067220	none	4040	d8c29eb6	512	224	0	4040
4160	7	5917058511100	none	4041	32a4e3a0	512	224	0	4041
4161	0	5917075955920	none	4042	c9a30816	512	224	0	4042
4162	1	5917089434190	none	4043	4a53bf78	512	224	0	4043
4163	2	5917106875670	none	4044	1aa70f8d	512	224	0	4044
4164	3	5917124261600	none	4045	849a42fd	512	224	0	4045
4165	4	5917141741790	none	4046	849a42fd	512	224	0	4046
4166	5	5917159116970	none	4047	d4476c5b	512	224	0	4047
4167	6	5917172309640	none	4048	c5209924	512	224	0	4048
4168	7	5917189754310	none	4049	8f145f27	512	224	0	4049
4169	0	5917207206100	none	4050	9aea95d6	512	224	0	4050
4170	1	5917224614590	none	4051	4819a264	512	224	0	4051
4171	2	5917241957160	none	4052	b068ef4d	512	224	0	4052
4172	3	5917259358990	none	4053	3fe2d26e	512	224	0	4053
4173	4	5917272850480	none	4054	3fe2d26e	512	224	0	4054
4174	5	5917290103140	none	4055	efbb0e1e	512	224	0	4055
4175	6	5917307505950	none	4056	c856a8cd	512	224	0	4056
4176	7	5917325043010	none	4057	3aabc4e5	512	224	0	4057
4177	0	5917342477270	none	4058	3aabc4e5	512	224	0	4058
4178	1	5917355766540	none	4059	24135dfc	512	224	0	4059
4179	2	5917373129430	none	4060	b827e5e6	512	224	0	4060
4180	3	5917390583650	none	4061	af0003a9	512	224	0	4061
4181	4	5917407821880	none	4062	cb4c8e71	512	224	0	4062
4182	5	5917425064670	none	4063	470b45b9	512	224	0	4063
4183	6	5917442497810	none	4064	18f4e35b	512	224	0	4064
4184	7	5917455767430	none	4065	7ddd1453	512	224	0	4065
4185	0	5917473128700	none	4066	9df01bb1	512	224	0	4066
4186	1	5917490536270	none	4067	7be1b293	512	224	0	4067
4187	2	5917507816260	none	4068	e1766e01	512	224	0	4068
4188	3	5917525086290	none	4069	b49ce968	512	224	0	4069
4189	4	5917538452260	none	4070	523e077f	512	224	0	4070
4190	5	5917555931250	none	4071	63f6b721	512	224	0	4071
4191	6	5917573242790	none	4072	63f6b721	512	224	0	4072
4192	7	5917590701030	none	4073	94419846	512	224	0	4073
4193	0	5917608104530	none	4074	90bcd906	512	224	0	4074
4194	1	5917621597750	none	4075	9b205514	512	224	0	4075
4195	2	5917638897150	none	4076	41fb5a55	512	224	0	4076
4196	3	5917656305950	none	4077	1e800587	512	224	0	4077
4197	4	5917673619280	none	4078	a069087a	512	224	0	4078
4198	5	5917690948840	none	4079	0bba9f0a	512	224	0	4079
4199	6	5917708418000	none	4080	fa90e832	512	224	0	4080
4200	7	5917721792430	none	4081	485ffc10	512	224	0	4081
4201	0	5917739135030	none	4082	d2813be4	512	224	0	4082
4202	1	5917756408300	none	4083	773cbc8d	512	224	0	4083
4203	2	5917773866680	none	4084	f8eb767f	512	224	0	4084
4204	3	5917791107940	none	4085	86a54d8f	512	224	0	4085
4205	4	5917808472040	none	4086	13efc8f5	512	224	0	4086
4206	5	5917821873930	none	4087	cea2c4bc	512	224	0	4087
4207	6	5917839263350	none	4088	da14faa9	512	224	0	4088
4208	7	5917856702010	none	4089	b83b033a	512	224	0	4089
4209	0	5917874216310	none	4090	79cdf7f3	512	224	0	4090
4210	1	5917887861810	none	4091	fd0209f3	512	224	0	4091
4211	2	5917905766250	none	4092	fd0209f3	512	224	0	4092
4212	3	5917923133830	none	4093	ca77bc3f	512	224	0	4093
4213	4	5917940543290	none	4094	583fb6aa	512	224	0	4094
4214	5	5917957911280	none	4095	24fc4d56	512	224	0	4095
4215	6	5917971081910	none	4096	cfb1c1ba	512	224	0	4096
4216	7	5917988441460	none	4097	9f27eb9d	512	224	0	4097
4217	0	5918005921060	none	4098	688e529a	512	224	0	4098
4218	1	5918023143430	none	4099	4ff859d4	512	224	0	4099
4219	2	5918040509690	none	4100	4ff859d4	512	224	0	4100
4220	3	5918058106020	none	4101	df8550ce	512	224	0	4101
4221	4	5918071454130	none	4102	efdcf26d	512	224	0	4102
4222	5	5918088883790	none	4103	baa3b3ff	512	224	0	4103
4223	6	5918106301420	none	4104	baa3b3ff	512	224	0	4104
4224	7	5918123633580	none	4105	d022914e	512	224	0	4105
4225	0	5918140978240	none	4106	d022914e	512	224	0	4106
4226	1	5918154400940	none	4107	7010bb3c	512	224	0	4107
4227	2	5918171878970	none	4108	97ca981b	512	224	0	4108
4228	3	5918189369720	none	4109	1ef7bac0	512	224	0	4109
4229	4	5918206818610	none	4110	ddcb51a0	512	224	0	4110
4230	5	5918224212540	none	4111	e96e99a6	512	224	0	4111
4231	6	5918237552470	none	4112	f94ec630	512	224	0	4112
4232	7	5918254939680	none	4113	1328bb26	512	224	0	4113
4233	0	5918272219070	none	4114	9e24a042	512	224	0	4114
4234	1	5918289726780	none	4115	9c5698fd	512	224	0	4115
4235	2	5918307187080	none	4116	b39ec25e	512	224	0	4116
4236	3	5918320460090	none	4117	cc61cc55	512	224	0	4117
4237	4	5918337882880	none	4118	0edb4670	512	224	0	4118
4238	5	5918355108890	none	4119	066ea132	512	224	0	4119
4239	6	5918372502710	none	4120	066ea132	512	224	0	4120
4240	7	5918389819410	none	4121	a47da13f	512	224	0	4121
4241	0	5918407284930	none	4122	82259a2e	512	224	0	4122
4242	1	5918420663360	none	4123	86fc0f02	512	224	0	4123
4243	2	5918438098360	none	4124	626c51b2	512	224	0	4124
4244	3	5918455459990	none	4125	36e8feec	512	224	0	4125
4245	4	5918472706100	none	4126	fa4b9be4	512	224	0	4126
4246	5	5918490045230	none	4127	3f7710b9	512	224	0	4127
4247	6	5918507371290	none	4128	08ca6a2d	512	224	0	4128
4248	7	5918520701880	none	4129	fd9b7117	512	224	0	4129
4249	0	5918538105720	none	4130	2928634b	512	224	0	4130
4250	1	5918555481470	none	4131	bb93058a	512	224	0	4131
4251	2	5918572850770	none	4132	bb93058a	512	224	0	4132
4252	3	5918590104680	none	4133	ea928adf	512	224	0	4133
4253	4	5918603483800	none	4134	b6ba4f0c	512	224	0	4134
4254	5	5918620844650	none	4135	e3c50e9e	512	224	0	4135
4255	6	5918638271430	none	4136	d98f269f	512	224	0	4136
4256	7	5918655751250	none	4137	a89361c5	512	224	0	4137
4257	0	5918673121210	none	4138	a89361c5	512	224	0	4138
4258	1	5918690385270	none	4139	5b654662	512	224	0	4139
4259	2	5918703561820	none	4140	d4b28c90	512	224	0	4140
4260	3	5918720925440	none	4141	00f1a927	512	224	0	4141
4261	4	5918738428200	none	4142	a8224f69	512	224	0	4142
4262	5	5918755899570	none	4143	23b28b8d	512	224	0	4143
4263	6	5918773217850	none	4144	23b28b8d	512	224	0	4144
4264	7	5918786597550	none	4145	4f5b32da	512	224	0	4145
4265	0	5918803874400	none	4146	4f5b32da	512	224	0	4146
4266	1	5918821313610	none	4147	d498a83b	512	224	0	4147
4267	2	5918838723250	none	4148	a49da528	512	224	0	4148
4268	3	5918856034740	none	4149	71c3b677	512	224	0	4149
4269	4	5918873284300	none	4150	71c3b677	512	224	0	4150
4270	5	5918886690130	none	4151	3e90147c	512	224	0	4151
4271	6	5918904058090	none	4152	6ca65436	512	224	0	4152
4272	7	5918921285560	none	4153	d407e99e	512	224	0	4153
4273	0	5918938704770	none	4154	23ae5099	512	224	0	4154
4274	1	5918956009560	none	4155	7b879cdd	512	224	0	4155
4275	2	5918969383590	none	4156	7b879cdd	512	224	0	4156
4276	3	5918986889370	none	4157	0c5ac736	512	224	0	4157
4277	4	5919004332190	none	4158	0c5ac736	512	224	0	4158
4278	5	5919021693370	none	4159	91320293	512	224	0	4159
4279	6	5919039072150	none	4160	7469021f	512	224	0	4160
4280	7	5919056322780	none	4161	23c3dcc2	512	224	0	4161
4281	0	5919069598590	none	4162	ee0e586d	512	224	0	4162
4282	1	5919087019260	none	4163	5c8fadd5	512	224	0	4163
4283	2	5919104410840	none	4164	217251e4	512	224	0	4164
4284	3	5919121830500	none	4165	1e771bdc	512	224	0	4165
4285	4	5919139178510	none	4166	1584ba19	512	224	0	4166
4286	5	5919152509020	none	4167	fbbec8ed	512	224	0	4167
4287	6	5919169750760	none	4168	7469021f	512	224	0	4168
4288	7	5919187256650	none	4169	097d08d6	512	224	0	4169
4289	0	5919204721660	none	4170	097d08d6	512	224	0	4170
4290	1	5919222060450	none	4171	e2435d0b	512	224	0	4171
4291	2	5919239453790	none	4172	302e3ff5	512	224	0	4172
4292	3	5919252910720	none	4173	7c447626	512	224	0	4173
4293	4	5919270169700	none	4174	7c447626	512	224	0	4174
4294	5	5919287436800	none	4175	c1dbdb52	512	224	0	4175
4295	6	5919304779840	none	4176	6ca65436	512	224	0	4176
4296	7	5919322198660	none	4177	d407e99e	512	224	0	4177
4297	0	5919335464830	none	4178	d407e99e	512	224	0	4178
4298	1	5919352775740	none	4179	ce4432b2	512	224	0	4179
4299	2	5919370011250	none	4180	a49da528	512	224	0	4180
4300	3	5919387321710	none	4181	34e0ac32	512	224	0	4181
4301	4	5919404768400	none	4182	c3491535	512	224	0	4182
4302	5	5919422215360	none	4183	bf8aeec9	512	224	0	4183
4303	6	5919435503950	none	4184	bf8aeec9	512	224	0	4184
4304	7	5919452952430	none	4185	11b631f8	512	224	0	4185
4305	0	5919470301590	none	4186	11b631f8	512	224	0	4186
4306	1	5919487578280	none	4187	53341c2f	512	224	0	4187
4307	2	5919504996850	none	4188	e2862a09	512	224	0	4188
4308	3	5919522319840	none	4189	325d0eeb	512	224	0	4189
4309	4	5919535700580	none	4190	325d0eeb	512	224	0	4190
4310	5	5919553092140	none	4191	7c8f0e67	512	224	0	4191
4311	6	5919570484470	none	4192	7c8f0e67	512	224	0	4192
4312	7	5919587798870	none	4193	97f49f26	512	224	0	4193
4313	0	5919605162950	none	4194	97f49f26	512	224	0	4194
4314	1	5919618471250	none	4195	f172d5d2	512	224	0	4195
4315	2	5919635906260	none	4196	d5d9aaf1	512	224	0	4196
4316	3	5919653371840	none	4197	e2368b8a	512	224	0	4197
4317	4	5919670911000	none	4198	e8af5d94	512	224	0	4198
4318	5	5919688262730	none	4199	94c57c31	512	224	0	4199
4319	6	5919701657310	none	4200	15f93648	512	224	0	4200
4320	7	5919719029920	none	4201	f04dfa82	512	224	0	4201
4321	0	5919736289990	none	4202	5ec2673d	512	224	0	4202
4322	1	5919753607140	none	4203	e2ce86f3	512	224	0	4203
4323	2	5919770903990	none	4204	be3505c5	512	224	0	4204
4324	3	5919788255600	none	4205	c0d2a9b6	512	224	0	4205
4325	4	5919801652210	none	4206	abfeae32	512	224	0	4206
4326	5	5919819063850	none	4207	7fce6178	512	224	0	4207
4327	6	5919836325170	none	4208	7fce6178	512	224	0	4208
4328	7	5919853615030	none	4209	12640be4	512	224	0	4209
4329	0	5919870986340	none	4210	e5cdb2e3	512	224	0	4210
4330	1	5919888404920	none	4211	3f83061e	512	224	0	4211
4331	2	5919901900910	none	4212	3f83061e	512	224	0	4212
4332	3	5919919343270	none	4213	64dd550f	512	224	0	4213
4333	4	5919936750890	none	4214	64dd550f	512	224	0	4214
4334	5	5919954109800	none	4215	3cf02829	512	224	0	4215
4335	6	5919971345840	none	4216	3cf02829	512	224	0	4216
4336	7	5919984736470	none	4217	b94abe60	512	224	0	4217
4337	0	5920002208860	none	4218	b94abe60	512	224	0	4218
4338	1	5920019506610	none	4219	9ad4c9ee	512	224	0	4219
4339	2	5920036875780	none	4220	9ad4c9ee	512	224	0	4220
4340	3	5920054356410	none	4221	7156e3bf	512	224	0	4221
4341	4	5920067764450	none	4222	7156e3bf	512	224	0	4222
4342	5	5920085019740	none	4223	44202947	512	224	0	4223
4343	6	5920102468440	none	4224	cbf7e3b5	512	224	0	4224
4344	7	5920119939650	none	4225	33535851	512	224	0	4225
4345	0	5920137290780	none	4226	33535851	512	224	0	4226
4346	1	5920154716850	none	4227	e9c7ce30	512	224	0	4227
4347	2	5920168098630	none	4228	e9c7ce30	512	224	0	4228
4348	3	5920185469210	none	4229	ea497e6f	512	224	0	4229
4349	4	5920202959810	none	4230	ea497e6f	512	224	0	4230
4350	5	5920220385890	none	4231	f8846031	512	224	0	4231
4351	6	5920237628780	none	4232	f8846031	512	224	0	4232
4352	7	5920250964580	none	4233	193af92d	512	224	0	4233
4353	0	5920268412810	none	4234	193af92d	512	224	0	4234
4354	1	5920285838080	none	4235	101cacc5	512	224	0	4235
4355	2	5920303178360	none	4236	101cacc5	512	224	0	4236
4356	3	5920320570660	none	4237	9d93259c	512	224	0	4237
4357	4	5920333905890	none	4238	6a3a9c9b	512	224	0	4238
4358	5	5920351306790	none	4239	21011c07	512	224	0	4239
4359	6	5920368755930	none	4240	21011c07	512	224	0	4240
4360	7	5920386054220	none	4241	14d114d3	512	224	0	4241
4361	0	5920403409720	none	4242	14d114d3	512	224	0	4242
4362	1	5920420758120	none	4243	e6aa3780	512	224	0	4243
4363	2	5920434044670	none	4244	e6aa3780	512	224	0	4244
4364	3	5920451307840	none	4245	d4632d11	512	224	0	4245
4365	4	5920468790140	none	4246	d4632d11	512	224	0	4246
4366	5	5920486233260	none	4247	91bdff4e	512	224	0	4247
4367	6	5920503764860	none	4248	91bdff4e	512	224	0	4248
4368	7	5920517039480	none	4249	7d81d16c	512	224	0	4249
4369	0	5920534413550	none	4250	7d81d16c	512	224	0	4250
4370	1	5920551855060	none	4251	f881054d	512	224	0	4251
4371	2	5920569315980	none	4252	7756cfbf	512	224	0	4252
4372	3	5920586805900	none	4253	8795c8a2	512	224	0	4253
4373	4	5920600285150	none	4254	8795c8a2	512	224	0	4254
4374	5	5920617559490	none	4255	89e9818c	512	224	0	4255
4375	6	5920634974480	none	4256	89e9818c	512	224	0	4256
4376	7	5920652462270	none	4257	13f2a904	512	224	0	4257
4377	0	5920669943400	none	4258	13f2a904	512	224	0	4258
4378	1	5920683251990	none	4259	b971a712	512	224	0	4259
4379	2	5920700659370	none	4260	b971a712	512	224	0	4260
4380	3	5920718068460	none	4261	1d14b8bb	512	224	0	4261
4381	4	5920735459200	none	4262	1d14b8bb	512	224	0	4262
4382	5	5920752949150	none	4263	3c498e7f	512	224	0	4263
4383	6	5920770326260	none	4264	3c498e7f	512	224	0	4264
4384	7	5920783520030	none	4265	3c498e7f	512	224	0	4265
4385	0	5920800894660	none	4266	cbe03778	512	224	0	4266
4386	1	5920818244880	none	4267	cbe03778	512	224	0	4267
4387	2	5920835612080	none	4268	cbe03778	512	224	0	4268
4388	3	5920853083670	none	4269	89e9818c	512	224	0	4269
4389	4	5920866410220	none	4270	89e9818c	512	224	0	4270
4390	5	5920883795970	none	4271	cbe03778	512	224	0	4271
4391	6	5920901263740	none	4272	cbe03778	512	224	0	4272
4392	7	5920918737460	none	4273	4437fd8a	512	224	0	4273
4393	0	5920936016380	none	4274	4437fd8a	512	224	0	4274
4394	1	5920953415210	none	4275	4437fd8a	512	224	0	4275
4395	2	5920966718460	none	4276	4437fd8a	512	224	0	4276
4396	3	5920984140750	none	4277	4437fd8a	512	224	0	4277
4397	4	5921001358750	none	4278	4437fd8a	512	224	0	4278
4398	5	5921018585600	none	4279	4437fd8a	512	224	0	4279
4399	6	5921035912620	none	4280	cbe03778	512	224	0	4280
4400	7	5921049491980	none	4281	cbe03778	512	224	0	4281
4401	0	5921066902000	none	4282	cbe03778	512	224	0	4282
4402	1	5921084323440	none	4283	cbe03778	512	224	0	4283
4403	2	5921101581860	none	4284	cbe03778	512	224	0	4284
4404	3	5921118818080	none	4285	cbe03778	512	224	0	4285
4405	4	5921136255270	none	4286	cbe03778	512	224	0	4286
4406	5	5921149682110	none	4287	3c498e7f	512	224	0	4287
4407	6	5921167165970	none	4288	3c498e7f	512	224	0	4288
4408	7	5921184633610	none	4289	9ff908a0	512	224	0	4289
4409	0	5921202188360	none	4290	9ff908a0	512	224	0	4290
4410	1	5921219440370	none	4291	9ff908a0	512	224	0	4291
4411	2	5921232768870	none	4292	9ff908a0	512	224	0	4292
4412	3	5921250051020	none	4293	9ff908a0	512	224	0	4293
4413	4	5921267476400	none	4294	cbe03778	512	224	0	4294
4414	5	5921284811880	none	4295	cbe03778	512	224	0	4295
4415	6	5921302186640	none	4296	cbe03778	512	224	0	4296
4416	7	5921315662580	none	4297	cbe03778	512	224	0	4297
4417	0	5921333139790	none	4298	cbe03778	512	224	0	4298
4418	1	5921350566670	none	4299	88d326e9	512	224	0	4299
4419	2	5921367945610	none	4300	88d326e9	512	224	0	4300
4420	3	5921385310890	none	4301	e1c8a948	512	224	0	4301
4421	4	5921402529500	none	4302	e1c8a948	512	224	0	4302
4422	5	5921415972570	none	4303	e1c8a948	512	224	0	4303
4423	6	5921433475980	none	4304	4437fd8a	512	224	0	4304
4424	7	5921450954000	none	4305	4437fd8a	512	224	0	4305
4425	0	5921468407360	none	4306	4437fd8a	512	224	0	4306
4426	1	5921481845000	none	4307	4437fd8a	512	224	0	4307
4427	2	5921499276790	none	4308	cbe03778	512	224	0	4308
4428	3	5921516831240	none	4309	cbe03778	512	224	0	4309
4429	4	5921534339130	none	4310	cbe03778	512	224	0	4310
4430	5	5921551835930	none	4311	cbe03778	512	224	0	4311
4431	6	5921565169070	none	4312	cbe03778	512	224	0	4312
4432	7	5921582519340	none	4313	cbe03778	512	224	0	4313
4433	0	5921599969080	none	4314	cbe03778	512	224	0	4314
4434	1	5921617440280	none	4315	3c498e7f	512	224	0	4315
4435	2	5921634778900	none	4316	3c498e7f	512	224	0	4316
4436	3	5921652155500	none	4317	3c498e7f	512	224	0	4317
4437	4	5921665436280	none	4318	3c498e7f	512	224	0	4318
4438	5	5921682824240	none	4319	3c498e7f	512	224	0	4319
4439	6	5921700279190	none	4320	3c498e7f	512	224	0	4320
4440	7	5921717509820	none	4321	3c498e7f	512	224	0	4321
4441	0	5921734934010	none	4322	cbe03778	512	224	0	4322
4442	1	5921748197250	none	4323	cbe03778	512	224	0	4323
4443	2	5921765587700	none	4324	cbe03778	512	224	0	4324
4444	3	5921783061200	none	4325	cbe03778	512	224	0	4325
4445	4	5921800578610	none	4326	eaee85e2	512	224	0	4326
4446	5	5921818042950	none	4327	eaee85e2	512	224	0	4327
4447	6	5921831359490	none	4328	eaee85e2	512	224	0	4328
4448	7	5921848836510	none	4329	65394f10	512	224	0	4329
4449	0	5921866229800	none	4330	65394f10	512	224	0	4330
4450	1	5921883739440	none	4331	65394f10	512	224	0	4331
4451	2	5921901026050	none	4332	65394f10	512	224	0	4332
4452	3	5921918393850	none	4333	dd3adb98	512	224	0	4333
4453	4	5921931826770	none	4334	dd3adb98	512	224	0	4334
4454	5	5921949296570	none	4335	dd3adb98	512	224	0	4335
4455	6	5921966817220	none	4336	52ed116a	512	224	0	4336
4456	7	5921984322070	none	4337	52ed116a	512	224	0	4337
4457	0	5922001685300	none	4338	52ed116a	512	224	0	4338
4458	1	5922014995540	none	4339	52ed116a	512	224	0	4339
4459	2	5922032271100	none	4340	7a2f5fe1	512	224	0	4340
4460	3	5922049767800	none	4341	7a2f5fe1	512	224	0	4341
4461	4	5922067173380	none	4342	7a2f5fe1	512	224	0	4342
4462	5	5922084608960	none	4343	8d86e6e6	512	224	0	4343
4463	6	5922097891960	none	4344	8d86e6e6	512	224	0	4344
4464	7	5922115305300	none	4345	8d86e6e6	512	224	0	4345
4465	0	5922132621690	none	4346	8d86e6e6	512	224	0	4346
4466	1	5922149988720	none	4347	625fb92b	512	224	0	4347
4467	2	5922167476740	none	4348	625fb92b	512	224	0	4348
4468	3	5922180874180	none	4349	625fb92b	512	224	0	4349
4469	4	5922198216990	none	4350	95f6002c	512	224	0	4350
4470	5	5922215562620	none	4351	95f6002c	512	224	0	4351
4471	6	5922232897710	none	4352	95f6002c	512	224	0	4352
4472	7	5922250328040	none	4353	95f6002c	512	224	0	4353
4473	0	5922267612100	none	4354	275787e7	512	224	0	4354
4474	1	5922280879400	none	4355	275787e7	512	224	0	4355
4475	2	5922298326710	none	4356	275787e7	512	224	0	4356
4476	3	5922315691880	none	4357	a8804d15	512	224	0	4357
4477	4	5922333103810	none	4358	a8804d15	512	224	0	4358
4478	5	5922350563860	none	4359	a8804d15	512	224	0	4359
4479	6	5922363888550	none	4360	a8804d15	512	224	0	4360
4480	7	5922381320290	none	4361	a66f64ba	512	224	0	4361
4481	0	5922398729280	none	4362	a66f64ba	512	224	0	4362
4482	1	5922416043850	none	4363	a66f64ba	512	224	0	4363
4483	2	5922433513260	none	4364	29b8ae48	512	224	0	4364
4484	3	5922450881300	none	4365	29b8ae48	512	224	0	4365
4485	4	5922464344590	none	4366	29b8ae48	512	224	0	4366
4486	5	5922481605610	none	4367	29b8ae48	512	224	0	4367
4487	6	5922498989930	none	4368	11f46698	512	224	0	4368
4488	7	5922516238240	none	4369	11f46698	512	224	0	4369
4489	0	5922533816680	none	4370	11f46698	512	224	0	4370
4490	1	5922547234200	none	4371	e65ddf9f	512	224	0	4371
4491	2	5922564633120	none	4372	e65ddf9f	512	224	0	4372
4492	3	5922581958300	none	4373	e65ddf9f	512	224	0	4373
4493	4	5922599338680	none	4374	e65ddf9f	512	224	0	4374
4494	5	5922616822950	none	4375	82fc84ce	512	224	0	4375
4495	6	5922630248000	none	4376	82fc84ce	512	224	0	4376
4496	7	5922647508360	none	4377	82fc84ce	512	224	0	4377
4497	0	5922664920150	none	4378	75553dc9	512	224	0	4378
4498	1	5922682272300	none	4379	75553dc9	512	224	0	4379
4499	2	5922699771820	none	4380	75553dc9	512	224	0	4380
4500	3	5922717172050	none	4381	75553dc9	512	224	0	4381
4501	4	5922730579220	none	4382	202ca6ba	512	224	0	4382
4502	5	5922748046780	none	4383	202ca6ba	512	224	0	4383
4503	6	5922765425660	none	4384	202ca6ba	512	224	0	4384
4504	7	5922782787780	none	4385	affb6c48	512	224	0	4385
4505	0	5922800137410	none	4386	affb6c48	512	224	0	4386
4506	1	5922813517250	none	4387	affb6c48	512	224	0	4387
4507	2	5922830839640	none	4388	e9cf31b1	512	224	0	4388
4508	3	5922848202190	none	4389	642c7bb6	512	224	0	4389
4509	4	5922865547510	none	4390	642c7bb6	512	224	0	4390
4510	5	5922882906090	none	4391	642c7bb6	512	224	0	4391
4511	6	5922896247290	none	4392	89ac6856	512	224	0	4392
4512	7	5922914186470	none	4393	89ac6856	512	224	0	4393
4513	0	5922931643760	none	4394	89ac6856	512	224	0	4394
4514	1	5922949229580	none	4395	89ac6856	512	224	0	4395
4515	2	5922962820230	none	4396	5a62ddc4	512	224	0	4396
4516	3	5922980050070	none	4397	5a62ddc4	512	224	0	4397
4517	4	5922997518410	none	4398	5a62ddc4	512	224	0	4398
4518	5	5923014948870	none	4399	adcb64c3	512	224	0	4399
4519	6	5923032223180	none	4400	564c4338	512	224	0	4400
4520	7	5923049627800	none	4401	564c4338	512	224	0	4401
4521	0	5923063109250	none	4402	564c4338	512	224	0	4402
4522	1	5923080589590	none	4403	ede675a5	512	224	0	4403
4523	2	5923098154250	none	4404	b9fcc574	512	224	0	4404
4524	3	5923115542280	none	4405	b9fcc574	512	224	0	4405
4525	4	5923132900550	none	4406	4e557c73	512	224	0	4406
4526	5	5923146267290	none	4407	4e557c73	512	224	0	4407
4527	6	5923163498130	none	4408	4e557c73	512	224	0	4408
4528	7	5923180929020	none	4409	4e557c73	512	224	0	4409
4529	0	5923198390400	none	4410	4e557c73	512	224	0	4410
4530	1	5923215835460	none	4411	4e557c73	512	224	0	4411
4531	2	5923229295750	none	4412	94599eae	512	224	0	4412
4532	3	5923246780770	none	4413	a02462c1	512	224	0	4413
4533	4	5923264146610	none	4414	a02462c1	512	224	0	4414
4534	5	5923281535320	none	4415	a02462c1	512	224	0	4415
4535	6	5923298823430	none	4416	68afd7ec	512	224	0	4416
4536	7	5923312216850	none	4417	68afd7ec	512	224	0	4417
4537	0	5923329621900	none	4418	68afd7ec	512	224	0	4418
4538	1	5923346951800	none	4419	68afd7ec	512	224	0	4419
4539	2	5923364324140	none	4420	a5bbbd6e	512	224	0	4420
4540	3	5923381871470	none	4421	a5bbbd6e	512	224	0	4421
4541	4	5923399291090	none	4422	a5bbbd6e	512	224	0	4422
4542	5	5923412753230	none	4423	a5bbbd6e	512	224	0	4423
4543	6	5923429981340	none	4424	a5bbbd6e	512	224	0	4424
4544	7	5923447409110	none	4425	a5bbbd6e	512	224	0	4425
4545	0	5923465040490	none	4426	a5bbbd6e	512	224	0	4426
4546	1	5923482410470	none	4427	52120469	512	224	0	4427
4547	2	5923495859470	none	4428	79794660	512	224	0	4428
4548	3	5923513204100	none	4429	79794660	512	224	0	4429
4549	4	5923530548600	none	4430	79794660	512	224	0	4430
4550	5	5923548008100	none	4431	79794660	512	224	0	4431
4551	6	5923565390340	none	4432	81be7c3a	512	224	0	4432
4552	7	5923578723050	none	4433	81be7c3a	512	224	0	4433
4553	0	5923596237690	none	4434	7617c53d	512	224	0	4434
4554	1	5923613520510	none	4435	7617c53d	512	224	0	4435
4555	2	5923630835010	none	4436	7617c53d	512	224	0	4436
4556	3	5923648162360	none	4437	7617c53d	512	224	0	4437
4557	4	5923665535620	none	4438	7617c53d	512	224	0	4438
4558	5	5923678880600	none	4439	7617c53d	512	224	0	4439
4559	6	5923696244450	none	4440	4bd2de43	512	224	0	4440
4560	7	5923713574640	none	4441	c40514b1	512	224	0	4441
4561	0	5923730916680	none	4442	c40514b1	512	224	0	4442
4562	1	5923748384220	none	4443	c40514b1	512	224	0	4443
4563	2	5923761813970	none	4444	cda0f43e	512	224	0	4444
4564	3	5923779250860	none	4445	cda0f43e	512	224	0	4445
4565	4	5923796715080	none	4446	cda0f43e	512	224	0	4446
4566	5	5923814046750	none	4447	cda0f43e	512	224	0	4447
4567	6	5923831279270	none	4448	e8a9a21b	512	224	0	4448
4568	7	5923844659550	none	4449	e8a9a21b	512	224	0	4449
4569	0	5923861992550	none	4450	e8a9a21b	512	224	0	4450
4570	1	5923879319790	none	4451	e8a9a21b	512	224	0	4451
4571	2	5923896793610	none	4452	1392abdc	512	224	0	4452
4572	3	5923914260440	none	4453	1392abdc	512	224	0	4453
4573	4	5923931546100	none	4454	1392abdc	512	224	0	4454
4574	5	5923944761310	none	4455	e43b12db	512	224	0	4455
4575	6	5923962192430	none	4456	1e4ea57d	512	224	0	4456
4576	7	5923979577960	none	4457	1e4ea57d	512	224	0	4457
4577	0	5923996911730	none	4458	1e4ea57d	512	224	0	4458
4578	1	5924014283740	none	4459	1e4ea57d	512	224	0	4459
4579	2	5924031660490	none	4460	1e4ea57d	512	224	0	4460
4580	3	5924044869970	none	4461	1e4ea57d	512	224	0	4461
4581	4	5924062235810	none	4462	e9e71c7a	512	224	0	4462
4582	5	5924079623830	none	4463	e9e71c7a	512	224	0	4463
4583	6	5924097078970	none	4464	7cc3e094	512	224	0	4464
4584	7	5924114583230	none	4465	7cc3e094	512	224	0	4465
4585	0	5924127892690	none	4466	7cc3e094	512	224	0	4466
4586	1	5924145251940	none	4467	7cc3e094	512	224	0	4467
4587	2	5924162476270	none	4468	9c3e30e9	512	224	0	4468
4588	3	5924179890710	none	4469	13e9fa1b	512	224	0	4469
4589	4	5924197225070	none	4470	13e9fa1b	512	224	0	4470
4590	5	5924214691060	none	4471	13e9fa1b	512	224	0	4471
4591	6	5924227881980	none	4472	98eefdba	512	224	0	4472
4592	7	5924245288180	none	4473	98eefdba	512	224	0	4473
4593	0	5924262565680	none	4474	98eefdba	512	224	0	4474
4594	1	5924279892460	none	4475	98eefdba	512	224	0	4475
4595	2	5924297206070	none	4476	5c536062	512	224	0	4476
4596	3	5924310682770	none	4477	5c536062	512	224	0	4477
4597	4	5924328012470	none	4478	5c536062	512	224	0	4478
4598	5	5924345501560	none	4479	5c536062	512	224	0	4479
4599	6	5924362873020	none	4480	b521e3e4	512	224	0	4480
4600	7	5924380267830	none	4481	b521e3e4	512	224	0	4481
4601	0	5924397608790	none	4482	b521e3e4	512	224	0	4482
4602	1	5924410884740	none	4483	42885ae3	512	224	0	4483
4603	2	5924428342220	none	4484	79e356a3	512	224	0	4484
4604	3	5924445815530	none	4485	79e356a3	512	224	0	4485
4605	4	5924463163970	none	4486	79e356a3	512	224	0	4486
4606	5	5924480515040	none	4487	79e356a3	512	224	0	4487
4607	6	5924493970990	none	4488	7b42553d	512	224	0	4488
4608	7	5924511217320	none	4489	7b42553d	512	224	0	4489
4609	0	5924528741210	none	4490	8cebec3a	512	224	0	4490
4610	1	5924546183330	none	4491	8cebec3a	512	224	0	4491
4611	2	5924563710950	none	4492	0121ca3b	512	224	0	4492
4612	3	5924576945020	none	4493	0121ca3b	512	224	0	4493
4613	4	5924594305470	none	4494	0121ca3b	512	224	0	4494
4614	5	5924611756120	none	4495	0121ca3b	512	224	0	4495
4615	6	5924629111270	none	4496	c16ef77e	512	224	0	4496
4616	7	5924646601530	none	4497	4eb93d8c	512	224	0	4497
4617	0	5924659963460	none	4498	4eb93d8c	512	224	0	4498
4618	1	5924677405530	none	4499	4eb93d8c	512	224	0	4499
4619	2	5924694890690	none	4500	6451bc57	512	224	0	4500
4620	3	5924712446180	none	4501	6451bc57	512	224	0	4501
4621	4	5924730012350	none	4502	6451bc57	512	224	0	4502
4622	5	5924743378720	none	4503	6451bc57	512	224	0	4503
4623	6	5924760715170	none	4504	1e0ec445	512	224	0	4504
4624	7	5924778205020	none	4505	1e0ec445	512	224	0	4505
4625	0	5924795624720	none	4506	1e0ec445	512	224	0	4506
4626	1	5924813064390	none	4507	1e0ec445	512	224	0	4507
4627	2	5924830277500	none	4508	1e0ec445	512	224	0	4508
4628	3	5924843469690	none	4509	1e0ec445	512	224	0	4509
4629	4	5924860854050	none	4510	1e0ec445	512	224	0	4510
4630	5	5924878300590	none	4511	e9a77d42	512	224	0	4511
4631	6	5924895674490	none	4512	c9429853	512	224	0	4512
4632	7	5924913021560	none	4513	c9429853	512	224	0	4513
4633	0	5924926350190	none	4514	c9429853	512	224	0	4514
4634	1	5924943770720	none	4515	c9429853	512	224	0	4515
4635	2	5924961220050	none	4516	5d07e797	512	224	0	4516
4636	3	5924978632500	none	4517	5d07e797	512	224	0	4517
4637	4	5924995918850	none	4518	aaae5e90	512	224	0	4518
4638	5	5925013336550	none	4519	aaae5e90	512	224	0	4519
4639	6	5925026626960	none	4520	aaae5e90	512	224	0	4520
4640	7	5925044016140	none	4521	aaae5e90	512	224	0	4521
4641	0	5925061300050	none	4522	aaae5e90	512	224	0	4522
4642	1	5925078573380	none	4523	aaae5e90	512	224	0	4523
4643	2	5925095896390	none	4524	f6ce4a64	512	224	0	4524
4644	3	5925109271090	none	4525	79198096	512	224	0	4525
4645	4	5925126746120	none	4526	79198096	512	224	0	4526
4646	5	5925144148970	none	4527	79198096	512	224	0	4527
4647	6	5925161544960	none	4528	7b1b0686	512	224	0	4528
4648	7	5925178779060	none	4529	7b1b0686	512	224	0	4529
4649	0	5925196196840	none	4530	7b1b0686	512	224	0	4530
4650	1	5925209455290	none	4531	7b1b0686	512	224	0	4531
4651	2	5925226822670	none	4532	f4cccc74	512	224	0	4532
4652	3	5925244261500	none	4533	f4cccc74	512	224	0	4533
4653	4	5925261740280	none	4534	f4cccc74	512	224	0	4534
4654	5	5925279094500	none	4535	f4cccc74	512	224	0	4535
4655	6	5925292282390	none	4536	dbb1d547	512	224	0	4536
4656	7	5925309614090	none	4537	dbb1d547	512	224	0	4537
4657	0	5925326961090	none	4538	dbb1d547	512	224	0	4538
4658	1	5925344350200	none	4539	2c186c40	512	224	0	4539
4659	2	5925361773550	none	4540	3d5fc621	512	224	0	4540
4660	3	5925379230800	none	4541	3d5fc621	512	224	0	4541
4661	4	5925392587860	none	4542	3d5fc621	512	224	0	4542
4662	5	5925409866130	none	4543	3d5fc621	512	224	0	4543
4663	6	5925427165570	none	4544	55737eaf	512	224	0	4544
4664	7	5925444614660	none	4545	55737eaf	512	224	0	4545
4665	0	5925462090690	none	4546	a2dac7a8	512	224	0	4546
4666	1	5925475333420	none	4547	1970f135	512	224	0	4547
4667	2	5925492562580	none	4548	9e1e306e	512	224	0	4548
4668	3	5925509935630	none	4549	9e1e306e	512	224	0	4549
4669	4	5925527237700	none	4550	9e1e306e	512	224	0	4550
4670	5	5925544625720	none	4551	9e1e306e	512	224	0	4551
4671	6	5925562087850	none	4552	5b673ceb	512	224	0	4552
4672	7	5925575383370	none	4553	d4b0f619	512	224	0	4553
4673	0	5925592800660	none	4554	d4b0f619	512	224	0	4554
4674	1	5925610200760	none	4555	d4b0f619	512	224	0	4555
4675	2	5925627479240	none	4556	d4b0f619	512	224	0	4556
4676	3	5925644900500	none	4557	6f1ac084	512	224	0	4557
4677	4	5925658363950	none	4558	6f1ac084	512	224	0	4558
4678	5	5925675914670	none	4559	6f1ac084	512	224	0	4559
4679	6	5925693338570	none	4560	e0cd0a76	512	224	0	4560
4680	7	5925710819740	none	4561	e0cd0a76	512	224	0	4561
4681	0	5925728172460	none	4562	e0cd0a76	512	224	0	4562
4682	1	5925741579680	none	4563	e0cd0a76	512	224	0	4563
4683	2	5925758809280	none	4564	e0cd0a76	512	224	0	4564
4684	3	5925776191310	none	4565	e0cd0a76	512	224	0	4565
4685	4	5925793484520	none	4566	e0cd0a76	512	224	0	4566
4686	5	5925810856380	none	4567	1764b371	512	224	0	4567
4687	6	5925828375090	none	4568	1764b371	512	224	0	4568
4688	7	5925841797510	none	4569	1764b371	512	224	0	4569
4689	0	5925859257950	none	4570	1764b371	512	224	0	4570
4690	1	5925876757880	none	4571	1764b371	512	224	0	4571
4691	2	5925894220630	none	4572	1764b371	512	224	0	4572
4692	3	5925911746890	none	4573	1764b371	512	224	0	4573
4693	4	5925925058540	none	4574	e0cd0a76	512	224	0	4574
4694	5	5925942447340	none	4575	e0cd0a76	512	224	0	4575
4695	6	5925959914250	none	4576	e0cd0a76	512	224	0	4576
4696	7	5925977219700	none	4577	e0cd0a76	512	224	0	4577
4697	0	5925994668660	none	4578	e0cd0a76	512	224	0	4578
4698	1	5926007942150	none	4579	e0cd0a76	512	224	0	4579
4699	2	5926025200210	none	4580	e0cd0a76	512	224	0	4580
4700	3	5926042445360	none	4581	6f1ac084	512	224	0	4581
4701	4	5926059924370	none	4582	6f1ac084	512	224	0	4582
4702	5	5926077374710	none	4583	6f1ac084	512	224	0	4583
4703	6	5926094874310	none	4584	6f1ac084	512	224	0	4584
4704	7	5926108188710	none	4585	6f1ac084	512	224	0	4585
4705	0	5926125564620	none	4586	6f1ac084	512	224	0	4586
4706	1	5926142973560	none	4587	6f1ac084	512	224	0	4587
4707	2	5926160367670	none	4588	e0cd0a76	512	224	0	4588
4708	3	5926177751890	none	4589	e0cd0a76	512	224	0	4589
4709	4	5926190933090	none	4590	e0cd0a76	512	224	0	4590
4710	5	5926208366160	none	4591	e0cd0a76	512	224	0	4591
4711	6	5926225810920	none	4592	d0412fef	512	224	0	4592
4712	7	5926243154090	none	4593	d0412fef	512	224	0	4593
4713	0	5926260528100	none	4594	d0412fef	512	224	0	4594
4714	1	5926277868550	none	4595	c76b01a6	512	224	0	4595
4715	2	5926291204670	none	4596	c76b01a6	512	224	0	4596
4716	3	5926308645590	none	4597	1764b371	512	224	0	4597
4717	4	5926325918290	none	4598	1764b371	512	224	0	4598
4718	5	5926343347390	none	4599	1764b371	512	224	0	4599
4719	6	5926360785190	none	4600	1764b371	512	224	0	4600
4720	7	5926374143030	none	4601	1764b371	512	224	0	4601
4721	0	5926391584560	none	4602	d0412fef	512	224	0	4602
4722	1	5926409049990	none	4603	d0412fef	512	224	0	4603
4723	2	5926426244910	none	4604	d0412fef	512	224	0	4604
4724	3	5926443678280	none	4605	d0412fef	512	224	0	4605
4725	4	5926460994210	none	4606	d0412fef	512	224	0	4606
4726	5	5926474372120	none	4607	e0cd0a76	512	224	0	4607
4727	6	5926491741900	none	4608	e0cd0a76	512	224	0	4608
4728	7	5926509253000	none	4609	6f1ac084	512	224	0	4609
4729	0	5926526600520	none	4610	6f1ac084	512	224	0	4610
4730	1	5926543980010	none	4611	6f1ac084	512	224	0	4611
4731	2	5926557218800	none	4612	6f1ac084	512	224	0	4612
4732	3	5926574604030	none	4613	6f1ac084	512	224	0	4613
4733	4	5926592071680	none	4614	6f1ac084	512	224	0	4614
4734	5	5926609369440	none	4615	6f1ac084	512	224	0	4615
4735	6	5926626720850	none	4616	e0cd0a76	512	224	0	4616
4736	7	5926640087210	none	4617	e0cd0a76	512	224	0	4617
4737	0	5926657848450	none	4618	e0cd0a76	512	224	0	4618
4738	1	5926675242900	none	4619	e0cd0a76	512	224	0	4619
4739	2	5926692470550	none	4620	e0cd0a76	512	224	0	4620
4740	3	5926709889900	none	4621	e0cd0a76	512	224	0	4621
4741	4	5926727229390	none	4622	e0cd0a76	512	224	0	4622
4742	5	5926740619520	none	4623	1764b371	512	224	0	4623
4743	6	5926758095880	none	4624	1764b371	512	224	0	4624
4744	7	5926775515960	none	4625	1764b371	512	224	0	4625
4745	0	5926792866310	none	4626	1764b371	512	224	0	4626
4746	1	5926810248220	none	4627	1764b371	512	224	0	4627
4747	2	5926823450390	none	4628	1764b371	512	224	0	4628
4748	3	5926840817660	none	4629	1764b371	512	224	0	4629
4749	4	5926858366180	none	4630	e0cd0a76	512	224	0	4630
4750	5	5926875779390	none	4631	e0cd0a76	512	224	0	4631
4751	6	5926893120150	none	4632	e0cd0a76	512	224	0	4632
4752	7	5926906475940	none	4633	e0cd0a76	512	224	0	4633
4753	0	5926923719500	none	4634	e0cd0a76	512	224	0	4634
4754	1	5926940946470	none	4635	e0cd0a76	512	224	0	4635
4755	2	5926958374550	none	4636	e0cd0a76	512	224	0	4636
4756	3	5926975812480	none	4637	6f1ac084	512	224	0	4637
4757	4	5926993150110	none	4638	6f1ac084	512	224	0	4638
4758	5	5927006461070	none	4639	6f1ac084	512	224	0	4639
4759	6	5927023728020	none	4640	6f1ac084	512	224	0	4640
4760	7	5927041179310	none	4641	6f1ac084	512	224	0	4641
4761	0	5927058731100	none	4642	6f1ac084	512	224	0	4642
4762	1	5927076183640	none	4643	6f1ac084	512	224	0	4643
4763	2	5927089633780	none	4644	e0cd0a76	512	224	0	4644
4764	3	5927107081670	none	4645	e0cd0a76	512	224	0	4645
4765	4	5927124391140	none	4646	e0cd0a76	512	224	0	4646
4766	5	5927141731000	none	4647	e0cd0a76	512	224	0	4647
4767	6	5927159110700	none	4648	e0cd0a76	512	224	0	4648
4768	7	5927176511930	none	4649	e0cd0a76	512	224	0	4649
4769	0	5927189722060	none	4650	e0cd0a76	512	224	0	4650
4770	1	5927207368110	none	4651	1764b371	512	224	0	4651
4771	2	5927224682760	none	4652	1764b371	512	224	0	4652
4772	3	5927241899290	none	4653	1764b371	512	224	0	4653
4773	4	5927259227930	none	4654	1764b371	512	224	0	4654
4774	5	5927272675870	none	4655	1764b371	512	224	0	4655
4775	6	5927289935320	none	4656	1764b371	512	224	0	4656
4776	7	5927307222760	none	4657	1764b371	512	224	0	4657
4777	0	5927324558990	none	4658	e0cd0a76	512	224	0	4658
4778	1	5927341863930	none	4659	e0cd0a76	512	224	0	4659
4779	2	5927359111180	none	4660	e0cd0a76	512	224	0	4660
4780	3	5927372536220	none	4661	e0cd0a76	512	224	0	4661
4781	4	5927389898320	none	4662	e0cd0a76	512	224	0	4662
4782	5	5927407201730	none	4663	e0cd0a76	512	224	0	4663
4783	6	5927424559830	none	4664	e0cd0a76	512	224	0	4664
4784	7	5927441897130	none	4665	6f1ac084	512	224	0	4665
4785	0	5927459262270	none	4666	6f1ac084	512	224	0	4666
4786	1	5927472697040	none	4667	6f1ac084	512	224	0	4667
4787	2	5927489971540	none	4668	6f1ac084	512	224	0	4668
4788	3	5927507401900	none	4669	6f1ac084	512	224	0	4669
4789	4	5927524836700	none	4670	6f1ac084	512	224	0	4670
4790	5	5927542120420	none	4671	6f1ac084	512	224	0	4671
4791	6	5927555510210	none	4672	e0cd0a76	512	224	0	4672
4792	7	5927572954590	none	4673	e0cd0a76	512	224	0	4673
4793	0	5927590513310	none	4674	e0cd0a76	512	224	0	4674
4794	1	5927607962220	none	4675	e0cd0a76	512	224	0	4675
4795	2	5927625430960	none	4676	e0cd0a76	512	224	0	4676
4796	3	5927638625080	none	4677	e0cd0a76	512	224	0	4677
4797	4	5927656057140	none	4678	e0cd0a76	512	224	0	4678
4798	5	5927673368280	none	4679	1764b371	512	224	0	4679
4799	6	5927690797660	none	4680	1764b371	512	224	0	4680
4800	7	5927708143600	none	4681	1764b371	512	224	0	4681
4801	0	5927725604670	none	4682	1764b371	512	224	0	4682
4802	1	5927738920920	none	4683	1764b371	512	224	0	4683
4803	2	5927756174970	none	4684	1764b371	512	224	0	4684
4804	3	5927773604840	none	4685	1764b371	512	224	0	4685
4805	4	5927790888570	none	4686	e0cd0a76	512	224	0	4686
4806	5	5927808355830	none	4687	e0cd0a76	512	224	0	4687
4807	6	5927821786250	none	4688	e0cd0a76	512	224	0	4688
4808	7	5927839070460	none	4689	e0cd0a76	512	224	0	4689
4809	0	5927856455490	none	4690	e0cd0a76	512	224	0	4690
4810	1	5927873718060	none	4691	5b673ceb	512	224	0	4691
4811	2	5927891106340	none	4692	5b673ceb	512	224	0	4692
4812	3	5927908409010	none	4693	d4b0f619	512	224	0	4693
4813	4	5927921770230	none	4694	d4b0f619	512	224	0	4694
4814	5	5927939242860	none	4695	d4b0f619	512	224	0	4695
4815	6	5927956829580	none	4696	d4b0f619	512	224	0	4696
4816	7	5927974254940	none	4697	d4b0f619	512	224	0	4697
4817	0	5927991820070	none	4698	d4b0f619	512	224	0	4698
4818	1	5928005498060	none	4699	d4b0f619	512	224	0	4699
4819	2	5928022860180	none	4700	5b673ceb	512	224	0	4700
4820	3	5928040319610	none	4701	e0cd0a76	512	224	0	4701
4821	4	5928057698220	none	4702	e0cd0a76	512	224	0	4702
4822	5	5928071009840	none	4703	e0cd0a76	512	224	0	4703
4823	6	5928088361960	none	4704	e0cd0a76	512	224	0	4704
4824	7	5928105811610	none	4705	e0cd0a76	512	224	0	4705
4825	0	5928123279450	none	4706	e0cd0a76	512	224	0	4706
4826	1	5928140548380	none	4707	1764b371	512	224	0	4707
4827	2	5928157969100	none	4708	1764b371	512	224	0	4708
4828	3	5928171296080	none	4709	1764b371	512	224	0	4709
4829	4	5928188654320	none	4710	1764b371	512	224	0	4710
4830	5	5928206117100	none	4711	1764b371	512	224	0	4711
4831	6	5928223443750	none	4712	1764b371	512	224	0	4712
4832	7	5928240859750	none	4713	1764b371	512	224	0	4713
4833	0	5928254249850	none	4714	e0cd0a76	512	224	0	4714
4834	1	5928271712980	none	4715	e0cd0a76	512	224	0	4715
4835	2	5928289200360	none	4716	b613e3bf	512	224	0	4716
4836	3	5928306615710	none	4717	b613e3bf	512	224	0	4717
4837	4	5928324066950	none	4718	b613e3bf	512	224	0	4718
4838	5	5928337439970	none	4719	b613e3bf	512	224	0	4719
4839	6	5928354881530	none	4720	9856cccc	512	224	0	4720
4840	7	5928372214560	none	4721	1781063e	512	224	0	4721
4841	0	5928389595140	none	4722	1781063e	512	224	0	4722
4842	1	5928407051660	none	4723	1781063e	512	224	0	4723
4843	2	5928420500750	none	4724	8de3fac1	512	224	0	4724
4844	3	5928437818320	none	4725	8de3fac1	512	224	0	4725
4845	4	5928455214260	none	4726	8de3fac1	512	224	0	4726
4846	5	5928472446630	none	4727	8de3fac1	512	224	0	4727
4847	6	5928489875240	none	4728	02343033	512	224	0	4728
4848	7	5928507342870	none	4729	02343033	512	224	0	4729
4849	0	5928520674940	none	4730	02343033	512	224	0	4730
4850	1	5928538005210	none	4731	02343033	512	224	0	4731
4851	2	5928555448230	none	4732	c5272a2e	512	224	0	4732
4852	3	5928572962080	none	4733	c5272a2e	512	224	0	4733
4853	4	5928590346200	none	4734	c5272a2e	512	224	0	4734
4854	5	5928603672620	none	4735	328e9329	512	224	0	4735
4855	6	5928620883800	none	4736	f6a74bce	512	224	0	4736
4856	7	5928638303730	none	4737	f6a74bce	512	224	0	4737
4857	0	5928655650150	none	4738	f6a74bce	512	224	0	4738
4858	1	5928673117970	none	4739	f6a74bce	512	224	0	4739
4859	2	5928690525880	none	4740	d275ad22	512	224	0	4740
4860	3	5928703890170	none	4741	d275ad22	512	224	0	4741
4861	4	5928721204300	none	4742	25dc1425	512	224	0	4742
4862	5	5928738752140	none	4743	25dc1425	512	224	0	4743
4863	6	5928756205380	none	4744	9e1224b3	512	224	0	4744
4864	7	5928773774050	none	4745	9e1224b3	512	224	0	4745
4865	0	5928787002530	none	4746	9e1224b3	512	224	0	4746
4866	1	5928804319140	none	4747	9e1224b3	512	224	0	4747
4867	2	5928821729770	none	4748	9e1224b3	512	224	0	4748
4868	3	5928839195090	none	4749	11c5ee41	512	224	0	4749
4869	4	5928856610300	none	4750	11c5ee41	512	224	0	4750
4870	5	5928869987330	none	4751	11c5ee41	512	224	0	4751
4871	6	5928887432020	none	4752	6abf8d62	512	224	0	4752
4872	7	5928904840240	none	4753	6abf8d62	512	224	0	4753
4873	0	5928922170120	none	4754	6abf8d62	512	224	0	4754
4874	1	5928939635080	none	4755	6abf8d62	512	224	0	4755
4875	2	5928953105820	none	4756	9bdafd72	512	224	0	4756
4876	3	5928970510410	none	4757	9bdafd72	512	224	0	4757
4877	4	5928987937330	none	4758	9bdafd72	512	224	0	4758
4878	5	5929005318470	none	4759	9bdafd72	512	224	0	4759
4879	6	5929022768810	none	4760	9bdafd72	512	224	0	4760
4880	7	5929040148370	none	4761	9bdafd72	512	224	0	4761
4881	0	5929053375300	none	4762	9bdafd72	512	224	0	4762
4882	1	5929070768870	none	4763	6c734475	512	224	0	4763
4883	2	5929088103920	none	4764	182ed240	512	224	0	4764
4884	3	5929105501040	none	4765	182ed240	512	224	0	4765
4885	4	5929122949000	none	4766	182ed240	512	224	0	4766
4886	5	5929136408870	none	4767	182ed240	512	224	0	4767
4887	6	5929153715590	none	4768	2315b0ed	512	224	0	4768
4888	7	5929171143740	none	4769	2315b0ed	512	224	0	4769
4889	0	5929188432090	none	4770	d4bc09ea	512	224	0	4770
4890	1	5929205796630	none	4771	d4bc09ea	512	224	0	4771
4891	2	5929219097810	none	4772	83bf9070	512	224	0	4772
4892	3	5929236593460	none	4773	83bf9070	512	224	0	4773
4893	4	5929253954180	none	4774	83bf9070	512	224	0	4774
4894	5	5929271225620	none	4775	83bf9070	512	224	0	4775
4895	6	5929288622740	none	4776	e4e422ed	512	224	0	4776
4896	7	5929305933120	none	4777	6b33e81f	512	224	0	4777
4897	0	5929319302110	none	4778	6b33e81f	512	224	0	4778
4898	1	5929336767510	none	4779	6b33e81f	512	224	0	4779
4899	2	5929354253660	none	4780	e6179237	512	224	0	4780
4900	3	5929371720200	none	4781	e6179237	512	224	0	4781
4901	4	5929389098220	none	4782	e6179237	512	224	0	4782
4902	5	5929402456760	none	4783	e6179237	512	224	0	4783
4903	6	5929419881100	none	4784	2d7cf5ec	512	224	0	4784
4904	7	5929437389800	none	4785	2d7cf5ec	512	224	0	4785
4905	0	5929454834570	none	4786	2d7cf5ec	512	224	0	4786
4906	1	5929472350150	none	4787	2d7cf5ec	512	224	0	4787
4907	2	5929485649550	none	4788	dd36e0f3	512	224	0	4788
4908	3	5929502989710	none	4789	dd36e0f3	512	224	0	4789
4909	4	5929520334840	none	4790	dd36e0f3	512	224	0	4790
4910	5	5929537710490	none	4791	2a9f59f4	512	224	0	4791
4911	6	5929554949230	none	4792	b9e610c5	512	224	0	4792
4912	7	5929572390350	none	4793	b9e610c5	512	224	0	4793
4913	0	5929585592740	none	4794	b9e610c5	512	224	0	4794
4914	1	5929602949400	none	4795	b9e610c5	512	224	0	4795
4915	2	5929620299580	none	4796	48fb0bed	512	224	0	4796
4916	3	5929637712140	none	4797	48fb0bed	512	224	0	4797
4917	4	5929654942100	none	4798	bf52b2ea	512	224	0	4798
4918	5	5929672394710	none	4799	bf52b2ea	512	224	0	4799
4919	6	5929685792280	none	4800	bc02ad0a	512	224	0	4800
4920	7	5929703086520	none	4801	bc02ad0a	512	224	0	4801
4921	0	5929720433590	none	4802	bc02ad0a	512	224	0	4802
4922	1	5929737793530	none	4803	bc02ad0a	512	224	0	4803
4923	2	5929755022350	none	4804	edcce9ea	512	224	0	4804
4924	3	5929768339290	none	4805	621b2318	512	224	0	4805
4925	4	5929785815540	none	4806	621b2318	512	224	0	4806
4926	5	5929803335330	none	4807	621b2318	512	224	0	4807
4927	6	5929820732440	none	4808	621b2318	512	224	0	4808
4928	7	5929838077200	none	4809	621b2318	512	224	0	4809
4929	0	5929851404040	none	4810	621b2318	512	224	0	4810
4930	1	5929868657730	none	4811	621b2318	512	224	0	4811
4931	2	5929885934560	none	4812	0c4198f4	512	224	0	4812
4932	3	5929903293310	none	4813	0c4198f4	512	224	0	4813
4933	4	5929920781590	none	4814	0c4198f4	512	224	0	4814
4934	5	5929938116960	none	4815	0c4198f4	512	224	0	4815
4935	6	5929951468180	none	4816	936235bd	512	224	0	4816
4936	7	5929968699990	none	4817	936235bd	512	224	0	4817
4937	0	5929985983450	none	4818	936235bd	512	224	0	4818
4938	1	5930003292140	none	4819	64cb8cba	512	224	0	4819
4939	2	5930020807640	none	4820	331ee9bf	512	224	0	4820
4940	3	5930038269450	none	4821	331ee9bf	512	224	0	4821
4941	4	5930051568650	none	4822	331ee9bf	512	224	0	4822
4942	5	5930068845530	none	4823	331ee9bf	512	224	0	4823
4943	6	5930086422910	none	4824	331ee9bf	512	224	0	4824
4944	7	5930103718700	none	4825	331ee9bf	512	224	0	4825
4945	0	5930121031360	none	4826	c4b750b8	512	224	0	4826
4946	1	5930134268780	none	4827	c4b750b8	512	224	0	4827
4947	2	5930151720460	none	4828	68d280b1	512	224	0	4828
4948	3	5930169198710	none	4829	68d280b1	512	224	0	4829
4949	4	5930186671920	none	4830	68d280b1	512	224	0	4830
4950	5	5930203905750	none	4831	68d280b1	512	224	0	4831
4951	6	5930221451280	none	4832	36c23159	512	224	0	4832
4952	7	5930234646960	none	4833	b915fbab	512	224	0	4833
4953	0	5930251879370	none	4834	b915fbab	512	224	0	4834
4954	1	5930269310940	none	4835	02bfcd36	512	224	0	4835
4955	2	5930286732420	none	4836	d86d4e97	512	224	0	4836
4956	3	5930304205280	none	4837	d86d4e97	512	224	0	4837
4957	4	5930317530910	none	4838	d86d4e97	512	224	0	4838
4958	5	5930334864040	none	4839	d86d4e97	512	224	0	4839
4959	6	5930352239600	none	4840	14c90e11	512	224	0	4840
4960	7	5930369664950	none	4841	14c90e11	512	224	0	4841
4961	0	5930387226820	none	4842	14c90e11	512	224	0	4842
4962	1	5930400552760	none	4843	14c90e11	512	224	0	4843
4963	2	5930417884080	none	4844	8174a4cf	512	224	0	4844
4964	3	5930435135840	none	4845	3ade9252	512	224	0	4845
4965	4	5930452376280	none	4846	3ade9252	512	224	0	4846
4966	5	5930469848450	none	4847	cd772b55	512	224	0	4847
4967	6	5930487139230	none	4848	5080ef1e	512	224	0	4848
4968	7	5930500470680	none	4849	5080ef1e	512	224	0	4849
4969	0	5930517702150	none	4850	5080ef1e	512	224	0	4850
4970	1	5930534964250	none	4851	5080ef1e	512	224	0	4851
4971	2	5930552190320	none	4852	609874a9	512	224	0	4852
4972	3	5930569629350	none	4853	609874a9	512	224	0	4853
4973	4	5930587006910	none	4854	9731cdae	512	224	0	4854
4974	5	5930600259740	none	4855	9731cdae	512	224	0	4855
4975	6	5930617683630	none	4856	55b3c44a	512	224	0	4856
4976	7	5930634977620	none	4857	55b3c44a	512	224	0	4857
4977	0	5930652383160	none	4858	55b3c44a	512	224	0	4858
4978	1	5930669716550	none	4859	55b3c44a	512	224	0	4859
4979	2	5930687214300	none	4860	339e4e4e	512	224	0	4860
4980	3	5930700637900	none	4861	bc4984bc	512	224	0	4861
4981	4	5930718075650	none	4862	bc4984bc	512	224	0	4862
4982	5	5930735447830	none	4863	bc4984bc	512	224	0	4863
4983	6	5930752853330	none	4864	6afa5b31	512	224	0	4864
4984	7	5930770140600	none	4865	6afa5b31	512	224	0	4865
4985	0	5930783424280	none	4866	6afa5b31	512	224	0	4866
4986	1	5930800829690	none	4867	6afa5b31	512	224	0	4867
4987	2	5930818294850	none	4868	9ad7c771	512	224	0	4868
4988	3	5930835756970	none	4869	9ad7c771	512	224	0	4869
4989	4	5930853256300	none	4870	9ad7c771	512	224	0	4870
4990	5	5930866733220	none	4871	9ad7c771	512	224	0	4871
4991	6	5930884188710	none	4872	9ad7c771	512	224	0	4872
4992	7	5930901620400	none	4873	9ad7c771	512	224	0	4873
4993	0	5930919020040	none	4874	9ad7c771	512	224	0	4874
4994	1	5930936389490	none	4875	6d7e7e76	512	224	0	4875
4995	2	5930949705470	none	4876	6d7e7e76	512	224	0	4876
4996	3	5930967132380	none	4877	6d7e7e76	512	224	0	4877
4997	4	5930984517340	none	4878	6d7e7e76	512	224	0	4878
4998	5	5931001823060	none	4879	6d7e7e76	512	224	0	4879
4999	6	5931019173220	none	4880	6d7e7e76	512	224	0	4880
5000	7	5931036570500	none	4881	6d7e7e76	512	224	0	4881
5001	0	5931049888790	none	4882	9ad7c771	512	224	0	4882
5002	1	5931067370080	none	4883	9ad7c771	512	224	0	4883
5003	2	5931084673080	none	4884	9ad7c771	512	224	0	4884
5004	3	5931102134750	none	4885	9ad7c771	512	224	0	4885
5005	4	5931119529440	none	4886	9ad7c771	512	224	0	4886
5006	5	5931133057150	none	4887	9ad7c771	512	224	0	4887
5007	6	5931150427890	none	4888	9ad7c771	512	224	0	4888
5008	7	5931167836030	none	4889	15000d83	512	224	0	4889
5009	0	5931185124660	none	4890	15000d83	512	224	0	4890
5010	1	5931202376950	none	4891	15000d83	512	224	0	4891
5011	2	5931219684670	none	4892	15000d83	512	224	0	4892
5012	3	5931233109440	none	4893	15000d83	512	224	0	4893
5013	4	5931250416430	none	4894	15000d83	512	224	0	4894
5014	5	5931267876770	none	4895	c3406d49	512	224	0	4895
5015	6	5931285126510	none	4896	aa5be2e8	512	224	0	4896
5016	7	5931302393830	none	4897	aa5be2e8	512	224	0	4897
5017	0	5931315777140	none	4898	aa5be2e8	512	224	0	4898
5018	1	5931333280680	none	4899	aa5be2e8	512	224	0	4899
5019	2	5931350780530	none	4900	9ad7c771	512	224	0	4900
5020	3	5931368238280	none	4901	9ad7c771	512	224	0	4901
5021	4	5931385612060	none	4902	9ad7c771	512	224	0	4902
5022	5	5931398885590	none	4903	6d7e7e76	512	224	0	4903
5023	6	5931416364670	none	4904	6d7e7e76	512	224	0	4904
5024	7	5931433680660	none	4905	bd71cca1	512	224	0	4905
5025	0	5931450955810	none	4906	bd71cca1	512	224	0	4906
5026	1	5931468341160	none	4907	bd71cca1	512	224	0	4907
5027	2	5931485799850	none	4908	bd71cca1	512	224	0	4908
5028	3	5931499086980	none	4909	bd71cca1	512	224	0	4909
5029	4	5931516703570	none	4910	9ad7c771	512	224	0	4910
5030	5	5931534179150	none	4911	9ad7c771	512	224	0	4911
5031	6	5931551712710	none	4912	9ad7c771	512	224	0	4912
5032	7	5931569166370	none	4913	9ad7c771	512	224	0	4913
5033	0	5931582684450	none	4914	9ad7c771	512	224	0	4914
5034	1	5931599993300	none	4915	9ad7c771	512	224	0	4915
5035	2	5931617357560	none	4916	9ad7c771	512	224	0	4916
5036	3	5931634669430	none	4917	15000d83	512	224	0	4917
5037	4	5931652108360	none	4918	15000d83	512	224	0	4918
5038	5	5931665465490	none	4919	15000d83	512	224	0	4919
5039	6	5931682831070	none	4920	15000d83	512	224	0	4920
5040	7	5931700405490	none	4921	15000d83	512	224	0	4921
5041	0	5931717834630	none	4922	15000d83	512	224	0	4922
5042	1	5931735095300	none	4923	15000d83	512	224	0	4923
5043	2	5931748302840	none	4924	9ad7c771	512	224	0	4924
5044	3	5931765760570	none	4925	9ad7c771	512	224	0	4925
5045	4	5931783258800	none	4926	9ad7c771	512	224	0	4926
5046	5	5931800634860	none	4927	9ad7c771	512	224	0	4927
5047	6	5931818052020	none	4928	9ad7c771	512	224	0	4928
5048	7	5931835455470	none	4929	9ad7c771	512	224	0	4929
5049	0	5931848773040	none	4930	9ad7c771	512	224	0	4930
5050	1	5931866064840	none	4931	6d7e7e76	512	224	0	4931
5051	2	5931883571290	none	4932	6d7e7e76	512	224	0	4932
5052	3	5931900895050	none	4933	6d7e7e76	512	224	0	4933
5053	4	5931918245350	none	4934	6d7e7e76	512	224	0	4934
5054	5	5931931718070	none	4935	6d7e7e76	512	224	0	4935
5055	6	5931949164320	none	4936	6d7e7e76	512	224	0	4936
5056	7	5931966756100	none	4937	6d7e7e76	512	224	0	4937
5057	0	5931984168120	none	4938	9ad7c771	512	224	0	4938
5058	1	5932001584400	none	4939	9ad7c771	512	224	0	4939
5059	2	5932014895810	none	4940	9ad7c771	512	224	0	4940
5060	3	5932032303690	none	4941	9ad7c771	512	224	0	4941
5061	4	5932049665710	none	4942	9ad7c771	512	224	0	4942
5062	5	5932067115970	none	4943	9ad7c771	512	224	0	4943
5063	6	5932084495030	none	4944	9ad7c771	512	224	0	4944
5064	7	5932097798050	none	4945	15000d83	512	224	0	4945
5065	0	5932115281810	none	4946	15000d83	512	224	0	4946
5066	1	5932132667960	none	4947	15000d83	512	224	0	4947
5067	2	5932149981900	none	4948	15000d83	512	224	0	4948
5068	3	5932167360010	none	4949	15000d83	512	224	0	4949
5069	4	5932184682300	none	4950	15000d83	512	224	0	4950
5070	5	5932198099120	none	4951	15000d83	512	224	0	4951
5071	6	5932215559900	none	4952	9ad7c771	512	224	0	4952
5072	7	5932233039930	none	4953	9ad7c771	512	224	0	4953
5073	0	5932250533940	none	4954	9ad7c771	512	224	0	4954
5074	1	5932267876120	none	4955	9ad7c771	512	224	0	4955
5075	2	5932281220610	none	4956	9ad7c771	512	224	0	4956
5076	3	5932298570070	none	4957	9ad7c771	512	224	0	4957
5077	4	5932315851390	none	4958	9ad7c771	512	224	0	4958
5078	5	5932333375770	none	4959	6d7e7e76	512	224	0	4959
5079	6	5932350805140	none	4960	6d7e7e76	512	224	0	4960
5080	7	5932364220580	none	4961	6d7e7e76	512	224	0	4961
5081	0	5932381721450	none	4962	6d7e7e76	512	224	0	4962
5082	1	5932399155310	none	4963	6d7e7e76	512	224	0	4963
5083	2	5932416567180	none	4964	6d7e7e76	512	224	0	4964
5084	3	5932434030400	none	4965	6d7e7e76	512	224	0	4965
5085	4	5932447397850	none	4966	9ad7c771	512	224	0	4966
5086	5	5932464864920	none	4967	9ad7c771	512	224	0	4967
5087	6	5932482302670	none	4968	9ad7c771	512	224	0	4968
5088	7	5932499838080	none	4969	9ad7c771	512	224	0	4969
5089	0	5932517305500	none	4970	9ad7c771	512	224	0	4970
5090	1	5932530675660	none	4971	9ad7c771	512	224	0	4971
5091	2	5932548038910	none	4972	9ad7c771	512	224	0	4972
5092	3	5932565543770	none	4973	15000d83	512	224	0	4973
5093	4	5932582934010	none	4974	15000d83	512	224	0	4974
5094	5	5932600210030	none	4975	15000d83	512	224	0	4975
5095	6	5932613569100	none	4976	15000d83	512	224	0	4976
5096	7	5932630843970	none	4977	15000d83	512	224	0	4977
5097	0	5932648240380	none	4978	15000d83	512	224	0	4978
5098	1	5932665607540	none	4979	aeaa3b1e	512	224	0	4979
5099	2	5932683023520	none	4980	217df1ec	512	224	0	4980
5100	3	5932700457190	none	4981	217df1ec	512	224	0	4981
5101	4	5932713680340	none	4982	217df1ec	512	224	0	4982
5102	5	5932730992320	none	4983	217df1ec	512	224	0	4983
5103	6	5932748272390	none	4984	217df1ec	512	224	0	4984
5104	7	5932765692860	none	4985	217df1ec	512	224	0	4985
5105	0	5932783303880	none	4986	217df1ec	512	224	0	4986
5106	1	5932796733390	none	4987	d6d448eb	512	224	0	4987
5107	2	5932814169980	none	4988	d6d448eb	512	224	0	4988
5108	3	5932831562300	none	4989	6d7e7e76	512	224	0	4989
5109	4	5932848986650	none	4990	6d7e7e76	512	224	0	4990
5110	5	5932866390600	none	4991	6d7e7e76	512	224	0	4991
5111	6	5932883751530	none	4992	6d7e7e76	512	224	0	4992
5112	7	5932897057480	none	4993	6d7e7e76	512	224	0	4993
5113	0	5932914482520	none	4994	9ad7c771	512	224	0	4994
5114	1	5932931806810	none	4995	9ad7c771	512	224	0	4995
5115	2	5932949168540	none	4996	9ad7c771	512	224	0	4996
5116	3	5932966608820	none	4997	9ad7c771	512	224	0	4997
5117	4	5932979968580	none	4998	9ad7c771	512	224	0	4998
5118	5	5932997387160	none	4999	9ad7c771	512	224	0	4999
5119	6	5933015319280	none	5000	9ad7c771	512	224	0	5000
5120	7	5933033096650	none	5001	15000d83	512	224	0	5001
5121	0	5933046726230	none	5002	15000d83	512	224	0	5002
5122	1	5933064168460	none	5003	15000d83	512	224	0	5003
5123	2	5933081412770	none	5004	15000d83	512	224	0	5004
5124	3	5933098645990	none	5005	15000d83	512	224	0	5005
5125	4	5933116088140	none	5006	15000d83	512	224	0	5006
5126	5	5933129432770	none	5007	15000d83	512	224	0	5007
5127	6	5933146748540	none	5008	9ad7c771	512	224	0	5008
5128	7	5933164190570	none	5009	9ad7c771	512	224	0	5009
5129	0	5933181726340	none	5010	9ad7c771	512	224	0	5010
5130	1	5933199022360	none	5011	9ad7c771	512	224	0	5011
5131	2	5933216468680	none	5012	9ad7c771	512	224	0	5012
5132	3	5933229688110	none	5013	9ad7c771	512	224	0	5013
5133	4	5933247028780	none	5014	9ad7c771	512	224	0	5014
5134	5	5933264481840	none	5015	6d7e7e76	512	224	0	5015
5135	6	5933282023230	none	5016	6d7e7e76	512	224	0	5016
5136	7	5933299527170	none	5017	6d7e7e76	512	224	0	5017
5137	0	5933312952330	none	5018	6d7e7e76	512	224	0	5018
5138	1	5933330391020	none	5019	6d7e7e76	512	224	0	5019
5139	2	5933347910220	none	5020	6d7e7e76	512	224	0	5020
5140	3	5933365247500	none	5021	6d7e7e76	512	224	0	5021
5141	4	5933382700030	none	5022	9ad7c771	512	224	0	5022
5142	5	5933396146650	none	5023	9ad7c771	512	224	0	5023
5143	6	5933413574590	none	5024	9ad7c771	512	224	0	5024
5144	7	5933430875580	none	5025	9ad7c771	512	224	0	5025
5145	0	5933448246260	none	5026	9ad7c771	512	224	0	5026
5146	1	5933465600730	none	5027	9ad7c771	512	224	0	5027
5147	2	5933478912380	none	5028	9ad7c771	512	224	0	5028
5148	3	5933496124690	none	5029	15000d83	512	224	0	5029
5149	4	5933513407150	none	5030	15000d83	512	224	0	5030
5150	5	5933530800090	none	5031	15000d83	512	224	0	5031
5151	6	5933548225960	none	5032	39c4294d	512	224	0	5032
5152	7	5933565648070	none	5033	39c4294d	512	224	0	5033
5153	0	5933578924250	none	5034	39c4294d	512	224	0	5034
5154	1	5933596144630	none	5035	39c4294d	512	224	0	5035
5155	2	5933613462120	none	5036	9856cccc	512	224	0	5036
5156	3	5933630879290	none	5037	9856cccc	512	224	0	5037
5157	4	5933648244410	none	5038	9856cccc	512	224	0	5038
5158	5	5933665600610	none	5039	9856cccc	512	224	0	5039
5159	6	5933678957240	none	5040	02343033	512	224	0	5040
5160	7	5933696179370	none	5041	02343033	512	224	0	5041
5161	0	5933713556270	none	5042	02343033	512	224	0	5042
5162	1	5933731087920	none	5043	f59d8934	512	224	0	5043
5163	2	5933748532470	none	5044	f59d8934	512	224	0	5044
5164	3	5933761777860	none	5045	f59d8934	512	224	0	5045
5165	4	5933779152750	none	5046	f59d8934	512	224	0	5046
5166	5	5933796524860	none	5047	f59d8934	512	224	0	5047
5167	6	5933813829350	none	5048	a18739e5	512	224	0	5048
5168	7	5933831344800	none	5049	a18739e5	512	224	0	5049
5169	0	5933848683360	none	5050	562e80e2	512	224	0	5050
5170	1	5933862066170	none	5051	562e80e2	512	224	0	5051
5171	2	5933879478500	none	5052	9fa5df8b	512	224	0	5052
5172	3	5933896825050	none	5053	9fa5df8b	512	224	0	5053
5173	4	5933914204270	none	5054	9fa5df8b	512	224	0	5054
5174	5	5933931581240	none	5055	9fa5df8b	512	224	0	5055
5175	6	5933944917760	none	5056	f4856cf6	512	224	0	5056
5176	7	5933962360730	none	5057	7b52a604	512	224	0	5057
5177	0	5933979616520	none	5058	7b52a604	512	224	0	5058
5178	1	5933997021340	none	5059	7b52a604	512	224	0	5059
5179	2	5934014496240	none	5060	24772214	512	224	0	5060
5180	3	5934031839430	none	5061	24772214	512	224	0	5061
5181	4	5934045162210	none	5062	24772214	512	224	0	5062
5182	5	5934062433830	none	5063	24772214	512	224	0	5063
5183	6	5934079913320	none	5064	aba0e8e6	512	224	0	5064
5184	7	5934097235470	none	5065	aba0e8e6	512	224	0	5065
5185	0	5934114656690	none	5066	aba0e8e6	512	224	0	5066
5186	1	5934127935390	none	5067	aba0e8e6	512	224	0	5067
5187	2	5934145266830	none	5068	d0da8bc5	512	224	0	5068
5188	3	5934162675560	none	5069	d0da8bc5	512	224	0	5069
5189	4	5934180149620	none	5070	d0da8bc5	512	224	0	5070
5190	5	5934197381700	none	5071	277332c2	512	224	0	5071
5191	6	5934214726350	none	5072	59c18820	512	224	0	5072
5192	7	5934228004250	none	5073	59c18820	512	224	0	5073
5193	0	5934245399320	none	5074	59c18820	512	224	0	5074
5194	1	5934262743270	none	5075	59c18820	512	224	0	5075
5195	2	5934280272360	none	5076	59c18820	512	224	0	5076
5196	3	5934297663030	none	5077	59c18820	512	224	0	5077
5197	4	5934310845830	none	5078	ae683127	512	224	0	5078
5198	5	5934328236490	none	5079	ae683127	512	224	0	5079
5199	6	5934345634900	none	5080	84f94e42	512	224	0	5080
5200	7	5934363038680	none	5081	84f94e42	512	224	0	5081
5201	0	5934380402520	none	5082	84f94e42	512	224	0	5082
5202	1	5934397650380	none	5083	84f94e42	512	224	0	5083
5203	2	5934410830990	none	5084	943894c8	512	224	0	5084
5204	3	5934428225980	none	5085	1bef5e3a	512	224	0	5085
5205	4	5934445620170	none	5086	1bef5e3a	512	224	0	5086
5206	5	5934462950780	none	5087	1bef5e3a	512	224	0	5087
5207	6	5934480374980	none	5088	124abeb5	512	224	0	5088
5208	7	5934497764970	none	5089	124abeb5	512	224	0	5089
5209	0	5934511093520	none	5090	124abeb5	512	224	0	5090
5210	1	5934528536960	none	5091	124abeb5	512	224	0	5091
5211	2	5934545827950	none	5092	9d9d7447	512	224	0	5092
5212	3	5934563233590	none	5093	9d9d7447	512	224	0	5093
5213	4	5934580513040	none	5094	9d9d7447	512	224	0	5094
5214	5	5934593832640	none	5095	9d9d7447	512	224	0	5095
5215	6	5934611115260	none	5096	1acef81e	512	224	0	5096
5216	7	5934628406690	none	5097	1acef81e	512	224	0	5097
5217	0	5934645762480	none	5098	1acef81e	512	224	0	5098
5218	1	5934663177510	none	5099	ed674119	512	224	0	5099
5219	2	5934680527400	none	5100	a9dbec30	512	224	0	5100
5220	3	5934693899420	none	5101	a9dbec30	512	224	0	5101
5221	4	5934711186820	none	5102	a9dbec30	512	224	0	5102
5222	5	5934728681430	none	5103	a9dbec30	512	224	0	5103
5223	6	5934746393240	none	5104	884484a0	512	224	0	5104
5224	7	5934763851750	none	5105	884484a0	512	224	0	5105
5225	0	5934777124660	none	5106	7fed3da7	512	224	0	5106
5226	1	5934794519640	none	5107	7fed3da7	512	224	0	5107
5227	2	5934811853960	none	5108	a7a7a049	512	224	0	5108
5228	3	5934829236920	none	5109	a7a7a049	512	224	0	5109
5229	4	5934846662380	none	5110	a7a7a049	512	224	0	5110
5230	5	5934859849540	none	5111	a7a7a049	512	224	0	5111
5231	6	5934877153610	none	5112	281d0a9e	512	224	0	5112
5232	7	5934894515290	none	5113	a7cac06c	512	224	0	5113
5233	0	5934911974440	none	5114	a7cac06c	512	224	0	5114
5234	1	5934929309420	none	5115	a7cac06c	512	224	0	5115
5235	2	5934946665160	none	5116	48685534	512	224	0	5116
5236	3	5934960088870	none	5117	48685534	512	224	0	5117
5237	4	5934977338590	none	5118	48685534	512	224	0	5118
5238	5	5934994639530	none	5119	48685534	512	224	0	5119
5239	6	5935012014740	none	5120	bede14aa	512	224	0	5120
5240	7	5935029461840	none	5121	bede14aa	512	224	0	5121
5241	0	5935046802340	none	5122	bede14aa	512	224	0	5122
5242	1	5935060126040	none	5123	05742237	512	224	0	5123
5243	2	5935077354090	none	5124	66027ad7	512	224	0	5124
5244	3	5935094767150	none	5125	66027ad7	512	224	0	5125
5245	4	5935112093310	none	5126	66027ad7	512	224	0	5126
5246	5	5935129448400	none	5127	91abc3d0	512	224	0	5127
5247	6	5935142946720	none	5128	98dc90fa	512	224	0	5128
5248	7	5935160418440	none	5129	98dc90fa	512	224	0	5129
5249	0	5935177887600	none	5130	98dc90fa	512	224	0	5130
5250	1	5935195228050	none	5131	98dc90fa	512	224	0	5131
5251	2	5935212624880	none	5132	24cef032	512	224	0	5132
5252	3	5935229883190	none	5133	9f64c6af	512	224	0	5133
5253	4	5935243262700	none	5134	68cd7fa8	512	224	0	5134
5254	5	5935260609400	none	5135	68cd7fa8	512	224	0	5135
5255	6	5935277998700	none	5136	68cd7fa8	512	224	0	5136
5256	7	5935295383000	none	5137	68cd7fa8	512	224	0	5137
5257	0	5935312770560	none	5138	68cd7fa8	512	224	0	5138
5258	1	5935326139370	none	5139	68cd7fa8	512	224	0	5139
5259	2	5935343626380	none	5140	30887671	512	224	0	5140
5260	3	5935361040120	none	5141	bf5fbc83	512	224	0	5141
5261	4	5935378339440	none	5142	bf5fbc83	512	224	0	5142
5262	5	5935395740570	none	5143	bf5fbc83	512	224	0	5143
5263	6	5935409113350	none	5144	37ed894c	512	224	0	5144
5264	7	5935426680470	none	5145	37ed894c	512	224	0	5145
5265	0	5935444150220	none	5146	37ed894c	512	224	0	5146
5266	1	5935461663100	none	5147	37ed894c	512	224	0	5147
5267	2	5935479130900	none	5148	c6951008	512	224	0	5148
5268	3	5935492484890	none	5149	c6951008	512	224	0	5149
5269	4	5935509826630	none	5150	c6951008	512	224	0	5150
5270	5	5935527271580	none	5151	c6951008	512	224	0	5151
5271	6	5935544596360	none	5152	9e045db7	512	224	0	5152
5272	7	5935562101280	none	5153	9e045db7	512	224	0	5153
5273	0	5935575428210	none	5154	9e045db7	512	224	0	5154
5274	1	5935592835800	none	5155	69ade4b0	512	224	0	5155
5275	2	5935610079800	none	5156	59703518	512	224	0	5156
5276	3	5935627328800	none	5157	59703518	512	224	0	5157
5277	4	5935644652250	none	5158	59703518	512	224	0	5158
5278	5	5935661963360	none	5159	59703518	512	224	0	5159
5279	6	5935675253080	none	5160	59703518	512	224	0	5160
5280	7	5935692638250	none	5161	59703518	512	224	0	5161
5281	0	5935709876410	none	5162	aed98c1f	512	224	0	5162
5282	1	5935727157200	none	5163	aed98c1f	512	224	0	5163
5283	2	5935744516560	none	5164	551a54b8	512	224	0	5164
5284	3	5935761977250	none	5165	551a54b8	512	224	0	5165
5285	4	5935775306980	none	5166	551a54b8	512	224	0	5166
5286	5	5935792695890	none	5167	551a54b8	512	224	0	5167
5287	6	5935810139570	none	5168	75ffb1a9	512	224	0	5168
5288	7	5935827382600	none	5169	fa287b5b	512	224	0	5169
5289	0	5935844674680	none	5170	fa287b5b	512	224	0	5170
5290	1	5935861996720	none	5171	fa287b5b	512	224	0	5171
5291	2	5935875411630	none	5172	34f317d3	512	224	0	5172
5292	3	5935892879910	none	5173	34f317d3	512	224	0	5173
5293	4	5935910093200	none	5174	34f317d3	512	224	0	5174
5294	5	5935927327830	none	5175	34f317d3	512	224	0	5175
5295	6	5935944631710	none	5176	bc35820e	512	224	0	5176
5296	7	5935958043120	none	5177	bc35820e	512	224	0	5177
5297	0	5935975521730	none	5178	bc35820e	512	224	0	5178
5298	1	5935992884890	none	5179	bc35820e	512	224	0	5179
5299	2	5936010383250	none	5180	7d1380bd	512	224	0	5180
5300	3	5936027824110	none	5181	7d1380bd	512	224	0	5181
5301	4	5936041226790	none	5182	7d1380bd	512	224	0	5182
5302	5	5936058624250	none	5183	8aba39ba	512	224	0	5183
5303	6	5936076059760	none	5184	8aba39ba	512	224	0	5184
5304	7	5936093506540	none	5185	8aba39ba	512	224	0	5185
5305	0	5936110822670	none	5186	8aba39ba	512	224	0	5186
5306	1	5936128208030	none	5187	8aba39ba	512	224	0	5187
5307	2	5936141682820	none	5188	8b556651	512	224	0	5188
5308	3	5936159111420	none	5189	8b556651	512	224	0	5189
5309	4	5936176387160	none	5190	7cfcdf56	512	224	0	5190
5310	5	5936193624310	none	5191	7cfcdf56	512	224	0	5191
5311	6	5936210856230	none	5192	c63a68b8	512	224	0	5192
5312	7	5936228231360	none	5193	c63a68b8	512	224	0	5193
5313	0	5936241690690	none	5194	c63a68b8	512	224	0	5194
5314	1	5936259045370	none	5195	c63a68b8	512	224	0	5195
5315	2	5936276484720	none	5196	9a2f9b89	512	224	0	5196
5316	3	5936293790920	none	5197	15f8517b	512	224	0	5197
5317	4	5936311025670	none	5198	c3b831b1	512	224	0	5198
5318	5	5936324471140	none	5199	c3b831b1	512	224	0	5199
5319	6	5936341772370	none	5200	c3b831b1	512	224	0	5200
5320	7	5936359125310	none	5201	c3b831b1	512	224	0	5201
5321	0	5936376477140	none	5202	c3b831b1	512	224	0	5202
5322	1	5936393796780	none	5203	15f8517b	512	224	0	5203
5323	2	5936411194750	none	5204	6540a97e	512	224	0	5204
5324	3	5936424488990	none	5205	6540a97e	512	224	0	5205
5325	4	5936441810800	none	5206	6540a97e	512	224	0	5206
5326	5	5936459178080	none	5207	6540a97e	512	224	0	5207
5327	6	5936476446110	none	5208	f5a1d82a	512	224	0	5208
5328	7	5936493722120	none	5209	f5a1d82a	512	224	0	5209
5329	0	5936511139410	none	5210	f5a1d82a	512	224	0	5210
5330	1	5936524489620	none	5211	e28bf663	512	224	0	5211
5331	2	5936541922550	none	5212	31f2744f	512	224	0	5212
5332	3	5936559256410	none	5213	e1fdc698	512	224	0	5213
5333	4	5936576665650	none	5214	e1fdc698	512	224	0	5214
5334	5	5936594110850	none	5215	e1fdc698	512	224	0	5215
5335	6	5936607457740	none	5216	f1dc4230	512	224	0	5216
5336	7	5936624813200	none	5217	f1dc4230	512	224	0	5217
5337	0	5936642261350	none	5218	0675fb37	512	224	0	5218
5338	1	5936659584340	none	5219	0675fb37	512	224	0	5219
5339	2	5936676980420	none	5220	0675fb37	512	224	0	5220
5340	3	5936690390190	none	5221	0675fb37	512	224	0	5221
5341	4	5936707853800	none	5222	0675fb37	512	224	0	5222
5342	5	5936725355000	none	5223	0675fb37	512	224	0	5223
5343	6	5936742853680	none	5224	17a9146a	512	224	0	5224
5344	7	5936760225170	none	5225	987ede98	512	224	0	5225
5345	0	5936773551990	none	5226	987ede98	512	224	0	5226
5346	1	5936790820350	none	5227	987ede98	512	224	0	5227
5347	2	5936808174250	none	5228	efb564e4	512	224	0	5228
5348	3	5936825545320	none	5229	efb564e4	512	224	0	5229
5349	4	5936842938020	none	5230	efb564e4	512	224	0	5230
5350	5	5936860388970	none	5231	efb564e4	512	224	0	5231
5351	6	5936873808200	none	5232	6062ae16	512	224	0	5232
5352	7	5936891066510	none	5233	6062ae16	512	224	0	5233
5353	0	5936908485410	none	5234	6062ae16	512	224	0	5234
5354	1	5936925769720	none	5235	6062ae16	512	224	0	5235
5355	2	5936943225730	none	5236	3d120d38	512	224	0	5236
5356	3	5936956600010	none	5237	3d120d38	512	224	0	5237
5357	4	5936974095770	none	5238	3d120d38	512	224	0	5238
5358	5	5936991308700	none	5239	cabbb43f	512	224	0	5239
5359	6	5937008535900	none	5240	36348758	512	224	0	5240
5360	7	5937025857720	none	5241	36348758	512	224	0	5241
5361	0	5937043256770	none	5242	36348758	512	224	0	5242
5362	1	5937056605890	none	5243	36348758	512	224	0	5243
5363	2	5937074103470	none	5244	197ce9f5	512	224	0	5244
5364	3	5937091492410	none	5245	197ce9f5	512	224	0	5245
5365	4	5937108798460	none	5246	eed550f2	512	224	0	5246
5366	5	5937126107890	none	5247	eed550f2	512	224	0	5247
5367	6	5937139497560	none	5248	8e91c653	512	224	0	5248
5368	7	5937156946660	none	5249	8e91c653	512	224	0	5249
5369	0	5937174385850	none	5250	8e91c653	512	224	0	5250
5370	1	5937191944550	none	5251	8e91c653	512	224	0	5251
5371	2	5937209431500	none	5252	51d499b2	512	224	0	5252
5372	3	5937222706310	none	5253	de035340	512	224	0	5253
5373	4	5937240107520	none	5254	de035340	512	224	0	5254
5374	5	5937257342970	none	5255	de035340	512	224	0	5255
5375	6	5937274786800	none	5256	de035340	512	224	0	5256
5376	7	5937292383390	none	5257	de035340	512	224	0	5257
5377	0	5937309853220	none	5258	de035340	512	224	0	5258
5378	1	5937323214260	none	5259	de035340	512	224	0	5259
5379	2	5937340576360	none	5260	51d499b2	512	224	0	5260
5380	3	5937357937010	none	5261	51d499b2	512	224	0	5261
5381	4	5937375343530	none	5262	51d499b2	512	224	0	5262
5382	5	5937392650890	none	5263	51d499b2	512	224	0	5263
5383	6	5937405813680	none	5264	51d499b2	512	224	0	5264
5384	7	5937423201770	none	5265	51d499b2	512	224	0	5265
5385	0	5937440555930	none	5266	51d499b2	512	224	0	5266
5386	1	5937457894120	none	5267	1dd71628	512	224	0	5267
5387	2	5937475325250	none	5268	1dd71628	512	224	0	5268
5388	3	5937492845190	none	5269	1dd71628	512	224	0	5269
5389	4	5937506160370	none	5270	1dd71628	512	224	0	5270
5390	5	5937523780270	none	5271	1dd71628	512	224	0	5271
5391	6	5937541057880	none	5272	1dd71628	512	224	0	5272
5392	7	5937558490150	none	5273	1dd71628	512	224	0	5273
5393	0	5937575787110	none	5274	ea7eaf2f	512	224	0	5274
5394	1	5937589119720	none	5275	ea7eaf2f	512	224	0	5275
5395	2	5937606526580	none	5276	ea7eaf2f	512	224	0	5276
5396	3	5937623903710	none	5277	51d499b2	512	224	0	5277
5397	4	5937641380650	none	5278	51d499b2	512	224	0	5278
5398	5	5937658671050	none	5279	51d499b2	512	224	0	5279
5399	6	5937672014470	none	5280	51d499b2	512	224	0	5280
5400	7	5937689456840	none	5281	de035340	512	224	0	5281
5401	0	5937706939510	none	5282	de035340	512	224	0	5282
5402	1	5937724394630	none	5283	de035340	512	224	0	5283
5403	2	5937741900110	none	5284	de035340	512	224	0	5284
5404	3	5937755433140	none	5285	de035340	512	224	0	5285
5405	4	5937772859000	none	5286	de035340	512	224	0	5286
5406	5	5937790224030	none	5287	de035340	512	224	0	5287
5407	6	5937807619780	none	5288	51d499b2	512	224	0	5288
5408	7	5937825096290	none	5289	51d499b2	512	224	0	5289
5409	0	5937838336410	none	5290	51d499b2	512	224	0	5290
5410	1	5937855756650	none	5291	51d499b2	512	224	0	5291
5411	2	5937873072310	none	5292	51d499b2	512	224	0	5292
5412	3	5937890344500	none	5293	51d499b2	512	224	0	5293
5413	4	5937907711520	none	5294	51d499b2	512	224	0	5294
5414	5	5937925094810	none	5295	a67d20b5	512	224	0	5295
5415	6	5937938314930	none	5296	a67d20b5	512	224	0	5296
5416	7	5937955734590	none	5297	a67d20b5	512	224	0	5297
5417	0	5937973153570	none	5298	a67d20b5	512	224	0	5298
5418	1	5937990508860	none	5299	a67d20b5	512	224	0	5299
5419	2	5938007888270	none	5300	a67d20b5	512	224	0	5300
5420	3	5938025316470	none	5301	a67d20b5	512	224	0	5301
5421	4	5938038648580	none	5302	51d499b2	512	224	0	5302
5422	5	5938056176460	none	5303	51d499b2	512	224	0	5303
5423	6	5938073683770	none	5304	51d499b2	512	224	0	5304
5424	7	5938091155320	none	5305	51d499b2	512	224	0	5305
5425	0	5938104531410	none	5306	51d499b2	512	224	0	5306
5426	1	5938121934680	none	5307	51d499b2	512	224	0	5307
5427	2	5938139268270	none	5308	51d499b2	512	224	0	5308
5428	3	5938156614730	none	5309	de035340	512	224	0	5309
5429	4	5938174083110	none	5310	de035340	512	224	0	5310
5430	5	5938191594360	none	5311	de035340	512	224	0	5311
5431	6	5938204940760	none	5312	de035340	512	224	0	5312
5432	7	5938222275130	none	5313	de035340	512	224	0	5313
5433	0	5938239717360	none	5314	de035340	512	224	0	5314
5434	1	5938257049730	none	5315	de035340	512	224	0	5315
5435	2	5938274415070	none	5316	51d499b2	512	224	0	5316
5436	3	5938287832980	none	5317	51d499b2	512	224	0	5317
5437	4	5938305163270	none	5318	51d499b2	512	224	0	5318
5438	5	5938322544370	none	5319	51d499b2	512	224	0	5319
5439	6	5938340046110	none	5320	51d499b2	512	224	0	5320
5440	7	5938357381980	none	5321	51d499b2	512	224	0	5321
5441	0	5938370719980	none	5322	51d499b2	512	224	0	5322
5442	1	5938388159510	none	5323	a67d20b5	512	224	0	5323
5443	2	5938405669560	none	5324	a67d20b5	512	224	0	5324
5444	3	5938423109060	none	5325	a67d20b5	512	224	0	5325
5445	4	5938440464140	none	5326	a67d20b5	512	224	0	5326
5446	5	5938457698230	none	5327	a67d20b5	512	224	0	5327
5447	6	5938471082250	none	5328	a67d20b5	512	224	0	5328
5448	7	5938488416030	none	5329	a67d20b5	512	224	0	5329
5449	0	5938505715720	none	5330	51d499b2	512	224	0	5330
5450	1	5938523167760	none	5331	51d499b2	512	224	0	5331
5451	2	5938540669600	none	5332	51d499b2	512	224	0	5332
5452	3	5938553885030	none	5333	51d499b2	512	224	0	5333
5453	4	5938571096780	none	5334	51d499b2	512	224	0	5334
5454	5	5938588505470	none	5335	51d499b2	512	224	0	5335
5455	6	5938605784200	none	5336	51d499b2	512	224	0	5336
5456	7	5938623222570	none	5337	de035340	512	224	0	5337
5457	0	5938640727180	none	5338	de035340	512	224	0	5338
5458	1	5938654112990	none	5339	de035340	512	224	0	5339
5459	2	5938671559720	none	5340	de035340	512	224	0	5340
5460	3	5938689107130	none	5341	de035340	512	224	0	5341
5461	4	5938706628680	none	5342	de035340	512	224	0	5342
5462	5	5938724071630	none	5343	de035340	512	224	0	5343
5463	6	5938737365740	none	5344	51d499b2	512	224	0	5344
5464	7	5938754834780	none	5345	51d499b2	512	224	0	5345
5465	0	5938772252430	none	5346	51d499b2	512	224	0	5346
5466	1	5938789729260	none	5347	51d499b2	512	224	0	5347
5467	2	5938807031880	none	5348	51d499b2	512	224	0	5348
5468	3	5938820349760	none	5349	51d499b2	512	224	0	5349
5469	4	5938837823230	none	5350	51d499b2	512	224	0	5350
5470	5	5938855161490	none	5351	a67d20b5	512	224	0	5351
5471	6	5938872553580	none	5352	a67d20b5	512	224	0	5352
5472	7	5938889918750	none	5353	a67d20b5	512	224	0	5353
5473	0	5938903243730	none	5354	a67d20b5	512	224	0	5354
5474	1	5938920493430	none	5355	a67d20b5	512	224	0	5355
5475	2	5938937970100	none	5356	a67d20b5	512	224	0	5356
5476	3	5938955340070	none	5357	a67d20b5	512	224	0	5357
5477	4	5938972683400	none	5358	51d499b2	512	224	0	5358
5478	5	5938990057560	none	5359	51d499b2	512	224	0	5359
5479	6	5939003232740	none	5360	51d499b2	512	224	0	5360
5480	7	5939020664430	none	5361	51d499b2	512	224	0	5361
5481	0	5939038161530	none	5362	51d499b2	512	224	0	5362
5482	1	5939055509670	none	5363	51d499b2	512	224	0	5363
5483	2	5939072859550	none	5364	51d499b2	512	224	0	5364
5484	3	5939086289110	none	5365	de035340	512	224	0	5365
5485	4	5939103547750	none	5366	de035340	512	224	0	5366
5486	5	5939120979760	none	5367	de035340	512	224	0	5367
5487	6	5939138496870	none	5368	de035340	512	224	0	5368
5488	7	5939155815140	none	5369	de035340	512	224	0	5369
5489	0	5939173229180	none	5370	de035340	512	224	0	5370
5490	1	5939186630310	none	5371	de035340	512	224	0	5371
5491	2	5939204066340	none	5372	51d499b2	512	224	0	5372
5492	3	5939221316310	none	5373	51d499b2	512	224	0	5373
5493	4	5939238549940	none	5374	51d499b2	512	224	0	5374
5494	5	5939255963540	none	5375	51d499b2	512	224	0	5375
5495	6	5939273256550	none	5376	51d499b2	512	224	0	5376
5496	7	5939286605850	none	5377	51d499b2	512	224	0	5377
5497	0	5939304055460	none	5378	51d499b2	512	224	0	5378
5498	1	5939321423200	none	5379	a67d20b5	512	224	0	5379
5499	2	5939338761000	none	5380	a67d20b5	512	224	0	5380
5500	3	5939356064290	none	5381	a67d20b5	512	224	0	5381
5501	4	5939369442180	none	5382	a67d20b5	512	224	0	5382
5502	5	5939386928900	none	5383	a67d20b5	512	224	0	5383
5503	6	5939404232400	none	5384	a67d20b5	512	224	0	5384
5504	7	5939421620880	none	5385	a67d20b5	512	224	0	5385
5505	0	5939439074010	none	5386	51d499b2	512	224	0	5386
5506	1	5939452552750	none	5387	51d499b2	512	224	0	5387
5507	2	5939469816340	none	5388	51d499b2	512	224	0	5388
5508	3	5939487241940	none	5389	51d499b2	512	224	0	5389
5509	4	5939504682990	none	5390	51d499b2	512	224	0	5390
5510	5	5939521933720	none	5391	51d499b2	512	224	0	5391
5511	6	5939539382970	none	5392	51d499b2	512	224	0	5392
5512	7	5939552655360	none	5393	de035340	512	224	0	5393
5513	0	5939569895000	none	5394	de035340	512	224	0	5394
5514	1	5939587282050	none	5395	de035340	512	224	0	5395
5515	2	5939604707450	none	5396	de035340	512	224	0	5396
5516	3	5939622013550	none	5397	de035340	512	224	0	5397
5517	4	5939639258540	none	5398	de035340	512	224	0	5398
5518	5	5939652672680	none	5399	de035340	512	224	0	5399
5519	6	5939670066270	none	5400	51d499b2	512	224	0	5400
5520	7	5939687367480	none	5401	51d499b2	512	224	0	5401
5521	0	5939704735180	none	5402	51d499b2	512	224	0	5402
5522	1	5939722065290	none	5403	51d499b2	512	224	0	5403
5523	2	5939735358960	none	5404	51d499b2	512	224	0	5404
5524	3	5939752814080	none	5405	51d499b2	512	224	0	5405
5525	4	5939770167080	none	5406	51d499b2	512	224	0	5406
5526	5	5939787511630	none	5407	a67d20b5	512	224	0	5407
5527	6	5939804739070	none	5408	a67d20b5	512	224	0	5408
5528	7	5939821970260	none	5409	a67d20b5	512	224	0	5409
5529	0	5939835286810	none	5410	a67d20b5	512	224	0	5410
5530	1	5939852531880	none	5411	1dd71628	512	224	0	5411
5531	2	5939869745360	none	5412	1dd71628	512	224	0	5412
5532	3	5939887217440	none	5413	1dd71628	512	224	0	5413
5533	4	5939904547420	none	5414	ea7eaf2f	512	224	0	5414
5534	5	5939921949470	none	5415	ea7eaf2f	512	224	0	5415
5535	6	5939935141420	none	5416	472fbce1	512	224	0	5416
5536	7	5939952524200	none	5417	472fbce1	512	224	0	5417
5537	0	5939969761970	none	5418	c5e3e4bb	512	224	0	5418
5538	1	5939987184910	none	5419	84f44813	512	224	0	5419
5539	2	5940004521090	none	5420	f0e124b8	512	224	0	5420
5540	3	5940021874300	none	5421	a2f1c20b	512	224	0	5421
5541	4	5940035090710	none	5422	cdadb149	512	224	0	5422
5542	5	5940052335690	none	5423	a2286b7c	512	224	0	5423
5543	6	5940069701210	none	5424	ec0b218f	512	224	0	5424
5544	7	5940087010390	none	5425	7bc1d731	512	224	0	5425
5545	0	5940104374960	none	5426	c48c12ae	512	224	0	5426
5546	1	5940121617250	none	5427	99baf778	512	224	0	5427
5547	2	5940134945050	none	5428	adffdff1	512	224	0	5428
5548	3	5940152275260	none	5429	0362f6a6	512	224	0	5429
5549	4	5940169696970	none	5430	f940d4e8	512	224	0	5430
5550	5	5940187204430	none	5431	3235e6df	512	224	0	5431
5551	6	5940204519590	none	5432	26c3a6f0	512	224	0	5432
5552	7	5940217899230	none	5433	e71b6ff5	512	224	0	5433
5553	0	5940235399920	none	5434	340b6902	512	224	0	5434
5554	1	5940252824300	none	5435	08966c56	512	224	0	5435
5555	2	5940270170270	none	5436	e069a002	512	224	0	5436
5556	3	5940287498100	none	5437	6a45e703	512	224	0	5437
5557	4	5940300972520	none	5438	0380cb6c	512	224	0	5438
5558	5	5940318265090	none	5439	19cd1314	512	224	0	5439
5559	6	5940335655140	none	5440	2bc35778	512	224	0	5440
5560	7	5940353005550	none	5441	721820ba	512	224	0	5441
5561	0	5940370363290	none	5442	18eae6b1	512	224	0	5442
5562	1	5940387830210	none	5443	6cde1688	512	224	0	5443
5563	2	5940401432150	none	5444	601e98d9	512	224	0	5444
5564	3	5940418946060	none	5445	78c8a7d4	512	224	0	5445
5565	4	5940436528360	none	5446	8154d6a0	512	224	0	5446
5566	5	5940454135440	none	5447	8154d6a0	512	224	0	5447
5567	6	5940467669780	none	5448	8154d6a0	512	224	0	5448
5568	7	5940485143420	none	5449	0e831c52	512	224	0	5449
5569	0	5940503167220	none	5450	0e831c52	512	224	0	5450
5570	1	5940521014390	none	5451	0e831c52	512	224	0	5451
5571	2	5940534543180	none	5452	0e831c52	512	224	0	5452
5572	3	5940552329800	none	5453	0e831c52	512	224	0	5453
5573	4	5940569905610	none	5454	0e831c52	512	224	0	5454
5574	5	5940587278110	none	5455	0e831c52	512	224	0	5455
5575	6	5940600677740	none	5456	8154d6a0	512	224	0	5456
5576	7	5940618262240	none	5457	8154d6a0	512	224	0	5457
5577	0	5940635734520	none	5458	8154d6a0	512	224	0	5458
5578	1	5940653156540	none	5459	8154d6a0	512	224	0	5459
5579	2	5940670848180	none	5460	8154d6a0	512	224	0	5460
5580	3	5940684898540	none	5461	8154d6a0	512	224	0	5461
5581	4	5940703026210	none	5462	8154d6a0	512	224	0	5462
5582	5	5940720812250	none	5463	76fd6fa7	512	224	0	5463
5583	6	5940734500500	none	5464	76fd6fa7	512	224	0	5464
5584	7	5940752338960	none	5465	76fd6fa7	512	224	0	5465
5585	0	5940769800070	none	5466	76fd6fa7	512	224	0	5466
5586	1	5940787223180	none	5467	76fd6fa7	512	224	0	5467
5587	2	5940800668840	none	5468	76fd6fa7	512	224	0	5468
5588	3	5940818127980	none	5469	76fd6fa7	512	224	0	5469
5589	4	5940835473240	none	5470	8154d6a0	512	224	0	5470
5590	5	5940852939860	none	5471	8154d6a0	512	224	0	5471
5591	6	5940870333720	none	5472	8154d6a0	512	224	0	5472
5592	7	5940883668450	none	5473	8154d6a0	512	224	0	5473
5593	0	5940901004000	none	5474	8154d6a0	512	224	0	5474
5594	1	5940918458340	none	5475	8154d6a0	512	224	0	5475
5595	2	5940935739850	none	5476	8154d6a0	512	224	0	5476
5596	3	5940953187720	none	5477	0e831c52	512	224	0	5477
5597	4	5940966618110	none	5478	0e831c52	512	224	0	5478
5598	5	5940984053080	none	5479	0e831c52	512	224	0	5479
5599	6	5941001432380	none	5480	0e831c52	512	224	0	5480
5600	7	5941018828720	none	5481	0e831c52	512	224	0	5481
5601	0	5941036075790	none	5482	0e831c52	512	224	0	5482
5602	1	5941053493100	none	5483	0e831c52	512	224	0	5483
5603	2	5941066902720	none	5484	8154d6a0	512	224	0	5484
5604	3	5941084373320	none	5485	8154d6a0	512	224	0	5485
5605	4	5941102116860	none	5486	8154d6a0	512	224	0	5486
5606	5	5941120022150	none	5487	8154d6a0	512	224	0	5487
5607	6	5941133576720	none	5488	8154d6a0	512	224	0	5488
5608	7	5941151053010	none	5489	8154d6a0	512	224	0	5489
5609	0	5941168567300	none	5490	8154d6a0	512	224	0	5490
5610	1	5941186303570	none	5491	76fd6fa7	512	224	0	5491
5611	2	5941199804110	none	5492	76fd6fa7	512	224	0	5492
5612	3	5941217373670	none	5493	76fd6fa7	512	224	0	5493
5613	4	5941235120110	none	5494	76fd6fa7	512	224	0	5494
5614	5	5941252835790	none	5495	76fd6fa7	512	224	0	5495
5615	6	5941266266010	none	5496	76fd6fa7	512	224	0	5496
5616	7	5941283797450	none	5497	76fd6fa7	512	224	0	5497
5617	0	5941301082220	none	5498	8154d6a0	512	224	0	5498
5618	1	5941318530110	none	5499	8154d6a0	512	224	0	5499
5619	2	5941336103870	none	5500	8154d6a0	512	224	0	5500
5620	3	5941349882290	none	5501	aba75a2d	512	224	0	5501
5621	4	5941367524140	none	5502	aba75a2d	512	224	0	5502
5622	5	5941385382360	none	5503	aba75a2d	512	224	0	5503
5623	6	5941399211020	none	5504	aba75a2d	512	224	0	5504
5624	7	5941417095050	none	5505	c2bcd58c	512	224	0	5505
5625	0	5941434863930	none	5506	0e831c52	512	224	0	5506
5626	1	5941452552150	none	5507	0e831c52	512	224	0	5507
5627	2	5941466271980	none	5508	0e831c52	512	224	0	5508
5628	3	5941484151670	none	5509	0e831c52	512	224	0	5509
5629	4	5941501539520	none	5510	0e831c52	512	224	0	5510
5630	5	5941518905280	none	5511	c2bcd58c	512	224	0	5511
5631	6	5941532330260	none	5512	aba75a2d	512	224	0	5512
5632	7	5941549719890	none	5513	aba75a2d	512	224	0	5513
5633	0	5941567228190	none	5514	aba75a2d	512	224	0	5514
5634	1	5941584547880	none	5515	aba75a2d	512	224	0	5515
5635	2	5941602176700	none	5516	8154d6a0	512	224	0	5516
5636	3	5941615449810	none	5517	8154d6a0	512	224	0	5517
5637	4	5941632804680	none	5518	8154d6a0	512	224	0	5518
5638	5	5941650273710	none	5519	76fd6fa7	512	224	0	5519
5639	6	5941667785840	none	5520	76fd6fa7	512	224	0	5520
5640	7	5941685161630	none	5521	76fd6fa7	512	224	0	5521
5641	0	5941702548820	none	5522	76fd6fa7	512	224	0	5522
5642	1	5941715728900	none	5523	76fd6fa7	512	224	0	5523
5643	2	5941733136310	none	5524	76fd6fa7	512	224	0	5524
5644	3	5941750437790	none	5525	76fd6fa7	512	224	0	5525
5645	4	5941767831670	none	5526	8154d6a0	512	224	0	5526
5646	5	5941785273470	none	5527	8154d6a0	512	224	0	5527
5647	6	5941798800620	none	5528	8154d6a0	512	224	0	5528
5648	7	5941816078340	none	5529	8154d6a0	512	224	0	5529
5649	0	5941833480520	none	5530	8154d6a0	512	224	0	5530
5650	1	5941851013600	none	5531	8154d6a0	512	224	0	5531
5651	2	5941868459670	none	5532	8154d6a0	512	224	0	5532
5652	3	5941881700110	none	5533	0e831c52	512	224	0	5533
5653	4	5941899055590	none	5534	0e831c52	512	224	0	5534
5654	5	5941916474010	none	5535	0e831c52	512	224	0	5535
5655	6	5941934029760	none	5536	0e831c52	512	224	0	5536
5656	7	5941951532570	none	5537	0e831c52	512	224	0	5537
5657	0	5941964878350	none	5538	0e831c52	512	224	0	5538
5658	1	5941982233560	none	5539	0e831c52	512	224	0	5539
5659	2	5941999672700	none	5540	8154d6a0	512	224	0	5540
5660	3	5942017158360	none	5541	8154d6a0	512	224	0	5541
5661	4	5942034483960	none	5542	8154d6a0	512	224	0	5542
5662	5	5942051862920	none	5543	8154d6a0	512	224	0	5543
5663	6	5942065192220	none	5544	8154d6a0	512	224	0	5544
5664	7	5942082573580	none	5545	8154d6a0	512	224	0	5545
5665	0	5942100138160	none	5546	8154d6a0	512	224	0	5546
5666	1	5942117489460	none	5547	76fd6fa7	512	224	0	5547
5667	2	5942134721400	none	5548	76fd6fa7	512	224	0	5548
5668	3	5942148149990	none	5549	76fd6fa7	512	224	0	5549
5669	4	5942165586540	none	5550	76fd6fa7	512	224	0	5550
5670	5	5942182926370	none	5551	76fd6fa7	512	224	0	5551
5671	6	5942200398500	none	5552	76fd6fa7	512	224	0	5552
5672	7	5942217805980	none	5553	76fd6fa7	512	224	0	5553
5673	0	5942231131710	none	5554	8154d6a0	512	224	0	5554
5674	1	5942248470640	none	5555	3afee03d	512	224	0	5555
5675	2	5942265917930	none	5556	3afee03d	512	224	0	5556
5676	3	5942283297920	none	5557	3afee03d	512	224	0	5557
5677	4	5942300718600	none	5558	3afee03d	512	224	0	5558
5678	5	5942318120270	none	5559	3afee03d	512	224	0	5559
5679	6	5942331511260	none	5560	3afee03d	512	224	0	5560
5680	7	5942348831340	none	5561	b5292acf	512	224	0	5561
5681	0	5942366240650	none	5562	b5292acf	512	224	0	5562
5682	1	5942383627670	none	5563	b5292acf	512	224	0	5563
5683	2	5942400976670	none	5564	b5292acf	512	224	0	5564
5684	3	5942414393520	none	5565	0e831c52	512	224	0	5565
5685	4	5942431858700	none	5566	0e831c52	512	224	0	5566
5686	5	5942449323320	none	5567	0e831c52	512	224	0	5567
5687	6	5942466862090	none	5568	8154d6a0	512	224	0	5568
5688	7	5942484363110	none	5569	8154d6a0	512	224	0	5569
5689	0	5942497634840	none	5570	8154d6a0	512	224	0	5570
5690	1	5942515021070	none	5571	8154d6a0	512	224	0	5571
5691	2	5942532250590	none	5572	8154d6a0	512	224	0	5572
5692	3	5942549697040	none	5573	8154d6a0	512	224	0	5573
5693	4	5942567212370	none	5574	8154d6a0	512	224	0	5574
5694	5	5942580483510	none	5575	76fd6fa7	512	224	0	5575
5695	6	5942597902550	none	5576	76fd6fa7	512	224	0	5576
5696	7	5942615348700	none	5577	76fd6fa7	512	224	0	5577
5697	0	5942632819930	none	5578	76fd6fa7	512	224	0	5578
5698	1	5942650237450	none	5579	76fd6fa7	512	224	0	5579
5699	2	5942667500800	none	5580	76fd6fa7	512	224	0	5580
5700	3	5942680763990	none	5581	76fd6fa7	512	224	0	5581
5701	4	5942698138780	none	5582	8154d6a0	512	224	0	5582
5702	5	5942715598270	none	5583	8154d6a0	512	224	0	5583
5703	6	5942732942610	none	5584	8154d6a0	512	224	0	5584
5704	7	5942750388450	none	5585	8154d6a0	512	224	0	5585
5705	0	5942763766290	none	5586	8154d6a0	512	224	0	5586
5706	1	5942781055390	none	5587	8154d6a0	512	224	0	5587
5707	2	5942798434190	none	5588	8154d6a0	512	224	0	5588
5708	3	5942815710940	none	5589	0e831c52	512	224	0	5589
5709	4	5942833120160	none	5590	0e831c52	512	224	0	5590
5710	5	5942850604370	none	5591	0e831c52	512	224	0	5591
5711	6	5942864124360	none	5592	0e831c52	512	224	0	5592
5712	7	5942881505290	none	5593	0e831c52	512	224	0	5593
5713	0	5942899029420	none	5594	16c1f43d	512	224	0	5594
5714	1	5942916515900	none	5595	16c1f43d	512	224	0	5595
5715	2	5942929862930	none	5596	645fe04f	512	224	0	5596
5716	3	5942947204750	none	5597	9d0600af	512	224	0	5597
5717	4	5942964501220	none	5598	67c814e8	512	224	0	5598
5718	5	5942981914890	none	5599	67c814e8	512	224	0	5599
5719	6	5942999140610	none	5600	67c814e8	512	224	0	5600
5720	7	5943016603550	none	5601	5573f1de	512	224	0	5601
5721	0	5943029990850	none	5602	5573f1de	512	224	0	5602
5722	1	5943047265330	none	5603	c9f19a05	512	224	0	5603
5723	2	5943064569630	none	5604	c9f19a05	512	224	0	5604
5724	3	5943081919290	none	5605	c9f19a05	512	224	0	5605
5725	4	5943099341710	none	5606	07fe80bc	512	224	0	5606
5726	5	5943112902460	none	5607	07fe80bc	512	224	0	5607
5727	6	5943130370730	none	5608	0ab7da4d	512	224	0	5608
5728	7	5943147865680	none	5609	a7af7744	512	224	0	5609
5729	0	5943165242520	none	5610	5006ce43	512	224	0	5610
5730	1	5943182602860	none	5611	ab9b6f4d	512	224	0	5611
5731	2	5943200078150	none	5612	ab9b6f4d	512	224	0	5612
5732	3	5943213303850	none	5613	ab9b6f4d	512	224	0	5613
5733	4	5943230646410	none	5614	c6ff93fb	512	224	0	5614
5734	5	5943248092290	none	5615	c6ff93fb	512	224	0	5615
5735	6	5943265497660	none	5616	c6ff93fb	512	224	0	5616
5736	7	5943282897370	none	5617	1fcb7235	512	224	0	5617
5737	0	5943296386240	none	5618	1fcb7235	512	224	0	5618
5738	1	5943313757580	none	5619	1fcb7235	512	224	0	5619
5739	2	5943331068540	none	5620	1fcb7235	512	224	0	5620
5740	3	5943348433930	none	5621	ded582fc	512	224	0	5621
5741	4	5943365737860	none	5622	ded582fc	512	224	0	5622
5742	5	5943383127340	none	5623	ded582fc	512	224	0	5623
5743	6	5943396555010	none	5624	5102480e	512	224	0	5624
5744	7	5943414009230	none	5625	cffbcfc7	512	224	0	5625
5745	0	5943431246740	none	5626	cffbcfc7	512	224	0	5626
5746	1	5943448516500	none	5627	cffbcfc7	512	224	0	5627
5747	2	5943465948720	none	5628	cffbcfc7	512	224	0	5628
5748	3	5943479247820	none	5629	02518343	512	224	0	5629
5749	4	5943496585500	none	5630	58eafe42	512	224	0	5630
5750	5	5943514007980	none	5631	af434745	512	224	0	5631
5751	6	5943531382720	none	5632	af434745	512	224	0	5632
5752	7	5943548736290	none	5633	af434745	512	224	0	5633
5753	0	5943566029280	none	5634	af434745	512	224	0	5634
5754	1	5943579485660	none	5635	af434745	512	224	0	5635
5755	2	5943596946170	none	5636	1bbbe9be	512	224	0	5636
5756	3	5943614352890	none	5637	11f6c196	512	224	0	5637
5757	4	5943631861500	none	5638	dc66cd25	512	224	0	5638
5758	5	5943649218460	none	5639	dc66cd25	512	224	0	5639
5759	6	5943662605420	none	5640	dc66cd25	512	224	0	5640
5760	7	5943680094780	none	5641	dc66cd25	512	224	0	5641
5761	0	5943697353880	none	5642	dc66cd25	512	224	0	5642
5762	1	5943714685740	none	5643	dc66cd25	512	224	0	5643
5763	2	5943731941130	none	5644	766d7313	512	224	0	5644
5764	3	5943745317620	none	5645	0ac0459f	512	224	0	5645
5765	4	5943762776670	none	5646	0ac0459f	512	224	0	5646
5766	5	5943780128190	none	5647	0ac0459f	512	224	0	5647
5767	6	5943797443530	none	5648	0ac0459f	512	224	0	5648
5768	7	5943814681350	none	5649	0ac0459f	512	224	0	5649
5769	0	5943831991020	none	5650	0ac0459f	512	224	0	5650
5770	1	5943845270870	none	5651	0ac0459f	512	224	0	5651
5771	2	5943862496120	none	5652	baff85d8	512	224	0	5652
5772	3	5943879746290	none	5653	78f85e01	512	224	0	5653
5773	4	5943897178230	none	5654	78f85e01	512	224	0	5654
5774	5	5943914474930	none	5655	78f85e01	512	224	0	5655
5775	6	5943931932320	none	5656	78f85e01	512	224	0	5656
5776	7	5943945261740	none	5657	78f85e01	512	224	0	5657
5777	0	5943962622210	none	5658	78f85e01	512	224	0	5658
5778	1	5943980041740	none	5659	8f51e706	512	224	0	5659
5779	2	5943997345470	none	5660	8f51e706	512	224	0	5660
5780	3	5944014675010	none	5661	3a337575	512	224	0	5661
5781	4	5944031920980	none	5662	0f874229	512	224	0	5662
5782	5	5944045104580	none	5663	0f874229	512	224	0	5663
5783	6	5944062472700	none	5664	0f874229	512	224	0	5664
5784	7	5944079974530	none	5665	0f874229	512	224	0	5665
5785	0	5944097255890	none	5666	f82efb2e	512	224	0	5666
5786	1	5944114675440	none	5667	f82efb2e	512	224	0	5667
5787	2	5944128101980	none	5668	f82efb2e	512	224	0	5668
5788	3	5944145519370	none	5669	1033a66a	512	224	0	5669
5789	4	5944162884070	none	5670	3b67a1c5	512	224	0	5670
5790	5	5944180249420	none	5671	3b67a1c5	512	224	0	5671
5791	6	5944197527250	none	5672	303942c4	512	224	0	5672
5792	7	5944214963020	none	5673	bfee8836	512	224	0	5673
5793	0	5944228180660	none	5674	bfee8836	512	224	0	5674
5794	1	5944245596060	none	5675	bfee8836	512	224	0	5675
5795	2	5944262898870	none	5676	bfee8836	512	224	0	5676
5796	3	5944280265950	none	5677	5bf515b2	512	224	0	5677
5797	4	5944297500640	none	5678	9ea7d930	512	224	0	5678
5798	5	5944310923460	none	5679	9ea7d930	512	224	0	5679
5799	6	5944328368720	none	5680	117013c2	512	224	0	5680
5800	7	5944345740090	none	5681	117013c2	512	224	0	5681
5801	0	5944363104310	none	5682	117013c2	512	224	0	5682
5802	1	5944380436240	none	5683	117013c2	512	224	0	5683
5803	2	5944397850430	none	5684	117013c2	512	224	0	5684
5804	3	5944411307640	none	5685	0b8d2476	512	224	0	5685
5805	4	5944428666910	none	5686	0b8d2476	512	224	0	5686
5806	5	5944446013130	none	5687	4b9c4956	512	224	0	5687
5807	6	5944463318820	none	5688	c9d9e0bf	512	224	0	5688
5808	7	5944480884560	none	5689	c9d9e0bf	512	224	0	5689
5809	0	5944494155330	none	5690	c9d9e0bf	512	224	0	5690
5810	1	5944511499180	none	5691	c9d9e0bf	512	224	0	5691
5811	2	5944528969730	none	5692	c9d9e0bf	512	224	0	5692
5812	3	5944546372780	none	5693	430aaa5f	512	224	0	5693
5813	4	5944563884000	none	5694	b4a31358	512	224	0	5694
5814	5	5944581187310	none	5695	cd23830c	512	224	0	5695
5815	6	5944594414750	none	5696	cd23830c	512	224	0	5696
5816	7	5944611849220	none	5697	cd23830c	512	224	0	5697
5817	0	5944629248310	none	5698	cd23830c	512	224	0	5698
5818	1	5944646555920	none	5699	7689b591	512	224	0	5699
5819	2	5944664006480	none	5700	7689b591	512	224	0	5700
5820	3	5944677460500	none	5701	146f9a6b	512	224	0	5701
5821	4	5944694776730	none	5702	146f9a6b	512	224	0	5702
5822	5	5944712166710	none	5703	146f9a6b	512	224	0	5703
5823	6	5944729622020	none	5704	e32eadd8	512	224	0	5704
5824	7	5944746951710	none	5705	e32eadd8	512	224	0	5705
5825	0	5944760323210	none	5706	e32eadd8	512	224	0	5706
5826	1	5944778175340	none	5707	e32eadd8	512	224	0	5707
5827	2	5944795930690	none	5708	6cf9672a	512	224	0	5708
5828	3	5944813222280	none	5709	ca981846	512	224	0	5709
5829	4	5944830573390	none	5710	ca981846	512	224	0	5710
5830	5	5944843876090	none	5711	ca981846	512	224	0	5711
5831	6	5944861250130	none	5712	0ca7040e	512	224	0	5712
5832	7	5944878539480	none	5713	0ca7040e	512	224	0	5713
5833	0	5944895954260	none	5714	0ca7040e	512	224	0	5714
5834	1	5944913413920	none	5715	fb0ebd09	512	224	0	5715
5835	2	5944926651260	none	5716	fb0ebd09	512	224	0	5716
5836	3	5944944077230	none	5717	ba8484d2	512	224	0	5717
5837	4	5944961498250	none	5718	ba8484d2	512	224	0	5718
5838	5	5944978981520	none	5719	ba8484d2	512	224	0	5719
5839	6	5944996630570	none	5720	2499e83d	512	224	0	5720
5840	7	5945009993190	none	5721	3a2059b7	512	224	0	5721
5841	0	5945027273480	none	5722	cd89e0b0	512	224	0	5722
5842	1	5945044754310	none	5723	cd89e0b0	512	224	0	5723
5843	2	5945061978030	none	5724	cd89e0b0	512	224	0	5724
5844	3	5945079418900	none	5725	ea89f83a	512	224	0	5725
5845	4	5945096858670	none	5726	ea89f83a	512	224	0	5726
5846	5	5945110278160	none	5727	ea89f83a	512	224	0	5727
5847	6	5945127617440	none	5728	ea89f83a	512	224	0	5728
5848	7	5945145017810	none	5729	2e3d1eb8	512	224	0	5729
5849	0	5945162301960	none	5730	2e3d1eb8	512	224	0	5730
5850	1	5945179654670	none	5731	2e3d1eb8	512	224	0	5731
5851	2	5945192916000	none	5732	2e3d1eb8	512	224	0	5732
5852	3	5945210290920	none	5733	6441a741	512	224	0	5733
5853	4	5945227662180	none	5734	6d23a1f0	512	224	0	5734
5854	5	5945245045720	none	5735	ba532d73	512	224	0	5735
5855	6	5945262443260	none	5736	3584e781	512	224	0	5736
5856	7	5945279702750	none	5737	3584e781	512	224	0	5737
5857	0	5945292932510	none	5738	54a16b47	512	224	0	5738
5858	1	5945310315310	none	5739	54a16b47	512	224	0	5739
5859	2	5945327798840	none	5740	54a16b47	512	224	0	5740
5860	3	5945345141490	none	5741	d5327a34	512	224	0	5741
5861	4	5945362592040	none	5742	d5327a34	512	224	0	5742
5862	5	5945375925840	none	5743	d8b3370c	512	224	0	5743
5863	6	5945393264130	none	5744	d8b3370c	512	224	0	5744
5864	7	5945410566340	none	5745	d8b3370c	512	224	0	5745
5865	0	5945427895330	none	5746	e6c95d7c	512	224	0	5746
5866	1	5945445404330	none	5747	e6c95d7c	512	224	0	5747
5867	2	5945462816970	none	5748	e6c95d7c	512	224	0	5748
5868	3	5945475978330	none	5749	ddf54adf	512	224	0	5749
5869	4	5945493407530	none	5750	2a5cf3d8	512	224	0	5750
5870	5	5945510712210	none	5751	156391c6	512	224	0	5751
5871	6	5945528182630	none	5752	156391c6	512	224	0	5752
5872	7	5945545629190	none	5753	156391c6	512	224	0	5753
5873	0	5945562872220	none	5754	156391c6	512	224	0	5754
5874	1	5945576191640	none	5755	886ac53f	512	224	0	5755
5875	2	5945593771490	none	5756	886ac53f	512	224	0	5756
5876	3	5945611095290	none	5757	b447cf0b	512	224	0	5757
5877	4	5945628414600	none	5758	b447cf0b	512	224	0	5758
5878	5	5945645710970	none	5759	6f04749f	512	224	0	5759
5879	6	5945659029780	none	5760	6f04749f	512	224	0	5760
5880	7	5945676466120	none	5761	6f04749f	512	224	0	5761
5881	0	5945693854750	none	5762	6f04749f	512	224	0	5762
5882	1	5945711243320	none	5763	b20ccac9	512	224	0	5763
5883	2	5945728483970	none	5764	3ddb003b	512	224	0	5764
5884	3	5945745925070	none	5765	42539263	512	224	0	5765
5885	4	5945759318540	none	5766	42539263	512	224	0	5766
5886	5	5945776847960	none	5767	9fadda2a	512	224	0	5767
5887	6	5945794343450	none	5768	9fadda2a	512	224	0	5768
5888	7	5945811899640	none	5769	9fadda2a	512	224	0	5769
5889	0	5945825236100	none	5770	9fadda2a	512	224	0	5770
5890	1	5945842762980	none	5771	6804632d	512	224	0	5771
5891	2	5945860203070	none	5772	322fbb14	512	224	0	5772
5892	3	5945877565370	none	5773	ee998250	512	224	0	5773
5893	4	5945894807240	none	5774	ee998250	512	224	0	5774
5894	5	5945912168980	none	5775	62c8e4a5	512	224	0	5775
5895	6	5945925618060	none	5776	62c8e4a5	512	224	0	5776
5896	7	5945943024630	none	5777	62c8e4a5	512	224	0	5777
5897	0	5945960262990	none	5778	95615da2	512	224	0	5778
5898	1	5945977745100	none	5779	95615da2	512	224	0	5779
5899	2	5945995088710	none	5780	e6397a74	512	224	0	5780
5900	3	5946008418800	none	5781	d1735428	512	224	0	5781
5901	4	5946025735830	none	5782	d1735428	512	224	0	5782
5902	5	5946043051490	none	5783	2f0798dc	512	224	0	5783
5903	6	5946060559770	none	5784	2f0798dc	512	224	0	5784
5904	7	5946078096100	none	5785	a0d0522e	512	224	0	5785
5905	0	5946091485160	none	5786	a0d0522e	512	224	0	5786
5906	1	5946108939160	none	5787	a0d0522e	512	224	0	5787
5907	2	5946126303020	none	5788	a0d0522e	512	224	0	5788
5908	3	5946143696710	none	5789	b597558e	512	224	0	5789
5909	4	5946160941450	none	5790	b597558e	512	224	0	5790
5910	5	5946178369370	none	5791	49c6ab06	512	224	0	5791
5911	6	5946191815130	none	5792	c61161f4	512	224	0	5792
5912	7	5946209162210	none	5793	c61161f4	512	224	0	5793
5913	0	5946226507000	none	5794	c61161f4	512	224	0	5794
5914	1	5946243971340	none	5795	c61161f4	512	224	0	5795
5915	2	5946261244680	none	5796	c61161f4	512	224	0	5796
5916	3	5946274450430	none	5797	545ae0b6	512	224	0	5797
5917	4	5946291859900	none	5798	51aaedd6	512	224	0	5798
5918	5	5946309209140	none	5799	26b65d2f	512	224	0	5799
5919	6	5946326566110	none	5800	26b65d2f	512	224	0	5800
5920	7	5946344111660	none	5801	26b65d2f	512	224	0	5801
5921	0	5946361482660	none	5802	26b65d2f	512	224	0	5802
5922	1	5946374686520	none	5803	26b65d2f	512	224	0	5803
5923	2	5946392101580	none	5804	abda2fa9	512	224	0	5804
5924	3	5946409408060	none	5805	cf5a2d7e	512	224	0	5805
5925	4	5946426826260	none	5806	d8700337	512	224	0	5806
5926	5	5946444283860	none	5807	34a35ab3	512	224	0	5807
5927	6	5946457756590	none	5808	34a35ab3	512	224	0	5808
5928	7	5946475114320	none	5809	7be3699b	512	224	0	5809
5929	0	5946492458850	none	5810	7be3699b	512	224	0	5810
5930	1	5946509697550	none	5811	7be3699b	512	224	0	5811
5931	2	5946527126550	none	5812	7be3699b	512	224	0	5812
5932	3	5946544441750	none	5813	33a5cb85	512	224	0	5813
5933	4	5946557760190	none	5814	9a29bdfe	512	224	0	5814
5934	5	5946575099960	none	5815	9a8aa065	512	224	0	5815
5935	6	5946592476940	none	5816	9a8aa065	512	224	0	5816
5936	7	5946609784760	none	5817	9a8aa065	512	224	0	5817
5937	0	5946627160570	none	5818	9a8aa065	512	224	0	5818
5938	1	5946640544320	none	5819	793ff09f	512	224	0	5819
5939	2	5946658022580	none	5820	f6e83a6d	512	224	0	5820
5940	3	5946675370270	none	5821	c9f61f8f	512	224	0	5821
5941	4	5946692738920	none	5822	c9f61f8f	512	224	0	5822
5942	5	5946710209840	none	5823	771320d0	512	224	0	5823
5943	6	5946727566130	none	5824	771320d0	512	224	0	5824
5944	7	5946740778820	none	5825	771320d0	512	224	0	5825
5945	0	5946758080630	none	5826	771320d0	512	224	0	5826
5946	1	5946775525500	none	5827	80ba99d7	512	224	0	5827
5947	2	5946792858610	none	5828	80ba99d7	512	224	0	5828
5948	3	5946810208360	none	5829	8e71cd85	512	224	0	5829
5949	4	5946823525260	none	5830	8e71cd85	512	224	0	5830
5950	5	5946840935020	none	5831	8fce1da4	512	224	0	5831
5951	6	5946858402570	none	5832	8fce1da4	512	224	0	5832
5952	7	5946875730640	none	5833	8fce1da4	512	224	0	5833
5953	0	5946893048590	none	5834	7867a4a3	512	224	0	5834
5954	1	5946910390450	none	5835	7867a4a3	512	224	0	5835
5955	2	5946923726670	none	5836	7867a4a3	512	224	0	5836
5956	3	5946940961880	none	5837	af520e25	512	224	0	5837
5957	4	5946958402660	none	5838	af520e25	512	224	0	5838
5958	5	5946975713540	none	5839	570849a2	512	224	0	5839
5959	6	5946993083650	none	5840	570849a2	512	224	0	5840
5960	7	5947010496590	none	5841	d8df8350	512	224	0	5841
5961	0	5947023990380	none	5842	d8df8350	512	224	0	5842
5962	1	5947041264390	none	5843	6375b5cd	512	224	0	5843
5963	2	5947058800340	none	5844	6375b5cd	512	224	0	5844
5964	3	5947076016380	none	5845	1d95e5c0	512	224	0	5845
5965	4	5947093415180	none	5846	1d95e5c0	512	224	0	5846
5966	5	5947106708280	none	5847	14c3aafc	512	224	0	5847
5967	6	5947124054610	none	5848	9b14600e	512	224	0	5848
5968	7	5947141608180	none	5849	9b14600e	512	224	0	5849
5969	0	5947158985690	none	5850	9b14600e	512	224	0	5850
5970	1	5947176474110	none	5851	9b14600e	512	224	0	5851
5971	2	5947189796770	none	5852	9b14600e	512	224	0	5852
5972	3	5947207158210	none	5853	20be5693	512	224	0	5853
5973	4	5947224578670	none	5854	20be5693	512	224	0	5854
5974	5	5947241922370	none	5855	15e355b1	512	224	0	5855
5975	6	5947259361640	none	5856	15e355b1	512	224	0	5856
5976	7	5947276640850	none	5857	15e355b1	512	224	0	5857
5977	0	5947289943160	none	5858	15e355b1	512	224	0	5858
5978	1	5947307196380	none	5859	15e355b1	512	224	0	5859
5979	2	5947324604720	none	5860	15e355b1	512	224	0	5860
5980	3	5947341927610	none	5861	15e355b1	512	224	0	5861
5981	4	5947359398480	none	5862	e24aecb6	512	224	0	5862
5982	5	5947372815020	none	5863	8154d6a0	512	224	0	5863
5983	6	5947390276360	none	5864	8154d6a0	512	224	0	5864
5984	7	5947407739090	none	5865	8154d6a0	512	224	0	5865
5985	0	5947425088480	none	5866	8154d6a0	512	224	0	5866
5986	1	5947442460740	none	5867	8154d6a0	512	224	0	5867
5987	2	5947459767110	none	5868	8154d6a0	512	224	0	5868
5988	3	5947473148770	none	5869	0e831c52	512	224	0	5869
5989	4	5947490601010	none	5870	0e831c52	512	224	0	5870
5990	5	5947508017930	none	5871	0e831c52	512	224	0	5871
5991	6	5947525361130	none	5872	0e831c52	512	224	0	5872
5992	7	5947542840140	none	5873	0e831c52	512	224	0	5873
5993	0	5947556196170	none	5874	0e831c52	512	224	0	5874
5994	1	5947573498900	none	5875	0e831c52	512	224	0	5875
5995	2	5947590929590	none	5876	8154d6a0	512	224	0	5876
5996	3	5947608501110	none	5877	8154d6a0	512	224	0	5877
5997	4	5947625918900	none	5878	8154d6a0	512	224	0	5878
5998	5	5947639165840	none	5879	8154d6a0	512	224	0	5879
5999	6	5947656514050	none	5880	8154d6a0	512	224	0	5880
6000	7	5947673968510	none	5881	8154d6a0	512	224	0	5881
6001	0	5947691422540	none	5882	8154d6a0	512	224	0	5882
6002	1	5947708763090	none	5883	76fd6fa7	512	224	0	5883
6003	2	5947722126040	none	5884	76fd6fa7	512	224	0	5884
6004	3	5947739455790	none	5885	76fd6fa7	512	224	0	5885
6005	4	5947756848300	none	5886	76fd6fa7	512	224	0	5886
6006	5	5947774278370	none	5887	76fd6fa7	512	224	0	5887
6007	6	5947791595270	none	5888	76fd6fa7	512	224	0	5888
6008	7	5947808970190	none	5889	76fd6fa7	512	224	0	5889
6009	0	5947822420470	none	5890	8154d6a0	512	224	0	5890
6010	1	5947839666150	none	5891	8154d6a0	512	224	0	5891
6011	2	5947857085540	none	5892	8154d6a0	512	224	0	5892
6012	3	5947874407440	none	5893	8154d6a0	512	224	0	5893
6013	4	5947891630630	none	5894	8154d6a0	512	224	0	5894
6014	5	5947909020350	none	5895	8154d6a0	512	224	0	5895
6015	6	5947922425730	none	5896	8154d6a0	512	224	0	5896
6016	7	5947939666360	none	5897	0e831c52	512	224	0	5897
6017	0	5947957095480	none	5898	0e831c52	512	224	0	5898
6018	1	5947974412370	none	5899	0e831c52	512	224	0	5899
6019	2	5947991862060	none	5900	0e831c52	512	224	0	5900
6020	3	5948005066920	none	5901	0e831c52	512	224	0	5901
6021	4	5948022494240	none	5902	0e831c52	512	224	0	5902
6022	5	5948039716960	none	5903	0e831c52	512	224	0	5903
6023	6	5948057133140	none	5904	8154d6a0	512	224	0	5904
6024	7	5948074434580	none	5905	8154d6a0	512	224	0	5905
6025	0	5948091860630	none	5906	8154d6a0	512	224	0	5906
6026	1	5948105165860	none	5907	8154d6a0	512	224	0	5907
6027	2	5948122406450	none	5908	8154d6a0	512	224	0	5908
6028	3	5948139744580	none	5909	8154d6a0	512	224	0	5909
6029	4	5948157434490	none	5910	8154d6a0	512	224	0	5910
6030	5	5948171402670	none	5911	76fd6fa7	512	224	0	5911
6031	6	5948188711970	none	5912	76fd6fa7	512	224	0	5912
6032	7	5948205957040	none	5913	76fd6fa7	512	224	0	5913
6033	0	5948223282090	none	5914	76fd6fa7	512	224	0	5914
6034	1	5948240584630	none	5915	76fd6fa7	512	224	0	5915
6035	2	5948257933220	none	5916	76fd6fa7	512	224	0	5916
6036	3	5948271307150	none	5917	76fd6fa7	512	224	0	5917
6037	4	5948288717250	none	5918	8154d6a0	512	224	0	5918
6038	5	5948305961720	none	5919	8154d6a0	512	224	0	5919
6039	6	5948323299280	none	5920	8154d6a0	512	224	0	5920
6040	7	5948340649300	none	5921	8154d6a0	512	224	0	5921
6041	0	5948357948550	none	5922	8154d6a0	512	224	0	5922
6042	1	5948371314550	none	5923	8154d6a0	512	224	0	5923
6043	2	5948388702450	none	5924	8154d6a0	512	224	0	5924
6044	3	5948405972860	none	5925	0e831c52	512	224	0	5925
6045	4	5948423300180	none	5926	0e831c52	512	224	0	5926
6046	5	5948440713930	none	5927	0e831c52	512	224	0	5927
6047	6	5948454124830	none	5928	0e831c52	512	224	0	5928
6048	7	5948471478150	none	5929	0e831c52	512	224	0	5929
6049	0	5948488711390	none	5930	0e831c52	512	224	0	5930
6050	1	5948505947590	none	5931	0e831c52	512	224	0	5931
6051	2	5948523242450	none	5932	8154d6a0	512	224	0	5932
6052	3	5948540544370	none	5933	8154d6a0	512	224	0	5933
6053	4	5948553953790	none	5934	8154d6a0	512	224	0	5934
6054	5	5948571423740	none	5935	8154d6a0	512	224	0	5935
6055	6	5948588874740	none	5936	8154d6a0	512	224	0	5936
6056	7	5948606305770	none	5937	8154d6a0	512	224	0	5937
6057	0	5948623674170	none	5938	8154d6a0	512	224	0	5938
6058	1	5948640939820	none	5939	76fd6fa7	512	224	0	5939
6059	2	5948654331870	none	5940	76fd6fa7	512	224	0	5940
6060	3	5948671651980	none	5941	76fd6fa7	512	224	0	5941
6061	4	5948689050630	none	5942	76fd6fa7	512	224	0	5942
6062	5	5948706551960	none	5943	76fd6fa7	512	224	0	5943
6063	6	5948724049550	none	5944	76fd6fa7	512	224	0	5944
6064	7	5948737433620	none	5945	76fd6fa7	512	224	0	5945
6065	0	5948754765050	none	5946	8154d6a0	512	224	0	5946
6066	1	5948772176200	none	5947	8154d6a0	512	224	0	5947
6067	2	5948789417230	none	5948	8154d6a0	512	224	0	5948
6068	3	5948806813800	none	5949	8154d6a0	512	224	0	5949
6069	4	5948820252290	none	5950	8154d6a0	512	224	0	5950
6070	5	5948837712790	none	5951	8154d6a0	512	224	0	5951
6071	6	5948855075050	none	5952	8154d6a0	512	224	0	5952
6072	7	5948872442950	none	5953	0e831c52	512	224	0	5953
6073	0	5948889771150	none	5954	0e831c52	512	224	0	5954
6074	1	5948907053160	none	5955	0e831c52	512	224	0	5955
6075	2	5948920527840	none	5956	0e831c52	512	224	0	5956
6076	3	5948937866310	none	5957	0e831c52	512	224	0	5957
6077	4	5948955350340	none	5958	0e831c52	512	224	0	5958
6078	5	5948972854170	none	5959	0e831c52	512	224	0	5959
6079	6	5948990237660	none	5960	8154d6a0	512	224	0	5960
6080	7	5949003556220	none	5961	8154d6a0	512	224	0	5961
6081	0	5949020958590	none	5962	8154d6a0	512	224	0	5962
6082	1	5949038360780	none	5963	8154d6a0	512	224	0	5963
6083	2	5949055682960	none	5964	8154d6a0	512	224	0	5964
6084	3	5949073142050	none	5965	8154d6a0	512	224	0	5965
6085	4	5949086448450	none	5966	8154d6a0	512	224	0	5966
6086	5	5949103861060	none	5967	76fd6fa7	512	224	0	5967
6087	6	5949121283150	none	5968	76fd6fa7	512	224	0	5968
6088	7	5949138699910	none	5969	76fd6fa7	512	224	0	5969
6089	0	5949155956370	none	5970	76fd6fa7	512	224	0	5970
6090	1	5949173446580	none	5971	76fd6fa7	512	224	0	5971
6091	2	5949186831620	none	5972	76fd6fa7	512	224	0	5972
6092	3	5949204282800	none	5973	76fd6fa7	512	224	0	5973
6093	4	5949221644260	none	5974	8154d6a0	512	224	0	5974
6094	5	5949239071050	none	5975	8154d6a0	512	224	0	5975
6095	6	5949256466830	none	5976	8154d6a0	512	224	0	5976
6096	7	5949269823490	none	5977	8154d6a0	512	224	0	5977
6097	0	5949287240920	none	5978	8154d6a0	512	224	0	5978
6098	1	5949304726600	none	5979	8154d6a0	512	224	0	5979
6099	2	5949322203760	none	5980	8154d6a0	512	224	0	5980
6100	3	5949339597430	none	5981	0e831c52	512	224	0	5981
6101	4	5949352881750	none	5982	0e831c52	512	224	0	5982
6102	5	5949370271290	none	5983	0e831c52	512	224	0	5983
6103	6	5949387873120	none	5984	0e831c52	512	224	0	5984
6104	7	5949405303240	none	5985	0e831c52	512	224	0	5985
6105	0	5949422749310	none	5986	0e831c52	512	224	0	5986
6106	1	5949436125830	none	5987	b5292acf	512	224	0	5987
6107	2	5949453474320	none	5988	3afee03d	512	224	0	5988
6108	3	5949470906320	none	5989	3afee03d	512	224	0	5989
6109	4	5949488323120	none	5990	3afee03d	512	224	0	5990
6110	5	5949505732790	none	5991	3afee03d	512	224	0	5991
6111	6	5949519085690	none	5992	3afee03d	512	224	0	5992
6112	7	5949536451000	none	5993	3afee03d	512	224	0	5993
6113	0	5949553798580	none	5994	3afee03d	512	224	0	5994
6114	1	5949571039710	none	5995	cd57593a	512	224	0	5995
6115	2	5949588365610	none	5996	cd57593a	512	224	0	5996
6116	3	5949605679570	none	5997	76fd6fa7	512	224	0	5997
6117	4	5949618951360	none	5998	fc119424	512	224	0	5998
6118	5	5949636411350	none	5999	fc119424	512	224	0	5999
6119	6	5949653831610	none	6000	fc119424	512	224	0	6000
6120	7	5949671061380	none	6001	fc119424	512	224	0	6001
6121	0	5949688369350	none	6002	0bb82d23	512	224	0	6002
6122	1	5949705893320	none	6003	0bb82d23	512	224	0	6003
6123	2	5949719174770	none	6004	0bb82d23	512	224	0	6004
6124	3	5949736528060	none	6005	0bb82d23	512	224	0	6005
6125	4	5949753894010	none	6006	569fb14c	512	224	0	6006
6126	5	5949771419940	none	6007	cd6e8568	512	224	0	6007
6127	6	5949788787190	none	6008	cd6e8568	512	224	0	6008
6128	7	5949802042990	none	6009	42b94f9a	512	224	0	6009
6129	0	5949819542310	none	6010	42b94f9a	512	224	0	6010
6130	1	5949836878210	none	6011	42b94f9a	512	224	0	6011
6131	2	5949854236230	none	6012	42b94f9a	512	224	0	6012
6132	3	5949871552240	none	6013	42b94f9a	512	224	0	6013
6133	4	5949889003840	none	6014	aed44d85	512	224	0	6014
6134	5	5949902389450	none	6015	e60f8e52	512	224	0	6015
6135	6	5949919681220	none	6016	69d844a0	512	224	0	6016
6136	7	5949936956830	none	6017	69d844a0	512	224	0	6017
6137	0	5949954300440	none	6018	69d844a0	512	224	0	6018
6138	1	5949971813900	none	6019	69d844a0	512	224	0	6019
6139	2	5949985001120	none	6020	69d844a0	512	224	0	6020
6140	3	5950002374590	none	6021	69d844a0	512	224	0	6021
6141	4	5950019661500	none	6022	cda5612e	512	224	0	6022
6142	5	5950037071470	none	6023	3a0cd829	512	224	0	6023
6143	6	5950054413270	none	6024	210d741c	512	224	0	6024
6144	7	5950071860300	none	6025	210d741c	512	224	0	6025
6145	0	5950085171990	none	6026	210d741c	512	224	0	6026
6146	1	5950102535440	none	6027	210d741c	512	224	0	6027
6147	2	5950119989920	none	6028	210d741c	512	224	0	6028
6148	3	5950137261290	none	6029	210d741c	512	224	0	6029
6149	4	5950154648160	none	6030	09fcbd17	512	224	0	6030
6150	5	5950167962210	none	6031	09fcbd17	512	224	0	6031
6151	6	5950185367590	none	6032	200b2c52	512	224	0	6032
6152	7	5950202739650	none	6033	200b2c52	512	224	0	6033
6153	0	5950220283040	none	6034	200b2c52	512	224	0	6034
6154	1	5950237739000	none	6035	200b2c52	512	224	0	6035
6155	2	5950255115140	none	6036	200b2c52	512	224	0	6036
6156	3	5950268428680	none	6037	afdce6a0	512	224	0	6037
6157	4	5950285939670	none	6038	1f89c41f	512	224	0	6038
6158	5	5950303457400	none	6039	1f89c41f	512	224	0	6039
6159	6	5950320935580	none	6040	1f89c41f	512	224	0	6040
6160	7	5950334422360	none	6041	ff0f9ec3	512	224	0	6041
6161	0	5950351823560	none	6042	ff0f9ec3	512	224	0	6042
6162	1	5950369165120	none	6043	ff0f9ec3	512	224	0	6043
6163	2	5950386553750	none	6044	70d85431	512	224	0	6044
6164	3	5950403984400	none	6045	70d85431	512	224	0	6045
6165	4	5950421409160	none	6046	8fc1e0d0	512	224	0	6046
6166	5	5950434761250	none	6047	8fc1e0d0	512	224	0	6047
6167	6	5950452360380	none	6048	8fc1e0d0	512	224	0	6048
6168	7	5950469630010	none	6049	abdb85fc	512	224	0	6049
6169	0	5950487066010	none	6050	abdb85fc	512	224	0	6050
6170	1	5950504384660	none	6051	5c723cfb	512	224	0	6051
6171	2	5950517770850	none	6052	5c723cfb	512	224	0	6052
6172	3	5950535179120	none	6053	5c723cfb	512	224	0	6053
6173	4	5950552505510	none	6054	9e561e4f	512	224	0	6054
6174	5	5950570252510	none	6055	9e561e4f	512	224	0	6055
6175	6	5950587690380	none	6056	9e561e4f	512	224	0	6056
6176	7	5950600853550	none	6057	9e561e4f	512	224	0	6057
6177	0	5950618303480	none	6058	a88b8328	512	224	0	6058
6178	1	5950635627510	none	6059	a88b8328	512	224	0	6059
6179	2	5950652942530	none	6060	a88b8328	512	224	0	6060
6180	3	5950670313630	none	6061	a88b8328	512	224	0	6061
6181	4	5950687546910	none	6062	caefd40e	512	224	0	6062
6182	5	5950700835300	none	6063	caefd40e	512	224	0	6063
6183	6	5950718350860	none	6064	caefd40e	512	224	0	6064
6184	7	5950735658320	none	6065	45381efc	512	224	0	6065
6185	0	5950753088140	none	6066	2c34b785	512	224	0	6066
6186	1	5950770448220	none	6067	2c34b785	512	224	0	6067
6187	2	5950783761110	none	6068	2c34b785	512	224	0	6068
6188	3	5950800962360	none	6069	2c34b785	512	224	0	6069
6189	4	5950818317420	none	6070	bd237aef	512	224	0	6070
6190	5	5950835703040	none	6071	bd237aef	512	224	0	6071
6191	6	5950853100690	none	6072	32f4b01d	512	224	0	6072
6192	7	5950870470060	none	6073	32f4b01d	512	224	0	6073
6193	0	5950883780310	none	6074	32f4b01d	512	224	0	6074
6194	1	5950900994800	none	6075	f73ac872	512	224	0	6075
6195	2	5950918318320	none	6076	f73ac872	512	224	0	6076
6196	3	5950935660350	none	6077	f73ac872	512	224	0	6077
6197	4	5950952965260	none	6078	8af7d6b5	512	224	0	6078
6198	5	5950970341100	none	6079	7d5e6fb2	512	224	0	6079
6199	6	5950983707050	none	6080	7d5e6fb2	512	224	0	6080
6200	7	5951000956930	none	6081	7d5e6fb2	512	224	0	6081
6201	0	5951018345230	none	6082	7d5e6fb2	512	224	0	6082
6202	1	5951035683530	none	6083	c7b2fc41	512	224	0	6083
6203	2	5951053037490	none	6084	c7b2fc41	512	224	0	6084
6204	3	5951070420080	none	6085	c7b2fc41	512	224	0	6085
6205	4	5951083940300	none	6086	d004afb3	512	224	0	6086
6206	5	5951101422240	none	6087	d004afb3	512	224	0	6087
6207	6	5951118981000	none	6088	d004afb3	512	224	0	6088
6208	7	5951136392730	none	6089	d004afb3	512	224	0	6089
6209	0	5951149855620	none	6090	d004afb3	512	224	0	6090
6210	1	5951167173390	none	6091	d004afb3	512	224	0	6091
6211	2	5951184537110	none	6092	879d3d8d	512	224	0	6092
6212	3	5951201845590	none	6093	084af77f	512	224	0	6093
6213	4	5951219359840	none	6094	f58a4111	512	224	0	6094
6214	5	5951236799800	none	6095	f58a4111	512	224	0	6095
6215	6	5951250199220	none	6096	f58a4111	512	224	0	6096
6216	7	5951267606750	none	6097	f58a4111	512	224	0	6097
6217	0	5951284957330	none	6098	f58a4111	512	224	0	6098
6218	1	5951302354600	none	6099	f58a4111	512	224	0	6099
6219	2	5951319692770	none	6100	bfc949f1	512	224	0	6100
6220	3	5951333034940	none	6101	bfc949f1	512	224	0	6101
6221	4	5951350481590	none	6102	740f4cd0	512	224	0	6102
6222	5	5951368076060	none	6103	740f4cd0	512	224	0	6103
6223	6	5951385476860	none	6104	740f4cd0	512	224	0	6104
6224	7	5951402815580	none	6105	740f4cd0	512	224	0	6105
6225	0	5951416140150	none	6106	740f4cd0	512	224	0	6106
6226	1	5951433542050	none	6107	cd9e932f	512	224	0	6107
6227	2	5951450965550	none	6108	cd9e932f	512	224	0	6108
6228	3	5951468466290	none	6109	a1528c3a	512	224	0	6109
6229	4	5951485876590	none	6110	8f8c9f69	512	224	0	6110
6230	5	5951499158370	none	6111	8f8c9f69	512	224	0	6111
6231	6	5951516595200	none	6112	304e9ef2	512	224	0	6112
6232	7	5951534001460	none	6113	304e9ef2	512	224	0	6113
6233	0	5951551429090	none	6114	c7e727f5	512	224	0	6114
6234	1	5951568799090	none	6115	c7e727f5	512	224	0	6115
6235	2	5951586175720	none	6116	c7e727f5	512	224	0	6116
6236	3	5951599391900	none	6117	98a6b120	512	224	0	6117
6237	4	5951616928090	none	6118	dea15158	512	224	0	6118
6238	5	5951634304080	none	6119	dea15158	512	224	0	6119
6239	6	5951651647000	none	6120	dea15158	512	224	0	6120
6240	7	5951668996780	none	6121	b7badef9	512	224	0	6121
6241	0	5951682342790	none	6122	5553c2e0	512	224	0	6122
6242	1	5951699606560	none	6123	5553c2e0	512	224	0	6123
6243	2	5951717100080	none	6124	5553c2e0	512	224	0	6124
6244	3	5951734398480	none	6125	5553c2e0	512	224	0	6125
6245	4	5951751829490	none	6126	1a0c32a4	512	224	0	6126
6246	5	5951769201750	none	6127	1a0c32a4	512	224	0	6127
6247	6	5951782491540	none	6128	95dbf856	512	224	0	6128
6248	7	5951799848650	none	6129	95dbf856	512	224	0	6129
6249	0	5951817343750	none	6130	95dbf856	512	224	0	6130
6250	1	5951834597990	none	6131	2e71cecb	512	224	0	6131
6251	2	5951851985920	none	6132	2e71cecb	512	224	0	6132
6252	3	5951865314070	none	6133	2e71cecb	512	224	0	6133
6253	4	5951882711920	none	6134	29d1269d	512	224	0	6134
6254	5	5951900476700	none	6135	001fd84b	512	224	0	6135
6255	6	5951917934200	none	6136	001fd84b	512	224	0	6136
6256	7	5951935294940	none	6137	001fd84b	512	224	0	6137
6257	0	5951948659530	none	6138	001fd84b	512	224	0	6138
6258	1	5951966103870	none	6139	001fd84b	512	224	0	6139
6259	2	5951983500670	none	6140	001fd84b	512	224	0	6140
6260	3	5952000922220	none	6141	bbb5eed6	512	224	0	6141
6261	4	5952018440040	none	6142	0a7be427	512	224	0	6142
6262	5	5952031697740	none	6143	d0745750	512	224	0	6143
6263	6	5952049052720	none	6144	d0745750	512	224	0	6144
6264	7	5952066545270	none	6145	d0745750	512	224	0	6145
6265	0	5952083952470	none	6146	d0745750	512	224	0	6146
6266	1	5952101243590	none	6147	d0745750	512	224	0	6147
6267	2	5952118663440	none	6148	d0745750	512	224	0	6148
6268	3	5952132083150	none	6149	5fa39da2	512	224	0	6149
6269	4	5952149619530	none	6150	5adb77d0	512	224	0	6150
6270	5	5952167142000	none	6151	5adb77d0	512	224	0	6151
6271	6	5952184603180	none	6152	ae9d2c32	512	224	0	6152
6272	7	5952197970290	none	6153	ae9d2c32	512	224	0	6153
6273	0	5952215343500	none	6154	ae9d2c32	512	224	0	6154
6274	1	5952232719020	none	6155	ae9d2c32	512	224	0	6155
6275	2	5952250265650	none	6156	214ae6c0	512	224	0	6156
6276	3	5952267648720	none	6157	214ae6c0	512	224	0	6157
6277	4	5952285114110	none	6158	a8fe0316	512	224	0	6158
6278	5	5952298438940	none	6159	a8fe0316	512	224	0	6159
6279	6	5952315943050	none	6160	74898eda	512	224	0	6160
6280	7	5952333283250	none	6161	74898eda	512	224	0	6161
6281	0	5952350677360	none	6162	74898eda	512	224	0	6162
6282	1	5952368127790	none	6163	832037dd	512	224	0	6163
6283	2	5952381486570	none	6164	832037dd	512	224	0	6164
6284	3	5952398738600	none	6165	832037dd	512	224	0	6165
6285	4	5952416115980	none	6166	76fd6fa7	512	224	0	6166
6286	5	5952433497330	none	6167	76fd6fa7	512	224	0	6167
6287	6	5952450952790	none	6168	76fd6fa7	512	224	0	6168
6288	7	5952464244640	none	6169	76fd6fa7	512	224	0	6169
6289	0	5952481581940	none	6170	8154d6a0	512	224	0	6170
6290	1	5952499029810	none	6171	8154d6a0	512	224	0	6171
6291	2	5952516449650	none	6172	8154d6a0	512	224	0	6172
6292	3	5952533886300	none	6173	8154d6a0	512	224	0	6173
6293	4	5952551349960	none	6174	8154d6a0	512	224	0	6174
6294	5	5952564669160	none	6175	8154d6a0	512	224	0	6175
6295	6	5952582026790	none	6176	8154d6a0	512	224	0	6176
6296	7	5952599355840	none	6177	0e831c52	512	224	0	6177
6297	0	5952616830430	none	6178	0e831c52	512	224	0	6178
6298	1	5952634238550	none	6179	0e831c52	512	224	0	6179
6299	2	5952647436690	none	6180	0e831c52	512	224	0	6180
6300	3	5952664838310	none	6181	0e831c52	512	224	0	6181
6301	4	5952682097000	none	6182	0e831c52	512	224	0	6182
6302	5	5952699593100	none	6183	0e831c52	512	224	0	6183
6303	6	5952717114140	none	6184	8154d6a0	512	224	0	6184
6304	7	5952730511100	none	6185	8154d6a0	512	224	0	6185
6305	0	5952747849990	none	6186	8154d6a0	512	224	0	6186
6306	1	5952765259530	none	6187	8154d6a0	512	224	0	6187
6307	2	5952782672460	none	6188	8154d6a0	512	224	0	6188
6308	3	5952800149990	none	6189	8154d6a0	512	224	0	6189
6309	4	5952817430290	none	6190	8154d6a0	512	224	0	6190
6310	5	5952830697150	none	6191	76fd6fa7	512	224	0	6191
6311	6	5952848013640	none	6192	76fd6fa7	512	224	0	6192
6312	7	5952865429500	none	6193	76fd6fa7	512	224	0	6193
6313	0	5952882773860	none	6194	76fd6fa7	512	224	0	6194
6314	1	5952900218690	none	6195	76fd6fa7	512	224	0	6195
6315	2	5952913636270	none	6196	76fd6fa7	512	224	0	6196
6316	3	5952930873210	none	6197	76fd6fa7	512	224	0	6197
6317	4	5952948286810	none	6198	8154d6a0	512	224	0	6198
6318	5	5952965748770	none	6199	8154d6a0	512	224	0	6199
6319	6	5952983135640	none	6200	8154d6a0	512	224	0	6200
6320	7	5953000444930	none	6201	8154d6a0	512	224	0	6201
6321	0	5953013756490	none	6202	8154d6a0	512	224	0	6202
6322	1	5953031217390	none	6203	8154d6a0	512	224	0	6203
6323	2	5953048633110	none	6204	8154d6a0	512	224	0	6204
6324	3	5953065907480	none	6205	0e831c52	512	224	0	6205
6325	4	5953083481510	none	6206	0e831c52	512	224	0	6206
6326	5	5953096873560	none	6207	0e831c52	512	224	0	6207
6327	6	5953114219220	none	6208	0e831c52	512	224	0	6208
6328	7	5953131576160	none	6209	0e831c52	512	224	0	6209
6329	0	5953148930630	none	6210	0e831c52	512	224	0	6210
6330	1	5953166427640	none	6211	0e831c52	512	224	0	6211
6331	2	5953180213050	none	6212	8154d6a0	512	224	0	6212
6332	3	5953198047510	none	6213	8154d6a0	512	224	0	6213
6333	4	5953215965260	none	6214	8154d6a0	512	224	0	6214
6334	5	5953229578220	none	6215	8154d6a0	512	224	0	6215
6335	6	5953246821670	none	6216	8154d6a0	512	224	0	6216
6336	7	5953264206390	none	6217	8154d6a0	512	224	0	6217
6337	0	5953281537580	none	6218	8154d6a0	512	224	0	6218
6338	1	5953298893660	none	6219	76fd6fa7	512	224	0	6219
6339	2	5953316262630	none	6220	76fd6fa7	512	224	0	6220
6340	3	5953329694210	none	6221	76fd6fa7	512	224	0	6221
6341	4	5953346951410	none	6222	76fd6fa7	512	224	0	6222
6342	5	5953364269080	none	6223	76fd6fa7	512	224	0	6223
6343	6	5953381614550	none	6224	76fd6fa7	512	224	0	6224
6344	7	5953398957580	none	6225	76fd6fa7	512	224	0	6225
6345	0	5953416366670	none	6226	8154d6a0	512	224	0	6226
6346	1	5953429836940	none	6227	8154d6a0	512	224	0	6227
6347	2	5953447072280	none	6228	8154d6a0	512	224	0	6228
6348	3	5953464516250	none	6229	8154d6a0	512	224	0	6229
6349	4	5953482072270	none	6230	8154d6a0	512	224	0	6230
6350	5	5953499495120	none	6231	8154d6a0	512	224	0	6231
6351	6	5953513028810	none	6232	8154d6a0	512	224	0	6232
6352	7	5953530429130	none	6233	0e831c52	512	224	0	6233
6353	0	5953547975140	none	6234	0e831c52	512	224	0	6234
6354	1	5953565432390	none	6235	0e831c52	512	224	0	6235
6355	2	5953582973300	none	6236	0e831c52	512	224	0	6236
6356	3	5953596306110	none	6237	0e831c52	512	224	0	6237
6357	4	5953613763850	none	6238	0e831c52	512	224	0	6238
6358	5	5953631199280	none	6239	0e831c52	512	224	0	6239
6359	6	5953648636590	none	6240	8154d6a0	512	224	0	6240
6360	7	5953665866120	none	6241	8154d6a0	512	224	0	6241
6361	0	5953679332320	none	6242	8154d6a0	512	224	0	6242
6362	1	5953696740680	none	6243	8154d6a0	512	224	0	6243
6363	2	5953714173400	none	6244	8154d6a0	512	224	0	6244
6364	3	5953731430100	none	6245	8154d6a0	512	224	0	6245
6365	4	5953748867930	none	6246	8154d6a0	512	224	0	6246
6366	5	5953762201810	none	6247	76fd6fa7	512	224	0	6247
6367	6	5953779675780	none	6248	76fd6fa7	512	224	0	6248
6368	7	5953797111990	none	6249	76fd6fa7	512	224	0	6249
6369	0	5953814519760	none	6250	76fd6fa7	512	224	0	6250
6370	1	5953832066460	none	6251	76fd6fa7	512	224	0	6251
6371	2	5953845299630	none	6252	76fd6fa7	512	224	0	6252
6372	3	5953862691430	none	6253	76fd6fa7	512	224	0	6253
6373	4	5953880106980	none	6254	8154d6a0	512	224	0	6254
6374	5	5953897468450	none	6255	8154d6a0	512	224	0	6255
6375	6	5953914801110	none	6256	8154d6a0	512	224	0	6256
6376	7	5953932129350	none	6257	8154d6a0	512	224	0	6257
6377	0	5953945486810	none	6258	8154d6a0	512	224	0	6258
6378	1	5953962830640	none	6259	770cf7c7	512	224	0	6259
6379	2	5953980235410	none	6260	770cf7c7	512	224	0	6260
6380	3	5953997680410	none	6261	5e903fb3	512	224	0	6261
6381	4	5954015073460	none	6262	5e903fb3	512	224	0	6262
6382	5	5954028444670	none	6263	7e1bde4b	512	224	0	6263
6383	6	5954046056730	none	6264	7e1bde4b	512	224	0	6264
6384	7	5954063421670	none	6265	0b20b30f	512	224	0	6265
6385	0	5954080851900	none	6266	0b20b30f	512	224	0	6266
6386	1	5954098309360	none	6267	86b8d01b	512	224	0	6267
6387	2	5954111625280	none	6268	86b8d01b	512	224	0	6268
6388	3	5954128999510	none	6269	6cf27ce9	512	224	0	6269
6389	4	5954146373980	none	6270	6cf27ce9	512	224	0	6270
6390	5	5954163732240	none	6271	e0287c9d	512	224	0	6271
6391	6	5954181257080	none	6272	e0287c9d	512	224	0	6272
6392	7	5954194643980	none	6273	e86cc148	512	224	0	6273
6393	0	5954212015290	none	6274	e86cc148	512	224	0	6274
6394	1	5954229369060	none	6275	7407acda	512	224	0	6275
6395	2	5954246832900	none	6276	7407acda	512	224	0	6276
6396	3	5954264194970	none	6277	b64a9384	512	224	0	6277
6397	4	5954281609130	none	6278	b64a9384	512	224	0	6278
6398	5	5954294941670	none	6279	ef76a907	512	224	0	6279
6399	6	5954312404620	none	6280	ef76a907	512	224	0	6280
6400	7	5954329697260	none	6281	c0283449	512	224	0	6281
6401	0	5954347072380	none	6282	c0283449	512	224	0	6282
6402	1	5954364307840	none	6283	35eec4f6	512	224	0	6283
6403	2	5954377710300	none	6284	35eec4f6	512	224	0	6284
6404	3	5954395111070	none	6285	5e428aac	512	224	0	6285
6405	4	5954412449130	none	6286	5e428aac	512	224	0	6286
6406	5	5954429791240	none	6287	61605322	512	224	0	6287
6407	6	5954447109630	none	6288	61605322	512	224	0	6288
6408	7	5954464549520	none	6289	61605322	512	224	0	6289
6409	0	5954477781910	none	6290	61605322	512	224	0	6290
6410	1	5954495015440	none	6291	61605322	512	224	0	6291
6411	2	5954512481930	none	6292	61605322	512	224	0	6292
6412	3	5954529813150	none	6293	61605322	512	224	0	6293
6413	4	5954547090580	none	6294	61605322	512	224	0	6294
6414	5	5954564509800	none	6295	61605322	512	224	0	6295
6415	6	5954577829990	none	6296	61605322	512	224	0	6296
6416	7	5954595264560	none	6297	61605322	512	224	0	6297
6417	0	5954612702910	none	6298	61605322	512	224	0	6298
6418	1	5954630119510	none	6299	61605322	512	224	0	6299
6419	2	5954647475050	none	6300	61605322	512	224	0	6300
6420	3	5954660665090	none	6301	61605322	512	224	0	6301
6421	4	5954678013010	none	6302	61605322	512	224	0	6302
6422	5	5954695427770	none	6303	61605322	512	224	0	6303
6423	6	5954712764970	none	6304	61605322	512	224	0	6304
6424	7	5954730213490	none	6305	61605322	512	224	0	6305
6425	0	5954747697690	none	6306	61605322	512	224	0	6306
6426	1	5954761025370	none	6307	61605322	512	224	0	6307
6427	2	5954778311250	none	6308	61605322	512	224	0	6308
6428	3	5954795718840	none	6309	61605322	512	224	0	6309
6429	4	5954813239600	none	6310	61605322	512	224	0	6310
6430	5	5954830857750	none	6311	61605322	512	224	0	6311
6431	6	5954844223440	none	6312	61605322	512	224	0	6312
6432	7	5954861574720	none	6313	61605322	512	224	0	6313
6433	0	5954879023610	none	6314	61605322	512	224	0	6314
6434	1	5954896420720	none	6315	61605322	512	224	0	6315
6435	2	5954913859470	none	6316	61605322	512	224	0	6316
6436	3	5954927073740	none	6317	61605322	512	224	0	6317
6437	4	5954944475370	none	6318	61605322	512	224	0	6318
6438	5	5954961795420	none	6319	61605322	512	224	0	6319
6439	6	5954979216470	none	6320	61605322	512	224	0	6320
6440	7	5954996544760	none	6321	61605322	512	224	0	6321
6441	0	5955013876800	none	6322	61605322	512	224	0	6322
6442	1	5955027310930	none	6323	61605322	512	224	0	6323
6443	2	5955044546870	none	6324	61605322	512	224	0	6324
6444	3	5955061860430	none	6325	61605322	512	224	0	6325
6445	4	5955079323540	none	6326	61605322	512	224	0	6326
6446	5	5955096790900	none	6327	61605322	512	224	0	6327
6447	6	5955110264740	none	6328	61605322	512	224	0	6328
6448	7	5955127696200	none	6329	61605322	512	224	0	6329
6449	0	5955145076120	none	6330	61605322	512	224	0	6330
6450	1	5955162430460	none	6331	61605322	512	224	0	6331
6451	2	5955179843270	none	6332	61605322	512	224	0	6332
6452	3	5955193042810	none	6333	61605322	512	224	0	6333
6453	4	5955210427390	none	6334	61605322	512	224	0	6334
6454	5	5955227918570	none	6335	61605322	512	224	0	6335
6455	6	5955245261490	none	6336	48a50adf	512	224	0	6336
6456	7	5955262771040	none	6337	48a50adf	512	224	0	6337
6457	0	5955280186730	none	6338	8eb04b64	512	224	0	6338
6458	1	5955293599030	none	6339	8eb04b64	512	224	0	6339
6459	2	5955310905500	none	6340	5863bb16	512	224	0	6340
6460	3	5955328317600	none	6341	5863bb16	512	224	0	6341
6461	4	5955345687810	none	6342	b04f44fa	512	224	0	6342
6462	5	5955363069490	none	6343	b04f44fa	512	224	0	6343
6463	6	5955376370250	none	6344	594347fa	512	224	0	6344
6464	7	5955393850040	none	6345	594347fa	512	224	0	6345
6465	0	5955411176140	none	6346	98f471ff	512	224	0	6346
6466	1	5955428634670	none	6347	98f471ff	512	224	0	6347
6467	2	5955445869130	none	6348	b87e816a	512	224	0	6348
6468	3	5955463212590	none	6349	b87e816a	512	224	0	6349
6469	4	5955476486180	none	6350	c8f91b25	512	224	0	6350
6470	5	5955493858140	none	6351	c8f91b25	512	224	0	6351
6471	6	5955511335160	none	6352	f18a541d	512	224	0	6352
6472	7	5955528653550	none	6353	f18a541d	512	224	0	6353
6473	0	5955545889070	none	6354	17254ad9	512	224	0	6354
6474	1	5955559159580	none	6355	17254ad9	512	224	0	6355
6475	2	5955576466340	none	6356	4e3edb87	512	224	0	6356
6476	3	5955593879630	none	6357	4e3edb87	512	224	0	6357
6477	4	5955611328440	none	6358	bb6c8bf3	512	224	0	6358
6478	5	5955628940680	none	6359	bb6c8bf3	512	224	0	6359
6479	6	5955642364300	none	6360	f44a300a	512	224	0	6360
6480	7	5955659628800	none	6361	f44a300a	512	224	0	6361
6481	0	5955677101760	none	6362	5d70ed31	512	224	0	6362
6482	1	5955694526660	none	6363	5d70ed31	512	224	0	6363
6483	2	5955711772150	none	6364	9cd8b747	512	224	0	6364
6484	3	5955729173510	none	6365	9cd8b747	512	224	0	6365
6485	4	5955742489820	none	6366	106dfda9	512	224	0	6366
6486	5	5955759783690	none	6367	a5c5a1a2	512	224	0	6367
6487	6	5955777147940	none	6368	a5c5a1a2	512	224	0	6368
6488	7	5955794417670	none	6369	a5c5a1a2	512	224	0	6369
6489	0	5955811775740	none	6370	7bdd3f92	512	224	0	6370
6490	1	5955829021020	none	6371	7bdd3f92	512	224	0	6371
6491	2	5955842323300	none	6372	ce756399	512	224	0	6372
6492	3	5955859565390	none	6373	ce756399	512	224	0	6373
6493	4	5955877061440	none	6374	f8c0b829	512	224	0	6374
6494	5	5955894518620	none	6375	f8c0b829	512	224	0	6375
6495	6	5955911879760	none	6376	f8c0b829	512	224	0	6376
6496	7	5955925265290	none	6377	4d68e422	512	224	0	6377
6497	0	5955942690030	none	6378	3ee3dc0d	512	224	0	6378
6498	1	5955960097640	none	6379	3ee3dc0d	512	224	0	6379
6499	2	5955977535060	none	6380	3ee3dc0d	512	224	0	6380
6500	3	5955994978790	none	6381	3ee3dc0d	512	224	0	6381
6501	4	5956012359740	none	6382	54427fe0	512	224	0	6382
6502	5	5956025535460	none	6383	54427fe0	512	224	0	6383
6503	6	5956042970140	none	6384	54427fe0	512	224	0	6384
6504	7	5956060332410	none	6385	54427fe0	512	224	0	6385
6505	0	5956077760850	none	6386	209cd5a1	512	224	0	6386
6506	1	5956095214840	none	6387	209cd5a1	512	224	0	6387
6507	2	5956108591630	none	6388	209cd5a1	512	224	0	6388
6508	3	5956126061760	none	6389	209cd5a1	512	224	0	6389
6509	4	5956143399540	none	6390	209cd5a1	512	224	0	6390
6510	5	5956160938290	none	6391	209cd5a1	512	224	0	6391
6511	6	5956178284990	none	6392	209cd5a1	512	224	0	6392
6512	7	5956191750750	none	6393	209cd5a1	512	224	0	6393
6513	0	5956209094170	none	6394	64f3343d	512	224	0	6394
6514	1	5956226518530	none	6395	64f3343d	512	224	0	6395
6515	2	5956243845850	none	6396	64f3343d	512	224	0	6396
6516	3	5956261292500	none	6397	64f3343d	512	224	0	6397
6517	4	5956278611790	none	6398	9d9983e2	512	224	0	6398
6518	5	5956292050160	none	6399	9d9983e2	512	224	0	6399
6519	6	5956309477070	none	6400	9d9983e2	512	224	0	6400
6520	7	5956326997190	none	6401	9d9983e2	512	224	0	6401
6521	0	5956344366950	none	6402	43f2026d	512	224	0	6402
6522	1	5956357963440	none	6403	43f2026d	512	224	0	6403
6523	2	5956375562650	none	6404	43f2026d	512	224	0	6404
6524	3	5956393250840	none	6405	43f2026d	512	224	0	6405
6525	4	5956410939270	none	6406	4fdaf570	512	224	0	6406
6526	5	5956424852340	none	6407	4fdaf570	512	224	0	6407
6527	6	5956442791320	none	6408	4fdaf570	512	224	0	6408
6528	7	5956460532780	none	6409	4fdaf570	512	224	0	6409
6529	0	5956477996030	none	6410	50ba6d5b	512	224	0	6410
6530	1	5956491425680	none	6411	50ba6d5b	512	224	0	6411
6531	2	5956508678890	none	6412	50ba6d5b	512	224	0	6412
6532	3	5956526121390	none	6413	50ba6d5b	512	224	0	6413
6533	4	5956543568600	none	6414	777ac737	512	224	0	6414
6534	5	5956560976620	none	6415	777ac737	512	224	0	6415
6535	6	5956574820170	none	6416	777ac737	512	224	0	6416
6536	7	5956592180810	none	6417	777ac737	512	224	0	6417
6537	0	5956610280470	none	6418	35d39e5d	512	224	0	6418
6538	1	5956623981480	none	6419	35d39e5d	512	224	0	6419
6539	2	5956641455410	none	6420	35d39e5d	512	224	0	6420
6540	3	5956658922340	none	6421	35d39e5d	512	224	0	6421
6541	4	5956676440750	none	6422	1069aefe	512	224	0	6422
6542	5	5956694333950	none	6423	1069aefe	512	224	0	6423
6543	6	5956708134250	none	6424	1069aefe	512	224	0	6424
6544	7	5956725928590	none	6425	1069aefe	512	224	0	6425
6545	0	5956743883210	none	6426	c87c4c0e	512	224	0	6426
6546	1	5956757778640	none	6427	c87c4c0e	512	224	0	6427
6547	2	5956775692040	none	6428	c87c4c0e	512	224	0	6428
6548	3	5956793662340	none	6429	c87c4c0e	512	224	0	6429
6549	4	5956807322880	none	6430	c87c4c0e	512	224	0	6430
6550	5	5956825081780	none	6431	c87c4c0e	512	224	0	6431
6551	6	5956842815130	none	6432	c87c4c0e	512	224	0	6432
6552	7	5956860066930	none	6433	c87c4c0e	512	224	0	6433
6553	0	5956877430030	none	6434	c87c4c0e	512	224	0	6434
6554	1	5956890892030	none	6435	c87c4c0e	512	224	0	6435
6555	2	5956908356760	none	6436	c87c4c0e	512	224	0	6436
6556	3	5956925808180	none	6437	c87c4c0e	512	224	0	6437
6557	4	5956943100190	none	6438	c87c4c0e	512	224	0	6438
6558	5	5956960435900	none	6439	c87c4c0e	512	224	0	6439
6559	6	5956973875120	none	6440	c87c4c0e	512	224	0	6440
6560	7	5956991305270	none	6441	c87c4c0e	512	224	0	6441
6561	0	5957008789350	none	6442	c87c4c0e	512	224	0	6442
6562	1	5957026188880	none	6443	c87c4c0e	512	224	0	6443
6563	2	5957043572090	none	6444	c87c4c0e	512	224	0	6444
6564	3	5957056765210	none	6445	c87c4c0e	512	224	0	6445
6565	4	5957074217330	none	6446	c87c4c0e	512	224	0	6446
6566	5	5957091664530	none	6447	c87c4c0e	512	224	0	6447
6567	6	5957109014560	none	6448	c87c4c0e	512	224	0	6448
6568	7	5957126389760	none	6449	c87c4c0e	512	224	0	6449
6569	0	5957139832780	none	6450	c87c4c0e	512	224	0	6450
6570	1	5957157085600	none	6451	c87c4c0e	512	224	0	6451
6571	2	5957174513410	none	6452	c87c4c0e	512	224	0	6452
6572	3	5957191954210	none	6453	c87c4c0e	512	224	0	6453
6573	4	5957209366900	none	6454	c87c4c0e	512	224	0	6454
6574	5	5957226742820	none	6455	c87c4c0e	512	224	0	6455
6575	6	5957240140310	none	6456	c87c4c0e	512	224	0	6456
6576	7	5957257590490	none	6457	c87c4c0e	512	224	0	6457
6577	0	5957275005050	none	6458	c87c4c0e	512	224	0	6458
6578	1	5957292382950	none	6459	c87c4c0e	512	224	0	6459
6579	2	5957309622990	none	6460	c87c4c0e	512	224	0	6460
6580	3	5957323050940	none	6461	c87c4c0e	512	224	0	6461
6581	4	5957340371010	none	6462	c87c4c0e	512	224	0	6462
6582	5	5957357740480	none	6463	c87c4c0e	512	224	0	6463
6583	6	5957375117010	none	6464	c87c4c0e	512	224	0	6464
6584	7	5957392589480	none	6465	c87c4c0e	512	224	0	6465
6585	0	5957406109310	none	6466	c87c4c0e	512	224	0	6466
6586	1	5957423573810	none	6467	c87c4c0e	512	224	0	6467
6587	2	5957440838290	none	6468	c87c4c0e	512	224	0	6468
6588	3	5957458270700	none	6469	c87c4c0e	512	224	0	6469
6589	4	5957475588340	none	6470	c87c4c0e	512	224	0	6470
6590	5	5957493070800	none	6471	c87c4c0e	512	224	0	6471
6591	6	5957506346470	none	6472	c87c4c0e	512	224	0	6472
6592	7	5957523833480	none	6473	c87c4c0e	512	224	0	6473
6593	0	5957541337120	none	6474	c87c4c0e	512	224	0	6474
6594	1	5957558830650	none	6475	c87c4c0e	512	224	0	6475
6595	2	5957576297180	none	6476	c87c4c0e	512	224	0	6476
6596	3	5957589667480	none	6477	c87c4c0e	512	224	0	6477
6597	4	5957607027030	none	6478	c87c4c0e	512	224	0	6478
6598	5	5957624448420	none	6479	c87c4c0e	512	224	0	6479
6599	6	5957641723150	none	6480	c87c4c0e	512	224	0	6480
6600	7	5957659102760	none	6481	c87c4c0e	512	224	0	6481
6601	0	5957672403960	none	6482	c87c4c0e	512	224	0	6482
6602	1	5957689771380	none	6483	c87c4c0e	512	224	0	6483
6603	2	5957707041950	none	6484	c87c4c0e	512	224	0	6484
6604	3	5957724458570	none	6485	c87c4c0e	512	224	0	6485
6605	4	5957742015920	none	6486	c87c4c0e	512	224	0	6486
6606	5	5957759309480	none	6487	c87c4c0e	512	224	0	6487
6607	6	5957772618890	none	6488	c87c4c0e	512	224	0	6488
6608	7	5957790038580	none	6489	c87c4c0e	512	224	0	6489
6609	0	5957807312700	none	6490	c87c4c0e	512	224	0	6490
6610	1	5957824585420	none	6491	c87c4c0e	512	224	0	6491
6611	2	5957842042060	none	6492	c87c4c0e	512	224	0	6492
6612	3	5957855413500	none	6493	c87c4c0e	512	224	0	6493
6613	4	5957872791040	none	6494	c87c4c0e	512	224	0	6494
6614	5	5957890139270	none	6495	c87c4c0e	512	224	0	6495
6615	6	5957907603000	none	6496	c87c4c0e	512	224	0	6496
6616	7	5957925007260	none	6497	c87c4c0e	512	224	0	6497
6617	0	5957938411050	none	6498	c87c4c0e	512	224	0	6498
6618	1	5957955804900	none	6499	c87c4c0e	512	224	0	6499
6619	2	5957973139250	none	6500	c87c4c0e	512	224	0	6500
6620	3	5957990496180	none	6501	c87c4c0e	512	224	0	6501
6621	4	5958007901610	none	6502	c87c4c0e	512	224	0	6502
6622	5	5958025236640	none	6503	c87c4c0e	512	224	0	6503
6623	6	5958038622410	none	6504	c87c4c0e	512	224	0	6504
6624	7	5958055883590	none	6505	c87c4c0e	512	224	0	6505
6625	0	5958073374360	none	6506	c87c4c0e	512	224	0	6506
6626	1	5958090780430	none	6507	c87c4c0e	512	224	0	6507
6627	2	5958108038550	none	6508	c87c4c0e	512	224	0	6508
6628	3	5958125406130	none	6509	c87c4c0e	512	224	0	6509
6629	4	5958138813340	none	6510	c87c4c0e	512	224	0	6510
6630	5	5958156298440	none	6511	c87c4c0e	512	224	0	6511
6631	6	5958173653580	none	6512	c87c4c0e	512	224	0	6512
6632	7	5958191159030	none	6513	c87c4c0e	512	224	0	6513
6633	0	5958208664840	none	6514	c87c4c0e	512	224	0	6514
6634	1	5958222099710	none	6515	c87c4c0e	512	224	0	6515
6635	2	5958239822360	none	6516	c87c4c0e	512	224	0	6516
6636	3	5958257687390	none	6517	c87c4c0e	512	224	0	6517
6637	4	5958275072220	none	6518	c87c4c0e	512	224	0	6518
6638	5	5958288614160	none	6519	c87c4c0e	512	224	0	6519
6639	6	5958305992400	none	6520	c87c4c0e	512	224	0	6520
6640	7	5958323364960	none	6521	c87c4c0e	512	224	0	6521
6641	0	5958340807940	none	6522	c87c4c0e	512	224	0	6522
6642	1	5958358087380	none	6523	c87c4c0e	512	224	0	6523
6643	2	5958371361500	none	6524	c87c4c0e	512	224	0	6524
6644	3	5958388810410	none	6525	c87c4c0e	512	224	0	6525
6645	4	5958406163890	none	6526	c87c4c0e	512	224	0	6526
6646	5	5958423546850	none	6527	c87c4c0e	512	224	0	6527
6647	6	5958441008990	none	6528	c87c4c0e	512	224	0	6528
6648	7	5958458301770	none	6529	c87c4c0e	512	224	0	6529
6649	0	5958471547760	none	6530	c87c4c0e	512	224	0	6530
6650	1	5958488878690	none	6531	c87c4c0e	512	224	0	6531
6651	2	5958506325140	none	6532	c87c4c0e	512	224	0	6532
6652	3	5958523784280	none	6533	c87c4c0e	512	224	0	6533
6653	4	5958541128800	none	6534	c87c4c0e	512	224	0	6534
6654	5	5958554332800	none	6535	c87c4c0e	512	224	0	6535
6655	6	5958571766560	none	6536	c87c4c0e	512	224	0	6536
6656	7	5958589103720	none	6537	c87c4c0e	512	224	0	6537
6657	0	5958606440330	none	6538	c87c4c0e	512	224	0	6538
6658	1	5958623832800	none	6539	c87c4c0e	512	224	0	6539
6659	2	5958641313760	none	6540	c87c4c0e	512	224	0	6540
6660	3	5958654522870	none	6541	c87c4c0e	512	224	0	6541
6661	4	5958671960520	none	6542	abff08cc	512	224	0	6542
6662	5	5958689279230	none	6543	abff08cc	512	224	0	6543
6663	6	5958706655630	none	6544	abff08cc	512	224	0	6544
6664	7	5958723979790	none	6545	abff08cc	512	224	0	6545
6665	0	5958737356100	none	6546	abff08cc	512	224	0	6546
6666	1	5958754598430	none	6547	c87c4c0e	512	224	0	6547
6667	2	5958772017260	none	6548	c87c4c0e	512	224	0	6548
6668	3	5958789417200	none	6549	c87c4c0e	512	224	0	6549
6669	4	5958806747740	none	6550	c87c4c0e	512	224	0	6550
6670	5	5958824153970	none	6551	c87c4c0e	512	224	0	6551
6671	6	5958837345970	none	6552	c87c4c0e	512	224	0	6552
6672	7	5958854583940	none	6553	c87c4c0e	512	224	0	6553
6673	0	5958871988400	none	6554	c87c4c0e	512	224	0	6554
6674	1	5958889403860	none	6555	c87c4c0e	512	224	0	6555
6675	2	5958906739890	none	6556	c87c4c0e	512	224	0	6556
6676	3	5958924201040	none	6557	c87c4c0e	512	224	0	6557
6677	4	5958937605020	none	6558	c87c4c0e	512	224	0	6558
6678	5	5958954971110	none	6559	c87c4c0e	512	224	0	6559
6679	6	5958972339010	none	6560	c87c4c0e	512	224	0	6560
6680	7	5958989785220	none	6561	c87c4c0e	512	224	0	6561
6681	0	5959007031400	none	6562	c87c4c0e	512	224	0	6562
6682	1	5959020376490	none	6563	c87c4c0e	512	224	0	6563
6683	2	5959037736370	none	6564	abff08cc	512	224	0	6564
6684	3	5959055124180	none	6565	abff08cc	512	224	0	6565
6685	4	5959072615130	none	6566	abff08cc	512	224	0	6566
6686	5	5959090118100	none	6567	abff08cc	512	224	0	6567
6687	6	5959103516260	none	6568	abff08cc	512	224	0	6568
6688	7	5959120768640	none	6569	c87c4c0e	512	224	0	6569
6689	0	5959138235220	none	6570	c87c4c0e	512	224	0	6570
6690	1	5959155789240	none	6571	c87c4c0e	512	224	0	6571
6691	2	5959173107660	none	6572	c87c4c0e	512	224	0	6572
6692	3	5959190411970	none	6573	c87c4c0e	512	224	0	6573
6693	4	5959203626430	none	6574	abff08cc	512	224	0	6574
6694	5	5959220870590	none	6575	abff08cc	512	224	0	6575
6695	6	5959238207460	none	6576	abff08cc	512	224	0	6576
6696	7	5959255533520	none	6577	abff08cc	512	224	0	6577
6697	0	5959272885760	none	6578	abff08cc	512	224	0	6578
6698	1	5959286301610	none	6579	c87c4c0e	512	224	0	6579
6699	2	5959303779870	none	6580	c87c4c0e	512	224	0	6580
6700	3	5959321154360	none	6581	c87c4c0e	512	224	0	6581
6701	4	5959338588220	none	6582	c87c4c0e	512	224	0	6582
6702	5	5959355996780	none	6583	c87c4c0e	512	224	0	6583
6703	6	5959373344520	none	6584	c87c4c0e	512	224	0	6584
6704	7	5959386813930	none	6585	c87c4c0e	512	224	0	6585
6705	0	5959404200900	none	6586	c87c4c0e	512	224	0	6586
6706	1	5959421658530	none	6587	c87c4c0e	512	224	0	6587
6707	2	5959439019540	none	6588	c87c4c0e	512	224	0	6588
6708	3	5959456373640	none	6589	c87c4c0e	512	224	0	6589
6709	4	5959469773300	none	6590	47ff8d7a	512	224	0	6590
6710	5	5959487035190	none	6591	47ff8d7a	512	224	0	6591
6711	6	5959504420860	none	6592	47ff8d7a	512	224	0	6592
6712	7	5959521730330	none	6593	47ff8d7a	512	224	0	6593
6713	0	5959539092480	none	6594	c3830329	512	224	0	6594
6714	1	5959556432100	none	6595	c3830329	512	224	0	6595
6715	2	5959569786030	none	6596	c3830329	512	224	0	6596
6716	3	5959587038920	none	6597	c3830329	512	224	0	6597
6717	4	5959604494890	none	6598	c3830329	512	224	0	6598
6718	5	5959621979250	none	6599	c3830329	512	224	0	6599
6719	6	5959639422190	none	6600	c3830329	512	224	0	6600
6720	7	5959652728780	none	6601	c3830329	512	224	0	6601
6721	0	5959670104690	none	6602	2a5c702d	512	224	0	6602
6722	1	5959687591950	none	6603	2a5c702d	512	224	0	6603
6723	2	5959704970090	none	6604	2a5c702d	512	224	0	6604
6724	3	5959722319720	none	6605	2a5c702d	512	224	0	6605
6725	4	5959735533130	none	6606	7c0fbe55	512	224	0	6606
6726	5	5959752866850	none	6607	7c0fbe55	512	224	0	6607
6727	6	5959770203090	none	6608	7c0fbe55	512	224	0	6608
6728	7	5959787648250	none	6609	7c0fbe55	512	224	0	6609
6729	0	5959805036760	none	6610	7c0fbe55	512	224	0	6610
6730	1	5959822401460	none	6611	7c0fbe55	512	224	0	6611
6731	2	5959835745260	none	6612	7c0fbe55	512	224	0	6612
6732	3	5959853066970	none	6613	7c0fbe55	512	224	0	6613
6733	4	5959870371040	none	6614	21839315	512	224	0	6614
6734	5	5959887914130	none	6615	21839315	512	224	0	6615
6735	6	5959905359110	none	6616	21839315	512	224	0	6616
6736	7	5959918783990	none	6617	21839315	512	224	0	6617
6737	0	5959936299740	none	6618	0315a452	512	224	0	6618
6738	1	5959953660630	none	6619	0315a452	512	224	0	6619
6739	2	5959971054190	none	6620	0315a452	512	224	0	6620
6740	3	5959988335400	none	6621	0315a452	512	224	0	6621
6741	4	5960005764300	none	6622	0315a452	512	224	0	6622
6742	5	5960019081760	none	6623	0315a452	512	224	0	6623
6743	6	5960036453250	none	6624	0315a452	512	224	0	6624
6744	7	5960053791940	none	6625	0315a452	512	224	0	6625
6745	0	5960071172710	none	6626	9b4b5e22	512	224	0	6626
6746	1	5960088557970	none	6627	9b4b5e22	512	224	0	6627
6747	2	5960101732920	none	6628	9b4b5e22	512	224	0	6628
6748	3	5960119090980	none	6629	9b4b5e22	512	224	0	6629
6749	4	5960136443050	none	6630	8842592e	512	224	0	6630
6750	5	5960153982420	none	6631	8842592e	512	224	0	6631
6751	6	5960171280840	none	6632	8842592e	512	224	0	6632
6752	7	5960188663400	none	6633	8842592e	512	224	0	6633
6753	0	5960202076460	none	6634	075d4602	512	224	0	6634
6754	1	5960219454290	none	6635	075d4602	512	224	0	6635
6755	2	5960236948870	none	6636	075d4602	512	224	0	6636
6756	3	5960254262320	none	6637	075d4602	512	224	0	6637
6757	4	5960271725690	none	6638	f8fcfaa3	512	224	0	6638
6758	5	5960284941960	none	6639	f8fcfaa3	512	224	0	6639
6759	6	5960302304740	none	6640	f8fcfaa3	512	224	0	6640
6760	7	5960319615200	none	6641	f8fcfaa3	512	224	0	6641
6761	0	5960336982100	none	6642	201e9fac	512	224	0	6642
6762	1	5960354268610	none	6643	95b6c3a7	512	224	0	6643
6763	2	5960371628800	none	6644	95b6c3a7	512	224	0	6644
6764	3	5960384968670	none	6645	95b6c3a7	512	224	0	6645
6765	4	5960402374370	none	6646	9c0f29e1	512	224	0	6646
6766	5	5960419625280	none	6647	9c0f29e1	512	224	0	6647
6767	6	5960437016380	none	6648	29a775ea	512	224	0	6648
6768	7	5960454441990	none	6649	29a775ea	512	224	0	6649
6769	0	5960467861330	none	6650	1395bb45	512	224	0	6650
6770	1	5960485352860	none	6651	1395bb45	512	224	0	6651
6771	2	5960502677660	none	6652	1395bb45	512	224	0	6652
6772	3	5960520074110	none	6653	a63de74e	512	224	0	6653
6773	4	5960537570420	none	6654	a63de74e	512	224	0	6654
6774	5	5960550895920	none	6655	a63de74e	512	224	0	6655
6775	6	5960568214720	none	6656	a63de74e	512	224	0	6656
6776	7	5960585603850	none	6657	a63de74e	512	224	0	6657
6777	0	5960602914610	none	6658	ab8cd582	512	224	0	6658
6778	1	5960620323190	none	6659	ab8cd582	512	224	0	6659
6779	2	5960637782750	none	6660	ab8cd582	512	224	0	6660
6780	3	5960651258570	none	6661	ab8cd582	512	224	0	6661
6781	4	5960668637860	none	6662	ab8cd582	512	224	0	6662
6782	5	5960686293410	none	6663	ab8cd582	512	224	0	6663
6783	6	5960703636890	none	6664	ab8cd582	512	224	0	6664
6784	7	5960721106490	none	6665	ab8cd582	512	224	0	6665
6785	0	5960734456620	none	6666	40793c06	512	224	0	6666
6786	1	5960751940000	none	6667	40793c06	512	224	0	6667
6787	2	5960769243760	none	6668	40793c06	512	224	0	6668
6788	3	5960786732010	none	6669	40793c06	512	224	0	6669
6789	4	5960804111690	none	6670	12d3d8ed	512	224	0	6670
6790	5	5960817385960	none	6671	12d3d8ed	512	224	0	6671
6791	6	5960834845320	none	6672	12d3d8ed	512	224	0	6672
6792	7	5960852232940	none	6673	12d3d8ed	512	224	0	6673
6793	0	5960869767810	none	6674	06f30d59	512	224	0	6674
6794	1	5960887391640	none	6675	06f30d59	512	224	0	6675
6795	2	5960901021400	none	6676	06f30d59	512	224	0	6676
6796	3	5960918628600	none	6677	06f30d59	512	224	0	6677
6797	4	5960936099460	none	6678	20ebb519	512	224	0	6678
6798	5	5960953909400	none	6679	20ebb519	512	224	0	6679
6799	6	5960967672910	none	6680	20ebb519	512	224	0	6680
6800	7	5960985279760	none	6681	20ebb519	512	224	0	6681
6801	0	5961002790690	none	6682	2f7986ec	512	224	0	6682
6802	1	5961020166660	none	6683	2f7986ec	512	224	0	6683
6803	2	5961033496480	none	6684	2f7986ec	512	224	0	6684
6804	3	5961050810450	none	6685	2f7986ec	512	224	0	6685
6805	4	5961068260250	none	6686	79c529fe	512	224	0	6686
6806	5	5961085801270	none	6687	79c529fe	512	224	0	6687
6807	6	5961103161960	none	6688	79c529fe	512	224	0	6688
6808	7	5961116700010	none	6689	79c529fe	512	224	0	6689
6809	0	5961134270280	none	6690	79c529fe	512	224	0	6690
6810	1	5961151880840	none	6691	79c529fe	512	224	0	6691
6811	2	5961169762990	none	6692	79c529fe	512	224	0	6692
6812	3	5961187099850	none	6693	79c529fe	512	224	0	6693
6813	4	5961201173080	none	6694	54a8b62b	512	224	0	6694
6814	5	5961219051610	none	6695	54a8b62b	512	224	0	6695
6815	6	5961236751750	none	6696	54a8b62b	512	224	0	6696
6816	7	5961250444050	none	6697	54a8b62b	512	224	0	6697
6817	0	5961268107650	none	6698	9757501e	512	224	0	6698
6818	1	5961286060170	none	6699	9757501e	512	224	0	6699
6819	2	5961299809940	none	6700	9757501e	512	224	0	6700
6820	3	5961317638980	none	6701	9757501e	512	224	0	6701
6821	4	5961335122060	none	6702	0443f795	512	224	0	6702
6822	5	5961352620860	none	6703	0443f795	512	224	0	6703
6823	6	5961370077340	none	6704	0443f795	512	224	0	6704
6824	7	5961383897350	none	6705	0443f795	512	224	0	6705
6825	0	5961401716840	none	6706	34d70a65	512	224	0	6706
6826	1	5961419168170	none	6707	34d70a65	512	224	0	6707
6827	2	5961432944160	none	6708	34d70a65	512	224	0	6708
6828	3	5961450376530	none	6709	34d70a65	512	224	0	6709
6829	4	5961467857440	none	6710	6837f396	512	224	0	6710
6830	5	5961485319350	none	6711	6837f396	512	224	0	6711
6831	6	5961502710760	none	6712	6837f396	512	224	0	6712
6832	7	5961516301190	none	6713	6837f396	512	224	0	6713
6833	0	5961534127320	none	6714	f9c4867d	512	224	0	6714
6834	1	5961551495770	none	6715	f9c4867d	512	224	0	6715
6835	2	5961568942860	none	6716	f9c4867d	512	224	0	6716
6836	3	5961582620920	none	6717	f9c4867d	512	224	0	6717
6837	4	5961600488580	none	6718	f9c4867d	512	224	0	6718
6838	5	5961617985290	none	6719	f9c4867d	512	224	0	6719
6839	6	5961635486080	none	6720	f9c4867d	512	224	0	6720
6840	7	5961649141170	none	6721	f9c4867d	512	224	0	6721
6841	0	5961666987700	none	6722	f9c4867d	512	224	0	6722
6842	1	5961684889660	none	6723	f9c4867d	512	224	0	6723
6843	2	5961702267350	none	6724	f9c4867d	512	224	0	6724
6844	3	5961719511630	none	6725	f9c4867d	512	224	0	6725
6845	4	5961732882400	none	6726	f9c4867d	512	224	0	6726
6846	5	5961750355660	none	6727	f9c4867d	512	224	0	6727
6847	6	5961767860400	none	6728	f9c4867d	512	224	0	6728
6848	7	5961785285970	none	6729	f9c4867d	512	224	0	6729
6849	0	5961802628600	none	6730	f9c4867d	512	224	0	6730
6850	1	5961815989430	none	6731	f9c4867d	512	224	0	6731
6851	2	5961833342570	none	6732	f9c4867d	512	224	0	6732
6852	3	5961850730780	none	6733	f9c4867d	512	224	0	6733
6853	4	5961867987340	none	6734	f9c4867d	512	224	0	6734
6854	5	5961885338050	none	6735	f9c4867d	512	224	0	6735
6855	6	5961898707170	none	6736	f9c4867d	512	224	0	6736
6856	7	5961916073930	none	6737	f9c4867d	512	224	0	6737
6857	0	5961933521730	none	6738	f9c4867d	512	224	0	6738
6858	1	5961950768580	none	6739	f9c4867d	512	224	0	6739
6859	2	5961968020720	none	6740	f9c4867d	512	224	0	6740
6860	3	5961985337880	none	6741	f9c4867d	512	224	0	6741
6861	4	5961998802930	none	6742	f9c4867d	512	224	0	6742
6862	5	5962016212380	none	6743	f9c4867d	512	224	0	6743
6863	6	5962033771820	none	6744	f9c4867d	512	224	0	6744
6864	7	5962051247460	none	6745	f9c4867d	512	224	0	6745
6865	0	5962068631020	none	6746	f9c4867d	512	224	0	6746
6866	1	5962081980170	none	6747	f9c4867d	512	224	0	6747
6867	2	5962099415420	none	6748	f9c4867d	512	224	0	6748
6868	3	5962116976080	none	6749	f9c4867d	512	224	0	6749
6869	4	5962134312220	none	6750	f9c4867d	512	224	0	6750
6870	5	5962151673790	none	6751	f9c4867d	512	224	0	6751
6871	6	5962165163620	none	6752	f9c4867d	512	224	0	6752
6872	7	5962182596320	none	6753	f9c4867d	512	224	0	6753
6873	0	5962200001530	none	6754	f9c4867d	512	224	0	6754
6874	1	5962217520360	none	6755	f9c4867d	512	224	0	6755
6875	2	5962234909130	none	6756	f9c4867d	512	224	0	6756
6876	3	5962248227200	none	6757	f9c4867d	512	224	0	6757
6877	4	5962265667720	none	6758	f9c4867d	512	224	0	6758
6878	5	5962283072160	none	6759	f9c4867d	512	224	0	6759
6879	6	5962300462230	none	6760	f9c4867d	512	224	0	6760
6880	7	5962317878320	none	6761	f9c4867d	512	224	0	6761
6881	0	5962331253330	none	6762	f9c4867d	512	224	0	6762
6882	1	5962348733990	none	6763	f9c4867d	512	224	0	6763
6883	2	5962366112650	none	6764	f9c4867d	512	224	0	6764
6884	3	5962383547180	none	6765	f9c4867d	512	224	0	6765
6885	4	5962401095030	none	6766	f9c4867d	512	224	0	6766
6886	5	5962414451220	none	6767	f9c4867d	512	224	0	6767
6887	6	5962431928620	none	6768	f9c4867d	512	224	0	6768
6888	7	5962449414110	none	6769	f9c4867d	512	224	0	6769
6889	0	5962466922510	none	6770	f9c4867d	512	224	0	6770
6890	1	5962484231330	none	6771	f9c4867d	512	224	0	6771
6891	2	5962501631860	none	6772	f9c4867d	512	224	0	6772
6892	3	5962514935230	none	6773	f9c4867d	512	224	0	6773
6893	4	5962532304750	none	6774	f9c4867d	512	224	0	6774
6894	5	5962549847220	none	6775	f9c4867d	512	224	0	6775
6895	6	5962567191150	none	6776	f9c4867d	512	224	0	6776
6896	7	5962584453370	none	6777	f9c4867d	512	224	0	6777
6897	0	5962597911090	none	6778	f9c4867d	512	224	0	6778
6898	1	5962615316210	none	6779	f9c4867d	512	224	0	6779
6899	2	5962632652380	none	6780	f9c4867d	512	224	0	6780
6900	3	5962650179310	none	6781	f9c4867d	512	224	0	6781
6901	4	5962667652010	none	6782	f9c4867d	512	224	0	6782
6902	5	5962680993870	none	6783	f9c4867d	512	224	0	6783
6903	6	5962698309550	none	6784	f9c4867d	512	224	0	6784
6904	7	5962715774990	none	6785	f9c4867d	512	224	0	6785
6905	0	5962733245910	none	6786	f9c4867d	512	224	0	6786
6906	1	5962750726460	none	6787	f9c4867d	512	224	0	6787
6907	2	5962764116510	none	6788	f9c4867d	512	224	0	6788
6908	3	5962781476720	none	6789	f9c4867d	512	224	0	6789
6909	4	5962798827940	none	6790	f9c4867d	512	224	0	6790
6910	5	5962816260150	none	6791	f9c4867d	512	224	0	6791
6911	6	5962833755090	none	6792	f9c4867d	512	224	0	6792
6912	7	5962847197650	none	6793	f9c4867d	512	224	0	6793
6913	0	5962864449510	none	6794	f9c4867d	512	224	0	6794
6914	1	5962881718870	none	6795	f9c4867d	512	224	0	6795
6915	2	5962899059130	none	6796	f9c4867d	512	224	0	6796
6916	3	5962916591030	none	6797	f9c4867d	512	224	0	6797
6917	4	5962934089820	none	6798	f9c4867d	512	224	0	6798
6918	5	5962947657510	none	6799	f9c4867d	512	224	0	6799
6919	6	5962965114280	none	6800	f9c4867d	512	224	0	6800
6920	7	5962982497960	none	6801	f9c4867d	512	224	0	6801
6921	0	5962999987580	none	6802	f9c4867d	512	224	0	6802
6922	1	5963017359360	none	6803	f9c4867d	512	224	0	6803
6923	2	5963030770340	none	6804	f9c4867d	512	224	0	6804
6924	3	5963048246680	none	6805	f9c4867d	512	224	0	6805
6925	4	5963065663360	none	6806	f9c4867d	512	224	0	6806
6926	5	5963083043010	none	6807	f9c4867d	512	224	0	6807
6927	6	5963100462200	none	6808	f9c4867d	512	224	0	6808
6928	7	5963113770880	none	6809	f9c4867d	512	224	0	6809
6929	0	5963131142180	none	6810	f9c4867d	512	224	0	6810
6930	1	5963148540520	none	6811	f9c4867d	512	224	0	6811
6931	2	5963165794800	none	6812	f9c4867d	512	224	0	6812
6932	3	5963183308570	none	6813	f9c4867d	512	224	0	6813
6933	4	5963196700440	none	6814	f9c4867d	512	224	0	6814
6934	5	5963214134870	none	6815	f9c4867d	512	224	0	6815
6935	6	5963231496840	none	6816	f9c4867d	512	224	0	6816
6936	7	5963248951200	none	6817	f9c4867d	512	224	0	6817
6937	0	5963266733280	none	6818	9a47c2bf	512	224	0	6818
6938	1	5963280128900	none	6819	9a47c2bf	512	224	0	6819
6939	2	5963297946200	none	6820	9a47c2bf	512	224	0	6820
6940	3	5963315319850	none	6821	9a47c2bf	512	224	0	6821
6941	4	5963332650560	none	6822	9a47c2bf	512	224	0	6822
6942	5	5963350063040	none	6823	f9c4867d	512	224	0	6823
6943	6	5963363462330	none	6824	f9c4867d	512	224	0	6824
6944	7	5963380736190	none	6825	f9c4867d	512	224	0	6825
6945	0	5963398039970	none	6826	f9c4867d	512	224	0	6826
6946	1	5963415345720	none	6827	f9c4867d	512	224	0	6827
6947	2	5963432821080	none	6828	f9c4867d	512	224	0	6828
6948	3	5963446240560	none	6829	f9c4867d	512	224	0	6829
6949	4	5963463711290	none	6830	f9c4867d	512	224	0	6830
6950	5	5963480966500	none	6831	f9c4867d	512	224	0	6831
6951	6	5963498484590	none	6832	f9c4867d	512	224	0	6832
6952	7	5963515809480	none	6833	f9c4867d	512	224	0	6833
6953	0	5963533187780	none	6834	f9c4867d	512	224	0	6834
6954	1	5963546671940	none	6835	f9c4867d	512	224	0	6835
6955	2	5963564091590	none	6836	f9c4867d	512	224	0	6836
6956	3	5963581663390	none	6837	f9c4867d	512	224	0	6837
6957	4	5963598917340	none	6838	f9c4867d	512	224	0	6838
6958	5	5963616278670	none	6839	f9c4867d	512	224	0	6839
6959	6	5963629769950	none	6840	9a47c2bf	512	224	0	6840
6960	7	5963647019480	none	6841	9a47c2bf	512	224	0	6841
6961	0	5963664420280	none	6842	9a47c2bf	512	224	0	6842
6962	1	5963681716590	none	6843	9a47c2bf	512	224	0	6843
6963	2	5963699053860	none	6844	9a47c2bf	512	224	0	6844
6964	3	5963712663760	none	6845	f9c4867d	512	224	0	6845
6965	4	5963730054970	none	6846	f9c4867d	512	224	0	6846
6966	5	5963747492890	none	6847	f9c4867d	512	224	0	6847
6967	6	5963764836750	none	6848	f9c4867d	512	224	0	6848
6968	7	5963782206670	none	6849	f9c4867d	512	224	0	6849
6969	0	5963799450220	none	6850	9a47c2bf	512	224	0	6850
6970	1	5963812920760	none	6851	9a47c2bf	512	224	0	6851
6971	2	5963830236930	none	6852	9a47c2bf	512	224	0	6852
6972	3	5963847647030	none	6853	9a47c2bf	512	224	0	6853
6973	4	5963865108530	none	6854	9a47c2bf	512	224	0	6854
6974	5	5963882623630	none	6855	f9c4867d	512	224	0	6855
6975	6	5963895955570	none	6856	f9c4867d	512	224	0	6856
6976	7	5963913282440	none	6857	f9c4867d	512	224	0	6857
6977	0	5963930699570	none	6858	f9c4867d	512	224	0	6858
6978	1	5963948137540	none	6859	f9c4867d	512	224	0	6859
6979	2	5963965481010	none	6860	f9c4867d	512	224	0	6860
6980	3	5963978820030	none	6861	f9c4867d	512	224	0	6861
6981	4	5963996243610	none	6862	f9c4867d	512	224	0	6862
6982	5	5964013605510	none	6863	f9c4867d	512	224	0	6863
6983	6	5964030998700	none	6864	f9c4867d	512	224	0	6864
6984	7	5964048275200	none	6865	f9c4867d	512	224	0	6865
6985	0	5964065665990	none	6866	f9c4867d	512	224	0	6866
6986	1	5964078949300	none	6867	f9c4867d	512	224	0	6867
6987	2	5964096340720	none	6868	f9c4867d	512	224	0	6868
6988	3	5964113730170	none	6869	f9c4867d	512	224	0	6869
6989	4	5964131110840	none	6870	f9c4867d	512	224	0	6870
6990	5	5964148533070	none	6871	f9c4867d	512	224	0	6871
6991	6	5964161738410	none	6872	f9c4867d	512	224	0	6872
6992	7	5964179135150	none	6873	f9c4867d	512	224	0	6873
6993	0	5964196561430	none	6874	f9c4867d	512	224	0	6874
6994	1	5964214009700	none	6875	f9c4867d	512	224	0	6875
6995	2	5964231322870	none	6876	f9c4867d	512	224	0	6876
6996	3	5964248723500	none	6877	f9c4867d	512	224	0	6877
6997	4	5964262053790	none	6878	06336ac0	512	224	0	6878
6998	5	5964279421620	none	6879	06336ac0	512	224	0	6879
6999	6	5964297001240	none	6880	06336ac0	512	224	0	6880
7000	7	5964314287650	none	6881	06336ac0	512	224	0	6881
7001	0	5964331621430	none	6882	254d99d6	512	224	0	6882
7002	1	5964344928990	none	6883	254d99d6	512	224	0	6883
7003	2	5964362349110	none	6884	254d99d6	512	224	0	6884
7004	3	5964379675840	none	6885	254d99d6	512	224	0	6885
7005	4	5964396944000	none	6886	1a3a5762	512	224	0	6886
7006	5	5964414383310	none	6887	1a3a5762	512	224	0	6887
7007	6	5964431638890	none	6888	1a3a5762	512	224	0	6888
7008	7	5964444930260	none	6889	1a3a5762	512	224	0	6889
7009	0	5964462339760	none	6890	9b221738	512	224	0	6890
7010	1	5964479798850	none	6891	9b221738	512	224	0	6891
7011	2	5964497062040	none	6892	9b221738	512	224	0	6892
7012	3	5964514424560	none	6893	9b221738	512	224	0	6893
7013	4	5964527889360	none	6894	9b221738	512	224	0	6894
7014	5	5964545302190	none	6895	9b221738	512	224	0	6895
7015	6	5964562783980	none	6896	9b221738	512	224	0	6896
7016	7	5964580132540	none	6897	9b221738	512	224	0	6897
7017	0	5964597486420	none	6898	34be4f5d	512	224	0	6898
7018	1	5964614854940	none	6899	34be4f5d	512	224	0	6899
7019	2	5964628200130	none	6900	34be4f5d	512	224	0	6900
7020	3	5964645680360	none	6901	34be4f5d	512	224	0	6901
7021	4	5964662925100	none	6902	568337f5	512	224	0	6902
7022	5	5964680320240	none	6903	568337f5	512	224	0	6903
7023	6	5964697802560	none	6904	568337f5	512	224	0	6904
7024	7	5964711252080	none	6905	568337f5	512	224	0	6905
7025	0	5964728640520	none	6906	52e72193	512	224	0	6906
7026	1	5964746029300	none	6907	52e72193	512	224	0	6907
7027	2	5964763425670	none	6908	52e72193	512	224	0	6908
7028	3	5964780786310	none	6909	52e72193	512	224	0	6909
7029	4	5964794116930	none	6910	593155bb	512	224	0	6910
7030	5	5964811571920	none	6911	593155bb	512	224	0	6911
7031	6	5964829050710	none	6912	593155bb	512	224	0	6912
7032	7	5964846783540	none	6913	593155bb	512	224	0	6913
7033	0	5964864418790	none	6914	2b745f6b	512	224	0	6914
7034	1	5964877638490	none	6915	2b745f6b	512	224	0	6915
7035	2	5964895106950	none	6916	2b745f6b	512	224	0	6916
7036	3	5964912519710	none	6917	2b745f6b	512	224	0	6917
7037	4	5964929975710	none	6918	7efb6508	512	224	0	6918
7038	5	5964947232740	none	6919	cb533903	512	224	0	6919
7039	6	5964960437410	none	6920	cb533903	512	224	0	6920
7040	7	5964977791580	none	6921	cb533903	512	224	0	6921
7041	0	5964995287830	none	6922	1cf5e5fa	512	224	0	6922
7042	1	5965012664110	none	6923	1cf5e5fa	512	224	0	6923
7043	2	5965030047980	none	6924	a95db9f1	512	224	0	6924
7044	3	5965043453770	none	6925	a95db9f1	512	224	0	6925
7045	4	5965060787460	none	6926	5c5da6ec	512	224	0	6926
7046	5	5965078136630	none	6927	5c5da6ec	512	224	0	6927
7047	6	5965095527370	none	6928	5c5da6ec	512	224	0	6928
7048	7	5965112855460	none	6929	e9f5fae7	512	224	0	6929
7049	0	5965130286160	none	6930	d062e9ef	512	224	0	6930
7050	1	5965143503770	none	6931	d062e9ef	512	224	0	6931
7051	2	5965160739990	none	6932	d062e9ef	512	224	0	6932
7052	3	5965178125760	none	6933	d062e9ef	512	224	0	6933
7053	4	5965195480930	none	6934	65cab5e4	512	224	0	6934
7054	5	5965212835940	none	6935	65cab5e4	512	224	0	6935
7055	6	5965230304840	none	6936	65cab5e4	512	224	0	6936
7056	7	5965243818370	none	6937	65cab5e4	512	224	0	6937
7057	0	5965261209140	none	6938	f8adadcb	512	224	0	6938
7058	1	5965278583290	none	6939	f8adadcb	512	224	0	6939
7059	2	5965295995970	none	6940	f8adadcb	512	224	0	6940
7060	3	5965313280660	none	6941	f8adadcb	512	224	0	6941
7061	4	5965326637320	none	6942	1296b2ba	512	224	0	6942
7062	5	5965344089760	none	6943	1296b2ba	512	224	0	6943
7063	6	5965361646950	none	6944	1296b2ba	512	224	0	6944
7064	7	5965379026000	none	6945	1296b2ba	512	224	0	6945
7065	0	5965396406460	none	6946	0cacb0ca	512	224	0	6946
7066	1	5965409974890	none	6947	0cacb0ca	512	224	0	6947
7067	2	5965427214900	none	6948	0cacb0ca	512	224	0	6948
7068	3	5965444525890	none	6949	0cacb0ca	512	224	0	6949
7069	4	5965461917030	none	6950	0cacb0ca	512	224	0	6950
7070	5	5965479435440	none	6951	0cacb0ca	512	224	0	6951
7071	6	5965492847690	none	6952	0cacb0ca	512	224	0	6952
7072	7	5965510314770	none	6953	0cacb0ca	512	224	0	6953
7073	0	5965527779980	none	6954	154823c1	512	224	0	6954
7074	1	5965545224850	none	6955	154823c1	512	224	0	6955
7075	2	5965562585710	none	6956	154823c1	512	224	0	6956
7076	3	5965575961490	none	6957	154823c1	512	224	0	6957
7077	4	5965593420640	none	6958	3edc49ce	512	224	0	6958
7078	5	5965610749340	none	6959	3edc49ce	512	224	0	6959
7079	6	5965628064050	none	6960	3edc49ce	512	224	0	6960
7080	7	5965645389180	none	6961	3edc49ce	512	224	0	6961
7081	0	5965662882990	none	6962	8674c5d5	512	224	0	6962
7082	1	5965676227380	none	6963	8674c5d5	512	224	0	6963
7083	2	5965693733690	none	6964	8674c5d5	512	224	0	6964
7084	3	5965710978170	none	6965	8674c5d5	512	224	0	6965
7085	4	5965728252480	none	6966	8674c5d5	512	224	0	6966
7086	5	5965745699340	none	6967	8674c5d5	512	224	0	6967
7087	6	5965759090090	none	6968	8674c5d5	512	224	0	6968
7088	7	5965776625860	none	6969	8674c5d5	512	224	0	6969
7089	0	5965794022950	none	6970	26c72ddb	512	224	0	6970
7090	1	5965811377330	none	6971	26c72ddb	512	224	0	6971
7091	2	5965828594550	none	6972	26c72ddb	512	224	0	6972
7092	3	5965845951410	none	6973	26c72ddb	512	224	0	6973
7093	4	5965859355510	none	6974	9b0b8d05	512	224	0	6974
7094	5	5965876638000	none	6975	9b0b8d05	512	224	0	6975
7095	6	5965893973040	none	6976	9b0b8d05	512	224	0	6976
7096	7	5965911349520	none	6977	9b0b8d05	512	224	0	6977
7097	0	5965928723620	none	6978	2cdcb0ad	512	224	0	6978
7098	1	5965942152500	none	6979	2cdcb0ad	512	224	0	6979
7099	2	5965959407940	none	6980	2cdcb0ad	512	224	0	6980
7100	3	5965976693690	none	6981	2cdcb0ad	512	224	0	6981
7101	4	5965994029090	none	6982	ea073b7a	512	224	0	6982
7102	5	5966011302690	none	6983	ea073b7a	512	224	0	6983
7103	6	5966028696630	none	6984	ea073b7a	512	224	0	6984
7104	7	5966041924190	none	6985	ea073b7a	512	224	0	6985
7105	0	5966059320760	none	6986	f5e3b5c4	512	224	0	6986
7106	1	5966076618480	none	6987	f5e3b5c4	512	224	0	6987
7107	2	5966094015810	none	6988	f5e3b5c4	512	224	0	6988
7108	3	5966111382880	none	6989	f5e3b5c4	512	224	0	6989
7109	4	5966128685190	none	6990	f5e3b5c4	512	224	0	6990
7110	5	5966142014000	none	6991	f5e3b5c4	512	224	0	6991
7111	6	5966159405580	none	6992	f5e3b5c4	512	224	0	6992
7112	7	5966176693800	none	6993	f5e3b5c4	512	224	0	6993
7113	0	5966194030130	none	6994	7483da5f	512	224	0	6994
7114	1	5966211361140	none	6995	7483da5f	512	224	0	6995
7115	2	5966228721250	none	6996	7483da5f	512	224	0	6996
7116	3	5966242142950	none	6997	7483da5f	512	224	0	6997
7117	4	5966259400020	none	6998	0d52e921	512	224	0	6998
7118	5	5966276854130	none	6999	0d52e921	512	224	0	6999
7119	6	5966294350060	none	7000	0d52e921	512	224	0	7000
7120	7	5966311586690	none	7001	0d52e921	512	224	0	7001
7121	0	5966324948570	none	7002	55061bc6	512	224	0	7002
7122	1	5966342346410	none	7003	55061bc6	512	224	0	7003
7123	2	5966359716320	none	7004	55061bc6	512	224	0	7004
7124	3	5966376998850	none	7005	55061bc6	512	224	0	7005
7125	4	5966394409290	none	7006	19cd1ce8	512	224	0	7006
7126	5	5966411883480	none	7007	19cd1ce8	512	224	0	7007
7127	6	5966425121840	none	7008	19cd1ce8	512	224	0	7008
7128	7	5966442502810	none	7009	19cd1ce8	512	224	0	7009
7129	0	5966459871450	none	7010	6788dda8	512	224	0	7010
7130	1	5966477137760	none	7011	6788dda8	512	224	0	7011
7131	2	5966494401660	none	7012	6788dda8	512	224	0	7012
7132	3	5966507843470	none	7013	6788dda8	512	224	0	7013
7133	4	5966525264900	none	7014	6788dda8	512	224	0	7014
7134	5	5966542782910	none	7015	6788dda8	512	224	0	7015
7135	6	5966560261000	none	7016	6788dda8	512	224	0	7016
7136	7	5966577604760	none	7017	6788dda8	512	224	0	7017
7137	0	5966590935520	none	7018	6788dda8	512	224	0	7018
7138	1	5966608256830	none	7019	6788dda8	512	224	0	7019
7139	2	5966625658190	none	7020	6788dda8	512	224	0	7020
7140	3	5966643007760	none	7021	6788dda8	512	224	0	7021
7141	4	5966660299760	none	7022	6788dda8	512	224	0	7022
7142	5	5966677787740	none	7023	6788dda8	512	224	0	7023
7143	6	5966691204640	none	7024	6788dda8	512	224	0	7024
7144	7	5966708737550	none	7025	6788dda8	512	224	0	7025
7145	0	5966726182540	none	7026	6788dda8	512	224	0	7026
7146	1	5966743613070	none	7027	6788dda8	512	224	0	7027
7147	2	5966761062680	none	7028	6788dda8	512	224	0	7028
7148	3	5966774473250	none	7029	6788dda8	512	224	0	7029
7149	4	5966791758470	none	7030	6788dda8	512	224	0	7030
7150	5	5966809204210	none	7031	6788dda8	512	224	0	7031
7151	6	5966826575760	none	7032	6788dda8	512	224	0	7032
7152	7	5966844043240	none	7033	6788dda8	512	224	0	7033
7153	0	5966857472730	none	7034	6788dda8	512	224	0	7034
7154	1	5966874957860	none	7035	6788dda8	512	224	0	7035
7155	2	5966892333100	none	7036	6788dda8	512	224	0	7036
7156	3	5966909532010	none	7037	6788dda8	512	224	0	7037
7157	4	5966926921320	none	7038	6788dda8	512	224	0	7038
7158	5	5966944353900	none	7039	6788dda8	512	224	0	7039
7159	6	5966957715870	none	7040	6788dda8	512	224	0	7040
7160	7	5966975147880	none	7041	6788dda8	512	224	0	7041
7161	0	5966992514250	none	7042	6788dda8	512	224	0	7042
7162	1	5967010029390	none	7043	6788dda8	512	224	0	7043
7163	2	5967027265180	none	7044	6788dda8	512	224	0	7044
7164	3	5967040461980	none	7045	6788dda8	512	224	0	7045
7165	4	5967057814110	none	7046	6788dda8	512	224	0	7046
7166	5	5967075273220	none	7047	6788dda8	512	224	0	7047
7167	6	5967092627080	none	7048	6788dda8	512	224	0	7048
7168	7	5967110089020	none	7049	6788dda8	512	224	0	7049
7169	0	5967123626310	none	7050	6788dda8	512	224	0	7050
7170	1	5967141080400	none	7051	6788dda8	512	224	0	7051
7171	2	5967158479170	none	7052	6788dda8	512	224	0	7052
7172	3	5967175742860	none	7053	6788dda8	512	224	0	7053
7173	4	5967193058100	none	7054	6788dda8	512	224	0	7054
7174	5	5967210290900	none	7055	6788dda8	512	224	0	7055
7175	6	5967223728520	none	7056	6788dda8	512	224	0	7056
7176	7	5967241165650	none	7057	6788dda8	512	224	0	7057
7177	0	5967258539690	none	7058	6788dda8	512	224	0	7058
7178	1	5967276003220	none	7059	6788dda8	512	224	0	7059
7179	2	5967293393400	none	7060	6788dda8	512	224	0	7060
7180	3	5967306704870	none	7061	6788dda8	512	224	0	7061
7181	4	5967324044010	none	7062	6788dda8	512	224	0	7062
7182	5	5967341605470	none	7063	6788dda8	512	224	0	7063
7183	6	5967359081470	none	7064	6788dda8	512	224	0	7064
7184	7	5967376637040	none	7065	6788dda8	512	224	0	7065
7185	0	5967390061660	none	7066	6788dda8	512	224	0	7066
7186	1	5967407476350	none	7067	6788dda8	512	224	0	7067
7187	2	5967424891990	none	7068	6788dda8	512	224	0	7068
7188	3	5967442259440	none	7069	6788dda8	512	224	0	7069
7189	4	5967459679490	none	7070	6788dda8	512	224	0	7070
7190	5	5967472897660	none	7071	6788dda8	512	224	0	7071
7191	6	5967490245040	none	7072	6788dda8	512	224	0	7072
7192	7	5967507603000	none	7073	6788dda8	512	224	0	7073
7193	0	5967524981110	none	7074	6788dda8	512	224	0	7074
7194	1	5967542442180	none	7075	6788dda8	512	224	0	7075
7195	2	5967559957100	none	7076	6788dda8	512	224	0	7076
7196	3	5967573146850	none	7077	6788dda8	512	224	0	7077
7197	4	5967590586170	none	7078	6788dda8	512	224	0	7078
7198	5	5967608183460	none	7079	6788dda8	512	224	0	7079
7199	6	5967625493060	none	7080	6788dda8	512	224	0	7080
7200	7	5967642830480	none	7081	6788dda8	512	224	0	7081
7201	0	5967656235990	none	7082	6788dda8	512	224	0	7082
7202	1	5967673844200	none	7083	6788dda8	512	224	0	7083
7203	2	5967691157790	none	7084	6788dda8	512	224	0	7084
7204	3	5967708574250	none	7085	6788dda8	512	224	0	7085
7205	4	5967725985730	none	7086	6788dda8	512	224	0	7086
7206	5	5967739322570	none	7087	6788dda8	512	224	0	7087
7207	6	5967756601970	none	7088	6788dda8	512	224	0	7088
7208	7	5967774105480	none	7089	6788dda8	512	224	0	7089
7209	0	5967791616020	none	7090	6788dda8	512	224	0	7090
7210	1	5967808968760	none	7091	6788dda8	512	224	0	7091
7211	2	5967822265820	none	7092	6788dda8	512	224	0	7092
7212	3	5967839490970	none	7093	6788dda8	512	224	0	7093
7213	4	5967856900840	none	7094	040b996a	512	224	0	7094
7214	5	5967874344950	none	7095	040b996a	512	224	0	7095
7215	6	5967891660100	none	7096	040b996a	512	224	0	7096
7216	7	5967908985560	none	7097	040b996a	512	224	0	7097
7217	0	5967922284020	none	7098	040b996a	512	224	0	7098
7218	1	5967939550800	none	7099	6788dda8	512	224	0	7099
7219	2	5967956921580	none	7100	6788dda8	512	224	0	7100
7220	3	5967974322610	none	7101	6788dda8	512	224	0	7101
7221	4	5967991613630	none	7102	6788dda8	512	224	0	7102
7222	5	5968008982980	none	7103	6788dda8	512	224	0	7103
7223	6	5968022278410	none	7104	6788dda8	512	224	0	7104
7224	7	5968039489490	none	7105	6788dda8	512	224	0	7105
7225	0	5968056919950	none	7106	6788dda8	512	224	0	7106
7226	1	5968074344400	none	7107	6788dda8	512	224	0	7107
7227	2	5968091663820	none	7108	6788dda8	512	224	0	7108
7228	3	5968108913590	none	7109	6788dda8	512	224	0	7109
7229	4	5968122245050	none	7110	6788dda8	512	224	0	7110
7230	5	5968139485060	none	7111	6788dda8	512	224	0	7111
7231	6	5968156979310	none	7112	6788dda8	512	224	0	7112
7232	7	5968174418080	none	7113	6788dda8	512	224	0	7113
7233	0	5968191744480	none	7114	6788dda8	512	224	0	7114
7234	1	5968205142780	none	7115	6788dda8	512	224	0	7115
7235	2	5968222521190	none	7116	040b996a	512	224	0	7116
7236	3	5968239910380	none	7117	040b996a	512	224	0	7117
7237	4	5968257437630	none	7118	040b996a	512	224	0	7118
7238	5	5968274829530	none	7119	040b996a	512	224	0	7119
7239	6	5968292114440	none	7120	040b996a	512	224	0	7120
7240	7	5968305435660	none	7121	6788dda8	512	224	0	7121
7241	0	5968323009480	none	7122	6788dda8	512	224	0	7122
7242	1	5968340624230	none	7123	6788dda8	512	224	0	7123
7243	2	5968357968140	none	7124	6788dda8	512	224	0	7124
7244	3	5968375316350	none	7125	6788dda8	512	224	0	7125
7245	4	5968388570890	none	7126	040b996a	512	224	0	7126
7246	5	5968406050980	none	7127	040b996a	512	224	0	7127
7247	6	5968423443730	none	7128	040b996a	512	224	0	7128
7248	7	5968440657420	none	7129	040b996a	512	224	0	7129
7249	0	5968457979690	none	7130	040b996a	512	224	0	7130
7250	1	5968471304840	none	7131	6788dda8	512	224	0	7131
7251	2	5968488731870	none	7132	6788dda8	512	224	0	7132
7252	3	5968506183540	none	7133	6788dda8	512	224	0	7133
7253	4	5968523709520	none	7134	6788dda8	512	224	0	7134
7254	5	5968541157840	none	7135	6788dda8	512	224	0	7135
7255	6	5968554491880	none	7136	6788dda8	512	224	0	7136
7256	7	5968571983810	none	7137	6788dda8	512	224	0	7137
7257	0	5968589354070	none	7138	6788dda8	512	224	0	7138
7258	1	5968606660590	none	7139	6788dda8	512	224	0	7139
7259	2	5968624076490	none	7140	6788dda8	512	224	0	7140
7260	3	5968637520070	none	7141	6788dda8	512	224	0	7141
7261	4	5968654917420	none	7142	6788dda8	512	224	0	7142
7262	5	5968672310370	none	7143	6788dda8	512	224	0	7143
7263	6	5968689722670	none	7144	6788dda8	512	224	0	7144
7264	7	5968706958640	none	7145	6788dda8	512	224	0	7145
7265	0	5968724223300	none	7146	6788dda8	512	224	0	7146
7266	1	5968737606770	none	7147	6788dda8	512	224	0	7147
7267	2	5968755049290	none	7148	6788dda8	512	224	0	7148
7268	3	5968772545660	none	7149	6788dda8	512	224	0	7149
7269	4	5968790009310	none	7150	6788dda8	512	224	0	7150
7270	5	5968807421900	none	7151	6788dda8	512	224	0	7151
7271	6	5968820879920	none	7152	6788dda8	512	224	0	7152
7272	7	5968838206600	none	7153	6788dda8	512	224	0	7153
7273	0	5968855647510	none	7154	6788dda8	512	224	0	7154
7274	1	5968872992540	none	7155	6788dda8	512	224	0	7155
7275	2	5968890319150	none	7156	6788dda8	512	224	0	7156
7276	3	5968907755840	none	7157	6788dda8	512	224	0	7157
7277	4	5968921147720	none	7158	6788dda8	512	224	0	7158
7278	5	5968938618770	none	7159	6788dda8	512	224	0	7159
7279	6	5968956015690	none	7160	6788dda8	512	224	0	7160
7280	7	5968973407030	none	7161	6788dda8	512	224	0	7161
7281	0	5968990749730	none	7162	6788dda8	512	224	0	7162
7282	1	5969004042490	none	7163	6788dda8	512	224	0	7163
7283	2	5969021312510	none	7164	6788dda8	512	224	0	7164
7284	3	5969038736010	none	7165	6788dda8	512	224	0	7165
7285	4	5969056171310	none	7166	6788dda8	512	224	0	7166
7286	5	5969073533480	none	7167	6788dda8	512	224	0	7167
7287	6	5969086922580	none	7168	6788dda8	512	224	0	7168
7288	7	5969104349550	none	7169	6788dda8	512	224	0	7169
7289	0	5969121624130	none	7170	6788dda8	512	224	0	7170
7290	1	5969138867360	none	7171	6788dda8	512	224	0	7171
7291	2	5969156248750	none	7172	6788dda8	512	224	0	7172
7292	3	5969173686390	none	7173	6788dda8	512	224	0	7173
7293	4	5969187008290	none	7174	c3c6e072	512	224	0	7174
7294	5	5969204367950	none	7175	c3c6e072	512	224	0	7175
7295	6	5969221670050	none	7176	c3c6e072	512	224	0	7176
7296	7	5969239014370	none	7177	c3c6e072	512	224	0	7177
7297	0	5969256446880	none	7178	e0b81364	512	224	0	7178
7298	1	5969270008790	none	7179	e0b81364	512	224	0	7179
7299	2	5969287457880	none	7180	e0b81364	512	224	0	7180
7300	3	5969304904530	none	7181	e0b81364	512	224	0	7181
7301	4	5969322264040	none	7182	2970544f	512	224	0	7182
7302	5	5969339665520	none	7183	2970544f	512	224	0	7183
7303	6	5969356955160	none	7184	2970544f	512	224	0	7184
7304	7	5969370307060	none	7185	2970544f	512	224	0	7185
7305	0	5969387798260	none	7186	2970544f	512	224	0	7186
7306	1	5969405222360	none	7187	2970544f	512	224	0	7187
7307	2	5969422547140	none	7188	2970544f	512	224	0	7188
7308	3	5969439895650	none	7189	2970544f	512	224	0	7189
7309	4	5969453227090	none	7190	3b860df8	512	224	0	7190
7310	5	5969470584220	none	7191	3b860df8	512	224	0	7191
7311	6	5969488058790	none	7192	3b860df8	512	224	0	7192
7312	7	5969505382350	none	7193	3b860df8	512	224	0	7193
7313	0	5969522785100	none	7194	6606b96a	512	224	0	7194
7314	1	5969536339740	none	7195	d3aee561	512	224	0	7195
7315	2	5969553721370	none	7196	d3aee561	512	224	0	7196
7316	3	5969571145680	none	7197	d3aee561	512	224	0	7197
7317	4	5969588513240	none	7198	8350a5a0	512	224	0	7198
7318	5	5969605942140	none	7199	8350a5a0	512	224	0	7199
7319	6	5969623366400	none	7200	36f8f9ab	512	224	0	7200
7320	7	5969636629760	none	7201	36f8f9ab	512	224	0	7201
7321	0	5969653977260	none	7202	52082128	512	224	0	7202
7322	1	5969671335910	none	7203	52082128	512	224	0	7203
7323	2	5969688801590	none	7204	52082128	512	224	0	7204
7324	3	5969706173240	none	7205	e7a07d23	512	224	0	7205
7325	4	5969719690580	none	7206	045e97ee	512	224	0	7206
7326	5	5969737110460	none	7207	045e97ee	512	224	0	7207
7327	6	5969754393840	none	7208	045e97ee	512	224	0	7208
7328	7	5969771704250	none	7209	045e97ee	512	224	0	7209
7329	0	5969789023580	none	7210	b1f6cbe5	512	224	0	7210
7330	1	5969802488230	none	7211	b1f6cbe5	512	224	0	7211
7331	2	5969819969750	none	7212	b1f6cbe5	512	224	0	7212
7332	3	5969837450580	none	7213	b1f6cbe5	512	224	0	7213
7333	4	5969854879570	none	7214	93076876	512	224	0	7214
7334	5	5969872237040	none	7215	93076876	512	224	0	7215
7335	6	5969889479010	none	7216	93076876	512	224	0	7216
7336	7	5969902857210	none	7217	93076876	512	224	0	7217
7337	0	5969920184510	none	7218	e43ee3e0	512	224	0	7218
7338	1	5969937560310	none	7219	e43ee3e0	512	224	0	7219
7339	2	5969954919900	none	7220	e43ee3e0	512	224	0	7220
7340	3	5969972292200	none	7221	e43ee3e0	512	224	0	7221
7341	4	5969985618460	none	7222	ff08d176	512	224	0	7222
7342	5	5970003153100	none	7223	ff08d176	512	224	0	7223
7343	6	5970020666280	none	7224	ff08d176	512	224	0	7224
7344	7	5970038093690	none	7225	ff08d176	512	224	0	7225
7345	0	5970055403510	none	7226	def444b8	512	224	0	7226
7346	1	5970068761100	none	7227	def444b8	512	224	0	7227
7347	2	5970086165080	none	7228	def444b8	512	224	0	7228
7348	3	5970103561750	none	7229	def444b8	512	224	0	7229
7349	4	5970121006060	none	7230	118f665a	512	224	0	7230
7350	5	5970138395430	none	7231	118f665a	512	224	0	7231
7351	6	5970155646690	none	7232	118f665a	512	224	0	7232
7352	7	5970168908270	none	7233	118f665a	512	224	0	7233
7353	0	5970186284280	none	7234	118f665a	512	224	0	7234
7354	1	5970203737680	none	7235	118f665a	512	224	0	7235
7355	2	5970220995390	none	7236	118f665a	512	224	0	7236
7356	3	5970238390660	none	7237	118f665a	512	224	0	7237
7357	4	5970251637650	none	7238	48203af3	512	224	0	7238
7358	5	5970269022820	none	7239	48203af3	512	224	0	7239
7359	6	5970286487490	none	7240	48203af3	512	224	0	7240
7360	7	5970303931330	none	7241	48203af3	512	224	0	7241
7361	0	5970321305430	none	7242	cb5a78bb	512	224	0	7242
7362	1	5970338706360	none	7243	cb5a78bb	512	224	0	7243
7363	2	5970352111510	none	7244	cb5a78bb	512	224	0	7244
7364	3	5970369406750	none	7245	cb5a78bb	512	224	0	7245
7365	4	5970386698260	none	7246	71bcb7b9	512	224	0	7246
7366	5	5970404025030	none	7247	71bcb7b9	512	224	0	7247
7367	6	5970421455650	none	7248	71bcb7b9	512	224	0	7248
7368	7	5970434764200	none	7249	71bcb7b9	512	224	0	7249
7369	0	5970452112650	none	7250	5b079d1c	512	224	0	7250
7370	1	5970469362710	none	7251	5b079d1c	512	224	0	7251
7371	2	5970486918790	none	7252	5b079d1c	512	224	0	7252
7372	3	5970504326860	none	7253	5b079d1c	512	224	0	7253
7373	4	5970521667320	none	7254	846cc386	512	224	0	7254
7374	5	5970535047620	none	7255	846cc386	512	224	0	7255
7375	6	5970552390730	none	7256	846cc386	512	224	0	7256
7376	7	5970569786730	none	7257	846cc386	512	224	0	7257
7377	0	5970587091400	none	7258	34e1d51c	512	224	0	7258
7378	1	5970604332110	none	7259	34e1d51c	512	224	0	7259
7379	2	5970617681360	none	7260	34e1d51c	512	224	0	7260
7380	3	5970635089470	none	7261	34e1d51c	512	224	0	7261
7381	4	5970652467960	none	7262	cf134b55	512	224	0	7262
7382	5	5970669879280	none	7263	cf134b55	512	224	0	7263
7383	6	5970687237640	none	7264	cf134b55	512	224	0	7264
7384	7	5970704463480	none	7265	cf134b55	512	224	0	7265
7385	0	5970717854830	none	7266	9503ccf7	512	224	0	7266
7386	1	5970735211520	none	7267	9503ccf7	512	224	0	7267
7387	2	5970752532730	none	7268	9503ccf7	512	224	0	7268
7388	3	5970770175780	none	7269	9503ccf7	512	224	0	7269
7389	4	5970787904350	none	7270	9503ccf7	512	224	0	7270
7390	5	5970801542020	none	7271	9503ccf7	512	224	0	7271
7391	6	5970818988330	none	7272	9503ccf7	512	224	0	7272
7392	7	5970836564720	none	7273	9503ccf7	512	224	0	7273
7393	0	5970854143890	none	7274	9f81a9ce	512	224	0	7274
7394	1	5970867928800	none	7275	9f81a9ce	512	224	0	7275
7395	2	5970885437900	none	7276	9f81a9ce	512	224	0	7276
7396	3	5970903409440	none	7277	9f81a9ce	512	224	0	7277
7397	4	5970921090580	none	7278	188e9726	512	224	0	7278
7398	5	5970934497870	none	7279	188e9726	512	224	0	7279
7399	6	5970951886400	none	7280	188e9726	512	224	0	7280
7400	7	5970969311800	none	7281	188e9726	512	224	0	7281
7401	0	5970986704780	none	7282	7a0c356e	512	224	0	7282
7402	1	5971004125260	none	7283	7a0c356e	512	224	0	7283
7403	2	5971017467630	none	7284	7a0c356e	512	224	0	7284
7404	3	5971035119130	none	7285	7a0c356e	512	224	0	7285
7405	4	5971052627960	none	7286	03ed3556	512	224	0	7286
7406	5	5971070314870	none	7287	03ed3556	512	224	0	7287
7407	6	5971084080450	none	7288	03ed3556	512	224	0	7288
7408	7	5971101866060	none	7289	03ed3556	512	224	0	7289
7409	0	5971119651350	none	7290	77f9a465	512	224	0	7290
7410	1	5971133619990	none	7291	77f9a465	512	224	0	7291
7411	2	5971151422980	none	7292	77f9a465	512	224	0	7292
7412	3	5971169143610	none	7293	77f9a465	512	224	0	7293
7413	4	5971186556830	none	7294	cd4fe711	512	224	0	7294
7414	5	5971204009500	none	7295	cd4fe711	512	224	0	7295
7415	6	5971217417510	none	7296	cd4fe711	512	224	0	7296
7416	7	5971234806310	none	7297	cd4fe711	512	224	0	7297
7417	0	5971252167280	none	7298	c87ee063	512	224	0	7298
7418	1	5971269631160	none	7299	c87ee063	512	224	0	7299
7419	2	5971286882500	none	7300	c87ee063	512	224	0	7300
7420	3	5971300223650	none	7301	c87ee063	512	224	0	7301
7421	4	5971317774440	none	7302	9f4d0add	512	224	0	7302
7422	5	5971335178810	none	7303	9f4d0add	512	224	0	7303
7423	6	5971352606810	none	7304	9f4d0add	512	224	0	7304
7424	7	5971369962690	none	7305	9f4d0add	512	224	0	7305
7425	0	5971383354850	none	7306	e2d2a1a2	512	224	0	7306
7426	1	5971400721080	none	7307	e2d2a1a2	512	224	0	7307
7427	2	5971418056790	none	7308	e2d2a1a2	512	224	0	7308
7428	3	5971435479320	none	7309	e2d2a1a2	512	224	0	7309
7429	4	5971452862870	none	7310	e2d2a1a2	512	224	0	7310
7430	5	5971470218570	none	7311	e2d2a1a2	512	224	0	7311
7431	6	5971483579880	none	7312	e2d2a1a2	512	224	0	7312
7432	7	5971501293270	none	7313	e2d2a1a2	512	224	0	7313
7433	0	5971519206090	none	7314	e2d2a1a2	512	224	0	7314
7434	1	5971532819030	none	7315	e2d2a1a2	512	224	0	7315
7435	2	5971550598900	none	7316	e2d2a1a2	512	224	0	7316
7436	3	5971568199230	none	7317	e2d2a1a2	512	224	0	7317
7437	4	5971585718520	none	7318	e2d2a1a2	512	224	0	7318
7438	5	5971599509740	none	7319	e2d2a1a2	512	224	0	7319
7439	6	5971617485590	none	7320	e2d2a1a2	512	224	0	7320
7440	7	5971634865170	none	7321	e2d2a1a2	512	224	0	7321
7441	0	5971652257420	none	7322	e2d2a1a2	512	224	0	7322
7442	1	5971669657490	none	7323	e2d2a1a2	512	224	0	7323
7443	2	5971683416290	none	7324	e2d2a1a2	512	224	0	7324
7444	3	5971701010800	none	7325	e2d2a1a2	512	224	0	7325
7445	4	5971718561100	none	7326	e2d2a1a2	512	224	0	7326
7446	5	5971736260650	none	7327	e2d2a1a2	512	224	0	7327
7447	6	5971749992350	none	7328	e2d2a1a2	512	224	0	7328
7448	7	5971767578800	none	7329	e2d2a1a2	512	224	0	7329
7449	0	5971785153730	none	7330	e2d2a1a2	512	224	0	7330
7450	1	5971802626710	none	7331	e2d2a1a2	512	224	0	7331
7451	2	5971816366720	none	7332	e2d2a1a2	512	224	0	7332
7452	3	5971834005380	none	7333	e2d2a1a2	512	224	0	7333
7453	4	5971851311330	none	7334	e2d2a1a2	512	224	0	7334
7454	5	5971868740120	none	7335	e2d2a1a2	512	224	0	7335
7455	6	5971886120170	none	7336	e2d2a1a2	512	224	0	7336
7456	7	5971899613170	none	7337	e2d2a1a2	512	224	0	7337
7457	0	5971916910120	none	7338	e2d2a1a2	512	224	0	7338
7458	1	5971934297020	none	7339	e2d2a1a2	512	224	0	7339
7459	2	5971951616830	none	7340	e2d2a1a2	512	224	0	7340
7460	3	5971968945940	none	7341	e2d2a1a2	512	224	0	7341
7461	4	5971982264330	none	7342	e2d2a1a2	512	224	0	7342
7462	5	5971999751840	none	7343	e2d2a1a2	512	224	0	7343
7463	6	5972017079850	none	7344	e2d2a1a2	512	224	0	7344
7464	7	5972034388040	none	7345	e2d2a1a2	512	224	0	7345
7465	0	5972051859000	none	7346	e2d2a1a2	512	224	0	7346
7466	1	5972065245760	none	7347	e2d2a1a2	512	224	0	7347
7467	2	5972082541010	none	7348	e2d2a1a2	512	224	0	7348
7468	3	5972099914280	none	7349	e2d2a1a2	512	224	0	7349
7469	4	5972117415060	none	7350	e2d2a1a2	512	224	0	7350
7470	5	5972134939580	none	7351	e2d2a1a2	512	224	0	7351
7471	6	5972152363300	none	7352	e2d2a1a2	512	224	0	7352
7472	7	5972165717400	none	7353	e2d2a1a2	512	224	0	7353
7473	0	5972183156560	none	7354	e2d2a1a2	512	224	0	7354
7474	1	5972200616900	none	7355	e2d2a1a2	512	224	0	7355
7475	2	5972218052660	none	7356	e2d2a1a2	512	224	0	7356
7476	3	5972235562000	none	7357	e2d2a1a2	512	224	0	7357
7477	4	5972248827060	none	7358	e2d2a1a2	512	224	0	7358
7478	5	5972266199690	none	7359	e2d2a1a2	512	224	0	7359
7479	6	5972283712910	none	7360	e2d2a1a2	512	224	0	7360
7480	7	5972301124810	none	7361	e2d2a1a2	512	224	0	7361
7481	0	5972318506970	none	7362	e2d2a1a2	512	224	0	7362
7482	1	5972331863420	none	7363	e2d2a1a2	512	224	0	7363
7483	2	5972349290060	none	7364	e2d2a1a2	512	224	0	7364
7484	3	5972366685300	none	7365	e2d2a1a2	512	224	0	7365
7485	4	5972384073470	none	7366	e2d2a1a2	512	224	0	7366
7486	5	5972401477160	none	7367	e2d2a1a2	512	224	0	7367
7487	6	5972414807740	none	7368	e2d2a1a2	512	224	0	7368
7488	7	5972432162650	none	7369	e2d2a1a2	512	224	0	7369
7489	0	5972449390610	none	7370	8151e560	512	224	0	7370
7490	1	5972466927670	none	7371	8151e560	512	224	0	7371
7491	2	5972484323500	none	7372	8151e560	512	224	0	7372
7492	3	5972501606280	none	7373	8151e560	512	224	0	7373
7493	4	5972514814020	none	7374	8151e560	512	224	0	7374
7494	5	5972532248760	none	7375	e2d2a1a2	512	224	0	7375
7495	6	5972549719690	none	7376	e2d2a1a2	512	224	0	7376
7496	7	5972567066500	none	7377	e2d2a1a2	512	224	0	7377
7497	0	5972584399630	none	7378	e2d2a1a2	512	224	0	7378
7498	1	5972597827570	none	7379	e2d2a1a2	512	224	0	7379
7499	2	5972615181520	none	7380	e2d2a1a2	512	224	0	7380
7500	3	5972632505110	none	7381	e2d2a1a2	512	224	0	7381
7501	4	5972649941110	none	7382	e2d2a1a2	512	224	0	7382
7502	5	5972667379250	none	7383	e2d2a1a2	512	224	0	7383
7503	6	5972684774970	none	7384	e2d2a1a2	512	224	0	7384
7504	7	5972698110750	none	7385	e2d2a1a2	512	224	0	7385
7505	0	5972715570300	none	7386	e2d2a1a2	512	224	0	7386
7506	1	5972732891110	none	7387	e2d2a1a2	512	224	0	7387
7507	2	5972750177680	none	7388	e2d2a1a2	512	224	0	7388
7508	3	5972767575260	none	7389	e2d2a1a2	512	224	0	7389
7509	4	5972780956960	none	7390	e2d2a1a2	512	224	0	7390
7510	5	5972798328360	none	7391	e2d2a1a2	512	224	0	7391
7511	6	5972815594110	none	7392	8151e560	512	224	0	7392
7512	7	5972832910090	none	7393	8151e560	512	224	0	7393
7513	0	5972850315390	none	7394	8151e560	512	224	0	7394
7514	1	5972867799620	none	7395	8151e560	512	224	0	7395
7515	2	5972881136520	none	7396	8151e560	512	224	0	7396
7516	3	5972898615900	none	7397	e2d2a1a2	512	224	0	7397
7517	4	5972916000170	none	7398	e2d2a1a2	512	224	0	7398
7518	5	5972933508920	none	7399	e2d2a1a2	512	224	0	7399
7519	6	5972950963080	none	7400	e2d2a1a2	512	224	0	7400
7520	7	5972964314990	none	7401	e2d2a1a2	512	224	0	7401
7521	0	5972981625780	none	7402	8151e560	512	224	0	7402
7522	1	5972999071060	none	7403	8151e560	512	224	0	7403
7523	2	5973016478550	none	7404	8151e560	512	224	0	7404
7524	3	5973033948390	none	7405	8151e560	512	224	0	7405
7525	4	5973047157690	none	7406	8151e560	512	224	0	7406
7526	5	5973064391940	none	7407	e2d2a1a2	512	224	0	7407
7527	6	5973081807330	none	7408	e2d2a1a2	512	224	0	7408
7528	7	5973099241210	none	7409	e2d2a1a2	512	224	0	7409
7529	0	5973116839360	none	7410	e2d2a1a2	512	224	0	7410
7530	1	5973130256750	none	7411	e2d2a1a2	512	224	0	7411
7531	2	5973147755620	none	7412	e2d2a1a2	512	224	0	7412
7532	3	5973165222060	none	7413	e2d2a1a2	512	224	0	7413
7533	4	5973182665390	none	7414	e2d2a1a2	512	224	0	7414
7534	5	5973200244120	none	7415	e2d2a1a2	512	224	0	7415
7535	6	5973213629090	none	7416	e2d2a1a2	512	224	0	7416
7536	7	5973230923570	none	7417	e2d2a1a2	512	224	0	7417
7537	0	5973248145260	none	7418	e2d2a1a2	512	224	0	7418
7538	1	5973265593530	none	7419	e2d2a1a2	512	224	0	7419
7539	2	5973282909280	none	7420	e2d2a1a2	512	224	0	7420
7540	3	5973300295180	none	7421	e2d2a1a2	512	224	0	7421
7541	4	5973313704640	none	7422	e2d2a1a2	512	224	0	7422
7542	5	5973331118900	none	7423	e2d2a1a2	512	224	0	7423
7543	6	5973348563870	none	7424	e2d2a1a2	512	224	0	7424
7544	7	5973366190690	none	7425	e2d2a1a2	512	224	0	7425
7545	0	5973380043860	none	7426	e2d2a1a2	512	224	0	7426
7546	1	5973397421260	none	7427	e2d2a1a2	512	224	0	7427
7547	2	5973414861360	none	7428	e2d2a1a2	512	224	0	7428
7548	3	5973432234200	none	7429	e2d2a1a2	512	224	0	7429
7549	4	5973449618750	none	7430	e2d2a1a2	512	224	0	7430
7550	5	5973466935620	none	7431	e2d2a1a2	512	224	0	7431
7551	6	5973480337310	none	7432	e2d2a1a2	512	224	0	7432
7552	7	5973497756250	none	7433	e2d2a1a2	512	224	0	7433
7553	0	5973515174330	none	7434	e2d2a1a2	512	224	0	7434
7554	1	5973532411000	none	7435	e2d2a1a2	512	224	0	7435
7555	2	5973549844950	none	7436	e2d2a1a2	512	224	0	7436
7556	3	5973563318480	none	7437	e2d2a1a2	512	224	0	7437
7557	4	5973580546920	none	7438	e2d2a1a2	512	224	0	7438
7558	5	5973597996220	none	7439	e2d2a1a2	512	224	0	7439
7559	6	5973615330260	none	7440	e2d2a1a2	512	224	0	7440
7560	7	5973632838640	none	7441	e2d2a1a2	512	224	0	7441
7561	0	5973646130080	none	7442	e2d2a1a2	512	224	0	7442
7562	1	5973663475180	none	7443	e2d2a1a2	512	224	0	7443
7563	2	5973680711130	none	7444	e2d2a1a2	512	224	0	7444
7564	3	5973698053770	none	7445	e2d2a1a2	512	224	0	7445
7565	4	5973715501830	none	7446	e2d2a1a2	512	224	0	7446
7566	5	5973732865200	none	7447	e2d2a1a2	512	224	0	7447
7567	6	5973746177470	none	7448	e2d2a1a2	512	224	0	7448
7568	7	5973763727310	none	7449	e2d2a1a2	512	224	0	7449
7569	0	5973781091950	none	7450	e2d2a1a2	512	224	0	7450
7570	1	5973798438400	none	7451	e2d2a1a2	512	224	0	7451
7571	2	5973815696720	none	7452	e2d2a1a2	512	224	0	7452
7572	3	5973829125370	none	7453	e2d2a1a2	512	224	0	7453
7573	4	5973846474360	none	7454	e2d2a1a2	512	224	0	7454
7574	5	5973863927380	none	7455	e2d2a1a2	512	224	0	7455
7575	6	5973881304590	none	7456	e2d2a1a2	512	224	0	7456
7576	7	5973898819910	none	7457	e2d2a1a2	512	224	0	7457
7577	0	5973916148760	none	7458	e2d2a1a2	512	224	0	7458
7578	1	5973929630410	none	7459	e2d2a1a2	512	224	0	7459
7579	2	5973946944390	none	7460	e2d2a1a2	512	224	0	7460
7580	3	5973964313800	none	7461	e2d2a1a2	512	224	0	7461
7581	4	5973981688510	none	7462	e2d2a1a2	512	224	0	7462
7582	5	5973998992090	none	7463	e2d2a1a2	512	224	0	7463
7583	6	5974012500600	none	7464	e2d2a1a2	512	224	0	7464
7584	7	5974029853030	none	7465	e2d2a1a2	512	224	0	7465
7585	0	5974047229390	none	7466	e2d2a1a2	512	224	0	7466
7586	1	5974064707280	none	7467	e2d2a1a2	512	224	0	7467
7587	2	5974082102650	none	7468	e2d2a1a2	512	224	0	7468
7588	3	5974095295570	none	7469	e2d2a1a2	512	224	0	7469
7589	4	5974112719240	none	7470	b9684089	512	224	0	7470
7590	5	5974129969350	none	7471	0cc01c82	512	224	0	7471
7591	6	5974147370770	none	7472	0cc01c82	512	224	0	7472
7592	7	5974164771170	none	7473	0cc01c82	512	224	0	7473
7593	0	5974182321940	none	7474	48bb7bcd	512	224	0	7474
7594	1	5974195792840	none	7475	48bb7bcd	512	224	0	7475
7595	2	5974213144460	none	7476	fd1327c6	512	224	0	7476
7596	3	5974230560000	none	7477	fd1327c6	512	224	0	7477
7597	4	5974247954370	none	7478	34db60ed	512	224	0	7478
7598	5	5974265332610	none	7479	34db60ed	512	224	0	7479
7599	6	5974278744770	none	7480	34db60ed	512	224	0	7480
7600	7	5974296211580	none	7481	81733ce6	512	224	0	7481
7601	0	5974313580650	none	7482	81733ce6	512	224	0	7482
7602	1	5974330933430	none	7483	81733ce6	512	224	0	7483
7603	2	5974348344500	none	7484	81733ce6	512	224	0	7484
7604	3	5974361557020	none	7485	81733ce6	512	224	0	7485
7605	4	5974378909770	none	7486	2d57a5eb	512	224	0	7486
7606	5	5974396257200	none	7487	2d57a5eb	512	224	0	7487
7607	6	5974413496060	none	7488	2d57a5eb	512	224	0	7488
7608	7	5974430920030	none	7489	2d57a5eb	512	224	0	7489
7609	0	5974448145970	none	7490	a0be1167	512	224	0	7490
7610	1	5974461475900	none	7491	a0be1167	512	224	0	7491
7611	2	5974478832660	none	7492	a0be1167	512	224	0	7492
7612	3	5974496157600	none	7493	a0be1167	512	224	0	7493
7613	4	5974513632880	none	7494	f3200992	512	224	0	7494
7614	5	5974531091200	none	7495	f3200992	512	224	0	7495
7615	6	5974544614890	none	7496	f3200992	512	224	0	7496
7616	7	5974561894890	none	7497	f3200992	512	224	0	7497
7617	0	5974579299640	none	7498	02a895d1	512	224	0	7498
7618	1	5974596820190	none	7499	02a895d1	512	224	0	7499
7619	2	5974614247530	none	7500	02a895d1	512	224	0	7500
7620	3	5974627706010	none	7501	02a895d1	512	224	0	7501
7621	4	5974645118400	none	7502	6600da2b	512	224	0	7502
7622	5	5974662441390	none	7503	6600da2b	512	224	0	7503
7623	6	5974679827990	none	7504	6600da2b	512	224	0	7504
7624	7	5974697210750	none	7505	6600da2b	512	224	0	7505
7625	0	5974714617400	none	7506	2b7fba45	512	224	0	7506
7626	1	5974727973300	none	7507	2b7fba45	512	224	0	7507
7627	2	5974745288830	none	7508	2b7fba45	512	224	0	7508
7628	3	5974762720830	none	7509	2b7fba45	512	224	0	7509
7629	4	5974780158430	none	7510	e36bdfb0	512	224	0	7510
7630	5	5974797636930	none	7511	e36bdfb0	512	224	0	7511
7631	6	5974810935760	none	7512	e36bdfb0	512	224	0	7512
7632	7	5974828345640	none	7513	e36bdfb0	512	224	0	7513
7633	0	5974845627380	none	7514	e36bdfb0	512	224	0	7514
7634	1	5974862970390	none	7515	e36bdfb0	512	224	0	7515
7635	2	5974880492080	none	7516	e36bdfb0	512	224	0	7516
7636	3	5974893959700	none	7517	e36bdfb0	512	224	0	7517
7637	4	5974911369580	none	7518	55f86289	512	224	0	7518
7638	5	5974928706290	none	7519	55f86289	512	224	0	7519
7639	6	5974946079030	none	7520	55f86289	512	224	0	7520
7640	7	5974963452250	none	7521	55f86289	512	224	0	7521
7641	0	5974980776520	none	7522	bf8875f6	512	224	0	7522
7642	1	5974994013670	none	7523	bf8875f6	512	224	0	7523
7643	2	5975011433330	none	7524	bf8875f6	512	224	0	7524
7644	3	5975028793930	none	7525	bf8875f6	512	224	0	7525
7645	4	5975046213710	none	7526	cc425fa7	512	224	0	7526
7646	5	5975063615180	none	7527	cc425fa7	512	224	0	7527
7647	6	5975077009870	none	7528	cc425fa7	512	224	0	7528
7648	7	5975094278360	none	7529	cc425fa7	512	224	0	7529
7649	0	5975111728850	none	7530	875fffc3	512	224	0	7530
7650	1	5975129051190	none	7531	875fffc3	512	224	0	7531
7651	2	5975146437120	none	7532	875fffc3	512	224	0	7532
7652	3	5975163864970	none	7533	875fffc3	512	224	0	7533
7653	4	5975177152130	none	7534	7cad618a	512	224	0	7534
7654	5	5975194407010	none	7535	7cad618a	512	224	0	7535
7655	6	5975211780750	none	7536	7cad618a	512	224	0	7536
7656	7	5975229060650	none	7537	7cad618a	512	224	0	7537
7657	0	5975246431770	none	7538	7cad618a	512	224	0	7538
7658	1	5975263880730	none	7539	7cad618a	512	224	0	7539
7659	2	5975277081010	none	7540	7cad618a	512	224	0	7540
7660	3	5975294301480	none	7541	7cad618a	512	224	0	7541
7661	4	5975311768920	none	7542	596461cd	512	224	0	7542
7662	5	5975329233500	none	7543	596461cd	512	224	0	7543
7663	6	5975346660990	none	7544	596461cd	512	224	0	7544
7664	7	5975359963570	none	7545	596461cd	512	224	0	7545
7665	0	5975377350210	none	7546	c40379e2	512	224	0	7546
7666	1	5975394838160	none	7547	c40379e2	512	224	0	7547
7667	2	5975412201530	none	7548	c40379e2	512	224	0	7548
7668	3	5975429646810	none	7549	c40379e2	512	224	0	7549
7669	4	5975446897220	none	7550	e20fcc3e	512	224	0	7550
7670	5	5975460262610	none	7551	e20fcc3e	512	224	0	7551
7671	6	5975477670420	none	7552	e20fcc3e	512	224	0	7552
7672	7	5975495122290	none	7553	e20fcc3e	512	224	0	7553
7673	0	5975512470560	none	7554	2265eeb4	512	224	0	7554
7674	1	5975529887000	none	7555	2265eeb4	512	224	0	7555
7675	2	5975543288530	none	7556	2265eeb4	512	224	0	7556
7676	3	5975560549830	none	7557	2265eeb4	512	224	0	7557
7677	4	5975577886920	none	7558	5b84ee8c	512	224	0	7558
7678	5	5975595224660	none	7559	5b84ee8c	512	224	0	7559
7679	6	5975612675500	none	7560	5b84ee8c	512	224	0	7560
7680	7	5975630015480	none	7561	5b84ee8c	512	224	0	7561
7681	0	5975643331970	none	7562	c16074e5	512	224	0	7562
7682	1	5975660538220	none	7563	c16074e5	512	224	0	7563
7683	2	5975677988160	none	7564	c16074e5	512	224	0	7564
7684	3	5975695299390	none	7565	c16074e5	512	224	0	7565
7685	4	5975712681670	none	7566	c16074e5	512	224	0	7566
7686	5	5975726083620	none	7567	c16074e5	512	224	0	7567
7687	6	5975743489070	none	7568	c16074e5	512	224	0	7568
7688	7	5975760765610	none	7569	c16074e5	512	224	0	7569
7689	0	5975778277010	none	7570	c16074e5	512	224	0	7570
7690	1	5975795509840	none	7571	c16074e5	512	224	0	7571
7691	2	5975812823890	none	7572	c16074e5	512	224	0	7572
7692	3	5975826127140	none	7573	c16074e5	512	224	0	7573
7693	4	5975843613800	none	7574	c16074e5	512	224	0	7574
7694	5	5975861059120	none	7575	c16074e5	512	224	0	7575
7695	6	5975878579470	none	7576	c16074e5	512	224	0	7576
7696	7	5975895953460	none	7577	c16074e5	512	224	0	7577
7697	0	5975909307460	none	7578	c16074e5	512	224	0	7578
7698	1	5975926775230	none	7579	c16074e5	512	224	0	7579
7699	2	5975944184540	none	7580	c16074e5	512	224	0	7580
7700	3	5975961463310	none	7581	c16074e5	512	224	0	7581
7701	4	5975978855800	none	7582	c16074e5	512	224	0	7582
7702	5	5975992126480	none	7583	c16074e5	512	224	0	7583
7703	6	5976009387010	none	7584	c16074e5	512	224	0	7584
7704	7	5976026770980	none	7585	c16074e5	512	224	0	7585
7705	0	5976044053770	none	7586	c16074e5	512	224	0	7586
7706	1	5976061401340	none	7587	c16074e5	512	224	0	7587
7707	2	5976078832000	none	7588	c16074e5	512	224	0	7588
7708	3	5976092099930	none	7589	c16074e5	512	224	0	7589
7709	4	5976109403040	none	7590	c16074e5	512	224	0	7590
7710	5	5976126820750	none	7591	c16074e5	512	224	0	7591
7711	6	5976144210760	none	7592	c16074e5	512	224	0	7592
7712	7	5976161598090	none	7593	c16074e5	512	224	0	7593
7713	0	5976179048180	none	7594	c16074e5	512	224	0	7594
7714	1	5976192367240	none	7595	c16074e5	512	224	0	7595
7715	2	5976209800390	none	7596	c16074e5	512	224	0	7596
7716	3	5976227260520	none	7597	c16074e5	512	224	0	7597
7717	4	5976244676300	none	7598	c16074e5	512	224	0	7598
7718	5	5976262048700	none	7599	c16074e5	512	224	0	7599
7719	6	5976275247860	none	7600	c16074e5	512	224	0	7600
7720	7	5976292546850	none	7601	c16074e5	512	224	0	7601
7721	0	5976309917440	none	7602	c16074e5	512	224	0	7602
7722	1	5976327380490	none	7603	c16074e5	512	224	0	7603
7723	2	5976344766340	none	7604	c16074e5	512	224	0	7604
7724	3	5976362016830	none	7605	c16074e5	512	224	0	7605
7725	4	5976375254640	none	7606	c16074e5	512	224	0	7606
7726	5	5976392715040	none	7607	c16074e5	512	224	0	7607
7727	6	5976410135320	none	7608	c16074e5	512	224	0	7608
7728	7	5976427645930	none	7609	c16074e5	512	224	0	7609
7729	0	5976444988580	none	7610	c16074e5	512	224	0	7610
7730	1	5976458342520	none	7611	c16074e5	512	224	0	7611
7731	2	5976475588450	none	7612	c16074e5	512	224	0	7612
7732	3	5976492866630	none	7613	c16074e5	512	224	0	7613
7733	4	5976510212220	none	7614	c16074e5	512	224	0	7614
7734	5	5976527629510	none	7615	c16074e5	512	224	0	7615
7735	6	5976544981920	none	7616	ea3d27f6	512	224	0	7616
7736	7	5976558375430	none	7617	ea3d27f6	512	224	0	7617
7737	0	5976575606880	none	7618	53e16ec5	512	224	0	7618
7738	1	5976592913470	none	7619	53e16ec5	512	224	0	7619
7739	2	5976610230110	none	7620	4e973576	512	224	0	7620
7740	3	5976627719550	none	7621	4e973576	512	224	0	7621
7741	4	5976641103190	none	7622	7930be2a	512	224	0	7622
7742	5	5976658632240	none	7623	7930be2a	512	224	0	7623
7743	6	5976676078270	none	7624	6035fda0	512	224	0	7624
7744	7	5976693636470	none	7625	6035fda0	512	224	0	7625
7745	0	5976711069140	none	7626	ac7ba149	512	224	0	7626
7746	1	5976724538260	none	7627	ac7ba149	512	224	0	7627
7747	2	5976741818510	none	7628	e71aff86	512	224	0	7628
7748	3	5976759263870	none	7629	e71aff86	512	224	0	7629
7749	4	5976776691330	none	7630	4287bec0	512	224	0	7630
7750	5	5976794018680	none	7631	4287bec0	512	224	0	7631
7751	6	5976811400020	none	7632	b60d42ab	512	224	0	7632
7752	7	5976824727660	none	7633	b60d42ab	512	224	0	7633
7753	0	5976841997820	none	7634	a06bc4b0	512	224	0	7634
7754	1	5976859261270	none	7635	a06bc4b0	512	224	0	7635
7755	2	5976876770130	none	7636	24aa7a0d	512	224	0	7636
7756	3	5976894220390	none	7637	24aa7a0d	512	224	0	7637
7757	4	5976907494810	none	7638	435d6fd5	512	224	0	7638
7758	5	5976924975210	none	7639	435d6fd5	512	224	0	7639
7759	6	5976942366440	none	7640	77191fb9	512	224	0	7640
7760	7	5976959631340	none	7641	77191fb9	512	224	0	7641
7761	0	5976976885990	none	7642	4514b79e	512	224	0	7642
7762	1	5976994308470	none	7643	4514b79e	512	224	0	7643
7763	2	5977007707490	none	7644	61605322	512	224	0	7644
7764	3	5977025190670	none	7645	61605322	512	224	0	7645
7765	4	5977042658270	none	7646	61605322	512	224	0	7646
7766	5	5977059981800	none	7647	61605322	512	224	0	7647
7767	6	5977077371300	none	7648	61605322	512	224	0	7648
7768	7	5977090905890	none	7649	61605322	512	224	0	7649
7769	0	5977108318090	none	7650	61605322	512	224	0	7650
7770	1	5977125814580	none	7651	61605322	512	224	0	7651
7771	2	5977143122390	none	7652	61605322	512	224	0	7652
7772	3	5977160523970	none	7653	61605322	512	224	0	7653
7773	4	5977173925120	none	7654	61605322	512	224	0	7654
7774	5	5977191386800	none	7655	61605322	512	224	0	7655
7775	6	5977208755600	none	7656	61605322	512	224	0	7656
7776	7	5977226112800	none	7657	61605322	512	224	0	7657
7777	0	5977243533400	none	7658	61605322	512	224	0	7658
7778	1	5977256994030	none	7659	61605322	512	224	0	7659
7779	2	5977274297550	none	7660	61605322	512	224	0	7660
7780	3	5977291729810	none	7661	61605322	512	224	0	7661
7781	4	5977309195220	none	7662	61605322	512	224	0	7662
7782	5	5977326518590	none	7663	61605322	512	224	0	7663
7783	6	5977343862590	none	7664	61605322	512	224	0	7664
7784	7	5977357311200	none	7665	61605322	512	224	0	7665
7785	0	5977374922250	none	7666	61605322	512	224	0	7666
7786	1	5977392315490	none	7667	61605322	512	224	0	7667
7787	2	5977409795390	none	7668	61605322	512	224	0	7668
7788	3	5977427033760	none	7669	61605322	512	224	0	7669
7789	4	5977440453100	none	7670	61605322	512	224	0	7670
7790	5	5977457936180	none	7671	61605322	512	224	0	7671
7791	6	5977475283010	none	7672	61605322	512	224	0	7672
7792	7	5977492631720	none	7673	61605322	512	224	0	7673
7793	0	5977509951700	none	7674	61605322	512	224	0	7674
7794	1	5977523310350	none	7675	61605322	512	224	0	7675
7795	2	5977540585020	none	7676	61605322	512	224	0	7676
7796	3	5977557957240	none	7677	61605322	512	224	0	7677
7797	4	5977575275900	none	7678	61605322	512	224	0	7678
7798	5	5977592625410	none	7679	61605322	512	224	0	7679
7799	6	5977609952850	none	7680	61605322	512	224	0	7680
7800	7	5977623292520	none	7681	61605322	512	224	0	7681
7801	0	5977640501490	none	7682	61605322	512	224	0	7682
7802	1	5977657973170	none	7683	61605322	512	224	0	7683
7803	2	5977675497000	none	7684	61605322	512	224	0	7684
7804	3	5977692810140	none	7685	61605322	512	224	0	7685
7805	4	5977706086790	none	7686	61605322	512	224	0	7686
7806	5	5977723534200	none	7687	61605322	512	224	0	7687
7807	6	5977740892200	none	7688	61605322	512	224	0	7688
7808	7	5977758312370	none	7689	8a597bd6	512	224	0	7689
7809	0	5977775735980	none	7690	8a597bd6	512	224	0	7690
7810	1	5977793158950	none	7691	3aacb367	512	224	0	7691
7811	2	5977806451430	none	7692	3aacb367	512	224	0	7692
7812	3	5977823876020	none	7693	94f8a3a6	512	224	0	7693
7813	4	5977841356710	none	7694	94f8a3a6	512	224	0	7694
7814	5	5977858852560	none	7695	ad03be85	512	224	0	7695
7815	6	5977876221250	none	7696	ad03be85	512	224	0	7696
7816	7	5977889662220	none	7697	f3d32c54	512	224	0	7697
7817	0	5977906975730	none	7698	f3d32c54	512	224	0	7698
7818	1	5977924243240	none	7699	8562ce8a	512	224	0	7699
7819	2	5977941507130	none	7700	5c252cae	512	224	0	7700
7820	3	5977958841170	none	7701	459a0392	512	224	0	7701
7821	4	5977972171720	none	7702	459a0392	512	224	0	7702
7822	5	5977989508120	none	7703	57e38a79	512	224	0	7703
7823	6	5978006819490	none	7704	57e38a79	512	224	0	7704
7824	7	5978024242010	none	7705	142fa6d3	512	224	0	7705
7825	0	5978041691390	none	7706	142fa6d3	512	224	0	7706
7826	1	5978059022420	none	7707	8ec146fe	512	224	0	7707
7827	2	5978072383280	none	7708	8ec146fe	512	224	0	7708
7828	3	5978089889060	none	7709	69e2f5c6	512	224	0	7709
7829	4	5978107148590	none	7710	69e2f5c6	512	224	0	7710
7830	5	5978124520250	none	7711	8254d9b0	512	224	0	7711
7831	6	5978141816680	none	7712	8254d9b0	512	224	0	7712
7832	7	5978159193740	none	7713	0d8fa1c3	512	224	0	7713
7833	0	5978172413340	none	7714	47f0199b	512	224	0	7714
7834	1	5978189807320	none	7715	258cd83f	512	224	0	7715
7835	2	5978207027340	none	7716	258cd83f	512	224	0	7716
7836	3	5978224268810	none	7717	fb62eaf0	512	224	0	7717
7837	4	5978241747760	none	7718	fb62eaf0	512	224	0	7718
7838	5	5978255149110	none	7719	3ee436bc	512	224	0	7719
7839	6	5978272651280	none	7720	3ee436bc	512	224	0	7720
7840	7	5978289904340	none	7721	18d5936f	512	224	0	7721
7841	0	5978307294790	none	7722	18d5936f	512	224	0	7722
7842	1	5978324671660	none	7723	ac82a181	512	224	0	7723
7843	2	5978342153500	none	7724	ac82a181	512	224	0	7724
7844	3	5978355482390	none	7725	ac82a181	512	224	0	7725
7845	4	5978372855290	none	7726	7d1abd55	512	224	0	7726
7846	5	5978390518630	none	7727	1beffe16	512	224	0	7727
7847	6	5978408006570	none	7728	943834e4	512	224	0	7728
7848	7	5978421470010	none	7729	943834e4	512	224	0	7729
7849	0	5978438811220	none	7730	c141af97	512	224	0	7730
7850	1	5978456323360	none	7731	70415f71	512	224	0	7731
7851	2	5978473809360	none	7732	70415f71	512	224	0	7732
7852	3	5978491171200	none	7733	70415f71	512	224	0	7733
7853	4	5978508593660	none	7734	70415f71	512	224	0	7734
7854	5	5978522006280	none	7735	195ad0d0	512	224	0	7735
7855	6	5978539270920	none	7736	4e966565	512	224	0	7736
7856	7	5978556705690	none	7737	4e966565	512	224	0	7737
7857	0	5978573983470	none	7738	4e966565	512	224	0	7738
7858	1	5978591320830	none	7739	4e966565	512	224	0	7739
7859	2	5978604675030	none	7740	4e966565	512	224	0	7740
7860	3	5978622249990	none	7741	4e966565	512	224	0	7741
7861	4	5978639607310	none	7742	dd9e8733	512	224	0	7742
7862	5	5978656867120	none	7743	dd9e8733	512	224	0	7743
7863	6	5978674246810	none	7744	dd9e8733	512	224	0	7744
7864	7	5978687689090	none	7745	dd9e8733	512	224	0	7745
7865	0	5978705125620	none	7746	dd9e8733	512	224	0	7746
7866	1	5978722350090	none	7747	dd9e8733	512	224	0	7747
7867	2	5978739777850	none	7748	dd9e8733	512	224	0	7748
7868	3	5978757136080	none	7749	2a373e34	512	224	0	7749
7869	4	5978774610770	none	7750	2a373e34	512	224	0	7750
7870	5	5978787943220	none	7751	2a373e34	512	224	0	7751
7871	6	5978805275290	none	7752	2a373e34	512	224	0	7752
7872	7	5978822710260	none	7753	127bf6e4	512	224	0	7753
7873	0	5978839953740	none	7754	127bf6e4	512	224	0	7754
7874	1	5978857395610	none	7755	127bf6e4	512	224	0	7755
7875	2	5978870724120	none	7756	9dac3c16	512	224	0	7756
7876	3	5978888009460	none	7757	9dac3c16	512	224	0	7757
7877	4	5978905480430	none	7758	9dac3c16	512	224	0	7758
7878	5	5978922834820	none	7759	9dac3c16	512	224	0	7759
7879	6	5978940183290	none	7760	9dac3c16	512	224	0	7760
7880	7	5978957595460	none	7761	9dac3c16	512	224	0	7761
7881	0	5978970939600	none	7762	9dac3c16	512	224	0	7762
7882	1	5978988365620	none	7763	1c94df4b	512	224	0	7763
7883	2	5979005780610	none	7764	1c94df4b	512	224	0	7764
7884	3	5979023092590	none	7765	1c94df4b	512	224	0	7765
7885	4	5979040491720	none	7766	1c94df4b	512	224	0	7766
7886	5	5979053879500	none	7767	1c94df4b	512	224	0	7767
7887	6	5979071121100	none	7768	1c94df4b	512	224	0	7768
7888	7	5979088610180	none	7769	1c94df4b	512	224	0	7769
7889	0	5979106036120	none	7770	eb3d664c	512	224	0	7770
7890	1	5979123487270	none	7771	eb3d664c	512	224	0	7771
7891	2	5979140893320	none	7772	eb3d664c	512	224	0	7772
7892	3	5979154248890	none	7773	599ce187	512	224	0	7773
7893	4	5979171716010	none	7774	599ce187	512	224	0	7774
7894	5	5979189025050	none	7775	599ce187	512	224	0	7775
7895	6	5979206367940	none	7776	599ce187	512	224	0	7776
7896	7	5979223843420	none	7777	ae355880	512	224	0	7777
7897	0	5979237150330	none	7778	ae355880	512	224	0	7778
7898	1	5979254495680	none	7779	ae355880	512	224	0	7779
7899	2	5979271739970	none	7780	ae355880	512	224	0	7780
7900	3	5979289169400	none	7781	ae355880	512	224	0	7781
7901	4	5979306492500	none	7782	ae355880	512	224	0	7782
7902	5	5979323841560	none	7783	41ec074d	512	224	0	7783
7903	6	5979337132450	none	7784	ce3bcdbf	512	224	0	7784
7904	7	5979354485630	none	7785	ce3bcdbf	512	224	0	7785
7905	0	5979371743810	none	7786	ce3bcdbf	512	224	0	7786
7906	1	5979389179980	none	7787	ce3bcdbf	512	224	0	7787
7907	2	5979406475380	none	7788	ce3bcdbf	512	224	0	7788
7908	3	5979419838190	none	7789	ce3bcdbf	512	224	0	7789
7909	4	5979437365900	none	7790	ce3bcdbf	512	224	0	7790
7910	5	5979454815250	none	7791	41ec074d	512	224	0	7791
7911	6	5979472277230	none	7792	41ec074d	512	224	0	7792
7912	7	5979489606630	none	7793	692e49c6	512	224	0	7793
7913	0	5979506858050	none	7794	692e49c6	512	224	0	7794
7914	1	5979520191100	none	7795	692e49c6	512	224	0	7795
7915	2	5979537583920	none	7796	692e49c6	512	224	0	7796
7916	3	5979554914620	none	7797	692e49c6	512	224	0	7797
7917	4	5979572319570	none	7798	9e87f0c1	512	224	0	7798
7918	5	5979589806760	none	7799	9e87f0c1	512	224	0	7799
7919	6	5979602999470	none	7800	9e87f0c1	512	224	0	7800
7920	7	5979620405420	none	7801	9e87f0c1	512	224	0	7801
7921	0	5979637742060	none	7802	9e87f0c1	512	224	0	7802
7922	1	5979655114690	none	7803	26846449	512	224	0	7803
7923	2	5979672328170	none	7804	26846449	512	224	0	7804
7924	3	5979689795100	none	7805	d12ddd4e	512	224	0	7805
7925	4	5979702977660	none	7806	d12ddd4e	512	224	0	7806
7926	5	5979720430810	none	7807	d12ddd4e	512	224	0	7807
7927	6	5979737874590	none	7808	d12ddd4e	512	224	0	7808
7928	7	5979755184270	none	7809	d12ddd4e	512	224	0	7809
7929	0	5979772615340	none	7810	d12ddd4e	512	224	0	7810
7930	1	5979785828620	none	7811	d12ddd4e	512	224	0	7811
7931	2	5979803209970	none	7812	5efa17bc	512	224	0	7812
7932	3	5979820479290	none	7813	7ff4a526	512	224	0	7813
7933	4	5979838003170	none	7814	7ff4a526	512	224	0	7814
7934	5	5979855524880	none	7815	7ff4a526	512	224	0	7815
7935	6	5979872849370	none	7816	7ff4a526	512	224	0	7816
7936	7	5979886073440	none	7817	7ff4a526	512	224	0	7817
7937	0	5979903518870	none	7818	7ff4a526	512	224	0	7818
7938	1	5979921004610	none	7819	f0236fd4	512	224	0	7819
7939	2	5979938536830	none	7820	f0236fd4	512	224	0	7820
7940	3	5979955990470	none	7821	f0236fd4	512	224	0	7821
7941	4	5979969461010	none	7822	f0236fd4	512	224	0	7822
7942	5	5979986724840	none	7823	f0236fd4	512	224	0	7823
7943	6	5980004173650	none	7824	f0236fd4	512	224	0	7824
7944	7	5980021471040	none	7825	3ed6e97f	512	224	0	7825
7945	0	5980038993090	none	7826	893632d1	512	224	0	7826
7946	1	5980052326650	none	7827	471e34d1	512	224	0	7827
7947	2	5980069756410	none	7828	ead308ea	512	224	0	7828
7948	3	5980087000060	none	7829	2d706b1f	512	224	0	7829
7949	4	5980104271770	none	7830	67c42494	512	224	0	7830
7950	5	5980121648470	none	7831	d993d7e3	512	224	0	7831
7951	6	5980139046260	none	7832	768a46fc	512	224	0	7832
7952	7	5980152363790	none	7833	0534574f	512	224	0	7833
7953	0	5980169749200	none	7834	c19eb2ab	512	224	0	7834
7954	1	5980186986870	none	7835	6e302233	512	224	0	7835
7955	2	5980204233340	none	7836	4deaec67	512	224	0	7836
7956	3	5980221693030	none	7837	44df5329	512	224	0	7837
7957	4	5980239027810	none	7838	0fdaf02e	512	224	0	7838
7958	5	5980252325220	none	7839	7899d9f7	512	224	0	7839
7959	6	5980269802760	none	7840	70805a30	512	224	0	7840
7960	7	5980287256820	none	7841	a46cdc21	512	224	0	7841
7961	0	5980304768400	none	7842	1c36e67e	512	224	0	7842
7962	1	5980322246820	none	7843	b5b00fad	512	224	0	7843
7963	2	5980335601890	none	7844	2736ab86	512	224	0	7844
7964	3	5980353002280	none	7845	03639904	512	224	0	7845
7965	4	5980370421670	none	7846	50a35ebe	512	224	0	7846
7966	5	5980387901670	none	7847	df74944c	512	224	0	7847
7967	6	5980405216530	none	7848	000aaedb	512	224	0	7848
7968	7	5980418552910	none	7849	14017717	512	224	0	7849
7969	0	5980435982530	none	7850	d6b46b10	512	224	0	7850
7970	1	5980453377400	none	7851	8602eb6a	512	224	0	7851
7971	2	5980470885230	none	7852	38ed292a	512	224	0	7852
7972	3	5980488285110	none	7853	61d24dd0	512	224	0	7853
7973	4	5980501501260	none	7854	c659862a	512	224	0	7854
7974	5	5980518826610	none	7855	95ac0050	512	224	0	7855
7975	6	5980536339200	none	7856	95e54cb2	512	224	0	7856
7976	7	5980553815010	none	7857	9e537a0d	512	224	0	7857
7977	0	5980571275550	none	7858	e07d0d19	512	224	0	7858
7978	1	5980584688570	none	7859	2338375c	512	224	0	7859
7979	2	5980602093480	none	7860	a38d9503	512	224	0	7860
7980	3	5980619456730	none	7861	55b1aed2	512	224	0	7861
7981	4	5980636958920	none	7862	8e4812ed	512	224	0	7862
7982	5	5980654229170	none	7863	f27a9184	512	224	0	7863
7983	6	5980667720540	none	7864	48a7c518	512	224	0	7864
7984	7	5980685107430	none	7865	6a966e51	512	224	0	7865
7985	0	5980702441160	none	7866	1871be75	512	224	0	7866
7986	1	5980719794840	none	7867	fabf8b7a	512	224	0	7867
7987	2	5980737254430	none	7868	4546d370	512	224	0	7868
7988	3	5980754663280	none	7869	7ff4a526	512	224	0	7869
7989	4	5980767972650	none	7870	7ff4a526	512	224	0	7870
7990	5	5980785403220	none	7871	7ff4a526	512	224	0	7871
7991	6	5980802726320	none	7872	7ff4a526	512	224	0	7872
7992	7	5980820049730	none	7873	7ff4a526	512	224	0	7873
7993	0	5980837547410	none	7874	7ff4a526	512	224	0	7874
7994	1	5980850847570	none	7875	f0236fd4	512	224	0	7875
7995	2	5980868243190	none	7876	f0236fd4	512	224	0	7876
7996	3	5980885527100	none	7877	f0236fd4	512	224	0	7877
7997	4	5980902875750	none	7878	f0236fd4	512	224	0	7878
7998	5	5980920215730	none	7879	f0236fd4	512	224	0	7879
7999	6	5980937577940	none	7880	f0236fd4	512	224	0	7880
8000	7	5980950909010	none	7881	f0236fd4	512	224	0	7881
8001	0	5980968381580	none	7882	078ad6d3	512	224	0	7882
8002	1	5980985873130	none	7883	078ad6d3	512	224	0	7883
8003	2	5981003240820	none	7884	078ad6d3	512	224	0	7884
8004	3	5981020475790	none	7885	078ad6d3	512	224	0	7885
8005	4	5981033872830	none	7886	078ad6d3	512	224	0	7886
8006	5	5981051267850	none	7887	078ad6d3	512	224	0	7887
8007	6	5981068644830	none	7888	078ad6d3	512	224	0	7888
8008	7	5981086017440	none	7889	f0236fd4	512	224	0	7889
8009	0	5981103468220	none	7890	f0236fd4	512	224	0	7890
8010	1	5981120899650	none	7891	b6316ba4	512	224	0	7891
8011	2	5981134222370	none	7892	6d015e2b	512	224	0	7892
8012	3	5981151661970	none	7893	6d015e2b	512	224	0	7893
8013	4	5981169108390	none	7894	6d015e2b	512	224	0	7894
8014	5	5981186436450	none	7895	6d015e2b	512	224	0	7895
8015	6	5981203810970	none	7896	a3fbebd7	512	224	0	7896
8016	7	5981217123580	none	7897	a3fbebd7	512	224	0	7897
8017	0	5981234489450	none	7898	a3fbebd7	512	224	0	7898
8018	1	5981251766210	none	7899	a3fbebd7	512	224	0	7899
8019	2	5981269201270	none	7900	4b0d029d	512	224	0	7900
8020	3	5981286711080	none	7901	4b0d029d	512	224	0	7901
8021	4	5981300092850	none	7902	4b0d029d	512	224	0	7902
8022	5	5981317470170	none	7903	c4dac86f	512	224	0	7903
8023	6	5981335019340	none	7904	aea19292	512	224	0	7904
8024	7	5981352347220	none	7905	aea19292	512	224	0	7905
8025	0	5981369822750	none	7906	aea19292	512	224	0	7906
8026	1	5981387181170	none	7907	aea19292	512	224	0	7907
8027	2	5981400346010	none	7908	c24492e2	512	224	0	7908
8028	3	5981417709170	none	7909	c24492e2	512	224	0	7909
8029	4	5981435203830	none	7910	35ed2be5	512	224	0	7910
8030	5	5981452641690	none	7911	35ed2be5	512	224	0	7911
8031	6	5981470044720	none	7912	621ca5ae	512	224	0	7912
8032	7	5981483352240	none	7913	621ca5ae	512	224	0	7913
8033	0	5981500810140	none	7914	621ca5ae	512	224	0	7914
8034	1	5981518047040	none	7915	621ca5ae	512	224	0	7915
8035	2	5981535363860	none	7916	41d1a236	512	224	0	7916
8036	3	5981552685290	none	7917	b6781b31	512	224	0	7917
8037	4	5981570014210	none	7918	b6781b31	512	224	0	7918
8038	5	5981583332090	none	7919	b6781b31	512	224	0	7919
8039	6	5981600594090	none	7920	3727656e	512	224	0	7920
8040	7	5981617892580	none	7921	3727656e	512	224	0	7921
8041	0	5981635214560	none	7922	3727656e	512	224	0	7922
8042	1	5981652542740	none	7923	3727656e	512	224	0	7923
8043	2	5981669894590	none	7924	e0b5a645	512	224	0	7924
8044	3	5981683206410	none	7925	e0b5a645	512	224	0	7925
8045	4	5981700498540	none	7926	e0b5a645	512	224	0	7926
8046	5	5981717931190	none	7927	e0b5a645	512	224	0	7927
8047	6	5981735398130	none	7928	e0b5a645	512	224	0	7928
8048	7	5981752753130	none	7929	e0b5a645	512	224	0	7929
8049	0	5981766028250	none	7930	e0b5a645	512	224	0	7930
8050	1	5981783502130	none	7931	6f626cb7	512	224	0	7931
8051	2	5981801000160	none	7932	f041c1fe	512	224	0	7932
8052	3	5981818485410	none	7933	f041c1fe	512	224	0	7933
8053	4	5981835852910	none	7934	f041c1fe	512	224	0	7934
8054	5	5981849275350	none	7935	f041c1fe	512	224	0	7935
8055	6	5981866680500	none	7936	d85a5cca	512	224	0	7936
8056	7	5981884014600	none	7937	d85a5cca	512	224	0	7937
8057	0	5981901308710	none	7938	2ff3e5cd	512	224	0	7938
8058	1	5981918933880	none	7939	2ff3e5cd	512	224	0	7939
8059	2	5981936283980	none	7940	135764cd	512	224	0	7940
8060	3	5981949660380	none	7941	135764cd	512	224	0	7941
8061	4	5981967101530	none	7942	135764cd	512	224	0	7942
8062	5	5981984486700	none	7943	135764cd	512	224	0	7943
8063	6	5982001746000	none	7944	135764cd	512	224	0	7944
8064	7	5982019154550	none	7945	e4feddca	512	224	0	7945
8065	0	5982032580420	none	7946	e4feddca	512	224	0	7946
8066	1	5982049990990	none	7947	e4feddca	512	224	0	7947
8067	2	5982067380060	none	7948	eed4da58	512	224	0	7948
8068	3	5982084832110	none	7949	eed4da58	512	224	0	7949
8069	4	5982102219530	none	7950	eed4da58	512	224	0	7950
8070	5	5982115551380	none	7951	eed4da58	512	224	0	7951
8071	6	5982133078930	none	7952	61d83cd1	512	224	0	7952
8072	7	5982150447260	none	7953	61d83cd1	512	224	0	7953
8073	0	5982167902030	none	7954	61d83cd1	512	224	0	7954
8074	1	5982185228670	none	7955	61d83cd1	512	224	0	7955
8075	2	5982202538120	none	7956	2db946eb	512	224	0	7956
8076	3	5982215831560	none	7957	2db946eb	512	224	0	7957
8077	4	5982233502150	none	7958	2db946eb	512	224	0	7958
8078	5	5982251018360	none	7959	a26e8c19	512	224	0	7959
8079	6	5982268511150	none	7960	a26e8c19	512	224	0	7960
8080	7	5982281820730	none	7961	a26e8c19	512	224	0	7961
8081	0	5982299189340	none	7962	a26e8c19	512	224	0	7962
8082	1	5982316568180	none	7963	a26e8c19	512	224	0	7963
8083	2	5982333927260	none	7964	5b04775c	512	224	0	7964
8084	3	5982351327750	none	7965	5b04775c	512	224	0	7965
8085	4	5982368694790	none	7966	acadce5b	512	224	0	7966
8086	5	5982382011100	none	7967	acadce5b	512	224	0	7967
8087	6	5982399273340	none	7968	18c0fb4e	512	224	0	7968
8088	7	5982416695650	none	7969	18c0fb4e	512	224	0	7969
8089	0	5982434202720	none	7970	18c0fb4e	512	224	0	7970
8090	1	5982451684730	none	7971	18c0fb4e	512	224	0	7971
8091	2	5982465110530	none	7972	45207c0c	512	224	0	7972
8092	3	5982482564710	none	7973	b289c50b	512	224	0	7973
8093	4	5982499930630	none	7974	b289c50b	512	224	0	7974
8094	5	5982517322920	none	7975	b289c50b	512	224	0	7975
8095	6	5982534705320	none	7976	e541855c	512	224	0	7976
8096	7	5982548175050	none	7977	e541855c	512	224	0	7977
8097	0	5982565425060	none	7978	e541855c	512	224	0	7978
8098	1	5982582792050	none	7979	e541855c	512	224	0	7979
8099	2	5982600338140	none	7980	8fadb77e	512	224	0	7980
8100	3	5982617828330	none	7981	8fadb77e	512	224	0	7981
8101	4	5982635118420	none	7982	8fadb77e	512	224	0	7982
8102	5	5982648493650	none	7983	8fadb77e	512	224	0	7983
8103	6	5982665858080	none	7984	f057e1cc	512	224	0	7984
8104	7	5982683311920	none	7985	f057e1cc	512	224	0	7985
8105	0	5982700952000	none	7986	f057e1cc	512	224	0	7986
8106	1	5982714410390	none	7987	7f802b3e	512	224	0	7987
8107	2	5982731713380	none	7988	2eb2fdc4	512	224	0	7988
8108	3	5982749125980	none	7989	2eb2fdc4	512	224	0	7989
8109	4	5982766649340	none	7990	2eb2fdc4	512	224	0	7990
8110	5	5982783994230	none	7991	2eb2fdc4	512	224	0	7991
8111	6	5982801399200	none	7992	c57594a1	512	224	0	7992
8112	7	5982814706200	none	7993	c57594a1	512	224	0	7993
8113	0	5982832205980	none	7994	32dc2da6	512	224	0	7994
8114	1	5982849604590	none	7995	32dc2da6	512	224	0	7995
8115	2	5982867065180	none	7996	1d5614a4	512	224	0	7996
8116	3	5982884421160	none	7997	1d5614a4	512	224	0	7997
8117	4	5982897849280	none	7998	1d5614a4	512	224	0	7998
8118	5	5982915165230	none	7999	1d5614a4	512	224	0	7999
8119	6	5982932560680	none	8000	1d5614a4	512	224	0	8000
8120	7	5982949968260	none	8001	eaffada3	512	224	0	8001
8121	0	5982967348860	none	8002	eaffada3	512	224	0	8002
8122	1	5982980653830	none	8003	eaffada3	512	224	0	8003
8123	2	5982997927100	none	8004	22c172cd	512	224	0	8004
8124	3	5983015357340	none	8005	22c172cd	512	224	0	8005
8125	4	5983032771200	none	8006	22c172cd	512	224	0	8006
8126	5	5983050187870	none	8007	22c172cd	512	224	0	8007
8127	6	5983067643990	none	8008	f0b984af	512	224	0	8008
8128	7	5983081019010	none	8009	f0b984af	512	224	0	8009
8129	0	5983098468560	none	8010	f0b984af	512	224	0	8010
8130	1	5983115951140	none	8011	f0b984af	512	224	0	8011
8131	2	5983133483040	none	8012	051f6f5e	512	224	0	8012
8132	3	5983150971240	none	8013	051f6f5e	512	224	0	8013
8133	4	5983164408550	none	8014	051f6f5e	512	224	0	8014
8134	5	5983181720110	none	8015	8ac8a5ac	512	224	0	8015
8135	6	5983199170450	none	8016	1489cd16	512	224	0	8016
8136	7	5983216637890	none	8017	1489cd16	512	224	0	8017
8137	0	5983233979200	none	8018	1489cd16	512	224	0	8018
8138	1	5983247340430	none	8019	1489cd16	512	224	0	8019
8139	2	5983264828270	none	8020	1489cd16	512	224	0	8020
8140	3	5983282210580	none	8021	1489cd16	512	224	0	8021
8141	4	5983299735210	none	8022	e3207411	512	224	0	8022
8142	5	5983317219720	none	8023	e3207411	512	224	0	8023
8143	6	5983330585950	none	8024	3ebaf212	512	224	0	8024
8144	7	5983347916630	none	8025	3ebaf212	512	224	0	8025
8145	0	5983365349380	none	8026	3ebaf212	512	224	0	8026
8146	1	5983382631630	none	8027	3ebaf212	512	224	0	8027
8147	2	5983400212500	none	8028	1dde2887	512	224	0	8028
8148	3	5983413686980	none	8029	53b8be4b	512	224	0	8029
8149	4	5983431458620	none	8030	53b8be4b	512	224	0	8030
8150	5	5983449297240	none	8031	53b8be4b	512	224	0	8031
8151	6	5983466661370	none	8032	b4abcf3a	512	224	0	8032
8152	7	5983480061380	none	8033	b4abcf3a	512	224	0	8033
8153	0	5983497513430	none	8034	ede777bf	512	224	0	8034
8154	1	5983514864270	none	8035	ede777bf	512	224	0	8035
8155	2	5983532244010	none	8036	d66a92b9	512	224	0	8036
8156	3	5983549742020	none	8037	d66a92b9	512	224	0	8037
8157	4	5983563166610	none	8038	d66a92b9	512	224	0	8038
8158	5	5983580409260	none	8039	69ea6f6f	512	224	0	8039
8159	6	5983597865540	none	8040	69ea6f6f	512	224	0	8040
8160	7	5983615171500	none	8041	69ea6f6f	512	224	0	8041
8161	0	5983632618770	none	8042	69ea6f6f	512	224	0	8042
8162	1	5983650159860	none	8043	e63da59d	512	224	0	8043
8163	2	5983663572910	none	8044	cfc11256	512	224	0	8044
8164	3	5983680959190	none	8045	cfc11256	512	224	0	8045
8165	4	5983698334390	none	8046	cfc11256	512	224	0	8046
8166	5	5983715679080	none	8047	cfc11256	512	224	0	8047
8167	6	5983733000080	none	8048	f5a12e38	512	224	0	8048
8168	7	5983746351790	none	8049	f5a12e38	512	224	0	8049
8169	0	5983763710900	none	8050	0208973f	512	224	0	8050
8170	1	5983781082670	none	8051	0208973f	512	224	0	8051
8171	2	5983798451150	none	8052	d0ced0da	512	224	0	8052
8172	3	5983815833800	none	8053	d0ced0da	512	224	0	8053
8173	4	5983829267070	none	8054	d0ced0da	512	224	0	8054
8174	5	5983846655350	none	8055	d0ced0da	512	224	0	8055
8175	6	5983863943000	none	8056	792202ab	512	224	0	8056
8176	7	5983881256580	none	8057	8e8bbbac	512	224	0	8057
8177	0	5983898706330	none	8058	8e8bbbac	512	224	0	8058
8178	1	5983916100420	none	8059	8e8bbbac	512	224	0	8059
8179	2	5983929479290	none	8060	8e8bbbac	512	224	0	8060
8180	3	5983946723920	none	8061	8e8bbbac	512	224	0	8061
8181	4	5983963953250	none	8062	8e8bbbac	512	224	0	8062
8182	5	5983981307820	none	8063	8e8bbbac	512	224	0	8063
8183	6	5983998708730	none	8064	d6c2582d	512	224	0	8064
8184	7	5984016051530	none	8065	d6c2582d	512	224	0	8065
8185	0	5984029433030	none	8066	d6c2582d	512	224	0	8066
8186	1	5984046723940	none	8067	d6c2582d	512	224	0	8067
8187	2	5984064116320	none	8068	f98a3680	512	224	0	8068
8188	3	5984081402650	none	8069	f98a3680	512	224	0	8069
8189	4	5984098909710	none	8070	f98a3680	512	224	0	8070
8190	5	5984112256730	none	8071	765dfc72	512	224	0	8071
8191	6	5984129487810	none	8072	16196ad3	512	224	0	8072
8192	7	5984146734180	none	8073	16196ad3	512	224	0	8073
8193	0	5984163998120	none	8074	16196ad3	512	224	0	8074
8194	1	5984181342580	none	8075	16196ad3	512	224	0	8075
8195	2	5984198876160	none	8076	9124d118	512	224	0	8076
8196	3	5984212277270	none	8077	9124d118	512	224	0	8077
8197	4	5984229727980	none	8078	668d681f	512	224	0	8078
8198	5	5984247178950	none	8079	668d681f	512	224	0	8079
8199	6	5984264562660	none	8080	47bcea2b	512	224	0	8080
8200	7	5984281927970	none	8081	47bcea2b	512	224	0	8081
8201	0	5984295113020	none	8082	47bcea2b	512	224	0	8082
8202	1	5984312368020	none	8083	47bcea2b	512	224	0	8083
8203	2	5984329726640	none	8084	aab65c0d	512	224	0	8084
8204	3	5984347205400	none	8085	5d1fe50a	512	224	0	8085
8205	4	5984364690610	none	8086	5d1fe50a	512	224	0	8086
8206	5	5984382067430	none	8087	5d1fe50a	512	224	0	8087
8207	6	5984395404180	none	8088	5d1fe50a	512	224	0	8088
8208	7	5984412911270	none	8089	5d1fe50a	512	224	0	8089
8209	0	5984430147600	none	8090	5d1fe50a	512	224	0	8090
8210	1	5984447589380	none	8091	5d1fe50a	512	224	0	8091
8211	2	5984465046880	none	8092	d2c82ff8	512	224	0	8092
8212	3	5984478337400	none	8093	d2c82ff8	512	224	0	8093
8213	4	5984495757520	none	8094	d2c82ff8	512	224	0	8094
8214	5	5984512982100	none	8095	d2c82ff8	512	224	0	8095
8215	6	5984530399480	none	8096	d2c82ff8	512	224	0	8096
8216	7	5984547776520	none	8097	d2c82ff8	512	224	0	8097
8217	0	5984565102300	none	8098	d2c82ff8	512	224	0	8098
8218	1	5984578492210	none	8099	5d1fe50a	512	224	0	8099
8219	2	5984595839320	none	8100	5d1fe50a	512	224	0	8100
8220	3	5984613217740	none	8101	5d1fe50a	512	224	0	8101
8221	4	5984630618090	none	8102	5d1fe50a	512	224	0	8102
8222	5	5984647916310	none	8103	5d1fe50a	512	224	0	8103
8223	6	5984661163230	none	8104	5d1fe50a	512	224	0	8104
8224	7	5984678554970	none	8105	5d1fe50a	512	224	0	8105
8225	0	5984695891760	none	8106	aab65c0d	512	224	0	8106
8226	1	5984713269440	none	8107	aab65c0d	512	224	0	8107
8227	2	5984730497600	none	8108	aab65c0d	512	224	0	8108
8228	3	5984747921970	none	8109	aab65c0d	512	224	0	8109
8229	4	5984761326410	none	8110	aab65c0d	512	224	0	8110
8230	5	5984778659020	none	8111	aab65c0d	512	224	0	8111
8231	6	5984796121930	none	8112	aab65c0d	512	224	0	8112
8232	7	5984813508060	none	8113	5d1fe50a	512	224	0	8113
8233	0	5984830836910	none	8114	5d1fe50a	512	224	0	8114
8234	1	5984848140590	none	8115	5d1fe50a	512	224	0	8115
8235	2	5984861336800	none	8116	5d1fe50a	512	224	0	8116
8236	3	5984878710030	none	8117	5d1fe50a	512	224	0	8117
8237	4	5984896348960	none	8118	5d1fe50a	512	224	0	8118
8238	5	5984914462290	none	8119	5d1fe50a	512	224	0	8119
8239	6	5984927839800	none	8120	d2c82ff8	512	224	0	8120
8240	7	5984945169230	none	8121	d2c82ff8	512	224	0	8121
8241	0	5984962529060	none	8122	d2c82ff8	512	224	0	8122
8242	1	5984979990230	none	8123	d2c82ff8	512	224	0	8123
8243	2	5984997502880	none	8124	d2c82ff8	512	224	0	8124
8244	3	5985010809520	none	8125	d2c82ff8	512	224	0	8125
8245	4	5985028075790	none	8126	d2c82ff8	512	224	0	8126
8246	5	5985045375550	none	8127	5d1fe50a	512	224	0	8127
8247	6	5985062709990	none	8128	5d1fe50a	512	224	0	8128
8248	7	5985080055300	none	8129	5d1fe50a	512	224	0	8129
8249	0	5985097509600	none	8130	5d1fe50a	512	224	0	8130
8250	1	5985110798630	none	8131	5d1fe50a	512	224	0	8131
8251	2	5985128028440	none	8132	5d1fe50a	512	224	0	8132
8252	3	5985145383310	none	8133	5d1fe50a	512	224	0	8133
8253	4	5985162767950	none	8134	aab65c0d	512	224	0	8134
8254	5	5985180169710	none	8135	aab65c0d	512	224	0	8135
8255	6	5985197554200	none	8136	aab65c0d	512	224	0	8136
8256	7	5985210899020	none	8137	aab65c0d	512	224	0	8137
8257	0	5985228286680	none	8138	aab65c0d	512	224	0	8138
8258	1	5985245739760	none	8139	aab65c0d	512	224	0	8139
8259	2	5985262973230	none	8140	aab65c0d	512	224	0	8140
8260	3	5985280385770	none	8141	5d1fe50a	512	224	0	8141
8261	4	5985293916230	none	8142	5d1fe50a	512	224	0	8142
8262	5	5985311274370	none	8143	5d1fe50a	512	224	0	8143
8263	6	5985328614440	none	8144	5d1fe50a	512	224	0	8144
8264	7	5985346088150	none	8145	5d1fe50a	512	224	0	8145
8265	0	5985363452670	none	8146	5d1fe50a	512	224	0	8146
8266	1	5985376744700	none	8147	5d1fe50a	512	224	0	8147
8267	2	5985394052530	none	8148	d2c82ff8	512	224	0	8148
8268	3	5985411322800	none	8149	d2c82ff8	512	224	0	8149
8269	4	5985428713910	none	8150	d2c82ff8	512	224	0	8150
8270	5	5985446083580	none	8151	d2c82ff8	512	224	0	8151
8271	6	5985463435430	none	8152	d2c82ff8	512	224	0	8152
8272	7	5985476768760	none	8153	d2c82ff8	512	224	0	8153
8273	0	5985494033240	none	8154	d2c82ff8	512	224	0	8154
8274	1	5985511252480	none	8155	5d1fe50a	512	224	0	8155
8275	2	5985528610720	none	8156	5d1fe50a	512	224	0	8156
8276	3	5985546071910	none	8157	5d1fe50a	512	224	0	8157
8277	4	5985563447560	none	8158	5d1fe50a	512	224	0	8158
8278	5	5985576806830	none	8159	5d1fe50a	512	224	0	8159
8279	6	5985594262400	none	8160	5d1fe50a	512	224	0	8160
8280	7	5985611672160	none	8161	5d1fe50a	512	224	0	8161
8281	0	5985629162550	none	8162	aab65c0d	512	224	0	8162
8282	1	5985646594000	none	8163	aab65c0d	512	224	0	8163
8283	2	5985660098780	none	8164	aab65c0d	512	224	0	8164
8284	3	5985677602770	none	8165	aab65c0d	512	224	0	8165
8285	4	5985695060900	none	8166	aab65c0d	512	224	0	8166
8286	5	5985712603570	none	8167	aab65c0d	512	224	0	8167
8287	6	5985729915940	none	8168	aab65c0d	512	224	0	8168
8288	7	5985743269220	none	8169	5d1fe50a	512	224	0	8169
8289	0	5985760792300	none	8170	5d1fe50a	512	224	0	8170
8290	1	5985778194910	none	8171	5d1fe50a	512	224	0	8171
8291	2	5985795413250	none	8172	5d1fe50a	512	224	0	8172
8292	3	5985812665940	none	8173	5d1fe50a	512	224	0	8173
8293	4	5985829898660	none	8174	5d1fe50a	512	224	0	8174
8294	5	5985843230530	none	8175	5d1fe50a	512	224	0	8175
8295	6	5985860484300	none	8176	d2c82ff8	512	224	0	8176
8296	7	5985877893940	none	8177	d2c82ff8	512	224	0	8177
8297	0	5985895329240	none	8178	d2c82ff8	512	224	0	8178
8298	1	5985912655400	none	8179	d2c82ff8	512	224	0	8179
8299	2	5985925875910	none	8180	d2c82ff8	512	224	0	8180
8300	3	5985943392120	none	8181	d2c82ff8	512	224	0	8181
8301	4	5985960774630	none	8182	d2c82ff8	512	224	0	8182
8302	5	5985978107450	none	8183	5d1fe50a	512	224	0	8183
8303	6	5985995368890	none	8184	5d1fe50a	512	224	0	8184
8304	7	5986012691200	none	8185	5d1fe50a	512	224	0	8185
8305	0	5986026102260	none	8186	5d1fe50a	512	224	0	8186
8306	1	5986043530240	none	8187	5d1fe50a	512	224	0	8187
8307	2	5986060883650	none	8188	5d1fe50a	512	224	0	8188
8308	3	5986078261030	none	8189	5d1fe50a	512	224	0	8189
8309	4	5986095658410	none	8190	aab65c0d	512	224	0	8190
8310	5	5986109204810	none	8191	aab65c0d	512	224	0	8191
8311	6	5986126619580	none	8192	aab65c0d	512	224	0	8192
8312	7	5986143916340	none	8193	aab65c0d	512	224	0	8193
8313	0	5986161259010	none	8194	aab65c0d	512	224	0	8194
8314	1	5986178627610	none	8195	aab65c0d	512	224	0	8195
8315	2	5986192008360	none	8196	aab65c0d	512	224	0	8196
8316	3	5986209447840	none	8197	5d1fe50a	512	224	0	8197
8317	4	5986226721720	none	8198	5d1fe50a	512	224	0	8198
8318	5	5986244143980	none	8199	5d1fe50a	512	224	0	8199
8319	6	5986261435590	none	8200	5d1fe50a	512	224	0	8200
8320	7	5986278780640	none	8201	5d1fe50a	512	224	0	8201
8321	0	5986292165670	none	8202	5d1fe50a	512	224	0	8202
8322	1	5986309687920	none	8203	5d1fe50a	512	224	0	8203
8323	2	5986327155750	none	8204	d2c82ff8	512	224	0	8204
8324	3	5986344596900	none	8205	d2c82ff8	512	224	0	8205
8325	4	5986362055890	none	8206	d2c82ff8	512	224	0	8206
8326	5	5986375463010	none	8207	d2c82ff8	512	224	0	8207
8327	6	5986392926160	none	8208	d2c82ff8	512	224	0	8208
8328	7	5986410343550	none	8209	d2c82ff8	512	224	0	8209
8329	0	5986427844680	none	8210	d2c82ff8	512	224	0	8210
8330	1	5986445120710	none	8211	5d1fe50a	512	224	0	8211
8331	2	5986458493780	none	8212	5d1fe50a	512	224	0	8212
8332	3	5986475907610	none	8213	5d1fe50a	512	224	0	8213
8333	4	5986493592200	none	8214	5d1fe50a	512	224	0	8214
8334	5	5986510941200	none	8215	5d1fe50a	512	224	0	8215
8335	6	5986528188560	none	8216	5d1fe50a	512	224	0	8216
8336	7	5986541397140	none	8217	5d1fe50a	512	224	0	8217
8337	0	5986558812610	none	8218	aab65c0d	512	224	0	8218
8338	1	5986576264840	none	8219	aab65c0d	512	224	0	8219
8339	2	5986593712770	none	8220	aab65c0d	512	224	0	8220
8340	3	5986611092850	none	8221	aab65c0d	512	224	0	8221
8341	4	5986628451850	none	8222	aab65c0d	512	224	0	8222
8342	5	5986641775790	none	8223	aab65c0d	512	224	0	8223
8343	6	5986659385700	none	8224	aab65c0d	512	224	0	8224
8344	7	5986676685680	none	8225	5d1fe50a	512	224	0	8225
8345	0	5986693988450	none	8226	5d1fe50a	512	224	0	8226
8346	1	5986711378410	none	8227	5d1fe50a	512	224	0	8227
8347	2	5986724832960	none	8228	5d1fe50a	512	224	0	8228
8348	3	5986742224770	none	8229	5d1fe50a	512	224	0	8229
8349	4	5986759741770	none	8230	5d1fe50a	512	224	0	8230
8350	5	5986777172650	none	8231	5d1fe50a	512	224	0	8231
8351	6	5986794611820	none	8232	d2c82ff8	512	224	0	8232
8352	7	5986807952280	none	8233	d2c82ff8	512	224	0	8233
8353	0	5986825347780	none	8234	d2c82ff8	512	224	0	8234
8354	1	5986842686370	none	8235	d2c82ff8	512	224	0	8235
8355	2	5986860159410	none	8236	d2c82ff8	512	224	0	8236
8356	3	5986877537770	none	8237	d2c82ff8	512	224	0	8237
8357	4	5986890960570	none	8238	d2c82ff8	512	224	0	8238
8358	5	5986908398310	none	8239	5d1fe50a	512	224	0	8239
8359	6	5986925773710	none	8240	5d1fe50a	512	224	0	8240
8360	7	5986943027380	none	8241	5d1fe50a	512	224	0	8241
8361	0	5986960346910	none	8242	5d1fe50a	512	224	0	8242
8362	1	5986977668210	none	8243	5d1fe50a	512	224	0	8243
8363	2	5986991068300	none	8244	5d1fe50a	512	224	0	8244
8364	3	5987008459280	none	8245	5d1fe50a	512	224	0	8245
8365	4	5987025844900	none	8246	aab65c0d	512	224	0	8246
8366	5	5987043130530	none	8247	aab65c0d	512	224	0	8247
8367	6	5987060369320	none	8248	8124772e	512	224	0	8248
8368	7	5987077693810	none	8249	8124772e	512	224	0	8249
8369	0	5987091075010	none	8250	8124772e	512	224	0	8250
8370	1	5987108415570	none	8251	8124772e	512	224	0	8251
8371	2	5987125779770	none	8252	77cd8817	512	224	0	8252
8372	3	5987143187630	none	8253	80643110	512	224	0	8253
8373	4	5987160713080	none	8254	80643110	512	224	0	8254
8374	5	5987173887710	none	8255	80643110	512	224	0	8255
8375	6	5987191216730	none	8256	6892d85a	512	224	0	8256
8376	7	5987208586160	none	8257	6892d85a	512	224	0	8257
8377	0	5987226031850	none	8258	6892d85a	512	224	0	8258
8378	1	5987243414570	none	8259	6892d85a	512	224	0	8259
8379	2	5987260739350	none	8260	3f4b9456	512	224	0	8260
8380	3	5987273921130	none	8261	3f4b9456	512	224	0	8261
8381	4	5987291311240	none	8262	3f4b9456	512	224	0	8262
8382	5	5987308680080	none	8263	3f4b9456	512	224	0	8263
8383	6	5987326041600	none	8264	b5556efb	512	224	0	8264
8384	7	5987343403710	none	8265	b5556efb	512	224	0	8265
8385	0	5987356766100	none	8266	b5556efb	512	224	0	8266
8386	1	5987374196750	none	8267	3a82a409	512	224	0	8267
8387	2	5987391711440	none	8268	33ff04b8	512	224	0	8268
8388	3	5987409106590	none	8269	33ff04b8	512	224	0	8269
8389	4	5987426382930	none	8270	33ff04b8	512	224	0	8270
8390	5	5987443798000	none	8271	33ff04b8	512	224	0	8271
8391	6	5987457182750	none	8272	58dfb7c5	512	224	0	8272
8392	7	5987474582460	none	8273	58dfb7c5	512	224	0	8273
8393	0	5987491987400	none	8274	af760ec2	512	224	0	8274
8394	1	5987509364030	none	8275	af760ec2	512	224	0	8275
8395	2	5987526617390	none	8276	af760ec2	512	224	0	8276
8396	3	5987539853800	none	8277	af760ec2	512	224	0	8277
8397	4	5987557288970	none	8278	af760ec2	512	224	0	8278
8398	5	5987574787800	none	8279	af760ec2	512	224	0	8279
8399	6	5987592176780	none	8280	1de11bb3	512	224	0	8280
8400	7	5987609613740	none	8281	ea48a2b4	512	224	0	8281
8401	0	5987622971700	none	8282	ea48a2b4	512	224	0	8282
8402	1	5987640382790	none	8283	ea48a2b4	512	224	0	8283
8403	2	5987657701560	none	8284	19fb06ca	512	224	0	8284
8404	3	5987675072470	none	8285	19fb06ca	512	224	0	8285
8405	4	5987692603400	none	8286	19fb06ca	512	224	0	8286
8406	5	5987710017340	none	8287	19fb06ca	512	224	0	8287
8407	6	5987723290220	none	8288	7f1a9d2b	512	224	0	8288
8408	7	5987740556870	none	8289	7f1a9d2b	512	224	0	8289
8409	0	5987757888880	none	8290	7f1a9d2b	512	224	0	8290
8410	1	5987775356880	none	8291	7f1a9d2b	512	224	0	8291
8411	2	5987792707460	none	8292	a10d31ce	512	224	0	8292
8412	3	5987806037390	none	8293	a10d31ce	512	224	0	8293
8413	4	5987823407610	none	8294	a10d31ce	512	224	0	8294
8414	5	5987840876010	none	8295	2edafb3c	512	224	0	8295
8415	6	5987858261930	none	8296	0c9bf0c1	512	224	0	8296
8416	7	5987875667330	none	8297	0c9bf0c1	512	224	0	8297
8417	0	5987892894100	none	8298	0c9bf0c1	512	224	0	8298
8418	1	5987906277100	none	8299	0c9bf0c1	512	224	0	8299
8419	2	5987923767690	none	8300	1070629e	512	224	0	8300
8420	3	5987941194180	none	8301	1070629e	512	224	0	8301
8421	4	5987958642310	none	8302	e7d9db99	512	224	0	8302
8422	5	5987975979870	none	8303	e7d9db99	512	224	0	8303
8423	6	5987989339000	none	8304	f48ec812	512	224	0	8304
8424	7	5988006595730	none	8305	f48ec812	512	224	0	8305
8425	0	5988023880870	none	8306	f48ec812	512	224	0	8306
8426	1	5988041214070	none	8307	f48ec812	512	224	0	8307
8427	2	5988058647240	none	8308	fdf99b38	512	224	0	8308
8428	3	5988076184710	none	8309	0a50223f	512	224	0	8309
8429	4	5988089518210	none	8310	0a50223f	512	224	0	8310
8430	5	5988106737790	none	8311	0a50223f	512	224	0	8311
8431	6	5988124082730	none	8312	299d25a7	512	224	0	8312
8432	7	5988141377090	none	8313	299d25a7	512	224	0	8313
8433	0	5988158770840	none	8314	299d25a7	512	224	0	8314
8434	1	5988172243460	none	8315	299d25a7	512	224	0	8315
8435	2	5988189737030	none	8316	a64aef55	512	224	0	8316
8436	3	5988207127950	none	8317	a64aef55	512	224	0	8317
8437	4	5988224510530	none	8318	a64aef55	512	224	0	8318
8438	5	5988241756380	none	8319	a64aef55	512	224	0	8319
8439	6	5988259110590	none	8320	f362f84d	512	224	0	8320
8440	7	5988272392780	none	8321	f362f84d	512	224	0	8321
8441	0	5988289724460	none	8322	f362f84d	512	224	0	8322
8442	1	5988307214240	none	8323	7cb532bf	512	224	0	8323
8443	2	5988324704400	none	8324	28940676	512	224	0	8324
8444	3	5988341983700	none	8325	28940676	512	224	0	8325
8445	4	5988355285560	none	8326	28940676	512	224	0	8326
8446	5	5988372624580	none	8327	71d8bef3	512	224	0	8327
8447	6	5988390048430	none	8328	c0461e6b	512	224	0	8328
8448	7	5988407478950	none	8329	c0461e6b	512	224	0	8329
8449	0	5988424806070	none	8330	d76c3022	512	224	0	8330
8450	1	5988442176590	none	8331	d76c3022	512	224	0	8331
8451	2	5988455399130	none	8332	6ea31fe9	512	224	0	8332
8452	3	5988473152520	none	8333	6ea31fe9	512	224	0	8333
8453	4	5988490462350	none	8334	6ea31fe9	512	224	0	8334
8454	5	5988507873760	none	8335	6ea31fe9	512	224	0	8335
8455	6	5988525282680	none	8336	01124f61	512	224	0	8336
8456	7	5988538583000	none	8337	aff74ee3	512	224	0	8337
8457	0	5988556018670	none	8338	aff74ee3	512	224	0	8338
8458	1	5988573410280	none	8339	aff74ee3	512	224	0	8339
8459	2	5988590876310	none	8340	e3c333e7	512	224	0	8340
8460	3	5988608404700	none	8341	e3c333e7	512	224	0	8341
8461	4	5988621736840	none	8342	ba8f8b62	512	224	0	8342
8462	5	5988639180430	none	8343	ba8f8b62	512	224	0	8343
8463	6	5988656564350	none	8344	55a7f0e5	512	224	0	8344
8464	7	5988673859200	none	8345	55a7f0e5	512	224	0	8345
8465	0	5988691187180	none	8346	55a7f0e5	512	224	0	8346
8466	1	5988704503050	none	8347	55a7f0e5	512	224	0	8347
8467	2	5988721726290	none	8348	35c05c0d	512	224	0	8348
8468	3	5988739089270	none	8349	35c05c0d	512	224	0	8349
8469	4	5988756589780	none	8350	35c05c0d	512	224	0	8350
8470	5	5988773873630	none	8351	ba1796ff	512	224	0	8351
8471	6	5988791218790	none	8352	3dc0c452	512	224	0	8352
8472	7	5988804540100	none	8353	3dc0c452	512	224	0	8353
8473	0	5988821855140	none	8354	3dc0c452	512	224	0	8354
8474	1	5988839120790	none	8355	3dc0c452	512	224	0	8355
8475	2	5988856584220	none	8356	0925c48b	512	224	0	8356
8476	3	5988873873330	none	8357	0925c48b	512	224	0	8357
8477	4	5988891215280	none	8358	fe8c7d8c	512	224	0	8358
8478	5	5988904541780	none	8359	fe8c7d8c	512	224	0	8359
8479	6	5988921957190	none	8360	fe8c7d8c	512	224	0	8360
8480	7	5988939238760	none	8361	fe8c7d8c	512	224	0	8361
8481	0	5988956631780	none	8362	fe8c7d8c	512	224	0	8362
8482	1	5988973870520	none	8363	fe8c7d8c	512	224	0	8363
8483	2	5988991192420	none	8364	fe8c7d8c	512	224	0	8364
8484	3	5989004502510	none	8365	0925c48b	512	224	0	8365
8485	4	5989021839260	none	8366	0925c48b	512	224	0	8366
8486	5	5989039084620	none	8367	0925c48b	512	224	0	8367
8487	6	5989056576680	none	8368	0925c48b	512	224	0	8368
8488	7	5989073863450	none	8369	0925c48b	512	224	0	8369
8489	0	5989091209300	none	8370	0925c48b	512	224	0	8370
8490	1	5989104580970	none	8371	0925c48b	512	224	0	8371
8491	2	5989121840580	none	8372	86f20e79	512	224	0	8372
8492	3	5989139092220	none	8373	86f20e79	512	224	0	8373
8493	4	5989156518650	none	8374	86f20e79	512	224	0	8374
8494	5	5989173828270	none	8375	86f20e79	512	224	0	8375
8495	6	5989187168960	none	8376	86f20e79	512	224	0	8376
8496	7	5989204540970	none	8377	86f20e79	512	224	0	8377
8497	0	5989221898380	none	8378	86f20e79	512	224	0	8378
8498	1	5989239148400	none	8379	0925c48b	512	224	0	8379
8499	2	5989256576260	none	8380	0925c48b	512	224	0	8380
8500	3	5989273887450	none	8381	0925c48b	512	224	0	8381
8501	4	5989287167990	none	8382	0925c48b	512	224	0	8382
8502	5	5989304556360	none	8383	0925c48b	512	224	0	8383
8503	6	5989321897370	none	8384	0925c48b	512	224	0	8384
8504	7	5989339148770	none	8385	0925c48b	512	224	0	8385
8505	0	5989356557790	none	8386	fe8c7d8c	512	224	0	8386
8506	1	5989373871000	none	8387	fe8c7d8c	512	224	0	8387
8507	2	5989387174620	none	8388	fe8c7d8c	512	224	0	8388
8508	3	5989404661380	none	8389	fe8c7d8c	512	224	0	8389
8509	4	5989422171370	none	8390	fe8c7d8c	512	224	0	8390
8510	5	5989439642420	none	8391	fe8c7d8c	512	224	0	8391
8511	6	5989457119910	none	8392	fe8c7d8c	512	224	0	8392
8512	7	5989470461740	none	8393	0925c48b	512	224	0	8393
8513	0	5989487840610	none	8394	0925c48b	512	224	0	8394
8514	1	5989505296370	none	8395	0925c48b	512	224	0	8395
8515	2	5989522670220	none	8396	0925c48b	512	224	0	8396
8516	3	5989540086890	none	8397	0925c48b	512	224	0	8397
8517	4	5989553419740	none	8398	0925c48b	512	224	0	8398
8518	5	5989570872290	none	8399	0925c48b	512	224	0	8399
8519	6	5989588261270	none	8400	86f20e79	512	224	0	8400
8520	7	5989605706130	none	8401	86f20e79	512	224	0	8401
8521	0	5989623112640	none	8402	86f20e79	512	224	0	8402
8522	1	5989636289060	none	8403	86f20e79	512	224	0	8403
8523	2	5989653718100	none	8404	86f20e79	512	224	0	8404
8524	3	5989671032820	none	8405	86f20e79	512	224	0	8405
8525	4	5989688387580	none	8406	86f20e79	512	224	0	8406
8526	5	5989705876460	none	8407	0925c48b	512	224	0	8407
8527	6	5989723247790	none	8408	0925c48b	512	224	0	8408
8528	7	5989736686400	none	8409	0925c48b	512	224	0	8409
8529	0	5989754110610	none	8410	0925c48b	512	224	0	8410
8530	1	5989771640370	none	8411	0925c48b	512	224	0	8411
8531	2	5989789224140	none	8412	0925c48b	512	224	0	8412
8532	3	5989806596740	none	8413	0925c48b	512	224	0	8413
8533	4	5989820028300	none	8414	fe8c7d8c	512	224	0	8414
8534	5	5989837451680	none	8415	fe8c7d8c	512	224	0	8415
8535	6	5989854947200	none	8416	fe8c7d8c	512	224	0	8416
8536	7	5989872295130	none	8417	fe8c7d8c	512	224	0	8417
8537	0	5989889673100	none	8418	fe8c7d8c	512	224	0	8418
8538	1	5989903072860	none	8419	fe8c7d8c	512	224	0	8419
8539	2	5989920302130	none	8420	fe8c7d8c	512	224	0	8420
8540	3	5989937654000	none	8421	0925c48b	512	224	0	8421
8541	4	5989954995870	none	8422	0925c48b	512	224	0	8422
8542	5	5989972222850	none	8423	0925c48b	512	224	0	8423
8543	6	5989989663350	none	8424	0925c48b	512	224	0	8424
8544	7	5990003088280	none	8425	0925c48b	512	224	0	8425
8545	0	5990020321990	none	8426	0925c48b	512	224	0	8426
8546	1	5990037639050	none	8427	0925c48b	512	224	0	8427
8547	2	5990054977760	none	8428	86f20e79	512	224	0	8428
8548	3	5990072290870	none	8429	86f20e79	512	224	0	8429
8549	4	5990089546590	none	8430	86f20e79	512	224	0	8430
8550	5	5990102858020	none	8431	86f20e79	512	224	0	8431
8551	6	5990120274240	none	8432	86f20e79	512	224	0	8432
8552	7	5990137598470	none	8433	86f20e79	512	224	0	8433
8553	0	5990154942510	none	8434	86f20e79	512	224	0	8434
8554	1	5990172257310	none	8435	0925c48b	512	224	0	8435
8555	2	5990185618790	none	8436	0925c48b	512	224	0	8436
8556	3	5990203149320	none	8437	0925c48b	512	224	0	8437
8557	4	5990220384790	none	8438	0925c48b	512	224	0	8438
8558	5	5990237810650	none	8439	0925c48b	512	224	0	8439
8559	6	5990255261780	none	8440	0925c48b	512	224	0	8440
8560	7	5990272529030	none	8441	0925c48b	512	224	0	8441
8561	0	5990285884230	none	8442	fe8c7d8c	512	224	0	8442
8562	1	5990303365430	none	8443	fe8c7d8c	512	224	0	8443
8563	2	5990320720210	none	8444	fe8c7d8c	512	224	0	8444
8564	3	5990338103210	none	8445	fe8c7d8c	512	224	0	8445
8565	4	5990355316790	none	8446	fe8c7d8c	512	224	0	8446
8566	5	5990368643920	none	8447	fe8c7d8c	512	224	0	8447
8567	6	5990385997790	none	8448	fe8c7d8c	512	224	0	8448
8568	7	5990403360690	none	8449	0925c48b	512	224	0	8449
8569	0	5990420728720	none	8450	0925c48b	512	224	0	8450
8570	1	5990438118910	none	8451	0925c48b	512	224	0	8451
8571	2	5990455368640	none	8452	0925c48b	512	224	0	8452
8572	3	5990468782010	none	8453	0925c48b	512	224	0	8453
8573	4	5990486179390	none	8454	0925c48b	512	224	0	8454
8574	5	5990503530750	none	8455	0925c48b	512	224	0	8455
8575	6	5990520893420	none	8456	86f20e79	512	224	0	8456
8576	7	5990538351750	none	8457	86f20e79	512	224	0	8457
8577	0	5990551689510	none	8458	86f20e79	512	224	0	8458
8578	1	5990569069300	none	8459	86f20e79	512	224	0	8459
8579	2	5990586340850	none	8460	86f20e79	512	224	0	8460
8580	3	5990603777750	none	8461	86f20e79	512	224	0	8461
8581	4	5990621102160	none	8462	86f20e79	512	224	0	8462
8582	5	5990638472110	none	8463	0925c48b	512	224	0	8463
8583	6	5990651817440	none	8464	0925c48b	512	224	0	8464
8584	7	5990669092510	none	8465	0925c48b	512	224	0	8465
8585	0	5990686467410	none	8466	0925c48b	512	224	0	8466
8586	1	5990703795840	none	8467	0925c48b	512	224	0	8467
8587	2	5990721192180	none	8468	0925c48b	512	224	0	8468
8588	3	5990734685180	none	8469	0925c48b	512	224	0	8469
8589	4	5990752173530	none	8470	fe8c7d8c	512	224	0	8470
8590	5	5990769642640	none	8471	fe8c7d8c	512	224	0	8471
8591	6	5990787096890	none	8472	fe8c7d8c	512	224	0	8472
8592	7	5990804583780	none	8473	fe8c7d8c	512	224	0	8473
8593	0	5990817918980	none	8474	fe8c7d8c	512	224	0	8474
8594	1	5990835329890	none	8475	fe8c7d8c	512	224	0	8475
8595	2	5990852780030	none	8476	fe8c7d8c	512	224	0	8476
8596	3	5990870036420	none	8477	0925c48b	512	224	0	8477
8597	4	5990887450890	none	8478	0925c48b	512	224	0	8478
8598	5	5990900874850	none	8479	0925c48b	512	224	0	8479
8599	6	5990918259270	none	8480	0925c48b	512	224	0	8480
8600	7	5990935746660	none	8481	0925c48b	512	224	0	8481
8601	0	5990953127770	none	8482	0925c48b	512	224	0	8482
8602	1	5990970364190	none	8483	0925c48b	512	224	0	8483
8603	2	5990987681170	none	8484	86f20e79	512	224	0	8484
8604	3	5991000969650	none	8485	86f20e79	512	224	0	8485
8605	4	5991018345920	none	8486	86f20e79	512	224	0	8486
8606	5	5991035703980	none	8487	86f20e79	512	224	0	8487
8607	6	5991053101850	none	8488	86f20e79	512	224	0	8488
8608	7	5991070316780	none	8489	86f20e79	512	224	0	8489
8609	0	5991087780890	none	8490	86f20e79	512	224	0	8490
8610	1	5991101051920	none	8491	0925c48b	512	224	0	8491
8611	2	5991118414890	none	8492	0925c48b	512	224	0	8492
8612	3	5991135837230	none	8493	0925c48b	512	224	0	8493
8613	4	5991153219870	none	8494	0925c48b	512	224	0	8494
8614	5	5991170613750	none	8495	0925c48b	512	224	0	8495
8615	6	5991183814980	none	8496	0925c48b	512	224	0	8496
8616	7	5991201194120	none	8497	0925c48b	512	224	0	8497
8617	0	5991218534180	none	8498	fe8c7d8c	512	224	0	8498
8618	1	5991235864390	none	8499	fe8c7d8c	512	224	0	8499
8619	2	5991253331710	none	8500	fe8c7d8c	512	224	0	8500
8620	3	5991270929370	none	8501	fe8c7d8c	512	224	0	8501
8621	4	5991284293890	none	8502	fe8c7d8c	512	224	0	8502
8622	5	5991301544310	none	8503	fe8c7d8c	512	224	0	8503
8623	6	5991319034740	none	8504	fe8c7d8c	512	224	0	8504
8624	7	5991336503120	none	8505	0925c48b	512	224	0	8505
8625	0	5991353796630	none	8506	0925c48b	512	224	0	8506
8626	1	5991367146410	none	8507	0925c48b	512	224	0	8507
8627	2	5991384678480	none	8508	0925c48b	512	224	0	8508
8628	3	5991402190050	none	8509	0925c48b	512	224	0	8509
8629	4	5991419667610	none	8510	0925c48b	512	224	0	8510
8630	5	5991437097490	none	8511	0925c48b	512	224	0	8511
8631	6	5991450449860	none	8512	86f20e79	512	224	0	8512
8632	7	5991467743330	none	8513	86f20e79	512	224	0	8513
8633	0	5991485052160	none	8514	86f20e79	512	224	0	8514
8634	1	5991502449160	none	8515	86f20e79	512	224	0	8515
8635	2	5991520041700	none	8516	86f20e79	512	224	0	8516
8636	3	5991533474970	none	8517	86f20e79	512	224	0	8517
8637	4	5991550909190	none	8518	86f20e79	512	224	0	8518
8638	5	5991568404250	none	8519	0925c48b	512	224	0	8519
8639	6	5991585837270	none	8520	0925c48b	512	224	0	8520
8640	7	5991603215600	none	8521	0925c48b	512	224	0	8521
8641	0	5991616660040	none	8522	0925c48b	512	224	0	8522
8642	1	5991633948510	none	8523	0925c48b	512	224	0	8523
8643	2	5991651182290	none	8524	0925c48b	512	224	0	8524
8644	3	5991668549710	none	8525	0925c48b	512	224	0	8525
8645	4	5991685915310	none	8526	fe8c7d8c	512	224	0	8526
8646	5	5991703330990	none	8527	fe8c7d8c	512	224	0	8527
8647	6	5991716686770	none	8528	fe8c7d8c	512	224	0	8528
8648	7	5991734054340	none	8529	fe8c7d8c	512	224	0	8529
8649	0	5991751328430	none	8530	fe8c7d8c	512	224	0	8530
8650	1	5991768715580	none	8531	fe8c7d8c	512	224	0	8531
8651	2	5991786160850	none	8532	fe8c7d8c	512	224	0	8532
8652	3	5991799491630	none	8533	0925c48b	512	224	0	8533
8653	4	5991816947930	none	8534	0925c48b	512	224	0	8534
8654	5	5991834335800	none	8535	0925c48b	512	224	0	8535
8655	6	5991851591420	none	8536	0925c48b	512	224	0	8536
8656	7	5991869045920	none	8537	0925c48b	512	224	0	8537
8657	0	5991886372710	none	8538	0925c48b	512	224	0	8538
8658	1	5991899710060	none	8539	0925c48b	512	224	0	8539
8659	2	5991917136370	none	8540	86f20e79	512	224	0	8540
8660	3	5991934652870	none	8541	86f20e79	512	224	0	8541
8661	4	5991951917150	none	8542	86f20e79	512	224	0	8542
8662	5	5991969360390	none	8543	86f20e79	512	224	0	8543
8663	6	5991982561300	none	8544	86f20e79	512	224	0	8544
8664	7	5992000020390	none	8545	86f20e79	512	224	0	8545
8665	0	5992017437080	none	8546	86f20e79	512	224	0	8546
8666	1	5992034918630	none	8547	0925c48b	512	224	0	8547
8667	2	5992052239670	none	8548	0925c48b	512	224	0	8548
8668	3	5992069507950	none	8549	0925c48b	512	224	0	8549
8669	4	5992082916360	none	8550	0925c48b	512	224	0	8550
8670	5	5992100291190	none	8551	0925c48b	512	224	0	8551
8671	6	5992117622880	none	8552	0925c48b	512	224	0	8552
8672	7	5992134959310	none	8553	0925c48b	512	224	0	8553
8673	0	5992152434410	none	8554	fe8c7d8c	512	224	0	8554
8674	1	5992165723080	none	8555	fe8c7d8c	512	224	0	8555
8675	2	5992183140570	none	8556	fe8c7d8c	512	224	0	8556
8676	3	5992200616320	none	8557	fe8c7d8c	512	224	0	8557
8677	4	5992218111540	none	8558	fe8c7d8c	512	224	0	8558
8678	5	5992235636730	none	8559	fe8c7d8c	512	224	0	8559
8679	6	5992248812230	none	8560	fe8c7d8c	512	224	0	8560
8680	7	5992266179960	none	8561	0925c48b	512	224	0	8561
8681	0	5992283580780	none	8562	0925c48b	512	224	0	8562
8682	1	5992300939410	none	8563	0925c48b	512	224	0	8563
8683	2	5992318387390	none	8564	0925c48b	512	224	0	8564
8684	3	5992335847260	none	8565	0925c48b	512	224	0	8565
8685	4	5992349285650	none	8566	0925c48b	512	224	0	8566
8686	5	5992366569260	none	8567	0925c48b	512	224	0	8567
8687	6	5992383989000	none	8568	86f20e79	512	224	0	8568
8688	7	5992401301680	none	8569	86f20e79	512	224	0	8569
8689	0	5992418777400	none	8570	86f20e79	512	224	0	8570
8690	1	5992432118330	none	8571	86f20e79	512	224	0	8571
8691	2	5992449500790	none	8572	86f20e79	512	224	0	8572
8692	3	5992467090210	none	8573	86f20e79	512	224	0	8573
8693	4	5992484500240	none	8574	86f20e79	512	224	0	8574
8694	5	5992501979950	none	8575	0925c48b	512	224	0	8575
8695	6	5992515327370	none	8576	0925c48b	512	224	0	8576
8696	7	5992532828540	none	8577	0925c48b	512	224	0	8577
8697	0	5992550289070	none	8578	0925c48b	512	224	0	8578
8698	1	5992567823170	none	8579	0925c48b	512	224	0	8579
8699	2	5992585263680	none	8580	0925c48b	512	224	0	8580
8700	3	5992598586730	none	8581	0925c48b	512	224	0	8581
8701	4	5992615950050	none	8582	fe8c7d8c	512	224	0	8582
8702	5	5992633387970	none	8583	fe8c7d8c	512	224	0	8583
8703	6	5992650818600	none	8584	fe8c7d8c	512	224	0	8584
8704	7	5992668206920	none	8585	fe8c7d8c	512	224	0	8585
8705	0	5992681411740	none	8586	fe8c7d8c	512	224	0	8586
8706	1	5992698793340	none	8587	fe8c7d8c	512	224	0	8587
8707	2	5992716181190	none	8588	fe8c7d8c	512	224	0	8588
8708	3	5992733562950	none	8589	0925c48b	512	224	0	8589
8709	4	5992750926090	none	8590	0925c48b	512	224	0	8590
8710	5	5992768339570	none	8591	0925c48b	512	224	0	8591
8711	6	5992781677060	none	8592	0925c48b	512	224	0	8592
8712	7	5992799075450	none	8593	0925c48b	512	224	0	8593
8713	0	5992816524760	none	8594	0925c48b	512	224	0	8594
8714	1	5992834022860	none	8595	0925c48b	512	224	0	8595
8715	2	5992851464510	none	8596	86f20e79	512	224	0	8596
8716	3	5992864745310	none	8597	86f20e79	512	224	0	8597
8717	4	5992882143220	none	8598	86f20e79	512	224	0	8598
8718	5	5992899608470	none	8599	86f20e79	512	224	0	8599
8719	6	5992917084870	none	8600	86f20e79	512	224	0	8600
8720	7	5992934566100	none	8601	86f20e79	512	224	0	8601
8721	0	5992947849920	none	8602	86f20e79	512	224	0	8602
8722	1	5992965257730	none	8603	0925c48b	512	224	0	8603
8723	2	5992982506950	none	8604	0925c48b	512	224	0	8604
8724	3	5992999928180	none	8605	0925c48b	512	224	0	8605
8725	4	5993017414220	none	8606	0925c48b	512	224	0	8606
8726	5	5993030703460	none	8607	0925c48b	512	224	0	8607
8727	6	5993048094570	none	8608	0925c48b	512	224	0	8608
8728	7	5993065418760	none	8609	0925c48b	512	224	0	8609
8729	0	5993082754950	none	8610	fe8c7d8c	512	224	0	8610
8730	1	5993100246890	none	8611	fe8c7d8c	512	224	0	8611
8731	2	5993117567250	none	8612	fe8c7d8c	512	224	0	8612
8732	3	5993130907390	none	8613	fe8c7d8c	512	224	0	8613
8733	4	5993148277470	none	8614	fe8c7d8c	512	224	0	8614
8734	5	5993165618710	none	8615	fe8c7d8c	512	224	0	8615
8735	6	5993182842350	none	8616	fe8c7d8c	512	224	0	8616
8736	7	5993200282850	none	8617	0925c48b	512	224	0	8617
8737	0	5993217596640	none	8618	0925c48b	512	224	0	8618
8738	1	5993231160870	none	8619	0925c48b	512	224	0	8619
8739	2	5993248618740	none	8620	0925c48b	512	224	0	8620
8740	3	5993265999710	none	8621	0925c48b	512	224	0	8621
8741	4	5993283407250	none	8622	0925c48b	512	224	0	8622
8742	5	5993300826080	none	8623	0925c48b	512	224	0	8623
8743	6	5993314146500	none	8624	86f20e79	512	224	0	8624
8744	7	5993331487670	none	8625	86f20e79	512	224	0	8625
8745	0	5993348785470	none	8626	86f20e79	512	224	0	8626
8746	1	5993366148600	none	8627	86f20e79	512	224	0	8627
8747	2	5993383566120	none	8628	86f20e79	512	224	0	8628
8748	3	5993396792940	none	8629	86f20e79	512	224	0	8629
8749	4	5993414056620	none	8630	3972f3af	512	224	0	8630
8750	5	5993431482140	none	8631	50697c0e	512	224	0	8631
8751	6	5993448788860	none	8632	50697c0e	512	224	0	8632
8752	7	5993466168470	none	8633	50697c0e	512	224	0	8633
8753	0	5993483698260	none	8634	50697c0e	512	224	0	8634
8754	1	5993497505530	none	8635	0925c48b	512	224	0	8635
8755	2	5993515293340	none	8636	0925c48b	512	224	0	8636
8756	3	5993532891610	none	8637	0925c48b	512	224	0	8637
8757	4	5993550296390	none	8638	fe8c7d8c	512	224	0	8638
8758	5	5993563683790	none	8639	fe8c7d8c	512	224	0	8639
8759	6	5993580900340	none	8640	47435247	512	224	0	8640
8760	7	5993598339270	none	8641	47435247	512	224	0	8641
8761	0	5993615846360	none	8642	47435247	512	224	0	8642
8762	1	5993633322040	none	8643	47435247	512	224	0	8643
8763	2	5993646673680	none	8644	47435247	512	224	0	8644
8764	3	5993664141840	none	8645	0925c48b	512	224	0	8645
8765	4	5993681490760	none	8646	0925c48b	512	224	0	8646
8766	5	5993698764930	none	8647	0925c48b	512	224	0	8647
8767	6	5993716163520	none	8648	0925c48b	512	224	0	8648
8768	7	5993729606680	none	8649	0925c48b	512	224	0	8649
8769	0	5993746980390	none	8650	0925c48b	512	224	0	8650
8770	1	5993764430320	none	8651	0925c48b	512	224	0	8651
8771	2	5993781797170	none	8652	86f20e79	512	224	0	8652
8772	3	5993799062410	none	8653	86f20e79	512	224	0	8653
8773	4	5993816415540	none	8654	86f20e79	512	224	0	8654
8774	5	5993829965160	none	8655	86f20e79	512	224	0	8655
8775	6	5993847385130	none	8656	86f20e79	512	224	0	8656
8776	7	5993864928700	none	8657	86f20e79	512	224	0	8657
8777	0	5993882170800	none	8658	86f20e79	512	224	0	8658
8778	1	5993899594650	none	8659	0925c48b	512	224	0	8659
8779	2	5993913072160	none	8660	0925c48b	512	224	0	8660
8780	3	5993930292230	none	8661	0925c48b	512	224	0	8661
8781	4	5993947626960	none	8662	0925c48b	512	224	0	8662
8782	5	5993964956940	none	8663	0925c48b	512	224	0	8663
8783	6	5993982384200	none	8664	0925c48b	512	224	0	8664
8784	7	5993999627310	none	8665	0925c48b	512	224	0	8665
8785	0	5994013024960	none	8666	fe8c7d8c	512	224	0	8666
8786	1	5994030290490	none	8667	fe8c7d8c	512	224	0	8667
8787	2	5994047706870	none	8668	fe8c7d8c	512	224	0	8668
8788	3	5994065019020	none	8669	fe8c7d8c	512	224	0	8669
8789	4	5994082448300	none	8670	fe8c7d8c	512	224	0	8670
8790	5	5994095911720	none	8671	fe8c7d8c	512	224	0	8671
8791	6	5994113340450	none	8672	fe8c7d8c	512	224	0	8672
8792	7	5994130782450	none	8673	0925c48b	512	224	0	8673
8793	0	5994148164730	none	8674	0925c48b	512	224	0	8674
8794	1	5994165537910	none	8675	0925c48b	512	224	0	8675
8795	2	5994179059220	none	8676	0925c48b	512	224	0	8676
8796	3	5994196427620	none	8677	0925c48b	512	224	0	8677
8797	4	5994213801530	none	8678	0925c48b	512	224	0	8678
8798	5	5994231118230	none	8679	0925c48b	512	224	0	8679
8799	6	5994248473810	none	8680	86f20e79	512	224	0	8680
8800	7	5994265819340	none	8681	86f20e79	512	224	0	8681
8801	0	5994279311910	none	8682	86f20e79	512	224	0	8682
8802	1	5994296614520	none	8683	86f20e79	512	224	0	8683
8803	2	5994314005780	none	8684	86f20e79	512	224	0	8684
8804	3	5994331304210	none	8685	86f20e79	512	224	0	8685
8805	4	5994348645170	none	8686	86f20e79	512	224	0	8686
8806	5	5994361947940	none	8687	0925c48b	512	224	0	8687
8807	6	5994379346820	none	8688	0925c48b	512	224	0	8688
8808	7	5994396614660	none	8689	0925c48b	512	224	0	8689
8809	0	5994414031910	none	8690	0925c48b	512	224	0	8690
8810	1	5994431460730	none	8691	0925c48b	512	224	0	8691
8811	2	5994448781620	none	8692	0925c48b	512	224	0	8692
8812	3	5994462154570	none	8693	0925c48b	512	224	0	8693
8813	4	5994479634710	none	8694	fe8c7d8c	512	224	0	8694
8814	5	5994497122150	none	8695	fe8c7d8c	512	224	0	8695
8815	6	5994514559610	none	8696	fe8c7d8c	512	224	0	8696
8816	7	5994532100160	none	8697	fe8c7d8c	512	224	0	8697
8817	0	5994545594840	none	8698	fe8c7d8c	512	224	0	8698
8818	1	5994562828060	none	8699	fe8c7d8c	512	224	0	8699
8819	2	5994580263230	none	8700	fe8c7d8c	512	224	0	8700
8820	3	5994597600750	none	8701	0925c48b	512	224	0	8701
8821	4	5994614926710	none	8702	0925c48b	512	224	0	8702
8822	5	5994628343850	none	8703	0925c48b	512	224	0	8703
8823	6	5994645686410	none	8704	0925c48b	512	224	0	8704
8824	7	5994663059130	none	8705	0925c48b	512	224	0	8705
8825	0	5994680325800	none	8706	0925c48b	512	224	0	8706
8826	1	5994697797470	none	8707	0925c48b	512	224	0	8707
8827	2	5994715107510	none	8708	86f20e79	512	224	0	8708
8828	3	5994728499750	none	8709	86f20e79	512	224	0	8709
8829	4	5994745862810	none	8710	86f20e79	512	224	0	8710
8830	5	5994763296520	none	8711	86f20e79	512	224	0	8711
8831	6	5994780646510	none	8712	86f20e79	512	224	0	8712
8832	7	5994797886860	none	8713	86f20e79	512	224	0	8713
8833	0	5994811248870	none	8714	86f20e79	512	224	0	8714
8834	1	5994828606770	none	8715	0925c48b	512	224	0	8715
8835	2	5994845911170	none	8716	0925c48b	512	224	0	8716
8836	3	5994863301070	none	8717	0925c48b	512	224	0	8717
8837	4	5994880776770	none	8718	0925c48b	512	224	0	8718
8838	5	5994898169040	none	8719	0925c48b	512	224	0	8719
8839	6	5994911526090	none	8720	0925c48b	512	224	0	8720
8840	7	5994929045910	none	8721	0925c48b	512	224	0	8721
8841	0	5994946976460	none	8722	fe8c7d8c	512	224	0	8722
8842	1	5994964605830	none	8723	fe8c7d8c	512	224	0	8723
8843	2	5994978099380	none	8724	fe8c7d8c	512	224	0	8724
8844	3	5994995511050	none	8725	fe8c7d8c	512	224	0	8725
8845	4	5995012762410	none	8726	fe8c7d8c	512	224	0	8726
8846	5	5995030250110	none	8727	fe8c7d8c	512	224	0	8727
8847	6	5995047692230	none	8728	fe8c7d8c	512	224	0	8728
8848	7	5995060973140	none	8729	0925c48b	512	224	0	8729
8849	0	5995078351890	none	8730	0925c48b	512	224	0	8730
8850	1	5995095684360	none	8731	0925c48b	512	224	0	8731
8851	2	5995113051170	none	8732	0925c48b	512	224	0	8732
8852	3	5995130635880	none	8733	0925c48b	512	224	0	8733
8853	4	5995147897300	none	8734	0925c48b	512	224	0	8734
8854	5	5995161209440	none	8735	0925c48b	512	224	0	8735
8855	6	5995178659240	none	8736	86f20e79	512	224	0	8736
8856	7	5995195956760	none	8737	86f20e79	512	224	0	8737
8857	0	5995213313210	none	8738	86f20e79	512	224	0	8738
8858	1	5995230780470	none	8739	86f20e79	512	224	0	8739
8859	2	5995243976740	none	8740	86f20e79	512	224	0	8740
8860	3	5995261299920	none	8741	86f20e79	512	224	0	8741
8861	4	5995278648130	none	8742	86f20e79	512	224	0	8742
8862	5	5995295976890	none	8743	0925c48b	512	224	0	8743
8863	6	5995313413370	none	8744	0925c48b	512	224	0	8744
8864	7	5995330895360	none	8745	0925c48b	512	224	0	8745
8865	0	5995344247800	none	8746	0925c48b	512	224	0	8746
8866	1	5995361494720	none	8747	0925c48b	512	224	0	8747
8867	2	5995378800390	none	8748	0925c48b	512	224	0	8748
8868	3	5995396142070	none	8749	0925c48b	512	224	0	8749
8869	4	5995413613140	none	8750	fe8c7d8c	512	224	0	8750
8870	5	5995427045970	none	8751	fe8c7d8c	512	224	0	8751
8871	6	5995444406990	none	8752	fe8c7d8c	512	224	0	8752
8872	7	5995461760980	none	8753	fe8c7d8c	512	224	0	8753
8873	0	5995479055790	none	8754	fe8c7d8c	512	224	0	8754
8874	1	5995496458260	none	8755	fe8c7d8c	512	224	0	8755
8875	2	5995513836540	none	8756	fe8c7d8c	512	224	0	8756
8876	3	5995527149150	none	8757	0925c48b	512	224	0	8757
8877	4	5995544582740	none	8758	0925c48b	512	224	0	8758
8878	5	5995562083090	none	8759	0925c48b	512	224	0	8759
8879	6	5995579646930	none	8760	0925c48b	512	224	0	8760
8880	7	5995597063820	none	8761	0925c48b	512	224	0	8761
8881	0	5995610482350	none	8762	0925c48b	512	224	0	8762
8882	1	5995627763300	none	8763	0925c48b	512	224	0	8763
8883	2	5995645161920	none	8764	86f20e79	512	224	0	8764
8884	3	5995662493610	none	8765	86f20e79	512	224	0	8765
8885	4	5995679910240	none	8766	86f20e79	512	224	0	8766
8886	5	5995693304400	none	8767	86f20e79	512	224	0	8767
8887	6	5995710782350	none	8768	86f20e79	512	224	0	8768
8888	7	5995728164260	none	8769	86f20e79	512	224	0	8769
8889	0	5995745531820	none	8770	86f20e79	512	224	0	8770
8890	1	5995762781000	none	8771	0925c48b	512	224	0	8771
8891	2	5995776185120	none	8772	0925c48b	512	224	0	8772
8892	3	5995793661470	none	8773	0925c48b	512	224	0	8773
8893	4	5995810930180	none	8774	0925c48b	512	224	0	8774
8894	5	5995828313370	none	8775	0925c48b	512	224	0	8775
8895	6	5995845788180	none	8776	0925c48b	512	224	0	8776
8896	7	5995863280280	none	8777	0925c48b	512	224	0	8777
8897	0	5995876734910	none	8778	fe8c7d8c	512	224	0	8778
8898	1	5995894031680	none	8779	fe8c7d8c	512	224	0	8779
8899	2	5995911465790	none	8780	fe8c7d8c	512	224	0	8780
8900	3	5995929086800	none	8781	fe8c7d8c	512	224	0	8781
8901	4	5995946461730	none	8782	fe8c7d8c	512	224	0	8782
8902	5	5995959705150	none	8783	fe8c7d8c	512	224	0	8783
8903	6	5995977054900	none	8784	fe8c7d8c	512	224	0	8784
8904	7	5995994525960	none	8785	0925c48b	512	224	0	8785
8905	0	5996011892510	none	8786	0925c48b	512	224	0	8786
8906	1	5996029507440	none	8787	0925c48b	512	224	0	8787
8907	2	5996042858810	none	8788	0925c48b	512	224	0	8788
8908	3	5996060226370	none	8789	0925c48b	512	224	0	8789
8909	4	5996077671900	none	8790	0925c48b	512	224	0	8790
8910	5	5996094971000	none	8791	0925c48b	512	224	0	8791
8911	6	5996112184700	none	8792	86f20e79	512	224	0	8792
8912	7	5996129560130	none	8793	86f20e79	512	224	0	8793
8913	0	5996142890320	none	8794	86f20e79	512	224	0	8794
8914	1	5996160237120	none	8795	86f20e79	512	224	0	8795
8915	2	5996177665400	none	8796	86f20e79	512	224	0	8796
8916	3	5996195007700	none	8797	86f20e79	512	224	0	8797
8917	4	5996212377810	none	8798	86f20e79	512	224	0	8798
8918	5	5996225650310	none	8799	0925c48b	512	224	0	8799
8919	6	5996242882940	none	8800	0925c48b	512	224	0	8800
8920	7	5996260230090	none	8801	0925c48b	512	224	0	8801
8921	0	5996277682420	none	8802	0925c48b	512	224	0	8802
8922	1	5996295012400	none	8803	0925c48b	512	224	0	8803
8923	2	5996312431610	none	8804	0925c48b	512	224	0	8804
8924	3	5996325783290	none	8805	0925c48b	512	224	0	8805
8925	4	5996343143770	none	8806	fe8c7d8c	512	224	0	8806
8926	5	5996360531540	none	8807	fe8c7d8c	512	224	0	8807
8927	6	5996377994030	none	8808	fe8c7d8c	512	224	0	8808
8928	7	5996395225660	none	8809	fe8c7d8c	512	224	0	8809
8929	0	5996412454980	none	8810	fe8c7d8c	512	224	0	8810
8930	1	5996425849190	none	8811	fe8c7d8c	512	224	0	8811
8931	2	5996443264670	none	8812	fe8c7d8c	512	224	0	8812
8932	3	5996460631510	none	8813	0925c48b	512	224	0	8813
8933	4	5996478005310	none	8814	0925c48b	512	224	0	8814
8934	5	5996495244280	none	8815	0925c48b	512	224	0	8815
8935	6	5996508716440	none	8816	0925c48b	512	224	0	8816
8936	7	5996526125410	none	8817	0925c48b	512	224	0	8817
8937	0	5996543462800	none	8818	0925c48b	512	224	0	8818
8938	1	5996560841410	none	8819	0925c48b	512	224	0	8819
8939	2	5996578268830	none	8820	86f20e79	512	224	0	8820
8940	3	5996591639110	none	8821	86f20e79	512	224	0	8821
8941	4	5996609004620	none	8822	86f20e79	512	224	0	8822
8942	5	5996626413100	none	8823	86f20e79	512	224	0	8823
8943	6	5996643705030	none	8824	86f20e79	512	224	0	8824
8944	7	5996661088310	none	8825	86f20e79	512	224	0	8825
8945	0	5996678447770	none	8826	86f20e79	512	224	0	8826
8946	1	5996691761630	none	8827	0925c48b	512	224	0	8827
8947	2	5996709043380	none	8828	0925c48b	512	224	0	8828
8948	3	5996726492730	none	8829	0925c48b	512	224	0	8829
8949	4	5996743771380	none	8830	0925c48b	512	224	0	8830
8950	5	5996761017370	none	8831	0925c48b	512	224	0	8831
8951	6	5996778381370	none	8832	0925c48b	512	224	0	8832
8952	7	5996791731580	none	8833	0925c48b	512	224	0	8833
8953	0	5996809015280	none	8834	fe8c7d8c	512	224	0	8834
8954	1	5996826464210	none	8835	fe8c7d8c	512	224	0	8835
8955	2	5996843766370	none	8836	fe8c7d8c	512	224	0	8836
8956	3	5996861120510	none	8837	fe8c7d8c	512	224	0	8837
8957	4	5996874521970	none	8838	fe8c7d8c	512	224	0	8838
8958	5	5996891783900	none	8839	fe8c7d8c	512	224	0	8839
8959	6	5996909001100	none	8840	fe8c7d8c	512	224	0	8840
8960	7	5996926468250	none	8841	0925c48b	512	224	0	8841
8961	0	5996943722770	none	8842	0925c48b	512	224	0	8842
8962	1	5996961153540	none	8843	0925c48b	512	224	0	8843
8963	2	5996974529650	none	8844	0925c48b	512	224	0	8844
8964	3	5996991942530	none	8845	0925c48b	512	224	0	8845
8965	4	5997009214140	none	8846	0925c48b	512	224	0	8846
8966	5	5997026532170	none	8847	0925c48b	512	224	0	8847
8967	6	5997043967110	none	8848	86f20e79	512	224	0	8848
8968	7	5997061405500	none	8849	86f20e79	512	224	0	8849
8969	0	5997074660270	none	8850	86f20e79	512	224	0	8850
8970	1	5997092083540	none	8851	86f20e79	512	224	0	8851
8971	2	5997109615480	none	8852	86f20e79	512	224	0	8852
8972	3	5997126876590	none	8853	86f20e79	512	224	0	8853
8973	4	5997144313730	none	8854	86f20e79	512	224	0	8854
8974	5	5997157515870	none	8855	0925c48b	512	224	0	8855
8975	6	5997174854200	none	8856	0925c48b	512	224	0	8856
8976	7	5997192083100	none	8857	0925c48b	512	224	0	8857
8977	0	5997209604170	none	8858	0925c48b	512	224	0	8858
8978	1	5997227023220	none	8859	0925c48b	512	224	0	8859
8979	2	5997244527530	none	8860	0925c48b	512	224	0	8860
8980	3	5997257878910	none	8861	0925c48b	512	224	0	8861
8981	4	5997275326340	none	8862	fe8c7d8c	512	224	0	8862
8982	5	5997292661940	none	8863	fe8c7d8c	512	224	0	8863
8983	6	5997309919600	none	8864	fe8c7d8c	512	224	0	8864
8984	7	5997327357600	none	8865	fe8c7d8c	512	224	0	8865
8985	0	5997340651600	none	8866	fe8c7d8c	512	224	0	8866
8986	1	5997358035560	none	8867	fe8c7d8c	512	224	0	8867
8987	2	5997375516050	none	8868	fe8c7d8c	512	224	0	8868
8988	3	5997392755760	none	8869	0925c48b	512	224	0	8869
8989	4	5997410187090	none	8870	0925c48b	512	224	0	8870
8990	5	5997423460380	none	8871	0925c48b	512	224	0	8871
8991	6	5997440853100	none	8872	0925c48b	512	224	0	8872
8992	7	5997458273620	none	8873	0925c48b	512	224	0	8873
8993	0	5997475746270	none	8874	0925c48b	512	224	0	8874
8994	1	5997493152020	none	8875	0925c48b	512	224	0	8875
8995	2	5997510535580	none	8876	86f20e79	512	224	0	8876
8996	3	5997523730270	none	8877	86f20e79	512	224	0	8877
8997	4	5997541061840	none	8878	86f20e79	512	224	0	8878
8998	5	5997558410200	none	8879	86f20e79	512	224	0	8879
8999	6	5997575815480	none	8880	86f20e79	512	224	0	8880
9000	7	5997593152920	none	8881	86f20e79	512	224	0	8881
9001	0	5997610473550	none	8882	86f20e79	512	224	0	8882
9002	1	5997623659260	none	8883	0925c48b	512	224	0	8883
9003	2	5997641136490	none	8884	0925c48b	512	224	0	8884
9004	3	5997658573540	none	8885	0925c48b	512	224	0	8885
9005	4	5997675936820	none	8886	0925c48b	512	224	0	8886
9006	5	5997693310890	none	8887	0925c48b	512	224	0	8887
9007	6	5997706587730	none	8888	0925c48b	512	224	0	8888
9008	7	5997724014630	none	8889	0925c48b	512	224	0	8889
9009	0	5997741448320	none	8890	fe8c7d8c	512	224	0	8890
9010	1	5997758726460	none	8891	fe8c7d8c	512	224	0	8891
9011	2	5997776100390	none	8892	fe8c7d8c	512	224	0	8892
9012	3	5997793558880	none	8893	fe8c7d8c	512	224	0	8893
9013	4	5997806818500	none	8894	fe8c7d8c	512	224	0	8894
9014	5	5997824272000	none	8895	fe8c7d8c	512	224	0	8895
9015	6	5997841725020	none	8896	fe8c7d8c	512	224	0	8896
9016	7	5997858987310	none	8897	0925c48b	512	224	0	8897
9017	0	5997876391780	none	8898	0925c48b	512	224	0	8898
9018	1	5997889642660	none	8899	0925c48b	512	224	0	8899
9019	2	5997907087870	none	8900	0925c48b	512	224	0	8900
9020	3	5997924548120	none	8901	0925c48b	512	224	0	8901
9021	4	5997942036100	none	8902	0925c48b	512	224	0	8902
9022	5	5997959430570	none	8903	0925c48b	512	224	0	8903
9023	6	5997972747800	none	8904	86f20e79	512	224	0	8904
9024	7	5997990151040	none	8905	86f20e79	512	224	0	8905
9025	0	5998007488590	none	8906	86f20e79	512	224	0	8906
9026	1	5998024958690	none	8907	86f20e79	512	224	0	8907
9027	2	5998042369270	none	8908	86f20e79	512	224	0	8908
9028	3	5998055812680	none	8909	86f20e79	512	224	0	8909
9029	4	5998073260560	none	8910	86f20e79	512	224	0	8910
9030	5	5998090493080	none	8911	0925c48b	512	224	0	8911
9031	6	5998107744180	none	8912	0925c48b	512	224	0	8912
9032	7	5998125184830	none	8913	0925c48b	512	224	0	8913
9033	0	5998142492660	none	8914	0925c48b	512	224	0	8914
9034	1	5998155875420	none	8915	0925c48b	512	224	0	8915
9035	2	5998173358580	none	8916	0925c48b	512	224	0	8916
9036	3	5998190750240	none	8917	0925c48b	512	224	0	8917
9037	4	5998208230600	none	8918	fe8c7d8c	512	224	0	8918
9038	5	5998225585740	none	8919	fe8c7d8c	512	224	0	8919
9039	6	5998238989550	none	8920	fe8c7d8c	512	224	0	8920
9040	7	5998256273450	none	8921	fe8c7d8c	512	224	0	8921
9041	0	5998273640730	none	8922	fe8c7d8c	512	224	0	8922
9042	1	5998291094400	none	8923	fe8c7d8c	512	224	0	8923
9043	2	5998308436470	none	8924	fe8c7d8c	512	224	0	8924
9044	3	5998325797730	none	8925	0925c48b	512	224	0	8925
9045	4	5998339229300	none	8926	0925c48b	512	224	0	8926
9046	5	5998356495790	none	8927	0925c48b	512	224	0	8927
9047	6	5998374011490	none	8928	0925c48b	512	224	0	8928
9048	7	5998391426140	none	8929	0925c48b	512	224	0	8929
9049	0	5998408909160	none	8930	0925c48b	512	224	0	8930
9050	1	5998422163720	none	8931	0925c48b	512	224	0	8931
9051	2	5998439579580	none	8932	86f20e79	512	224	0	8932
9052	3	5998457011270	none	8933	3972f3af	512	224	0	8933
9053	4	5998474500180	none	8934	3972f3af	512	224	0	8934
9054	5	5998492017390	none	8935	3972f3af	512	224	0	8935
9055	6	5998505450760	none	8936	3972f3af	512	224	0	8936
9056	7	5998522839670	none	8937	3972f3af	512	224	0	8937
9057	0	5998540297170	none	8938	86f20e79	512	224	0	8938
9058	1	5998558289790	none	8939	0925c48b	512	224	0	8939
9059	2	5998571599580	none	8940	0925c48b	512	224	0	8940
9060	3	5998588972940	none	8941	0925c48b	512	224	0	8941
9061	4	5998606400710	none	8942	0925c48b	512	224	0	8942
9062	5	5998623744410	none	8943	50697c0e	512	224	0	8943
9063	6	5998641101170	none	8944	50697c0e	512	224	0	8944
9064	7	5998658610880	none	8945	50697c0e	512	224	0	8945
9065	0	5998672012600	none	8946	47435247	512	224	0	8946
9066	1	5998689507260	none	8947	47435247	512	224	0	8947
9067	2	5998706874960	none	8948	fe8c7d8c	512	224	0	8948
9068	3	5998724318950	none	8949	fe8c7d8c	512	224	0	8949
9069	4	5998741702410	none	8950	fe8c7d8c	512	224	0	8950
9070	5	5998755023000	none	8951	fe8c7d8c	512	224	0	8951
9071	6	5998772466490	none	8952	fe8c7d8c	512	224	0	8952
9072	7	5998789875460	none	8953	0925c48b	512	224	0	8953
9073	0	5998807320660	none	8954	0925c48b	512	224	0	8954
9074	1	5998824641540	none	8955	0925c48b	512	224	0	8955
9075	2	5998838095170	none	8956	0925c48b	512	224	0	8956
9076	3	5998855492390	none	8957	0925c48b	512	224	0	8957
9077	4	5998872831430	none	8958	0925c48b	512	224	0	8958
9078	5	5998890173070	none	8959	0925c48b	512	224	0	8959
9079	6	5998907659110	none	8960	86f20e79	512	224	0	8960
9080	7	5998921105570	none	8961	86f20e79	512	224	0	8961
9081	0	5998938521690	none	8962	86f20e79	512	224	0	8962
9082	1	5998955873250	none	8963	86f20e79	512	224	0	8963
9083	2	5998973253130	none	8964	86f20e79	512	224	0	8964
9084	3	5998990587820	none	8965	86f20e79	512	224	0	8965
9085	4	5999007830630	none	8966	86f20e79	512	224	0	8966
9086	5	5999021147120	none	8967	0925c48b	512	224	0	8967
9087	6	5999038648800	none	8968	0925c48b	512	224	0	8968
9088	7	5999056061780	none	8969	0925c48b	512	224	0	8969
9089	0	5999073417700	none	8970	0925c48b	512	224	0	8970
9090	1	5999090892970	none	8971	0925c48b	512	224	0	8971
9091	2	5999104218100	none	8972	0925c48b	512	224	0	8972
9092	3	5999121545620	none	8973	0925c48b	512	224	0	8973
9093	4	5999138931150	none	8974	fe8c7d8c	512	224	0	8974
9094	5	5999156224370	none	8975	fe8c7d8c	512	224	0	8975
9095	6	5999173550060	none	8976	fe8c7d8c	512	224	0	8976
9096	7	5999191090010	none	8977	fe8c7d8c	512	224	0	8977
9097	0	5999204611970	none	8978	fe8c7d8c	512	224	0	8978
9098	1	5999222064620	none	8979	fe8c7d8c	512	224	0	8979
9099	2	5999239379120	none	8980	fe8c7d8c	512	224	0	8980
9100	3	5999256838150	none	8981	0925c48b	512	224	0	8981
9101	4	5999274212110	none	8982	0925c48b	512	224	0	8982
9102	5	5999287446610	none	8983	0925c48b	512	224	0	8983
9103	6	5999304874030	none	8984	0925c48b	512	224	0	8984
9104	7	5999322087450	none	8985	0925c48b	512	224	0	8985
9105	0	5999339509910	none	8986	0925c48b	512	224	0	8986
9106	1	5999356873250	none	8987	0925c48b	512	224	0	8987
9107	2	5999370263480	none	8988	86f20e79	512	224	0	8988
9108	3	5999387685390	none	8989	86f20e79	512	224	0	8989
9109	4	5999405129120	none	8990	86f20e79	512	224	0	8990
9110	5	5999422387140	none	8991	86f20e79	512	224	0	8991
9111	6	5999439941040	none	8992	86f20e79	512	224	0	8992
9112	7	5999457322500	none	8993	86f20e79	512	224	0	8993
9113	0	5999470627580	none	8994	86f20e79	512	224	0	8994
9114	1	5999488006340	none	8995	0925c48b	512	224	0	8995
9115	2	5999505443990	none	8996	0925c48b	512	224	0	8996
9116	3	5999522725590	none	8997	0925c48b	512	224	0	8997
9117	4	5999540165010	none	8998	0925c48b	512	224	0	8998
9118	5	5999553616060	none	8999	0925c48b	512	224	0	8999
9119	6	5999571064160	none	-1	0925c48b	512	224	0	9000
9120	7	5999588433940	none	-1	0925c48b	512	224	0	9001
