core_frame	header_ctr	capture_ns	dup_reason	movie_frame	hash	width	height	segment	avi_frame
71	6	11807829240860	none	0	61605322	512	224	0	0
72	7	11807846537470	none	1	61605322	512	224	0	1
73	0	11807859754800	none	2	61605322	512	224	0	2
74	1	11807877306250	none	3	61605322	512	224	0	3
75	2	11807894805130	none	4	61605322	512	224	0	4
76	3	11807912117240	none	5	61605322	512	224	0	5
77	4	11807929354590	none	6	61605322	512	224	0	6
78	5	11807942576180	none	7	61605322	512	224	0	7
79	6	11807959792260	none	8	61605322	512	224	0	8
80	7	11807977019020	none	9	61605322	512	224	0	9
81	0	11807994432020	none	10	61605322	512	224	0	10
82	1	11808011675870	none	11	61605322	512	224	0	11
83	2	11808029047600	none	12	61605322	512	224	0	12
84	3	11808046265360	none	13	61605322	512	224	0	13
85	4	11808059569150	none	14	61605322	512	224	0	14
86	5	11808076885700	none	15	61605322	512	224	0	15
87	6	11808094101190	none	16	61605322	512	224	0	16
88	7	11808111358210	none	17	cddac223	512	224	0	17
89	0	11808128610200	none	18	8971b7ca	512	224	0	18
90	1	11808145853410	none	19	5a666d25	512	224	0	19
91	2	11808159274660	none	20	459892a7	512	224	0	20
92	3	11808176564920	none	21	25840069	512	224	0	21
93	4	11808193866250	none	22	77e9fc52	512	224	0	22
94	5	11808211117530	none	23	f5ed1308	512	224	0	23
95	6	11808228355520	none	24	8b050882	512	224	0	24
96	7	11808245589510	none	25	43feeca7	512	224	0	25
97	0	11808258780900	none	26	449b9361	512	224	0	26
98	1	11808275986020	none	27	a121912a	512	224	0	27
99	2	11808293353620	none	28	30169386	512	224	0	28
100	3	11808310588130	none	29	f91bb7f8	512	224	0	29
101	4	11808327820330	none	30	edb55b5b	512	224	0	30
102	5	11808345027910	none	31	95e3f07f	512	224	0	31
103	6	11808362248370	none	32	95e3f07f	512	224	0	32
104	7	11808375466640	none	33	95e3f07f	512	224	0	33
105	0	11808392704100	none	34	95e3f07f	512	224	0	34
106	1	11808409985880	none	35	95e3f07f	512	224	0	35
107	2	11808427299070	none	36	95e3f07f	512	224	0	36
108	3	11808444559670	none	37	95e3f07f	512	224	0	37
109	4	11808461777620	none	38	95e3f07f	512	224	0	38
110	5	11808478991320	none	39	95e3f07f	512	224	0	39
111	6	11808492165360	none	40	95e3f07f	512	224	0	40
112	7	11808509407400	none	41	95e3f07f	512	224	0	41
113	0	11808526625580	none	42	95e3f07f	512	224	0	42
114	1	11808543973840	none	43	95e3f07f	512	224	0	43
115	2	11808561185280	none	44	95e3f07f	512	224	0	44
116	3	11808578441350	none	45	95e3f07f	512	224	0	45
117	4	11808591620210	none	46	95e3f07f	512	224	0	46
118	5	11808608835560	none	47	95e3f07f	512	224	0	47
119	6	11808626040050	none	48	95e3f07f	512	224	0	48
120	7	11808643282470	none	49	95e3f07f	512	224	0	49
121	0	11808660510020	none	50	95e3f07f	512	224	0	50
122	1	11808677871560	none	51	95e3f07f	512	224	0	51
123	2	11808695136070	none	52	95e3f07f	512	224	0	52
124	3	11808708461460	none	53	95e3f07f	512	224	0	53
125	4	11808725696830	none	54	95e3f07f	512	224	0	54
126	5	11808742993930	none	55	95e3f07f	512	224	0	55
127	6	11808760211970	none	56	95e3f07f	512	224	0	56
128	7	11808777456870	none	57	95e3f07f	512	224	0	57
129	0	11808794892610	none	58	95e3f07f	512	224	0	58
130	1	11808808137630	none	59	95e3f07f	512	224	0	59
131	2	11808825509450	none	60	95e3f07f	512	224	0	60
132	3	11808842739900	none	61	95e3f07f	512	224	0	61
133	4	11808859965240	none	62	95e3f07f	512	224	0	62
134	5	11808877191640	none	63	95e3f07f	512	224	0	63
135	6	11808894441860	none	64	95e3f07f	512	224	0	64
136	7	11808907716040	none	65	95e3f07f	512	224	0	65
137	0	11808924955090	none	66	95e3f07f	512	224	0	66
138	1	11808942330770	none	67	95e3f07f	512	224	0	67
139	2	11808959584680	none	68	95e3f07f	512	224	0	68
140	3	11808976816340	none	69	95e3f07f	512	224	0	69
141	4	11808994028470	none	70	95e3f07f	512	224	0	70
142	5	11809011425450	none	71	95e3f07f	512	224	0	71
143	6	11809024625150	none	72	95e3f07f	512	224	0	72
144	7	11809041942230	none	73	95e3f07f	512	224	0	73
145	0	11809059150060	none	74	95e3f07f	512	224	0	74
146	1	11809076405640	none	75	95e3f07f	512	224	0	75
147	2	11809093635620	none	76	95e3f07f	512	224	0	76
148	3	11809110862930	none	77	95e3f07f	512	224	0	77
149	4	11809124073290	none	78	95e3f07f	512	224	0	78
150	5	11809141450920	none	79	95e3f07f	512	224	0	79
151	6	11809158679770	none	80	95e3f07f	512	224	0	80
152	7	11809176076020	none	81	95e3f07f	512	224	0	81
153	0	11809193329930	none	82	95e3f07f	512	224	0	82
154	1	11809210693010	none	83	95e3f07f	512	224	0	83
155	2	11809224037520	none	84	95e3f07f	512	224	0	84
156	3	11809241260590	none	85	95e3f07f	512	224	0	85
157	4	11809258569890	none	86	95e3f07f	512	224	0	86
158	5	11809275820010	none	87	95e3f07f	512	224	0	87
159	6	11809293057720	none	88	95e3f07f	512	224	0	88
160	7	11809310428190	none	89	95e3f07f	512	224	0	89
161	0	11809323652460	none	90	95e3f07f	512	224	0	90
162	1	11809340974800	none	91	95e3f07f	512	224	0	91
163	2	11809358174600	none	92	95e3f07f	512	224	0	92
164	3	11809375420430	none	93	95e3f07f	512	224	0	93
165	4	11809392648190	none	94	95e3f07f	512	224	0	94
166	5	11809409849900	none	95	95e3f07f	512	224	0	95
167	6	11809427086820	none	96	95e3f07f	512	224	0	96
168	7	11809440325520	none	97	95e3f07f	512	224	0	97
169	0	11809457561710	none	98	95e3f07f	512	224	0	98
170	1	11809474816450	none	99	95e3f07f	512	224	0	99
171	2	11809492075560	none	100	95e3f07f	512	224	0	100
172	3	11809509353540	none	101	95e3f07f	512	224	0	101
173	4	11809526600340	none	102	95e3f07f	512	224	0	102
174	5	11809543815360	none	103	95e3f07f	512	224	0	103
175	6	11809557032860	none	104	95e3f07f	512	224	0	104
176	7	11809574258170	none	105	95e3f07f	512	224	0	105
177	0	11809591520260	none	106	95e3f07f	512	224	0	106
178	1	11809608735670	none	107	95e3f07f	512	224	0	107
179	2	11809625975930	none	108	95e3f07f	512	224	0	108
180	3	11809643195140	none	109	95e3f07f	512	224	0	109
181	4	11809656417630	none	110	95e3f07f	512	224	0	110
182	5	11809673658140	none	111	95e3f07f	512	224	0	111
183	6	11809691009480	none	112	95e3f07f	512	224	0	112
184	7	11809708227810	none	113	95e3f07f	512	224	0	113
185	0	11809725476810	none	114	95e3f07f	512	224	0	114
186	1	11809742725550	none	115	95e3f07f	512	224	0	115
187	2	11809760018390	none	116	95e3f07f	512	224	0	116
188	3	11809773197030	none	117	95e3f07f	512	224	0	117
189	4	11809790470130	none	118	95e3f07f	512	224	0	118
190	5	11809807707040	none	119	95e3f07f	512	224	0	119
191	6	11809825105860	none	120	95e3f07f	512	224	0	120
192	7	11809842357440	none	121	95e3f07f	512	224	0	121
193	0	11809859705420	none	122	95e3f07f	512	224	0	122
194	1	11809872936560	none	123	95e3f07f	512	224	0	123
195	2	11809890169880	none	124	95e3f07f	512	224	0	124
196	3	11809907417260	none	125	95e3f07f	512	224	0	125
197	4	11809924648730	none	126	95e3f07f	512	224	0	126
198	5	11809941952280	none	127	95e3f07f	512	224	0	127
199	6	11809959183710	none	128	95e3f07f	512	224	0	128
200	7	11809976440860	none	129	95e3f07f	512	224	0	129
201	0	11809989633830	none	130	95e3f07f	512	224	0	130
202	1	11810006873860	none	131	95e3f07f	512	224	0	131
203	2	11810024144560	none	132	95e3f07f	512	224	0	132
204	3	11810041386540	none	133	95e3f07f	512	224	0	133
205	4	11810058697700	none	134	95e3f07f	512	224	0	134
206	5	11810075974290	none	135	95e3f07f	512	224	0	135
207	6	11810089144380	none	136	95e3f07f	512	224	0	136
208	7	11810106372490	none	137	95e3f07f	512	224	0	137
209	0	11810123628730	none	138	95e3f07f	512	224	0	138
210	1	11810140836360	none	139	95e3f07f	512	224	0	139
211	2	11810158222880	none	140	95e3f07f	512	224	0	140
212	3	11810175487500	none	141	95e3f07f	512	224	0	141
213	4	11810192716330	none	142	95e3f07f	512	224	0	142
214	5	11810205984890	none	143	95e3f07f	512	224	0	143
215	6	11810223201410	none	144	95e3f07f	512	224	0	144
216	7	11810240439390	none	145	95e3f07f	512	224	0	145
217	0	11810257720230	none	146	95e3f07f	512	224	0	146
218	1	11810275005010	none	147	95e3f07f	512	224	0	147
219	2	11810292273220	none	148	95e3f07f	512	224	0	148
220	3	11810305533850	none	149	95e3f07f	512	224	0	149
221	4	11810322764290	none	150	95e3f07f	512	224	0	150
222	5	11810339984010	none	151	95e3f07f	512	224	0	151
223	6	11810357376560	none	152	95e3f07f	512	224	0	152
224	7	11810374614230	none	153	95e3f07f	512	224	0	153
225	0	11810391847710	none	154	95e3f07f	512	224	0	154
226	1	11810409098920	none	155	95e3f07f	512	224	0	155
227	2	11810422309450	none	156	95e3f07f	512	224	0	156
228	3	11810439551790	none	157	95e3f07f	512	224	0	157
229	4	11810456775150	none	158	95e3f07f	512	224	0	158
230	5	11810474002000	none	159	95e3f07f	512	224	0	159
231	6	11810491218270	none	160	95e3f07f	512	224	0	160
232	7	11810508459700	none	161	95e3f07f	512	224	0	161
233	0	11810521644020	none	162	95e3f07f	512	224	0	162
234	1	11810539076410	none	163	95e3f07f	512	224	0	163
235	2	11810556308170	none	164	95e3f07f	512	224	0	164
236	3	11810573554700	none	165	95e3f07f	512	224	0	165
237	4	11810590869740	none	166	95e3f07f	512	224	0	166
238	5	11810608115940	none	167	95e3f07f	512	224	0	167
239	6	11810625366390	none	168	95e3f07f	512	224	0	168
240	7	11810638558020	none	169	95e3f07f	512	224	0	169
241	0	11810655779970	none	170	95e3f07f	512	224	0	170
242	1	11810673008850	none	171	95e3f07f	512	224	0	171
243	2	11810690235790	none	172	95e3f07f	512	224	0	172
244	3	11810707485330	none	173	95e3f07f	512	224	0	173
245	4	11810724718930	none	174	95e3f07f	512	224	0	174
246	5	11810738060070	none	175	95e3f07f	512	224	0	175
247	6	11810755296220	none	176	95e3f07f	512	224	0	176
248	7	11810772546950	none	177	95e3f07f	512	224	0	177
249	0	11810789881400	none	178	95e3f07f	512	224	0	178
250	1	11810807135650	none	179	95e3f07f	512	224	0	179
251	2	11810824503720	none	180	95e3f07f	512	224	0	180
252	3	11810841732510	none	181	95e3f07f	512	224	0	181
253	4	11810854913150	none	182	95e3f07f	512	224	0	182
254	5	11810872152250	none	183	95e3f07f	512	224	0	183
255	6	11810889398450	none	184	95e3f07f	512	224	0	184
256	7	11810906729910	none	185	95e3f07f	512	224	0	185
257	0	11810923983070	none	186	95e3f07f	512	224	0	186
258	1	11810941198720	none	187	95e3f07f	512	224	0	187
259	2	11810954406150	none	188	95e3f07f	512	224	0	188
260	3	11810971631720	none	189	95e3f07f	512	224	0	189
261	4	11810988859360	none	190	95e3f07f	512	224	0	190
262	5	11811006271330	none	191	95e3f07f	512	224	0	191
263	6	11811023505780	none	192	95e3f07f	512	224	0	192
264	7	11811040733510	none	193	95e3f07f	512	224	0	193
265	0	11811057969610	none	194	95e3f07f	512	224	0	194
266	1	11811071323450	none	195	95e3f07f	512	224	0	195
267	2	11811088558870	none	196	95e3f07f	512	224	0	196
268	3	11811105839600	none	197	95e3f07f	512	224	0	197
269	4	11811123078770	none	198	95e3f07f	512	224	0	198
270	5	11811140330890	none	199	95e3f07f	512	224	0	199
271	6	11811157554760	none	200	95e3f07f	512	224	0	200
272	7	11811170754090	none	201	95e3f07f	512	224	0	201
273	0	11811188144820	none	202	95e3f07f	512	224	0	202
274	1	11811205497440	none	203	95e3f07f	512	224	0	203
275	2	11811222722220	none	204	95e3f07f	512	224	0	204
276	3	11811239942730	none	205	95e3f07f	512	224	0	205
277	4	11811257154990	none	206	95e3f07f	512	224	0	206
278	5	11811274399670	none	207	95e3f07f	512	224	0	207
279	6	11811287584040	none	208	95e3f07f	512	224	0	208
280	7	11811304784010	none	209	95e3f07f	512	224	0	209
281	0	11811322035400	none	210	95e3f07f	512	224	0	210
282	1	11811339313340	none	211	95e3f07f	512	224	0	211
283	2	11811356541690	none	212	95e3f07f	512	224	0	212
284	3	11811373961030	none	213	95e3f07f	512	224	0	213
285	4	11811387362500	none	214	95e3f07f	512	224	0	214
286	5	11811404854640	none	215	95e3f07f	512	224	0	215
287	6	11811422150240	none	216	95e3f07f	512	224	0	216
288	7	11811439513110	none	217	95e3f07f	512	224	0	217
289	0	11811457103710	none	218	95e3f07f	512	224	0	218
290	1	11811470502170	none	219	95e3f07f	512	224	0	219
291	2	11811487943630	none	220	95e3f07f	512	224	0	220
292	3	11811505234220	none	221	95e3f07f	512	224	0	221
293	4	11811522486160	none	222	95e3f07f	512	224	0	222
294	5	11811539742260	none	223	95e3f07f	512	224	0	223
295	6	11811557163710	none	224	95e3f07f	512	224	0	224
296	7	11811571090260	none	225	95e3f07f	512	224	0	225
297	0	11811588472670	none	226	95e3f07f	512	224	0	226
298	1	11811606218060	none	227	95e3f07f	512	224	0	227
299	2	11811623695460	none	228	95e3f07f	512	224	0	228
300	3	11811637243970	none	229	95e3f07f	512	224	0	229
301	4	11811655116720	none	230	95e3f07f	512	224	0	230
302	5	11811672457140	none	231	95e3f07f	512	224	0	231
303	6	11811689980550	none	232	95e3f07f	512	224	0	232
304	7	11811703253770	none	233	95e3f07f	512	224	0	233
305	0	11811720508780	none	234	95e3f07f	512	224	0	234
306	1	11811737741610	none	235	95e3f07f	512	224	0	235
307	2	11811755059870	none	236	95e3f07f	512	224	0	236
308	3	11811772332250	none	237	95e3f07f	512	224	0	237
309	4	11811789581730	none	238	95e3f07f	512	224	0	238
310	5	11811806912310	none	239	95e3f07f	512	224	0	239
311	6	11811820090620	none	240	95e3f07f	512	224	0	240
312	7	11811837339900	none	241	95e3f07f	512	224	0	241
313	0	11811854612210	none	242	95e3f07f	512	224	0	242
314	1	11811871946140	none	243	95e3f07f	512	224	0	243
315	2	11811889190200	none	244	95e3f07f	512	224	0	244
316	3	11811906445270	none	245	95e3f07f	512	224	0	245
317	4	11811919728160	none	246	95e3f07f	512	224	0	246
318	5	11811936958230	none	247	95e3f07f	512	224	0	247
319	6	11811954205110	none	248	95e3f07f	512	224	0	248
320	7	11811971454320	none	249	95e3f07f	512	224	0	249
321	0	11811988689030	none	250	95e3f07f	512	224	0	250
322	1	11812005917540	none	251	95e3f07f	512	224	0	251
323	2	11812019269980	none	252	95e3f07f	512	224	0	252
324	3	11812036521190	none	253	95e3f07f	512	224	0	253
325	4	11812053820020	none	254	95e3f07f	512	224	0	254
326	5	11812071103790	none	255	95e3f07f	512	224	0	255
327	6	11812088383950	none	256	95e3f07f	512	224	0	256
328	7	11812105623420	none	257	95e3f07f	512	224	0	257
329	0	11812122851000	none	258	95e3f07f	512	224	0	258
330	1	11812136059430	none	259	95e3f07f	512	224	0	259
331	2	11812153480150	none	260	95e3f07f	512	224	0	260
332	3	11812170706950	none	261	95e3f07f	512	224	0	261
333	4	11812188078840	none	262	95e3f07f	512	224	0	262
334	5	11812205327170	none	263	95e3f07f	512	224	0	263
335	6	11812222659670	none	264	95e3f07f	512	224	0	264
336	7	11812236072100	none	265	95e3f07f	512	224	0	265
337	0	11812253329180	none	266	95e3f07f	512	224	0	266
338	1	11812270576810	none	267	95e3f07f	512	224	0	267
339	2	11812287820330	none	268	95e3f07f	512	224	0	268
340	3	11812305063050	none	269	95e3f07f	512	224	0	269
341	4	11812322475310	none	270	95e3f07f	512	224	0	270
342	5	11812335744760	none	271	95e3f07f	512	224	0	271
343	6	11812353136140	none	272	95e3f07f	512	224	0	272
344	7	11812370396010	none	273	95e3f07f	512	224	0	273
345	0	11812387626840	none	274	95e3f07f	512	224	0	274
346	1	11812404933750	none	275	95e3f07f	512	224	0	275
347	2	11812422323110	none	276	95e3f07f	512	224	0	276
348	3	11812435528120	none	277	95e3f07f	512	224	0	277
349	4	11812452966040	none	278	95e3f07f	512	224	0	278
350	5	11812470235290	none	279	95e3f07f	512	224	0	279
351	6	11812487500300	none	280	95e3f07f	512	224	0	280
352	7	11812504740910	none	281	95e3f07f	512	224	0	281
353	0	11812521964190	none	282	95e3f07f	512	224	0	282
354	1	11812535162930	none	283	95e3f07f	512	224	0	283
355	2	11812552662310	none	284	95e3f07f	512	224	0	284
356	3	11812569919750	none	285	95e3f07f	512	224	0	285
357	4	11812587174860	none	286	95e3f07f	512	224	0	286
358	5	11812604436590	none	287	95e3f07f	512	224	0	287
359	6	11812621760520	none	288	95e3f07f	512	224	0	288
360	7	11812634979870	none	289	95e3f07f	512	224	0	289
361	0	11812652280770	none	290	95e3f07f	512	224	0	290
362	1	11812669698990	none	291	95e3f07f	512	224	0	291
363	2	11812687098960	none	292	95e3f07f	512	224	0	292
364	3	11812704396650	none	293	95e3f07f	512	224	0	293
365	4	11812721703610	none	294	95e3f07f	512	224	0	294
366	5	11812734933600	none	295	95e3f07f	512	224	0	295
367	6	11812752258160	none	296	95e3f07f	512	224	0	296
368	7	11812769534400	none	297	95e3f07f	512	224	0	297
369	0	11812786882860	none	298	95e3f07f	512	224	0	298
370	1	11812804117810	none	299	95e3f07f	512	224	0	299
371	2	11812821480000	none	300	95e3f07f	512	224	0	300
372	3	11812834674870	none	301	95e3f07f	512	224	0	301
373	4	11812851995920	none	302	95e3f07f	512	224	0	302
374	5	11812869287800	none	303	95e3f07f	512	224	0	303
375	6	11812886583590	none	304	95e3f07f	512	224	0	304
376	7	11812903807140	none	305	95e3f07f	512	224	0	305
377	0	11812921203530	none	306	95e3f07f	512	224	0	306
378	1	11812934419220	none	307	95e3f07f	512	224	0	307
379	2	11812951748930	none	308	95e3f07f	512	224	0	308
380	3	11812968973820	none	309	95e3f07f	512	224	0	309
381	4	11812986272460	none	310	95e3f07f	512	224	0	310
382	5	11813003537280	none	311	95e3f07f	512	224	0	311
383	6	11813020893970	none	312	95e3f07f	512	224	0	312
384	7	11813038132500	none	313	95e3f07f	512	224	0	313
385	0	11813051355700	none	314	95e3f07f	512	224	0	314
386	1	11813068588560	none	315	95e3f07f	512	224	0	315
387	2	11813085894100	none	316	95e3f07f	512	224	0	316
388	3	11813103212020	none	317	95e3f07f	512	224	0	317
389	4	11813120562740	none	318	95e3f07f	512	224	0	318
390	5	11813137784680	none	319	95e3f07f	512	224	0	319
391	6	11813151003080	none	320	95e3f07f	512	224	0	320
392	7	11813168251770	none	321	95e3f07f	512	224	0	321
393	0	11813185488140	none	322	95e3f07f	512	224	0	322
394	1	11813202833480	none	323	95e3f07f	512	224	0	323
395	2	11813220266530	none	324	95e3f07f	512	224	0	324
396	3	11813237510210	none	325	95e3f07f	512	224	0	325
397	4	11813250695220	none	326	95e3f07f	512	224	0	326
398	5	11813267989300	none	327	95e3f07f	512	224	0	327
399	6	11813285230560	none	328	95e3f07f	512	224	0	328
400	7	11813302596470	none	329	95e3f07f	512	224	0	329
401	0	11813319915170	none	330	95e3f07f	512	224	0	330
402	1	11813337147180	none	331	95e3f07f	512	224	0	331
403	2	11813350361060	none	332	95e3f07f	512	224	0	332
404	3	11813367606280	none	333	edb55b5b	512	224	0	333
405	4	11813384813430	none	334	f91bb7f8	512	224	0	334
406	5	11813402050430	none	335	30169386	512	224	0	335
407	6	11813419450080	none	336	a121912a	512	224	0	336
408	7	11813436694010	none	337	449b9361	512	224	0	337
409	0	11813453937670	none	338	43feeca7	512	224	0	338
410	1	11813467162990	none	339	8b050882	512	224	0	339
411	2	11813484464950	none	340	f5ed1308	512	224	0	340
412	3	11813501695310	none	341	77e9fc52	512	224	0	341
413	4	11813518927870	none	342	25840069	512	224	0	342
414	5	11813536265840	none	343	459892a7	512	224	0	343
415	6	11813553554750	none	344	5a666d25	512	224	0	344
416	7	11813566740210	none	345	8971b7ca	512	224	0	345
417	0	11813583954260	none	346	61605322	512	224	0	346
418	1	11813601285060	none	347	61605322	512	224	0	347
419	2	11813618528440	none	348	61605322	512	224	0	348
420	3	11813635802570	none	349	61605322	512	224	0	349
421	4	11813653160140	none	350	cda34b3b	512	224	0	350
422	5	11813670427670	none	351	d40ea160	512	224	0	351
423	6	11813683621890	none	352	781ca398	512	224	0	352
424	7	11813700981550	none	353	a2b44155	512	224	0	353
425	0	11813718229870	none	354	f387ff56	512	224	0	354
426	1	11813735517790	none	355	174bb9b0	512	224	0	355
427	2	11813752814810	none	356	0dff8bd0	512	224	0	356
428	3	11813770089990	none	357	246c7371	512	224	0	357
429	4	11813783312960	none	358	db1fc073	512	224	0	358
430	5	11813800540760	none	359	9014118b	512	224	0	359
431	6	11813817756760	none	360	bc95433a	512	224	0	360
432	7	11813835103570	none	361	2c1fc326	512	224	0	361
433	0	11813852702900	none	362	4cd6823d	512	224	0	362
434	1	11813870098600	none	363	c514e030	512	224	0	363
435	2	11813883335960	none	364	009f6abe	512	224	0	364
436	3	11813900569590	none	365	009f6abe	512	224	0	365
437	4	11813917774800	none	366	009f6abe	512	224	0	366
438	5	11813935056370	none	367	009f6abe	512	224	0	367
439	6	11813952341740	none	368	009f6abe	512	224	0	368
440	7	11813969714930	none	369	009f6abe	512	224	0	369
441	0	11813982907440	none	370	009f6abe	512	224	0	370
442	1	11814000147830	none	371	009f6abe	512	224	0	371
443	2	11814017379070	none	372	009f6abe	512	224	0	372
444	3	11814034625030	none	373	009f6abe	512	224	0	373
445	4	11814051916290	none	374	009f6abe	512	224	0	374
446	5	11814069202790	none	375	009f6abe	512	224	0	375
447	6	11814082456940	none	376	009f6abe	512	224	0	376
448	7	11814099697050	none	377	009f6abe	512	224	0	377
449	0	11814116937440	none	378	009f6abe	512	224	0	378
450	1	11814134161070	none	379	009f6abe	512	224	0	379
451	2	11814151422760	none	380	009f6abe	512	224	0	380
452	3	11814168658060	none	381	009f6abe	512	224	0	381
453	4	11814186022500	none	382	009f6abe	512	224	0	382
454	5	11814199275690	none	383	009f6abe	512	224	0	383
455	6	11814216511340	none	384	009f6abe	512	224	0	384
456	7	11814233740910	none	385	009f6abe	512	224	0	385
457	0	11814250988280	none	386	009f6abe	512	224	0	386
458	1	11814268257520	none	387	009f6abe	512	224	0	387
459	2	11814285501440	none	388	009f6abe	512	224	0	388
460	3	11814298741590	none	389	009f6abe	512	224	0	389
461	4	11814315977080	none	390	009f6abe	512	224	0	390
462	5	11814333204980	none	391	009f6abe	512	224	0	391
463	6	11814350469390	none	392	009f6abe	512	224	0	392
464	7	11814367795110	none	393	009f6abe	512	224	0	393
465	0	11814385048190	none	394	009f6abe	512	224	0	394
466	1	11814402298870	none	395	009f6abe	512	224	0	395
467	2	11814415553920	none	396	009f6abe	512	224	0	396
468	3	11814432791980	none	397	009f6abe	512	224	0	397
469	4	11814450016730	none	398	009f6abe	512	224	0	398
470	5	11814467390400	none	399	009f6abe	512	224	0	399
471	6	11814484619090	none	400	009f6abe	512	224	0	400
472	7	11814501851450	none	401	009f6abe	512	224	0	401
473	0	11814515075630	none	402	009f6abe	512	224	0	402
474	1	11814532431010	none	403	009f6abe	512	224	0	403
475	2	11814549656720	none	404	009f6abe	512	224	0	404
476	3	11814566964320	none	405	009f6abe	512	224	0	405
477	4	11814584227800	none	406	009f6abe	512	224	0	406
478	5	11814601484600	none	407	009f6abe	512	224	0	407
479	6	11814618726000	none	408	009f6abe	512	224	0	408
480	7	11814632191770	none	409	009f6abe	512	224	0	409
481	0	11814649435700	none	410	009f6abe	512	224	0	410
482	1	11814666743910	none	411	009f6abe	512	224	0	411
483	2	11814684009230	none	412	009f6abe	512	224	0	412
484	3	11814701273950	none	413	009f6abe	512	224	0	413
485	4	11814718510920	none	414	009f6abe	512	224	0	414
486	5	11814731684090	none	415	009f6abe	512	224	0	415
487	6	11814748909340	none	416	009f6abe	512	224	0	416
488	7	11814766282880	none	417	009f6abe	512	224	0	417
489	0	11814783528720	none	418	009f6abe	512	224	0	418
490	1	11814800774760	none	419	009f6abe	512	224	0	419
491	2	11814818029280	none	420	009f6abe	512	224	0	420
492	3	11814831257590	none	421	009f6abe	512	224	0	421
493	4	11814848505940	none	422	009f6abe	512	224	0	422
494	5	11814865745970	none	423	009f6abe	512	224	0	423
495	6	11814882987530	none	424	009f6abe	512	224	0	424
496	7	11814900235430	none	425	009f6abe	512	224	0	425
497	0	11814917469470	none	426	009f6abe	512	224	0	426
498	1	11814934684780	none	427	009f6abe	512	224	0	427
499	2	11814947900880	none	428	009f6abe	512	224	0	428
500	3	11814965289660	none	429	009f6abe	512	224	0	429
501	4	11814982516030	none	430	009f6abe	512	224	0	430
502	5	11814999738960	none	431	009f6abe	512	224	0	431
503	6	11815017019880	none	432	009f6abe	512	224	0	432
504	7	11815034280860	none	433	009f6abe	512	224	0	433
505	0	11815051512460	none	434	009f6abe	512	224	0	434
506	1	11815064706690	none	435	009f6abe	512	224	0	435
507	2	11815081924280	none	436	009f6abe	512	224	0	436
508	3	11815099149480	none	437	009f6abe	512	224	0	437
509	4	11815116417830	none	438	009f6abe	512	224	0	438
510	5	11815133647760	none	439	009f6abe	512	224	0	439
511	6	11815150869750	none	440	009f6abe	512	224	0	440
512	7	11815164038040	none	441	009f6abe	512	224	0	441
513	0	11815181288440	none	442	009f6abe	512	224	0	442
514	1	11815198513870	none	443	009f6abe	512	224	0	443
515	2	11815215844540	none	444	009f6abe	512	224	0	444
516	3	11815233089450	none	445	009f6abe	512	224	0	445
517	4	11815250354030	none	446	009f6abe	512	224	0	446
518	5	11815267584300	none	447	009f6abe	512	224	0	447
519	6	11815280762340	none	448	009f6abe	512	224	0	448
520	7	11815298012880	none	449	009f6abe	512	224	0	449
521	0	11815315264700	none	450	009f6abe	512	224	0	450
522	1	11815332533540	none	451	009f6abe	512	224	0	451
523	2	11815349754310	none	452	009f6abe	512	224	0	452
524	3	11815367016610	none	453	009f6abe	512	224	0	453
525	4	11815380343250	none	454	009f6abe	512	224	0	454
526	5	11815397560690	none	455	009f6abe	512	224	0	455
527	6	11815414853380	none	456	009f6abe	512	224	0	456
528	7	11815432052550	none	457	009f6abe	512	224	0	457
529	0	11815449314060	none	458	009f6abe	512	224	0	458
530	1	11815466569500	none	459	009f6abe	512	224	0	459
531	2	11815483813360	none	460	009f6abe	512	224	0	460
532	3	11815496987380	none	461	009f6abe	512	224	0	461
533	4	11815514372990	none	462	009f6abe	512	224	0	462
534	5	11815531604780	none	463	009f6abe	512	224	0	463
535	6	11815548891900	none	464	009f6abe	512	224	0	464
536	7	11815566118140	none	465	009f6abe	512	224	0	465
537	0	11815583370790	none	466	009f6abe	512	224	0	466
538	1	11815600636670	none	467	009f6abe	512	224	0	467
539	2	11815613835120	none	468	009f6abe	512	224	0	468
540	3	11815631064410	none	469	009f6abe	512	224	0	469
541	4	11815648321930	none	470	009f6abe	512	224	0	470
542	5	11815665561320	none	471	009f6abe	512	224	0	471
543	6	11815682783340	none	472	009f6abe	512	224	0	472
544	7	11815700013330	none	473	009f6abe	512	224	0	473
545	0	11815713238940	none	474	009f6abe	512	224	0	474
546	1	11815730456360	none	475	009f6abe	512	224	0	475
547	2	11815747667170	none	476	009f6abe	512	224	0	476
548	3	11815765016480	none	477	009f6abe	512	224	0	477
549	4	11815782256030	none	478	009f6abe	512	224	0	478
550	5	11815799487480	none	479	009f6abe	512	224	0	479
551	6	11815816710300	none	480	009f6abe	512	224	0	480
552	7	11815829971980	none	481	009f6abe	512	224	0	481
553	0	11815847209290	none	482	009f6abe	512	224	0	482
554	1	11815864476560	none	483	009f6abe	512	224	0	483
555	2	11815881812040	none	484	009f6abe	512	224	0	484
556	3	11815899119620	none	485	009f6abe	512	224	0	485
557	4	11815916354230	none	486	009f6abe	512	224	0	486
558	5	11815929640300	none	487	009f6abe	512	224	0	487
559	6	11815946897130	none	488	009f6abe	512	224	0	488
560	7	11815964120560	none	489	009f6abe	512	224	0	489
561	0	11815981391110	none	490	009f6abe	512	224	0	490
562	1	11815998615820	none	491	009f6abe	512	224	0	491
563	2	11816015845990	none	492	009f6abe	512	224	0	492
564	3	11816033240490	none	493	009f6abe	512	224	0	493
565	4	11816046430370	none	494	009f6abe	512	224	0	494
566	5	11816063660420	none	495	009f6abe	512	224	0	495
567	6	11816080896590	none	496	009f6abe	512	224	0	496
568	7	11816098169220	none	497	009f6abe	512	224	0	497
569	0	11816115425270	none	498	009f6abe	512	224	0	498
570	1	11816132859920	none	499	009f6abe	512	224	0	499
571	2	11816146038140	none	500	009f6abe	512	224	0	500
572	3	11816163283680	none	501	009f6abe	512	224	0	501
573	4	11816180538810	none	502	009f6abe	512	224	0	502
574	5	11816197761430	none	503	009f6abe	512	224	0	503
575	6	11816215051340	none	504	009f6abe	512	224	0	504
576	7	11816232407350	none	505	009f6abe	512	224	0	505
577	0	11816245593210	none	506	009f6abe	512	224	0	506
578	1	11816262931910	none	507	009f6abe	512	224	0	507
579	2	11816280174780	none	508	009f6abe	512	224	0	508
580	3	11816297449460	none	509	009f6abe	512	224	0	509
581	4	11816314700570	none	510	009f6abe	512	224	0	510
582	5	11816331943300	none	511	009f6abe	512	224	0	511
583	6	11816349201440	none	512	009f6abe	512	224	0	512
584	7	11816362390430	none	513	009f6abe	512	224	0	513
585	0	11816379618510	none	514	009f6abe	512	224	0	514
586	1	11816396863000	none	515	009f6abe	512	224	0	515
587	2	11816414096250	none	516	009f6abe	512	224	0	516
588	3	11816431343190	none	517	009f6abe	512	224	0	517
589	4	11816448574590	none	518	009f6abe	512	224	0	518
590	5	11816465831310	none	519	009f6abe	512	224	0	519
591	6	11816479032260	none	520	009f6abe	512	224	0	520
592	7	11816496279400	none	521	009f6abe	512	224	0	521
593	0	11816513509670	none	522	009f6abe	512	224	0	522
594	1	11816530730500	none	523	009f6abe	512	224	0	523
595	2	11816547961450	none	524	009f6abe	512	224	0	524
596	3	11816565211160	none	525	009f6abe	512	224	0	525
597	4	11816578431300	none	526	009f6abe	512	224	0	526
598	5	11816595655850	none	527	009f6abe	512	224	0	527
599	6	11816613023810	none	528	009f6abe	512	224	0	528
600	7	11816630289400	none	529	009f6abe	512	224	0	529
601	0	11816647561110	none	530	009f6abe	512	224	0	530
602	1	11816664910340	none	531	009f6abe	512	224	0	531
603	2	11816682169560	none	532	009f6abe	512	224	0	532
604	3	11816695419520	none	533	009f6abe	512	224	0	533
605	4	11816712641630	none	534	009f6abe	512	224	0	534
606	5	11816729874120	none	535	009f6abe	512	224	0	535
607	6	11816747169100	none	536	009f6abe	512	224	0	536
608	7	11816764399910	none	537	009f6abe	512	224	0	537
609	0	11816781770950	none	538	009f6abe	512	224	0	538
610	1	11816794960690	none	539	009f6abe	512	224	0	539
611	2	11816812205060	none	540	009f6abe	512	224	0	540
612	3	11816829427350	none	541	009f6abe	512	224	0	541
613	4	11816846669970	none	542	009f6abe	512	224	0	542
614	5	11816863924580	none	543	009f6abe	512	224	0	543
615	6	11816881178170	none	544	009f6abe	512	224	0	544
616	7	11816898443150	none	545	009f6abe	512	224	0	545
617	0	11816911628180	none	546	009f6abe	512	224	0	546
618	1	11816928890710	none	547	009f6abe	512	224	0	547
619	2	11816946149070	none	548	009f6abe	512	224	0	548
620	3	11816963366050	none	549	009f6abe	512	224	0	549
621	4	11816980677980	none	550	009f6abe	512	224	0	550
622	5	11816997964170	none	551	009f6abe	512	224	0	551
623	6	11817011162120	none	552	009f6abe	512	224	0	552
624	7	11817028403050	none	553	009f6abe	512	224	0	553
625	0	11817045616560	none	554	009f6abe	512	224	0	554
626	1	11817062850760	none	555	009f6abe	512	224	0	555
627	2	11817080228800	none	556	009f6abe	512	224	0	556
628	3	11817097471120	none	557	009f6abe	512	224	0	557
629	4	11817114721370	none	558	009f6abe	512	224	0	558
630	5	11817127982420	none	559	009f6abe	512	224	0	559
631	6	11817145244900	none	560	009f6abe	512	224	0	560
632	7	11817162480270	none	561	009f6abe	512	224	0	561
633	0	11817179699790	none	562	009f6abe	512	224	0	562
634	1	11817196971800	none	563	009f6abe	512	224	0	563
635	2	11817214222630	none	564	009f6abe	512	224	0	564
636	3	11817227439900	none	565	009f6abe	512	224	0	565
637	4	11817244651990	none	566	009f6abe	512	224	0	566
638	5	11817261918210	none	567	009f6abe	512	224	0	567
639	6	11817279291900	none	568	009f6abe	512	224	0	568
640	7	11817296529400	none	569	009f6abe	512	224	0	569
641	0	11817313760410	none	570	009f6abe	512	224	0	570
642	1	11817331007700	none	571	009f6abe	512	224	0	571
643	2	11817344211550	none	572	009f6abe	512	224	0	572
644	3	11817361441320	none	573	009f6abe	512	224	0	573
645	4	11817378664090	none	574	009f6abe	512	224	0	574
646	5	11817396043880	none	575	009f6abe	512	224	0	575
647	6	11817413300050	none	576	009f6abe	512	224	0	576
648	7	11817430540530	none	577	009f6abe	512	224	0	577
649	0	11817443713490	none	578	009f6abe	512	224	0	578
650	1	11817461085280	none	579	009f6abe	512	224	0	579
651	2	11817478317500	none	580	009f6abe	512	224	0	580
652	3	11817495544830	none	581	009f6abe	512	224	0	581
653	4	11817512750800	none	582	009f6abe	512	224	0	582
654	5	11817530095320	none	583	009f6abe	512	224	0	583
655	6	11817547339020	none	584	009f6abe	512	224	0	584
656	7	11817560524530	none	585	009f6abe	512	224	0	585
657	0	11817577742810	none	586	009f6abe	512	224	0	586
658	1	11817595126950	none	587	009f6abe	512	224	0	587
659	2	11817612426080	none	588	009f6abe	512	224	0	588
660	3	11817629743590	none	589	009f6abe	512	224	0	589
661	4	11817646987980	none	590	009f6abe	512	224	0	590
662	5	11817660209110	none	591	009f6abe	512	224	0	591
663	6	11817677446080	none	592	009f6abe	512	224	0	592
664	7	11817694668920	none	593	009f6abe	512	224	0	593
665	0	11817711910540	none	594	009f6abe	512	224	0	594
666	1	11817729175760	none	595	009f6abe	512	224	0	595
667	2	11817746423110	none	596	009f6abe	512	224	0	596
668	3	11817763660210	none	597	009f6abe	512	224	0	597
669	4	11817776879890	none	598	009f6abe	512	224	0	598
670	5	11817794151070	none	599	009f6abe	512	224	0	599
671	6	11817811391180	none	600	009f6abe	512	224	0	600
672	7	11817828691120	none	601	009f6abe	512	224	0	601
673	0	11817845956460	none	602	009f6abe	512	224	0	602
674	1	11817863204480	none	603	009f6abe	512	224	0	603
675	2	11817876412580	none	604	009f6abe	512	224	0	604
676	3	11817893631550	none	605	009f6abe	512	224	0	605
677	4	11817910911110	none	606	009f6abe	512	224	0	606
678	5	11817928302510	none	607	009f6abe	512	224	0	607
679	6	11817945554410	none	608	009f6abe	512	224	0	608
680	7	11817962783210	none	609	009f6abe	512	224	0	609
681	0	11817980010690	none	610	009f6abe	512	224	0	610
682	1	11817993288420	none	611	009f6abe	512	224	0	611
683	2	11818010531820	none	612	009f6abe	512	224	0	612
684	3	11818027748690	none	613	009f6abe	512	224	0	613
685	4	11818044990210	none	614	009f6abe	512	224	0	614
686	5	11818062233110	none	615	009f6abe	512	224	0	615
687	6	11818079463860	none	616	009f6abe	512	224	0	616
688	7	11818092656050	none	617	009f6abe	512	224	0	617
689	0	11818109895780	none	618	009f6abe	512	224	0	618
690	1	11818127270260	none	619	009f6abe	512	224	0	619
691	2	11818144516620	none	620	009f6abe	512	224	0	620
692	3	11818161783490	none	621	009f6abe	512	224	0	621
693	4	11818179006230	none	622	009f6abe	512	224	0	622
694	5	11818196239580	none	623	009f6abe	512	224	0	623
695	6	11818209472220	none	624	009f6abe	512	224	0	624
696	7	11818226711040	none	625	009f6abe	512	224	0	625
697	0	11818243957380	none	626	009f6abe	512	224	0	626
698	1	11818261224960	none	627	009f6abe	512	224	0	627
699	2	11818278469870	none	628	009f6abe	512	224	0	628
700	3	11818295694170	none	629	009f6abe	512	224	0	629
701	4	11818309050920	none	630	009f6abe	512	224	0	630
702	5	11818326287930	none	631	009f6abe	512	224	0	631
703	6	11818343514220	none	632	009f6abe	512	224	0	632
704	7	11818360731150	none	633	009f6abe	512	224	0	633
705	0	11818378036090	none	634	009f6abe	512	224	0	634
706	1	11818395287400	none	635	009f6abe	512	224	0	635
707	2	11818412513690	none	636	009f6abe	512	224	0	636
708	3	11818425690310	none	637	009f6abe	512	224	0	637
709	4	11818442928610	none	638	009f6abe	512	224	0	638
710	5	11818460171700	none	639	009f6abe	512	224	0	639
711	6	11818477414310	none	640	009f6abe	512	224	0	640
712	7	11818494637230	none	641	009f6abe	512	224	0	641
713	0	11818511869330	none	642	009f6abe	512	224	0	642
714	1	11818529138370	none	643	009f6abe	512	224	0	643
715	2	11818542470340	none	644	009f6abe	512	224	0	644
716	3	11818559673200	none	645	009f6abe	512	224	0	645
717	4	11818576989120	none	646	009f6abe	512	224	0	646
718	5	11818594250670	none	647	009f6abe	512	224	0	647
719	6	11818611486770	none	648	009f6abe	512	224	0	648
720	7	11818628704660	none	649	009f6abe	512	224	0	649
721	0	11818641920010	none	650	009f6abe	512	224	0	650
722	1	11818659171000	none	651	009f6abe	512	224	0	651
723	2	11818676518840	none	652	009f6abe	512	224	0	652
724	3	11818693758820	none	653	009f6abe	512	224	0	653
725	4	11818711011860	none	654	009f6abe	512	224	0	654
726	5	11818728262980	none	655	009f6abe	512	224	0	655
727	6	11818741473590	none	656	009f6abe	512	224	0	656
728	7	11818758695450	none	657	009f6abe	512	224	0	657
729	0	11818775949030	none	658	009f6abe	512	224	0	658
730	1	11818793216770	none	659	009f6abe	512	224	0	659
731	2	11818810456190	none	660	009f6abe	512	224	0	660
732	3	11818827700920	none	661	009f6abe	512	224	0	661
733	4	11818844954500	none	662	009f6abe	512	224	0	662
734	5	11818858242850	none	663	009f6abe	512	224	0	663
735	6	11818875768980	none	664	009f6abe	512	224	0	664
736	7	11818893112700	none	665	009f6abe	512	224	0	665
737	0	11818910425620	none	666	c514e030	512	224	0	666
738	1	11818927687210	none	667	4cd6823d	512	224	0	667
739	2	11818944940800	none	668	2c1fc326	512	224	0	668
740	3	11818958171360	none	669	bc95433a	512	224	0	669
741	4	11818975537540	none	670	9014118b	512	224	0	670
742	5	11818992782380	none	671	db1fc073	512	224	0	671
743	6	11819010005080	none	672	246c7371	512	224	0	672
744	7	11819027257210	none	673	0dff8bd0	512	224	0	673
745	0	11819044502170	none	674	174bb9b0	512	224	0	674
746	1	11819057846800	none	675	f387ff56	512	224	0	675
747	2	11819075280780	none	676	a2b44155	512	224	0	676
748	3	11819092513180	none	677	781ca398	512	224	0	677
749	4	11819109754500	none	678	d40ea160	512	224	0	678
750	5	11819127010080	none	679	61605322	512	224	0	679
751	6	11819144266890	none	680	61605322	512	224	0	680
752	7	11819157479100	none	681	61605322	512	224	0	681
753	0	11819174699670	none	682	61605322	512	224	0	682
754	1	11819191969020	none	683	61605322	512	224	0	683
755	2	11819209206600	none	684	61605322	512	224	0	684
756	3	11819226450270	none	685	61605322	512	224	0	685
757	4	11819243658670	none	686	61605322	512	224	0	686
758	5	11819260905100	none	687	61605322	512	224	0	687
759	6	11819274125880	none	688	61605322	512	224	0	688
760	7	11819291365110	none	689	61605322	512	224	0	689
761	0	11819308590270	none	690	61605322	512	224	0	690
762	1	11819326104760	none	691	61605322	512	224	0	691
763	2	11819343435310	none	692	61605322	512	224	0	692
764	3	11819360657880	none	693	61605322	512	224	0	693
765	4	11819373860610	none	694	61605322	512	224	0	694
766	5	11819391081070	none	695	61605322	512	224	0	695
767	6	11819408369970	none	696	61605322	512	224	0	696
768	7	11819425618300	none	697	61605322	512	224	0	697
769	0	11819442875250	none	698	61605322	512	224	0	698
770	1	11819460142220	none	699	61605322	512	224	0	699
771	2	11819477387980	none	700	61605322	512	224	0	700
772	3	11819490673820	none	701	61605322	512	224	0	701
773	4	11819507948090	none	702	61605322	512	224	0	702
774	5	11819525204990	none	703	61605322	512	224	0	703
775	6	11819542450810	none	704	61605322	512	224	0	704
776	7	11819559673240	none	705	61605322	512	224	0	705
777	0	11819576929790	none	706	61605322	512	224	0	706
778	1	11819590180240	none	707	61605322	512	224	0	707
779	2	11819607488600	none	708	61605322	512	224	0	708
780	3	11819624784830	none	709	61605322	512	224	0	709
781	4	11819642003400	none	710	61605322	512	224	0	710
782	5	11819659272290	none	711	61605322	512	224	0	711
783	6	11819676503000	none	712	61605322	512	224	0	712
784	7	11819693825820	none	713	61605322	512	224	0	713
785	0	11819707027800	none	714	61605322	512	224	0	714
786	1	11819724279510	none	715	61605322	512	224	0	715
787	2	11819741516600	none	716	61605322	512	224	0	716
788	3	11819758772410	none	717	61605322	512	224	0	717
789	4	11819775992370	none	718	61605322	512	224	0	718
790	5	11819793419300	none	719	61605322	512	224	0	719
791	6	11819806607690	none	720	61605322	512	224	0	720
792	7	11819823942280	none	721	61605322	512	224	0	721
793	0	11819841215240	none	722	61605322	512	224	0	722
794	1	11819858515860	none	723	61605322	512	224	0	723
795	2	11819875745570	none	724	61605322	512	224	0	724
796	3	11819893155110	none	725	61605322	512	224	0	725
797	4	11819906364360	none	726	61605322	512	224	0	726
798	5	11819923706520	none	727	61605322	512	224	0	727
799	6	11819940967620	none	728	61605322	512	224	0	728
800	7	11819958244660	none	729	61605322	512	224	0	729
801	0	11819975475870	none	730	61605322	512	224	0	730
802	1	11819992783880	none	731	61605322	512	224	0	731
803	2	11820010025840	none	732	61605322	512	224	0	732
804	3	11820023249440	none	733	61605322	512	224	0	733
805	4	11820040479370	none	734	61605322	512	224	0	734
806	5	11820057703600	none	735	61605322	512	224	0	735
807	6	11820074949480	none	736	61605322	512	224	0	736
808	7	11820092317040	none	737	61605322	512	224	0	737
809	0	11820109573680	none	738	61605322	512	224	0	738
810	1	11820122928260	none	739	61605322	512	224	0	739
811	2	11820140172290	none	740	61605322	512	224	0	740
812	3	11820157406800	none	741	61605322	512	224	0	741
813	4	11820174670310	none	742	61605322	512	224	0	742
814	5	11820191936990	none	743	61605322	512	224	0	743
815	6	11820209189880	none	744	61605322	512	224	0	744
816	7	11820222386360	none	745	61605322	512	224	0	745
817	0	11820239610980	none	746	61605322	512	224	0	746
818	1	11820256823710	none	747	61605322	512	224	0	747
819	2	11820274067820	none	748	61605322	512	224	0	748
820	3	11820291323140	none	749	61605322	512	224	0	749
821	4	11820308576560	none	750	61605322	512	224	0	750
822	5	11820325802440	none	751	61605322	512	224	0	751
823	6	11820339029770	none	752	61605322	512	224	0	752
824	7	11820356270850	none	753	61605322	512	224	0	753
825	0	11820373517670	none	754	61605322	512	224	0	754
826	1	11820390781380	none	755	61605322	512	224	0	755
827	2	11820408002060	none	756	61605322	512	224	0	756
828	3	11820425286430	none	757	61605322	512	224	0	757
829	4	11820442541360	none	758	61605322	512	224	0	758
830	5	11820455747440	none	759	61605322	512	224	0	759
831	6	11820473010710	none	760	61605322	512	224	0	760
832	7	11820490292620	none	761	61605322	512	224	0	761
833	0	11820507507130	none	762	61605322	512	224	0	762
834	1	11820524735030	none	763	61605322	512	224	0	763
835	2	11820542046540	none	764	61605322	512	224	0	764
836	3	11820555268280	none	765	61605322	512	224	0	765
837	4	11820572510960	none	766	61605322	512	224	0	766
838	5	11820589770400	none	767	61605322	512	224	0	767
839	6	11820607136210	none	768	61605322	512	224	0	768
840	7	11820624376220	none	769	61605322	512	224	0	769
841	0	11820641682420	none	770	61605322	512	224	0	770
842	1	11820655080950	none	771	61605322	512	224	0	771
843	2	11820672331910	none	772	61605322	512	224	0	772
844	3	11820689545970	none	773	61605322	512	224	0	773
845	4	11820706768140	none	774	61605322	512	224	0	774
846	5	11820724030090	none	775	61605322	512	224	0	775
847	6	11820741283560	none	776	61605322	512	224	0	776
848	7	11820758533300	none	777	61605322	512	224	0	777
849	0	11820771723610	none	778	61605322	512	224	0	778
850	1	11820788949350	none	779	61605322	512	224	0	779
851	2	11820806175950	none	780	61605322	512	224	0	780
852	3	11820823413240	none	781	61605322	512	224	0	781
853	4	11820840768110	none	782	61605322	512	224	0	782
854	5	11820858012150	none	783	61605322	512	224	0	783
855	6	11820875269490	none	784	61605322	512	224	0	784
856	7	11820888468300	none	785	61605322	512	224	0	785
857	0	11820905720830	none	786	61605322	512	224	0	786
858	1	11820922947280	none	787	9fc5a702	512	224	0	787
859	2	11820940346260	none	788	e494e64a	512	224	0	788
860	3	11820957575800	none	789	50c65b78	512	224	0	789
861	4	11820974809380	none	790	fcbd0a56	512	224	0	790
862	5	11820988036520	none	791	4054e321	512	224	0	791
863	6	11821005297100	none	792	bf54c8c7	512	224	0	792
864	7	11821022531700	none	793	8d560e63	512	224	0	793
865	0	11821039787290	none	794	78d931ba	512	224	0	794
866	1	11821057012270	none	795	c7a2dcf5	512	224	0	795
867	2	11821074258160	none	796	703d7f26	512	224	0	796
868	3	11821091521590	none	797	186c88e4	512	224	0	797
869	4	11821104716710	none	798	2c0ca908	512	224	0	798
870	5	11821121935750	none	799	b1dd8545	512	224	0	799
871	6	11821139304570	none	800	23a18212	512	224	0	800
872	7	11821156538370	none	801	c622962e	512	224	0	801
873	0	11821173768870	none	802	c622962e	512	224	0	802
874	1	11821191045620	none	803	c622962e	512	224	0	803
875	2	11821204307220	none	804	c622962e	512	224	0	804
876	3	11821221535600	none	805	c622962e	512	224	0	805
877	4	11821238754790	none	806	c622962e	512	224	0	806
878	5	11821255989170	none	807	c622962e	512	224	0	807
879	6	11821273225210	none	808	c622962e	512	224	0	808
880	7	11821290478540	none	809	c622962e	512	224	0	809
881	0	11821307706180	none	810	c622962e	512	224	0	810
882	1	11821321042350	none	811	c622962e	512	224	0	811
883	2	11821338275430	none	812	c622962e	512	224	0	812
884	3	11821355482560	none	813	c622962e	512	224	0	813
885	4	11821372713230	none	814	c622962e	512	224	0	814
886	5	11821389996860	none	815	c622962e	512	224	0	815
887	6	11821407258010	none	816	c622962e	512	224	0	816
888	7	11821420479650	none	817	c622962e	512	224	0	817
889	0	11821437716400	none	818	c622962e	512	224	0	818
890	1	11821455107670	none	819	c622962e	512	224	0	819
891	2	11821472350530	none	820	c622962e	512	224	0	820
892	3	11821489608000	none	821	c622962e	512	224	0	821
893	4	11821506851280	none	822	c622962e	512	224	0	822
894	5	11821524254630	none	823	c622962e	512	224	0	823
895	6	11821537451820	none	824	c622962e	512	224	0	824
896	7	11821554659700	none	825	c622962e	512	224	0	825
897	0	11821571902650	none	826	c622962e	512	224	0	826
898	1	11821589164520	none	827	c622962e	512	224	0	827
899	2	11821606404070	none	828	c622962e	512	224	0	828
900	3	11821623650110	none	829	c622962e	512	224	0	829
901	4	11821636869400	none	830	c622962e	512	224	0	830
902	5	11821654126010	none	831	c622962e	512	224	0	831
903	6	11821671356460	none	832	c622962e	512	224	0	832
904	7	11821688678570	none	833	c622962e	512	224	0	833
905	0	11821705955320	none	834	c622962e	512	224	0	834
906	1	11821723236610	none	835	c622962e	512	224	0	835
907	2	11821736487280	none	836	c622962e	512	224	0	836
908	3	11821753712200	none	837	c622962e	512	224	0	837
909	4	11821770913590	none	838	c622962e	512	224	0	838
910	5	11821788284080	none	839	c622962e	512	224	0	839
911	6	11821805566060	none	840	c622962e	512	224	0	840
912	7	11821822799580	none	841	c622962e	512	224	0	841
913	0	11821840049610	none	842	c622962e	512	224	0	842
914	1	11821853366920	none	843	c622962e	512	224	0	843
915	2	11821870585280	none	844	c622962e	512	224	0	844
916	3	11821887898800	none	845	c622962e	512	224	0	845
917	4	11821905174070	none	846	c622962e	512	224	0	846
918	5	11821922420700	none	847	c622962e	512	224	0	847
919	6	11821939630290	none	848	c622962e	512	224	0	848
920	7	11821952849020	none	849	c622962e	512	224	0	849
921	0	11821970113750	none	850	c622962e	512	224	0	850
922	1	11821987516530	none	851	c622962e	512	224	0	851
923	2	11822004763290	none	852	c622962e	512	224	0	852
924	3	11822022000370	none	853	c622962e	512	224	0	853
925	4	11822039252800	none	854	c622962e	512	224	0	854
926	5	11822056592050	none	855	c622962e	512	224	0	855
927	6	11822069809290	none	856	c622962e	512	224	0	856
928	7	11822087211160	none	857	c622962e	512	224	0	857
929	0	11822104440100	none	858	c622962e	512	224	0	858
930	1	11822121663290	none	859	c622962e	512	224	0	859
931	2	11822139005830	none	860	c622962e	512	224	0	860
932	3	11822156248870	none	861	c622962e	512	224	0	861
933	4	11822169452350	none	862	c622962e	512	224	0	862
934	5	11822186708100	none	863	c622962e	512	224	0	863
935	6	11822203932920	none	864	c622962e	512	224	0	864
936	7	11822221180510	none	865	c622962e	512	224	0	865
937	0	11822238435230	none	866	c622962e	512	224	0	866
938	1	11822255663930	none	867	c622962e	512	224	0	867
939	2	11822272907300	none	868	c622962e	512	224	0	868
940	3	11822286112860	none	869	c622962e	512	224	0	869
941	4	11822303383450	none	870	c622962e	512	224	0	870
942	5	11822320614330	none	871	c622962e	512	224	0	871
943	6	11822337996330	none	872	c622962e	512	224	0	872
944	7	11822355236560	none	873	c622962e	512	224	0	873
945	0	11822372472960	none	874	c622962e	512	224	0	874
946	1	11822385648780	none	875	c622962e	512	224	0	875
947	2	11822402952120	none	876	c622962e	512	224	0	876
948	3	11822420209810	none	877	c622962e	512	224	0	877
949	4	11822437467740	none	878	c622962e	512	224	0	878
950	5	11822454714130	none	879	c622962e	512	224	0	879
951	6	11822472089410	none	880	c622962e	512	224	0	880
952	7	11822485283660	none	881	c622962e	512	224	0	881
953	0	11822502580890	none	882	c622962e	512	224	0	882
954	1	11822519935920	none	883	c622962e	512	224	0	883
955	2	11822537198200	none	884	c622962e	512	224	0	884
956	3	11822554429860	none	885	c622962e	512	224	0	885
957	4	11822571647220	none	886	c622962e	512	224	0	886
958	5	11822588893220	none	887	c622962e	512	224	0	887
959	6	11822602262220	none	888	c622962e	512	224	0	888
960	7	11822619543880	none	889	c622962e	512	224	0	889
961	0	11822636973430	none	890	c622962e	512	224	0	890
962	1	11822654223560	none	891	c622962e	512	224	0	891
963	2	11822671443820	none	892	c622962e	512	224	0	892
964	3	11822688655880	none	893	c622962e	512	224	0	893
965	4	11822701926560	none	894	c622962e	512	224	0	894
966	5	11822719215270	none	895	c622962e	512	224	0	895
967	6	11822736484130	none	896	c622962e	512	224	0	896
968	7	11822753732010	none	897	c622962e	512	224	0	897
969	0	11822771109240	none	898	c622962e	512	224	0	898
970	1	11822788379650	none	899	c622962e	512	224	0	899
971	2	11822801682420	none	900	c622962e	512	224	0	900
972	3	11822818898970	none	901	c622962e	512	224	0	901
973	4	11822836188410	none	902	c622962e	512	224	0	902
974	5	11822853429370	none	903	c622962e	512	224	0	903
975	6	11822870692040	none	904	c622962e	512	224	0	904
976	7	11822887923370	none	905	c622962e	512	224	0	905
977	0	11822901253120	none	906	c622962e	512	224	0	906
978	1	11822918478450	none	907	c622962e	512	224	0	907
979	2	11822935841890	none	908	c622962e	512	224	0	908
980	3	11822953142460	none	909	c622962e	512	224	0	909
981	4	11822970415840	none	910	c622962e	512	224	0	910
982	5	11822987632640	none	911	c622962e	512	224	0	911
983	6	11823004871150	none	912	c622962e	512	224	0	912
984	7	11823018104050	none	913	c622962e	512	224	0	913
985	0	11823035354210	none	914	c622962e	512	224	0	914
986	1	11823052790480	none	915	c622962e	512	224	0	915
987	2	11823070134730	none	916	c622962e	512	224	0	916
988	3	11823087377420	none	917	c622962e	512	224	0	917
989	4	11823104712070	none	918	c622962e	512	224	0	918
990	5	11823117918790	none	919	c622962e	512	224	0	919
991	6	11823135164660	none	920	c622962e	512	224	0	920
992	7	11823152437700	none	921	c622962e	512	224	0	921
993	0	11823169723920	none	922	c622962e	512	224	0	922
994	1	11823186947420	none	923	c622962e	512	224	0	923
995	2	11823204288740	none	924	c622962e	512	224	0	924
996	3	11823217496870	none	925	c622962e	512	224	0	925
997	4	11823234862400	none	926	c622962e	512	224	0	926
998	5	11823252117030	none	927	c622962e	512	224	0	927
999	6	11823269414480	none	928	c622962e	512	224	0	928
1000	7	11823286670900	none	929	c622962e	512	224	0	929
1001	0	11823303887860	none	930	c622962e	512	224	0	930
1002	1	11823321177300	none	931	c622962e	512	224	0	931
1003	2	11823334479080	none	932	c622962e	512	224	0	932
1004	3	11823351714360	none	933	c622962e	512	224	0	933
1005	4	11823368931560	none	934	c622962e	512	224	0	934
1006	5	11823386250470	none	935	c622962e	512	224	0	935
1007	6	11823403586450	none	936	c622962e	512	224	0	936
1008	7	11823420956170	none	937	c622962e	512	224	0	937
1009	0	11823434161990	none	938	c622962e	512	224	0	938
1010	1	11823451393950	none	939	c622962e	512	224	0	939
1011	2	11823468604000	none	940	c622962e	512	224	0	940
1012	3	11823485904180	none	941	c622962e	512	224	0	941
1013	4	11823503350170	none	942	c622962e	512	224	0	942
1014	5	11823520573640	none	943	c622962e	512	224	0	943
1015	6	11823533781490	none	944	c622962e	512	224	0	944
1016	7	11823551021250	none	945	c622962e	512	224	0	945
1017	0	11823568252290	none	946	c622962e	512	224	0	946
1018	1	11823585548520	none	947	c622962e	512	224	0	947
1019	2	11823602870790	none	948	c622962e	512	224	0	948
1020	3	11823620183940	none	949	c622962e	512	224	0	949
1021	4	11823633385850	none	950	c622962e	512	224	0	950
1022	5	11823650592370	none	951	c622962e	512	224	0	951
1023	6	11823667826180	none	952	c622962e	512	224	0	952
1024	7	11823685085670	none	953	c622962e	512	224	0	953
1025	0	11823702348830	none	954	c622962e	512	224	0	954
1026	1	11823719622920	none	955	c622962e	512	224	0	955
1027	2	11823736906980	none	956	c622962e	512	224	0	956
1028	3	11823750130050	none	957	c622962e	512	224	0	957
1029	4	11823767350290	none	958	c622962e	512	224	0	958
1030	5	11823784561280	none	959	c622962e	512	224	0	959
1031	6	11823801817560	none	960	c622962e	512	224	0	960
1032	7	11823819070350	none	961	c622962e	512	224	0	961
1033	0	11823836354940	none	962	c622962e	512	224	0	962
1034	1	11823853617710	none	963	c622962e	512	224	0	963
1035	2	11823866830010	none	964	c622962e	512	224	0	964
1036	3	11823884133200	none	965	c622962e	512	224	0	965
1037	4	11823901938060	none	966	c622962e	512	224	0	966
1038	5	11823919321850	none	967	c622962e	512	224	0	967
1039	6	11823936575530	none	968	c622962e	512	224	0	968
1040	7	11823949937890	none	969	c622962e	512	224	0	969
1041	0	11823967182930	none	970	c622962e	512	224	0	970
1042	1	11823984453230	none	971	c622962e	512	224	0	971
1043	2	11824001715610	none	972	c622962e	512	224	0	972
1044	3	11824018965430	none	973	c622962e	512	224	0	973
1045	4	11824036268110	none	974	c622962e	512	224	0	974
1046	5	11824049561820	none	975	c622962e	512	224	0	975
1047	6	11824066790380	none	976	c622962e	512	224	0	976
1048	7	11824084038420	none	977	c622962e	512	224	0	977
1049	0	11824101291580	none	978	c622962e	512	224	0	978
1050	1	11824118514290	none	979	c622962e	512	224	0	979
1051	2	11824135740150	none	980	c622962e	512	224	0	980
1052	3	11824153150260	none	981	c622962e	512	224	0	981
1053	4	11824166356590	none	982	c622962e	512	224	0	982
1054	5	11824183574560	none	983	c622962e	512	224	0	983
1055	6	11824200826500	none	984	c622962e	512	224	0	984
1056	7	11824218074880	none	985	c622962e	512	224	0	985
1057	0	11824235411180	none	986	c622962e	512	224	0	986
1058	1	11824252800140	none	987	c622962e	512	224	0	987
1059	2	11824266029570	none	988	c622962e	512	224	0	988
1060	3	11824283276680	none	989	c622962e	512	224	0	989
1061	4	11824300514060	none	990	c622962e	512	224	0	990
1062	5	11824317739090	none	991	c622962e	512	224	0	991
1063	6	11824334969480	none	992	c622962e	512	224	0	992
1064	7	11824352233750	none	993	c622962e	512	224	0	993
1065	0	11824369515260	none	994	c622962e	512	224	0	994
1066	1	11824382846700	none	995	c622962e	512	224	0	995
1067	2	11824400102570	none	996	c622962e	512	224	0	996
1068	3	11824417337850	none	997	c622962e	512	224	0	997
1069	4	11824434555010	none	998	c622962e	512	224	0	998
1070	5	11824451854350	none	999	c622962e	512	224	0	999
1071	6	11824469168110	none	1000	c622962e	512	224	0	1000
1072	7	11824482428400	none	1001	c622962e	512	224	0	1001
1073	0	11824499698780	none	1002	c622962e	512	224	0	1002
1074	1	11824517072410	none	1003	c622962e	512	224	0	1003
1075	2	11824534315450	none	1004	c622962e	512	224	0	1004
1076	3	11824551538900	none	1005	c622962e	512	224	0	1005
1077	4	11824568783150	none	1006	c622962e	512	224	0	1006
1078	5	11824582086940	none	1007	c622962e	512	224	0	1007
1079	6	11824599310510	none	1008	c622962e	512	224	0	1008
1080	7	11824616524500	none	1009	c622962e	512	224	0	1009
1081	0	11824633746990	none	1010	c622962e	512	224	0	1010
1082	1	11824651073730	none	1011	c622962e	512	224	0	1011
1083	2	11824668352840	none	1012	c622962e	512	224	0	1012
1084	3	11824685688340	none	1013	c622962e	512	224	0	1013
1085	4	11824699106410	none	1014	c622962e	512	224	0	1014
1086	5	11824716706470	none	1015	c622962e	512	224	0	1015
1087	6	11824733996440	none	1016	c622962e	512	224	0	1016
1088	7	11824751471840	none	1017	c622962e	512	224	0	1017
1089	0	11824765166920	none	1018	c622962e	512	224	0	1018
1090	1	11824782654420	none	1019	c622962e	512	224	0	1019
1091	2	11824800379350	none	1020	c622962e	512	224	0	1020
1092	3	11824817756520	none	1021	c622962e	512	224	0	1021
1093	4	11824835023220	none	1022	c622962e	512	224	0	1022
1094	5	11824848253920	none	1023	c622962e	512	224	0	1023
1095	6	11824865496920	none	1024	c622962e	512	224	0	1024
1096	7	11824882866640	none	1025	c622962e	512	224	0	1025
1097	0	11824900295550	none	1026	c622962e	512	224	0	1026
1098	1	11824917748400	none	1027	c622962e	512	224	0	1027
1099	2	11824935275170	none	1028	c622962e	512	224	0	1028
1100	3	11824948714930	none	1029	c622962e	512	224	0	1029
1101	4	11824966121310	none	1030	c622962e	512	224	0	1030
1102	5	11824983517380	none	1031	c622962e	512	224	0	1031
1103	6	11825001100540	none	1032	c622962e	512	224	0	1032
1104	7	11825014558270	none	1033	c622962e	512	224	0	1033
1105	0	11825031841190	none	1034	c622962e	512	224	0	1034
1106	1	11825049213480	none	1035	c622962e	512	224	0	1035
1107	2	11825066446340	none	1036	c622962e	512	224	0	1036
1108	3	11825083671940	none	1037	c622962e	512	224	0	1037
1109	4	11825101005630	none	1038	c622962e	512	224	0	1038
1110	5	11825118244710	none	1039	c622962e	512	224	0	1039
1111	6	11825131445470	none	1040	c622962e	512	224	0	1040
1112	7	11825148654140	none	1041	c622962e	512	224	0	1041
1113	0	11825165876970	none	1042	c622962e	512	224	0	1042
1114	1	11825183159720	none	1043	23a18212	512	224	0	1043
1115	2	11825200394830	none	1044	b1dd8545	512	224	0	1044
1116	3	11825217635780	none	1045	2c0ca908	512	224	0	1045
1117	4	11825230805240	none	1046	186c88e4	512	224	0	1046
1118	5	11825248055070	none	1047	703d7f26	512	224	0	1047
1119	6	11825265282210	none	1048	c7a2dcf5	512	224	0	1048
1120	7	11825282491470	none	1049	78d931ba	512	224	0	1049
1121	0	11825299824090	none	1050	8d560e63	512	224	0	1050
1122	1	11825317085800	none	1051	bf54c8c7	512	224	0	1051
1123	2	11825334316510	none	1052	4054e321	512	224	0	1052
1124	3	11825347524220	none	1053	fcbd0a56	512	224	0	1053
1125	4	11825364735530	none	1054	50c65b78	512	224	0	1054
1126	5	11825381993560	none	1055	e494e64a	512	224	0	1055
1127	6	11825399247470	none	1056	61605322	512	224	0	1056
1128	7	11825416477290	none	1057	61605322	512	224	0	1057
1129	0	11825433706890	none	1058	61605322	512	224	0	1058
1130	1	11825450941980	none	1059	61605322	512	224	0	1059
1131	2	11825464268140	none	1060	61605322	512	224	0	1060
1132	3	11825481469030	none	1061	61605322	512	224	0	1061
1133	4	11825498813600	none	1062	61605322	512	224	0	1062
1134	5	11825516067510	none	1063	61605322	512	224	0	1063
1135	6	11825533312500	none	1064	61605322	512	224	0	1064
1136	7	11825550542380	none	1065	61605322	512	224	0	1065
1137	0	11825563736040	none	1066	61605322	512	224	0	1066
1138	1	11825580948860	none	1067	61605322	512	224	0	1067
1139	2	11825598315470	none	1068	61605322	512	224	0	1068
1140	3	11825615548950	none	1069	61605322	512	224	0	1069
1141	4	11825632795520	none	1070	61605322	512	224	0	1070
1142	5	11825650062620	none	1071	61605322	512	224	0	1071
1143	6	11825667289710	none	1072	61605322	512	224	0	1072
1144	7	11825680453380	none	1073	61605322	512	224	0	1073
1145	0	11825697679480	none	1074	61605322	512	224	0	1074
1146	1	11825714984460	none	1075	61605322	512	224	0	1075
1147	2	11825732243290	none	1076	61605322	512	224	0	1076
1148	3	11825749504280	none	1077	61605322	512	224	0	1077
1149	4	11825766723350	none	1078	61605322	512	224	0	1078
1150	5	11825779905420	none	1079	61605322	512	224	0	1079
1151	6	11825797279250	none	1080	61605322	512	224	0	1080
1152	7	11825814512640	none	1081	40049be7	512	224	0	1081
1153	0	11825831805490	none	1082	40049be7	512	224	0	1082
1154	1	11825849031340	none	1083	5dff82c7	512	224	0	1083
1155	2	11825866271890	none	1084	70799a14	512	224	0	1084
1156	3	11825883492450	none	1085	7699534d	512	224	0	1085
1157	4	11825896681830	none	1086	7699534d	512	224	0	1086
1158	5	11825913921220	none	1087	514cd863	512	224	0	1087
1159	6	11825931169440	none	1088	514cd863	512	224	0	1088
1160	7	11825948453280	none	1089	6001b832	512	224	0	1089
1161	0	11825965668690	none	1090	359764fc	512	224	0	1090
1162	1	11825982905410	none	1091	a134e7b2	512	224	0	1091
1163	2	11826000166550	none	1092	4de2fd3e	512	224	0	1092
1164	3	11826013518350	none	1093	46a205f6	512	224	0	1093
1165	4	11826030740290	none	1094	cead23e5	512	224	0	1094
1166	5	11826048045600	none	1095	02390c74	512	224	0	1095
1167	6	11826065287490	none	1096	f6f2a10e	512	224	0	1096
1168	7	11826082495280	none	1097	ba55ff46	512	224	0	1097
1169	0	11826099730930	none	1098	6bfe3e4e	512	224	0	1098
1170	1	11826113031880	none	1099	703094f9	512	224	0	1099
1171	2	11826130260820	none	1100	faa8d2a4	512	224	0	1100
1172	3	11826147496590	none	1101	2d340e2b	512	224	0	1101
1173	4	11826164816850	none	1102	6737ee5f	512	224	0	1102
1174	5	11826182088860	none	1103	7253507b	512	224	0	1103
1175	6	11826199324100	none	1104	61edbdf6	512	224	0	1104
1176	7	11826212619250	none	1105	fb31f810	512	224	0	1105
1177	0	11826229893050	none	1106	ae95af89	512	224	0	1106
1178	1	11826247254640	none	1107	dbd3d82e	512	224	0	1107
1179	2	11826264538660	none	1108	9d609484	512	224	0	1108
1180	3	11826281814330	none	1109	ab8f0b44	512	224	0	1109
1181	4	11826299061810	none	1110	8a4d1341	512	224	0	1110
1182	5	11826312366820	none	1111	fe10a38b	512	224	0	1111
1183	6	11826329575300	none	1112	7143e013	512	224	0	1112
1184	7	11826346864130	none	1113	21f5d2be	512	224	0	1113
1185	0	11826364146570	none	1114	9010cca1	512	224	0	1114
1186	1	11826381374860	none	1115	5a97364d	512	224	0	1115
1187	2	11826398580290	none	1116	b6caf998	512	224	0	1116
1188	3	11826415816460	none	1117	fc464683	512	224	0	1117
1189	4	11826429030710	none	1118	00005978	512	224	0	1118
1190	5	11826446395430	none	1119	52e849d9	512	224	0	1119
1191	6	11826463677730	none	1120	930bbafc	512	224	0	1120
1192	7	11826480923630	none	1121	cfbe28a3	512	224	0	1121
1193	0	11826498179730	none	1122	de9c4c9d	512	224	0	1122
1194	1	11826515536670	none	1123	62105d09	512	224	0	1123
1195	2	11826528745170	none	1124	24b574c8	512	224	0	1124
1196	3	11826546129920	none	1125	01d0af05	512	224	0	1125
1197	4	11826563361470	none	1126	80dd5d47	512	224	0	1126
1198	5	11826580614620	none	1127	b348d2aa	512	224	0	1127
1199	6	11826597828710	none	1128	c8b8e3ec	512	224	0	1128
1200	7	11826615211860	none	1129	3d3a6f1f	512	224	0	1129
1201	0	11826632425120	none	1130	973b5085	512	224	0	1130
1202	1	11826645589160	none	1131	40127732	512	224	0	1131
1203	2	11826662784050	none	1132	bc0c68ec	512	224	0	1132
1204	3	11826680094180	none	1133	e7de9efa	512	224	0	1133
1205	4	11826697335350	none	1134	0125b5dc	512	224	0	1134
1206	5	11826714562620	none	1135	e6de76a5	512	224	0	1135
1207	6	11826731821520	none	1136	3c5afb5c	512	224	0	1136
1208	7	11826745105420	none	1137	99328d18	512	224	0	1137
1209	0	11826762340880	none	1138	6877297f	512	224	0	1138
1210	1	11826779631730	none	1139	af74763a	512	224	0	1139
1211	2	11826797008830	none	1140	f028542b	512	224	0	1140
1212	3	11826814312570	none	1141	0ab753a7	512	224	0	1141
1213	4	11826831558340	none	1142	8bb2fb57	512	224	0	1142
1214	5	11826848768240	none	1143	528e69b1	512	224	0	1143
1215	6	11826862115040	none	1144	01c4a755	512	224	0	1144
1216	7	11826879338760	none	1145	4eb5ee3e	512	224	0	1145
1217	0	11826896553720	none	1146	8b5a7986	512	224	0	1146
1218	1	11826913788720	none	1147	9fc822cc	512	224	0	1147
1219	2	11826931040990	none	1148	52500ecb	512	224	0	1148
1220	3	11826948275300	none	1149	87e648e5	512	224	0	1149
1221	4	11826961477070	none	1150	1acb0dd2	512	224	0	1150
1222	5	11826978703240	none	1151	9195582f	512	224	0	1151
1223	6	11826996000420	none	1152	effee295	512	224	0	1152
1224	7	11827013266550	none	1153	721c2bbd	512	224	0	1153
1225	0	11827030486820	none	1154	4387f63d	512	224	0	1154
1226	1	11827047732190	none	1155	f0d23362	512	224	0	1155
1227	2	11827061116610	none	1156	24db9377	512	224	0	1156
1228	3	11827078422130	none	1157	9307fb9f	512	224	0	1157
1229	4	11827095678250	none	1158	c0e783b8	512	224	0	1158
1230	5	11827112955710	none	1159	1d15aa97	512	224	0	1159
1231	6	11827130203130	none	1160	1d15aa97	512	224	0	1160
1232	7	11827147426980	none	1161	db16bd07	512	224	0	1161
1233	0	11827164916800	none	1162	ba96a4a2	512	224	0	1162
1234	1	11827178138010	none	1163	6ae9cbc7	512	224	0	1163
1235	2	11827195370940	none	1164	438ff2a3	512	224	0	1164
1236	3	11827212613410	none	1165	c6828fc7	512	224	0	1165
1237	4	11827229821670	none	1166	7ef15986	512	224	0	1166
1238	5	11827247056330	none	1167	90271c10	512	224	0	1167
1239	6	11827264311170	none	1168	5ec3bfa3	512	224	0	1168
1240	7	11827277507030	none	1169	2fc78f30	512	224	0	1169
1241	0	11827294768470	none	1170	4d8a37db	512	224	0	1170
1242	1	11827312019970	none	1171	e9c7f403	512	224	0	1171
1243	2	11827329284630	none	1172	52ab6582	512	224	0	1172
1244	3	11827346532370	none	1173	ed71c651	512	224	0	1173
1245	4	11827363909950	none	1174	bbb1cbb5	512	224	0	1174
1246	5	11827381156760	none	1175	0d61e418	512	224	0	1175
1247	6	11827394392200	none	1176	66305d10	512	224	0	1176
1248	7	11827411622880	none	1177	bd590c36	512	224	0	1177
1249	0	11827428831170	none	1178	e51e08bb	512	224	0	1178
1250	1	11827446067330	none	1179	6deb43f6	512	224	0	1179
1251	2	11827463416300	none	1180	8705b005	512	224	0	1180
1252	3	11827480642530	none	1181	5a69520f	512	224	0	1181
1253	4	11827493808460	none	1182	e7c253af	512	224	0	1182
1254	5	11827511054150	none	1183	a5bf0769	512	224	0	1183
1255	6	11827528287220	none	1184	8c768519	512	224	0	1184
1256	7	11827545523360	none	1185	cfdd221a	512	224	0	1185
1257	0	11827562781400	none	1186	811ceab5	512	224	0	1186
1258	1	11827580077020	none	1187	d8827177	512	224	0	1187
1259	2	11827597347060	none	1188	f1a3a927	512	224	0	1188
1260	3	11827610532170	none	1189	79fce64d	512	224	0	1189
1261	4	11827627751760	none	1190	b0a8ad24	512	224	0	1190
1262	5	11827644986100	none	1191	846b4037	512	224	0	1191
1263	6	11827662356800	none	1192	c8bed34f	512	224	0	1192
1264	7	11827679564700	none	1193	ca4c9f0a	512	224	0	1193
1265	0	11827696801050	none	1194	c8bed34f	512	224	0	1194
1266	1	11827709996660	none	1195	c8bed34f	512	224	0	1195
1267	2	11827727230970	none	1196	c8bed34f	512	224	0	1196
1268	3	11827744458880	none	1197	c8bed34f	512	224	0	1197
1269	4	11827761687480	none	1198	c8bed34f	512	224	0	1198
1270	5	11827778922030	none	1199	c8bed34f	512	224	0	1199
1271	6	11827796173120	none	1200	c8bed34f	512	224	0	1200
1272	7	11827813420940	none	1201	ca4c9f0a	512	224	0	1201
1273	0	11827826603080	none	1202	2f1159c4	512	224	0	1202
1274	1	11827843838710	none	1203	ff715ca0	512	224	0	1203
1275	2	11827861063150	none	1204	3d49aea8	512	224	0	1204
1276	3	11827878289240	none	1205	489ddae7	512	224	0	1205
1277	4	11827895512780	none	1206	c52cbdd2	512	224	0	1206
1278	5	11827912824410	none	1207	c52cbdd2	512	224	0	1207
1279	6	11827930079510	none	1208	73483ac0	512	224	0	1208
1280	7	11827943260560	none	1209	e1df8944	512	224	0	1209
1281	0	11827960478260	none	1210	c8bed34f	512	224	0	1210
1282	1	11827977702880	none	1211	c8bed34f	512	224	0	1211
1283	2	11827994918930	none	1212	c8bed34f	512	224	0	1212
1284	3	11828012288440	none	1213	c8bed34f	512	224	0	1213
1285	4	11828029535980	none	1214	c8bed34f	512	224	0	1214
1286	5	11828046779750	none	1215	ca4c9f0a	512	224	0	1215
1287	6	11828059986520	none	1216	c8bed34f	512	224	0	1216
1288	7	11828077201120	none	1217	2ffa21ce	512	224	0	1217
1289	0	11828094436780	none	1218	c8bed34f	512	224	0	1218
1290	1	11828111773640	none	1219	c8bed34f	512	224	0	1219
1291	2	11828129013420	none	1220	c8bed34f	512	224	0	1220
1292	3	11828146276710	none	1221	c8bed34f	512	224	0	1221
1293	4	11828159461280	none	1222	c8bed34f	512	224	0	1222
1294	5	11828176690530	none	1223	ca4c9f0a	512	224	0	1223
1295	6	11828193899170	none	1224	ca4c9f0a	512	224	0	1224
1296	7	11828211291760	none	1225	2f1159c4	512	224	0	1225
1297	0	11828228506690	none	1226	fd8310e5	512	224	0	1226
1298	1	11828245740820	none	1227	3d49aea8	512	224	0	1227
1299	2	11828263003450	none	1228	489ddae7	512	224	0	1228
1300	3	11828276214330	none	1229	c52cbdd2	512	224	0	1229
1301	4	11828293451570	none	1230	c52cbdd2	512	224	0	1230
1302	5	11828310679230	none	1231	73483ac0	512	224	0	1231
1303	6	11828327904140	none	1232	e1df8944	512	224	0	1232
1304	7	11828345153030	none	1233	c8bed34f	512	224	0	1233
1305	0	11828362396530	none	1234	c8bed34f	512	224	0	1234
1306	1	11828375612350	none	1235	c8bed34f	512	224	0	1235
1307	2	11828392957180	none	1236	caa7e700	512	224	0	1236
1308	3	11828410210880	none	1237	1ac7e264	512	224	0	1237
1309	4	11828427483720	none	1238	6ff8ee21	512	224	0	1238
1310	5	11828444728840	none	1239	18ded62b	512	224	0	1239
1311	6	11828461995140	none	1240	c8bed34f	512	224	0	1240
1312	7	11828479225090	none	1241	c8bed34f	512	224	0	1241
1313	0	11828492410790	none	1242	c8bed34f	512	224	0	1242
1314	1	11828509645490	none	1243	c8bed34f	512	224	0	1243
1315	2	11828526870110	none	1244	c8bed34f	512	224	0	1244
1316	3	11828544114570	none	1245	ca4c9f0a	512	224	0	1245
1317	4	11828561343300	none	1246	ca4c9f0a	512	224	0	1246
1318	5	11828578578660	none	1247	2f1159c4	512	224	0	1247
1319	6	11828595843000	none	1248	fd8310e5	512	224	0	1248
1320	7	11828609112870	none	1249	3d49aea8	512	224	0	1249
1321	0	11828626331030	none	1250	489ddae7	512	224	0	1250
1322	1	11828643603110	none	1251	c52cbdd2	512	224	0	1251
1323	2	11828660905200	none	1252	c52cbdd2	512	224	0	1252
1324	3	11828678168880	none	1253	73483ac0	512	224	0	1253
1325	4	11828695440060	none	1254	e1df8944	512	224	0	1254
1326	5	11828708636620	none	1255	c8bed34f	512	224	0	1255
1327	6	11828725850180	none	1256	c8bed34f	512	224	0	1256
1328	7	11828743100340	none	1257	c8bed34f	512	224	0	1257
1329	0	11828760428370	none	1258	c8bed34f	512	224	0	1258
1330	1	11828777690450	none	1259	c8bed34f	512	224	0	1259
1331	2	11828794924490	none	1260	ca4c9f0a	512	224	0	1260
1332	3	11828812196650	none	1261	c8bed34f	512	224	0	1261
1333	4	11828825490510	none	1262	2ffa21ce	512	224	0	1262
1334	5	11828842719240	none	1263	c8bed34f	512	224	0	1263
1335	6	11828860055030	none	1264	c8bed34f	512	224	0	1264
1336	7	11828877270500	none	1265	c8bed34f	512	224	0	1265
1337	0	11828894490250	none	1266	c8bed34f	512	224	0	1266
1338	1	11828911821070	none	1267	c8bed34f	512	224	0	1267
1339	2	11828925300970	none	1268	ca4c9f0a	512	224	0	1268
1340	3	11828942636970	none	1269	ca4c9f0a	512	224	0	1269
1341	4	11828959974460	none	1270	2d086d8b	512	224	0	1270
1342	5	11828977255900	none	1271	2ffa21ce	512	224	0	1271
1343	6	11828994479940	none	1272	98fddf83	512	224	0	1272
1344	7	11829011728950	none	1273	98fddf83	512	224	0	1273
1345	0	11829025079560	none	1274	b9d204be	512	224	0	1274
1346	1	11829042320360	none	1275	b9d204be	512	224	0	1275
1347	2	11829059643510	none	1276	18ded62b	512	224	0	1276
1348	3	11829076946200	none	1277	c8bed34f	512	224	0	1277
1349	4	11829094199490	none	1278	c8bed34f	512	224	0	1278
1350	5	11829111420340	none	1279	c8bed34f	512	224	0	1279
1351	6	11829124609020	none	1280	c8bed34f	512	224	0	1280
1352	7	11829141829530	none	1281	c8bed34f	512	224	0	1281
1353	0	11829159231230	none	1282	ca4c9f0a	512	224	0	1282
1354	1	11829176477650	none	1283	c8bed34f	512	224	0	1283
1355	2	11829193717830	none	1284	c8bed34f	512	224	0	1284
1356	3	11829211007670	none	1285	c8bed34f	512	224	0	1285
1357	4	11829224326180	none	1286	c8bed34f	512	224	0	1286
1358	5	11829241534890	none	1287	c8bed34f	512	224	0	1287
1359	6	11829258863730	none	1288	c8bed34f	512	224	0	1288
1360	7	11829276111520	none	1289	c8bed34f	512	224	0	1289
1361	0	11829293353490	none	1290	ca4c9f0a	512	224	0	1290
1362	1	11829310598120	none	1291	ca4c9f0a	512	224	0	1291
1363	2	11829327836390	none	1292	2f1159c4	512	224	0	1292
1364	3	11829341041990	none	1293	fd8310e5	512	224	0	1293
1365	4	11829358433300	none	1294	3d49aea8	512	224	0	1294
1366	5	11829375670180	none	1295	489ddae7	512	224	0	1295
1367	6	11829392900740	none	1296	c32d4cdb	512	224	0	1296
1368	7	11829410158560	none	1297	c32d4cdb	512	224	0	1297
1369	0	11829427391930	none	1298	73483ac0	512	224	0	1298
1370	1	11829440572530	none	1299	e1df8944	512	224	0	1299
1371	2	11829457917770	none	1300	c8bed34f	512	224	0	1300
1372	3	11829475152130	none	1301	c8bed34f	512	224	0	1301
1373	4	11829492387870	none	1302	c8bed34f	512	224	0	1302
1374	5	11829509624890	none	1303	c8bed34f	512	224	0	1303
1375	6	11829526886520	none	1304	c8bed34f	512	224	0	1304
1376	7	11829544115990	none	1305	ca4c9f0a	512	224	0	1305
1377	0	11829557300760	none	1306	c8bed34f	512	224	0	1306
1378	1	11829574515870	none	1307	c8bed34f	512	224	0	1307
1379	2	11829591735720	none	1308	c8bed34f	512	224	0	1308
1380	3	11829609056100	none	1309	c8bed34f	512	224	0	1309
1381	4	11829626320470	none	1310	c8bed34f	512	224	0	1310
1382	5	11829643518400	none	1311	c8bed34f	512	224	0	1311
1383	6	11829660754700	none	1312	ca4c9f0a	512	224	0	1312
1384	7	11829674034280	none	1313	ca4c9f0a	512	224	0	1313
1385	0	11829691271910	none	1314	2d086d8b	512	224	0	1314
1386	1	11829708523030	none	1315	2ffa21ce	512	224	0	1315
1387	2	11829725795970	none	1316	98fddf83	512	224	0	1316
1388	3	11829743093120	none	1317	98fddf83	512	224	0	1317
1389	4	11829760317370	none	1318	c8bed34f	512	224	0	1318
1390	5	11829773632440	none	1319	18ded62b	512	224	0	1319
1391	6	11829790888390	none	1320	18ded62b	512	224	0	1320
1392	7	11829808148250	none	1321	18ded62b	512	224	0	1321
1393	0	11829825369920	none	1322	c8bed34f	512	224	0	1322
1394	1	11829842595410	none	1323	c8bed34f	512	224	0	1323
1395	2	11829859821570	none	1324	c8bed34f	512	224	0	1324
1396	3	11829873151480	none	1325	c8bed34f	512	224	0	1325
1397	4	11829890408210	none	1326	c8bed34f	512	224	0	1326
1398	5	11829907736550	none	1327	ca4c9f0a	512	224	0	1327
1399	6	11829925001400	none	1328	c8bed34f	512	224	0	1328
1400	7	11829942254900	none	1329	2ffa21ce	512	224	0	1329
1401	0	11829959487040	none	1330	c8bed34f	512	224	0	1330
1402	1	11829976783590	none	1331	c8bed34f	512	224	0	1331
1403	2	11829990007900	none	1332	c8bed34f	512	224	0	1332
1404	3	11830007380580	none	1333	c8bed34f	512	224	0	1333
1405	4	11830024602930	none	1334	c8bed34f	512	224	0	1334
1406	5	11830041831090	none	1335	ca4c9f0a	512	224	0	1335
1407	6	11830059111880	none	1336	ca4c9f0a	512	224	0	1336
1408	7	11830076485980	none	1337	2f1159c4	512	224	0	1337
1409	0	11830089701570	none	1338	fd8310e5	512	224	0	1338
1410	1	11830107041860	none	1339	489ddae7	512	224	0	1339
1411	2	11830124279380	none	1340	489ddae7	512	224	0	1340
1412	3	11830141493820	none	1341	c52cbdd2	512	224	0	1341
1413	4	11830158746150	none	1342	c52cbdd2	512	224	0	1342
1414	5	11830176130030	none	1343	73483ac0	512	224	0	1343
1415	6	11830189305860	none	1344	e1df8944	512	224	0	1344
1416	7	11830206643120	none	1345	c8bed34f	512	224	0	1345
1417	0	11830223954870	none	1346	c8bed34f	512	224	0	1346
1418	1	11830241346850	none	1347	c8bed34f	512	224	0	1347
1419	2	11830258591260	none	1348	c8bed34f	512	224	0	1348
1420	3	11830275805830	none	1349	c8bed34f	512	224	0	1349
1421	4	11830293052190	none	1350	ca4c9f0a	512	224	0	1350
1422	5	11830306261830	none	1351	c8bed34f	512	224	0	1351
1423	6	11830323515350	none	1352	c8bed34f	512	224	0	1352
1424	7	11830340755500	none	1353	c8bed34f	512	224	0	1353
1425	0	11830358024800	none	1354	c8bed34f	512	224	0	1354
1426	1	11830375257950	none	1355	c8bed34f	512	224	0	1355
1427	2	11830392470640	none	1356	c8bed34f	512	224	0	1356
1428	3	11830405680920	none	1357	ca4c9f0a	512	224	0	1357
1429	4	11830422948340	none	1358	ca4c9f0a	512	224	0	1358
1430	5	11830440180530	none	1359	2d086d8b	512	224	0	1359
1431	6	11830457426590	none	1360	2ffa21ce	512	224	0	1360
1432	7	11830474638050	none	1361	98fddf83	512	224	0	1361
1433	0	11830491873740	none	1362	98fddf83	512	224	0	1362
1434	1	11830509148940	none	1363	c8bed34f	512	224	0	1363
1435	2	11830522382960	none	1364	18ded62b	512	224	0	1364
1436	3	11830539625580	none	1365	18ded62b	512	224	0	1365
1437	4	11830556971190	none	1366	18ded62b	512	224	0	1366
1438	5	11830574217460	none	1367	c8bed34f	512	224	0	1367
1439	6	11830591430830	none	1368	c8bed34f	512	224	0	1368
1440	7	11830608681660	none	1369	c8bed34f	512	224	0	1369
1441	0	11830621981510	none	1370	c8bed34f	512	224	0	1370
1442	1	11830639368250	none	1371	c8bed34f	512	224	0	1371
1443	2	11830656604590	none	1372	ca4c9f0a	512	224	0	1372
1444	3	11830673809210	none	1373	c8bed34f	512	224	0	1373
1445	4	11830691087220	none	1374	c8bed34f	512	224	0	1374
1446	5	11830708378770	none	1375	c8bed34f	512	224	0	1375
1447	6	11830725717730	none	1376	c8bed34f	512	224	0	1376
1448	7	11830738947250	none	1377	c8bed34f	512	224	0	1377
1449	0	11830756192420	none	1378	c8bed34f	512	224	0	1378
1450	1	11830773440320	none	1379	ca4c9f0a	512	224	0	1379
1451	2	11830790662060	none	1380	ca4c9f0a	512	224	0	1380
1452	3	11830807915840	none	1381	2f1159c4	512	224	0	1381
1453	4	11830825200610	none	1382	fd8310e5	512	224	0	1382
1454	5	11830838400720	none	1383	3d49aea8	512	224	0	1383
1455	6	11830855623350	none	1384	489ddae7	512	224	0	1384
1456	7	11830872837630	none	1385	c52cbdd2	512	224	0	1385
1457	0	11830890100340	none	1386	c52cbdd2	512	224	0	1386
1458	1	11830907366630	none	1387	73483ac0	512	224	0	1387
1459	2	11830924700570	none	1388	e1df8944	512	224	0	1388
1460	3	11830941977590	none	1389	c8bed34f	512	224	0	1389
1461	4	11830955173610	none	1390	c8bed34f	512	224	0	1390
1462	5	11830972390790	none	1391	c8bed34f	512	224	0	1391
1463	6	11830989618210	none	1392	c8bed34f	512	224	0	1392
1464	7	11831006850860	none	1393	c8bed34f	512	224	0	1393
1465	0	11831024257160	none	1394	ca4c9f0a	512	224	0	1394
1466	1	11831041501960	none	1395	c8bed34f	512	224	0	1395
1467	2	11831054714580	none	1396	2ffa21ce	512	224	0	1396
1468	3	11831071970290	none	1397	c8bed34f	512	224	0	1397
1469	4	11831089194940	none	1398	c8bed34f	512	224	0	1398
1470	5	11831106436010	none	1399	c8bed34f	512	224	0	1399
1471	6	11831123690300	none	1400	c8bed34f	512	224	0	1400
1472	7	11831140925260	none	1401	c8bed34f	512	224	0	1401
1473	0	11831158172460	none	1402	ca4c9f0a	512	224	0	1402
1474	1	11831171362320	none	1403	ca4c9f0a	512	224	0	1403
1475	2	11831188596450	none	1404	2f1159c4	512	224	0	1404
1476	3	11831205807860	none	1405	fd8310e5	512	224	0	1405
1477	4	11831223177590	none	1406	489ddae7	512	224	0	1406
1478	5	11831240409250	none	1407	489ddae7	512	224	0	1407
1479	6	11831257626290	none	1408	c52cbdd2	512	224	0	1408
1480	7	11831270947750	none	1409	c52cbdd2	512	224	0	1409
1481	0	11831288181850	none	1410	73483ac0	512	224	0	1410
1482	1	11831305540310	none	1411	e1df8944	512	224	0	1411
1483	2	11831322784500	none	1412	c8bed34f	512	224	0	1412
1484	3	11831340055430	none	1413	c8bed34f	512	224	0	1413
1485	4	11831357289630	none	1414	c8bed34f	512	224	0	1414
1486	5	11831374529520	none	1415	caa7e700	512	224	0	1415
1487	6	11831387715350	none	1416	1ac7e264	512	224	0	1416
1488	7	11831404999820	none	1417	6ff8ee21	512	224	0	1417
1489	0	11831422231270	none	1418	18ded62b	512	224	0	1418
1490	1	11831439475920	none	1419	c8bed34f	512	224	0	1419
1491	2	11831456717960	none	1420	c8bed34f	512	224	0	1420
1492	3	11831474031600	none	1421	c8bed34f	512	224	0	1421
1493	4	11831487225360	none	1422	c8bed34f	512	224	0	1422
1494	5	11831504447250	none	1423	c8bed34f	512	224	0	1423
1495	6	11831521693970	none	1424	ca4c9f0a	512	224	0	1424
1496	7	11831539073270	none	1425	ca4c9f0a	512	224	0	1425
1497	0	11831556295420	none	1426	2f1159c4	512	224	0	1426
1498	1	11831573650130	none	1427	fd8310e5	512	224	0	1427
1499	2	11831590969060	none	1428	3d49aea8	512	224	0	1428
1500	3	11831604162160	none	1429	489ddae7	512	224	0	1429
1501	4	11831621371980	none	1430	725dfc79	512	224	0	1430
1502	5	11831638595900	none	1431	725dfc79	512	224	0	1431
1503	6	11831655881420	none	1432	73483ac0	512	224	0	1432
1504	7	11831673136550	none	1433	e1df8944	512	224	0	1433
1505	0	11831690370510	none	1434	c8bed34f	512	224	0	1434
1506	1	11831703567220	none	1435	c8bed34f	512	224	0	1435
1507	2	11831720793180	none	1436	c8bed34f	512	224	0	1436
1508	3	11831738070080	none	1437	c8bed34f	512	224	0	1437
1509	4	11831755291740	none	1438	c8bed34f	512	224	0	1438
1510	5	11831772608270	none	1439	ca4c9f0a	512	224	0	1439
1511	6	11831789948250	none	1440	c8bed34f	512	224	0	1440
1512	7	11831807189000	none	1441	c8bed34f	512	224	0	1441
1513	0	11831820376010	none	1442	c8bed34f	512	224	0	1442
1514	1	11831837660100	none	1443	c8bed34f	512	224	0	1443
1515	2	11831854905070	none	1444	c8bed34f	512	224	0	1444
1516	3	11831872272430	none	1445	c8bed34f	512	224	0	1445
1517	4	11831889491900	none	1446	ca4c9f0a	512	224	0	1446
1518	5	11831906723390	none	1447	ca4c9f0a	512	224	0	1447
1519	6	11831919981410	none	1448	2d086d8b	512	224	0	1448
1520	7	11831937231000	none	1449	2ffa21ce	512	224	0	1449
1521	0	11831954445730	none	1450	98fddf83	512	224	0	1450
1522	1	11831971777740	none	1451	98fddf83	512	224	0	1451
1523	2	11831989028120	none	1452	c8bed34f	512	224	0	1452
1524	3	11832006320430	none	1453	18ded62b	512	224	0	1453
1525	4	11832023556980	none	1454	18ded62b	512	224	0	1454
1526	5	11832036748920	none	1455	18ded62b	512	224	0	1455
1527	6	11832053994560	none	1456	c8bed34f	512	224	0	1456
1528	7	11832071359330	none	1457	c8bed34f	512	224	0	1457
1529	0	11832088606980	none	1458	c8bed34f	512	224	0	1458
1530	1	11832105884230	none	1459	c8bed34f	512	224	0	1459
1531	2	11832123119430	none	1460	c8bed34f	512	224	0	1460
1532	3	11832136300440	none	1461	ca4c9f0a	512	224	0	1461
1533	4	11832153543180	none	1462	c8bed34f	512	224	0	1462
1534	5	11832170769620	none	1463	c8bed34f	512	224	0	1463
1535	6	11832188041670	none	1464	c8bed34f	512	224	0	1464
1536	7	11832205289970	none	1465	c8bed34f	512	224	0	1465
1537	0	11832222552800	none	1466	c8bed34f	512	224	0	1466
1538	1	11832239782140	none	1467	c8bed34f	512	224	0	1467
1539	2	11832253039530	none	1468	c8bed34f	512	224	0	1468
1540	3	11832270327120	none	1469	ca4c9f0a	512	224	0	1469
1541	4	11832287553460	none	1470	ca4c9f0a	512	224	0	1470
1542	5	11832304878340	none	1471	2f1159c4	512	224	0	1471
1543	6	11832322139220	none	1472	fd8310e5	512	224	0	1472
1544	7	11832339369620	none	1473	489ddae7	512	224	0	1473
1545	0	11832352580580	none	1474	489ddae7	512	224	0	1474
1546	1	11832369918430	none	1475	725dfc79	512	224	0	1475
1547	2	11832387137240	none	1476	725dfc79	512	224	0	1476
1548	3	11832404364130	none	1477	73483ac0	512	224	0	1477
1549	4	11832421598070	none	1478	e1df8944	512	224	0	1478
1550	5	11832438828590	none	1479	c8bed34f	512	224	0	1479
1551	6	11832456081410	none	1480	c8bed34f	512	224	0	1480
1552	7	11832469285130	none	1481	c8bed34f	512	224	0	1481
1553	0	11832486542560	none	1482	c8bed34f	512	224	0	1482
1554	1	11832503763510	none	1483	c8bed34f	512	224	0	1483
1555	2	11832521129940	none	1484	ca4c9f0a	512	224	0	1484
1556	3	11832538359350	none	1485	c8bed34f	512	224	0	1485
1557	4	11832555608380	none	1486	c8bed34f	512	224	0	1486
1558	5	11832568819630	none	1487	c8bed34f	512	224	0	1487
1559	6	11832586106070	none	1488	c8bed34f	512	224	0	1488
1560	7	11832603358990	none	1489	c8bed34f	512	224	0	1489
1561	0	11832620709080	none	1490	c8bed34f	512	224	0	1490
1562	1	11832637999100	none	1491	ca4c9f0a	512	224	0	1491
1563	2	11832655248440	none	1492	ca4c9f0a	512	224	0	1492
1564	3	11832672463170	none	1493	2d086d8b	512	224	0	1493
1565	4	11832685669820	none	1494	2ffa21ce	512	224	0	1494
1566	5	11832702960230	none	1495	98fddf83	512	224	0	1495
1567	6	11832720333780	none	1496	98fddf83	512	224	0	1496
1568	7	11832737573040	none	1497	c8bed34f	512	224	0	1497
1569	0	11832754797900	none	1498	18ded62b	512	224	0	1498
1570	1	11832772043220	none	1499	18ded62b	512	224	0	1499
1571	2	11832785257550	none	1500	18ded62b	512	224	0	1500
1572	3	11832802576380	none	1501	c8bed34f	512	224	0	1501
1573	4	11832820002970	none	1502	c8bed34f	512	224	0	1502
1574	5	11832837256970	none	1503	c8bed34f	512	224	0	1503
1575	6	11832854510240	none	1504	c8bed34f	512	224	0	1504
1576	7	11832871749800	none	1505	c8bed34f	512	224	0	1505
1577	0	11832885108990	none	1506	ca4c9f0a	512	224	0	1506
1578	1	11832902357470	none	1507	c8bed34f	512	224	0	1507
1579	2	11832919821230	none	1508	2ffa21ce	512	224	0	1508
1580	3	11832937070880	none	1509	c8bed34f	512	224	0	1509
1581	4	11832954303530	none	1510	c8bed34f	512	224	0	1510
1582	5	11832971541610	none	1511	c8bed34f	512	224	0	1511
1583	6	11832984725360	none	1512	c8bed34f	512	224	0	1512
1584	7	11833001987250	none	1513	c8bed34f	512	224	0	1513
1585	0	11833019451990	none	1514	ca4c9f0a	512	224	0	1514
1586	1	11833036705340	none	1515	2f1159c4	512	224	0	1515
1587	2	11833053978840	none	1516	ff715ca0	512	224	0	1516
1588	3	11833071225440	none	1517	3d49aea8	512	224	0	1517
1589	4	11833088448160	none	1518	489ddae7	512	224	0	1518
1590	5	11833101655120	none	1519	c52cbdd2	512	224	0	1519
1591	6	11833118908510	none	1520	c52cbdd2	512	224	0	1520
1592	7	11833136197240	none	1521	73483ac0	512	224	0	1521
1593	0	11833153422260	none	1522	e1df8944	512	224	0	1522
1594	1	11833170770990	none	1523	c8bed34f	512	224	0	1523
1595	2	11833188025230	none	1524	c8bed34f	512	224	0	1524
1596	3	11833201234180	none	1525	c8bed34f	512	224	0	1525
1597	4	11833218583960	none	1526	c8bed34f	512	224	0	1526
1598	5	11833235946990	none	1527	c8bed34f	512	224	0	1527
1599	6	11833253206300	none	1528	ca4c9f0a	512	224	0	1528
1600	7	11833270537340	none	1529	c8bed34f	512	224	0	1529
1601	0	11833287756760	none	1530	2ffa21ce	512	224	0	1530
1602	1	11833300977310	none	1531	c8bed34f	512	224	0	1531
1603	2	11833318346120	none	1532	c8bed34f	512	224	0	1532
1604	3	11833335668740	none	1533	c8bed34f	512	224	0	1533
1605	4	11833352967260	none	1534	c8bed34f	512	224	0	1534
1606	5	11833370244710	none	1535	c8bed34f	512	224	0	1535
1607	6	11833387492840	none	1536	ca4c9f0a	512	224	0	1536
1608	7	11833400675340	none	1537	ca4c9f0a	512	224	0	1537
1609	0	11833417923050	none	1538	2d086d8b	512	224	0	1538
1610	1	11833435190840	none	1539	2ffa21ce	512	224	0	1539
1611	2	11833452550320	none	1540	98fddf83	512	224	0	1540
1612	3	11833469991040	none	1541	98fddf83	512	224	0	1541
1613	4	11833487224710	none	1542	c8bed34f	512	224	0	1542
1614	5	11833504459140	none	1543	c8bed34f	512	224	0	1543
1615	6	11833517655280	none	1544	c8bed34f	512	224	0	1544
1616	7	11833534908130	none	1545	c8bed34f	512	224	0	1545
1617	0	11833552154020	none	1546	c8bed34f	512	224	0	1546
1618	1	11833569456030	none	1547	c8bed34f	512	224	0	1547
1619	2	11833586697160	none	1548	c8bed34f	512	224	0	1548
1620	3	11833603970170	none	1549	c8bed34f	512	224	0	1549
1621	4	11833617185190	none	1550	c8bed34f	512	224	0	1550
1622	5	11833634410390	none	1551	ca4c9f0a	512	224	0	1551
1623	6	11833651671080	none	1552	c8bed34f	512	224	0	1552
1624	7	11833668994820	none	1553	c8bed34f	512	224	0	1553
1625	0	11833686278360	none	1554	c8bed34f	512	224	0	1554
1626	1	11833703566100	none	1555	c8bed34f	512	224	0	1555
1627	2	11833720878370	none	1556	c8bed34f	512	224	0	1556
1628	3	11833734101560	none	1557	c8bed34f	512	224	0	1557
1629	4	11833751327980	none	1558	ca4c9f0a	512	224	0	1558
1630	5	11833768563150	none	1559	ca4c9f0a	512	224	0	1559
1631	6	11833785856460	none	1560	2f1159c4	512	224	0	1560
1632	7	11833803121900	none	1561	fd8310e5	512	224	0	1561
1633	0	11833820371140	none	1562	3d49aea8	512	224	0	1562
1634	1	11833833671760	none	1563	3d49aea8	512	224	0	1563
1635	2	11833850923540	none	1564	73483ac0	512	224	0	1564
1636	3	11833868169650	none	1565	73483ac0	512	224	0	1565
1637	4	11833885407840	none	1566	73483ac0	512	224	0	1566
1638	5	11833902740170	none	1567	e1df8944	512	224	0	1567
1639	6	11833920067550	none	1568	c8bed34f	512	224	0	1568
1640	7	11833933382140	none	1569	c8bed34f	512	224	0	1569
1641	0	11833950698090	none	1570	c8bed34f	512	224	0	1570
1642	1	11833968382730	none	1571	c8bed34f	512	224	0	1571
1643	2	11833986148330	none	1572	c8bed34f	512	224	0	1572
1644	3	11834003383670	none	1573	ca4c9f0a	512	224	0	1573
1645	4	11834016634240	none	1574	c8bed34f	512	224	0	1574
1646	5	11834033947600	none	1575	2ffa21ce	512	224	0	1575
1647	6	11834051176570	none	1576	c8bed34f	512	224	0	1576
1648	7	11834068402190	none	1577	c8bed34f	512	224	0	1577
1649	0	11834085648950	none	1578	c8bed34f	512	224	0	1578
1650	1	11834102951800	none	1579	c8bed34f	512	224	0	1579
1651	2	11834116243630	none	1580	c8bed34f	512	224	0	1580
1652	3	11834133549500	none	1581	ca4c9f0a	512	224	0	1581
1653	4	11834150752210	none	1582	ca4c9f0a	512	224	0	1582
1654	5	11834168017720	none	1583	2f1159c4	512	224	0	1583
1655	6	11834185247990	none	1584	fd8310e5	512	224	0	1584
1656	7	11834202532790	none	1585	3d49aea8	512	224	0	1585
1657	0	11834219892040	none	1586	3d49aea8	512	224	0	1586
1658	1	11834233138990	none	1587	73483ac0	512	224	0	1587
1659	2	11834250374190	none	1588	73483ac0	512	224	0	1588
1660	3	11834267614270	none	1589	73483ac0	512	224	0	1589
1661	4	11834284880520	none	1590	e1df8944	512	224	0	1590
1662	5	11834302100590	none	1591	c8bed34f	512	224	0	1591
1663	6	11834319391610	none	1592	c8bed34f	512	224	0	1592
1664	7	11834332736030	none	1593	c8bed34f	512	224	0	1593
1665	0	11834349982540	none	1594	caa7e700	512	224	0	1594
1666	1	11834367217830	none	1595	1ac7e264	512	224	0	1595
1667	2	11834384484040	none	1596	18ded62b	512	224	0	1596
1668	3	11834401707530	none	1597	18ded62b	512	224	0	1597
1669	4	11834418965820	none	1598	c8bed34f	512	224	0	1598
1670	5	11834436296380	none	1599	c8bed34f	512	224	0	1599
1671	6	11834449505350	none	1600	c8bed34f	512	224	0	1600
1672	7	11834466727280	none	1601	c8bed34f	512	224	0	1601
1673	0	11834483967190	none	1602	c8bed34f	512	224	0	1602
1674	1	11834501234440	none	1603	ca4c9f0a	512	224	0	1603
1675	2	11834518500490	none	1604	c8bed34f	512	224	0	1604
1676	3	11834535896520	none	1605	2ffa21ce	512	224	0	1605
1677	4	11834549133780	none	1606	fd8310e5	512	224	0	1606
1678	5	11834566434010	none	1607	4a84eea8	512	224	0	1607
1679	6	11834583674650	none	1608	3d49aea8	512	224	0	1608
1680	7	11834601057460	none	1609	b775e567	512	224	0	1609
1681	0	11834618292950	none	1610	c053dd6d	512	224	0	1610
1682	1	11834635651740	none	1611	73483ac0	512	224	0	1611
1683	2	11834648926600	none	1612	e1df8944	512	224	0	1612
1684	3	11834666172660	none	1613	c8bed34f	512	224	0	1613
1685	4	11834683390060	none	1614	c8bed34f	512	224	0	1614
1686	5	11834700690570	none	1615	c8bed34f	512	224	0	1615
1687	6	11834717945760	none	1616	c8bed34f	512	224	0	1616
1688	7	11834735326130	none	1617	c8bed34f	512	224	0	1617
1689	0	11834748671730	none	1618	ca4c9f0a	512	224	0	1618
1690	1	11834766042840	none	1619	c8bed34f	512	224	0	1619
1691	2	11834783268960	none	1620	c8bed34f	512	224	0	1620
1692	3	11834800495610	none	1621	c8bed34f	512	224	0	1621
1693	4	11834817709010	none	1622	c8bed34f	512	224	0	1622
1694	5	11834835004620	none	1623	c8bed34f	512	224	0	1623
1695	6	11834852234930	none	1624	c8bed34f	512	224	0	1624
1696	7	11834865508190	none	1625	ca4c9f0a	512	224	0	1625
1697	0	11834882720490	none	1626	ca4c9f0a	512	224	0	1626
1698	1	11834900075230	none	1627	2d086d8b	512	224	0	1627
1699	2	11834917284200	none	1628	2ffa21ce	512	224	0	1628
1700	3	11834934625900	none	1629	98fddf83	512	224	0	1629
1701	4	11834951944150	none	1630	98fddf83	512	224	0	1630
1702	5	11834965198460	none	1631	c8bed34f	512	224	0	1631
1703	6	11834982414550	none	1632	c8bed34f	512	224	0	1632
1704	7	11834999661380	none	1633	c8bed34f	512	224	0	1633
1705	0	11835016962780	none	1634	c8bed34f	512	224	0	1634
1706	1	11835034494230	none	1635	c8bed34f	512	224	0	1635
1707	2	11835051708650	none	1636	c8bed34f	512	224	0	1636
1708	3	11835064915540	none	1637	c8bed34f	512	224	0	1637
1709	4	11835082156020	none	1638	c8bed34f	512	224	0	1638
1710	5	11835099378100	none	1639	c8bed34f	512	224	0	1639
1711	6	11835116637420	none	1640	ca4c9f0a	512	224	0	1640
1712	7	11835133879970	none	1641	c8bed34f	512	224	0	1641
1713	0	11835151137860	none	1642	c8bed34f	512	224	0	1642
1714	1	11835168356420	none	1643	c8bed34f	512	224	0	1643
1715	2	11835181578190	none	1644	c8bed34f	512	224	0	1644
1716	3	11835198792970	none	1645	c8bed34f	512	224	0	1645
1717	4	11835216032850	none	1646	c8bed34f	512	224	0	1646
1718	5	11835233380470	none	1647	c8bed34f	512	224	0	1647
1719	6	11835250614740	none	1648	ca4c9f0a	512	224	0	1648
1720	7	11835267867750	none	1649	ca4c9f0a	512	224	0	1649
1721	0	11835281154210	none	1650	2f1159c4	512	224	0	1650
1722	1	11835298456930	none	1651	fd8310e5	512	224	0	1651
1723	2	11835315660810	none	1652	3d49aea8	512	224	0	1652
1724	3	11835332937160	none	1653	3d49aea8	512	224	0	1653
1725	4	11835350171230	none	1654	73483ac0	512	224	0	1654
1726	5	11835367376330	none	1655	73483ac0	512	224	0	1655
1727	6	11835384631920	none	1656	73483ac0	512	224	0	1656
1728	7	11835397869620	none	1657	e1df8944	512	224	0	1657
1729	0	11835415112200	none	1658	c8bed34f	512	224	0	1658
1730	1	11835432326710	none	1659	c8bed34f	512	224	0	1659
1731	2	11835449530930	none	1660	c8bed34f	512	224	0	1660
1732	3	11835466742270	none	1661	c8bed34f	512	224	0	1661
1733	4	11835484083230	none	1662	c8bed34f	512	224	0	1662
1734	5	11835497267850	none	1663	ca4c9f0a	512	224	0	1663
1735	6	11835514500860	none	1664	c8bed34f	512	224	0	1664
1736	7	11835531747920	none	1665	c8bed34f	512	224	0	1665
1737	0	11835549072170	none	1666	c8bed34f	512	224	0	1666
1738	1	11835566305620	none	1667	c8bed34f	512	224	0	1667
1739	2	11835583604560	none	1668	c8bed34f	512	224	0	1668
1740	3	11835600863980	none	1669	c8bed34f	512	224	0	1669
1741	4	11835614042290	none	1670	ca4c9f0a	512	224	0	1670
1742	5	11835631263710	none	1671	ca4c9f0a	512	224	0	1671
1743	6	11835648459750	none	1672	2d086d8b	512	224	0	1672
1744	7	11835665690330	none	1673	2ffa21ce	512	224	0	1673
1745	0	11835683008270	none	1674	98fddf83	512	224	0	1674
1746	1	11835700237500	none	1675	98fddf83	512	224	0	1675
1747	2	11835717472480	none	1676	c8bed34f	512	224	0	1676
1748	3	11835730660190	none	1677	c8bed34f	512	224	0	1677
1749	4	11835748072740	none	1678	c8bed34f	512	224	0	1678
1750	5	11835765298560	none	1679	c8bed34f	512	224	0	1679
1751	6	11835782631980	none	1680	c8bed34f	512	224	0	1680
1752	7	11835799946500	none	1681	c8bed34f	512	224	0	1681
1753	0	11835817180820	none	1682	c8bed34f	512	224	0	1682
1754	1	11835830378730	none	1683	c8bed34f	512	224	0	1683
1755	2	11835847631030	none	1684	c8bed34f	512	224	0	1684
1756	3	11835864898410	none	1685	c8bed34f	512	224	0	1685
1757	4	11835882277380	none	1686	c8bed34f	512	224	0	1686
1758	5	11835899510800	none	1687	c8bed34f	512	224	0	1687
1759	6	11835916744220	none	1688	c8bed34f	512	224	0	1688
1760	7	11835929969430	none	1689	c8bed34f	512	224	0	1689
1761	0	11835947193210	none	1690	c8bed34f	512	224	0	1690
1762	1	11835964406340	none	1691	c8bed34f	512	224	0	1691
1763	2	11835981753780	none	1692	ca4c9f0a	512	224	0	1692
1764	3	11835999017120	none	1693	ca4c9f0a	512	224	0	1693
1765	4	11836016263630	none	1694	2f1159c4	512	224	0	1694
1766	5	11836033500190	none	1695	fd8310e5	512	224	0	1695
1767	6	11836046678350	none	1696	3d49aea8	512	224	0	1696
1768	7	11836063922860	none	1697	3d49aea8	512	224	0	1697
1769	0	11836081287520	none	1698	73483ac0	512	224	0	1698
1770	1	11836098575280	none	1699	73483ac0	512	224	0	1699
1771	2	11836115822100	none	1700	73483ac0	512	224	0	1700
1772	3	11836133096010	none	1701	e1df8944	512	224	0	1701
1773	4	11836146271200	none	1702	c8bed34f	512	224	0	1702
1774	5	11836163516070	none	1703	c8bed34f	512	224	0	1703
1775	6	11836180714770	none	1704	c8bed34f	512	224	0	1704
1776	7	11836197963320	none	1705	c8bed34f	512	224	0	1705
1777	0	11836215197130	none	1706	c8bed34f	512	224	0	1706
1778	1	11836232434430	none	1707	ca4c9f0a	512	224	0	1707
1779	2	11836249667250	none	1708	c8bed34f	512	224	0	1708
1780	3	11836263003970	none	1709	2ffa21ce	512	224	0	1709
1781	4	11836280232350	none	1710	c8bed34f	512	224	0	1710
1782	5	11836297455310	none	1711	c8bed34f	512	224	0	1711
1783	6	11836314671080	none	1712	c8bed34f	512	224	0	1712
1784	7	11836332014530	none	1713	c8bed34f	512	224	0	1713
1785	0	11836349243190	none	1714	c8bed34f	512	224	0	1714
1786	1	11836362448090	none	1715	ca4c9f0a	512	224	0	1715
1787	2	11836379673930	none	1716	ca4c9f0a	512	224	0	1716
1788	3	11836396917330	none	1717	2d086d8b	512	224	0	1717
1789	4	11836414200150	none	1718	2ffa21ce	512	224	0	1718
1790	5	11836431445850	none	1719	98fddf83	512	224	0	1719
1791	6	11836448675590	none	1720	98fddf83	512	224	0	1720
1792	7	11836466034810	none	1721	c8bed34f	512	224	0	1721
1793	0	11836479224740	none	1722	c8bed34f	512	224	0	1722
1794	1	11836496439010	none	1723	c8bed34f	512	224	0	1723
1795	2	11836513622330	none	1724	c8bed34f	512	224	0	1724
1796	3	11836530954350	none	1725	c8bed34f	512	224	0	1725
1797	4	11836548193370	none	1726	c8bed34f	512	224	0	1726
1798	5	11836565431180	none	1727	c8bed34f	512	224	0	1727
1799	6	11836582650500	none	1728	c8bed34f	512	224	0	1728
1800	7	11836595854850	none	1729	c8bed34f	512	224	0	1729
1801	0	11836613107150	none	1730	ca4c9f0a	512	224	0	1730
1802	1	11836630549660	none	1731	c8bed34f	512	224	0	1731
1803	2	11836647922090	none	1732	c8bed34f	512	224	0	1732
1804	3	11836665145570	none	1733	c8bed34f	512	224	0	1733
1805	4	11836682475950	none	1734	c8bed34f	512	224	0	1734
1806	5	11836695680320	none	1735	c8bed34f	512	224	0	1735
1807	6	11836712918840	none	1736	c8bed34f	512	224	0	1736
1808	7	11836730315210	none	1737	ca4c9f0a	512	224	0	1737
1809	0	11836747560400	none	1738	ca4c9f0a	512	224	0	1738
1810	1	11836764802300	none	1739	2f1159c4	512	224	0	1739
1811	2	11836782053410	none	1740	fd8310e5	512	224	0	1740
1812	3	11836795349540	none	1741	3d49aea8	512	224	0	1741
1813	4	11836812591100	none	1742	3d49aea8	512	224	0	1742
1814	5	11836829914720	none	1743	73483ac0	512	224	0	1743
1815	6	11836847163300	none	1744	73483ac0	512	224	0	1744
1816	7	11836864378670	none	1745	73483ac0	512	224	0	1745
1817	0	11836881629130	none	1746	e1df8944	512	224	0	1746
1818	1	11836898900450	none	1747	c8bed34f	512	224	0	1747
1819	2	11836912146930	none	1748	c8bed34f	512	224	0	1748
1820	3	11836929526720	none	1749	c8bed34f	512	224	0	1749
1821	4	11836946752650	none	1750	c8bed34f	512	224	0	1750
1822	5	11836964021310	none	1751	c8bed34f	512	224	0	1751
1823	6	11836981248510	none	1752	ca4c9f0a	512	224	0	1752
1824	7	11836998481430	none	1753	c8bed34f	512	224	0	1753
1825	0	11837011654890	none	1754	c8bed34f	512	224	0	1754
1826	1	11837028896710	none	1755	c8bed34f	512	224	0	1755
1827	2	11837046142920	none	1756	c8bed34f	512	224	0	1756
1828	3	11837063432560	none	1757	c8bed34f	512	224	0	1757
1829	4	11837080662460	none	1758	c8bed34f	512	224	0	1758
1830	5	11837097924420	none	1759	ca4c9f0a	512	224	0	1759
1831	6	11837115153630	none	1760	ca4c9f0a	512	224	0	1760
1832	7	11837128329550	none	1761	2f1159c4	512	224	0	1761
1833	0	11837145561190	none	1762	fd8310e5	512	224	0	1762
1834	1	11837162834570	none	1763	3d49aea8	512	224	0	1763
1835	2	11837180076520	none	1764	3d49aea8	512	224	0	1764
1836	3	11837197287320	none	1765	73483ac0	512	224	0	1765
1837	4	11837214516730	none	1766	73483ac0	512	224	0	1766
1838	5	11837227800600	none	1767	73483ac0	512	224	0	1767
1839	6	11837245051940	none	1768	e1df8944	512	224	0	1768
1840	7	11837262276360	none	1769	c8bed34f	512	224	0	1769
1841	0	11837279511940	none	1770	c8bed34f	512	224	0	1770
1842	1	11837296756010	none	1771	c8bed34f	512	224	0	1771
1843	2	11837314070810	none	1772	c8bed34f	512	224	0	1772
1844	3	11837331299720	none	1773	caa7e700	512	224	0	1773
1845	4	11837344610700	none	1774	1835ae21	512	224	0	1774
1846	5	11837361892090	none	1775	18ded62b	512	224	0	1775
1847	6	11837379138140	none	1776	18ded62b	512	224	0	1776
1848	7	11837396358270	none	1777	c8bed34f	512	224	0	1777
1849	0	11837413612510	none	1778	c8bed34f	512	224	0	1778
1850	1	11837430901480	none	1779	c8bed34f	512	224	0	1779
1851	2	11837444242710	none	1780	c8bed34f	512	224	0	1780
1852	3	11837461455410	none	1781	c8bed34f	512	224	0	1781
1853	4	11837478799040	none	1782	ca4c9f0a	512	224	0	1782
1854	5	11837496064820	none	1783	c8bed34f	512	224	0	1783
1855	6	11837513281350	none	1784	2ffa21ce	512	224	0	1784
1856	7	11837530516960	none	1785	fd8310e5	512	224	0	1785
1857	0	11837543831250	none	1786	4a84eea8	512	224	0	1786
1858	1	11837561071980	none	1787	3d49aea8	512	224	0	1787
1859	2	11837578288990	none	1788	b775e567	512	224	0	1788
1860	3	11837595619210	none	1789	c053dd6d	512	224	0	1789
1861	4	11837613050450	none	1790	73483ac0	512	224	0	1790
1862	5	11837630284370	none	1791	e1df8944	512	224	0	1791
1863	6	11837647637410	none	1792	c8bed34f	512	224	0	1792
1864	7	11837660914560	none	1793	c8bed34f	512	224	0	1793
1865	0	11837678156830	none	1794	c8bed34f	512	224	0	1794
1866	1	11837695415990	none	1795	c8bed34f	512	224	0	1795
1867	2	11837712651890	none	1796	c8bed34f	512	224	0	1796
1868	3	11837729901470	none	1797	ca4c9f0a	512	224	0	1797
1869	4	11837747254780	none	1798	c8bed34f	512	224	0	1798
1870	5	11837760459050	none	1799	c8bed34f	512	224	0	1799
1871	6	11837777942620	none	1800	c8bed34f	512	224	0	1800
1872	7	11837795178480	none	1801	c8bed34f	512	224	0	1801
1873	0	11837812417930	none	1802	c8bed34f	512	224	0	1802
1874	1	11837829668850	none	1803	c8bed34f	512	224	0	1803
1875	2	11837846923300	none	1804	ca4c9f0a	512	224	0	1804
1876	3	11837860114980	none	1805	ca4c9f0a	512	224	0	1805
1877	4	11837877500050	none	1806	2d086d8b	512	224	0	1806
1878	5	11837894727910	none	1807	2ffa21ce	512	224	0	1807
1879	6	11837911956990	none	1808	98fddf83	512	224	0	1808
1880	7	11837929204720	none	1809	98fddf83	512	224	0	1809
1881	0	11837946575150	none	1810	c8bed34f	512	224	0	1810
1882	1	11837959888980	none	1811	c8bed34f	512	224	0	1811
1883	2	11837977140170	none	1812	c8bed34f	512	224	0	1812
1884	3	11837994366610	none	1813	c8bed34f	512	224	0	1813
1885	4	11838011606360	none	1814	c8bed34f	512	224	0	1814
1886	5	11838028877420	none	1815	c8bed34f	512	224	0	1815
1887	6	11838046285170	none	1816	c8bed34f	512	224	0	1816
1888	7	11838063543020	none	1817	c8bed34f	512	224	0	1817
1889	0	11838076739240	none	1818	c8bed34f	512	224	0	1818
1890	1	11838093982310	none	1819	ca4c9f0a	512	224	0	1819
1891	2	11838111248470	none	1820	c8bed34f	512	224	0	1820
1892	3	11838128500260	none	1821	c8bed34f	512	224	0	1821
1893	4	11838145742650	none	1822	c8bed34f	512	224	0	1822
1894	5	11838162995060	none	1823	c8bed34f	512	224	0	1823
1895	6	11838176176550	none	1824	c8bed34f	512	224	0	1824
1896	7	11838193411700	none	1825	c8bed34f	512	224	0	1825
1897	0	11838210642090	none	1826	c8bed34f	512	224	0	1826
1898	1	11838228006240	none	1827	ca4c9f0a	512	224	0	1827
1899	2	11838245248040	none	1828	2f1159c4	512	224	0	1828
1900	3	11838262472470	none	1829	ff715ca0	512	224	0	1829
1901	4	11838279676340	none	1830	3d49aea8	512	224	0	1830
1902	5	11838292967910	none	1831	3d49aea8	512	224	0	1831
1903	6	11838310199600	none	1832	73483ac0	512	224	0	1832
1904	7	11838327435310	none	1833	73483ac0	512	224	0	1833
1905	0	11838344658890	none	1834	73483ac0	512	224	0	1834
1906	1	11838361907930	none	1835	e1df8944	512	224	0	1835
1907	2	11838379144120	none	1836	c8bed34f	512	224	0	1836
1908	3	11838396367540	none	1837	c8bed34f	512	224	0	1837
1909	4	11838409567860	none	1838	c8bed34f	512	224	0	1838
1910	5	11838426820030	none	1839	c8bed34f	512	224	0	1839
1911	6	11838444076740	none	1840	c8bed34f	512	224	0	1840
1912	7	11838461281030	none	1841	ca4c9f0a	512	224	0	1841
1913	0	11838478512290	none	1842	c8bed34f	512	224	0	1842
1914	1	11838495881500	none	1843	2ffa21ce	512	224	0	1843
1915	2	11838509090320	none	1844	c8bed34f	512	224	0	1844
1916	3	11838526304890	none	1845	c8bed34f	512	224	0	1845
1917	4	11838543589120	none	1846	c8bed34f	512	224	0	1846
1918	5	11838560911000	none	1847	c8bed34f	512	224	0	1847
1919	6	11838578151880	none	1848	c8bed34f	512	224	0	1848
1920	7	11838595523060	none	1849	ca4c9f0a	512	224	0	1849
1921	0	11838608757290	none	1850	ca4c9f0a	512	224	0	1850
1922	1	11838626136730	none	1851	2d086d8b	512	224	0	1851
1923	2	11838643435420	none	1852	2ffa21ce	512	224	0	1852
1924	3	11838660652870	none	1853	98fddf83	512	224	0	1853
1925	4	11838677911730	none	1854	98fddf83	512	224	0	1854
1926	5	11838695304340	none	1855	c8bed34f	512	224	0	1855
1927	6	11838712561630	none	1856	c8bed34f	512	224	0	1856
1928	7	11838725771840	none	1857	c8bed34f	512	224	0	1857
1929	0	11838743000430	none	1858	c8bed34f	512	224	0	1858
1930	1	11838760265760	none	1859	c8bed34f	512	224	0	1859
1931	2	11838777521360	none	1860	c8bed34f	512	224	0	1860
1932	3	11838794866640	none	1861	c8bed34f	512	224	0	1861
1933	4	11838812105770	none	1862	c8bed34f	512	224	0	1862
1934	5	11838825293640	none	1863	c8bed34f	512	224	0	1863
1935	6	11838842547260	none	1864	c8bed34f	512	224	0	1864
1936	7	11838859797280	none	1865	c8bed34f	512	224	0	1865
1937	0	11838877042300	none	1866	c8bed34f	512	224	0	1866
1938	1	11838894389240	none	1867	c8bed34f	512	224	0	1867
1939	2	11838911595900	none	1868	c8bed34f	512	224	0	1868
1940	3	11838928868530	none	1869	c8bed34f	512	224	0	1869
1941	4	11838942090110	none	1870	c8bed34f	512	224	0	1870
1942	5	11838959302510	none	1871	ca4c9f0a	512	224	0	1871
1943	6	11838976622620	none	1872	ca4c9f0a	512	224	0	1872
1944	7	11838994239280	none	1873	2f1159c4	512	224	0	1873
1945	0	11839011550460	none	1874	fd8310e5	512	224	0	1874
1946	1	11839024775880	none	1875	3d49aea8	512	224	0	1875
1947	2	11839042012220	none	1876	3d49aea8	512	224	0	1876
1948	3	11839059236470	none	1877	73483ac0	512	224	0	1877
1949	4	11839076452940	none	1878	73483ac0	512	224	0	1878
1950	5	11839093792100	none	1879	73483ac0	512	224	0	1879
1951	6	11839111102190	none	1880	e1df8944	512	224	0	1880
1952	7	11839128333320	none	1881	c8bed34f	512	224	0	1881
1953	0	11839141532650	none	1882	c8bed34f	512	224	0	1882
1954	1	11839158770610	none	1883	c8bed34f	512	224	0	1883
1955	2	11839176005470	none	1884	c8bed34f	512	224	0	1884
1956	3	11839193337500	none	1885	c8bed34f	512	224	0	1885
1957	4	11839210593960	none	1886	ca4c9f0a	512	224	0	1886
1958	5	11839227868890	none	1887	c8bed34f	512	224	0	1887
1959	6	11839241083610	none	1888	2ffa21ce	512	224	0	1888
1960	7	11839258298140	none	1889	c8bed34f	512	224	0	1889
1961	0	11839275546530	none	1890	c8bed34f	512	224	0	1890
1962	1	11839292823490	none	1891	c8bed34f	512	224	0	1891
1963	2	11839310052910	none	1892	c8bed34f	512	224	0	1892
1964	3	11839327300220	none	1893	c8bed34f	512	224	0	1893
1965	4	11839344522120	none	1894	ca4c9f0a	512	224	0	1894
1966	5	11839357741390	none	1895	ca4c9f0a	512	224	0	1895
1967	6	11839375002690	none	1896	2d086d8b	512	224	0	1896
1968	7	11839392216240	none	1897	2ffa21ce	512	224	0	1897
1969	0	11839409428310	none	1898	98fddf83	512	224	0	1898
1970	1	11839426654680	none	1899	98fddf83	512	224	0	1899
1971	2	11839443994630	none	1900	c8bed34f	512	224	0	1900
1972	3	11839461199730	none	1901	c8bed34f	512	224	0	1901
1973	4	11839474376790	none	1902	c8bed34f	512	224	0	1902
1974	5	11839491577130	none	1903	c8bed34f	512	224	0	1903
1975	6	11839508817810	none	1904	c8bed34f	512	224	0	1904
1976	7	11839526070960	none	1905	c8bed34f	512	224	0	1905
1977	0	11839543303750	none	1906	c8bed34f	512	224	0	1906
1978	1	11839560547050	none	1907	c8bed34f	512	224	0	1907
1979	2	11839577806380	none	1908	c8bed34f	512	224	0	1908
1980	3	11839590992970	none	1909	c8bed34f	512	224	0	1909
1981	4	11839608202360	none	1910	c8bed34f	512	224	0	1910
1982	5	11839625412230	none	1911	c8bed34f	512	224	0	1911
1983	6	11839642766310	none	1912	c8bed34f	512	224	0	1912
1984	7	11839660003840	none	1913	c8bed34f	512	224	0	1913
1985	0	11839677225830	none	1914	c8bed34f	512	224	0	1914
1986	1	11839690426910	none	1915	c8bed34f	512	224	0	1915
1987	2	11839707656110	none	1916	ca4c9f0a	512	224	0	1916
1988	3	11839724945800	none	1917	ca4c9f0a	512	224	0	1917
1989	4	11839742298660	none	1918	2f1159c4	512	224	0	1918
1990	5	11839759555240	none	1919	fd8310e5	512	224	0	1919
1991	6	11839776800640	none	1920	3d49aea8	512	224	0	1920
1992	7	11839794055310	none	1921	3d49aea8	512	224	0	1921
1993	0	11839807252220	none	1922	73483ac0	512	224	0	1922
1994	1	11839824528760	none	1923	73483ac0	512	224	0	1923
1995	2	11839841926280	none	1924	73483ac0	512	224	0	1924
1996	3	11839859148880	none	1925	e1df8944	512	224	0	1925
1997	4	11839876366550	none	1926	c8bed34f	512	224	0	1926
1998	5	11839893582270	none	1927	c8bed34f	512	224	0	1927
1999	6	11839906807080	none	1928	c8bed34f	512	224	0	1928
2000	7	11839924042150	none	1929	c8bed34f	512	224	0	1929
2001	0	11839941376580	none	1930	c8bed34f	512	224	0	1930
2002	1	11839958599160	none	1931	ca4c9f0a	512	224	0	1931
2003	2	11839975872980	none	1932	c8bed34f	512	224	0	1932
2004	3	11839993107370	none	1933	c8bed34f	512	224	0	1933
2005	4	11840010324860	none	1934	c8bed34f	512	224	0	1934
2006	5	11840023510160	none	1935	c8bed34f	512	224	0	1935
2007	6	11840040744420	none	1936	c8bed34f	512	224	0	1936
2008	7	11840057997040	none	1937	c8bed34f	512	224	0	1937
2009	0	11840075246660	none	1938	ca4c9f0a	512	224	0	1938
2010	1	11840092619230	none	1939	ca4c9f0a	512	224	0	1939
2011	2	11840109870170	none	1940	2f1159c4	512	224	0	1940
2012	3	11840123070560	none	1941	fd8310e5	512	224	0	1941
2013	4	11840140302060	none	1942	3d49aea8	512	224	0	1942
2014	5	11840157527010	none	1943	3d49aea8	512	224	0	1943
2015	6	11840174896670	none	1944	73483ac0	512	224	0	1944
2016	7	11840192144860	none	1945	73483ac0	512	224	0	1945
2017	0	11840209370270	none	1946	73483ac0	512	224	0	1946
2018	1	11840226609480	none	1947	e1df8944	512	224	0	1947
2019	2	11840239823420	none	1948	c8bed34f	512	224	0	1948
2020	3	11840257051610	none	1949	c8bed34f	512	224	0	1949
2021	4	11840274281000	none	1950	c8bed34f	512	224	0	1950
2022	5	11840291542910	none	1951	caa7e700	512	224	0	1951
2023	6	11840308822830	none	1952	1ac7e264	512	224	0	1952
2024	7	11840326088010	none	1953	6ff8ee21	512	224	0	1953
2025	0	11840339257710	none	1954	18ded62b	512	224	0	1954
2026	1	11840356560070	none	1955	73483ac0	512	224	0	1955
2027	2	11840373884060	none	1956	c8bed34f	512	224	0	1956
2028	3	11840391130150	none	1957	c8bed34f	512	224	0	1957
2029	4	11840408384750	none	1958	c8bed34f	512	224	0	1958
2030	5	11840425649010	none	1959	c8bed34f	512	224	0	1959
2031	6	11840442922390	none	1960	c8bed34f	512	224	0	1960
2032	7	11840456253300	none	1961	ca4c9f0a	512	224	0	1961
2033	0	11840473493900	none	1962	c8bed34f	512	224	0	1962
2034	1	11840490853340	none	1963	2ffa21ce	512	224	0	1963
2035	2	11840508102830	none	1964	fd8310e5	512	224	0	1964
2036	3	11840525392060	none	1965	4a84eea8	512	224	0	1965
2037	4	11840542596500	none	1966	3d49aea8	512	224	0	1966
2038	5	11840555805970	none	1967	b775e567	512	224	0	1967
2039	6	11840573043690	none	1968	c053dd6d	512	224	0	1968
2040	7	11840590303450	none	1969	73483ac0	512	224	0	1969
2041	0	11840607548740	none	1970	e1df8944	512	224	0	1970
2042	1	11840624852840	none	1971	c8bed34f	512	224	0	1971
2043	2	11840642088800	none	1972	c8bed34f	512	224	0	1972
2044	3	11840655397950	none	1973	c8bed34f	512	224	0	1973
2045	4	11840672613590	none	1974	c8bed34f	512	224	0	1974
2046	5	11840689915950	none	1975	c8bed34f	512	224	0	1975
2047	6	11840707153730	none	1976	ca4c9f0a	512	224	0	1976
2048	7	11840724410640	none	1977	c8bed34f	512	224	0	1977
2049	0	11840741650580	none	1978	c8bed34f	512	224	0	1978
2050	1	11840758882050	none	1979	c8bed34f	512	224	0	1979
2051	2	11840772101130	none	1980	c8bed34f	512	224	0	1980
2052	3	11840789426840	none	1981	c8bed34f	512	224	0	1981
2053	4	11840806646870	none	1982	c8bed34f	512	224	0	1982
2054	5	11840823893780	none	1983	ca4c9f0a	512	224	0	1983
2055	6	11840841142640	none	1984	ca4c9f0a	512	224	0	1984
2056	7	11840858373030	none	1985	2d086d8b	512	224	0	1985
2057	0	11840875664430	none	1986	2ffa21ce	512	224	0	1986
2058	1	11840888893880	none	1987	98fddf83	512	224	0	1987
2059	2	11840906174220	none	1988	98fddf83	512	224	0	1988
2060	3	11840923395110	none	1989	c8bed34f	512	224	0	1989
2061	4	11840940630360	none	1990	c8bed34f	512	224	0	1990
2062	5	11840957868050	none	1991	c8bed34f	512	224	0	1991
2063	6	11840975100030	none	1992	c8bed34f	512	224	0	1992
2064	7	11840988296470	none	1993	c8bed34f	512	224	0	1993
2065	0	11841005542580	none	1994	c8bed34f	512	224	0	1994
2066	1	11841022772780	none	1995	c8bed34f	512	224	0	1995
2067	2	11841040010740	none	1996	c8bed34f	512	224	0	1996
2068	3	11841057235140	none	1997	c8bed34f	512	224	0	1997
2069	4	11841074436480	none	1998	ca4c9f0a	512	224	0	1998
2070	5	11841091651380	none	1999	c8bed34f	512	224	0	1999
2071	6	11841104927040	none	2000	c8bed34f	512	224	0	2000
2072	7	11841122157740	none	2001	c8bed34f	512	224	0	2001
2073	0	11841139397800	none	2002	c8bed34f	512	224	0	2002
2074	1	11841156653210	none	2003	c8bed34f	512	224	0	2003
2075	2	11841174015520	none	2004	c8bed34f	512	224	0	2004
2076	3	11841191259250	none	2005	ca4c9f0a	512	224	0	2005
2077	4	11841204558260	none	2006	ca4c9f0a	512	224	0	2006
2078	5	11841221887570	none	2007	2f1159c4	512	224	0	2007
2079	6	11841239134510	none	2008	fd8310e5	512	224	0	2008
2080	7	11841256398090	none	2009	3d49aea8	512	224	0	2009
2081	0	11841273643690	none	2010	3d49aea8	512	224	0	2010
2082	1	11841290893570	none	2011	73483ac0	512	224	0	2011
2083	2	11841308254340	none	2012	73483ac0	512	224	0	2012
2084	3	11841321464760	none	2013	73483ac0	512	224	0	2013
2085	4	11841338838090	none	2014	e1df8944	512	224	0	2014
2086	5	11841356076380	none	2015	c8bed34f	512	224	0	2015
2087	6	11841373287730	none	2016	c8bed34f	512	224	0	2016
2088	7	11841390532280	none	2017	c8bed34f	512	224	0	2017
2089	0	11841407849280	none	2018	c8bed34f	512	224	0	2018
2090	1	11841421056770	none	2019	c8bed34f	512	224	0	2019
2091	2	11841438281830	none	2020	ca4c9f0a	512	224	0	2020
2092	3	11841455523260	none	2021	c8bed34f	512	224	0	2021
2093	4	11841472771460	none	2022	2ffa21ce	512	224	0	2022
2094	5	11841490027690	none	2023	c8bed34f	512	224	0	2023
2095	6	11841507394280	none	2024	c8bed34f	512	224	0	2024
2096	7	11841520633160	none	2025	c8bed34f	512	224	0	2025
2097	0	11841537947480	none	2026	c8bed34f	512	224	0	2026
2098	1	11841555186310	none	2027	c8bed34f	512	224	0	2027
2099	2	11841572383530	none	2028	ca4c9f0a	512	224	0	2028
2100	3	11841589603730	none	2029	ca4c9f0a	512	224	0	2029
2101	4	11841606872440	none	2030	2d086d8b	512	224	0	2030
2102	5	11841624093050	none	2031	2ffa21ce	512	224	0	2031
2103	6	11841637272060	none	2032	98fddf83	512	224	0	2032
2104	7	11841654535020	none	2033	98fddf83	512	224	0	2033
2105	0	11841671795300	none	2034	c8bed34f	512	224	0	2034
2106	1	11841689063830	none	2035	c8bed34f	512	224	0	2035
2107	2	11841706272110	none	2036	c8bed34f	512	224	0	2036
2108	3	11841723511070	none	2037	c8bed34f	512	224	0	2037
2109	4	11841740770190	none	2038	c8bed34f	512	224	0	2038
2110	5	11841754025850	none	2039	c8bed34f	512	224	0	2039
2111	6	11841771242560	none	2040	c8bed34f	512	224	0	2040
2112	7	11841788483490	none	2041	c8bed34f	512	224	0	2041
2113	0	11841805737530	none	2042	c8bed34f	512	224	0	2042
2114	1	11841822965420	none	2043	c8bed34f	512	224	0	2043
2115	2	11841840196510	none	2044	c8bed34f	512	224	0	2044
2116	3	11841853391450	none	2045	c8bed34f	512	224	0	2045
2117	4	11841870613840	none	2046	c8bed34f	512	224	0	2046
2118	5	11841887976910	none	2047	c8bed34f	512	224	0	2047
2119	6	11841905201290	none	2048	c8bed34f	512	224	0	2048
2120	7	11841922417710	none	2049	c8bed34f	512	224	0	2049
2121	0	11841939640210	none	2050	ca4c9f0a	512	224	0	2050
2122	1	11841957012610	none	2051	ca4c9f0a	512	224	0	2051
2123	2	11841970192110	none	2052	2f1159c4	512	224	0	2052
2124	3	11841987425800	none	2053	fd8310e5	512	224	0	2053
2125	4	11842004643970	none	2054	3d49aea8	512	224	0	2054
2126	5	11842022009840	none	2055	3d49aea8	512	224	0	2055
2127	6	11842039225380	none	2056	73483ac0	512	224	0	2056
2128	7	11842056579090	none	2057	73483ac0	512	224	0	2057
2129	0	11842069896050	none	2058	73483ac0	512	224	0	2058
2130	1	11842087162970	none	2059	e1df8944	512	224	0	2059
2131	2	11842104395880	none	2060	c8bed34f	512	224	0	2060
2132	3	11842121612960	none	2061	c8bed34f	512	224	0	2061
2133	4	11842138891460	none	2062	c8bed34f	512	224	0	2062
2134	5	11842156143540	none	2063	c8bed34f	512	224	0	2063
2135	6	11842173366510	none	2064	c8bed34f	512	224	0	2064
2136	7	11842186548710	none	2065	ca4c9f0a	512	224	0	2065
2137	0	11842203790430	none	2066	c8bed34f	512	224	0	2066
2138	1	11842221110780	none	2067	c8bed34f	512	224	0	2067
2139	2	11842238332700	none	2068	c8bed34f	512	224	0	2068
2140	3	11842255680220	none	2069	c8bed34f	512	224	0	2069
2141	4	11842272950690	none	2070	c8bed34f	512	224	0	2070
2142	5	11842286138280	none	2071	c8bed34f	512	224	0	2071
2143	6	11842303372750	none	2072	ca4c9f0a	512	224	0	2072
2144	7	11842320600860	none	2073	ca4c9f0a	512	224	0	2073
2145	0	11842337844510	none	2074	2d086d8b	512	224	0	2074
2146	1	11842355230500	none	2075	2ffa21ce	512	224	0	2075
2147	2	11842372472670	none	2076	98fddf83	512	224	0	2076
2148	3	11842389742120	none	2077	98fddf83	512	224	0	2077
2149	4	11842402963920	none	2078	c8bed34f	512	224	0	2078
2150	5	11842420191770	none	2079	c8bed34f	512	224	0	2079
2151	6	11842437437320	none	2080	c8bed34f	512	224	0	2080
2152	7	11842454691150	none	2081	c8bed34f	512	224	0	2081
2153	0	11842471924210	none	2082	c8bed34f	512	224	0	2082
2154	1	11842489181510	none	2083	c8bed34f	512	224	0	2083
2155	2	11842502405760	none	2084	c8bed34f	512	224	0	2084
2156	3	11842519706330	none	2085	c8bed34f	512	224	0	2085
2157	4	11842536959550	none	2086	c8bed34f	512	224	0	2086
2158	5	11842554328530	none	2087	ca4c9f0a	512	224	0	2087
2159	6	11842571544800	none	2088	c8bed34f	512	224	0	2088
2160	7	11842588795600	none	2089	c8bed34f	512	224	0	2089
2161	0	11842606027970	none	2090	c8bed34f	512	224	0	2090
2162	1	11842619245170	none	2091	c8bed34f	512	224	0	2091
2163	2	11842636537860	none	2092	c8bed34f	512	224	0	2092
2164	3	11842653791350	none	2093	c8bed34f	512	224	0	2093
2165	4	11842671040180	none	2094	c8bed34f	512	224	0	2094
2166	5	11842688230570	none	2095	ca4c9f0a	512	224	0	2095
2167	6	11842705489630	none	2096	ca4c9f0a	512	224	0	2096
2168	7	11842718719500	none	2097	2f1159c4	512	224	0	2097
2169	0	11842736019350	none	2098	fd8310e5	512	224	0	2098
2170	1	11842753360990	none	2099	3d49aea8	512	224	0	2099
2171	2	11842770580930	none	2100	3d49aea8	512	224	0	2100
2172	3	11842787883330	none	2101	73483ac0	512	224	0	2101
2173	4	11842805130150	none	2102	73483ac0	512	224	0	2102
2174	5	11842822362620	none	2103	73483ac0	512	224	0	2103
2175	6	11842835560560	none	2104	e1df8944	512	224	0	2104
2176	7	11842852861000	none	2105	c8bed34f	512	224	0	2105
2177	0	11842870099680	none	2106	c8bed34f	512	224	0	2106
2178	1	11842887363790	none	2107	c8bed34f	512	224	0	2107
2179	2	11842904587230	none	2108	c8bed34f	512	224	0	2108
2180	3	11842921848720	none	2109	c8bed34f	512	224	0	2109
2181	4	11842935052200	none	2110	ca4c9f0a	512	224	0	2110
2182	5	11842952265440	none	2111	c8bed34f	512	224	0	2111
2183	6	11842969612110	none	2112	c8bed34f	512	224	0	2112
2184	7	11842986890310	none	2113	c8bed34f	512	224	0	2113
2185	0	11843004127480	none	2114	c8bed34f	512	224	0	2114
2186	1	11843021418960	none	2115	c8bed34f	512	224	0	2115
2187	2	11843038711990	none	2116	c8bed34f	512	224	0	2116
2188	3	11843051919990	none	2117	ca4c9f0a	512	224	0	2117
2189	4	11843069199690	none	2118	ca4c9f0a	512	224	0	2118
2190	5	11843086492590	none	2119	2f1159c4	512	224	0	2119
2191	6	11843103852880	none	2120	fd8310e5	512	224	0	2120
2192	7	11843121093690	none	2121	3d49aea8	512	224	0	2121
2193	0	11843138325310	none	2122	3d49aea8	512	224	0	2122
2194	1	11843151516700	none	2123	73483ac0	512	224	0	2123
2195	2	11843168751440	none	2124	73483ac0	512	224	0	2124
2196	3	11843186052710	none	2125	73483ac0	512	224	0	2125
2197	4	11843203461980	none	2126	e1df8944	512	224	0	2126
2198	5	11843220734920	none	2127	c8bed34f	512	224	0	2127
2199	6	11843237998410	none	2128	c8bed34f	512	224	0	2128
2200	7	11843251196430	none	2129	c8bed34f	512	224	0	2129
2201	0	11843268404670	none	2130	caa7e700	512	224	0	2130
2202	1	11843285650180	none	2131	1ac7e264	512	224	0	2131
2203	2	11843303042550	none	2132	6ff8ee21	512	224	0	2132
2204	3	11843320303140	none	2133	18ded62b	512	224	0	2133
2205	4	11843337530750	none	2134	73483ac0	512	224	0	2134
2206	5	11843354776030	none	2135	c8bed34f	512	224	0	2135
2207	6	11843368130940	none	2136	c8bed34f	512	224	0	2136
2208	7	11843385346300	none	2137	c8bed34f	512	224	0	2137
2209	0	11843402727340	none	2138	c8bed34f	512	224	0	2138
2210	1	11843420001270	none	2139	c8bed34f	512	224	0	2139
2211	2	11843437224980	none	2140	c8bed34f	512	224	0	2140
2212	3	11843454485100	none	2141	2ffa21ce	512	224	0	2141
2213	4	11843467747750	none	2142	ff9a24aa	512	224	0	2142
2214	5	11843484968710	none	2143	4a84eea8	512	224	0	2143
2215	6	11843502323520	none	2144	4a84eea8	512	224	0	2144
2216	7	11843519622660	none	2145	069c4e8f	512	224	0	2145
2217	0	11843536930770	none	2146	069c4e8f	512	224	0	2146
2218	1	11843554274600	none	2147	71ba7685	512	224	0	2147
2219	2	11843567465410	none	2148	e1df8944	512	224	0	2148
2220	3	11843584708220	none	2149	c8bed34f	512	224	0	2149
2221	4	11843602101560	none	2150	c8bed34f	512	224	0	2150
2222	5	11843619451090	none	2151	c8bed34f	512	224	0	2151
2223	6	11843636715690	none	2152	c8bed34f	512	224	0	2152
2224	7	11843654002050	none	2153	c8bed34f	512	224	0	2153
2225	0	11843667196910	none	2154	ca4c9f0a	512	224	0	2154
2226	1	11843684432270	none	2155	c8bed34f	512	224	0	2155
2227	2	11843701794100	none	2156	2ffa21ce	512	224	0	2156
2228	3	11843719016330	none	2157	c8bed34f	512	224	0	2157
2229	4	11843736297130	none	2158	c8bed34f	512	224	0	2158
2230	5	11843753539470	none	2159	c8bed34f	512	224	0	2159
2231	6	11843770812080	none	2160	c8bed34f	512	224	0	2160
2232	7	11843784057210	none	2161	c8bed34f	512	224	0	2161
2233	0	11843801438860	none	2162	ca4c9f0a	512	224	0	2162
2234	1	11843818711670	none	2163	ca4c9f0a	512	224	0	2163
2235	2	11843836038340	none	2164	2d086d8b	512	224	0	2164
2236	3	11843853300780	none	2165	2ffa21ce	512	224	0	2165
2237	4	11843870538390	none	2166	98fddf83	512	224	0	2166
2238	5	11843883761030	none	2167	98fddf83	512	224	0	2167
2239	6	11843901152990	none	2168	c8bed34f	512	224	0	2168
2240	7	11843918372440	none	2169	c8bed34f	512	224	0	2169
2241	0	11843935605420	none	2170	c8bed34f	512	224	0	2170
2242	1	11843952995070	none	2171	c8bed34f	512	224	0	2171
2243	2	11843970314910	none	2172	c8bed34f	512	224	0	2172
2244	3	11843983503010	none	2173	c8bed34f	512	224	0	2173
2245	4	11844000796240	none	2174	c8bed34f	512	224	0	2174
2246	5	11844018483130	none	2175	c8bed34f	512	224	0	2175
2247	6	11844035921670	none	2176	c8bed34f	512	224	0	2176
2248	7	11844053172790	none	2177	ca4c9f0a	512	224	0	2177
2249	0	11844066499320	none	2178	c8bed34f	512	224	0	2178
2250	1	11844083875270	none	2179	c8bed34f	512	224	0	2179
2251	2	11844101107460	none	2180	c8bed34f	512	224	0	2180
2252	3	11844118360810	none	2181	c8bed34f	512	224	0	2181
2253	4	11844135595260	none	2182	c8bed34f	512	224	0	2182
2254	5	11844152926420	none	2183	c8bed34f	512	224	0	2183
2255	6	11844166265130	none	2184	ca4c9f0a	512	224	0	2184
2256	7	11844183486830	none	2185	ca4c9f0a	512	224	0	2185
2257	0	11844200807310	none	2186	2f1159c4	512	224	0	2186
2258	1	11844218067330	none	2187	fd8310e5	512	224	0	2187
2259	2	11844235295230	none	2188	3d49aea8	512	224	0	2188
2260	3	11844252587580	none	2189	3d49aea8	512	224	0	2189
2261	4	11844269866390	none	2190	73483ac0	512	224	0	2190
2262	5	11844283065220	none	2191	73483ac0	512	224	0	2191
2263	6	11844300438310	none	2192	73483ac0	512	224	0	2192
2264	7	11844317698010	none	2193	e1df8944	512	224	0	2193
2265	0	11844334932050	none	2194	c8bed34f	512	224	0	2194
2266	1	11844352198410	none	2195	c8bed34f	512	224	0	2195
2267	2	11844369595710	none	2196	c8bed34f	512	224	0	2196
2268	3	11844382828520	none	2197	c8bed34f	512	224	0	2197
2269	4	11844400217500	none	2198	c8bed34f	512	224	0	2198
2270	5	11844417460980	none	2199	ca4c9f0a	512	224	0	2199
2271	6	11844434715750	none	2200	c8bed34f	512	224	0	2200
2272	7	11844451960430	none	2201	2ffa21ce	512	224	0	2201
2273	0	11844469410820	none	2202	c8bed34f	512	224	0	2202
2274	1	11844482635450	none	2203	c8bed34f	512	224	0	2203
2275	2	11844499971260	none	2204	c8bed34f	512	224	0	2204
2276	3	11844517192440	none	2205	c8bed34f	512	224	0	2205
2277	4	11844534453870	none	2206	c8bed34f	512	224	0	2206
2278	5	11844551707630	none	2207	ca4c9f0a	512	224	0	2207
2279	6	11844568939300	none	2208	ca4c9f0a	512	224	0	2208
2280	7	11844586252110	none	2209	2d086d8b	512	224	0	2209
2281	0	11844599491000	none	2210	2ffa21ce	512	224	0	2210
2282	1	11844616929590	none	2211	98fddf83	512	224	0	2211
2283	2	11844634141080	none	2212	98fddf83	512	224	0	2212
2284	3	11844651378160	none	2213	c8bed34f	512	224	0	2213
2285	4	11844668608720	none	2214	c8bed34f	512	224	0	2214
2286	5	11844685924980	none	2215	c8bed34f	512	224	0	2215
2287	6	11844699141580	none	2216	c8bed34f	512	224	0	2216
2288	7	11844716365680	none	2217	c8bed34f	512	224	0	2217
2289	0	11844733581850	none	2218	c8bed34f	512	224	0	2218
2290	1	11844750835930	none	2219	c8bed34f	512	224	0	2219
2291	2	11844768071390	none	2220	c8bed34f	512	224	0	2220
2292	3	11844785333270	none	2221	c8bed34f	512	224	0	2221
2293	4	11844798606340	none	2222	c8bed34f	512	224	0	2222
2294	5	11844815945460	none	2223	2ffa21ce	512	224	0	2223
2295	6	11844833162140	none	2224	c8bed34f	512	224	0	2224
2296	7	11844850406970	none	2225	c8bed34f	512	224	0	2225
2297	0	11844867632160	none	2226	c8bed34f	512	224	0	2226
2298	1	11844884899290	none	2227	c8bed34f	512	224	0	2227
2299	2	11844902130190	none	2228	c8bed34f	512	224	0	2228
2300	3	11844915429370	none	2229	ca4c9f0a	512	224	0	2229
2301	4	11844932676110	none	2230	ca4c9f0a	512	224	0	2230
2302	5	11844949996950	none	2231	ca4c9f0a	512	224	0	2231
2303	6	11844967199590	none	2232	c8bed34f	512	224	0	2232
2304	7	11844984447590	none	2233	c8bed34f	512	224	0	2233
2305	0	11845001692050	none	2234	c8bed34f	512	224	0	2234
2306	1	11845014952200	none	2235	c8bed34f	512	224	0	2235
2307	2	11845032161490	none	2236	c8bed34f	512	224	0	2236
2308	3	11845049417660	none	2237	c8bed34f	512	224	0	2237
2309	4	11845066667040	none	2238	2ffa21ce	512	224	0	2238
2310	5	11845084057740	none	2239	c8bed34f	512	224	0	2239
2311	6	11845101279540	none	2240	c8bed34f	512	224	0	2240
2312	7	11845118637450	none	2241	c8bed34f	512	224	0	2241
2313	0	11845131942880	none	2242	c8bed34f	512	224	0	2242
2314	1	11845149194980	none	2243	c8bed34f	512	224	0	2243
2315	2	11845166574230	none	2244	ca4c9f0a	512	224	0	2244
2316	3	11845183823050	none	2245	c8bed34f	512	224	0	2245
2317	4	11845201053410	none	2246	c8bed34f	512	224	0	2246
2318	5	11845218295210	none	2247	c8bed34f	512	224	0	2247
2319	6	11845231476030	none	2248	c8bed34f	512	224	0	2248
2320	7	11845248738620	none	2249	c8bed34f	512	224	0	2249
2321	0	11845265955970	none	2250	c8bed34f	512	224	0	2250
2322	1	11845283175080	none	2251	ca4c9f0a	512	224	0	2251
2323	2	11845300416130	none	2252	ca4c9f0a	512	224	0	2252
2324	3	11845317749760	none	2253	2d086d8b	512	224	0	2253
2325	4	11845330984410	none	2254	2ffa21ce	512	224	0	2254
2326	5	11845348210180	none	2255	98fddf83	512	224	0	2255
2327	6	11845365513440	none	2256	98fddf83	512	224	0	2256
2328	7	11845382754570	none	2257	c8bed34f	512	224	0	2257
2329	0	11845399989420	none	2258	c8bed34f	512	224	0	2258
2330	1	11845417367600	none	2259	c8bed34f	512	224	0	2259
2331	2	11845434597350	none	2260	c8bed34f	512	224	0	2260
2332	3	11845447806460	none	2261	c8bed34f	512	224	0	2261
2333	4	11845465085920	none	2262	c8bed34f	512	224	0	2262
2334	5	11845482306320	none	2263	c8bed34f	512	224	0	2263
2335	6	11845499516730	none	2264	c8bed34f	512	224	0	2264
2336	7	11845516761640	none	2265	c8bed34f	512	224	0	2265
2337	0	11845534001590	none	2266	ca4c9f0a	512	224	0	2266
2338	1	11845551226420	none	2267	c8bed34f	512	224	0	2267
2339	2	11845564460230	none	2268	c8bed34f	512	224	0	2268
2340	3	11845581750050	none	2269	c8bed34f	512	224	0	2269
2341	4	11845598988370	none	2270	c8bed34f	512	224	0	2270
2342	5	11845616358950	none	2271	c8bed34f	512	224	0	2271
2343	6	11845633589400	none	2272	c8bed34f	512	224	0	2272
2344	7	11845650825730	none	2273	c8bed34f	512	224	0	2273
2345	0	11845664022950	none	2274	ca4c9f0a	512	224	0	2274
2346	1	11845681266940	none	2275	ca4c9f0a	512	224	0	2275
2347	2	11845698475370	none	2276	2d086d8b	512	224	0	2276
2348	3	11845715726170	none	2277	ff9a24aa	512	224	0	2277
2349	4	11845732958230	none	2278	489ddae7	512	224	0	2278
2350	5	11845750176460	none	2279	489ddae7	512	224	0	2279
2351	6	11845767428460	none	2280	73483ac0	512	224	0	2280
2352	7	11845780646520	none	2281	73483ac0	512	224	0	2281
2353	0	11845797987340	none	2282	73483ac0	512	224	0	2282
2354	1	11845815190420	none	2283	e1df8944	512	224	0	2283
2355	2	11845832416670	none	2284	c8bed34f	512	224	0	2284
2356	3	11845849678070	none	2285	c8bed34f	512	224	0	2285
2357	4	11845866987920	none	2286	c8bed34f	512	224	0	2286
2358	5	11845880170360	none	2287	c8bed34f	512	224	0	2287
2359	6	11845897413340	none	2288	c8bed34f	512	224	0	2288
2360	7	11845914673880	none	2289	ca4c9f0a	512	224	0	2289
2361	0	11845932039210	none	2290	c8bed34f	512	224	0	2290
2362	1	11845949302790	none	2291	c8bed34f	512	224	0	2291
2363	2	11845966526640	none	2292	c8bed34f	512	224	0	2292
2364	3	11845983781440	none	2293	c8bed34f	512	224	0	2293
2365	4	11845997048920	none	2294	c8bed34f	512	224	0	2294
2366	5	11846014274500	none	2295	c8bed34f	512	224	0	2295
2367	6	11846031497550	none	2296	ca4c9f0a	512	224	0	2296
2368	7	11846048758340	none	2297	ca4c9f0a	512	224	0	2297
2369	0	11846066099920	none	2298	2f1159c4	512	224	0	2298
2370	1	11846083336310	none	2299	fd8310e5	512	224	0	2299
2371	2	11846096542130	none	2300	3d49aea8	512	224	0	2300
2372	3	11846113789230	none	2301	3d49aea8	512	224	0	2301
2373	4	11846131086590	none	2302	73483ac0	512	224	0	2302
2374	5	11846148340400	none	2303	73483ac0	512	224	0	2303
2375	6	11846165714150	none	2304	73483ac0	512	224	0	2304
2376	7	11846182969240	none	2305	e1df8944	512	224	0	2305
2377	0	11846200197110	none	2306	c8bed34f	512	224	0	2306
2378	1	11846213502990	none	2307	c8bed34f	512	224	0	2307
2379	2	11846230766930	none	2308	c8bed34f	512	224	0	2308
2380	3	11846248015100	none	2309	c8bed34f	512	224	0	2309
2381	4	11846265370580	none	2310	18ded62b	512	224	0	2310
2382	5	11846282601750	none	2311	1a2c9a6e	512	224	0	2311
2383	6	11846299834300	none	2312	18ded62b	512	224	0	2312
2384	7	11846313043420	none	2313	c8bed34f	512	224	0	2313
2385	0	11846330293010	none	2314	c8bed34f	512	224	0	2314
2386	1	11846347521150	none	2315	c8bed34f	512	224	0	2315
2387	2	11846364859860	none	2316	c8bed34f	512	224	0	2316
2388	3	11846382091640	none	2317	c8bed34f	512	224	0	2317
2389	4	11846399304820	none	2318	ca4c9f0a	512	224	0	2318
2390	5	11846412541740	none	2319	c8bed34f	512	224	0	2319
2391	6	11846429785610	none	2320	2ffa21ce	512	224	0	2320
2392	7	11846447006480	none	2321	ff9a24aa	512	224	0	2321
2393	0	11846464394940	none	2322	489ddae7	512	224	0	2322
2394	1	11846481670210	none	2323	489ddae7	512	224	0	2323
2395	2	11846498893100	none	2324	73483ac0	512	224	0	2324
2396	3	11846516124650	none	2325	73483ac0	512	224	0	2325
2397	4	11846529307700	none	2326	71ba7685	512	224	0	2326
2398	5	11846546521750	none	2327	e1df8944	512	224	0	2327
2399	6	11846563761970	none	2328	c8bed34f	512	224	0	2328
2400	7	11846580994290	none	2329	c8bed34f	512	224	0	2329
2401	0	11846598246310	none	2330	c8bed34f	512	224	0	2330
2402	1	11846615462740	none	2331	c8bed34f	512	224	0	2331
2403	2	11846632715300	none	2332	c8bed34f	512	224	0	2332
2404	3	11846646029110	none	2333	ca4c9f0a	512	224	0	2333
2405	4	11846663275130	none	2334	c8bed34f	512	224	0	2334
2406	5	11846680549610	none	2335	2ffa21ce	512	224	0	2335
2407	6	11846697790120	none	2336	c8bed34f	512	224	0	2336
2408	7	11846715064280	none	2337	c8bed34f	512	224	0	2337
2409	0	11846732279620	none	2338	c8bed34f	512	224	0	2338
2410	1	11846745487250	none	2339	c8bed34f	512	224	0	2339
2411	2	11846762762890	none	2340	c8bed34f	512	224	0	2340
2412	3	11846779982490	none	2341	ca4c9f0a	512	224	0	2341
2413	4	11846797198490	none	2342	ca4c9f0a	512	224	0	2342
2414	5	11846814441490	none	2343	2d086d8b	512	224	0	2343
2415	6	11846831753730	none	2344	2ffa21ce	512	224	0	2344
2416	7	11846849076260	none	2345	98fddf83	512	224	0	2345
2417	0	11846862265610	none	2346	98fddf83	512	224	0	2346
2418	1	11846879468610	none	2347	c8bed34f	512	224	0	2347
2419	2	11846896709730	none	2348	c8bed34f	512	224	0	2348
2420	3	11846914003780	none	2349	c8bed34f	512	224	0	2349
2421	4	11846931242930	none	2350	c8bed34f	512	224	0	2350
2422	5	11846948489710	none	2351	c8bed34f	512	224	0	2351
2423	6	11846961697570	none	2352	c8bed34f	512	224	0	2352
2424	7	11846979051090	none	2353	c8bed34f	512	224	0	2353
2425	0	11846996269780	none	2354	c8bed34f	512	224	0	2354
2426	1	11847013643650	none	2355	c8bed34f	512	224	0	2355
2427	2	11847030949420	none	2356	ca4c9f0a	512	224	0	2356
2428	3	11847048175630	none	2357	c8bed34f	512	224	0	2357
2429	4	11847065396650	none	2358	c8bed34f	512	224	0	2358
2430	5	11847078602710	none	2359	c8bed34f	512	224	0	2359
2431	6	11847095884810	none	2360	c8bed34f	512	224	0	2360
2432	7	11847113151760	none	2361	c8bed34f	512	224	0	2361
2433	0	11847130411380	none	2362	c8bed34f	512	224	0	2362
2434	1	11847147663330	none	2363	ca4c9f0a	512	224	0	2363
2435	2	11847164968230	none	2364	ca4c9f0a	512	224	0	2364
2436	3	11847178292090	none	2365	2f1159c4	512	224	0	2365
2437	4	11847195519320	none	2366	ff9a24aa	512	224	0	2366
2438	5	11847212846130	none	2367	489ddae7	512	224	0	2367
2439	6	11847230085990	none	2368	489ddae7	512	224	0	2368
2440	7	11847247323140	none	2369	73483ac0	512	224	0	2369
2441	0	11847264548390	none	2370	73483ac0	512	224	0	2370
2442	1	11847277757890	none	2371	73483ac0	512	224	0	2371
2443	2	11847295075750	none	2372	e1df8944	512	224	0	2372
2444	3	11847312440900	none	2373	c8bed34f	512	224	0	2373
2445	4	11847329692960	none	2374	c8bed34f	512	224	0	2374
2446	5	11847346921990	none	2375	c8bed34f	512	224	0	2375
2447	6	11847364151190	none	2376	c8bed34f	512	224	0	2376
2448	7	11847381403780	none	2377	c8bed34f	512	224	0	2377
2449	0	11847394629720	none	2378	ca4c9f0a	512	224	0	2378
2450	1	11847411853490	none	2379	c8bed34f	512	224	0	2379
2451	2	11847429063820	none	2380	2ffa21ce	512	224	0	2380
2452	3	11847446299410	none	2381	c8bed34f	512	224	0	2381
2453	4	11847463554250	none	2382	c8bed34f	512	224	0	2382
2454	5	11847480850920	none	2383	c8bed34f	512	224	0	2383
2455	6	11847498084100	none	2384	c8bed34f	512	224	0	2384
2456	7	11847511281530	none	2385	c8bed34f	512	224	0	2385
2457	0	11847528509370	none	2386	ca4c9f0a	512	224	0	2386
2458	1	11847545769790	none	2387	2d086d8b	512	224	0	2387
2459	2	11847563001960	none	2388	2d086d8b	512	224	0	2388
2460	3	11847580246730	none	2389	98fddf83	512	224	0	2389
2461	4	11847597476320	none	2390	98fddf83	512	224	0	2390
2462	5	11847610700220	none	2391	c8bed34f	512	224	0	2391
2463	6	11847627931580	none	2392	c8bed34f	512	224	0	2392
2464	7	11847645137610	none	2393	c8bed34f	512	224	0	2393
2465	0	11847662370470	none	2394	c8bed34f	512	224	0	2394
2466	1	11847679605210	none	2395	c8bed34f	512	224	0	2395
2467	2	11847696847660	none	2396	c8bed34f	512	224	0	2396
2468	3	11847714078860	none	2397	c8bed34f	512	224	0	2397
2469	4	11847727470210	none	2398	c8bed34f	512	224	0	2398
2470	5	11847744717220	none	2399	c8bed34f	512	224	0	2399
2471	6	11847762005930	none	2400	c8bed34f	512	224	0	2400
2472	7	11847779251370	none	2401	c8bed34f	512	224	0	2401
2473	0	11847796634880	none	2402	2ffa21ce	512	224	0	2402
2474	1	11847813915610	none	2403	c8bed34f	512	224	0	2403
2475	2	11847827326830	none	2404	c8bed34f	512	224	0	2404
2476	3	11847844553270	none	2405	c8bed34f	512	224	0	2405
2477	4	11847861784250	none	2406	c8bed34f	512	224	0	2406
2478	5	11847879016680	none	2407	c8bed34f	512	224	0	2407
2479	6	11847896253600	none	2408	ca4c9f0a	512	224	0	2408
2480	7	11847913463110	none	2409	ca4c9f0a	512	224	0	2409
2481	0	11847926763600	none	2410	2d086d8b	512	224	0	2410
2482	1	11847943991650	none	2411	ff9a24aa	512	224	0	2411
2483	2	11847961232310	none	2412	489ddae7	512	224	0	2412
2484	3	11847978453080	none	2413	489ddae7	512	224	0	2413
2485	4	11847995710930	none	2414	73483ac0	512	224	0	2414
2486	5	11848012937730	none	2415	73483ac0	512	224	0	2415
2487	6	11848030304810	none	2416	73483ac0	512	224	0	2416
2488	7	11848043491040	none	2417	e1df8944	512	224	0	2417
2489	0	11848060838550	none	2418	c8bed34f	512	224	0	2418
2490	1	11848078105770	none	2419	c8bed34f	512	224	0	2419
2491	2	11848095380360	none	2420	c8bed34f	512	224	0	2420
2492	3	11848112807050	none	2421	c8bed34f	512	224	0	2421
2493	4	11848130172220	none	2422	c8bed34f	512	224	0	2422
2494	5	11848143377570	none	2423	ca4c9f0a	512	224	0	2423
2495	6	11848160723150	none	2424	c8bed34f	512	224	0	2424
2496	7	11848177952650	none	2425	c8bed34f	512	224	0	2425
2497	0	11848195185040	none	2426	c8bed34f	512	224	0	2426
2498	1	11848212432180	none	2427	c8bed34f	512	224	0	2427
2499	2	11848229696600	none	2428	c8bed34f	512	224	0	2428
2500	3	11848242911570	none	2429	c8bed34f	512	224	0	2429
2501	4	11848260133830	none	2430	ca4c9f0a	512	224	0	2430
2502	5	11848277365490	none	2431	ca4c9f0a	512	224	0	2431
2503	6	11848294623250	none	2432	2d086d8b	512	224	0	2432
2504	7	11848311864280	none	2433	2ffa21ce	512	224	0	2433
2505	0	11848329246050	none	2434	98fddf83	512	224	0	2434
2506	1	11848346554840	none	2435	98fddf83	512	224	0	2435
2507	2	11848359766620	none	2436	c8bed34f	512	224	0	2436
2508	3	11848377008590	none	2437	c8bed34f	512	224	0	2437
2509	4	11848394233350	none	2438	c8bed34f	512	224	0	2438
2510	5	11848411456920	none	2439	c8bed34f	512	224	0	2439
2511	6	11848428695490	none	2440	c8bed34f	512	224	0	2440
2512	7	11848445939530	none	2441	c8bed34f	512	224	0	2441
2513	0	11848463156650	none	2442	c8bed34f	512	224	0	2442
2514	1	11848476375660	none	2443	c8bed34f	512	224	0	2443
2515	2	11848493614640	none	2444	c8bed34f	512	224	0	2444
2516	3	11848511019810	none	2445	ca4c9f0a	512	224	0	2445
2517	4	11848528237030	none	2446	c8bed34f	512	224	0	2446
2518	5	11848545452380	none	2447	c8bed34f	512	224	0	2447
2519	6	11848562704000	none	2448	c8bed34f	512	224	0	2448
2520	7	11848575950100	none	2449	c8bed34f	512	224	0	2449
2521	0	11848593166030	none	2450	c8bed34f	512	224	0	2450
2522	1	11848610429620	none	2451	c8bed34f	512	224	0	2451
2523	2	11848627725540	none	2452	c8bed34f	512	224	0	2452
2524	3	11848644980750	none	2453	ca4c9f0a	512	224	0	2453
2525	4	11848662214250	none	2454	2f1159c4	512	224	0	2454
2526	5	11848679428590	none	2455	fd6868ef	512	224	0	2455
2527	6	11848692630420	none	2456	489ddae7	512	224	0	2456
2528	7	11848709981510	none	2457	489ddae7	512	224	0	2457
2529	0	11848727205480	none	2458	73483ac0	512	224	0	2458
2530	1	11848744411840	none	2459	73483ac0	512	224	0	2459
2531	2	11848761670790	none	2460	73483ac0	512	224	0	2460
2532	3	11848778971010	none	2461	e1df8944	512	224	0	2461
2533	4	11848792156980	none	2462	e1df8944	512	224	0	2462
2534	5	11848809411610	none	2463	c8bed34f	512	224	0	2463
2535	6	11848826662940	none	2464	c8bed34f	512	224	0	2464
2536	7	11848844032760	none	2465	c8bed34f	512	224	0	2465
2537	0	11848861241690	none	2466	c8bed34f	512	224	0	2466
2538	1	11848878634120	none	2467	c8bed34f	512	224	0	2467
2539	2	11848891904680	none	2468	c8bed34f	512	224	0	2468
2540	3	11848909130040	none	2469	2ffa21ce	512	224	0	2469
2541	4	11848926383560	none	2470	c8bed34f	512	224	0	2470
2542	5	11848943649930	none	2471	c8bed34f	512	224	0	2471
2543	6	11848960896440	none	2472	c8bed34f	512	224	0	2472
2544	7	11848978319630	none	2473	c8bed34f	512	224	0	2473
2545	0	11848995585240	none	2474	c8bed34f	512	224	0	2474
2546	1	11849008776990	none	2475	ca4c9f0a	512	224	0	2475
2547	2	11849026028140	none	2476	ca4c9f0a	512	224	0	2476
2548	3	11849043464270	none	2477	2f1159c4	512	224	0	2477
2549	4	11849061050400	none	2478	fd8310e5	512	224	0	2478
2550	5	11849078273040	none	2479	3d49aea8	512	224	0	2479
2551	6	11849091459420	none	2480	3d49aea8	512	224	0	2480
2552	7	11849108719660	none	2481	73483ac0	512	224	0	2481
2553	0	11849125980670	none	2482	73483ac0	512	224	0	2482
2554	1	11849143325300	none	2483	73483ac0	512	224	0	2483
2555	2	11849160598640	none	2484	e1df8944	512	224	0	2484
2556	3	11849177919060	none	2485	c8bed34f	512	224	0	2485
2557	4	11849195145760	none	2486	c8bed34f	512	224	0	2486
2558	5	11849208364240	none	2487	c8bed34f	512	224	0	2487
2559	6	11849225613460	none	2488	c8bed34f	512	224	0	2488
2560	7	11849242847050	none	2489	18ded62b	512	224	0	2489
2561	0	11849260079880	none	2490	1a2c9a6e	512	224	0	2490
2562	1	11849277431880	none	2491	18ded62b	512	224	0	2491
2563	2	11849294676080	none	2492	c8bed34f	512	224	0	2492
2564	3	11849307872770	none	2493	c8bed34f	512	224	0	2493
2565	4	11849325139830	none	2494	c8bed34f	512	224	0	2494
2566	5	11849342385950	none	2495	c8bed34f	512	224	0	2495
2567	6	11849359671900	none	2496	c8bed34f	512	224	0	2496
2568	7	11849376990980	none	2497	ca4c9f0a	512	224	0	2497
2569	0	11849394229630	none	2498	c8bed34f	512	224	0	2498
2570	1	11849411492610	none	2499	2ffa21ce	512	224	0	2499
2571	2	11849424698060	none	2500	ff9a24aa	512	224	0	2500
2572	3	11849442057450	none	2501	489ddae7	512	224	0	2501
2573	4	11849459284690	none	2502	489ddae7	512	224	0	2502
2574	5	11849476675230	none	2503	73483ac0	512	224	0	2503
2575	6	11849493947730	none	2504	73483ac0	512	224	0	2504
2576	7	11849511159270	none	2505	71ba7685	512	224	0	2505
2577	0	11849524362610	none	2506	e1df8944	512	224	0	2506
2578	1	11849541600400	none	2507	c8bed34f	512	224	0	2507
2579	2	11849558822500	none	2508	c8bed34f	512	224	0	2508
2580	3	11849576199030	none	2509	c8bed34f	512	224	0	2509
2581	4	11849593416190	none	2510	c8bed34f	512	224	0	2510
2582	5	11849610670470	none	2511	c8bed34f	512	224	0	2511
2583	6	11849623967070	none	2512	ca4c9f0a	512	224	0	2512
2584	7	11849641223720	none	2513	c8bed34f	512	224	0	2513
2585	0	11849658449360	none	2514	2ffa21ce	512	224	0	2514
2586	1	11849675720590	none	2515	c8bed34f	512	224	0	2515
2587	2	11849692958960	none	2516	c8bed34f	512	224	0	2516
2588	3	11849710198800	none	2517	c8bed34f	512	224	0	2517
2589	4	11849727429950	none	2518	c8bed34f	512	224	0	2518
2590	5	11849740685810	none	2519	c8bed34f	512	224	0	2519
2591	6	11849757908700	none	2520	ca4c9f0a	512	224	0	2520
2592	7	11849775317190	none	2521	ca4c9f0a	512	224	0	2521
2593	0	11849792580970	none	2522	2d086d8b	512	224	0	2522
2594	1	11849809821710	none	2523	2ffa21ce	512	224	0	2523
2595	2	11849827052400	none	2524	98fddf83	512	224	0	2524
2596	3	11849840238320	none	2525	98fddf83	512	224	0	2525
2597	4	11849857441380	none	2526	c8bed34f	512	224	0	2526
2598	5	11849874688290	none	2527	c8bed34f	512	224	0	2527
2599	6	11849891934890	none	2528	c8bed34f	512	224	0	2528
2600	7	11849909155720	none	2529	c8bed34f	512	224	0	2529
2601	0	11849926386620	none	2530	c8bed34f	512	224	0	2530
2602	1	11849943673860	none	2531	c8bed34f	512	224	0	2531
2603	2	11849957002960	none	2532	c8bed34f	512	224	0	2532
2604	3	11849974229030	none	2533	c8bed34f	512	224	0	2533
2605	4	11849991453150	none	2534	c8bed34f	512	224	0	2534
2606	5	11850008725860	none	2535	c8bed34f	512	224	0	2535
2607	6	11850026016660	none	2536	c8bed34f	512	224	0	2536
2608	7	11850043251020	none	2537	c8bed34f	512	224	0	2537
2609	0	11850060488270	none	2538	c8bed34f	512	224	0	2538
2610	1	11850073686500	none	2539	c8bed34f	512	224	0	2539
2611	2	11850091049920	none	2540	c8bed34f	512	224	0	2540
2612	3	11850108312390	none	2541	c8bed34f	512	224	0	2541
2613	4	11850125660660	none	2542	ca4c9f0a	512	224	0	2542
2614	5	11850142904020	none	2543	ca4c9f0a	512	224	0	2543
2615	6	11850160125530	none	2544	2d086d8b	512	224	0	2544
2616	7	11850173345640	none	2545	ff9a24aa	512	224	0	2545
2617	0	11850190586530	none	2546	489ddae7	512	224	0	2546
2618	1	11850207909490	none	2547	489ddae7	512	224	0	2547
2619	2	11850225128500	none	2548	73483ac0	512	224	0	2548
2620	3	11850242383590	none	2549	73483ac0	512	224	0	2549
2621	4	11850259657330	none	2550	73483ac0	512	224	0	2550
2622	5	11850272849560	none	2551	e1df8944	512	224	0	2551
2623	6	11850290105870	none	2552	c8bed34f	512	224	0	2552
2624	7	11850307348390	none	2553	c8bed34f	512	224	0	2553
2625	0	11850324694140	none	2554	c8bed34f	512	224	0	2554
2626	1	11850341951960	none	2555	c8bed34f	512	224	0	2555
2627	2	11850359183930	none	2556	c8bed34f	512	224	0	2556
2628	3	11850376411570	none	2557	ca4c9f0a	512	224	0	2557
2629	4	11850389636330	none	2558	c8bed34f	512	224	0	2558
2630	5	11850406871310	none	2559	c8bed34f	512	224	0	2559
2631	6	11850424260380	none	2560	c8bed34f	512	224	0	2560
2632	7	11850441492500	none	2561	c8bed34f	512	224	0	2561
2633	0	11850458754050	none	2562	c8bed34f	512	224	0	2562
2634	1	11850476087050	none	2563	c8bed34f	512	224	0	2563
2635	2	11850489551340	none	2564	ca4c9f0a	512	224	0	2564
2636	3	11850506873780	none	2565	ca4c9f0a	512	224	0	2565
2637	4	11850524110400	none	2566	2d086d8b	512	224	0	2566
2638	5	11850541354390	none	2567	2ffa21ce	512	224	0	2567
2639	6	11850558624890	none	2568	98fddf83	512	224	0	2568
2640	7	11850575875810	none	2569	98fddf83	512	224	0	2569
2641	0	11850589219030	none	2570	c8bed34f	512	224	0	2570
2642	1	11850606431810	none	2571	c8bed34f	512	224	0	2571
2643	2	11850623776580	none	2572	c8bed34f	512	224	0	2572
2644	3	11850641024940	none	2573	c8bed34f	512	224	0	2573
2645	4	11850658246360	none	2574	c8bed34f	512	224	0	2574
2646	5	11850675452020	none	2575	c8bed34f	512	224	0	2575
2647	6	11850692697630	none	2576	c8bed34f	512	224	0	2576
2648	7	11850705896630	none	2577	c8bed34f	512	224	0	2577
2649	0	11850723260610	none	2578	c8bed34f	512	224	0	2578
2650	1	11850740520490	none	2579	c8bed34f	512	224	0	2579
2651	2	11850757757510	none	2580	c8bed34f	512	224	0	2580
2652	3	11850774998060	none	2581	2ffa21ce	512	224	0	2581
2653	4	11850792215980	none	2582	c8bed34f	512	224	0	2582
2654	5	11850805394150	none	2583	c8bed34f	512	224	0	2583
2655	6	11850822632620	none	2584	c8bed34f	512	224	0	2584
2656	7	11850839871680	none	2585	c8bed34f	512	224	0	2585
2657	0	11850857093900	none	2586	c8bed34f	512	224	0	2586
2658	1	11850874349130	none	2587	ca4c9f0a	512	224	0	2587
2659	2	11850891599180	none	2588	ca4c9f0a	512	224	0	2588
2660	3	11850908830380	none	2589	ca4c9f0a	512	224	0	2589
2661	4	11850922011410	none	2590	c8bed34f	512	224	0	2590
2662	5	11850939229990	none	2591	c8bed34f	512	224	0	2591
2663	6	11850956454740	none	2592	c8bed34f	512	224	0	2592
2664	7	11850973691730	none	2593	c8bed34f	512	224	0	2593
2665	0	11850990919290	none	2594	c8bed34f	512	224	0	2594
2666	1	11851008126330	none	2595	c8bed34f	512	224	0	2595
2667	2	11851025361340	none	2596	2ffa21ce	512	224	0	2596
2668	3	11851038654100	none	2597	c8bed34f	512	224	0	2597
2669	4	11851055897150	none	2598	c8bed34f	512	224	0	2598
2670	5	11851073128390	none	2599	c8bed34f	512	224	0	2599
2671	6	11851090371950	none	2600	c8bed34f	512	224	0	2600
2672	7	11851107650620	none	2601	c8bed34f	512	224	0	2601
2673	0	11851124874110	none	2602	ca4c9f0a	512	224	0	2602
2674	1	11851138215480	none	2603	c8bed34f	512	224	0	2603
2675	2	11851155449340	none	2604	c8bed34f	512	224	0	2604
2676	3	11851172823730	none	2605	c8bed34f	512	224	0	2605
2677	4	11851190053940	none	2606	c8bed34f	512	224	0	2606
2678	5	11851207314450	none	2607	c8bed34f	512	224	0	2607
2679	6	11851224561830	none	2608	c8bed34f	512	224	0	2608
2680	7	11851241809260	none	2609	ca4c9f0a	512	224	0	2609
2681	0	11851255013750	none	2610	ca4c9f0a	512	224	0	2610
2682	1	11851272357910	none	2611	2d086d8b	512	224	0	2611
2683	2	11851289607690	none	2612	2ffa21ce	512	224	0	2612
2684	3	11851306834950	none	2613	98fddf83	512	224	0	2613
2685	4	11851324046820	none	2614	98fddf83	512	224	0	2614
2686	5	11851341413160	none	2615	c8bed34f	512	224	0	2615
2687	6	11851354632150	none	2616	18ded62b	512	224	0	2616
2688	7	11851371987580	none	2617	18ded62b	512	224	0	2617
2689	0	11851389245840	none	2618	18ded62b	512	224	0	2618
2690	1	11851406468060	none	2619	c8bed34f	512	224	0	2619
2691	2	11851423705120	none	2620	c8bed34f	512	224	0	2620
2692	3	11851440932860	none	2621	c8bed34f	512	224	0	2621
2693	4	11851458164420	none	2622	c8bed34f	512	224	0	2622
2694	5	11851471358070	none	2623	c8bed34f	512	224	0	2623
2695	6	11851488604840	none	2624	ca4c9f0a	512	224	0	2624
2696	7	11851505831110	none	2625	c8bed34f	512	224	0	2625
2697	0	11851523045960	none	2626	c8bed34f	512	224	0	2626
2698	1	11851540521690	none	2627	c8bed34f	512	224	0	2627
2699	2	11851557766930	none	2628	c8bed34f	512	224	0	2628
2700	3	11851570960210	none	2629	c8bed34f	512	224	0	2629
2701	4	11851588188080	none	2630	c8bed34f	512	224	0	2630
2702	5	11851605416320	none	2631	ca4c9f0a	512	224	0	2631
2703	6	11851622671330	none	2632	ca4c9f0a	512	224	0	2632
2704	7	11851639940260	none	2633	2f1159c4	512	224	0	2633
2705	0	11851657206530	none	2634	fd8310e5	512	224	0	2634
2706	1	11851674452440	none	2635	3d49aea8	512	224	0	2635
2707	2	11851687654220	none	2636	489ddae7	512	224	0	2636
2708	3	11851704889400	none	2637	c52cbdd2	512	224	0	2637
2709	4	11851722116780	none	2638	c52cbdd2	512	224	0	2638
2710	5	11851739364040	none	2639	73483ac0	512	224	0	2639
2711	6	11851756607790	none	2640	e1df8944	512	224	0	2640
2712	7	11851773897740	none	2641	c8bed34f	512	224	0	2641
2713	0	11851787109090	none	2642	c8bed34f	512	224	0	2642
2714	1	11851804356340	none	2643	c8bed34f	512	224	0	2643
2715	2	11851821608090	none	2644	c8bed34f	512	224	0	2644
2716	3	11851838846590	none	2645	c8bed34f	512	224	0	2645
2717	4	11851856082040	none	2646	ca4c9f0a	512	224	0	2646
2718	5	11851873320310	none	2647	c8bed34f	512	224	0	2647
2719	6	11851890682270	none	2648	2ffa21ce	512	224	0	2648
2720	7	11851903903660	none	2649	c8bed34f	512	224	0	2649
2721	0	11851921111290	none	2650	c8bed34f	512	224	0	2650
2722	1	11851938367880	none	2651	c8bed34f	512	224	0	2651
2723	2	11851955616500	none	2652	c8bed34f	512	224	0	2652
2724	3	11851972851150	none	2653	c8bed34f	512	224	0	2653
2725	4	11851990226460	none	2654	ca4c9f0a	512	224	0	2654
2726	5	11852003431640	none	2655	ca4c9f0a	512	224	0	2655
2727	6	11852020669260	none	2656	2f1159c4	512	224	0	2656
2728	7	11852037890950	none	2657	fd8310e5	512	224	0	2657
2729	0	11852055093560	none	2658	489ddae7	512	224	0	2658
2730	1	11852072377760	none	2659	489ddae7	512	224	0	2659
2731	2	11852089732850	none	2660	c52cbdd2	512	224	0	2660
2732	3	11852106982270	none	2661	c52cbdd2	512	224	0	2661
2733	4	11852120182110	none	2662	73483ac0	512	224	0	2662
2734	5	11852137397570	none	2663	e1df8944	512	224	0	2663
2735	6	11852154643540	none	2664	c8bed34f	512	224	0	2664
2736	7	11852171886160	none	2665	c8bed34f	512	224	0	2665
2737	0	11852189281410	none	2666	c8bed34f	512	224	0	2666
2738	1	11852206549720	none	2667	caa7e700	512	224	0	2667
2739	2	11852219769930	none	2668	1ac7e264	512	224	0	2668
2740	3	11852237003280	none	2669	6ff8ee21	512	224	0	2669
2741	4	11852254231660	none	2670	18ded62b	512	224	0	2670
2742	5	11852271452020	none	2671	c8bed34f	512	224	0	2671
2743	6	11852288702090	none	2672	c8bed34f	512	224	0	2672
2744	7	11852305952000	none	2673	c8bed34f	512	224	0	2673
2745	0	11852323184920	none	2674	c8bed34f	512	224	0	2674
2746	1	11852336404080	none	2675	c8bed34f	512	224	0	2675
2747	2	11852353666880	none	2676	ca4c9f0a	512	224	0	2676
2748	3	11852370904260	none	2677	ca4c9f0a	512	224	0	2677
2749	4	11852388289080	none	2678	2f1159c4	512	224	0	2678
2750	5	11852405549720	none	2679	fd8310e5	512	224	0	2679
2751	6	11852422803180	none	2680	3d49aea8	512	224	0	2680
2752	7	11852435982150	none	2681	489ddae7	512	224	0	2681
2753	0	11852453242130	none	2682	725dfc79	512	224	0	2682
2754	1	11852470480420	none	2683	725dfc79	512	224	0	2683
2755	2	11852487740760	none	2684	73483ac0	512	224	0	2684
2756	3	11852504969810	none	2685	e1df8944	512	224	0	2685
2757	4	11852522202320	none	2686	c8bed34f	512	224	0	2686
2758	5	11852539445680	none	2687	c8bed34f	512	224	0	2687
2759	6	11852552643280	none	2688	c8bed34f	512	224	0	2688
2760	7	11852569992520	none	2689	c8bed34f	512	224	0	2689
2761	0	11852587232350	none	2690	c8bed34f	512	224	0	2690
2762	1	11852604516250	none	2691	ca4c9f0a	512	224	0	2691
2763	2	11852621891610	none	2692	c8bed34f	512	224	0	2692
2764	3	11852639134980	none	2693	c8bed34f	512	224	0	2693
2765	4	11852652335540	none	2694	c8bed34f	512	224	0	2694
2766	5	11852669644730	none	2695	c8bed34f	512	224	0	2695
2767	6	11852686888200	none	2696	c8bed34f	512	224	0	2696
2768	7	11852704137090	none	2697	c8bed34f	512	224	0	2697
2769	0	11852721353490	none	2698	ca4c9f0a	512	224	0	2698
2770	1	11852738708540	none	2699	ca4c9f0a	512	224	0	2699
2771	2	11852755947530	none	2700	2d086d8b	512	224	0	2700
2772	3	11852769144500	none	2701	2ffa21ce	512	224	0	2701
2773	4	11852786442380	none	2702	98fddf83	512	224	0	2702
2774	5	11852803686920	none	2703	98fddf83	512	224	0	2703
2775	6	11852820929240	none	2704	c8bed34f	512	224	0	2704
2776	7	11852838179910	none	2705	18ded62b	512	224	0	2705
2777	0	11852855406220	none	2706	18ded62b	512	224	0	2706
2778	1	11852868655550	none	2707	18ded62b	512	224	0	2707
2779	2	11852885981680	none	2708	c8bed34f	512	224	0	2708
2780	3	11852903213900	none	2709	c8bed34f	512	224	0	2709
2781	4	11852920458560	none	2710	c8bed34f	512	224	0	2710
2782	5	11852937838610	none	2711	c8bed34f	512	224	0	2711
2783	6	11852955051210	none	2712	c8bed34f	512	224	0	2712
2784	7	11852972356950	none	2713	ca4c9f0a	512	224	0	2713
2785	0	11852985844450	none	2714	c8bed34f	512	224	0	2714
2786	1	11853003225690	none	2715	c8bed34f	512	224	0	2715
2787	2	11853020563220	none	2716	c8bed34f	512	224	0	2716
2788	3	11853038399470	none	2717	c8bed34f	512	224	0	2717
2789	4	11853051715550	none	2718	c8bed34f	512	224	0	2718
2790	5	11853069417100	none	2719	c8bed34f	512	224	0	2719
2791	6	11853086894030	none	2720	c8bed34f	512	224	0	2720
2792	7	11853104591960	none	2721	ca4c9f0a	512	224	0	2721
2793	0	11853118167600	none	2722	ca4c9f0a	512	224	0	2722
2794	1	11853135807870	none	2723	2f1159c4	512	224	0	2723
2795	2	11853153313470	none	2724	fd8310e5	512	224	0	2724
2796	3	11853170738350	none	2725	489ddae7	512	224	0	2725
2797	4	11853188508260	none	2726	489ddae7	512	224	0	2726
2798	5	11853201931430	none	2727	725dfc79	512	224	0	2727
2799	6	11853219532970	none	2728	725dfc79	512	224	0	2728
2800	7	11853237235130	none	2729	73483ac0	512	224	0	2729
2801	0	11853254648760	none	2730	e1df8944	512	224	0	2730
2802	1	11853268290940	none	2731	c8bed34f	512	224	0	2731
2803	2	11853285940170	none	2732	c8bed34f	512	224	0	2732
2804	3	11853303236170	none	2733	c8bed34f	512	224	0	2733
2805	4	11853320462240	none	2734	c8bed34f	512	224	0	2734
2806	5	11853337698230	none	2735	c8bed34f	512	224	0	2735
2807	6	11853354932500	none	2736	ca4c9f0a	512	224	0	2736
2808	7	11853368092250	none	2737	c8bed34f	512	224	0	2737
2809	0	11853385323140	none	2738	c8bed34f	512	224	0	2738
2810	1	11853402608830	none	2739	c8bed34f	512	224	0	2739
2811	2	11853419963180	none	2740	c8bed34f	512	224	0	2740
2812	3	11853437324820	none	2741	c8bed34f	512	224	0	2741
2813	4	11853454578400	none	2742	c8bed34f	512	224	0	2742
2814	5	11853467777460	none	2743	ca4c9f0a	512	224	0	2743
2815	6	11853484989420	none	2744	ca4c9f0a	512	224	0	2744
2816	7	11853502200630	none	2745	2d086d8b	512	224	0	2745
2817	0	11853519514500	none	2746	2ffa21ce	512	224	0	2746
2818	1	11853536754190	none	2747	98fddf83	512	224	0	2747
2819	2	11853553983900	none	2748	98fddf83	512	224	0	2748
2820	3	11853571220520	none	2749	c8bed34f	512	224	0	2749
2821	4	11853584424680	none	2750	18ded62b	512	224	0	2750
2822	5	11853601667540	none	2751	18ded62b	512	224	0	2751
2823	6	11853618898520	none	2752	18ded62b	512	224	0	2752
2824	7	11853636265160	none	2753	c8bed34f	512	224	0	2753
2825	0	11853653530870	none	2754	c8bed34f	512	224	0	2754
2826	1	11853670781930	none	2755	c8bed34f	512	224	0	2755
2827	2	11853684058070	none	2756	c8bed34f	512	224	0	2756
2828	3	11853701285620	none	2757	c8bed34f	512	224	0	2757
2829	4	11853718521240	none	2758	ca4c9f0a	512	224	0	2758
2830	5	11853735951380	none	2759	c8bed34f	512	224	0	2759
2831	6	11853753208600	none	2760	2ffa21ce	512	224	0	2760
2832	7	11853770438500	none	2761	c8bed34f	512	224	0	2761
2833	0	11853787685430	none	2762	c8bed34f	512	224	0	2762
2834	1	11853800876520	none	2763	c8bed34f	512	224	0	2763
2835	2	11853818071520	none	2764	c8bed34f	512	224	0	2764
2836	3	11853835434750	none	2765	c8bed34f	512	224	0	2765
2837	4	11853852761830	none	2766	ca4c9f0a	512	224	0	2766
2838	5	11853870018790	none	2767	2f1159c4	512	224	0	2767
2839	6	11853887271040	none	2768	ff715ca0	512	224	0	2768
2840	7	11853900594970	none	2769	3d49aea8	512	224	0	2769
2841	0	11853917881500	none	2770	489ddae7	512	224	0	2770
2842	1	11853935113220	none	2771	c52cbdd2	512	224	0	2771
2843	2	11853952333170	none	2772	c52cbdd2	512	224	0	2772
2844	3	11853969625270	none	2773	73483ac0	512	224	0	2773
2845	4	11853986870200	none	2774	e1df8944	512	224	0	2774
2846	5	11854000247490	none	2775	c8bed34f	512	224	0	2775
2847	6	11854017485240	none	2776	c8bed34f	512	224	0	2776
2848	7	11854034789520	none	2777	c8bed34f	512	224	0	2777
2849	0	11854052005220	none	2778	c8bed34f	512	224	0	2778
2850	1	11854069420260	none	2779	c8bed34f	512	224	0	2779
2851	2	11854086919830	none	2780	ca4c9f0a	512	224	0	2780
2852	3	11854100268940	none	2781	c8bed34f	512	224	0	2781
2853	4	11854117498790	none	2782	2ffa21ce	512	224	0	2782
2854	5	11854134836180	none	2783	c8bed34f	512	224	0	2783
2855	6	11854152060020	none	2784	c8bed34f	512	224	0	2784
2856	7	11854169368360	none	2785	c8bed34f	512	224	0	2785
2857	0	11854186701550	none	2786	c8bed34f	512	224	0	2786
2858	1	11854199900980	none	2787	c8bed34f	512	224	0	2787
2859	2	11854217149050	none	2788	ca4c9f0a	512	224	0	2788
2860	3	11854234522790	none	2789	ca4c9f0a	512	224	0	2789
2861	4	11854251762800	none	2790	2d086d8b	512	224	0	2790
2862	5	11854268996070	none	2791	2ffa21ce	512	224	0	2791
2863	6	11854286343990	none	2792	98fddf83	512	224	0	2792
2864	7	11854299658340	none	2793	98fddf83	512	224	0	2793
2865	0	11854316885140	none	2794	c8bed34f	512	224	0	2794
2866	1	11854334102520	none	2795	c8bed34f	512	224	0	2795
2867	2	11854351309750	none	2796	c8bed34f	512	224	0	2796
2868	3	11854368571370	none	2797	c8bed34f	512	224	0	2797
2869	4	11854385840090	none	2798	c8bed34f	512	224	0	2798
2870	5	11854403263430	none	2799	c8bed34f	512	224	0	2799
2871	6	11854416452960	none	2800	c8bed34f	512	224	0	2800
2872	7	11854433793380	none	2801	c8bed34f	512	224	0	2801
2873	0	11854451015000	none	2802	c8bed34f	512	224	0	2802
2874	1	11854468298020	none	2803	ca4c9f0a	512	224	0	2803
2875	2	11854485567820	none	2804	c8bed34f	512	224	0	2804
2876	3	11854502972110	none	2805	c8bed34f	512	224	0	2805
2877	4	11854516153250	none	2806	c8bed34f	512	224	0	2806
2878	5	11854533546110	none	2807	c8bed34f	512	224	0	2807
2879	6	11854550763340	none	2808	c8bed34f	512	224	0	2808
2880	7	11854568026350	none	2809	c8bed34f	512	224	0	2809
2881	0	11854585284030	none	2810	ca4c9f0a	512	224	0	2810
2882	1	11854602570280	none	2811	ca4c9f0a	512	224	0	2811
2883	2	11854615795050	none	2812	2f1159c4	512	224	0	2812
2884	3	11854633176630	none	2813	fd8310e5	512	224	0	2813
2885	4	11854650371840	none	2814	3d49aea8	512	224	0	2814
2886	5	11854667616850	none	2815	3d49aea8	512	224	0	2815
2887	6	11854684858590	none	2816	73483ac0	512	224	0	2816
2888	7	11854702272710	none	2817	73483ac0	512	224	0	2817
2889	0	11854715531520	none	2818	73483ac0	512	224	0	2818
2890	1	11854732843050	none	2819	e1df8944	512	224	0	2819
2891	2	11854750099070	none	2820	c8bed34f	512	224	0	2820
2892	3	11854767316930	none	2821	c8bed34f	512	224	0	2821
2893	4	11854784567100	none	2822	c8bed34f	512	224	0	2822
2894	5	11854801790020	none	2823	c8bed34f	512	224	0	2823
2895	6	11854819004030	none	2824	c8bed34f	512	224	0	2824
2896	7	11854832263500	none	2825	ca4c9f0a	512	224	0	2825
2897	0	11854849487780	none	2826	c8bed34f	512	224	0	2826
2898	1	11854866713350	none	2827	2ffa21ce	512	224	0	2827
2899	2	11854884002670	none	2828	c8bed34f	512	224	0	2828
2900	3	11854901247270	none	2829	c8bed34f	512	224	0	2829
2901	4	11854918493930	none	2830	c8bed34f	512	224	0	2830
2902	5	11854935889910	none	2831	c8bed34f	512	224	0	2831
2903	6	11854949173150	none	2832	c8bed34f	512	224	0	2832
2904	7	11854966391670	none	2833	ca4c9f0a	512	224	0	2833
2905	0	11854983640020	none	2834	ca4c9f0a	512	224	0	2834
2906	1	11855000859540	none	2835	2f1159c4	512	224	0	2835
2907	2	11855018120640	none	2836	fd8310e5	512	224	0	2836
2908	3	11855035360300	none	2837	3d49aea8	512	224	0	2837
2909	4	11855048749700	none	2838	3d49aea8	512	224	0	2838
2910	5	11855066422540	none	2839	73483ac0	512	224	0	2839
2911	6	11855083856380	none	2840	73483ac0	512	224	0	2840
2912	7	11855101670550	none	2841	73483ac0	512	224	0	2841
2913	0	11855115304730	none	2842	c8bed34f	512	224	0	2842
2914	1	11855132653470	none	2843	c8bed34f	512	224	0	2843
2915	2	11855149981730	none	2844	c8bed34f	512	224	0	2844
2916	3	11855167614280	none	2845	c8bed34f	512	224	0	2845
2917	4	11855184991520	none	2846	caa7e700	512	224	0	2846
2918	5	11855198215240	none	2847	1835ae21	512	224	0	2847
2919	6	11855215497850	none	2848	18ded62b	512	224	0	2848
2920	7	11855232862210	none	2849	18ded62b	512	224	0	2849
2921	0	11855250886760	none	2850	c8bed34f	512	224	0	2850
2922	1	11855264933970	none	2851	c8bed34f	512	224	0	2851
2923	2	11855282288680	none	2852	c8bed34f	512	224	0	2852
2924	3	11855299959840	none	2853	c8bed34f	512	224	0	2853
2925	4	11855317817180	none	2854	c8bed34f	512	224	0	2854
2926	5	11855331258090	none	2855	ca4c9f0a	512	224	0	2855
2927	6	11855348703190	none	2856	ca4c9f0a	512	224	0	2856
2928	7	11855366102050	none	2857	2f1159c4	512	224	0	2857
2929	0	11855383383820	none	2858	fd8310e5	512	224	0	2858
2930	1	11855400630060	none	2859	3d49aea8	512	224	0	2859
2931	2	11855417944060	none	2860	3d49aea8	512	224	0	2860
2932	3	11855431133840	none	2861	73483ac0	512	224	0	2861
2933	4	11855448385290	none	2862	73483ac0	512	224	0	2862
2934	5	11855465613250	none	2863	73483ac0	512	224	0	2863
2935	6	11855482947250	none	2864	e1df8944	512	224	0	2864
2936	7	11855500328690	none	2865	c8bed34f	512	224	0	2865
2937	0	11855517571170	none	2866	c8bed34f	512	224	0	2866
2938	1	11855534783600	none	2867	c8bed34f	512	224	0	2867
2939	2	11855548000210	none	2868	c8bed34f	512	224	0	2868
2940	3	11855565238050	none	2869	c8bed34f	512	224	0	2869
2941	4	11855582484490	none	2870	ca4c9f0a	512	224	0	2870
2942	5	11855599772260	none	2871	c8bed34f	512	224	0	2871
2943	6	11855617000210	none	2872	c8bed34f	512	224	0	2872
2944	7	11855634240200	none	2873	c8bed34f	512	224	0	2873
2945	0	11855647450330	none	2874	c8bed34f	512	224	0	2874
2946	1	11855664692120	none	2875	c8bed34f	512	224	0	2875
2947	2	11855681994980	none	2876	c8bed34f	512	224	0	2876
2948	3	11855699242450	none	2877	ca4c9f0a	512	224	0	2877
2949	4	11855716484800	none	2878	ca4c9f0a	512	224	0	2878
2950	5	11855733730630	none	2879	2d086d8b	512	224	0	2879
2951	6	11855751034710	none	2880	2ffa21ce	512	224	0	2880
2952	7	11855764253330	none	2881	98fddf83	512	224	0	2881
2953	0	11855781499710	none	2882	98fddf83	512	224	0	2882
2954	1	11855798733750	none	2883	c8bed34f	512	224	0	2883
2955	2	11855815993780	none	2884	c8bed34f	512	224	0	2884
2956	3	11855833228160	none	2885	c8bed34f	512	224	0	2885
2957	4	11855850482550	none	2886	c8bed34f	512	224	0	2886
2958	5	11855863686670	none	2887	c8bed34f	512	224	0	2887
2959	6	11855880993080	none	2888	c8bed34f	512	224	0	2888
2960	7	11855898224500	none	2889	c8bed34f	512	224	0	2889
2961	0	11855915451750	none	2890	c8bed34f	512	224	0	2890
2962	1	11855932701400	none	2891	c8bed34f	512	224	0	2891
2963	2	11855949996410	none	2892	ca4c9f0a	512	224	0	2892
2964	3	11855967227060	none	2893	c8bed34f	512	224	0	2893
2965	4	11855980428300	none	2894	c8bed34f	512	224	0	2894
2966	5	11855997647110	none	2895	c8bed34f	512	224	0	2895
2967	6	11856014862490	none	2896	c8bed34f	512	224	0	2896
2968	7	11856032113450	none	2897	c8bed34f	512	224	0	2897
2969	0	11856049492390	none	2898	c8bed34f	512	224	0	2898
2970	1	11856066730080	none	2899	c8bed34f	512	224	0	2899
2971	2	11856079981140	none	2900	ca4c9f0a	512	224	0	2900
2972	3	11856097265950	none	2901	ca4c9f0a	512	224	0	2901
2973	4	11856114507610	none	2902	2f1159c4	512	224	0	2902
2974	5	11856131763960	none	2903	fd8310e5	512	224	0	2903
2975	6	11856149147450	none	2904	3d49aea8	512	224	0	2904
2976	7	11856166368440	none	2905	3d49aea8	512	224	0	2905
2977	0	11856183636750	none	2906	73483ac0	512	224	0	2906
2978	1	11856196829550	none	2907	73483ac0	512	224	0	2907
2979	2	11856214116130	none	2908	73483ac0	512	224	0	2908
2980	3	11856231330870	none	2909	e1df8944	512	224	0	2909
2981	4	11856248696650	none	2910	c8bed34f	512	224	0	2910
2982	5	11856265954160	none	2911	c8bed34f	512	224	0	2911
2983	6	11856283155180	none	2912	c8bed34f	512	224	0	2912
2984	7	11856296348370	none	2913	c8bed34f	512	224	0	2913
2985	0	11856313586510	none	2914	c8bed34f	512	224	0	2914
2986	1	11856330817500	none	2915	ca4c9f0a	512	224	0	2915
2987	2	11856348233250	none	2916	c8bed34f	512	224	0	2916
2988	3	11856365474300	none	2917	c8bed34f	512	224	0	2917
2989	4	11856382718840	none	2918	c8bed34f	512	224	0	2918
2990	5	11856399998770	none	2919	c8bed34f	512	224	0	2919
2991	6	11856413205260	none	2920	c8bed34f	512	224	0	2920
2992	7	11856430426960	none	2921	c8bed34f	512	224	0	2921
2993	0	11856447666930	none	2922	ca4c9f0a	512	224	0	2922
2994	1	11856464911370	none	2923	ca4c9f0a	512	224	0	2923
2995	2	11856482126520	none	2924	2d086d8b	512	224	0	2924
2996	3	11856499340160	none	2925	2ffa21ce	512	224	0	2925
2997	4	11856516591150	none	2926	98fddf83	512	224	0	2926
2998	5	11856529781880	none	2927	98fddf83	512	224	0	2927
2999	6	11856547152040	none	2928	c8bed34f	512	224	0	2928
3000	7	11856564393910	none	2929	c8bed34f	512	224	0	2929
3001	0	11856581629440	none	2930	c8bed34f	512	224	0	2930
3002	1	11856598977890	none	2931	c8bed34f	512	224	0	2931
3003	2	11856616226200	none	2932	c8bed34f	512	224	0	2932
3004	3	11856629463750	none	2933	c8bed34f	512	224	0	2933
3005	4	11856646707750	none	2934	c8bed34f	512	224	0	2934
3006	5	11856663915540	none	2935	c8bed34f	512	224	0	2935
3007	6	11856681140390	none	2936	c8bed34f	512	224	0	2936
3008	7	11856698416440	none	2937	ca4c9f0a	512	224	0	2937
3009	0	11856715658290	none	2938	c8bed34f	512	224	0	2938
3010	1	11856728983970	none	2939	c8bed34f	512	224	0	2939
3011	2	11856746218570	none	2940	c8bed34f	512	224	0	2940
3012	3	11856763452170	none	2941	c8bed34f	512	224	0	2941
3013	4	11856780697380	none	2942	c8bed34f	512	224	0	2942
3014	5	11856797977370	none	2943	c8bed34f	512	224	0	2943
3015	6	11856815189450	none	2944	ca4c9f0a	512	224	0	2944
3016	7	11856832450130	none	2945	ca4c9f0a	512	224	0	2945
3017	0	11856845657380	none	2946	2f1159c4	512	224	0	2946
3018	1	11856862856190	none	2947	fd8310e5	512	224	0	2947
3019	2	11856880085500	none	2948	3d49aea8	512	224	0	2948
3020	3	11856897447510	none	2949	3d49aea8	512	224	0	2949
3021	4	11856914690140	none	2950	73483ac0	512	224	0	2950
3022	5	11856932061450	none	2951	73483ac0	512	224	0	2951
3023	6	11856945220080	none	2952	73483ac0	512	224	0	2952
3024	7	11856962466220	none	2953	e1df8944	512	224	0	2953
3025	0	11856979708970	none	2954	c8bed34f	512	224	0	2954
3026	1	11856997002120	none	2955	c8bed34f	512	224	0	2955
3027	2	11857014242790	none	2956	c8bed34f	512	224	0	2956
3028	3	11857031488930	none	2957	c8bed34f	512	224	0	2957
3029	4	11857048722630	none	2958	c8bed34f	512	224	0	2958
3030	5	11857061898220	none	2959	ca4c9f0a	512	224	0	2959
3031	6	11857079131170	none	2960	c8bed34f	512	224	0	2960
3032	7	11857096498950	none	2961	2ffa21ce	512	224	0	2961
3033	0	11857113763720	none	2962	c8bed34f	512	224	0	2962
3034	1	11857131002260	none	2963	c8bed34f	512	224	0	2963
3035	2	11857148299220	none	2964	c8bed34f	512	224	0	2964
3036	3	11857161510530	none	2965	c8bed34f	512	224	0	2965
3037	4	11857178722880	none	2966	c8bed34f	512	224	0	2966
3038	5	11857195932940	none	2967	ca4c9f0a	512	224	0	2967
3039	6	11857213176400	none	2968	ca4c9f0a	512	224	0	2968
3040	7	11857230410460	none	2969	2d086d8b	512	224	0	2969
3041	0	11857247662850	none	2970	2ffa21ce	512	224	0	2970
3042	1	11857264896430	none	2971	98fddf83	512	224	0	2971
3043	2	11857278073640	none	2972	98fddf83	512	224	0	2972
3044	3	11857295462070	none	2973	c8bed34f	512	224	0	2973
3045	4	11857312683690	none	2974	c8bed34f	512	224	0	2974
3046	5	11857329906360	none	2975	c8bed34f	512	224	0	2975
3047	6	11857347125450	none	2976	c8bed34f	512	224	0	2976
3048	7	11857364346800	none	2977	c8bed34f	512	224	0	2977
3049	0	11857381620840	none	2978	c8bed34f	512	224	0	2978
3050	1	11857394800830	none	2979	c8bed34f	512	224	0	2979
3051	2	11857412044270	none	2980	caa7e700	512	224	0	2980
3052	3	11857429249980	none	2981	1ac7e264	512	224	0	2981
3053	4	11857446510230	none	2982	6d0aa264	512	224	0	2982
3054	5	11857463731820	none	2983	18ded62b	512	224	0	2983
3055	6	11857481107370	none	2984	c8bed34f	512	224	0	2984
3056	7	11857494352190	none	2985	c8bed34f	512	224	0	2985
3057	0	11857511599780	none	2986	c8bed34f	512	224	0	2986
3058	1	11857528886150	none	2987	c8bed34f	512	224	0	2987
3059	2	11857546122100	none	2988	c8bed34f	512	224	0	2988
3060	3	11857563349720	none	2989	ca4c9f0a	512	224	0	2989
3061	4	11857580602220	none	2990	c8bed34f	512	224	0	2990
3062	5	11857597836080	none	2991	2ffa21ce	512	224	0	2991
3063	6	11857611176500	none	2992	fd8310e5	512	224	0	2992
3064	7	11857628405960	none	2993	4a84eea8	512	224	0	2993
3065	0	11857645723960	none	2994	3d49aea8	512	224	0	2994
3066	1	11857662952920	none	2995	b775e567	512	224	0	2995
3067	2	11857680217010	none	2996	c053dd6d	512	224	0	2996
3068	3	11857697446180	none	2997	71ba7685	512	224	0	2997
3069	4	11857710721690	none	2998	e1df8944	512	224	0	2998
3070	5	11857727933430	none	2999	c8bed34f	512	224	0	2999
3071	6	11857745197930	none	3000	c8bed34f	512	224	0	3000
3072	7	11857762437040	none	3001	c8bed34f	512	224	0	3001
3073	0	11857779676790	none	3002	c8bed34f	512	224	0	3002
3074	1	11857796903450	none	3003	c8bed34f	512	224	0	3003
3075	2	11857814265170	none	3004	ca4c9f0a	512	224	0	3004
3076	3	11857827478890	none	3005	c8bed34f	512	224	0	3005
3077	4	11857844806060	none	3006	c8bed34f	512	224	0	3006
3078	5	11857862046880	none	3007	c8bed34f	512	224	0	3007
3079	6	11857879258540	none	3008	c8bed34f	512	224	0	3008
3080	7	11857896486150	none	3009	c8bed34f	512	224	0	3009
3081	0	11857913704420	none	3010	c8bed34f	512	224	0	3010
3082	1	11857930926520	none	3011	ca4c9f0a	512	224	0	3011
3083	2	11857944137420	none	3012	ca4c9f0a	512	224	0	3012
3084	3	11857961409380	none	3013	2f1159c4	512	224	0	3013
3085	4	11857978744110	none	3014	fd8310e5	512	224	0	3014
3086	5	11857995997940	none	3015	3d49aea8	512	224	0	3015
3087	6	11858013231970	none	3016	3d49aea8	512	224	0	3016
3088	7	11858030467700	none	3017	73483ac0	512	224	0	3017
3089	0	11858043669430	none	3018	73483ac0	512	224	0	3018
3090	1	11858060945760	none	3019	73483ac0	512	224	0	3019
3091	2	11858078171110	none	3020	e1df8944	512	224	0	3020
3092	3	11858095413220	none	3021	c8bed34f	512	224	0	3021
3093	4	11858112700890	none	3022	c8bed34f	512	224	0	3022
3094	5	11858129917290	none	3023	c8bed34f	512	224	0	3023
3095	6	11858147158820	none	3024	c8bed34f	512	224	0	3024
3096	7	11858160435720	none	3025	caa7e700	512	224	0	3025
3097	0	11858177695950	none	3026	1ac7e264	512	224	0	3026
3098	1	11858194991660	none	3027	18ded62b	512	224	0	3027
3099	2	11858212314350	none	3028	18ded62b	512	224	0	3028
3100	3	11858229558490	none	3029	c8bed34f	512	224	0	3029
3101	4	11858246910100	none	3030	c8bed34f	512	224	0	3030
3102	5	11858260076900	none	3031	c8bed34f	512	224	0	3031
3103	6	11858277290590	none	3032	c8bed34f	512	224	0	3032
3104	7	11858294542820	none	3033	c8bed34f	512	224	0	3033
3105	0	11858311789140	none	3034	ca4c9f0a	512	224	0	3034
3106	1	11858329111450	none	3035	c8bed34f	512	224	0	3035
3107	2	11858346325380	none	3036	2ffa21ce	512	224	0	3036
3108	3	11858359637230	none	3037	fd8310e5	512	224	0	3037
3109	4	11858376896890	none	3038	4a84eea8	512	224	0	3038
3110	5	11858394122010	none	3039	3d49aea8	512	224	0	3039
3111	6	11858411327580	none	3040	b775e567	512	224	0	3040
3112	7	11858428578780	none	3041	c053dd6d	512	224	0	3041
3113	0	11858445886810	none	3042	73483ac0	512	224	0	3042
3114	1	11858463113320	none	3043	e1df8944	512	224	0	3043
3115	2	11858476327500	none	3044	c8bed34f	512	224	0	3044
3116	3	11858493592040	none	3045	c8bed34f	512	224	0	3045
3117	4	11858510826580	none	3046	c8bed34f	512	224	0	3046
3118	5	11858528126940	none	3047	c8bed34f	512	224	0	3047
3119	6	11858545342420	none	3048	c8bed34f	512	224	0	3048
3120	7	11858562685260	none	3049	ca4c9f0a	512	224	0	3049
3121	0	11858575913560	none	3050	c8bed34f	512	224	0	3050
3122	1	11858593160120	none	3051	c8bed34f	512	224	0	3051
3123	2	11858610400280	none	3052	c8bed34f	512	224	0	3052
3124	3	11858627679070	none	3053	c8bed34f	512	224	0	3053
3125	4	11858644904660	none	3054	c8bed34f	512	224	0	3054
3126	5	11858662292460	none	3055	c8bed34f	512	224	0	3055
3127	6	11858679558170	none	3056	ca4c9f0a	512	224	0	3056
3128	7	11858692754660	none	3057	ca4c9f0a	512	224	0	3057
3129	0	11858709961340	none	3058	2d086d8b	512	224	0	3058
3130	1	11858727214480	none	3059	2ffa21ce	512	224	0	3059
3131	2	11858744486730	none	3060	98fddf83	512	224	0	3060
3132	3	11858761736810	none	3061	98fddf83	512	224	0	3061
3133	4	11858778963180	none	3062	c8bed34f	512	224	0	3062
3134	5	11858792180200	none	3063	c8bed34f	512	224	0	3063
3135	6	11858809404470	none	3064	c8bed34f	512	224	0	3064
3136	7	11858826643640	none	3065	c8bed34f	512	224	0	3065
3137	0	11858843855910	none	3066	c8bed34f	512	224	0	3066
3138	1	11858861237500	none	3067	c8bed34f	512	224	0	3067
3139	2	11858878505900	none	3068	c8bed34f	512	224	0	3068
3140	3	11858895739420	none	3069	caa7e700	512	224	0	3069
3141	4	11858908968560	none	3070	1ac7e264	512	224	0	3070
3142	5	11858926206250	none	3071	6ff8ee21	512	224	0	3071
3143	6	11858943441660	none	3072	18ded62b	512	224	0	3072
3144	7	11858960674860	none	3073	73483ac0	512	224	0	3073
3145	0	11858977909490	none	3074	c8bed34f	512	224	0	3074
3146	1	11858995181620	none	3075	c8bed34f	512	224	0	3075
3147	2	11859012428280	none	3076	c8bed34f	512	224	0	3076
3148	3	11859025619960	none	3077	c8bed34f	512	224	0	3077
3149	4	11859043011140	none	3078	c8bed34f	512	224	0	3078
3150	5	11859060214940	none	3079	ca4c9f0a	512	224	0	3079
3151	6	11859077476050	none	3080	2f1159c4	512	224	0	3080
3152	7	11859095053440	none	3081	ff715ca0	512	224	0	3081
3153	0	11859108548790	none	3082	3d49aea8	512	224	0	3082
3154	1	11859125859530	none	3083	3d49aea8	512	224	0	3083
3155	2	11859143087630	none	3084	73483ac0	512	224	0	3084
3156	3	11859160459000	none	3085	73483ac0	512	224	0	3085
3157	4	11859177707070	none	3086	73483ac0	512	224	0	3086
3158	5	11859194920040	none	3087	e1df8944	512	224	0	3087
3159	6	11859208133920	none	3088	c8bed34f	512	224	0	3088
3160	7	11859225375860	none	3089	c8bed34f	512	224	0	3089
3161	0	11859242620610	none	3090	c8bed34f	512	224	0	3090
3162	1	11859259836050	none	3091	c8bed34f	512	224	0	3091
3163	2	11859277113060	none	3092	c8bed34f	512	224	0	3092
3164	3	11859294356380	none	3093	ca4c9f0a	512	224	0	3093
3165	4	11859311610820	none	3094	c8bed34f	512	224	0	3094
3166	5	11859324798820	none	3095	2ffa21ce	512	224	0	3095
3167	6	11859342032880	none	3096	c8bed34f	512	224	0	3096
3168	7	11859359245490	none	3097	c8bed34f	512	224	0	3097
3169	0	11859376507530	none	3098	c8bed34f	512	224	0	3098
3170	1	11859393736040	none	3099	c8bed34f	512	224	0	3099
3171	2	11859411050680	none	3100	c8bed34f	512	224	0	3100
3172	3	11859428257250	none	3101	ca4c9f0a	512	224	0	3101
3173	4	11859441457020	none	3102	ca4c9f0a	512	224	0	3102
3174	5	11859458698510	none	3103	2d086d8b	512	224	0	3103
3175	6	11859476066540	none	3104	2ffa21ce	512	224	0	3104
3176	7	11859493293790	none	3105	98fddf83	512	224	0	3105
3177	0	11859510638280	none	3106	98fddf83	512	224	0	3106
3178	1	11859527857400	none	3107	c8bed34f	512	224	0	3107
3179	2	11859541078310	none	3108	c8bed34f	512	224	0	3108
3180	3	11859558437080	none	3109	c8bed34f	512	224	0	3109
3181	4	11859575680220	none	3110	c8bed34f	512	224	0	3110
3182	5	11859592901490	none	3111	c8bed34f	512	224	0	3111
3183	6	11859610132790	none	3112	c8bed34f	512	224	0	3112
3184	7	11859627396620	none	3113	c8bed34f	512	224	0	3113
3185	0	11859644640000	none	3114	c8bed34f	512	224	0	3114
3186	1	11859657816160	none	3115	c8bed34f	512	224	0	3115
3187	2	11859675132090	none	3116	ca4c9f0a	512	224	0	3116
3188	3	11859692399090	none	3117	c8bed34f	512	224	0	3117
3189	4	11859709718790	none	3118	c8bed34f	512	224	0	3118
3190	5	11859726951580	none	3119	c8bed34f	512	224	0	3119
3191	6	11859744196180	none	3120	c8bed34f	512	224	0	3120
3192	7	11859757390360	none	3121	c8bed34f	512	224	0	3121
3193	0	11859774629210	none	3122	c8bed34f	512	224	0	3122
3194	1	11859791851250	none	3123	ca4c9f0a	512	224	0	3123
3195	2	11859809249320	none	3124	ca4c9f0a	512	224	0	3124
3196	3	11859826521250	none	3125	2f1159c4	512	224	0	3125
3197	4	11859843758930	none	3126	fd8310e5	512	224	0	3126
3198	5	11859861043140	none	3127	3d49aea8	512	224	0	3127
3199	6	11859874217240	none	3128	3d49aea8	512	224	0	3128
3200	7	11859891487650	none	3129	73483ac0	512	224	0	3129
3201	0	11859908825420	none	3130	73483ac0	512	224	0	3130
3202	1	11859926071110	none	3131	73483ac0	512	224	0	3131
3203	2	11859943281430	none	3132	e1df8944	512	224	0	3132
3204	3	11859960525330	none	3133	c8bed34f	512	224	0	3133
3205	4	11859973712290	none	3134	c8bed34f	512	224	0	3134
3206	5	11859990993110	none	3135	c8bed34f	512	224	0	3135
3207	6	11860008353100	none	3136	c8bed34f	512	224	0	3136
3208	7	11860025586670	none	3137	c8bed34f	512	224	0	3137
3209	0	11860042816610	none	3138	ca4c9f0a	512	224	0	3138
3210	1	11860060033470	none	3139	c8bed34f	512	224	0	3139
3211	2	11860077335740	none	3140	2ffa21ce	512	224	0	3140
3212	3	11860090524940	none	3141	c8bed34f	512	224	0	3141
3213	4	11860107744600	none	3142	c8bed34f	512	224	0	3142
3214	5	11860124956450	none	3143	c8bed34f	512	224	0	3143
3215	6	11860142200490	none	3144	c8bed34f	512	224	0	3144
3216	7	11860159451620	none	3145	c8bed34f	512	224	0	3145
3217	0	11860176707770	none	3146	ca4c9f0a	512	224	0	3146
3218	1	11860190047420	none	3147	ca4c9f0a	512	224	0	3147
3219	2	11860207254090	none	3148	2d086d8b	512	224	0	3148
3220	3	11860224511210	none	3149	2ffa21ce	512	224	0	3149
3221	4	11860241760710	none	3150	98fddf83	512	224	0	3150
3222	5	11860259094840	none	3151	98fddf83	512	224	0	3151
3223	6	11860276330590	none	3152	c8bed34f	512	224	0	3152
3224	7	11860293567900	none	3153	c8bed34f	512	224	0	3153
3225	0	11860306741190	none	3154	c8bed34f	512	224	0	3154
3226	1	11860323946710	none	3155	c8bed34f	512	224	0	3155
3227	2	11860341268580	none	3156	c8bed34f	512	224	0	3156
3228	3	11860358511830	none	3157	c8bed34f	512	224	0	3157
3229	4	11860375742860	none	3158	c8bed34f	512	224	0	3158
3230	5	11860393083370	none	3159	caa7e700	512	224	0	3159
3231	6	11860406268230	none	3160	1ac7e264	512	224	0	3160
3232	7	11860423513970	none	3161	18ded62b	512	224	0	3161
3233	0	11860440730540	none	3162	18ded62b	512	224	0	3162
3234	1	11860458040700	none	3163	c8bed34f	512	224	0	3163
3235	2	11860475282300	none	3164	c8bed34f	512	224	0	3164
3236	3	11860492533710	none	3165	c8bed34f	512	224	0	3165
3237	4	11860509767480	none	3166	c8bed34f	512	224	0	3166
3238	5	11860523145150	none	3167	c8bed34f	512	224	0	3167
3239	6	11860540381180	none	3168	ca4c9f0a	512	224	0	3168
3240	7	11860557702220	none	3169	c8bed34f	512	224	0	3169
3241	0	11860575019110	none	3170	2ffa21ce	512	224	0	3170
3242	1	11860592247960	none	3171	fd8310e5	512	224	0	3171
3243	2	11860609525180	none	3172	4a84eea8	512	224	0	3172
3244	3	11860622709030	none	3173	3d49aea8	512	224	0	3173
3245	4	11860639910190	none	3174	b775e567	512	224	0	3174
3246	5	11860657165090	none	3175	c053dd6d	512	224	0	3175
3247	6	11860674407560	none	3176	73483ac0	512	224	0	3176
3248	7	11860691677500	none	3177	e1df8944	512	224	0	3177
3249	0	11860708889990	none	3178	c8bed34f	512	224	0	3178
3250	1	11860726339460	none	3179	c8bed34f	512	224	0	3179
3251	2	11860739539960	none	3180	c8bed34f	512	224	0	3180
3252	3	11860756854100	none	3181	c8bed34f	512	224	0	3181
3253	4	11860774083830	none	3182	c8bed34f	512	224	0	3182
3254	5	11860791300930	none	3183	ca4c9f0a	512	224	0	3183
3255	6	11860808531800	none	3184	c8bed34f	512	224	0	3184
3256	7	11860825757070	none	3185	c8bed34f	512	224	0	3185
3257	0	11860838984550	none	3186	c8bed34f	512	224	0	3186
3258	1	11860856378320	none	3187	c8bed34f	512	224	0	3187
3259	2	11860873741860	none	3188	c8bed34f	512	224	0	3188
3260	3	11860891010390	none	3189	c8bed34f	512	224	0	3189
3261	4	11860908230250	none	3190	ca4c9f0a	512	224	0	3190
3262	5	11860925484450	none	3191	ca4c9f0a	512	224	0	3191
3263	6	11860938669620	none	3192	2f1159c4	512	224	0	3192
3264	7	11860955885280	none	3193	fd8310e5	512	224	0	3193
3265	0	11860973113700	none	3194	3d49aea8	512	224	0	3194
3266	1	11860990363800	none	3195	3d49aea8	512	224	0	3195
3267	2	11861007619220	none	3196	73483ac0	512	224	0	3196
3268	3	11861024850990	none	3197	73483ac0	512	224	0	3197
3269	4	11861042148080	none	3198	73483ac0	512	224	0	3198
3270	5	11861055348380	none	3199	e1df8944	512	224	0	3199
3271	6	11861072583740	none	3200	c8bed34f	512	224	0	3200
3272	7	11861089806020	none	3201	c8bed34f	512	224	0	3201
3273	0	11861107038260	none	3202	c8bed34f	512	224	0	3202
3274	1	11861124237000	none	3203	caa7e700	512	224	0	3203
3275	2	11861141529680	none	3204	1ac7e264	512	224	0	3204
3276	3	11861158744220	none	3205	6d0aa264	512	224	0	3205
3277	4	11861171987810	none	3206	18ded62b	512	224	0	3206
3278	5	11861189184610	none	3207	73483ac0	512	224	0	3207
3279	6	11861206435900	none	3208	c8bed34f	512	224	0	3208
3280	7	11861223673850	none	3209	c8bed34f	512	224	0	3209
3281	0	11861241052420	none	3210	c8bed34f	512	224	0	3210
3282	1	11861258273120	none	3211	c8bed34f	512	224	0	3211
3283	2	11861271643840	none	3212	c8bed34f	512	224	0	3212
3284	3	11861288901440	none	3213	ca4c9f0a	512	224	0	3213
3285	4	11861306150800	none	3214	c8bed34f	512	224	0	3214
3286	5	11861323389670	none	3215	2ffa21ce	512	224	0	3215
3287	6	11861340632100	none	3216	fd8310e5	512	224	0	3216
3288	7	11861357855690	none	3217	4a84eea8	512	224	0	3217
3289	0	11861375252150	none	3218	3d49aea8	512	224	0	3218
3290	1	11861388506270	none	3219	b775e567	512	224	0	3219
3291	2	11861405916880	none	3220	c053dd6d	512	224	0	3220
3292	3	11861423166570	none	3221	73483ac0	512	224	0	3221
3293	4	11861440404480	none	3222	e1df8944	512	224	0	3222
3294	5	11861457648850	none	3223	c8bed34f	512	224	0	3223
3295	6	11861474944090	none	3224	c8bed34f	512	224	0	3224
3296	7	11861488137080	none	3225	c8bed34f	512	224	0	3225
3297	0	11861505360010	none	3226	c8bed34f	512	224	0	3226
3298	1	11861522607120	none	3227	c8bed34f	512	224	0	3227
3299	2	11861539857180	none	3228	c8bed34f	512	224	0	3228
3300	3	11861557061450	none	3229	2ffa21ce	512	224	0	3229
3301	4	11861574461610	none	3230	c8bed34f	512	224	0	3230
3302	5	11861587650480	none	3231	c8bed34f	512	224	0	3231
3303	6	11861604965830	none	3232	c8bed34f	512	224	0	3232
3304	7	11861622198530	none	3233	c8bed34f	512	224	0	3233
3305	0	11861639461640	none	3234	c8bed34f	512	224	0	3234
3306	1	11861656706260	none	3235	ca4c9f0a	512	224	0	3235
3307	2	11861674079580	none	3236	ca4c9f0a	512	224	0	3236
3308	3	11861691340700	none	3237	2d086d8b	512	224	0	3237
3309	4	11861704565760	none	3238	2ffa21ce	512	224	0	3238
3310	5	11861721786230	none	3239	98fddf83	512	224	0	3239
3311	6	11861739033920	none	3240	98fddf83	512	224	0	3240
3312	7	11861756247430	none	3241	c8bed34f	512	224	0	3241
3313	0	11861773496690	none	3242	c8bed34f	512	224	0	3242
3314	1	11861790726780	none	3243	c8bed34f	512	224	0	3243
3315	2	11861803905210	none	3244	c8bed34f	512	224	0	3244
3316	3	11861821117440	none	3245	c8bed34f	512	224	0	3245
3317	4	11861838367590	none	3246	c8bed34f	512	224	0	3246
3318	5	11861855597670	none	3247	c8bed34f	512	224	0	3247
3319	6	11861872813980	none	3248	caa7e700	512	224	0	3248
3320	7	11861890040910	none	3249	1ac7e264	512	224	0	3249
3321	0	11861907275490	none	3250	6ff8ee21	512	224	0	3250
3322	1	11861920506400	none	3251	18ded62b	512	224	0	3251
3323	2	11861937775450	none	3252	c8bed34f	512	224	0	3252
3324	3	11861955025990	none	3253	c8bed34f	512	224	0	3253
3325	4	11861972253740	none	3254	c8bed34f	512	224	0	3254
3326	5	11861989510410	none	3255	c8bed34f	512	224	0	3255
3327	6	11862006743280	none	3256	c8bed34f	512	224	0	3256
3328	7	11862024041510	none	3257	ca4c9f0a	512	224	0	3257
3329	0	11862037202880	none	3258	ca4c9f0a	512	224	0	3258
3330	1	11862054464850	none	3259	2f1159c4	512	224	0	3259
3331	2	11862071686690	none	3260	fd8310e5	512	224	0	3260
3332	3	11862088895810	none	3261	3d49aea8	512	224	0	3261
3333	4	11862106156460	none	3262	3d49aea8	512	224	0	3262
3334	5	11862123506880	none	3263	73483ac0	512	224	0	3263
3335	6	11862136698280	none	3264	73483ac0	512	224	0	3264
3336	7	11862154004810	none	3265	73483ac0	512	224	0	3265
3337	0	11862171220940	none	3266	e1df8944	512	224	0	3266
3338	1	11862188481000	none	3267	c8bed34f	512	224	0	3267
3339	2	11862205748920	none	3268	c8bed34f	512	224	0	3268
3340	3	11862223077970	none	3269	c8bed34f	512	224	0	3269
3341	4	11862240312450	none	3270	c8bed34f	512	224	0	3270
3342	5	11862253515510	none	3271	c8bed34f	512	224	0	3271
3343	6	11862270740240	none	3272	ca4c9f0a	512	224	0	3272
3344	7	11862288133150	none	3273	c8bed34f	512	224	0	3273
3345	0	11862305380650	none	3274	2ffa21ce	512	224	0	3274
3346	1	11862322701570	none	3275	c8bed34f	512	224	0	3275
3347	2	11862339954670	none	3276	c8bed34f	512	224	0	3276
3348	3	11862353129550	none	3277	c8bed34f	512	224	0	3277
3349	4	11862370401340	none	3278	c8bed34f	512	224	0	3278
3350	5	11862387633660	none	3279	c8bed34f	512	224	0	3279
3351	6	11862404860330	none	3280	ca4c9f0a	512	224	0	3280
3352	7	11862422229570	none	3281	ca4c9f0a	512	224	0	3281
3353	0	11862439475420	none	3282	2d086d8b	512	224	0	3282
3354	1	11862456707160	none	3283	2ffa21ce	512	224	0	3283
3355	2	11862469992440	none	3284	98fddf83	512	224	0	3284
3356	3	11862487214770	none	3285	98fddf83	512	224	0	3285
3357	4	11862504454790	none	3286	c8bed34f	512	224	0	3286
3358	5	11862521694680	none	3287	c8bed34f	512	224	0	3287
3359	6	11862538907150	none	3288	c8bed34f	512	224	0	3288
3360	7	11862556151560	none	3289	c8bed34f	512	224	0	3289
3361	0	11862569351710	none	3290	c8bed34f	512	224	0	3290
3362	1	11862586747980	none	3291	c8bed34f	512	224	0	3291
3363	2	11862603953270	none	3292	c8bed34f	512	224	0	3292
3364	3	11862621411000	none	3293	c8bed34f	512	224	0	3293
3365	4	11862638692840	none	3294	c8bed34f	512	224	0	3294
3366	5	11862655916660	none	3295	ca4c9f0a	512	224	0	3295
3367	6	11862669104540	none	3296	c8bed34f	512	224	0	3296
3368	7	11862686392640	none	3297	c8bed34f	512	224	0	3297
3369	0	11862703632570	none	3298	c8bed34f	512	224	0	3298
3370	1	11862720860580	none	3299	c8bed34f	512	224	0	3299
3371	2	11862738120720	none	3300	c8bed34f	512	224	0	3300
3372	3	11862755382410	none	3301	c8bed34f	512	224	0	3301
3373	4	11862772631300	none	3302	ca4c9f0a	512	224	0	3302
3374	5	11862785818370	none	3303	ca4c9f0a	512	224	0	3303
3375	6	11862803099890	none	3304	2f1159c4	512	224	0	3304
3376	7	11862820350410	none	3305	fd8310e5	512	224	0	3305
3377	0	11862837599290	none	3306	3d49aea8	512	224	0	3306
3378	1	11862854891270	none	3307	3d49aea8	512	224	0	3307
3379	2	11862872135710	none	3308	73483ac0	512	224	0	3308
3380	3	11862889392120	none	3309	73483ac0	512	224	0	3309
3381	4	11862902575750	none	3310	73483ac0	512	224	0	3310
3382	5	11862919828860	none	3311	e1df8944	512	224	0	3311
3383	6	11862937140180	none	3312	c8bed34f	512	224	0	3312
3384	7	11862954399760	none	3313	c8bed34f	512	224	0	3313
3385	0	11862971716530	none	3314	c8bed34f	512	224	0	3314
3386	1	11862988943900	none	3315	c8bed34f	512	224	0	3315
3387	2	11863002158070	none	3316	c8bed34f	512	224	0	3316
3388	3	11863019471600	none	3317	ca4c9f0a	512	224	0	3317
3389	4	11863036711740	none	3318	c8bed34f	512	224	0	3318
3390	5	11863053949720	none	3319	c8bed34f	512	224	0	3319
3391	6	11863071221490	none	3320	c8bed34f	512	224	0	3320
3392	7	11863088469610	none	3321	c8bed34f	512	224	0	3321
3393	0	11863105683510	none	3322	c8bed34f	512	224	0	3322
3394	1	11863118855010	none	3323	c8bed34f	512	224	0	3323
3395	2	11863136143840	none	3324	ca4c9f0a	512	224	0	3324
3396	3	11863153413480	none	3325	ca4c9f0a	512	224	0	3325
3397	4	11863170745690	none	3326	2d086d8b	512	224	0	3326
3398	5	11863187982530	none	3327	2ffa21ce	512	224	0	3327
3399	6	11863205200700	none	3328	98fddf83	512	224	0	3328
3400	7	11863218412700	none	3329	98fddf83	512	224	0	3329
3401	0	11863235657010	none	3330	c8bed34f	512	224	0	3330
3402	1	11863252950120	none	3331	c8bed34f	512	224	0	3331
3403	2	11863270373990	none	3332	c8bed34f	512	224	0	3332
3404	3	11863287632800	none	3333	c8bed34f	512	224	0	3333
3405	4	11863304842580	none	3334	c8bed34f	512	224	0	3334
3406	5	11863318059720	none	3335	c8bed34f	512	224	0	3335
3407	6	11863335282170	none	3336	c8bed34f	512	224	0	3336
3408	7	11863352559730	none	3337	c8bed34f	512	224	0	3337
3409	0	11863369824130	none	3338	caa7e700	512	224	0	3338
3410	1	11863387068400	none	3339	1ac7e264	512	224	0	3339
3411	2	11863404326950	none	3340	18ded62b	512	224	0	3340
3412	3	11863421569860	none	3341	18ded62b	512	224	0	3341
3413	4	11863434776420	none	3342	c8bed34f	512	224	0	3342
3414	5	11863451997960	none	3343	c8bed34f	512	224	0	3343
3415	6	11863469398900	none	3344	c8bed34f	512	224	0	3344
3416	7	11863486640520	none	3345	c8bed34f	512	224	0	3345
3417	0	11863503864640	none	3346	c8bed34f	512	224	0	3346
3418	1	11863521114630	none	3347	ca4c9f0a	512	224	0	3347
3419	2	11863534391710	none	3348	c8bed34f	512	224	0	3348
3420	3	11863551618180	none	3349	2ffa21ce	512	224	0	3349
3421	4	11863568830200	none	3350	fd8310e5	512	224	0	3350
3422	5	11863586154660	none	3351	4a84eea8	512	224	0	3351
3423	6	11863603430740	none	3352	3d49aea8	512	224	0	3352
3424	7	11863620678730	none	3353	b775e567	512	224	0	3353
3425	0	11863637926420	none	3354	c053dd6d	512	224	0	3354
3426	1	11863651098600	none	3355	73483ac0	512	224	0	3355
3427	2	11863668339520	none	3356	e1df8944	512	224	0	3356
3428	3	11863685570290	none	3357	c8bed34f	512	224	0	3357
3429	4	11863702944270	none	3358	c8bed34f	512	224	0	3358
3430	5	11863720181280	none	3359	c8bed34f	512	224	0	3359
3431	6	11863737427760	none	3360	c8bed34f	512	224	0	3360
3432	7	11863750633070	none	3361	c8bed34f	512	224	0	3361
3433	0	11863767842420	none	3362	ca4c9f0a	512	224	0	3362
3434	1	11863785095360	none	3363	c8bed34f	512	224	0	3363
3435	2	11863802369380	none	3364	c8bed34f	512	224	0	3364
3436	3	11863819654140	none	3365	c8bed34f	512	224	0	3365
3437	4	11863836867070	none	3366	c8bed34f	512	224	0	3366
3438	5	11863854160530	none	3367	c8bed34f	512	224	0	3367
3439	6	11863867396660	none	3368	c8bed34f	512	224	0	3368
3440	7	11863884618900	none	3369	ca4c9f0a	512	224	0	3369
3441	0	11863901895640	none	3370	ca4c9f0a	512	224	0	3370
3442	1	11863919181180	none	3371	2f1159c4	512	224	0	3371
3443	2	11863936457130	none	3372	fd8310e5	512	224	0	3372
3444	3	11863953702760	none	3373	3d49aea8	512	224	0	3373
3445	4	11863970894820	none	3374	3d49aea8	512	224	0	3374
3446	5	11863984258530	none	3375	73483ac0	512	224	0	3375
3447	6	11864001509520	none	3376	73483ac0	512	224	0	3376
3448	7	11864018824710	none	3377	73483ac0	512	224	0	3377
3449	0	11864036174220	none	3378	e1df8944	512	224	0	3378
3450	1	11864053442750	none	3379	c8bed34f	512	224	0	3379
3451	2	11864070722810	none	3380	c8bed34f	512	224	0	3380
3452	3	11864083922150	none	3381	c8bed34f	512	224	0	3381
3453	4	11864101135610	none	3382	caa7e700	512	224	0	3382
3454	5	11864118596000	none	3383	1ac7e264	512	224	0	3383
3455	6	11864136256860	none	3384	6d0aa264	512	224	0	3384
3456	7	11864153578730	none	3385	18ded62b	512	224	0	3385
3457	0	11864166751850	none	3386	73483ac0	512	224	0	3386
3458	1	11864183967150	none	3387	c8bed34f	512	224	0	3387
3459	2	11864201171690	none	3388	c8bed34f	512	224	0	3388
3460	3	11864218425710	none	3389	c8bed34f	512	224	0	3389
3461	4	11864235698100	none	3390	c8bed34f	512	224	0	3390
3462	5	11864253141000	none	3391	c8bed34f	512	224	0	3391
3463	6	11864270362490	none	3392	c8bed34f	512	224	0	3392
3464	7	11864283678670	none	3393	2ffa21ce	512	224	0	3393
3465	0	11864300922930	none	3394	ff9a24aa	512	224	0	3394
3466	1	11864318148090	none	3395	4a84eea8	512	224	0	3395
3467	2	11864335490210	none	3396	4a84eea8	512	224	0	3396
3468	3	11864352779290	none	3397	069c4e8f	512	224	0	3397
3469	4	11864370008610	none	3398	069c4e8f	512	224	0	3398
3470	5	11864383351300	none	3399	71ba7685	512	224	0	3399
3471	6	11864400576790	none	3400	e1df8944	512	224	0	3400
3472	7	11864417855260	none	3401	c8bed34f	512	224	0	3401
3473	0	11864435114260	none	3402	c8bed34f	512	224	0	3402
3474	1	11864452349420	none	3403	c8bed34f	512	224	0	3403
3475	2	11864469636290	none	3404	c8bed34f	512	224	0	3404
3476	3	11864482821440	none	3405	c8bed34f	512	224	0	3405
3477	4	11864500138050	none	3406	ca4c9f0a	512	224	0	3406
3478	5	11864517496180	none	3407	c8bed34f	512	224	0	3407
3479	6	11864534755730	none	3408	2ffa21ce	512	224	0	3408
3480	7	11864552006600	none	3409	c8bed34f	512	224	0	3409
3481	0	11864569267950	none	3410	c8bed34f	512	224	0	3410
3482	1	11864582614840	none	3411	c8bed34f	512	224	0	3411
3483	2	11864599988750	none	3412	c8bed34f	512	224	0	3412
3484	3	11864617198840	none	3413	c8bed34f	512	224	0	3413
3485	4	11864634451540	none	3414	ca4c9f0a	512	224	0	3414
3486	5	11864651668770	none	3415	ca4c9f0a	512	224	0	3415
3487	6	11864668885030	none	3416	2d086d8b	512	224	0	3416
3488	7	11864686346520	none	3417	2ffa21ce	512	224	0	3417
3489	0	11864699551220	none	3418	98fddf83	512	224	0	3418
3490	1	11864716861620	none	3419	98fddf83	512	224	0	3419
3491	2	11864734096060	none	3420	c8bed34f	512	224	0	3420
3492	3	11864751337240	none	3421	c8bed34f	512	224	0	3421
3493	4	11864768560310	none	3422	c8bed34f	512	224	0	3422
3494	5	11864785841850	none	3423	c8bed34f	512	224	0	3423
3495	6	11864799115760	none	3424	c8bed34f	512	224	0	3424
3496	7	11864816484480	none	3425	c8bed34f	512	224	0	3425
3497	0	11864833709570	none	3426	c8bed34f	512	224	0	3426
3498	1	11864850926790	none	3427	caa7e700	512	224	0	3427
3499	2	11864868175980	none	3428	1ac7e264	512	224	0	3428
3500	3	11864885451440	none	3429	6ff8ee21	512	224	0	3429
3501	4	11864902744800	none	3430	18ded62b	512	224	0	3430
3502	5	11864915986560	none	3431	c8bed34f	512	224	0	3431
3503	6	11864933201830	none	3432	c8bed34f	512	224	0	3432
3504	7	11864950443570	none	3433	c8bed34f	512	224	0	3433
3505	0	11864967683500	none	3434	c8bed34f	512	224	0	3434
3506	1	11864984930560	none	3435	c8bed34f	512	224	0	3435
3507	2	11865002128960	none	3436	ca4c9f0a	512	224	0	3436
3508	3	11865015381720	none	3437	ca4c9f0a	512	224	0	3437
3509	4	11865032599210	none	3438	2f1159c4	512	224	0	3438
3510	5	11865049806730	none	3439	fd8310e5	512	224	0	3439
3511	6	11865067085520	none	3440	3d49aea8	512	224	0	3440
3512	7	11865084330120	none	3441	3d49aea8	512	224	0	3441
3513	0	11865101576330	none	3442	73483ac0	512	224	0	3442
3514	1	11865118907610	none	3443	73483ac0	512	224	0	3443
3515	2	11865132202780	none	3444	73483ac0	512	224	0	3444
3516	3	11865149450490	none	3445	e1df8944	512	224	0	3445
3517	4	11865166673160	none	3446	c8bed34f	512	224	0	3446
3518	5	11865183907190	none	3447	c8bed34f	512	224	0	3447
3519	6	11865201151860	none	3448	c8bed34f	512	224	0	3448
3520	7	11865218405800	none	3449	c8bed34f	512	224	0	3449
3521	0	11865231683160	none	3450	c8bed34f	512	224	0	3450
3522	1	11865248910540	none	3451	ca4c9f0a	512	224	0	3451
3523	2	11865266117710	none	3452	c8bed34f	512	224	0	3452
3524	3	11865283368840	none	3453	2ffa21ce	512	224	0	3453
3525	4	11865300608360	none	3454	c8bed34f	512	224	0	3454
3526	5	11865317842800	none	3455	c8bed34f	512	224	0	3455
3527	6	11865335262220	none	3456	c8bed34f	512	224	0	3456
3528	7	11865348516950	none	3457	c8bed34f	512	224	0	3457
3529	0	11865365838400	none	3458	c8bed34f	512	224	0	3458
3530	1	11865383070610	none	3459	ca4c9f0a	512	224	0	3459
3531	2	11865400337340	none	3460	ca4c9f0a	512	224	0	3460
3532	3	11865417573540	none	3461	2d086d8b	512	224	0	3461
3533	4	11865434860340	none	3462	2ffa21ce	512	224	0	3462
3534	5	11865448064430	none	3463	98fddf83	512	224	0	3463
3535	6	11865465300830	none	3464	98fddf83	512	224	0	3464
3536	7	11865482535760	none	3465	c8bed34f	512	224	0	3465
3537	0	11865499763970	none	3466	c8bed34f	512	224	0	3466
3538	1	11865516981140	none	3467	c8bed34f	512	224	0	3467
3539	2	11865534467880	none	3468	c8bed34f	512	224	0	3468
3540	3	11865551688150	none	3469	c8bed34f	512	224	0	3469
3541	4	11865564858990	none	3470	c8bed34f	512	224	0	3470
3542	5	11865582068340	none	3471	c8bed34f	512	224	0	3471
3543	6	11865599322990	none	3472	c8bed34f	512	224	0	3472
3544	7	11865616572530	none	3473	ca4c9f0a	512	224	0	3473
3545	0	11865633813420	none	3474	c8bed34f	512	224	0	3474
3546	1	11865651059200	none	3475	2ffa21ce	512	224	0	3475
3547	2	11865664271940	none	3476	c8bed34f	512	224	0	3476
3548	3	11865681509480	none	3477	c8bed34f	512	224	0	3477
3549	4	11865698716030	none	3478	c8bed34f	512	224	0	3478
3550	5	11865716011220	none	3479	c8bed34f	512	224	0	3479
3551	6	11865733254460	none	3480	c8bed34f	512	224	0	3480
3552	7	11865750497620	none	3481	ca4c9f0a	512	224	0	3481
3553	0	11865767718830	none	3482	ca4c9f0a	512	224	0	3482
3554	1	11865780988190	none	3483	2f1159c4	512	224	0	3483
3555	2	11865798218760	none	3484	fd8310e5	512	224	0	3484
3556	3	11865815463720	none	3485	3d49aea8	512	224	0	3485
3557	4	11865832674670	none	3486	3d49aea8	512	224	0	3486
3558	5	11865849922570	none	3487	73483ac0	512	224	0	3487
3559	6	11865867130710	none	3488	73483ac0	512	224	0	3488
3560	7	11865884375030	none	3489	73483ac0	512	224	0	3489
3561	0	11865897575730	none	3490	e1df8944	512	224	0	3490
3562	1	11865914796950	none	3491	c8bed34f	512	224	0	3491
3563	2	11865932089750	none	3492	c8bed34f	512	224	0	3492
3564	3	11865949393770	none	3493	c8bed34f	512	224	0	3493
3565	4	11865966619780	none	3494	c8bed34f	512	224	0	3494
3566	5	11865983935220	none	3495	c8bed34f	512	224	0	3495
3567	6	11865997120290	none	3496	ca4c9f0a	512	224	0	3496
3568	7	11866014379450	none	3497	c8bed34f	512	224	0	3497
3569	0	11866031615480	none	3498	c8bed34f	512	224	0	3498
3570	1	11866048822460	none	3499	c8bed34f	512	224	0	3499
3571	2	11866066067070	none	3500	c8bed34f	512	224	0	3500
3572	3	11866083442650	none	3501	c8bed34f	512	224	0	3501
3573	4	11866100675200	none	3502	c8bed34f	512	224	0	3502
3574	5	11866113839190	none	3503	ca4c9f0a	512	224	0	3503
3575	6	11866131071350	none	3504	ca4c9f0a	512	224	0	3504
3576	7	11866148384530	none	3505	2d086d8b	512	224	0	3505
3577	0	11866165633330	none	3506	2ffa21ce	512	224	0	3506
3578	1	11866182848060	none	3507	98fddf83	512	224	0	3507
3579	2	11866200138770	none	3508	98fddf83	512	224	0	3508
3580	3	11866213350500	none	3509	c8bed34f	512	224	0	3509
3581	4	11866230572460	none	3510	c8bed34f	512	224	0	3510
3582	5	11866247813810	none	3511	c8bed34f	512	224	0	3511
3583	6	11866265106300	none	3512	c8bed34f	512	224	0	3512
3584	7	11866282475990	none	3513	c8bed34f	512	224	0	3513
3585	0	11866299717790	none	3514	c8bed34f	512	224	0	3514
3586	1	11866316953930	none	3515	c8bed34f	512	224	0	3515
3587	2	11866330144340	none	3516	caa7e700	512	224	0	3516
3588	3	11866347369790	none	3517	1ac7e264	512	224	0	3517
3589	4	11866364603560	none	3518	6d0aa264	512	224	0	3518
3590	5	11866381818330	none	3519	18ded62b	512	224	0	3519
3591	6	11866399049770	none	3520	73483ac0	512	224	0	3520
3592	7	11866416281060	none	3521	c8bed34f	512	224	0	3521
3593	0	11866433560840	none	3522	c8bed34f	512	224	0	3522
3594	1	11866446757720	none	3523	c8bed34f	512	224	0	3523
3595	2	11866464055940	none	3524	c8bed34f	512	224	0	3524
3596	3	11866481321910	none	3525	c8bed34f	512	224	0	3525
3597	4	11866498555040	none	3526	ca4c9f0a	512	224	0	3526
3598	5	11866515762760	none	3527	c8bed34f	512	224	0	3527
3599	6	11866533091030	none	3528	2ffa21ce	512	224	0	3528
3600	7	11866546321040	none	3529	fd8310e5	512	224	0	3529
3601	0	11866563571250	none	3530	4a84eea8	512	224	0	3530
3602	1	11866580793390	none	3531	3d49aea8	512	224	0	3531
3603	2	11866598149940	none	3532	b775e567	512	224	0	3532
3604	3	11866615423050	none	3533	c053dd6d	512	224	0	3533
3605	4	11866632652350	none	3534	73483ac0	512	224	0	3534
3606	5	11866649876140	none	3535	e1df8944	512	224	0	3535
3607	6	11866663115520	none	3536	c8bed34f	512	224	0	3536
3608	7	11866680370050	none	3537	c8bed34f	512	224	0	3537
3609	0	11866697607900	none	3538	c8bed34f	512	224	0	3538
3610	1	11866714922070	none	3539	c8bed34f	512	224	0	3539
3611	2	11866732171760	none	3540	c8bed34f	512	224	0	3540
3612	3	11866749411890	none	3541	c8bed34f	512	224	0	3541
3613	4	11866762608220	none	3542	2ffa21ce	512	224	0	3542
3614	5	11866779812460	none	3543	c8bed34f	512	224	0	3543
3615	6	11866797142860	none	3544	c8bed34f	512	224	0	3544
3616	7	11866814410190	none	3545	c8bed34f	512	224	0	3545
3617	0	11866831787340	none	3546	c8bed34f	512	224	0	3546
3618	1	11866849016100	none	3547	c8bed34f	512	224	0	3547
3619	2	11866862220550	none	3548	ca4c9f0a	512	224	0	3548
3620	3	11866879475320	none	3549	ca4c9f0a	512	224	0	3549
3621	4	11866896769010	none	3550	2f1159c4	512	224	0	3550
3622	5	11866914015310	none	3551	fd8310e5	512	224	0	3551
3623	6	11866931380580	none	3552	3d49aea8	512	224	0	3552
3624	7	11866948608690	none	3553	3d49aea8	512	224	0	3553
3625	0	11866965812440	none	3554	73483ac0	512	224	0	3554
3626	1	11866979022280	none	3555	73483ac0	512	224	0	3555
3627	2	11866996312800	none	3556	73483ac0	512	224	0	3556
3628	3	11867013738880	none	3557	e1df8944	512	224	0	3557
3629	4	11867031065430	none	3558	c8bed34f	512	224	0	3558
3630	5	11867048308050	none	3559	c8bed34f	512	224	0	3559
3631	6	11867065528480	none	3560	c8bed34f	512	224	0	3560
3632	7	11867078739970	none	3561	caa7e700	512	224	0	3561
3633	0	11867096150540	none	3562	1ac7e264	512	224	0	3562
3634	1	11867113391220	none	3563	6d0aa264	512	224	0	3563
3635	2	11867130708030	none	3564	18ded62b	512	224	0	3564
3636	3	11867147971130	none	3565	c8bed34f	512	224	0	3565
3637	4	11867165190630	none	3566	c8bed34f	512	224	0	3566
3638	5	11867178385040	none	3567	c8bed34f	512	224	0	3567
3639	6	11867195620080	none	3568	c8bed34f	512	224	0	3568
3640	7	11867212827170	none	3569	c8bed34f	512	224	0	3569
3641	0	11867230225520	none	3570	ca4c9f0a	512	224	0	3570
3642	1	11867247490700	none	3571	c8bed34f	512	224	0	3571
3643	2	11867264826200	none	3572	2ffa21ce	512	224	0	3572
3644	3	11867282146480	none	3573	ff9a24aa	512	224	0	3573
3645	4	11867295372230	none	3574	4a84eea8	512	224	0	3574
3646	5	11867312604920	none	3575	4a84eea8	512	224	0	3575
3647	6	11867329815000	none	3576	069c4e8f	512	224	0	3576
3648	7	11867347099720	none	3577	069c4e8f	512	224	0	3577
3649	0	11867364333050	none	3578	71ba7685	512	224	0	3578
3650	1	11867381572690	none	3579	e1df8944	512	224	0	3579
3651	2	11867394745770	none	3580	c8bed34f	512	224	0	3580
3652	3	11867411979250	none	3581	c8bed34f	512	224	0	3581
3653	4	11867429354040	none	3582	c8bed34f	512	224	0	3582
3654	5	11867446587360	none	3583	c8bed34f	512	224	0	3583
3655	6	11867463812020	none	3584	c8bed34f	512	224	0	3584
3656	7	11867481055330	none	3585	ca4c9f0a	512	224	0	3585
3657	0	11867498309800	none	3586	c8bed34f	512	224	0	3586
3658	1	11867511504130	none	3587	2ffa21ce	512	224	0	3587
3659	2	11867528749940	none	3588	c8bed34f	512	224	0	3588
3660	3	11867545992870	none	3589	c8bed34f	512	224	0	3589
3661	4	11867563248920	none	3590	c8bed34f	512	224	0	3590
3662	5	11867580487490	none	3591	c8bed34f	512	224	0	3591
3663	6	11867597731810	none	3592	c8bed34f	512	224	0	3592
3664	7	11867611105540	none	3593	ca4c9f0a	512	224	0	3593
3665	0	11867628346310	none	3594	ca4c9f0a	512	224	0	3594
3666	1	11867645577570	none	3595	2d086d8b	512	224	0	3595
3667	2	11867662898380	none	3596	2ffa21ce	512	224	0	3596
3668	3	11867680131790	none	3597	98fddf83	512	224	0	3597
3669	4	11867697459380	none	3598	98fddf83	512	224	0	3598
3670	5	11867714678200	none	3599	c8bed34f	512	224	0	3599
3671	6	11867727860450	none	3600	c8bed34f	512	224	0	3600
3672	7	11867745154710	none	3601	c8bed34f	512	224	0	3601
3673	0	11867762417510	none	3602	c8bed34f	512	224	0	3602
3674	1	11867779733910	none	3603	c8bed34f	512	224	0	3603
3675	2	11867796992870	none	3604	c8bed34f	512	224	0	3604
3676	3	11867814214230	none	3605	c8bed34f	512	224	0	3605
3677	4	11867827411440	none	3606	caa7e700	512	224	0	3606
3678	5	11867844643670	none	3607	1ac7e264	512	224	0	3607
3679	6	11867861897580	none	3608	6ff8ee21	512	224	0	3608
3680	7	11867879111450	none	3609	18ded62b	512	224	0	3609
3681	0	11867896366150	none	3610	c8bed34f	512	224	0	3610
3682	1	11867913606960	none	3611	c8bed34f	512	224	0	3611
3683	2	11867930815550	none	3612	c8bed34f	512	224	0	3612
3684	3	11867944222120	none	3613	c8bed34f	512	224	0	3613
3685	4	11867961442170	none	3614	c8bed34f	512	224	0	3614
3686	5	11867978739170	none	3615	ca4c9f0a	512	224	0	3615
3687	6	11867995991630	none	3616	ca4c9f0a	512	224	0	3616
3688	7	11868013237030	none	3617	2f1159c4	512	224	0	3617
3689	0	11868030463360	none	3618	fd8310e5	512	224	0	3618
3690	1	11868043698920	none	3619	3d49aea8	512	224	0	3619
3691	2	11868060929380	none	3620	3d49aea8	512	224	0	3620
3692	3	11868078329420	none	3621	73483ac0	512	224	0	3621
3693	4	11868095614740	none	3622	73483ac0	512	224	0	3622
3694	5	11868112892150	none	3623	73483ac0	512	224	0	3623
3695	6	11868130109820	none	3624	e1df8944	512	224	0	3624
3696	7	11868147372180	none	3625	c8bed34f	512	224	0	3625
3697	0	11868160589280	none	3626	c8bed34f	512	224	0	3626
3698	1	11868177803500	none	3627	c8bed34f	512	224	0	3627
3699	2	11868195010730	none	3628	c8bed34f	512	224	0	3628
3700	3	11868212309080	none	3629	c8bed34f	512	224	0	3629
3701	4	11868229539720	none	3630	ca4c9f0a	512	224	0	3630
3702	5	11868246768810	none	3631	c8bed34f	512	224	0	3631
3703	6	11868259957310	none	3632	c8bed34f	512	224	0	3632
3704	7	11868277367460	none	3633	c8bed34f	512	224	0	3633
3705	0	11868294586340	none	3634	c8bed34f	512	224	0	3634
3706	1	11868311880960	none	3635	c8bed34f	512	224	0	3635
3707	2	11868329230870	none	3636	c8bed34f	512	224	0	3636
3708	3	11868346492820	none	3637	ca4c9f0a	512	224	0	3637
3709	4	11868363741340	none	3638	ca4c9f0a	512	224	0	3638
3710	5	11868376901390	none	3639	2d086d8b	512	224	0	3639
3711	6	11868394102450	none	3640	2ffa21ce	512	224	0	3640
3712	7	11868411340730	none	3641	98fddf83	512	224	0	3641
3713	0	11868428562470	none	3642	98fddf83	512	224	0	3642
3714	1	11868445838450	none	3643	c8bed34f	512	224	0	3643
3715	2	11868463148900	none	3644	c8bed34f	512	224	0	3644
3716	3	11868476343410	none	3645	c8bed34f	512	224	0	3645
3717	4	11868493565760	none	3646	c8bed34f	512	224	0	3646
3718	5	11868510766790	none	3647	c8bed34f	512	224	0	3647
3719	6	11868528100180	none	3648	c8bed34f	512	224	0	3648
3720	7	11868545348730	none	3649	c8bed34f	512	224	0	3649
3721	0	11868562579650	none	3650	c8bed34f	512	224	0	3650
3722	1	11868579902590	none	3651	c8bed34f	512	224	0	3651
3723	2	11868593130910	none	3652	ca4c9f0a	512	224	0	3652
3724	3	11868610361080	none	3653	c8bed34f	512	224	0	3653
3725	4	11868627604980	none	3654	2ffa21ce	512	224	0	3654
3726	5	11868644842140	none	3655	c8bed34f	512	224	0	3655
3727	6	11868662161850	none	3656	c8bed34f	512	224	0	3656
3728	7	11868679404440	none	3657	c8bed34f	512	224	0	3657
3729	0	11868692670990	none	3658	c8bed34f	512	224	0	3658
3730	1	11868709901920	none	3659	c8bed34f	512	224	0	3659
3731	2	11868727121060	none	3660	ca4c9f0a	512	224	0	3660
3732	3	11868744368310	none	3661	ca4c9f0a	512	224	0	3661
3733	4	11868761598070	none	3662	ca4c9f0a	512	224	0	3662
3734	5	11868778839690	none	3663	c8bed34f	512	224	0	3663
3735	6	11868796240930	none	3664	c8bed34f	512	224	0	3664
3736	7	11868809486490	none	3665	c8bed34f	512	224	0	3665
3737	0	11868826804660	none	3666	c8bed34f	512	224	0	3666
3738	1	11868844046570	none	3667	c8bed34f	512	224	0	3667
3739	2	11868861313250	none	3668	c8bed34f	512	224	0	3668
3740	3	11868878545470	none	3669	2ffa21ce	512	224	0	3669
3741	4	11868895756250	none	3670	c8bed34f	512	224	0	3670
3742	5	11868909006520	none	3671	c8bed34f	512	224	0	3671
3743	6	11868926403130	none	3672	c8bed34f	512	224	0	3672
3744	7	11868943612930	none	3673	c8bed34f	512	224	0	3673
3745	0	11868960849590	none	3674	c8bed34f	512	224	0	3674
3746	1	11868978078830	none	3675	ca4c9f0a	512	224	0	3675
3747	2	11868995318580	none	3676	c8bed34f	512	224	0	3676
3748	3	11869012555060	none	3677	c8bed34f	512	224	0	3677
3749	4	11869025736200	none	3678	c8bed34f	512	224	0	3678
3750	5	11869042968210	none	3679	c8bed34f	512	224	0	3679
3751	6	11869060193640	none	3680	c8bed34f	512	224	0	3680
3752	7	11869077427340	none	3681	c8bed34f	512	224	0	3681
3753	0	11869094708470	none	3682	ca4c9f0a	512	224	0	3682
3754	1	11869111937660	none	3683	ca4c9f0a	512	224	0	3683
3755	2	11869125165220	none	3684	2d086d8b	512	224	0	3684
3756	3	11869142487840	none	3685	2ffa21ce	512	224	0	3685
3757	4	11869159916690	none	3686	98fddf83	512	224	0	3686
3758	5	11869177298760	none	3687	98fddf83	512	224	0	3687
3759	6	11869194554570	none	3688	c8bed34f	512	224	0	3688
3760	7	11869211757420	none	3689	c8bed34f	512	224	0	3689
3761	0	11869224966210	none	3690	c8bed34f	512	224	0	3690
3762	1	11869242197540	none	3691	c8bed34f	512	224	0	3691
3763	2	11869259432140	none	3692	c8bed34f	512	224	0	3692
3764	3	11869276664470	none	3693	c8bed34f	512	224	0	3693
3765	4	11869293911970	none	3694	c8bed34f	512	224	0	3694
3766	5	11869311174580	none	3695	c8bed34f	512	224	0	3695
3767	6	11869328408230	none	3696	c8bed34f	512	224	0	3696
3768	7	11869341685700	none	3697	ca4c9f0a	512	224	0	3697
3769	0	11869358913520	none	3698	c8bed34f	512	224	0	3698
3770	1	11869376133090	none	3699	c8bed34f	512	224	0	3699
3771	2	11869393413780	none	3700	c8bed34f	512	224	0	3700
3772	3	11869410629790	none	3701	c8bed34f	512	224	0	3701
3773	4	11869427901690	none	3702	c8bed34f	512	224	0	3702
3774	5	11869445128890	none	3703	c8bed34f	512	224	0	3703
3775	6	11869458346360	none	3704	c8bed34f	512	224	0	3704
3776	7	11869475568590	none	3705	ca4c9f0a	512	224	0	3705
3777	0	11869492784380	none	3706	2f1159c4	512	224	0	3706
3778	1	11869510152460	none	3707	fd6868ef	512	224	0	3707
3779	2	11869527398240	none	3708	489ddae7	512	224	0	3708
3780	3	11869544699470	none	3709	489ddae7	512	224	0	3709
3781	4	11869557925410	none	3710	73483ac0	512	224	0	3710
3782	5	11869575144340	none	3711	73483ac0	512	224	0	3711
3783	6	11869592380510	none	3712	73483ac0	512	224	0	3712
3784	7	11869609600860	none	3713	e1df8944	512	224	0	3713
3785	0	11869626852200	none	3714	e1df8944	512	224	0	3714
3786	1	11869644255880	none	3715	c8bed34f	512	224	0	3715
3787	2	11869661544960	none	3716	c8bed34f	512	224	0	3716
3788	3	11869674726110	none	3717	c8bed34f	512	224	0	3717
3789	4	11869691977130	none	3718	c8bed34f	512	224	0	3718
3790	5	11869709227650	none	3719	c8bed34f	512	224	0	3719
3791	6	11869726485910	none	3720	c8bed34f	512	224	0	3720
3792	7	11869743712300	none	3721	2ffa21ce	512	224	0	3721
3793	0	11869760994750	none	3722	c8bed34f	512	224	0	3722
3794	1	11869774192010	none	3723	c8bed34f	512	224	0	3723
3795	2	11869791419190	none	3724	c8bed34f	512	224	0	3724
3796	3	11869808634900	none	3725	c8bed34f	512	224	0	3725
3797	4	11869825855900	none	3726	c8bed34f	512	224	0	3726
3798	5	11869843239510	none	3727	ca4c9f0a	512	224	0	3727
3799	6	11869860476090	none	3728	ca4c9f0a	512	224	0	3728
3800	7	11869877703080	none	3729	2f1159c4	512	224	0	3729
3801	0	11869890976390	none	3730	fd8310e5	512	224	0	3730
3802	1	11869908213740	none	3731	3d49aea8	512	224	0	3731
3803	2	11869925480060	none	3732	3d49aea8	512	224	0	3732
3804	3	11869942698710	none	3733	73483ac0	512	224	0	3733
3805	4	11869959908350	none	3734	73483ac0	512	224	0	3734
3806	5	11869977137590	none	3735	73483ac0	512	224	0	3735
3807	6	11869994395670	none	3736	e1df8944	512	224	0	3736
3808	7	11870007591650	none	3737	c8bed34f	512	224	0	3737
3809	0	11870024817960	none	3738	c8bed34f	512	224	0	3738
3810	1	11870042028650	none	3739	c8bed34f	512	224	0	3739
3811	2	11870059280780	none	3740	c8bed34f	512	224	0	3740
3812	3	11870076510640	none	3741	18ded62b	512	224	0	3741
3813	4	11870093812770	none	3742	1a2c9a6e	512	224	0	3742
3814	5	11870107000490	none	3743	18ded62b	512	224	0	3743
3815	6	11870124245910	none	3744	c8bed34f	512	224	0	3744
3816	7	11870141495860	none	3745	c8bed34f	512	224	0	3745
3817	0	11870158716620	none	3746	c8bed34f	512	224	0	3746
3818	1	11870175950730	none	3747	c8bed34f	512	224	0	3747
3819	2	11870193245060	none	3748	c8bed34f	512	224	0	3748
3820	3	11870210508630	none	3749	ca4c9f0a	512	224	0	3749
3821	4	11870223694100	none	3750	c8bed34f	512	224	0	3750
3822	5	11870240908430	none	3751	2ffa21ce	512	224	0	3751
3823	6	11870258188200	none	3752	ff9a24aa	512	224	0	3752
3824	7	11870275433140	none	3753	489ddae7	512	224	0	3753
3825	0	11870292747470	none	3754	489ddae7	512	224	0	3754
3826	1	11870310007450	none	3755	73483ac0	512	224	0	3755
3827	2	11870323214180	none	3756	73483ac0	512	224	0	3756
3828	3	11870340445780	none	3757	71ba7685	512	224	0	3757
3829	4	11870357657040	none	3758	e1df8944	512	224	0	3758
3830	5	11870374888720	none	3759	c8bed34f	512	224	0	3759
3831	6	11870392270350	none	3760	c8bed34f	512	224	0	3760
3832	7	11870409511020	none	3761	c8bed34f	512	224	0	3761
3833	0	11870426732710	none	3762	c8bed34f	512	224	0	3762
3834	1	11870439987850	none	3763	c8bed34f	512	224	0	3763
3835	2	11870457260990	none	3764	ca4c9f0a	512	224	0	3764
3836	3	11870474488240	none	3765	c8bed34f	512	224	0	3765
3837	4	11870491746660	none	3766	2ffa21ce	512	224	0	3766
3838	5	11870508978640	none	3767	c8bed34f	512	224	0	3767
3839	6	11870526212520	none	3768	c8bed34f	512	224	0	3768
3840	7	11870543459660	none	3769	c8bed34f	512	224	0	3769
3841	0	11870556637230	none	3770	c8bed34f	512	224	0	3770
3842	1	11870573871670	none	3771	c8bed34f	512	224	0	3771
3843	2	11870591237310	none	3772	ca4c9f0a	512	224	0	3772
3844	3	11870608489090	none	3773	ca4c9f0a	512	224	0	3773
3845	4	11870625714970	none	3774	2d086d8b	512	224	0	3774
3846	5	11870643036500	none	3775	2ffa21ce	512	224	0	3775
3847	6	11870656254150	none	3776	98fddf83	512	224	0	3776
3848	7	11870673485350	none	3777	98fddf83	512	224	0	3777
3849	0	11870690700690	none	3778	c8bed34f	512	224	0	3778
3850	1	11870707941960	none	3779	c8bed34f	512	224	0	3779
3851	2	11870725223270	none	3780	c8bed34f	512	224	0	3780
3852	3	11870742474540	none	3781	c8bed34f	512	224	0	3781
3853	4	11870759679410	none	3782	c8bed34f	512	224	0	3782
3854	5	11870773041930	none	3783	c8bed34f	512	224	0	3783
3855	6	11870790307830	none	3784	c8bed34f	512	224	0	3784
3856	7	11870807545060	none	3785	c8bed34f	512	224	0	3785
3857	0	11870824754690	none	3786	c8bed34f	512	224	0	3786
3858	1	11870842132620	none	3787	c8bed34f	512	224	0	3787
3859	2	11870859392750	none	3788	c8bed34f	512	224	0	3788
3860	3	11870872566460	none	3789	c8bed34f	512	224	0	3789
3861	4	11870889797540	none	3790	c8bed34f	512	224	0	3790
3862	5	11870906982540	none	3791	c8bed34f	512	224	0	3791
3863	6	11870924217730	none	3792	c8bed34f	512	224	0	3792
3864	7	11870941450000	none	3793	c8bed34f	512	224	0	3793
3865	0	11870958666030	none	3794	ca4c9f0a	512	224	0	3794
3866	1	11870975888390	none	3795	ca4c9f0a	512	224	0	3795
3867	2	11870989161020	none	3796	2d086d8b	512	224	0	3796
3868	3	11871006408980	none	3797	ff9a24aa	512	224	0	3797
3869	4	11871023638970	none	3798	489ddae7	512	224	0	3798
3870	5	11871040943490	none	3799	489ddae7	512	224	0	3799
3871	6	11871058310180	none	3800	73483ac0	512	224	0	3800
3872	7	11871075535080	none	3801	73483ac0	512	224	0	3801
3873	0	11871088715310	none	3802	73483ac0	512	224	0	3802
3874	1	11871106081470	none	3803	e1df8944	512	224	0	3803
3875	2	11871123335340	none	3804	c8bed34f	512	224	0	3804
3876	3	11871140682340	none	3805	c8bed34f	512	224	0	3805
3877	4	11871157960870	none	3806	c8bed34f	512	224	0	3806
3878	5	11871175208820	none	3807	c8bed34f	512	224	0	3807
3879	6	11871188414620	none	3808	c8bed34f	512	224	0	3808
3880	7	11871205641720	none	3809	ca4c9f0a	512	224	0	3809
3881	0	11871222857810	none	3810	c8bed34f	512	224	0	3810
3882	1	11871240230480	none	3811	c8bed34f	512	224	0	3811
3883	2	11871257501080	none	3812	c8bed34f	512	224	0	3812
3884	3	11871274905710	none	3813	c8bed34f	512	224	0	3813
3885	4	11871292152970	none	3814	c8bed34f	512	224	0	3814
3886	5	11871305472850	none	3815	c8bed34f	512	224	0	3815
3887	6	11871322687840	none	3816	ca4c9f0a	512	224	0	3816
3888	7	11871339985180	none	3817	ca4c9f0a	512	224	0	3817
3889	0	11871357243210	none	3818	2d086d8b	512	224	0	3818
3890	1	11871374475220	none	3819	2ffa21ce	512	224	0	3819
3891	2	11871391701960	none	3820	98fddf83	512	224	0	3820
3892	3	11871404947850	none	3821	98fddf83	512	224	0	3821
3893	4	11871422174540	none	3822	c8bed34f	512	224	0	3822
3894	5	11871439509720	none	3823	c8bed34f	512	224	0	3823
3895	6	11871456730160	none	3824	c8bed34f	512	224	0	3824
3896	7	11871473973200	none	3825	c8bed34f	512	224	0	3825
3897	0	11871491219240	none	3826	c8bed34f	512	224	0	3826
3898	1	11871508441810	none	3827	c8bed34f	512	224	0	3827
3899	2	11871521642830	none	3828	c8bed34f	512	224	0	3828
3900	3	11871538864710	none	3829	c8bed34f	512	224	0	3829
3901	4	11871556088100	none	3830	c8bed34f	512	224	0	3830
3902	5	11871573330550	none	3831	c8bed34f	512	224	0	3831
3903	6	11871590580080	none	3832	c8bed34f	512	224	0	3832
3904	7	11871607824860	none	3833	2ffa21ce	512	224	0	3833
3905	0	11871621120710	none	3834	c8bed34f	512	224	0	3834
3906	1	11871638373800	none	3835	c8bed34f	512	224	0	3835
3907	2	11871655579190	none	3836	c8bed34f	512	224	0	3836
3908	3	11871672807020	none	3837	c8bed34f	512	224	0	3837
3909	4	11871690054510	none	3838	c8bed34f	512	224	0	3838
3910	5	11871707314370	none	3839	ca4c9f0a	512	224	0	3839
3911	6	11871724817240	none	3840	ca4c9f0a	512	224	0	3840
3912	7	11871738380510	none	3841	2d086d8b	512	224	0	3841
3913	0	11871755813940	none	3842	ff9a24aa	512	224	0	3842
3914	1	11871773096470	none	3843	489ddae7	512	224	0	3843
3915	2	11871790430090	none	3844	489ddae7	512	224	0	3844
3916	3	11871807803910	none	3845	73483ac0	512	224	0	3845
3917	4	11871821034770	none	3846	73483ac0	512	224	0	3846
3918	5	11871838598310	none	3847	73483ac0	512	224	0	3847
3919	6	11871856162560	none	3848	e1df8944	512	224	0	3848
3920	7	11871873418670	none	3849	c8bed34f	512	224	0	3849
3921	0	11871890667450	none	3850	c8bed34f	512	224	0	3850
3922	1	11871907910470	none	3851	c8bed34f	512	224	0	3851
3923	2	11871921146830	none	3852	c8bed34f	512	224	0	3852
3924	3	11871938596700	none	3853	c8bed34f	512	224	0	3853
3925	4	11871956030920	none	3854	c8bed34f	512	224	0	3854
3926	5	11871973483590	none	3855	2ffa21ce	512	224	0	3855
3927	6	11871990954710	none	3856	c8bed34f	512	224	0	3856
3928	7	11872004849190	none	3857	c8bed34f	512	224	0	3857
3929	0	11872022608630	none	3858	c8bed34f	512	224	0	3858
3930	1	11872040104740	none	3859	c8bed34f	512	224	0	3859
3931	2	11872057680140	none	3860	c8bed34f	512	224	0	3860
3932	3	11872070987900	none	3861	ca4c9f0a	512	224	0	3861
3933	4	11872088259360	none	3862	ca4c9f0a	512	224	0	3862
3934	5	11872105551000	none	3863	2d086d8b	512	224	0	3863
3935	6	11872122793450	none	3864	2ffa21ce	512	224	0	3864
3936	7	11872140007420	none	3865	98fddf83	512	224	0	3865
3937	0	11872157394060	none	3866	98fddf83	512	224	0	3866
3938	1	11872170591750	none	3867	c8bed34f	512	224	0	3867
3939	2	11872187923360	none	3868	c8bed34f	512	224	0	3868
3940	3	11872205166260	none	3869	c8bed34f	512	224	0	3869
3941	4	11872222404250	none	3870	c8bed34f	512	224	0	3870
3942	5	11872239648450	none	3871	c8bed34f	512	224	0	3871
3943	6	11872256881900	none	3872	c8bed34f	512	224	0	3872
3944	7	11872270109680	none	3873	c8bed34f	512	224	0	3873
3945	0	11872287473000	none	3874	c8bed34f	512	224	0	3874
3946	1	11872304705990	none	3875	c8bed34f	512	224	0	3875
3947	2	11872321973220	none	3876	ca4c9f0a	512	224	0	3876
3948	3	11872339259070	none	3877	c8bed34f	512	224	0	3877
3949	4	11872356508540	none	3878	c8bed34f	512	224	0	3878
3950	5	11872373736440	none	3879	c8bed34f	512	224	0	3879
3951	6	11872386939540	none	3880	c8bed34f	512	224	0	3880
3952	7	11872404183860	none	3881	c8bed34f	512	224	0	3881
3953	0	11872421430980	none	3882	c8bed34f	512	224	0	3882
3954	1	11872438692520	none	3883	ca4c9f0a	512	224	0	3883
3955	2	11872455935210	none	3884	ca4c9f0a	512	224	0	3884
3956	3	11872473190220	none	3885	2f1159c4	512	224	0	3885
3957	4	11872486413840	none	3886	ff9a24aa	512	224	0	3886
3958	5	11872503649610	none	3887	489ddae7	512	224	0	3887
3959	6	11872520860110	none	3888	489ddae7	512	224	0	3888
3960	7	11872538100860	none	3889	73483ac0	512	224	0	3889
3961	0	11872555351460	none	3890	73483ac0	512	224	0	3890
3962	1	11872572570800	none	3891	73483ac0	512	224	0	3891
3963	2	11872589911960	none	3892	e1df8944	512	224	0	3892
3964	3	11872603136320	none	3893	c8bed34f	512	224	0	3893
3965	4	11872620373990	none	3894	c8bed34f	512	224	0	3894
3966	5	11872637618600	none	3895	c8bed34f	512	224	0	3895
3967	6	11872654851580	none	3896	c8bed34f	512	224	0	3896
3968	7	11872672131100	none	3897	c8bed34f	512	224	0	3897
3969	0	11872689373270	none	3898	ca4c9f0a	512	224	0	3898
3970	1	11872702650070	none	3899	c8bed34f	512	224	0	3899
3971	2	11872720035470	none	3900	2ffa21ce	512	224	0	3900
3972	3	11872737292670	none	3901	c8bed34f	512	224	0	3901
3973	4	11872754565190	none	3902	c8bed34f	512	224	0	3902
3974	5	11872771804040	none	3903	c8bed34f	512	224	0	3903
3975	6	11872789032450	none	3904	c8bed34f	512	224	0	3904
3976	7	11872806398690	none	3905	c8bed34f	512	224	0	3905
3977	0	11872819609660	none	3906	ca4c9f0a	512	224	0	3906
3978	1	11872836982020	none	3907	ca4c9f0a	512	224	0	3907
3979	2	11872854254260	none	3908	2f1159c4	512	224	0	3908
3980	3	11872871483010	none	3909	fd8310e5	512	224	0	3909
3981	4	11872888680730	none	3910	3d49aea8	512	224	0	3910
3982	5	11872905981000	none	3911	3d49aea8	512	224	0	3911
3983	6	11872919204370	none	3912	73483ac0	512	224	0	3912
3984	7	11872936458450	none	3913	73483ac0	512	224	0	3913
3985	0	11872953686430	none	3914	73483ac0	512	224	0	3914
3986	1	11872971103430	none	3915	e1df8944	512	224	0	3915
3987	2	11872988361410	none	3916	c8bed34f	512	224	0	3916
3988	3	11873005679910	none	3917	c8bed34f	512	224	0	3917
3989	4	11873018934700	none	3918	c8bed34f	512	224	0	3918
3990	5	11873036261870	none	3919	c8bed34f	512	224	0	3919
3991	6	11873053515500	none	3920	18ded62b	512	224	0	3920
3992	7	11873070766700	none	3921	1a2c9a6e	512	224	0	3921
3993	0	11873087996800	none	3922	18ded62b	512	224	0	3922
3994	1	11873105351010	none	3923	c8bed34f	512	224	0	3923
3995	2	11873118628090	none	3924	c8bed34f	512	224	0	3924
3996	3	11873136089110	none	3925	c8bed34f	512	224	0	3925
3997	4	11873153348950	none	3926	c8bed34f	512	224	0	3926
3998	5	11873170592340	none	3927	c8bed34f	512	224	0	3927
3999	6	11873187823120	none	3928	ca4c9f0a	512	224	0	3928
4000	7	11873205206930	none	3929	c8bed34f	512	224	0	3929
4001	0	11873218434480	none	3930	2ffa21ce	512	224	0	3930
4002	1	11873235650690	none	3931	ff9a24aa	512	224	0	3931
4003	2	11873252975600	none	3932	489ddae7	512	224	0	3932
4004	3	11873270263740	none	3933	489ddae7	512	224	0	3933
4005	4	11873287518860	none	3934	73483ac0	512	224	0	3934
4006	5	11873304811390	none	3935	73483ac0	512	224	0	3935
4007	6	11873322030930	none	3936	71ba7685	512	224	0	3936
4008	7	11873335242380	none	3937	e1df8944	512	224	0	3937
4009	0	11873352561500	none	3938	c8bed34f	512	224	0	3938
4010	1	11873369824170	none	3939	c8bed34f	512	224	0	3939
4011	2	11873387086130	none	3940	c8bed34f	512	224	0	3940
4012	3	11873404436020	none	3941	c8bed34f	512	224	0	3941
4013	4	11873421755190	none	3942	c8bed34f	512	224	0	3942
4014	5	11873434945800	none	3943	ca4c9f0a	512	224	0	3943
4015	6	11873452243790	none	3944	c8bed34f	512	224	0	3944
4016	7	11873469512000	none	3945	2ffa21ce	512	224	0	3945
4017	0	11873486776510	none	3946	c8bed34f	512	224	0	3946
4018	1	11873504167020	none	3947	c8bed34f	512	224	0	3947
4019	2	11873521417710	none	3948	c8bed34f	512	224	0	3948
4020	3	11873534600440	none	3949	c8bed34f	512	224	0	3949
4021	4	11873551952620	none	3950	c8bed34f	512	224	0	3950
4022	5	11873569237920	none	3951	ca4c9f0a	512	224	0	3951
4023	6	11873586511120	none	3952	2d086d8b	512	224	0	3952
4024	7	11873603835580	none	3953	2d086d8b	512	224	0	3953
4025	0	11873621075600	none	3954	98fddf83	512	224	0	3954
4026	1	11873638368100	none	3955	98fddf83	512	224	0	3955
4027	2	11873651662570	none	3956	c8bed34f	512	224	0	3956
4028	3	11873669085100	none	3957	c8bed34f	512	224	0	3957
4029	4	11873686374990	none	3958	c8bed34f	512	224	0	3958
4030	5	11873703697680	none	3959	c8bed34f	512	224	0	3959
4031	6	11873720969570	none	3960	c8bed34f	512	224	0	3960
4032	7	11873738220280	none	3961	c8bed34f	512	224	0	3961
4033	0	11873751420110	none	3962	c8bed34f	512	224	0	3962
4034	1	11873768635230	none	3963	c8bed34f	512	224	0	3963
4035	2	11873785948640	none	3964	c8bed34f	512	224	0	3964
4036	3	11873803391870	none	3965	ca4c9f0a	512	224	0	3965
4037	4	11873820637400	none	3966	c8bed34f	512	224	0	3966
4038	5	11873837896080	none	3967	c8bed34f	512	224	0	3967
4039	6	11873851124780	none	3968	c8bed34f	512	224	0	3968
4040	7	11873868364730	none	3969	c8bed34f	512	224	0	3969
4041	0	11873885581520	none	3970	c8bed34f	512	224	0	3970
4042	1	11873902949640	none	3971	c8bed34f	512	224	0	3971
4043	2	11873920261640	none	3972	c8bed34f	512	224	0	3972
4044	3	11873937505990	none	3973	ca4c9f0a	512	224	0	3973
4045	4	11873950704130	none	3974	ca4c9f0a	512	224	0	3974
4046	5	11873967926240	none	3975	2d086d8b	512	224	0	3975
4047	6	11873985176560	none	3976	ff9a24aa	512	224	0	3976
4048	7	11874002638810	none	3977	489ddae7	512	224	0	3977
4049	0	11874019955310	none	3978	489ddae7	512	224	0	3978
4050	1	11874037204560	none	3979	73483ac0	512	224	0	3979
4051	2	11874050432970	none	3980	73483ac0	512	224	0	3980
4052	3	11874067649150	none	3981	73483ac0	512	224	0	3981
4053	4	11874084906920	none	3982	e1df8944	512	224	0	3982
4054	5	11874102298400	none	3983	c8bed34f	512	224	0	3983
4055	6	11874119603370	none	3984	c8bed34f	512	224	0	3984
4056	7	11874136854780	none	3985	c8bed34f	512	224	0	3985
4057	0	11874154113980	none	3986	c8bed34f	512	224	0	3986
4058	1	11874167391870	none	3987	c8bed34f	512	224	0	3987
4059	2	11874185059870	none	3988	ca4c9f0a	512	224	0	3988
4060	3	11874202538650	none	3989	c8bed34f	512	224	0	3989
4061	4	11874220004710	none	3990	c8bed34f	512	224	0	3990
4062	5	11874237281250	none	3991	c8bed34f	512	224	0	3991
4063	6	11874250484920	none	3992	c8bed34f	512	224	0	3992
4064	7	11874267691790	none	3993	c8bed34f	512	224	0	3993
4065	0	11874284935430	none	3994	c8bed34f	512	224	0	3994
4066	1	11874302313230	none	3995	ca4c9f0a	512	224	0	3995
4067	2	11874319591420	none	3996	ca4c9f0a	512	224	0	3996
4068	3	11874336820730	none	3997	2d086d8b	512	224	0	3997
4069	4	11874350046020	none	3998	2ffa21ce	512	224	0	3998
4070	5	11874367302920	none	3999	98fddf83	512	224	0	3999
4071	6	11874384524580	none	4000	98fddf83	512	224	0	4000
4072	7	11874401815880	none	4001	c8bed34f	512	224	0	4001
4073	0	11874419069370	none	4002	c8bed34f	512	224	0	4002
4074	1	11874436346690	none	4003	c8bed34f	512	224	0	4003
4075	2	11874453622990	none	4004	c8bed34f	512	224	0	4004
4076	3	11874466855640	none	4005	c8bed34f	512	224	0	4005
4077	4	11874484103700	none	4006	c8bed34f	512	224	0	4006
4078	5	11874501439580	none	4007	c8bed34f	512	224	0	4007
4079	6	11874518662400	none	4008	c8bed34f	512	224	0	4008
4080	7	11874535979960	none	4009	c8bed34f	512	224	0	4009
4081	0	11874553291420	none	4010	c8bed34f	512	224	0	4010
4082	1	11874566487800	none	4011	c8bed34f	512	224	0	4011
4083	2	11874583698570	none	4012	2ffa21ce	512	224	0	4012
4084	3	11874600939960	none	4013	c8bed34f	512	224	0	4013
4085	4	11874618210250	none	4014	c8bed34f	512	224	0	4014
4086	5	11874635447860	none	4015	c8bed34f	512	224	0	4015
4087	6	11874652761710	none	4016	c8bed34f	512	224	0	4016
4088	7	11874670009310	none	4017	c8bed34f	512	224	0	4017
4089	0	11874683223190	none	4018	ca4c9f0a	512	224	0	4018
4090	1	11874700456340	none	4019	2f1159c4	512	224	0	4019
4091	2	11874717723640	none	4020	ca4c9f0a	512	224	0	4020
4092	3	11874734962020	none	4021	c8bed34f	512	224	0	4021
4093	4	11874752233680	none	4022	c8bed34f	512	224	0	4022
4094	5	11874769518320	none	4023	c8bed34f	512	224	0	4023
4095	6	11874782717230	none	4024	c8bed34f	512	224	0	4024
4096	7	11874799915710	none	4025	c8bed34f	512	224	0	4025
4097	0	11874817173270	none	4026	c8bed34f	512	224	0	4026
4098	1	11874834416190	none	4027	c8bed34f	512	224	0	4027
4099	2	11874851641480	none	4028	c8bed34f	512	224	0	4028
4100	3	11874868887920	none	4029	c8bed34f	512	224	0	4029
4101	4	11874886193220	none	4030	c8bed34f	512	224	0	4030
4102	5	11874899462570	none	4031	c8bed34f	512	224	0	4031
4103	6	11874916683260	none	4032	ca4c9f0a	512	224	0	4032
4104	7	11874933919940	none	4033	c8bed34f	512	224	0	4033
4105	0	11874951217800	none	4034	2ffa21ce	512	224	0	4034
4106	1	11874968478720	none	4035	c8bed34f	512	224	0	4035
4107	2	11874985752600	none	4036	c8bed34f	512	224	0	4036
4108	3	11874999003150	none	4037	c8bed34f	512	224	0	4037
4109	4	11875016249860	none	4038	c8bed34f	512	224	0	4038
4110	5	11875033478510	none	4039	c8bed34f	512	224	0	4039
4111	6	11875050764630	none	4040	ca4c9f0a	512	224	0	4040
4112	7	11875067994090	none	4041	ca4c9f0a	512	224	0	4041
4113	0	11875085252840	none	4042	2d086d8b	512	224	0	4042
4114	1	11875102546910	none	4043	2ffa21ce	512	224	0	4043
4115	2	11875115771360	none	4044	98fddf83	512	224	0	4044
4116	3	11875132980570	none	4045	98fddf83	512	224	0	4045
4117	4	11875150218430	none	4046	c8bed34f	512	224	0	4046
4118	5	11875167482710	none	4047	c8bed34f	512	224	0	4047
4119	6	11875184689650	none	4048	c8bed34f	512	224	0	4048
4120	7	11875201927070	none	4049	c8bed34f	512	224	0	4049
4121	0	11875215303200	none	4050	c8bed34f	512	224	0	4050
4122	1	11875232521270	none	4051	c8bed34f	512	224	0	4051
4123	2	11875249837850	none	4052	c8bed34f	512	224	0	4052
4124	3	11875267105000	none	4053	c8bed34f	512	224	0	4053
4125	4	11875284350660	none	4054	c8bed34f	512	224	0	4054
4126	5	11875301576020	none	4055	ca4c9f0a	512	224	0	4055
4127	6	11875318806710	none	4056	c8bed34f	512	224	0	4056
4128	7	11875332071800	none	4057	c8bed34f	512	224	0	4057
4129	0	11875349457070	none	4058	c8bed34f	512	224	0	4058
4130	1	11875366675550	none	4059	c8bed34f	512	224	0	4059
4131	2	11875383910810	none	4060	c8bed34f	512	224	0	4060
4132	3	11875401168100	none	4061	c8bed34f	512	224	0	4061
4133	4	11875418396000	none	4062	ca4c9f0a	512	224	0	4062
4134	5	11875431557170	none	4063	ca4c9f0a	512	224	0	4063
4135	6	11875448756260	none	4064	2f1159c4	512	224	0	4064
4136	7	11875465975220	none	4065	ff9a24aa	512	224	0	4065
4137	0	11875483241540	none	4066	489ddae7	512	224	0	4066
4138	1	11875500482870	none	4067	489ddae7	512	224	0	4067
4139	2	11875517751360	none	4068	73483ac0	512	224	0	4068
4140	3	11875534999390	none	4069	73483ac0	512	224	0	4069
4141	4	11875548199670	none	4070	73483ac0	512	224	0	4070
4142	5	11875565430670	none	4071	e1df8944	512	224	0	4071
4143	6	11875582638980	none	4072	c8bed34f	512	224	0	4072
4144	7	11875600003880	none	4073	c8bed34f	512	224	0	4073
4145	0	11875617267920	none	4074	c8bed34f	512	224	0	4074
4146	1	11875634479030	none	4075	c8bed34f	512	224	0	4075
4147	2	11875651706890	none	4076	c8bed34f	512	224	0	4076
4148	3	11875664967030	none	4077	ca4c9f0a	512	224	0	4077
4149	4	11875682221810	none	4078	c8bed34f	512	224	0	4078
4150	5	11875699466640	none	4079	2ffa21ce	512	224	0	4079
4151	6	11875716722620	none	4080	c8bed34f	512	224	0	4080
4152	7	11875734117140	none	4081	c8bed34f	512	224	0	4081
4153	0	11875751383450	none	4082	c8bed34f	512	224	0	4082
4154	1	11875764623320	none	4083	c8bed34f	512	224	0	4083
4155	2	11875781911420	none	4084	c8bed34f	512	224	0	4084
4156	3	11875799181650	none	4085	ca4c9f0a	512	224	0	4085
4157	4	11875816435340	none	4086	ca4c9f0a	512	224	0	4086
4158	5	11875833670550	none	4087	2f1159c4	512	224	0	4087
4159	6	11875850906900	none	4088	fd8310e5	512	224	0	4088
4160	7	11875864240360	none	4089	3d49aea8	512	224	0	4089
4161	0	11875881481370	none	4090	3d49aea8	512	224	0	4090
4162	1	11875898767240	none	4091	73483ac0	512	224	0	4091
4163	2	11875915988960	none	4092	73483ac0	512	224	0	4092
4164	3	11875933233530	none	4093	73483ac0	512	224	0	4093
4165	4	11875950458460	none	4094	e1df8944	512	224	0	4094
4166	5	11875967784860	none	4095	c8bed34f	512	224	0	4095
4167	6	11875980973890	none	4096	c8bed34f	512	224	0	4096
4168	7	11875998220430	none	4097	c8bed34f	512	224	0	4097
4169	0	11876015441810	none	4098	c8bed34f	512	224	0	4098
4170	1	11876032663820	none	4099	18ded62b	512	224	0	4099
4171	2	11876049934540	none	4100	18ded62b	512	224	0	4100
4172	3	11876067304000	none	4101	18ded62b	512	224	0	4101
4173	4	11876080497300	none	4102	c8bed34f	512	224	0	4102
4174	5	11876097850390	none	4103	c8bed34f	512	224	0	4103
4175	6	11876115120880	none	4104	c8bed34f	512	224	0	4104
4176	7	11876132348060	none	4105	c8bed34f	512	224	0	4105
4177	0	11876149568330	none	4106	c8bed34f	512	224	0	4106
4178	1	11876166816340	none	4107	ca4c9f0a	512	224	0	4107
4179	2	11876184063970	none	4108	c8bed34f	512	224	0	4108
4180	3	11876197260230	none	4109	2ffa21ce	512	224	0	4109
4181	4	11876214495170	none	4110	ff9a24aa	512	224	0	4110
4182	5	11876231789850	none	4111	489ddae7	512	224	0	4111
4183	6	11876249033790	none	4112	489ddae7	512	224	0	4112
4184	7	11876266269120	none	4113	c2a19128	512	224	0	4113
4185	0	11876283499010	none	4114	c053dd6d	512	224	0	4114
4186	1	11876296736410	none	4115	73483ac0	512	224	0	4115
4187	2	11876313989100	none	4116	e1df8944	512	224	0	4116
4188	3	11876331234540	none	4117	c8bed34f	512	224	0	4117
4189	4	11876348467680	none	4118	c8bed34f	512	224	0	4118
4190	5	11876365698600	none	4119	c8bed34f	512	224	0	4119
4191	6	11876382905300	none	4120	c8bed34f	512	224	0	4120
4192	7	11876400175830	none	4121	c8bed34f	512	224	0	4121
4193	0	11876413393560	none	4122	ca4c9f0a	512	224	0	4122
4194	1	11876430607930	none	4123	c8bed34f	512	224	0	4123
4195	2	11876447980410	none	4124	c8bed34f	512	224	0	4124
4196	3	11876465216580	none	4125	c8bed34f	512	224	0	4125
4197	4	11876482471440	none	4126	c8bed34f	512	224	0	4126
4198	5	11876499702890	none	4127	c8bed34f	512	224	0	4127
4199	6	11876512996090	none	4128	c8bed34f	512	224	0	4128
4200	7	11876530241840	none	4129	ca4c9f0a	512	224	0	4129
4201	0	11876547482410	none	4130	ca4c9f0a	512	224	0	4130
4202	1	11876564723610	none	4131	2d086d8b	512	224	0	4131
4203	2	11876582108250	none	4132	2ffa21ce	512	224	0	4132
4204	3	11876599459610	none	4133	98fddf83	512	224	0	4133
4205	4	11876616784260	none	4134	98fddf83	512	224	0	4134
4206	5	11876629994780	none	4135	c8bed34f	512	224	0	4135
4207	6	11876647243690	none	4136	c8bed34f	512	224	0	4136
4208	7	11876664471860	none	4137	c8bed34f	512	224	0	4137
4209	0	11876681759340	none	4138	c8bed34f	512	224	0	4138
4210	1	11876698993530	none	4139	c8bed34f	512	224	0	4139
4211	2	11876716244360	none	4140	c8bed34f	512	224	0	4140
4212	3	11876729451090	none	4141	c8bed34f	512	224	0	4141
4213	4	11876746713220	none	4142	c8bed34f	512	224	0	4142
4214	5	11876763918110	none	4143	c8bed34f	512	224	0	4143
4215	6	11876781169570	none	4144	ca4c9f0a	512	224	0	4144
4216	7	11876798438780	none	4145	c8bed34f	512	224	0	4145
4217	0	11876815753350	none	4146	c8bed34f	512	224	0	4146
4218	1	11876832998740	none	4147	c8bed34f	512	224	0	4147
4219	2	11876846222130	none	4148	c8bed34f	512	224	0	4148
4220	3	11876863464990	none	4149	c8bed34f	512	224	0	4149
4221	4	11876880691760	none	4150	c8bed34f	512	224	0	4150
4222	5	11876897916850	none	4151	c8bed34f	512	224	0	4151
4223	6	11876915291800	none	4152	ca4c9f0a	512	224	0	4152
4224	7	11876932521300	none	4153	ca4c9f0a	512	224	0	4153
4225	0	11876945716490	none	4154	2d086d8b	512	224	0	4154
4226	1	11876962961410	none	4155	ff9a24aa	512	224	0	4155
4227	2	11876980213720	none	4156	489ddae7	512	224	0	4156
4228	3	11876997437850	none	4157	489ddae7	512	224	0	4157
4229	4	11877014655690	none	4158	73483ac0	512	224	0	4158
4230	5	11877031891660	none	4159	73483ac0	512	224	0	4159
4231	6	11877049155790	none	4160	73483ac0	512	224	0	4160
4232	7	11877062372650	none	4161	e1df8944	512	224	0	4161
4233	0	11877079588630	none	4162	c8bed34f	512	224	0	4162
4234	1	11877096859570	none	4163	c8bed34f	512	224	0	4163
4235	2	11877114277100	none	4164	c8bed34f	512	224	0	4164
4236	3	11877131516240	none	4165	c8bed34f	512	224	0	4165
4237	4	11877148733300	none	4166	c8bed34f	512	224	0	4166
4238	5	11877161963570	none	4167	c8bed34f	512	224	0	4167
4239	6	11877179214840	none	4168	2ffa21ce	512	224	0	4168
4240	7	11877196451480	none	4169	c8bed34f	512	224	0	4169
4241	0	11877213701710	none	4170	c8bed34f	512	224	0	4170
4242	1	11877230923120	none	4171	c8bed34f	512	224	0	4171
4243	2	11877248180750	none	4172	c8bed34f	512	224	0	4172
4244	3	11877265423160	none	4173	c8bed34f	512	224	0	4173
4245	4	11877278604680	none	4174	ca4c9f0a	512	224	0	4174
4246	5	11877295828630	none	4175	ca4c9f0a	512	224	0	4175
4247	6	11877313075320	none	4176	2d086d8b	512	224	0	4176
4248	7	11877330328220	none	4177	2ffa21ce	512	224	0	4177
4249	0	11877347541120	none	4178	98fddf83	512	224	0	4178
4250	1	11877364839130	none	4179	98fddf83	512	224	0	4179
4251	2	11877382215230	none	4180	c8bed34f	512	224	0	4180
4252	3	11877395414540	none	4181	c8bed34f	512	224	0	4181
4253	4	11877412628120	none	4182	c8bed34f	512	224	0	4182
4254	5	11877429879630	none	4183	c8bed34f	512	224	0	4183
4255	6	11877447136830	none	4184	c8bed34f	512	224	0	4184
4256	7	11877464381160	none	4185	c8bed34f	512	224	0	4185
4257	0	11877481602820	none	4186	c8bed34f	512	224	0	4186
4258	1	11877494805890	none	4187	c8bed34f	512	224	0	4187
4259	2	11877512067600	none	4188	c8bed34f	512	224	0	4188
4260	3	11877529299630	none	4189	c8bed34f	512	224	0	4189
4261	4	11877546518710	none	4190	c8bed34f	512	224	0	4190
4262	5	11877563858010	none	4191	c8bed34f	512	224	0	4191
4263	6	11877581125290	none	4192	c8bed34f	512	224	0	4192
4264	7	11877598439130	none	4193	c8bed34f	512	224	0	4193
4265	0	11877611640910	none	4194	c8bed34f	512	224	0	4194
4266	1	11877629078390	none	4195	c8bed34f	512	224	0	4195
4267	2	11877646333330	none	4196	ca4c9f0a	512	224	0	4196
4268	3	11877663709080	none	4197	ca4c9f0a	512	224	0	4197
4269	4	11877680957740	none	4198	2f1159c4	512	224	0	4198
4270	5	11877698198930	none	4199	ff9a24aa	512	224	0	4199
4271	6	11877711408990	none	4200	489ddae7	512	224	0	4200
4272	7	11877728634930	none	4201	489ddae7	512	224	0	4201
4273	0	11877745872660	none	4202	73483ac0	512	224	0	4202
4274	1	11877763306850	none	4203	73483ac0	512	224	0	4203
4275	2	11877780520170	none	4204	73483ac0	512	224	0	4204
4276	3	11877797761300	none	4205	e1df8944	512	224	0	4205
4277	4	11877811030180	none	4206	c8bed34f	512	224	0	4206
4278	5	11877828276020	none	4207	c8bed34f	512	224	0	4207
4279	6	11877845492840	none	4208	c8bed34f	512	224	0	4208
4280	7	11877862819960	none	4209	c8bed34f	512	224	0	4209
4281	0	11877880078250	none	4210	c8bed34f	512	224	0	4210
4282	1	11877897306830	none	4211	ca4c9f0a	512	224	0	4211
4283	2	11877914570120	none	4212	c8bed34f	512	224	0	4212
4284	3	11877927787190	none	4213	2ffa21ce	512	224	0	4213
4285	4	11877945015760	none	4214	c8bed34f	512	224	0	4214
4286	5	11877962371620	none	4215	c8bed34f	512	224	0	4215
4287	6	11877979593980	none	4216	c8bed34f	512	224	0	4216
4288	7	11877996841800	none	4217	c8bed34f	512	224	0	4217
4289	0	11878014109420	none	4218	c8bed34f	512	224	0	4218
4290	1	11878027304840	none	4219	ca4c9f0a	512	224	0	4219
4291	2	11878044527790	none	4220	ca4c9f0a	512	224	0	4220
4292	3	11878061747440	none	4221	2d086d8b	512	224	0	4221
4293	4	11878078989060	none	4222	2ffa21ce	512	224	0	4222
4294	5	11878096254340	none	4223	98fddf83	512	224	0	4223
4295	6	11878113492990	none	4224	98fddf83	512	224	0	4224
4296	7	11878130726620	none	4225	c8bed34f	512	224	0	4225
4297	0	11878144069930	none	4226	c8bed34f	512	224	0	4226
4298	1	11878161315610	none	4227	c8bed34f	512	224	0	4227
4299	2	11878178560410	none	4228	c8bed34f	512	224	0	4228
4300	3	11878195896670	none	4229	c8bed34f	512	224	0	4229
4301	4	11878213170670	none	4230	c8bed34f	512	224	0	4230
4302	5	11878230410120	none	4231	c8bed34f	512	224	0	4231
4303	6	11878243585270	none	4232	c8bed34f	512	224	0	4232
4304	7	11878260805160	none	4233	c8bed34f	512	224	0	4233
4305	0	11878278058890	none	4234	ca4c9f0a	512	224	0	4234
4306	1	11878295295290	none	4235	c8bed34f	512	224	0	4235
4307	2	11878312527420	none	4236	c8bed34f	512	224	0	4236
4308	3	11878329755340	none	4237	c8bed34f	512	224	0	4237
4309	4	11878347106810	none	4238	c8bed34f	512	224	0	4238
4310	5	11878360304260	none	4239	c8bed34f	512	224	0	4239
4311	6	11878377513540	none	4240	c8bed34f	512	224	0	4240
4312	7	11878394736350	none	4241	ca4c9f0a	512	224	0	4241
4313	0	11878412082940	none	4242	ca4c9f0a	512	224	0	4242
4314	1	11878429337640	none	4243	2f1159c4	512	224	0	4243
4315	2	11878446604130	none	4244	ff9a24aa	512	224	0	4244
4316	3	11878459822410	none	4245	489ddae7	512	224	0	4245
4317	4	11878477110360	none	4246	489ddae7	512	224	0	4246
4318	5	11878494390580	none	4247	73483ac0	512	224	0	4247
4319	6	11878511707100	none	4248	73483ac0	512	224	0	4248
4320	7	11878528949140	none	4249	73483ac0	512	224	0	4249
4321	0	11878546204100	none	4250	e1df8944	512	224	0	4250
4322	1	11878563444130	none	4251	c8bed34f	512	224	0	4251
4323	2	11878576647560	none	4252	c8bed34f	512	224	0	4252
4324	3	11878593890070	none	4253	c8bed34f	512	224	0	4253
4325	4	11878611209410	none	4254	c8bed34f	512	224	0	4254
4326	5	11878628446290	none	4255	c8bed34f	512	224	0	4255
4327	6	11878645676540	none	4256	ca4c9f0a	512	224	0	4256
4328	7	11878662924060	none	4257	c8bed34f	512	224	0	4257
4329	0	11878676246700	none	4258	2ffa21ce	512	224	0	4258
4330	1	11878693474180	none	4259	c8bed34f	512	224	0	4259
4331	2	11878710825070	none	4260	c8bed34f	512	224	0	4260
4332	3	11878728108300	none	4261	c8bed34f	512	224	0	4261
4333	4	11878745338200	none	4262	c8bed34f	512	224	0	4262
4334	5	11878762558090	none	4263	c8bed34f	512	224	0	4263
4335	6	11878779807410	none	4264	ca4c9f0a	512	224	0	4264
4336	7	11878793002120	none	4265	2f1159c4	512	224	0	4265
4337	0	11878810377600	none	4266	ff715ca0	512	224	0	4266
4338	1	11878827574430	none	4267	3d49aea8	512	224	0	4267
4339	2	11878844835060	none	4268	3d49aea8	512	224	0	4268
4340	3	11878862091140	none	4269	73483ac0	512	224	0	4269
4341	4	11878879321800	none	4270	73483ac0	512	224	0	4270
4342	5	11878892504000	none	4271	73483ac0	512	224	0	4271
4343	6	11878909727210	none	4272	e1df8944	512	224	0	4272
4344	7	11878926957610	none	4273	c8bed34f	512	224	0	4273
4345	0	11878944196620	none	4274	c8bed34f	512	224	0	4274
4346	1	11878961435240	none	4275	c8bed34f	512	224	0	4275
4347	2	11878978721740	none	4276	c8bed34f	512	224	0	4276
4348	3	11878995983230	none	4277	c8bed34f	512	224	0	4277
4349	4	11879009177390	none	4278	1a2c9a6e	512	224	0	4278
4350	5	11879026404910	none	4279	18ded62b	512	224	0	4279
4351	6	11879043655870	none	4280	18ded62b	512	224	0	4280
4352	7	11879061023570	none	4281	c8bed34f	512	224	0	4281
4353	0	11879078254480	none	4282	c8bed34f	512	224	0	4282
4354	1	11879095534350	none	4283	c8bed34f	512	224	0	4283
4355	2	11879108746110	none	4284	c8bed34f	512	224	0	4284
4356	3	11879126004600	none	4285	c8bed34f	512	224	0	4285
4357	4	11879143273570	none	4286	ca4c9f0a	512	224	0	4286
4358	5	11879160500780	none	4287	c8bed34f	512	224	0	4287
4359	6	11879177737960	none	4288	2ffa21ce	512	224	0	4288
4360	7	11879195105390	none	4289	ff9a24aa	512	224	0	4289
4361	0	11879212346280	none	4290	489ddae7	512	224	0	4290
4362	1	11879225738070	none	4291	489ddae7	512	224	0	4291
4363	2	11879243172240	none	4292	c2a19128	512	224	0	4292
4364	3	11879260516990	none	4293	c053dd6d	512	224	0	4293
4365	4	11879277856540	none	4294	73483ac0	512	224	0	4294
4366	5	11879295109030	none	4295	e1df8944	512	224	0	4295
4367	6	11879308371680	none	4296	c8bed34f	512	224	0	4296
4368	7	11879325585310	none	4297	c8bed34f	512	224	0	4297
4369	0	11879342886370	none	4298	c8bed34f	512	224	0	4298
4370	1	11879360160930	none	4299	c8bed34f	512	224	0	4299
4371	2	11879377403610	none	4300	c8bed34f	512	224	0	4300
4372	3	11879394645750	none	4301	ca4c9f0a	512	224	0	4301
4373	4	11879411887230	none	4302	c8bed34f	512	224	0	4302
4374	5	11879425105960	none	4303	c8bed34f	512	224	0	4303
4375	6	11879442339420	none	4304	c8bed34f	512	224	0	4304
4376	7	11879459566950	none	4305	c8bed34f	512	224	0	4305
4377	0	11879476833080	none	4306	c8bed34f	512	224	0	4306
4378	1	11879494115600	none	4307	c8bed34f	512	224	0	4307
4379	2	11879511383230	none	4308	ca4c9f0a	512	224	0	4308
4380	3	11879524716780	none	4309	ca4c9f0a	512	224	0	4309
4381	4	11879542015220	none	4310	2d086d8b	512	224	0	4310
4382	5	11879559275210	none	4311	2ffa21ce	512	224	0	4311
4383	6	11879576492970	none	4312	98fddf83	512	224	0	4312
4384	7	11879593816210	none	4313	98fddf83	512	224	0	4313
4385	0	11879611080430	none	4314	c8bed34f	512	224	0	4314
4386	1	11879628439090	none	4315	c8bed34f	512	224	0	4315
4387	2	11879641636830	none	4316	c8bed34f	512	224	0	4316
4388	3	11879658953180	none	4317	c8bed34f	512	224	0	4317
4389	4	11879676202180	none	4318	c8bed34f	512	224	0	4318
4390	5	11879693436270	none	4319	c8bed34f	512	224	0	4319
4391	6	11879710676100	none	4320	c8bed34f	512	224	0	4320
4392	7	11879727910650	none	4321	c8bed34f	512	224	0	4321
4393	0	11879741107050	none	4322	c8bed34f	512	224	0	4322
4394	1	11879758480090	none	4323	ca4c9f0a	512	224	0	4323
4395	2	11879775855510	none	4324	c8bed34f	512	224	0	4324
4396	3	11879793109160	none	4325	c8bed34f	512	224	0	4325
4397	4	11879810372540	none	4326	c8bed34f	512	224	0	4326
4398	5	11879827755470	none	4327	c8bed34f	512	224	0	4327
4399	6	11879840978720	none	4328	c8bed34f	512	224	0	4328
4400	7	11879858236810	none	4329	c8bed34f	512	224	0	4329
4401	0	11879875457280	none	4330	c8bed34f	512	224	0	4330
4402	1	11879892693510	none	4331	ca4c9f0a	512	224	0	4331
4403	2	11879909909150	none	4332	2f1159c4	512	224	0	4332
4404	3	11879927276770	none	4333	fd6868ef	512	224	0	4333
4405	4	11879944503420	none	4334	489ddae7	512	224	0	4334
4406	5	11879957687130	none	4335	489ddae7	512	224	0	4335
4407	6	11879974940960	none	4336	73483ac0	512	224	0	4336
4408	7	11879992172200	none	4337	73483ac0	512	224	0	4337
4409	0	11880009428590	none	4338	73483ac0	512	224	0	4338
4410	1	11880026667720	none	4339	e1df8944	512	224	0	4339
4411	2	11880043923450	none	4340	e1df8944	512	224	0	4340
4412	3	11880057120280	none	4341	c8bed34f	512	224	0	4341
4413	4	11880074354950	none	4342	c8bed34f	512	224	0	4342
4414	5	11880091589150	none	4343	c8bed34f	512	224	0	4343
4415	6	11880108827360	none	4344	c8bed34f	512	224	0	4344
4416	7	11880126085500	none	4345	c8bed34f	512	224	0	4345
4417	0	11880143308490	none	4346	c8bed34f	512	224	0	4346
4418	1	11880160544640	none	4347	2ffa21ce	512	224	0	4347
4419	2	11880173762910	none	4348	c8bed34f	512	224	0	4348
4420	3	11880191016480	none	4349	c8bed34f	512	224	0	4349
4421	4	11880208303680	none	4350	c8bed34f	512	224	0	4350
4422	5	11880225538630	none	4351	c8bed34f	512	224	0	4351
4423	6	11880242789640	none	4352	c8bed34f	512	224	0	4352
4424	7	11880260049200	none	4353	ca4c9f0a	512	224	0	4353
4425	0	11880277309840	none	4354	ca4c9f0a	512	224	0	4354
4426	1	11880290522420	none	4355	2d086d8b	512	224	0	4355
4427	2	11880307791960	none	4356	2ffa21ce	512	224	0	4356
4428	3	11880325055470	none	4357	98fddf83	512	224	0	4357
4429	4	11880342276530	none	4358	98fddf83	512	224	0	4358
4430	5	11880359509310	none	4359	c8bed34f	512	224	0	4359
4431	6	11880376860930	none	4360	c8bed34f	512	224	0	4360
4432	7	11880390081420	none	4361	c8bed34f	512	224	0	4361
4433	0	11880407331410	none	4362	c8bed34f	512	224	0	4362
4434	1	11880424542780	none	4363	c8bed34f	512	224	0	4363
4435	2	11880441806430	none	4364	c8bed34f	512	224	0	4364
4436	3	11880459052670	none	4365	c8bed34f	512	224	0	4365
4437	4	11880476392150	none	4366	c8bed34f	512	224	0	4366
4438	5	11880493631290	none	4367	c8bed34f	512	224	0	4367
4439	6	11880506800640	none	4368	c8bed34f	512	224	0	4368
4440	7	11880524054830	none	4369	c8bed34f	512	224	0	4369
4441	0	11880541296060	none	4370	c8bed34f	512	224	0	4370
4442	1	11880558541340	none	4371	c8bed34f	512	224	0	4371
4443	2	11880575865090	none	4372	c8bed34f	512	224	0	4372
4444	3	11880593117590	none	4373	c8bed34f	512	224	0	4373
4445	4	11880606318810	none	4374	c8bed34f	512	224	0	4374
4446	5	11880623551250	none	4375	ca4c9f0a	512	224	0	4375
4447	6	11880640817470	none	4376	ca4c9f0a	512	224	0	4376
4448	7	11880658128760	none	4377	2f1159c4	512	224	0	4377
4449	0	11880675472580	none	4378	c8bed34f	512	224	0	4378
4450	1	11880692702370	none	4379	c8bed34f	512	224	0	4379
4451	2	11880709947230	none	4380	c8bed34f	512	224	0	4380
4452	3	11880723167330	none	4381	c8bed34f	512	224	0	4381
4453	4	11880740397550	none	4382	c8bed34f	512	224	0	4382
4454	5	11880757639890	none	4383	c8bed34f	512	224	0	4383
4455	6	11880774855060	none	4384	c8bed34f	512	224	0	4384
4456	7	11880792146820	none	4385	c8bed34f	512	224	0	4385
4457	0	11880809391710	none	4386	c8bed34f	512	224	0	4386
4458	1	11880822583860	none	4387	c8bed34f	512	224	0	4387
4459	2	11880839843020	none	4388	c8bed34f	512	224	0	4388
4460	3	11880857216150	none	4389	c8bed34f	512	224	0	4389
4461	4	11880874443860	none	4390	ca4c9f0a	512	224	0	4390
4462	5	11880891676870	none	4391	c8bed34f	512	224	0	4391
4463	6	11880908955440	none	4392	2ffa21ce	512	224	0	4392
4464	7	11880926200520	none	4393	c8bed34f	512	224	0	4393
4465	0	11880939395540	none	4394	c8bed34f	512	224	0	4394
4466	1	11880956628360	none	4395	c8bed34f	512	224	0	4395
4467	2	11880973848540	none	4396	c8bed34f	512	224	0	4396
4468	3	11880991114600	none	4397	c8bed34f	512	224	0	4397
4469	4	11881008428410	none	4398	ca4c9f0a	512	224	0	4398
4470	5	11881025669860	none	4399	2d086d8b	512	224	0	4399
4471	6	11881038867090	none	4400	ca4c9f0a	512	224	0	4400
4472	7	11881056122550	none	4401	c8bed34f	512	224	0	4401
4473	0	11881073350130	none	4402	c8bed34f	512	224	0	4402
4474	1	11881090562320	none	4403	c8bed34f	512	224	0	4403
4475	2	11881107902130	none	4404	c8bed34f	512	224	0	4404
4476	3	11881125147350	none	4405	c8bed34f	512	224	0	4405
4477	4	11881142394380	none	4406	c8bed34f	512	224	0	4406
4478	5	11881155601870	none	4407	c8bed34f	512	224	0	4407
4479	6	11881172810600	none	4408	c8bed34f	512	224	0	4408
4480	7	11881190132180	none	4409	c8bed34f	512	224	0	4409
4481	0	11881207416160	none	4410	c8bed34f	512	224	0	4410
4482	1	11881224759390	none	4411	c8bed34f	512	224	0	4411
4483	2	11881242029790	none	4412	ca4c9f0a	512	224	0	4412
4484	3	11881255270740	none	4413	c8bed34f	512	224	0	4413
4485	4	11881272535320	none	4414	2ffa21ce	512	224	0	4414
4486	5	11881289781560	none	4415	c8bed34f	512	224	0	4415
4487	6	11881307045010	none	4416	c8bed34f	512	224	0	4416
4488	7	11881324361380	none	4417	c8bed34f	512	224	0	4417
4489	0	11881341608120	none	4418	c8bed34f	512	224	0	4418
4490	1	11881355024350	none	4419	c8bed34f	512	224	0	4419
4491	2	11881372303810	none	4420	ca4c9f0a	512	224	0	4420
4492	3	11881389514280	none	4421	ca4c9f0a	512	224	0	4421
4493	4	11881406763630	none	4422	2f1159c4	512	224	0	4422
4494	5	11881424113040	none	4423	fd8310e5	512	224	0	4423
4495	6	11881441351450	none	4424	3d49aea8	512	224	0	4424
4496	7	11881458601470	none	4425	489ddae7	512	224	0	4425
4497	0	11881471788680	none	4426	c52cbdd2	512	224	0	4426
4498	1	11881489100870	none	4427	c52cbdd2	512	224	0	4427
4499	2	11881506335220	none	4428	73483ac0	512	224	0	4428
4500	3	11881523680550	none	4429	e1df8944	512	224	0	4429
4501	4	11881540947170	none	4430	c8bed34f	512	224	0	4430
4502	5	11881558215660	none	4431	c8bed34f	512	224	0	4431
4503	6	11881571389610	none	4432	c8bed34f	512	224	0	4432
4504	7	11881588618540	none	4433	c8bed34f	512	224	0	4433
4505	0	11881605832340	none	4434	c8bed34f	512	224	0	4434
4506	1	11881623218690	none	4435	ca4c9f0a	512	224	0	4435
4507	2	11881640469380	none	4436	c8bed34f	512	224	0	4436
4508	3	11881657724270	none	4437	c8bed34f	512	224	0	4437
4509	4	11881674996700	none	4438	c8bed34f	512	224	0	4438
4510	5	11881688209020	none	4439	c8bed34f	512	224	0	4439
4511	6	11881705428110	none	4440	c8bed34f	512	224	0	4440
4512	7	11881722747220	none	4441	c8bed34f	512	224	0	4441
4513	0	11881740019030	none	4442	ca4c9f0a	512	224	0	4442
4514	1	11881757269930	none	4443	ca4c9f0a	512	224	0	4443
4515	2	11881774495460	none	4444	2f1159c4	512	224	0	4444
4516	3	11881787692690	none	4445	fd8310e5	512	224	0	4445
4517	4	11881804939180	none	4446	3d49aea8	512	224	0	4446
4518	5	11881822345810	none	4447	489ddae7	512	224	0	4447
4519	6	11881839592110	none	4448	c32d4cdb	512	224	0	4448
4520	7	11881856800180	none	4449	c32d4cdb	512	224	0	4449
4521	0	11881874059060	none	4450	73483ac0	512	224	0	4450
4522	1	11881891291840	none	4451	e1df8944	512	224	0	4451
4523	2	11881904483970	none	4452	c8bed34f	512	224	0	4452
4524	3	11881921838670	none	4453	c8bed34f	512	224	0	4453
4525	4	11881939088570	none	4454	c8bed34f	512	224	0	4454
4526	5	11881956347280	none	4455	c8bed34f	512	224	0	4455
4527	6	11881973632080	none	4456	c8bed34f	512	224	0	4456
4528	7	11881990846530	none	4457	ca4c9f0a	512	224	0	4457
4529	0	11882004069770	none	4458	c8bed34f	512	224	0	4458
4530	1	11882021308930	none	4459	2ffa21ce	512	224	0	4459
4531	2	11882038525840	none	4460	2ffa21ce	512	224	0	4460
4532	3	11882055764540	none	4461	98fddf83	512	224	0	4461
4533	4	11882073135050	none	4462	98fddf83	512	224	0	4462
4534	5	11882090383320	none	4463	caa7e700	512	224	0	4463
4535	6	11882107620490	none	4464	1ac7e264	512	224	0	4464
4536	7	11882120810460	none	4465	6ff8ee21	512	224	0	4465
4537	0	11882138059940	none	4466	6ff8ee21	512	224	0	4466
4538	1	11882155321740	none	4467	ca4c9f0a	512	224	0	4467
4539	2	11882172600340	none	4468	c8bed34f	512	224	0	4468
4540	3	11882189822770	none	4469	c8bed34f	512	224	0	4469
4541	4	11882207106160	none	4470	c8bed34f	512	224	0	4470
4542	5	11882220315810	none	4471	c8bed34f	512	224	0	4471
4543	6	11882237522210	none	4472	c8bed34f	512	224	0	4472
4544	7	11882254762670	none	4473	c8bed34f	512	224	0	4473
4545	0	11882272146640	none	4474	2ffa21ce	512	224	0	4474
4546	1	11882289375320	none	4475	c8bed34f	512	224	0	4475
4547	2	11882306611870	none	4476	c8bed34f	512	224	0	4476
4548	3	11882323839940	none	4477	c8bed34f	512	224	0	4477
4549	4	11882337187420	none	4478	c8bed34f	512	224	0	4478
4550	5	11882354405390	none	4479	c8bed34f	512	224	0	4479
4551	6	11882371729300	none	4480	c8bed34f	512	224	0	4480
4552	7	11882388990320	none	4481	2ffa21ce	512	224	0	4481
4553	0	11882406224830	none	4482	c8bed34f	512	224	0	4482
4554	1	11882423457030	none	4483	c8bed34f	512	224	0	4483
4555	2	11882436682690	none	4484	c8bed34f	512	224	0	4484
4556	3	11882453902710	none	4485	c8bed34f	512	224	0	4485
4557	4	11882471278480	none	4486	c8bed34f	512	224	0	4486
4558	5	11882488504000	none	4487	ca4c9f0a	512	224	0	4487
4559	6	11882505744680	none	4488	ca4c9f0a	512	224	0	4488
4560	7	11882523005550	none	4489	ca4c9f0a	512	224	0	4489
4561	0	11882540362450	none	4490	c8bed34f	512	224	0	4490
4562	1	11882553545700	none	4491	c8bed34f	512	224	0	4491
4563	2	11882570893050	none	4492	c8bed34f	512	224	0	4492
4564	3	11882588140220	none	4493	c8bed34f	512	224	0	4493
4565	4	11882605362860	none	4494	c8bed34f	512	224	0	4494
4566	5	11882622609030	none	4495	c8bed34f	512	224	0	4495
4567	6	11882639846260	none	4496	2ffa21ce	512	224	0	4496
4568	7	11882653045320	none	4497	c8bed34f	512	224	0	4497
4569	0	11882670419510	none	4498	c8bed34f	512	224	0	4498
4570	1	11882687646550	none	4499	c8bed34f	512	224	0	4499
4571	2	11882704905510	none	4500	c8bed34f	512	224	0	4500
4572	3	11882722159620	none	4501	c8bed34f	512	224	0	4501
4573	4	11882739408530	none	4502	ca4c9f0a	512	224	0	4502
4574	5	11882756640640	none	4503	c8bed34f	512	224	0	4503
4575	6	11882769861620	none	4504	c8bed34f	512	224	0	4504
4576	7	11882787112140	none	4505	c8bed34f	512	224	0	4505
4577	0	11882804336580	none	4506	c8bed34f	512	224	0	4506
4578	1	11882821667930	none	4507	c8bed34f	512	224	0	4507
4579	2	11882838893130	none	4508	c8bed34f	512	224	0	4508
4580	3	11882856141420	none	4509	ca4c9f0a	512	224	0	4509
4581	4	11882869339790	none	4510	ca4c9f0a	512	224	0	4510
4582	5	11882886588000	none	4511	2f1159c4	512	224	0	4511
4583	6	11882903801850	none	4512	fd8310e5	512	224	0	4512
4584	7	11882921060270	none	4513	3d49aea8	512	224	0	4513
4585	0	11882938304700	none	4514	489ddae7	512	224	0	4514
4586	1	11882955520770	none	4515	c52cbdd2	512	224	0	4515
4587	2	11882972903040	none	4516	c52cbdd2	512	224	0	4516
4588	3	11882986127830	none	4517	73483ac0	512	224	0	4517
4589	4	11883003359630	none	4518	e1df8944	512	224	0	4518
4590	5	11883020602210	none	4519	c8bed34f	512	224	0	4519
4591	6	11883037824830	none	4520	c8bed34f	512	224	0	4520
4592	7	11883055100570	none	4521	c8bed34f	512	224	0	4521
4593	0	11883072339200	none	4522	c8bed34f	512	224	0	4522
4594	1	11883085638900	none	4523	c8bed34f	512	224	0	4523
4595	2	11883102946790	none	4524	ca4c9f0a	512	224	0	4524
4596	3	11883120208180	none	4525	c8bed34f	512	224	0	4525
4597	4	11883137446890	none	4526	2ffa21ce	512	224	0	4526
4598	5	11883154690410	none	4527	c8bed34f	512	224	0	4527
4599	6	11883171927240	none	4528	c8bed34f	512	224	0	4528
4600	7	11883189290050	none	4529	c8bed34f	512	224	0	4529
4601	0	11883202480110	none	4530	c8bed34f	512	224	0	4530
4602	1	11883219771840	none	4531	c8bed34f	512	224	0	4531
4603	2	11883237062050	none	4532	ca4c9f0a	512	224	0	4532
4604	3	11883254286630	none	4533	ca4c9f0a	512	224	0	4533
4605	4	11883271517360	none	4534	ca4c9f0a	512	224	0	4534
4606	5	11883288842120	none	4535	c8bed34f	512	224	0	4535
4607	6	11883302051250	none	4536	c8bed34f	512	224	0	4536
4608	7	11883319395600	none	4537	c8bed34f	512	224	0	4537
4609	0	11883336719130	none	4538	c8bed34f	512	224	0	4538
4610	1	11883354098000	none	4539	c8bed34f	512	224	0	4539
4611	2	11883371331820	none	4540	c8bed34f	512	224	0	4540
4612	3	11883388646650	none	4541	2ffa21ce	512	224	0	4541
4613	4	11883401911870	none	4542	c8bed34f	512	224	0	4542
4614	5	11883419232030	none	4543	c8bed34f	512	224	0	4543
4615	6	11883436497560	none	4544	c8bed34f	512	224	0	4544
4616	7	11883453744140	none	4545	c8bed34f	512	224	0	4545
4617	0	11883470999210	none	4546	c8bed34f	512	224	0	4546
4618	1	11883488354620	none	4547	ca4c9f0a	512	224	0	4547
4619	2	11883501611890	none	4548	c8bed34f	512	224	0	4548
4620	3	11883518967180	none	4549	c8bed34f	512	224	0	4549
4621	4	11883536265340	none	4550	c8bed34f	512	224	0	4550
4622	5	11883553511220	none	4551	c8bed34f	512	224	0	4551
4623	6	11883570779220	none	4552	c8bed34f	512	224	0	4552
4624	7	11883588182340	none	4553	c8bed34f	512	224	0	4553
4625	0	11883601377820	none	4554	ca4c9f0a	512	224	0	4554
4626	1	11883618599990	none	4555	ca4c9f0a	512	224	0	4555
4627	2	11883635882630	none	4556	2f1159c4	512	224	0	4556
4628	3	11883653153980	none	4557	c8bed34f	512	224	0	4557
4629	4	11883670372080	none	4558	c8bed34f	512	224	0	4558
4630	5	11883687709520	none	4559	c8bed34f	512	224	0	4559
4631	6	11883704980590	none	4560	c8bed34f	512	224	0	4560
4632	7	11883718185480	none	4561	c8bed34f	512	224	0	4561
4633	0	11883735405490	none	4562	c8bed34f	512	224	0	4562
4634	1	11883752764190	none	4563	2ffa21ce	512	224	0	4563
4635	2	11883770076700	none	4564	c8bed34f	512	224	0	4564
4636	3	11883787419150	none	4565	c8bed34f	512	224	0	4565
4637	4	11883804642170	none	4566	c8bed34f	512	224	0	4566
4638	5	11883817830460	none	4567	c8bed34f	512	224	0	4567
4639	6	11883835093880	none	4568	c8bed34f	512	224	0	4568
4640	7	11883852324080	none	4569	ca4c9f0a	512	224	0	4569
4641	0	11883869623200	none	4570	c8bed34f	512	224	0	4570
4642	1	11883886878070	none	4571	c8bed34f	512	224	0	4571
4643	2	11883904147470	none	4572	c8bed34f	512	224	0	4572
4644	3	11883921380920	none	4573	c8bed34f	512	224	0	4573
4645	4	11883934596340	none	4574	c8bed34f	512	224	0	4574
4646	5	11883951819770	none	4575	c8bed34f	512	224	0	4575
4647	6	11883969114700	none	4576	ca4c9f0a	512	224	0	4576
4648	7	11883986487620	none	4577	ca4c9f0a	512	224	0	4577
4649	0	11884003741620	none	4578	2d086d8b	512	224	0	4578
4650	1	11884020996720	none	4579	c8bed34f	512	224	0	4579
4651	2	11884034228760	none	4580	c8bed34f	512	224	0	4580
4652	3	11884051661950	none	4581	c8bed34f	512	224	0	4581
4653	4	11884068887820	none	4582	c8bed34f	512	224	0	4582
4654	5	11884086315720	none	4583	c8bed34f	512	224	0	4583
4655	6	11884103556560	none	4584	c8bed34f	512	224	0	4584
4656	7	11884120779450	none	4585	c8bed34f	512	224	0	4585
4657	0	11884134029910	none	4586	c8bed34f	512	224	0	4586
4658	1	11884151271450	none	4587	c8bed34f	512	224	0	4587
4659	2	11884168489600	none	4588	c8bed34f	512	224	0	4588
4660	3	11884185788200	none	4589	c8bed34f	512	224	0	4589
4661	4	11884203072760	none	4590	c8bed34f	512	224	0	4590
4662	5	11884220325710	none	4591	ca4c9f0a	512	224	0	4591
4663	6	11884237588480	none	4592	c8bed34f	512	224	0	4592
4664	7	11884250790270	none	4593	2ffa21ce	512	224	0	4593
4665	0	11884268102310	none	4594	c8bed34f	512	224	0	4594
4666	1	11884285485680	none	4595	c8bed34f	512	224	0	4595
4667	2	11884303127100	none	4596	c8bed34f	512	224	0	4596
4668	3	11884320396400	none	4597	c8bed34f	512	224	0	4597
4669	4	11884333609800	none	4598	c8bed34f	512	224	0	4598
4670	5	11884350862560	none	4599	ca4c9f0a	512	224	0	4599
4671	6	11884368097890	none	4600	ca4c9f0a	512	224	0	4600
4672	7	11884385444860	none	4601	2f1159c4	512	224	0	4601
4673	0	11884402781920	none	4602	fd8310e5	512	224	0	4602
4674	1	11884420053100	none	4603	3d49aea8	512	224	0	4603
4675	2	11884433274990	none	4604	3d49aea8	512	224	0	4604
4676	3	11884450482750	none	4605	73483ac0	512	224	0	4605
4677	4	11884467744140	none	4606	73483ac0	512	224	0	4606
4678	5	11884485110370	none	4607	73483ac0	512	224	0	4607
4679	6	11884502327830	none	4608	e1df8944	512	224	0	4608
4680	7	11884519624640	none	4609	c8bed34f	512	224	0	4609
4681	0	11884537003700	none	4610	c8bed34f	512	224	0	4610
4682	1	11884550251850	none	4611	c8bed34f	512	224	0	4611
4683	2	11884567495740	none	4612	c8bed34f	512	224	0	4612
4684	3	11884584785710	none	4613	c8bed34f	512	224	0	4613
4685	4	11884602026590	none	4614	ca4c9f0a	512	224	0	4614
4686	5	11884619338460	none	4615	c8bed34f	512	224	0	4615
4687	6	11884636601080	none	4616	c8bed34f	512	224	0	4616
4688	7	11884649803410	none	4617	c8bed34f	512	224	0	4617
4689	0	11884667055360	none	4618	c8bed34f	512	224	0	4618
4690	1	11884684280560	none	4619	c8bed34f	512	224	0	4619
4691	2	11884701492890	none	4620	c8bed34f	512	224	0	4620
4692	3	11884718740620	none	4621	ca4c9f0a	512	224	0	4621
4693	4	11884736112310	none	4622	ca4c9f0a	512	224	0	4622
4694	5	11884753347900	none	4623	2f1159c4	512	224	0	4623
4695	6	11884766571010	none	4624	fd8310e5	512	224	0	4624
4696	7	11884783786260	none	4625	3d49aea8	512	224	0	4625
4697	0	11884801051100	none	4626	3d49aea8	512	224	0	4626
4698	1	11884818287220	none	4627	73483ac0	512	224	0	4627
4699	2	11884835559370	none	4628	73483ac0	512	224	0	4628
4700	3	11884852928350	none	4629	73483ac0	512	224	0	4629
4701	4	11884866132830	none	4630	e1df8944	512	224	0	4630
4702	5	11884883359830	none	4631	c8bed34f	512	224	0	4631
4703	6	11884900577190	none	4632	c8bed34f	512	224	0	4632
4704	7	11884917877940	none	4633	c8bed34f	512	224	0	4633
4705	0	11884935141800	none	4634	c8bed34f	512	224	0	4634
4706	1	11884952359960	none	4635	c8bed34f	512	224	0	4635
4707	2	11884969651120	none	4636	ca4c9f0a	512	224	0	4636
4708	3	11884982894570	none	4637	c8bed34f	512	224	0	4637
4709	4	11885000131210	none	4638	2ffa21ce	512	224	0	4638
4710	5	11885017372700	none	4639	2ffa21ce	512	224	0	4639
4711	6	11885034725820	none	4640	98fddf83	512	224	0	4640
4712	7	11885051995210	none	4641	98fddf83	512	224	0	4641
4713	0	11885069310780	none	4642	caa7e700	512	224	0	4642
4714	1	11885082538570	none	4643	1835ae21	512	224	0	4643
4715	2	11885099803770	none	4644	6ff8ee21	512	224	0	4644
4716	3	11885117194510	none	4645	6ff8ee21	512	224	0	4645
4717	4	11885134435550	none	4646	c8bed34f	512	224	0	4646
4718	5	11885151692320	none	4647	c8bed34f	512	224	0	4647
4719	6	11885169069740	none	4648	c8bed34f	512	224	0	4648
4720	7	11885182298560	none	4649	c8bed34f	512	224	0	4649
4721	0	11885199501520	none	4650	c8bed34f	512	224	0	4650
4722	1	11885216727530	none	4651	c8bed34f	512	224	0	4651
4723	2	11885234051720	none	4652	c8bed34f	512	224	0	4652
4724	3	11885251308870	none	4653	c8bed34f	512	224	0	4653
4725	4	11885268539700	none	4654	c8bed34f	512	224	0	4654
4726	5	11885285836120	none	4655	c8bed34f	512	224	0	4655
4727	6	11885299197370	none	4656	c8bed34f	512	224	0	4656
4728	7	11885316435700	none	4657	c8bed34f	512	224	0	4657
4729	0	11885333755750	none	4658	ca4c9f0a	512	224	0	4658
4730	1	11885351038710	none	4659	c8bed34f	512	224	0	4659
4731	2	11885368321700	none	4660	2ffa21ce	512	224	0	4660
4732	3	11885385692130	none	4661	c8bed34f	512	224	0	4661
4733	4	11885399386130	none	4662	c8bed34f	512	224	0	4662
4734	5	11885416923170	none	4663	c8bed34f	512	224	0	4663
4735	6	11885434242650	none	4664	c8bed34f	512	224	0	4664
4736	7	11885451947520	none	4665	c8bed34f	512	224	0	4665
4737	0	11885465328320	none	4666	ca4c9f0a	512	224	0	4666
4738	1	11885482627390	none	4667	ca4c9f0a	512	224	0	4667
4739	2	11885500020770	none	4668	ca4c9f0a	512	224	0	4668
4740	3	11885517299750	none	4669	c8bed34f	512	224	0	4669
4741	4	11885534599240	none	4670	c8bed34f	512	224	0	4670
4742	5	11885551849780	none	4671	c8bed34f	512	224	0	4671
4743	6	11885565139280	none	4672	c8bed34f	512	224	0	4672
4744	7	11885582630990	none	4673	c8bed34f	512	224	0	4673
4745	0	11885600357350	none	4674	c8bed34f	512	224	0	4674
4746	1	11885617714240	none	4675	2ffa21ce	512	224	0	4675
4747	2	11885635131490	none	4676	c8bed34f	512	224	0	4676
4748	3	11885648677340	none	4677	c8bed34f	512	224	0	4677
4749	4	11885666134080	none	4678	c8bed34f	512	224	0	4678
4750	5	11885683570930	none	4679	c8bed34f	512	224	0	4679
4751	6	11885701004170	none	4680	c8bed34f	512	224	0	4680
4752	7	11885714555410	none	4681	ca4c9f0a	512	224	0	4681
4753	0	11885732221050	none	4682	c8bed34f	512	224	0	4682
4754	1	11885749436030	none	4683	c8bed34f	512	224	0	4683
4755	2	11885766672800	none	4684	c8bed34f	512	224	0	4684
4756	3	11885784000330	none	4685	c8bed34f	512	224	0	4685
4757	4	11885801240710	none	4686	c8bed34f	512	224	0	4686
4758	5	11885814421310	none	4687	c8bed34f	512	224	0	4687
4759	6	11885831663130	none	4688	ca4c9f0a	512	224	0	4688
4760	7	11885848909980	none	4689	ca4c9f0a	512	224	0	4689
4761	0	11885866150700	none	4690	2f1159c4	512	224	0	4690
4762	1	11885883371660	none	4691	fd8310e5	512	224	0	4691
4763	2	11885900646710	none	4692	3d49aea8	512	224	0	4692
4764	3	11885918034770	none	4693	3d49aea8	512	224	0	4693
4765	4	11885931236970	none	4694	73483ac0	512	224	0	4694
4766	5	11885948461650	none	4695	73483ac0	512	224	0	4695
4767	6	11885965695050	none	4696	73483ac0	512	224	0	4696
4768	7	11885983002960	none	4697	e1df8944	512	224	0	4697
4769	0	11886000221760	none	4698	c8bed34f	512	224	0	4698
4770	1	11886017446960	none	4699	c8bed34f	512	224	0	4699
4771	2	11886030628550	none	4700	c8bed34f	512	224	0	4700
4772	3	11886047852760	none	4701	c8bed34f	512	224	0	4701
4773	4	11886065114580	none	4702	c8bed34f	512	224	0	4702
4774	5	11886082342750	none	4703	ca4c9f0a	512	224	0	4703
4775	6	11886099590980	none	4704	c8bed34f	512	224	0	4704
4776	7	11886116838790	none	4705	2ffa21ce	512	224	0	4705
4777	0	11886134101540	none	4706	c8bed34f	512	224	0	4706
4778	1	11886147425610	none	4707	c8bed34f	512	224	0	4707
4779	2	11886164661540	none	4708	c8bed34f	512	224	0	4708
4780	3	11886182019170	none	4709	c8bed34f	512	224	0	4709
4781	4	11886199251620	none	4710	c8bed34f	512	224	0	4710
4782	5	11886216467760	none	4711	ca4c9f0a	512	224	0	4711
4783	6	11886233704180	none	4712	2d086d8b	512	224	0	4712
4784	7	11886246930140	none	4713	ca4c9f0a	512	224	0	4713
4785	0	11886264160070	none	4714	c8bed34f	512	224	0	4714
4786	1	11886281508980	none	4715	c8bed34f	512	224	0	4715
4787	2	11886298687240	none	4716	c8bed34f	512	224	0	4716
4788	3	11886315921680	none	4717	c8bed34f	512	224	0	4717
4789	4	11886333159140	none	4718	c8bed34f	512	224	0	4718
4790	5	11886350478490	none	4719	c8bed34f	512	224	0	4719
4791	6	11886363692250	none	4720	c8bed34f	512	224	0	4720
4792	7	11886381037040	none	4721	c8bed34f	512	224	0	4721
4793	0	11886398265040	none	4722	c8bed34f	512	224	0	4722
4794	1	11886415460660	none	4723	c8bed34f	512	224	0	4723
4795	2	11886432710700	none	4724	c8bed34f	512	224	0	4724
4796	3	11886450081370	none	4725	ca4c9f0a	512	224	0	4725
4797	4	11886463272400	none	4726	c8bed34f	512	224	0	4726
4798	5	11886480592660	none	4727	2ffa21ce	512	224	0	4727
4799	6	11886497923930	none	4728	c8bed34f	512	224	0	4728
4800	7	11886515156230	none	4729	c8bed34f	512	224	0	4729
4801	0	11886532375980	none	4730	c8bed34f	512	224	0	4730
4802	1	11886549603840	none	4731	c8bed34f	512	224	0	4731
4803	2	11886566834640	none	4732	c8bed34f	512	224	0	4732
4804	3	11886580048950	none	4733	ca4c9f0a	512	224	0	4733
4805	4	11886597270500	none	4734	ca4c9f0a	512	224	0	4734
4806	5	11886614508210	none	4735	ca4c9f0a	512	224	0	4735
4807	6	11886631763770	none	4736	c8bed34f	512	224	0	4736
4808	7	11886649022440	none	4737	c8bed34f	512	224	0	4737
4809	0	11886666268870	none	4738	c8bed34f	512	224	0	4738
4810	1	11886683544520	none	4739	c8bed34f	512	224	0	4739
4811	2	11886696865440	none	4740	c8bed34f	512	224	0	4740
4812	3	11886714116600	none	4741	c8bed34f	512	224	0	4741
4813	4	11886731371420	none	4742	2ffa21ce	512	224	0	4742
4814	5	11886748598270	none	4743	c8bed34f	512	224	0	4743
4815	6	11886765809750	none	4744	c8bed34f	512	224	0	4744
4816	7	11886783065740	none	4745	c8bed34f	512	224	0	4745
4817	0	11886796270220	none	4746	c8bed34f	512	224	0	4746
4818	1	11886813573350	none	4747	c8bed34f	512	224	0	4747
4819	2	11886830786460	none	4748	ca4c9f0a	512	224	0	4748
4820	3	11886848031980	none	4749	c8bed34f	512	224	0	4749
4821	4	11886865276370	none	4750	c8bed34f	512	224	0	4750
4822	5	11886882504130	none	4751	c8bed34f	512	224	0	4751
4823	6	11886899812000	none	4752	c8bed34f	512	224	0	4752
4824	7	11886913036880	none	4753	c8bed34f	512	224	0	4753
4825	0	11886930267070	none	4754	c8bed34f	512	224	0	4754
4826	1	11886947491620	none	4755	ca4c9f0a	512	224	0	4755
4827	2	11886964709520	none	4756	c8bed34f	512	224	0	4756
4828	3	11886981963520	none	4757	2ffa21ce	512	224	0	4757
4829	4	11886999307200	none	4758	ff9a24aa	512	224	0	4758
4830	5	11887012494670	none	4759	489ddae7	512	224	0	4759
4831	6	11887029823950	none	4760	489ddae7	512	224	0	4760
4832	7	11887047056100	none	4761	c52cbdd2	512	224	0	4761
4833	0	11887064299780	none	4762	c52cbdd2	512	224	0	4762
4834	1	11887081536370	none	4763	73483ac0	512	224	0	4763
4835	2	11887098739300	none	4764	e1df8944	512	224	0	4764
4836	3	11887116001090	none	4765	e1df8944	512	224	0	4765
4837	4	11887129186600	none	4766	e1df8944	512	224	0	4766
4838	5	11887146393850	none	4767	e1df8944	512	224	0	4767
4839	6	11887163624300	none	4768	e1df8944	512	224	0	4768
4840	7	11887180865960	none	4769	e1df8944	512	224	0	4769
4841	0	11887198225550	none	4770	e1df8944	512	224	0	4770
4842	1	11887215431910	none	4771	e1df8944	512	224	0	4771
4843	2	11887228639250	none	4772	e1df8944	512	224	0	4772
4844	3	11887245955150	none	4773	c8bed34f	512	224	0	4773
4845	4	11887263187100	none	4774	c8bed34f	512	224	0	4774
4846	5	11887280389350	none	4775	c8bed34f	512	224	0	4775
4847	6	11887297653160	none	4776	c8bed34f	512	224	0	4776
4848	7	11887314899510	none	4777	c8bed34f	512	224	0	4777
4849	0	11887332144210	none	4778	ca4c9f0a	512	224	0	4778
4850	1	11887345338220	none	4779	c8bed34f	512	224	0	4779
4851	2	11887362547470	none	4780	2ffa21ce	512	224	0	4780
4852	3	11887379780560	none	4781	ff9a24aa	512	224	0	4781
4853	4	11887397014540	none	4782	489ddae7	512	224	0	4782
4854	5	11887414264540	none	4783	489ddae7	512	224	0	4783
4855	6	11887431510150	none	4784	725dfc79	512	224	0	4784
4856	7	11887448825230	none	4785	725dfc79	512	224	0	4785
4857	0	11887462030150	none	4786	73483ac0	512	224	0	4786
4858	1	11887479270320	none	4787	e1df8944	512	224	0	4787
4859	2	11887496539680	none	4788	c8bed34f	512	224	0	4788
4860	3	11887514056830	none	4789	c8bed34f	512	224	0	4789
4861	4	11887531309350	none	4790	c8bed34f	512	224	0	4790
4862	5	11887548543910	none	4791	c8bed34f	512	224	0	4791
4863	6	11887561717690	none	4792	c8bed34f	512	224	0	4792
4864	7	11887578993060	none	4793	c8bed34f	512	224	0	4793
4865	0	11887596233410	none	4794	2ffa21ce	512	224	0	4794
4866	1	11887613460940	none	4795	c8bed34f	512	224	0	4795
4867	2	11887630691810	none	4796	c8bed34f	512	224	0	4796
4868	3	11887648017600	none	4797	c8bed34f	512	224	0	4797
4869	4	11887665266030	none	4798	c8bed34f	512	224	0	4798
4870	5	11887678426590	none	4799	c8bed34f	512	224	0	4799
4871	6	11887695669410	none	4800	ca4c9f0a	512	224	0	4800
4872	7	11887713036410	none	4801	c8bed34f	512	224	0	4801
4873	0	11887730299350	none	4802	2ffa21ce	512	224	0	4802
4874	1	11887747627790	none	4803	ff9a24aa	512	224	0	4803
4875	2	11887764950500	none	4804	489ddae7	512	224	0	4804
4876	3	11887778150960	none	4805	489ddae7	512	224	0	4805
4877	4	11887795384510	none	4806	c52cbdd2	512	224	0	4806
4878	5	11887812611220	none	4807	c52cbdd2	512	224	0	4807
4879	6	11887829841910	none	4808	73483ac0	512	224	0	4808
4880	7	11887847232250	none	4809	e1df8944	512	224	0	4809
4881	0	11887864517030	none	4810	e1df8944	512	224	0	4810
4882	1	11887877727680	none	4811	e1df8944	512	224	0	4811
4883	2	11887894998740	none	4812	e1df8944	512	224	0	4812
4884	3	11887912214730	none	4813	e1df8944	512	224	0	4813
4885	4	11887929419980	none	4814	e1df8944	512	224	0	4814
4886	5	11887946754690	none	4815	e1df8944	512	224	0	4815
4887	6	11887964009750	none	4816	e1df8944	512	224	0	4816
4888	7	11887981228920	none	4817	c8bed34f	512	224	0	4817
4889	0	11887994431000	none	4818	c8bed34f	512	224	0	4818
4890	1	11888011666560	none	4819	c8bed34f	512	224	0	4819
4891	2	11888029014170	none	4820	c8bed34f	512	224	0	4820
4892	3	11888046400100	none	4821	c8bed34f	512	224	0	4821
4893	4	11888063631380	none	4822	ca4c9f0a	512	224	0	4822
4894	5	11888080889990	none	4823	c8bed34f	512	224	0	4823
4895	6	11888094088200	none	4824	2ffa21ce	512	224	0	4824
4896	7	11888111349320	none	4825	ff9a24aa	512	224	0	4825
4897	0	11888128580570	none	4826	489ddae7	512	224	0	4826
4898	1	11888145816000	none	4827	489ddae7	512	224	0	4827
4899	2	11888163068460	none	4828	c32d4cdb	512	224	0	4828
4900	3	11888180293240	none	4829	c32d4cdb	512	224	0	4829
4901	4	11888197512660	none	4830	73483ac0	512	224	0	4830
4902	5	11888210785420	none	4831	e1df8944	512	224	0	4831
4903	6	11888228032660	none	4832	c8bed34f	512	224	0	4832
4904	7	11888245264910	none	4833	c8bed34f	512	224	0	4833
4905	0	11888262477940	none	4834	c8bed34f	512	224	0	4834
4906	1	11888279682910	none	4835	c8bed34f	512	224	0	4835
4907	2	11888297024150	none	4836	c8bed34f	512	224	0	4836
4908	3	11888310299440	none	4837	ca4c9f0a	512	224	0	4837
4909	4	11888327538380	none	4838	c8bed34f	512	224	0	4838
4910	5	11888344745040	none	4839	2ffa21ce	512	224	0	4839
4911	6	11888361993270	none	4840	c8bed34f	512	224	0	4840
4912	7	11888379230450	none	4841	c8bed34f	512	224	0	4841
4913	0	11888396471290	none	4842	c8bed34f	512	224	0	4842
4914	1	11888413674950	none	4843	c8bed34f	512	224	0	4843
4915	2	11888427016030	none	4844	c8bed34f	512	224	0	4844
4916	3	11888444240810	none	4845	ca4c9f0a	512	224	0	4845
4917	4	11888461439380	none	4846	c8bed34f	512	224	0	4846
4918	5	11888478676290	none	4847	2ffa21ce	512	224	0	4847
4919	6	11888495982800	none	4848	ff9a24aa	512	224	0	4848
4920	7	11888513215700	none	4849	489ddae7	512	224	0	4849
4921	0	11888530430830	none	4850	489ddae7	512	224	0	4850
4922	1	11888543644450	none	4851	725dfc79	512	224	0	4851
4923	2	11888561069400	none	4852	725dfc79	512	224	0	4852
4924	3	11888578317210	none	4853	73483ac0	512	224	0	4853
4925	4	11888595651400	none	4854	e1df8944	512	224	0	4854
4926	5	11888612959360	none	4855	e1df8944	512	224	0	4855
4927	6	11888630187900	none	4856	e1df8944	512	224	0	4856
4928	7	11888643368790	none	4857	e1df8944	512	224	0	4857
4929	0	11888660604520	none	4858	e1df8944	512	224	0	4858
4930	1	11888677834010	none	4859	e1df8944	512	224	0	4859
4931	2	11888695205530	none	4860	e1df8944	512	224	0	4860
4932	3	11888712422920	none	4861	e1df8944	512	224	0	4861
4933	4	11888729669970	none	4862	c8bed34f	512	224	0	4862
4934	5	11888742890550	none	4863	c8bed34f	512	224	0	4863
4935	6	11888760107510	none	4864	c8bed34f	512	224	0	4864
4936	7	11888777322610	none	4865	c8bed34f	512	224	0	4865
4937	0	11888794672310	none	4866	c8bed34f	512	224	0	4866
4938	1	11888811946380	none	4867	ca4c9f0a	512	224	0	4867
4939	2	11888829209550	none	4868	c8bed34f	512	224	0	4868
4940	3	11888846438050	none	4869	2ffa21ce	512	224	0	4869
4941	4	11888859637120	none	4870	ff9a24aa	512	224	0	4870
4942	5	11888876872010	none	4871	489ddae7	512	224	0	4871
4943	6	11888894228840	none	4872	489ddae7	512	224	0	4872
4944	7	11888911527850	none	4873	94417bb7	512	224	0	4873
4945	0	11888928744190	none	4874	94417bb7	512	224	0	4874
4946	1	11888946010100	none	4875	73483ac0	512	224	0	4875
4947	2	11888959201070	none	4876	e1df8944	512	224	0	4876
4948	3	11888976408480	none	4877	c8bed34f	512	224	0	4877
4949	4	11888993637160	none	4878	c8bed34f	512	224	0	4878
4950	5	11889010892940	none	4879	c8bed34f	512	224	0	4879
4951	6	11889028127190	none	4880	c8bed34f	512	224	0	4880
4952	7	11889045370110	none	4881	c8bed34f	512	224	0	4881
4953	0	11889062594200	none	4882	ca4c9f0a	512	224	0	4882
4954	1	11889075790160	none	4883	c8bed34f	512	224	0	4883
4955	2	11889093054090	none	4884	c8bed34f	512	224	0	4884
4956	3	11889110292300	none	4885	c8bed34f	512	224	0	4885
4957	4	11889127550540	none	4886	c8bed34f	512	224	0	4886
4958	5	11889144776250	none	4887	c8bed34f	512	224	0	4887
4959	6	11889162018250	none	4888	c8bed34f	512	224	0	4888
4960	7	11889179250950	none	4889	ca4c9f0a	512	224	0	4889
4961	0	11889192422980	none	4890	c8bed34f	512	224	0	4890
4962	1	11889209650500	none	4891	2ffa21ce	512	224	0	4891
4963	2	11889226918460	none	4892	ff9a24aa	512	224	0	4892
4964	3	11889244167500	none	4893	489ddae7	512	224	0	4893
4965	4	11889261381150	none	4894	489ddae7	512	224	0	4894
4966	5	11889278619410	none	4895	725dfc79	512	224	0	4895
4967	6	11889295889580	none	4896	725dfc79	512	224	0	4896
4968	7	11889309739390	none	4897	73483ac0	512	224	0	4897
4969	0	11889327132150	none	4898	e1df8944	512	224	0	4898
4970	1	11889344378590	none	4899	c8bed34f	512	224	0	4899
4971	2	11889361645390	none	4900	c8bed34f	512	224	0	4900
4972	3	11889375103920	none	4901	c8bed34f	512	224	0	4901
4973	4	11889392332730	none	4902	c8bed34f	512	224	0	4902
4974	5	11889409552150	none	4903	c8bed34f	512	224	0	4903
4975	6	11889426886680	none	4904	ca4c9f0a	512	224	0	4904
4976	7	11889444132820	none	4905	c8bed34f	512	224	0	4905
4977	0	11889461350610	none	4906	2ffa21ce	512	224	0	4906
4978	1	11889478582410	none	4907	c8bed34f	512	224	0	4907
4979	2	11889491795520	none	4908	c8bed34f	512	224	0	4908
4980	3	11889509033160	none	4909	c8bed34f	512	224	0	4909
4981	4	11889526264420	none	4910	c8bed34f	512	224	0	4910
4982	5	11889543500390	none	4911	c8bed34f	512	224	0	4911
4983	6	11889560726150	none	4912	ca4c9f0a	512	224	0	4912
4984	7	11889578085800	none	4913	c8bed34f	512	224	0	4913
4985	0	11889595317960	none	4914	2ffa21ce	512	224	0	4914
4986	1	11889608626300	none	4915	ff9a24aa	512	224	0	4915
4987	2	11889625948350	none	4916	489ddae7	512	224	0	4916
4988	3	11889643187590	none	4917	489ddae7	512	224	0	4917
4989	4	11889660410460	none	4918	725dfc79	512	224	0	4918
4990	5	11889677686510	none	4919	725dfc79	512	224	0	4919
4991	6	11889694957930	none	4920	73483ac0	512	224	0	4920
4992	7	11889708305790	none	4921	e1df8944	512	224	0	4921
4993	0	11889725521590	none	4922	c8bed34f	512	224	0	4922
4994	1	11889742855910	none	4923	c8bed34f	512	224	0	4923
4995	2	11889760114910	none	4924	c8bed34f	512	224	0	4924
4996	3	11889777331840	none	4925	c8bed34f	512	224	0	4925
4997	4	11889794579790	none	4926	c8bed34f	512	224	0	4926
4998	5	11889807795350	none	4927	ca4c9f0a	512	224	0	4927
4999	6	11889825026950	none	4928	c8bed34f	512	224	0	4928
5000	7	11889842373850	none	4929	c8bed34f	512	224	0	4929
5001	0	11889859628490	none	4930	c8bed34f	512	224	0	4930
5002	1	11889876858930	none	4931	c8bed34f	512	224	0	4931
5003	2	11889894110730	none	4932	c8bed34f	512	224	0	4932
5004	3	11889911488800	none	4933	c8bed34f	512	224	0	4933
5005	4	11889924687330	none	4934	ca4c9f0a	512	224	0	4934
5006	5	11889942030950	none	4935	c8bed34f	512	224	0	4935
5007	6	11889959277390	none	4936	2ffa21ce	512	224	0	4936
5008	7	11889976526910	none	4937	ff9a24aa	512	224	0	4937
5009	0	11889993741220	none	4938	489ddae7	512	224	0	4938
5010	1	11890011141950	none	4939	489ddae7	512	224	0	4939
5011	2	11890024316130	none	4940	c52cbdd2	512	224	0	4940
5012	3	11890041667260	none	4941	c52cbdd2	512	224	0	4941
5013	4	11890058951390	none	4942	73483ac0	512	224	0	4942
5014	5	11890076180210	none	4943	e1df8944	512	224	0	4943
5015	6	11890093398230	none	4944	e1df8944	512	224	0	4944
5016	7	11890110711960	none	4945	e1df8944	512	224	0	4945
5017	0	11890123937240	none	4946	e1df8944	512	224	0	4946
5018	1	11890141314100	none	4947	e1df8944	512	224	0	4947
5019	2	11890158581400	none	4948	e1df8944	512	224	0	4948
5020	3	11890175821220	none	4949	e1df8944	512	224	0	4949
5021	4	11890193057140	none	4950	e1df8944	512	224	0	4950
5022	5	11890210295380	none	4951	e1df8944	512	224	0	4951
5023	6	11890227515170	none	4952	c8bed34f	512	224	0	4952
5024	7	11890240727530	none	4953	c8bed34f	512	224	0	4953
5025	0	11890257959030	none	4954	c8bed34f	512	224	0	4954
5026	1	11890275187930	none	4955	c8bed34f	512	224	0	4955
5027	2	11890292429420	none	4956	c8bed34f	512	224	0	4956
5028	3	11890309658800	none	4957	c8bed34f	512	224	0	4957
5029	4	11890326916110	none	4958	2ffa21ce	512	224	0	4958
5030	5	11890344146850	none	4959	ff9a24aa	512	224	0	4959
5031	6	11890357342690	none	4960	489ddae7	512	224	0	4960
5032	7	11890374573230	none	4961	489ddae7	512	224	0	4961
5033	0	11890391813140	none	4962	c52cbdd2	512	224	0	4962
5034	1	11890409059040	none	4963	c52cbdd2	512	224	0	4963
5035	2	11890426353030	none	4964	73483ac0	512	224	0	4964
5036	3	11890443646820	none	4965	e1df8944	512	224	0	4965
5037	4	11890456984170	none	4966	c8bed34f	512	224	0	4966
5038	5	11890474204820	none	4967	c8bed34f	512	224	0	4967
5039	6	11890491431100	none	4968	c8bed34f	512	224	0	4968
5040	7	11890508646460	none	4969	c8bed34f	512	224	0	4969
5041	0	11890526050730	none	4970	c8bed34f	512	224	0	4970
5042	1	11890543268820	none	4971	ca4c9f0a	512	224	0	4971
5043	2	11890556673940	none	4972	c8bed34f	512	224	0	4972
5044	3	11890573906440	none	4973	2ffa21ce	512	224	0	4973
5045	4	11890591137420	none	4974	c8bed34f	512	224	0	4974
5046	5	11890608363500	none	4975	c8bed34f	512	224	0	4975
5047	6	11890625612070	none	4976	c8bed34f	512	224	0	4976
5048	7	11890642845940	none	4977	c8bed34f	512	224	0	4977
5049	0	11890660260720	none	4978	c8bed34f	512	224	0	4978
5050	1	11890673453120	none	4979	ca4c9f0a	512	224	0	4979
5051	2	11890690795260	none	4980	c8bed34f	512	224	0	4980
5052	3	11890708045280	none	4981	2ffa21ce	512	224	0	4981
5053	4	11890725262830	none	4982	ff9a24aa	512	224	0	4982
5054	5	11890742470470	none	4983	489ddae7	512	224	0	4983
5055	6	11890759812530	none	4984	489ddae7	512	224	0	4984
5056	7	11890773028860	none	4985	c52cbdd2	512	224	0	4985
5057	0	11890790306440	none	4986	c52cbdd2	512	224	0	4986
5058	1	11890807571270	none	4987	73483ac0	512	224	0	4987
5059	2	11890824808390	none	4988	e1df8944	512	224	0	4988
5060	3	11890842061880	none	4989	e1df8944	512	224	0	4989
5061	4	11890859431020	none	4990	e1df8944	512	224	0	4990
5062	5	11890876634030	none	4991	e1df8944	512	224	0	4991
5063	6	11890889833220	none	4992	e1df8944	512	224	0	4992
5064	7	11890907074180	none	4993	e1df8944	512	224	0	4993
5065	0	11890924312290	none	4994	e1df8944	512	224	0	4994
5066	1	11890941552320	none	4995	e1df8944	512	224	0	4995
5067	2	11890958884530	none	4996	c8bed34f	512	224	0	4996
5068	3	11890976119290	none	4997	c8bed34f	512	224	0	4997
5069	4	11890989310400	none	4998	c8bed34f	512	224	0	4998
5070	5	11891006515560	none	4999	c8bed34f	512	224	0	4999
5071	6	11891023740870	none	5000	c8bed34f	512	224	0	5000
5072	7	11891040998050	none	5001	ca4c9f0a	512	224	0	5001
5073	0	11891058220000	none	5002	c8bed34f	512	224	0	5002
5074	1	11891075509810	none	5003	2ffa21ce	512	224	0	5003
5075	2	11891092716150	none	5004	ff9a24aa	512	224	0	5004
5076	3	11891106003500	none	5005	489ddae7	512	224	0	5005
5077	4	11891123225080	none	5006	489ddae7	512	224	0	5006
5078	5	11891140451040	none	5007	725dfc79	512	224	0	5007
5079	6	11891157663850	none	5008	725dfc79	512	224	0	5008
5080	7	11891174915730	none	5009	73483ac0	512	224	0	5009
5081	0	11891192151420	none	5010	e1df8944	512	224	0	5010
5082	1	11891209426370	none	5011	c8bed34f	512	224	0	5011
5083	2	11891222627830	none	5012	c8bed34f	512	224	0	5012
5084	3	11891239991390	none	5013	c8bed34f	512	224	0	5013
5085	4	11891257215540	none	5014	c8bed34f	512	224	0	5014
5086	5	11891274449410	none	5015	c8bed34f	512	224	0	5015
5087	6	11891291662520	none	5016	ca4c9f0a	512	224	0	5016
5088	7	11891308984810	none	5017	c8bed34f	512	224	0	5017
5089	0	11891322174370	none	5018	2ffa21ce	512	224	0	5018
5090	1	11891339389120	none	5019	c8bed34f	512	224	0	5019
5091	2	11891356616400	none	5020	c8bed34f	512	224	0	5020
5092	3	11891374077340	none	5021	c8bed34f	512	224	0	5021
5093	4	11891391313750	none	5022	c8bed34f	512	224	0	5022
5094	5	11891408652560	none	5023	c8bed34f	512	224	0	5023
5095	6	11891421907210	none	5024	c8bed34f	512	224	0	5024
5096	7	11891439141800	none	5025	2ffa21ce	512	224	0	5025
5097	0	11891456349070	none	5026	ff9a24aa	512	224	0	5026
5098	1	11891473621430	none	5027	489ddae7	512	224	0	5027
5099	2	11891490919770	none	5028	489ddae7	512	224	0	5028
5100	3	11891508293030	none	5029	c52cbdd2	512	224	0	5029
5101	4	11891525507580	none	5030	c52cbdd2	512	224	0	5030
5102	5	11891538694510	none	5031	73483ac0	512	224	0	5031
5103	6	11891555939240	none	5032	e1df8944	512	224	0	5032
5104	7	11891573152260	none	5033	e1df8944	512	224	0	5033
5105	0	11891590376580	none	5034	e1df8944	512	224	0	5034
5106	1	11891607697020	none	5035	e1df8944	512	224	0	5035
5107	2	11891624959030	none	5036	e1df8944	512	224	0	5036
5108	3	11891638156810	none	5037	e1df8944	512	224	0	5037
5109	4	11891655374320	none	5038	e1df8944	512	224	0	5038
5110	5	11891672624260	none	5039	e1df8944	512	224	0	5039
5111	6	11891689880130	none	5040	e1df8944	512	224	0	5040
5112	7	11891707246130	none	5041	c8bed34f	512	224	0	5041
5113	0	11891724469760	none	5042	c8bed34f	512	224	0	5042
5114	1	11891741702160	none	5043	c8bed34f	512	224	0	5043
5115	2	11891754960310	none	5044	c8bed34f	512	224	0	5044
5116	3	11891772182140	none	5045	c8bed34f	512	224	0	5045
5117	4	11891789414510	none	5046	ca4c9f0a	512	224	0	5046
5118	5	11891806627180	none	5047	c8bed34f	512	224	0	5047
5119	6	11891823866220	none	5048	2ffa21ce	512	224	0	5048
5120	7	11891841094610	none	5049	ff9a24aa	512	224	0	5049
5121	0	11891858323410	none	5050	489ddae7	512	224	0	5050
5122	1	11891871525000	none	5051	489ddae7	512	224	0	5051
5123	2	11891888737750	none	5052	725dfc79	512	224	0	5052
5124	3	11891905969040	none	5053	725dfc79	512	224	0	5053
5125	4	11891923204760	none	5054	73483ac0	512	224	0	5054
5126	5	11891940461250	none	5055	e1df8944	512	224	0	5055
5127	6	11891957976870	none	5056	c8bed34f	512	224	0	5056
5128	7	11891971177730	none	5057	c8bed34f	512	224	0	5057
5129	0	11891988408250	none	5058	c8bed34f	512	224	0	5058
5130	1	11892005626630	none	5059	c8bed34f	512	224	0	5059
5131	2	11892022899880	none	5060	c8bed34f	512	224	0	5060
5132	3	11892040148290	none	5061	ca4c9f0a	512	224	0	5061
5133	4	11892057362450	none	5062	c8bed34f	512	224	0	5062
5134	5	11892074602370	none	5063	c8bed34f	512	224	0	5063
5135	6	11892087816560	none	5064	c8bed34f	512	224	0	5064
5136	7	11892105051690	none	5065	c8bed34f	512	224	0	5065
5137	0	11892122264370	none	5066	c8bed34f	512	224	0	5066
5138	1	11892139485760	none	5067	c8bed34f	512	224	0	5067
5139	2	11892156826150	none	5068	ca4c9f0a	512	224	0	5068
5140	3	11892174073660	none	5069	c8bed34f	512	224	0	5069
5141	4	11892187262390	none	5070	2ffa21ce	512	224	0	5070
5142	5	11892204498420	none	5071	ff9a24aa	512	224	0	5071
5143	6	11892221753380	none	5072	489ddae7	512	224	0	5072
5144	7	11892238996420	none	5073	489ddae7	512	224	0	5073
5145	0	11892256325080	none	5074	c52cbdd2	512	224	0	5074
5146	1	11892273561520	none	5075	c52cbdd2	512	224	0	5075
5147	2	11892290858370	none	5076	73483ac0	512	224	0	5076
5148	3	11892304074640	none	5077	e1df8944	512	224	0	5077
5149	4	11892321286030	none	5078	c8bed34f	512	224	0	5078
5150	5	11892338517830	none	5079	c8bed34f	512	224	0	5079
5151	6	11892355850110	none	5080	c8bed34f	512	224	0	5080
5152	7	11892373081490	none	5081	c8bed34f	512	224	0	5081
5153	0	11892390303200	none	5082	c8bed34f	512	224	0	5082
5154	1	11892403522830	none	5083	ca4c9f0a	512	224	0	5083
5155	2	11892420749790	none	5084	c8bed34f	512	224	0	5084
5156	3	11892437963950	none	5085	2ffa21ce	512	224	0	5085
5157	4	11892455330770	none	5086	c8bed34f	512	224	0	5086
5158	5	11892472582700	none	5087	c8bed34f	512	224	0	5087
5159	6	11892489835610	none	5088	c8bed34f	512	224	0	5088
5160	7	11892507085010	none	5089	c8bed34f	512	224	0	5089
5161	0	11892520270850	none	5090	c8bed34f	512	224	0	5090
5162	1	11892537490250	none	5091	ca4c9f0a	512	224	0	5091
5163	2	11892554863110	none	5092	c8bed34f	512	224	0	5092
5164	3	11892572095160	none	5093	c8bed34f	512	224	0	5093
5165	4	11892589321980	none	5094	c8bed34f	512	224	0	5094
5166	5	11892606574410	none	5095	c8bed34f	512	224	0	5095
5167	6	11892619793940	none	5096	c8bed34f	512	224	0	5096
5168	7	11892637041390	none	5097	c8bed34f	512	224	0	5097
5169	0	11892654280290	none	5098	ca4c9f0a	512	224	0	5098
5170	1	11892671522410	none	5099	c8bed34f	512	224	0	5099
5171	2	11892688868590	none	5100	2ffa21ce	512	224	0	5100
5172	3	11892706122940	none	5101	c8bed34f	512	224	0	5101
5173	4	11892723391000	none	5102	c8bed34f	512	224	0	5102
5174	5	11892736542820	none	5103	c8bed34f	512	224	0	5103
5175	6	11892753778230	none	5104	c8bed34f	512	224	0	5104
5176	7	11892771034520	none	5105	c8bed34f	512	224	0	5105
5177	0	11892788260800	none	5106	c8bed34f	512	224	0	5106
5178	1	11892805487140	none	5107	2ffa21ce	512	224	0	5107
5179	2	11892822734110	none	5108	c8bed34f	512	224	0	5108
5180	3	11892840085440	none	5109	c8bed34f	512	224	0	5109
5181	4	11892853266730	none	5110	c8bed34f	512	224	0	5110
5182	5	11892870475190	none	5111	c8bed34f	512	224	0	5111
5183	6	11892887873740	none	5112	c8bed34f	512	224	0	5112
5184	7	11892905116510	none	5113	ca4c9f0a	512	224	0	5113
5185	0	11892922336030	none	5114	c8bed34f	512	224	0	5114
5186	1	11892939578090	none	5115	2ffa21ce	512	224	0	5115
5187	2	11892952804010	none	5116	ff9a24aa	512	224	0	5116
5188	3	11892970082380	none	5117	489ddae7	512	224	0	5117
5189	4	11892987305270	none	5118	489ddae7	512	224	0	5118
5190	5	11893004642280	none	5119	725dfc79	512	224	0	5119
5191	6	11893021950050	none	5120	725dfc79	512	224	0	5120
5192	7	11893039196890	none	5121	73483ac0	512	224	0	5121
5193	0	11893056407720	none	5122	e1df8944	512	224	0	5122
5194	1	11893069601040	none	5123	e1df8944	512	224	0	5123
5195	2	11893086875410	none	5124	e1df8944	512	224	0	5124
5196	3	11893104231490	none	5125	e1df8944	512	224	0	5125
5197	4	11893121463480	none	5126	e1df8944	512	224	0	5126
5198	5	11893138674360	none	5127	e1df8944	512	224	0	5127
5199	6	11893155963250	none	5128	e1df8944	512	224	0	5128
5200	7	11893169275960	none	5129	e1df8944	512	224	0	5129
5201	0	11893186528520	none	5130	c8bed34f	512	224	0	5130
5202	1	11893203858460	none	5131	c8bed34f	512	224	0	5131
5203	2	11893221108360	none	5132	c8bed34f	512	224	0	5132
5204	3	11893238324270	none	5133	c8bed34f	512	224	0	5133
5205	4	11893255574280	none	5134	c8bed34f	512	224	0	5134
5206	5	11893268791220	none	5135	ca4c9f0a	512	224	0	5135
5207	6	11893286080620	none	5136	c8bed34f	512	224	0	5136
5208	7	11893303452710	none	5137	2ffa21ce	512	224	0	5137
5209	0	11893320680240	none	5138	ff9a24aa	512	224	0	5138
5210	1	11893337928670	none	5139	489ddae7	512	224	0	5139
5211	2	11893355190600	none	5140	489ddae7	512	224	0	5140
5212	3	11893372426510	none	5141	94417bb7	512	224	0	5141
5213	4	11893385600250	none	5142	94417bb7	512	224	0	5142
5214	5	11893402934540	none	5143	73483ac0	512	224	0	5143
5215	6	11893420207450	none	5144	e1df8944	512	224	0	5144
5216	7	11893437443270	none	5145	c8bed34f	512	224	0	5145
5217	0	11893454672590	none	5146	c8bed34f	512	224	0	5146
5218	1	11893471935820	none	5147	c8bed34f	512	224	0	5147
5219	2	11893485110620	none	5148	c8bed34f	512	224	0	5148
5220	3	11893502332250	none	5149	c8bed34f	512	224	0	5149
5221	4	11893519698690	none	5150	ca4c9f0a	512	224	0	5150
5222	5	11893536948700	none	5151	c8bed34f	512	224	0	5151
5223	6	11893554194680	none	5152	2ffa21ce	512	224	0	5152
5224	7	11893571418740	none	5153	c8bed34f	512	224	0	5153
5225	0	11893588643310	none	5154	c8bed34f	512	224	0	5154
5226	1	11893601953160	none	5155	c8bed34f	512	224	0	5155
5227	2	11893619343830	none	5156	c8bed34f	512	224	0	5156
5228	3	11893636616510	none	5157	c8bed34f	512	224	0	5157
5229	4	11893653989650	none	5158	ca4c9f0a	512	224	0	5158
5230	5	11893671220940	none	5159	c8bed34f	512	224	0	5159
5231	6	11893688457530	none	5160	2ffa21ce	512	224	0	5160
5232	7	11893701628700	none	5161	ff9a24aa	512	224	0	5161
5233	0	11893718879600	none	5162	489ddae7	512	224	0	5162
5234	1	11893736150940	none	5163	489ddae7	512	224	0	5163
5235	2	11893753397930	none	5164	c52cbdd2	512	224	0	5164
5236	3	11893770606330	none	5165	c52cbdd2	512	224	0	5165
5237	4	11893787848400	none	5166	73483ac0	512	224	0	5166
5238	5	11893805083040	none	5167	e1df8944	512	224	0	5167
5239	6	11893818401400	none	5168	e1df8944	512	224	0	5168
5240	7	11893835600180	none	5169	e1df8944	512	224	0	5169
5241	0	11893852977830	none	5170	e1df8944	512	224	0	5170
5242	1	11893870215320	none	5171	e1df8944	512	224	0	5171
5243	2	11893887463450	none	5172	e1df8944	512	224	0	5172
5244	3	11893904682930	none	5173	e1df8944	512	224	0	5173
5245	4	11893917906750	none	5174	e1df8944	512	224	0	5174
5246	5	11893935133620	none	5175	c8bed34f	512	224	0	5175
5247	6	11893952373100	none	5176	c8bed34f	512	224	0	5176
5248	7	11893969744280	none	5177	c8bed34f	512	224	0	5177
5249	0	11893987081710	none	5178	c8bed34f	512	224	0	5178
5250	1	11894004305570	none	5179	c8bed34f	512	224	0	5179
5251	2	11894017603670	none	5180	ca4c9f0a	512	224	0	5180
5252	3	11894034884150	none	5181	c8bed34f	512	224	0	5181
5253	4	11894052123510	none	5182	2ffa21ce	512	224	0	5182
5254	5	11894069519610	none	5183	ff9a24aa	512	224	0	5183
5255	6	11894086769510	none	5184	489ddae7	512	224	0	5184
5256	7	11894104006500	none	5185	489ddae7	512	224	0	5185
5257	0	11894117317730	none	5186	c52cbdd2	512	224	0	5186
5258	1	11894134548510	none	5187	c52cbdd2	512	224	0	5187
5259	2	11894151974330	none	5188	73483ac0	512	224	0	5188
5260	3	11894169318220	none	5189	e1df8944	512	224	0	5189
5261	4	11894186577760	none	5190	c8bed34f	512	224	0	5190
5262	5	11894203818710	none	5191	c8bed34f	512	224	0	5191
5263	6	11894217157830	none	5192	c8bed34f	512	224	0	5192
5264	7	11894234387000	none	5193	c8bed34f	512	224	0	5193
5265	0	11894251736880	none	5194	c8bed34f	512	224	0	5194
5266	1	11894268985900	none	5195	ca4c9f0a	512	224	0	5195
5267	2	11894286268360	none	5196	c8bed34f	512	224	0	5196
5268	3	11894303540180	none	5197	c8bed34f	512	224	0	5197
5269	4	11894320794900	none	5198	c8bed34f	512	224	0	5198
5270	5	11894334071710	none	5199	c8bed34f	512	224	0	5199
5271	6	11894351636460	none	5200	c8bed34f	512	224	0	5200
5272	7	11894368879270	none	5201	c8bed34f	512	224	0	5201
5273	0	11894386154480	none	5202	ca4c9f0a	512	224	0	5202
5274	1	11894403406780	none	5203	c8bed34f	512	224	0	5203
5275	2	11894420806460	none	5204	2ffa21ce	512	224	0	5204
5276	3	11894434025440	none	5205	ff9a24aa	512	224	0	5205
5277	4	11894451259020	none	5206	489ddae7	512	224	0	5206
5278	5	11894468487310	none	5207	489ddae7	512	224	0	5207
5279	6	11894485722020	none	5208	c52cbdd2	512	224	0	5208
5280	7	11894503028740	none	5209	c52cbdd2	512	224	0	5209
5281	0	11894520434350	none	5210	73483ac0	512	224	0	5210
5282	1	11894533618760	none	5211	e1df8944	512	224	0	5211
5283	2	11894550966430	none	5212	e1df8944	512	224	0	5212
5284	3	11894568197590	none	5213	e1df8944	512	224	0	5213
5285	4	11894585424650	none	5214	e1df8944	512	224	0	5214
5286	5	11894602745550	none	5215	e1df8944	512	224	0	5215
5287	6	11894620207070	none	5216	e1df8944	512	224	0	5216
5288	7	11894633407950	none	5217	e1df8944	512	224	0	5217
5289	0	11894650767480	none	5218	e1df8944	512	224	0	5218
5290	1	11894668019630	none	5219	e1df8944	512	224	0	5219
5291	2	11894685253420	none	5220	c8bed34f	512	224	0	5220
5292	3	11894702585800	none	5221	c8bed34f	512	224	0	5221
5293	4	11894719879240	none	5222	c8bed34f	512	224	0	5222
5294	5	11894733078080	none	5223	c8bed34f	512	224	0	5223
5295	6	11894750306530	none	5224	c8bed34f	512	224	0	5224
5296	7	11894767537490	none	5225	ca4c9f0a	512	224	0	5225
5297	0	11894784778770	none	5226	c8bed34f	512	224	0	5226
5298	1	11894802004260	none	5227	2ffa21ce	512	224	0	5227
5299	2	11894819396980	none	5228	ff9a24aa	512	224	0	5228
5300	3	11894836641650	none	5229	489ddae7	512	224	0	5229
5301	4	11894849851980	none	5230	489ddae7	512	224	0	5230
5302	5	11894867071520	none	5231	c32d4cdb	512	224	0	5231
5303	6	11894884284270	none	5232	c32d4cdb	512	224	0	5232
5304	7	11894901534220	none	5233	73483ac0	512	224	0	5233
5305	0	11894918761040	none	5234	e1df8944	512	224	0	5234
5306	1	11894936045320	none	5235	c8bed34f	512	224	0	5235
5307	2	11894949256970	none	5236	c8bed34f	512	224	0	5236
5308	3	11894966466630	none	5237	c8bed34f	512	224	0	5237
5309	4	11894983715810	none	5238	c8bed34f	512	224	0	5238
5310	5	11895000998140	none	5239	c8bed34f	512	224	0	5239
5311	6	11895018228030	none	5240	ca4c9f0a	512	224	0	5240
5312	7	11895035437840	none	5241	c8bed34f	512	224	0	5241
5313	0	11895052743060	none	5242	c8bed34f	512	224	0	5242
5314	1	11895066070830	none	5243	c8bed34f	512	224	0	5243
5315	2	11895083284130	none	5244	c8bed34f	512	224	0	5244
5316	3	11895100526930	none	5245	c8bed34f	512	224	0	5245
5317	4	11895117785190	none	5246	c8bed34f	512	224	0	5246
5318	5	11895135035690	none	5247	ca4c9f0a	512	224	0	5247
5319	6	11895152261880	none	5248	c8bed34f	512	224	0	5248
5320	7	11895165594310	none	5249	2ffa21ce	512	224	0	5249
5321	0	11895182830670	none	5250	ff9a24aa	512	224	0	5250
5322	1	11895200064010	none	5251	489ddae7	512	224	0	5251
5323	2	11895217309460	none	5252	489ddae7	512	224	0	5252
5324	3	11895234554740	none	5253	94417bb7	512	224	0	5253
5325	4	11895251899640	none	5254	94417bb7	512	224	0	5254
5326	5	11895269209520	none	5255	73483ac0	512	224	0	5255
5327	6	11895282433370	none	5256	e1df8944	512	224	0	5256
5328	7	11895299660720	none	5257	c8bed34f	512	224	0	5257
5329	0	11895316894730	none	5258	c8bed34f	512	224	0	5258
5330	1	11895334104070	none	5259	c8bed34f	512	224	0	5259
5331	2	11895351313420	none	5260	c8bed34f	512	224	0	5260
5332	3	11895368652420	none	5261	c8bed34f	512	224	0	5261
5333	4	11895381919110	none	5262	ca4c9f0a	512	224	0	5262
5334	5	11895399149270	none	5263	c8bed34f	512	224	0	5263
5335	6	11895416376380	none	5264	c8bed34f	512	224	0	5264
5336	7	11895433588100	none	5265	c8bed34f	512	224	0	5265
5337	0	11895450841320	none	5266	c8bed34f	512	224	0	5266
5338	1	11895468209500	none	5267	c8bed34f	512	224	0	5267
5339	2	11895485469310	none	5268	c8bed34f	512	224	0	5268
5340	3	11895498793350	none	5269	ca4c9f0a	512	224	0	5269
5341	4	11895516038720	none	5270	c8bed34f	512	224	0	5270
5342	5	11895533259220	none	5271	2ffa21ce	512	224	0	5271
5343	6	11895550498080	none	5272	ff9a24aa	512	224	0	5272
5344	7	11895567832060	none	5273	489ddae7	512	224	0	5273
5345	0	11895585074270	none	5274	489ddae7	512	224	0	5274
5346	1	11895598269180	none	5275	725dfc79	512	224	0	5275
5347	2	11895615491570	none	5276	725dfc79	512	224	0	5276
5348	3	11895632727000	none	5277	73483ac0	512	224	0	5277
5349	4	11895649961350	none	5278	e1df8944	512	224	0	5278
5350	5	11895667298510	none	5279	c8bed34f	512	224	0	5279
5351	6	11895684543820	none	5280	c8bed34f	512	224	0	5280
5352	7	11895701794400	none	5281	c8bed34f	512	224	0	5281
5353	0	11895714991240	none	5282	c8bed34f	512	224	0	5282
5354	1	11895732196010	none	5283	c8bed34f	512	224	0	5283
5355	2	11895749440720	none	5284	ca4c9f0a	512	224	0	5284
5356	3	11895766646010	none	5285	c8bed34f	512	224	0	5285
5357	4	11895783909810	none	5286	2ffa21ce	512	224	0	5286
5358	5	11895801165180	none	5287	c8bed34f	512	224	0	5287
5359	6	11895818403040	none	5288	c8bed34f	512	224	0	5288
5360	7	11895831581070	none	5289	c8bed34f	512	224	0	5289
5361	0	11895848965940	none	5290	c8bed34f	512	224	0	5290
5362	1	11895866183300	none	5291	c8bed34f	512	224	0	5291
5363	2	11895883404180	none	5292	ca4c9f0a	512	224	0	5292
5364	3	11895900607080	none	5293	c8bed34f	512	224	0	5293
5365	4	11895917970980	none	5294	2ffa21ce	512	224	0	5294
5366	5	11895931163090	none	5295	ff9a24aa	512	224	0	5295
5367	6	11895948459190	none	5296	489ddae7	512	224	0	5296
5368	7	11895965684390	none	5297	489ddae7	512	224	0	5297
5369	0	11895982914690	none	5298	725dfc79	512	224	0	5298
5370	1	11896000231950	none	5299	725dfc79	512	224	0	5299
5371	2	11896017504960	none	5300	73483ac0	512	224	0	5300
5372	3	11896034751310	none	5301	e1df8944	512	224	0	5301
5373	4	11896048038490	none	5302	e1df8944	512	224	0	5302
5374	5	11896065244980	none	5303	e1df8944	512	224	0	5303
5375	6	11896082508050	none	5304	e1df8944	512	224	0	5304
5376	7	11896099746380	none	5305	e1df8944	512	224	0	5305
5377	0	11896117055410	none	5306	e1df8944	512	224	0	5306
5378	1	11896134296940	none	5307	e1df8944	512	224	0	5307
5379	2	11896147486690	none	5308	e1df8944	512	224	0	5308
5380	3	11896164738270	none	5309	c8bed34f	512	224	0	5309
5381	4	11896182064690	none	5310	c8bed34f	512	224	0	5310
5382	5	11896199286480	none	5311	c8bed34f	512	224	0	5311
5383	6	11896216625240	none	5312	c8bed34f	512	224	0	5312
5384	7	11896233943860	none	5313	c8bed34f	512	224	0	5313
5385	0	11896247151440	none	5314	ca4c9f0a	512	224	0	5314
5386	1	11896264400040	none	5315	c8bed34f	512	224	0	5315
5387	2	11896281632380	none	5316	2ffa21ce	512	224	0	5316
5388	3	11896298889730	none	5317	ff9a24aa	512	224	0	5317
5389	4	11896316132390	none	5318	489ddae7	512	224	0	5318
5390	5	11896333357970	none	5319	489ddae7	512	224	0	5319
5391	6	11896350610870	none	5320	725dfc79	512	224	0	5320
5392	7	11896363811000	none	5321	725dfc79	512	224	0	5321
5393	0	11896381092980	none	5322	73483ac0	512	224	0	5322
5394	1	11896398289900	none	5323	e1df8944	512	224	0	5323
5395	2	11896415612710	none	5324	c8bed34f	512	224	0	5324
5396	3	11896432944280	none	5325	c8bed34f	512	224	0	5325
5397	4	11896450166950	none	5326	c8bed34f	512	224	0	5326
5398	5	11896467395210	none	5327	c8bed34f	512	224	0	5327
5399	6	11896480564100	none	5328	c8bed34f	512	224	0	5328
5400	7	11896497807470	none	5329	ca4c9f0a	512	224	0	5329
5401	0	11896515162310	none	5330	c8bed34f	512	224	0	5330
5402	1	11896532368070	none	5331	2ffa21ce	512	224	0	5331
5403	2	11896549595240	none	5332	c8bed34f	512	224	0	5332
5404	3	11896566981110	none	5333	c8bed34f	512	224	0	5333
5405	4	11896580175210	none	5334	c8bed34f	512	224	0	5334
5406	5	11896597412200	none	5335	c8bed34f	512	224	0	5335
5407	6	11896614622530	none	5336	c8bed34f	512	224	0	5336
5408	7	11896631883410	none	5337	c8bed34f	512	224	0	5337
5409	0	11896649090660	none	5338	2ffa21ce	512	224	0	5338
5410	1	11896666325680	none	5339	ff9a24aa	512	224	0	5339
5411	2	11896683539690	none	5340	489ddae7	512	224	0	5340
5412	3	11896696750720	none	5341	489ddae7	512	224	0	5341
5413	4	11896714131640	none	5342	725dfc79	512	224	0	5342
5414	5	11896731361120	none	5343	725dfc79	512	224	0	5343
5415	6	11896748569730	none	5344	73483ac0	512	224	0	5344
5416	7	11896766000000	none	5345	e1df8944	512	224	0	5345
5417	0	11896783207110	none	5346	e1df8944	512	224	0	5346
5418	1	11896796398380	none	5347	e1df8944	512	224	0	5347
5419	2	11896813682210	none	5348	e1df8944	512	224	0	5348
5420	3	11896830932380	none	5349	e1df8944	512	224	0	5349
5421	4	11896848146480	none	5350	e1df8944	512	224	0	5350
5422	5	11896865385490	none	5351	e1df8944	512	224	0	5351
5423	6	11896882618240	none	5352	e1df8944	512	224	0	5352
5424	7	11896899888620	none	5353	e1df8944	512	224	0	5353
5425	0	11896913080690	none	5354	c8bed34f	512	224	0	5354
5426	1	11896930287710	none	5355	c8bed34f	512	224	0	5355
5427	2	11896947504880	none	5356	c8bed34f	512	224	0	5356
5428	3	11896964833320	none	5357	c8bed34f	512	224	0	5357
5429	4	11896982062230	none	5358	c8bed34f	512	224	0	5358
5430	5	11896999259840	none	5359	ca4c9f0a	512	224	0	5359
5431	6	11897016517140	none	5360	c8bed34f	512	224	0	5360
5432	7	11897029718990	none	5361	2ffa21ce	512	224	0	5361
5433	0	11897046941230	none	5362	ff9a24aa	512	224	0	5362
5434	1	11897064314990	none	5363	489ddae7	512	224	0	5363
5435	2	11897081547840	none	5364	489ddae7	512	224	0	5364
5436	3	11897098810180	none	5365	94417bb7	512	224	0	5365
5437	4	11897116030380	none	5366	94417bb7	512	224	0	5366
5438	5	11897129360660	none	5367	73483ac0	512	224	0	5367
5439	6	11897146562390	none	5368	e1df8944	512	224	0	5368
5440	7	11897163895260	none	5369	c8bed34f	512	224	0	5369
5441	0	11897181146760	none	5370	c8bed34f	512	224	0	5370
5442	1	11897198401560	none	5371	c8bed34f	512	224	0	5371
5443	2	11897215605210	none	5372	c8bed34f	512	224	0	5372
5444	3	11897232864260	none	5373	c8bed34f	512	224	0	5373
5445	4	11897246069010	none	5374	ca4c9f0a	512	224	0	5374
5446	5	11897263446340	none	5375	c8bed34f	512	224	0	5375
5447	6	11897280659560	none	5376	c8bed34f	512	224	0	5376
5448	7	11897297896910	none	5377	c8bed34f	512	224	0	5377
5449	0	11897315136600	none	5378	c8bed34f	512	224	0	5378
5450	1	11897332353840	none	5379	c8bed34f	512	224	0	5379
5451	2	11897345555440	none	5380	c8bed34f	512	224	0	5380
5452	3	11897362813740	none	5381	ca4c9f0a	512	224	0	5381
5453	4	11897380036390	none	5382	c8bed34f	512	224	0	5382
5454	5	11897397249900	none	5383	2ffa21ce	512	224	0	5383
5455	6	11897414540560	none	5384	ff9a24aa	512	224	0	5384
5456	7	11897431780630	none	5385	489ddae7	512	224	0	5385
5457	0	11897449083140	none	5386	489ddae7	512	224	0	5386
5458	1	11897462274780	none	5387	725dfc79	512	224	0	5387
5459	2	11897479494780	none	5388	725dfc79	512	224	0	5388
5460	3	11897496732090	none	5389	73483ac0	512	224	0	5389
5461	4	11897514003870	none	5390	e1df8944	512	224	0	5390
5462	5	11897531221060	none	5391	e1df8944	512	224	0	5391
5463	6	11897548472390	none	5392	e1df8944	512	224	0	5392
5464	7	11897561683770	none	5393	e1df8944	512	224	0	5393
5465	0	11897578913740	none	5394	e1df8944	512	224	0	5394
5466	1	11897596202340	none	5395	e1df8944	512	224	0	5395
5467	2	11897613534820	none	5396	e1df8944	512	224	0	5396
5468	3	11897630814550	none	5397	e1df8944	512	224	0	5397
5469	4	11897648091070	none	5398	e1df8944	512	224	0	5398
5470	5	11897665306090	none	5399	c8bed34f	512	224	0	5399
5471	6	11897678634430	none	5400	c8bed34f	512	224	0	5400
5472	7	11897695887880	none	5401	c8bed34f	512	224	0	5401
5473	0	11897713117020	none	5402	c8bed34f	512	224	0	5402
5474	1	11897730360560	none	5403	c8bed34f	512	224	0	5403
5475	2	11897747594250	none	5404	ca4c9f0a	512	224	0	5404
5476	3	11897764842120	none	5405	c8bed34f	512	224	0	5405
5477	4	11897778180330	none	5406	2ffa21ce	512	224	0	5406
5478	5	11897795445340	none	5407	ff9a24aa	512	224	0	5407
5479	6	11897812766190	none	5408	489ddae7	512	224	0	5408
5480	7	11897830004290	none	5409	489ddae7	512	224	0	5409
5481	0	11897847223590	none	5410	725dfc79	512	224	0	5410
5482	1	11897864453850	none	5411	725dfc79	512	224	0	5411
5483	2	11897877775320	none	5412	73483ac0	512	224	0	5412
5484	3	11897895010920	none	5413	e1df8944	512	224	0	5413
5485	4	11897912235510	none	5414	c8bed34f	512	224	0	5414
5486	5	11897929477410	none	5415	c8bed34f	512	224	0	5415
5487	6	11897946720040	none	5416	c8bed34f	512	224	0	5416
5488	7	11897963944530	none	5417	c8bed34f	512	224	0	5417
5489	0	11897981328710	none	5418	c8bed34f	512	224	0	5418
5490	1	11897994507870	none	5419	c8bed34f	512	224	0	5419
5491	2	11898011878120	none	5420	2ffa21ce	512	224	0	5420
5492	3	11898029122830	none	5421	c8bed34f	512	224	0	5421
5493	4	11898046337470	none	5422	c8bed34f	512	224	0	5422
5494	5	11898063553620	none	5423	c8bed34f	512	224	0	5423
5495	6	11898080812920	none	5424	c8bed34f	512	224	0	5424
5496	7	11898098040460	none	5425	c8bed34f	512	224	0	5425
5497	0	11898111211740	none	5426	ca4c9f0a	512	224	0	5426
5498	1	11898128427850	none	5427	c8bed34f	512	224	0	5427
5499	2	11898145694600	none	5428	2ffa21ce	512	224	0	5428
5500	3	11898163000440	none	5429	ff9a24aa	512	224	0	5429
5501	4	11898180219240	none	5430	489ddae7	512	224	0	5430
5502	5	11898197463050	none	5431	489ddae7	512	224	0	5431
5503	6	11898210669910	none	5432	c52cbdd2	512	224	0	5432
5504	7	11898227908760	none	5433	c52cbdd2	512	224	0	5433
5505	0	11898245127600	none	5434	73483ac0	512	224	0	5434
5506	1	11898262354070	none	5435	e1df8944	512	224	0	5435
5507	2	11898279589760	none	5436	c8bed34f	512	224	0	5436
5508	3	11898296845720	none	5437	c8bed34f	512	224	0	5437
5509	4	11898314075310	none	5438	c8bed34f	512	224	0	5438
5510	5	11898327262040	none	5439	c8bed34f	512	224	0	5439
5511	6	11898344497490	none	5440	c8bed34f	512	224	0	5440
5512	7	11898361731970	none	5441	ca4c9f0a	512	224	0	5441
5513	0	11898378960140	none	5442	c8bed34f	512	224	0	5442
5514	1	11898396182450	none	5443	c8bed34f	512	224	0	5443
5515	2	11898413453050	none	5444	c8bed34f	512	224	0	5444
5516	3	11898430850940	none	5445	c8bed34f	512	224	0	5445
5517	4	11898444062390	none	5446	c8bed34f	512	224	0	5446
5518	5	11898461290540	none	5447	c8bed34f	512	224	0	5447
5519	6	11898478496410	none	5448	ca4c9f0a	512	224	0	5448
5520	7	11898495752600	none	5449	c8bed34f	512	224	0	5449
5521	0	11898513041550	none	5450	2ffa21ce	512	224	0	5450
5522	1	11898530406730	none	5451	c8bed34f	512	224	0	5451
5523	2	11898543618660	none	5452	c8bed34f	512	224	0	5452
5524	3	11898561012580	none	5453	c8bed34f	512	224	0	5453
5525	4	11898578236420	none	5454	c8bed34f	512	224	0	5454
5526	5	11898595524100	none	5455	c8bed34f	512	224	0	5455
5527	6	11898612768700	none	5456	ca4c9f0a	512	224	0	5456
5528	7	11898630142070	none	5457	c8bed34f	512	224	0	5457
5529	0	11898643341550	none	5458	c8bed34f	512	224	0	5458
5530	1	11898660561630	none	5459	c8bed34f	512	224	0	5459
5531	2	11898677899680	none	5460	c8bed34f	512	224	0	5460
5532	3	11898695105780	none	5461	c8bed34f	512	224	0	5461
5533	4	11898712323190	none	5462	c8bed34f	512	224	0	5462
5534	5	11898729675300	none	5463	ca4c9f0a	512	224	0	5463
5535	6	11898746946260	none	5464	c8bed34f	512	224	0	5464
5536	7	11898760126410	none	5465	2ffa21ce	512	224	0	5465
5537	0	11898777458240	none	5466	c8bed34f	512	224	0	5466
5538	1	11898794720310	none	5467	c8bed34f	512	224	0	5467
5539	2	11898811952420	none	5468	c8bed34f	512	224	0	5468
5540	3	11898829326680	none	5469	c8bed34f	512	224	0	5469
5541	4	11898846554480	none	5470	c8bed34f	512	224	0	5470
5542	5	11898859769890	none	5471	ca4c9f0a	512	224	0	5471
5543	6	11898877046010	none	5472	ca4c9f0a	512	224	0	5472
5544	7	11898894286750	none	5473	2d086d8b	512	224	0	5473
5545	0	11898911496200	none	5474	2ffa21ce	512	224	0	5474
5546	1	11898928745130	none	5475	98fddf83	512	224	0	5475
5547	2	11898945999790	none	5476	98fddf83	512	224	0	5476
5548	3	11898963224430	none	5477	b9d204be	512	224	0	5477
5549	4	11898976445200	none	5478	b9d204be	512	224	0	5478
5550	5	11898993681040	none	5479	18ded62b	512	224	0	5479
5551	6	11899011030640	none	5480	73483ac0	512	224	0	5480
5552	7	11899028273850	none	5481	c8bed34f	512	224	0	5481
5553	0	11899045497280	none	5482	c8bed34f	512	224	0	5482
5554	1	11899062745960	none	5483	c8bed34f	512	224	0	5483
5555	2	11899075969700	none	5484	c8bed34f	512	224	0	5484
5556	3	11899093198750	none	5485	c8bed34f	512	224	0	5485
5557	4	11899110444050	none	5486	ca4c9f0a	512	224	0	5486
5558	5	11899127691390	none	5487	c8bed34f	512	224	0	5487
5559	6	11899144966360	none	5488	c8bed34f	512	224	0	5488
5560	7	11899162184040	none	5489	c8bed34f	512	224	0	5489
5561	0	11899179437150	none	5490	c8bed34f	512	224	0	5490
5562	1	11899192641650	none	5491	c8bed34f	512	224	0	5491
5563	2	11899210026640	none	5492	c8bed34f	512	224	0	5492
5564	3	11899227244100	none	5493	ca4c9f0a	512	224	0	5493
5565	4	11899244473400	none	5494	ca4c9f0a	512	224	0	5494
5566	5	11899261720780	none	5495	2f1159c4	512	224	0	5495
5567	6	11899279031650	none	5496	fd8310e5	512	224	0	5496
5568	7	11899292268770	none	5497	3d49aea8	512	224	0	5497
5569	0	11899309487840	none	5498	489ddae7	512	224	0	5498
5570	1	11899326715290	none	5499	725dfc79	512	224	0	5499
5571	2	11899344093760	none	5500	725dfc79	512	224	0	5500
5572	3	11899361411250	none	5501	73483ac0	512	224	0	5501
5573	4	11899379273690	none	5502	e1df8944	512	224	0	5502
5574	5	11899392452860	none	5503	c8bed34f	512	224	0	5503
5575	6	11899409694160	none	5504	c8bed34f	512	224	0	5504
5576	7	11899426925800	none	5505	c8bed34f	512	224	0	5505
5577	0	11899444158580	none	5506	c8bed34f	512	224	0	5506
5578	1	11899461392030	none	5507	c8bed34f	512	224	0	5507
5579	2	11899478677700	none	5508	ca4c9f0a	512	224	0	5508
5580	3	11899491894930	none	5509	c8bed34f	512	224	0	5509
5581	4	11899509125880	none	5510	c8bed34f	512	224	0	5510
5582	5	11899526437260	none	5511	c8bed34f	512	224	0	5511
5583	6	11899543693000	none	5512	c8bed34f	512	224	0	5512
5584	7	11899560954820	none	5513	c8bed34f	512	224	0	5513
5585	0	11899578192030	none	5514	c8bed34f	512	224	0	5514
5586	1	11899595457620	none	5515	ca4c9f0a	512	224	0	5515
5587	2	11899608771570	none	5516	ca4c9f0a	512	224	0	5516
5588	3	11899626035000	none	5517	2f1159c4	512	224	0	5517
5589	4	11899643264610	none	5518	fd8310e5	512	224	0	5518
5590	5	11899660477650	none	5519	3d49aea8	512	224	0	5519
5591	6	11899677819890	none	5520	489ddae7	512	224	0	5520
5592	7	11899695046960	none	5521	c52cbdd2	512	224	0	5521
5593	0	11899708228560	none	5522	c52cbdd2	512	224	0	5522
5594	1	11899725456820	none	5523	73483ac0	512	224	0	5523
5595	2	11899742721130	none	5524	e1df8944	512	224	0	5524
5596	3	11899759946940	none	5525	c8bed34f	512	224	0	5525
5597	4	11899777328760	none	5526	c8bed34f	512	224	0	5526
5598	5	11899794556540	none	5527	c8bed34f	512	224	0	5527
5599	6	11899811804740	none	5528	c8bed34f	512	224	0	5528
5600	7	11899824989970	none	5529	caa7e700	512	224	0	5529
5601	0	11899842190650	none	5530	1835ae21	512	224	0	5530
5602	1	11899859428040	none	5531	18ded62b	512	224	0	5531
5603	2	11899876795630	none	5532	18ded62b	512	224	0	5532
5604	3	11899894030110	none	5533	c8bed34f	512	224	0	5533
5605	4	11899911265510	none	5534	c8bed34f	512	224	0	5534
5606	5	11899924441560	none	5535	c8bed34f	512	224	0	5535
5607	6	11899941683960	none	5536	c8bed34f	512	224	0	5536
5608	7	11899958899480	none	5537	c8bed34f	512	224	0	5537
5609	0	11899976265530	none	5538	ca4c9f0a	512	224	0	5538
5610	1	11899993482330	none	5539	ca4c9f0a	512	224	0	5539
5611	2	11900010762540	none	5540	2f1159c4	512	224	0	5540
5612	3	11900028002220	none	5541	fd8310e5	512	224	0	5541
5613	4	11900041183740	none	5542	489ddae7	512	224	0	5542
5614	5	11900058495120	none	5543	489ddae7	512	224	0	5543
5615	6	11900075744780	none	5544	c52cbdd2	512	224	0	5544
5616	7	11900092982520	none	5545	c52cbdd2	512	224	0	5545
5617	0	11900110201160	none	5546	73483ac0	512	224	0	5546
5618	1	11900127458010	none	5547	e1df8944	512	224	0	5547
5619	2	11900140736610	none	5548	c8bed34f	512	224	0	5548
5620	3	11900157996560	none	5549	c8bed34f	512	224	0	5549
5621	4	11900175211200	none	5550	c8bed34f	512	224	0	5550
5622	5	11900192422280	none	5551	c8bed34f	512	224	0	5551
5623	6	11900209659500	none	5552	c8bed34f	512	224	0	5552
5624	7	11900226999080	none	5553	ca4c9f0a	512	224	0	5553
5625	0	11900244216480	none	5554	c8bed34f	512	224	0	5554
5626	1	11900257402610	none	5555	c8bed34f	512	224	0	5555
5627	2	11900274695260	none	5556	c8bed34f	512	224	0	5556
5628	3	11900291919650	none	5557	c8bed34f	512	224	0	5557
5629	4	11900309130640	none	5558	c8bed34f	512	224	0	5558
5630	5	11900326383860	none	5559	c8bed34f	512	224	0	5559
5631	6	11900343627880	none	5560	ca4c9f0a	512	224	0	5560
5632	7	11900360861050	none	5561	ca4c9f0a	512	224	0	5561
5633	0	11900374055560	none	5562	2d086d8b	512	224	0	5562
5634	1	11900391258200	none	5563	2ffa21ce	512	224	0	5563
5635	2	11900408463710	none	5564	98fddf83	512	224	0	5564
5636	3	11900425812760	none	5565	98fddf83	512	224	0	5565
5637	4	11900443033270	none	5566	c8bed34f	512	224	0	5566
5638	5	11900460274460	none	5567	18ded62b	512	224	0	5567
5639	6	11900477497980	none	5568	18ded62b	512	224	0	5568
5640	7	11900490715450	none	5569	18ded62b	512	224	0	5569
5641	0	11900507938040	none	5570	c8bed34f	512	224	0	5570
5642	1	11900525376310	none	5571	c8bed34f	512	224	0	5571
5643	2	11900542674800	none	5572	c8bed34f	512	224	0	5572
5644	3	11900559916550	none	5573	c8bed34f	512	224	0	5573
5645	4	11900577152610	none	5574	c8bed34f	512	224	0	5574
5646	5	11900590346270	none	5575	ca4c9f0a	512	224	0	5575
5647	6	11900607553570	none	5576	c8bed34f	512	224	0	5576
5648	7	11900624927890	none	5577	c8bed34f	512	224	0	5577
5649	0	11900642135740	none	5578	c8bed34f	512	224	0	5578
5650	1	11900659381600	none	5579	c8bed34f	512	224	0	5579
5651	2	11900676614110	none	5580	c8bed34f	512	224	0	5580
5652	3	11900689817780	none	5581	c8bed34f	512	224	0	5581
5653	4	11900707048900	none	5582	c8bed34f	512	224	0	5582
5654	5	11900724405340	none	5583	ca4c9f0a	512	224	0	5583
5655	6	11900741637150	none	5584	2f1159c4	512	224	0	5584
5656	7	11900758879860	none	5585	ff715ca0	512	224	0	5585
5657	0	11900776122250	none	5586	3d49aea8	512	224	0	5586
5658	1	11900793337820	none	5587	489ddae7	512	224	0	5587
5659	2	11900806550270	none	5588	c52cbdd2	512	224	0	5588
5660	3	11900823800450	none	5589	c52cbdd2	512	224	0	5589
5661	4	11900841009340	none	5590	73483ac0	512	224	0	5590
5662	5	11900858245860	none	5591	e1df8944	512	224	0	5591
5663	6	11900875505710	none	5592	c8bed34f	512	224	0	5592
5664	7	11900892768100	none	5593	c8bed34f	512	224	0	5593
5665	0	11900910086490	none	5594	c8bed34f	512	224	0	5594
5666	1	11900923269140	none	5595	c8bed34f	512	224	0	5595
5667	2	11900940472010	none	5596	c8bed34f	512	224	0	5596
5668	3	11900957714930	none	5597	ca4c9f0a	512	224	0	5597
5669	4	11900975095080	none	5598	c8bed34f	512	224	0	5598
5670	5	11900992327030	none	5599	2ffa21ce	512	224	0	5599
5671	6	11901009534610	none	5600	c8bed34f	512	224	0	5600
5672	7	11901022753290	none	5601	c8bed34f	512	224	0	5601
5673	0	11901039974140	none	5602	c8bed34f	512	224	0	5602
5674	1	11901057176800	none	5603	c8bed34f	512	224	0	5603
5675	2	11901074438880	none	5604	c8bed34f	512	224	0	5604
5676	3	11901091684350	none	5605	ca4c9f0a	512	224	0	5605
5677	4	11901109075510	none	5606	ca4c9f0a	512	224	0	5606
5678	5	11901126306730	none	5607	2d086d8b	512	224	0	5607
5679	6	11901139618540	none	5608	2ffa21ce	512	224	0	5608
5680	7	11901156890220	none	5609	98fddf83	512	224	0	5609
5681	0	11901174129250	none	5610	98fddf83	512	224	0	5610
5682	1	11901191367580	none	5611	b9d204be	512	224	0	5611
5683	2	11901208617540	none	5612	b9d204be	512	224	0	5612
5684	3	11901225883890	none	5613	18ded62b	512	224	0	5613
5685	4	11901239233910	none	5614	73483ac0	512	224	0	5614
5686	5	11901256452460	none	5615	c8bed34f	512	224	0	5615
5687	6	11901273789070	none	5616	c8bed34f	512	224	0	5616
5688	7	11901291019090	none	5617	c8bed34f	512	224	0	5617
5689	0	11901308236230	none	5618	c8bed34f	512	224	0	5618
5690	1	11901325507710	none	5619	c8bed34f	512	224	0	5619
5691	2	11901342762870	none	5620	ca4c9f0a	512	224	0	5620
5692	3	11901355952240	none	5621	c8bed34f	512	224	0	5621
5693	4	11901373329120	none	5622	c8bed34f	512	224	0	5622
5694	5	11901390575590	none	5623	c8bed34f	512	224	0	5623
5695	6	11901407828920	none	5624	c8bed34f	512	224	0	5624
5696	7	11901425050270	none	5625	c8bed34f	512	224	0	5625
5697	0	11901442423240	none	5626	c8bed34f	512	224	0	5626
5698	1	11901455625730	none	5627	ca4c9f0a	512	224	0	5627
5699	2	11901472947600	none	5628	ca4c9f0a	512	224	0	5628
5700	3	11901490156780	none	5629	2f1159c4	512	224	0	5629
5701	4	11901507400240	none	5630	fd8310e5	512	224	0	5630
5702	5	11901524658060	none	5631	3d49aea8	512	224	0	5631
5703	6	11901541893200	none	5632	489ddae7	512	224	0	5632
5704	7	11901555076300	none	5633	c52cbdd2	512	224	0	5633
5705	0	11901572440960	none	5634	c52cbdd2	512	224	0	5634
5706	1	11901589676310	none	5635	73483ac0	512	224	0	5635
5707	2	11901606982670	none	5636	e1df8944	512	224	0	5636
5708	3	11901624310930	none	5637	c8bed34f	512	224	0	5637
5709	4	11901641539790	none	5638	c8bed34f	512	224	0	5638
5710	5	11901658758440	none	5639	c8bed34f	512	224	0	5639
5711	6	11901671977870	none	5640	c8bed34f	512	224	0	5640
5712	7	11901689167350	none	5641	c8bed34f	512	224	0	5641
5713	0	11901706403380	none	5642	ca4c9f0a	512	224	0	5642
5714	1	11901723656730	none	5643	c8bed34f	512	224	0	5643
5715	2	11901740896640	none	5644	2ffa21ce	512	224	0	5644
5716	3	11901758103000	none	5645	c8bed34f	512	224	0	5645
5717	4	11901775316030	none	5646	c8bed34f	512	224	0	5646
5718	5	11901788645940	none	5647	c8bed34f	512	224	0	5647
5719	6	11901805955110	none	5648	c8bed34f	512	224	0	5648
5720	7	11901823172460	none	5649	c8bed34f	512	224	0	5649
5721	0	11901840420980	none	5650	ca4c9f0a	512	224	0	5650
5722	1	11901857661130	none	5651	2d086d8b	512	224	0	5651
5723	2	11901875031780	none	5652	2d086d8b	512	224	0	5652
5724	3	11901888227340	none	5653	98fddf83	512	224	0	5653
5725	4	11901905421400	none	5654	98fddf83	512	224	0	5654
5726	5	11901922719580	none	5655	c8bed34f	512	224	0	5655
5727	6	11901939949600	none	5656	18ded62b	512	224	0	5656
5728	7	11901957155360	none	5657	18ded62b	512	224	0	5657
5729	0	11901974401340	none	5658	18ded62b	512	224	0	5658
5730	1	11901987705640	none	5659	c8bed34f	512	224	0	5659
5731	2	11902004923990	none	5660	c8bed34f	512	224	0	5660
5732	3	11902022136940	none	5661	c8bed34f	512	224	0	5661
5733	4	11902039378780	none	5662	c8bed34f	512	224	0	5662
5734	5	11902056634470	none	5663	c8bed34f	512	224	0	5663
5735	6	11902073875220	none	5664	ca4c9f0a	512	224	0	5664
5736	7	11902091296590	none	5665	c8bed34f	512	224	0	5665
5737	0	11902104467400	none	5666	c8bed34f	512	224	0	5666
5738	1	11902121826670	none	5667	c8bed34f	512	224	0	5667
5739	2	11902139183480	none	5668	c8bed34f	512	224	0	5668
5740	3	11902156421070	none	5669	c8bed34f	512	224	0	5669
5741	4	11902173671430	none	5670	c8bed34f	512	224	0	5670
5742	5	11902190898800	none	5671	c8bed34f	512	224	0	5671
5743	6	11902204089970	none	5672	ca4c9f0a	512	224	0	5672
5744	7	11902221310360	none	5673	ca4c9f0a	512	224	0	5673
5745	0	11902238521620	none	5674	2f1159c4	512	224	0	5674
5746	1	11902255764450	none	5675	fd8310e5	512	224	0	5675
5747	2	11902272990870	none	5676	3d49aea8	512	224	0	5676
5748	3	11902290374500	none	5677	489ddae7	512	224	0	5677
5749	4	11902307616630	none	5678	725dfc79	512	224	0	5678
5750	5	11902320826150	none	5679	725dfc79	512	224	0	5679
5751	6	11902338061690	none	5680	73483ac0	512	224	0	5680
5752	7	11902355283860	none	5681	e1df8944	512	224	0	5681
5753	0	11902372497290	none	5682	c8bed34f	512	224	0	5682
5754	1	11902389748610	none	5683	c8bed34f	512	224	0	5683
5755	2	11902407027130	none	5684	c8bed34f	512	224	0	5684
5756	3	11902424281900	none	5685	c8bed34f	512	224	0	5685
5757	4	11902437476010	none	5686	c8bed34f	512	224	0	5686
5758	5	11902454734470	none	5687	ca4c9f0a	512	224	0	5687
5759	6	11902472005750	none	5688	c8bed34f	512	224	0	5688
5760	7	11902489241610	none	5689	c8bed34f	512	224	0	5689
5761	0	11902506450770	none	5690	c8bed34f	512	224	0	5690
5762	1	11902523704360	none	5691	c8bed34f	512	224	0	5691
5763	2	11902536952030	none	5692	c8bed34f	512	224	0	5692
5764	3	11902554168380	none	5693	c8bed34f	512	224	0	5693
5765	4	11902571403950	none	5694	ca4c9f0a	512	224	0	5694
5766	5	11902588645540	none	5695	ca4c9f0a	512	224	0	5695
5767	6	11902605896700	none	5696	2f1159c4	512	224	0	5696
5768	7	11902623107330	none	5697	fd8310e5	512	224	0	5697
5769	0	11902640352670	none	5698	3d49aea8	512	224	0	5698
5770	1	11902653549910	none	5699	489ddae7	512	224	0	5699
5771	2	11902670817780	none	5700	c32d4cdb	512	224	0	5700
5772	3	11902688086990	none	5701	c32d4cdb	512	224	0	5701
5773	4	11902705302740	none	5702	73483ac0	512	224	0	5702
5774	5	11902722524910	none	5703	e1df8944	512	224	0	5703
5775	6	11902739857720	none	5704	c8bed34f	512	224	0	5704
5776	7	11902757072070	none	5705	c8bed34f	512	224	0	5705
5777	0	11902770262780	none	5706	c8bed34f	512	224	0	5706
5778	1	11902787477670	none	5707	caa7e700	512	224	0	5707
5779	2	11902804719660	none	5708	1ac7e264	512	224	0	5708
5780	3	11902821948480	none	5709	6ff8ee21	512	224	0	5709
5781	4	11902839308160	none	5710	18ded62b	512	224	0	5710
5782	5	11902856540540	none	5711	73483ac0	512	224	0	5711
5783	6	11902869762570	none	5712	c8bed34f	512	224	0	5712
5784	7	11902886999650	none	5713	c8bed34f	512	224	0	5713
5785	0	11902904227350	none	5714	c8bed34f	512	224	0	5714
5786	1	11902921452590	none	5715	c8bed34f	512	224	0	5715
5787	2	11902938718200	none	5716	c8bed34f	512	224	0	5716
5788	3	11902955939160	none	5717	ca4c9f0a	512	224	0	5717
5789	4	11902973164460	none	5718	ca4c9f0a	512	224	0	5718
5790	5	11902986370590	none	5719	2f1159c4	512	224	0	5719
5791	6	11903003628650	none	5720	fd8310e5	512	224	0	5720
5792	7	11903020870760	none	5721	489ddae7	512	224	0	5721
5793	0	11903038245990	none	5722	489ddae7	512	224	0	5722
5794	1	11903055454310	none	5723	725dfc79	512	224	0	5723
5795	2	11903072711950	none	5724	725dfc79	512	224	0	5724
5796	3	11903085962900	none	5725	73483ac0	512	224	0	5725
5797	4	11903103224050	none	5726	e1df8944	512	224	0	5726
5798	5	11903120439440	none	5727	c8bed34f	512	224	0	5727
5799	6	11903137697480	none	5728	c8bed34f	512	224	0	5728
5800	7	11903154952300	none	5729	c8bed34f	512	224	0	5729
5801	0	11903172202870	none	5730	c8bed34f	512	224	0	5730
5802	1	11903189426940	none	5731	c8bed34f	512	224	0	5731
5803	2	11903202651510	none	5732	c8bed34f	512	224	0	5732
5804	3	11903220005290	none	5733	2ffa21ce	512	224	0	5733
5805	4	11903237237520	none	5734	c8bed34f	512	224	0	5734
5806	5	11903254449640	none	5735	c8bed34f	512	224	0	5735
5807	6	11903271703060	none	5736	c8bed34f	512	224	0	5736
5808	7	11903288999740	none	5737	c8bed34f	512	224	0	5737
5809	0	11903302208320	none	5738	c8bed34f	512	224	0	5738
5810	1	11903319538930	none	5739	ca4c9f0a	512	224	0	5739
5811	2	11903336817000	none	5740	ca4c9f0a	512	224	0	5740
5812	3	11903354100540	none	5741	2d086d8b	512	224	0	5741
5813	4	11903371377690	none	5742	2ffa21ce	512	224	0	5742
5814	5	11903388733210	none	5743	98fddf83	512	224	0	5743
5815	6	11903405981270	none	5744	98fddf83	512	224	0	5744
5816	7	11903419169170	none	5745	c8bed34f	512	224	0	5745
5817	0	11903436440570	none	5746	18ded62b	512	224	0	5746
5818	1	11903453706920	none	5747	18ded62b	512	224	0	5747
5819	2	11903470975570	none	5748	18ded62b	512	224	0	5748
5820	3	11903488260260	none	5749	c8bed34f	512	224	0	5749
5821	4	11903505486940	none	5750	c8bed34f	512	224	0	5750
5822	5	11903518703900	none	5751	c8bed34f	512	224	0	5751
5823	6	11903536001860	none	5752	c8bed34f	512	224	0	5752
5824	7	11903553237690	none	5753	c8bed34f	512	224	0	5753
5825	0	11903570447730	none	5754	ca4c9f0a	512	224	0	5754
5826	1	11903587794090	none	5755	c8bed34f	512	224	0	5755
5827	2	11903605024140	none	5756	c8bed34f	512	224	0	5756
5828	3	11903622255340	none	5757	c8bed34f	512	224	0	5757
5829	4	11903635435330	none	5758	c8bed34f	512	224	0	5758
5830	5	11903652701620	none	5759	c8bed34f	512	224	0	5759
5831	6	11903669947570	none	5760	c8bed34f	512	224	0	5760
5832	7	11903687348280	none	5761	ca4c9f0a	512	224	0	5761
5833	0	11903704582550	none	5762	ca4c9f0a	512	224	0	5762
5834	1	11903721831370	none	5763	2f1159c4	512	224	0	5763
5835	2	11903735089100	none	5764	fd8310e5	512	224	0	5764
5836	3	11903752376420	none	5765	3d49aea8	512	224	0	5765
5837	4	11903769670870	none	5766	489ddae7	512	224	0	5766
5838	5	11903786910330	none	5767	725dfc79	512	224	0	5767
5839	6	11903804146250	none	5768	725dfc79	512	224	0	5768
5840	7	11903821442150	none	5769	73483ac0	512	224	0	5769
5841	0	11903834665810	none	5770	e1df8944	512	224	0	5770
5842	1	11903852045920	none	5771	c8bed34f	512	224	0	5771
5843	2	11903869385100	none	5772	c8bed34f	512	224	0	5772
5844	3	11903886768520	none	5773	c8bed34f	512	224	0	5773
5845	4	11903904009010	none	5774	c8bed34f	512	224	0	5774
5846	5	11903921233800	none	5775	c8bed34f	512	224	0	5775
5847	6	11903938448780	none	5776	ca4c9f0a	512	224	0	5776
5848	7	11903951697210	none	5777	c8bed34f	512	224	0	5777
5849	0	11903968911630	none	5778	2ffa21ce	512	224	0	5778
5850	1	11903986354950	none	5779	c8bed34f	512	224	0	5779
5851	2	11904003644540	none	5780	c8bed34f	512	224	0	5780
5852	3	11904020862450	none	5781	c8bed34f	512	224	0	5781
5853	4	11904038094770	none	5782	c8bed34f	512	224	0	5782
5854	5	11904051263300	none	5783	c8bed34f	512	224	0	5783
5855	6	11904068469690	none	5784	ca4c9f0a	512	224	0	5784
5856	7	11904085719030	none	5785	ca4c9f0a	512	224	0	5785
5857	0	11904103007060	none	5786	2d086d8b	512	224	0	5786
5858	1	11904120263710	none	5787	2ffa21ce	512	224	0	5787
5859	2	11904137497520	none	5788	98fddf83	512	224	0	5788
5860	3	11904154782600	none	5789	98fddf83	512	224	0	5789
5861	4	11904168051220	none	5790	b9d204be	512	224	0	5790
5862	5	11904185266960	none	5791	b9d204be	512	224	0	5791
5863	6	11904202531900	none	5792	18ded62b	512	224	0	5792
5864	7	11904219897340	none	5793	73483ac0	512	224	0	5793
5865	0	11904237119760	none	5794	c8bed34f	512	224	0	5794
5866	1	11904254382720	none	5795	c8bed34f	512	224	0	5795
5867	2	11904267605910	none	5796	c8bed34f	512	224	0	5796
5868	3	11904284840720	none	5797	c8bed34f	512	224	0	5797
5869	4	11904302067330	none	5798	c8bed34f	512	224	0	5798
5870	5	11904319389830	none	5799	ca4c9f0a	512	224	0	5799
5871	6	11904336661890	none	5800	c8bed34f	512	224	0	5800
5872	7	11904353897180	none	5801	c8bed34f	512	224	0	5801
5873	0	11904371105340	none	5802	c8bed34f	512	224	0	5802
5874	1	11904384398290	none	5803	c8bed34f	512	224	0	5803
5875	2	11904401741560	none	5804	c8bed34f	512	224	0	5804
5876	3	11904419203230	none	5805	c8bed34f	512	224	0	5805
5877	4	11904436488990	none	5806	ca4c9f0a	512	224	0	5806
5878	5	11904453747660	none	5807	ca4c9f0a	512	224	0	5807
5879	6	11904467050750	none	5808	ca4c9f0a	512	224	0	5808
5880	7	11904484269330	none	5809	c8bed34f	512	224	0	5809
5881	0	11904501504740	none	5810	c8bed34f	512	224	0	5810
5882	1	11904518872480	none	5811	c8bed34f	512	224	0	5811
5883	2	11904536186860	none	5812	c8bed34f	512	224	0	5812
5884	3	11904553469100	none	5813	c8bed34f	512	224	0	5813
5885	4	11904570724450	none	5814	c8bed34f	512	224	0	5814
5886	5	11904583900680	none	5815	2ffa21ce	512	224	0	5815
5887	6	11904601113380	none	5816	c8bed34f	512	224	0	5816
5888	7	11904618347250	none	5817	c8bed34f	512	224	0	5817
5889	0	11904635703170	none	5818	c8bed34f	512	224	0	5818
5890	1	11904652964180	none	5819	c8bed34f	512	224	0	5819
5891	2	11904670207210	none	5820	c8bed34f	512	224	0	5820
5892	3	11904683376380	none	5821	ca4c9f0a	512	224	0	5821
5893	4	11904700631260	none	5822	c8bed34f	512	224	0	5822
5894	5	11904717890630	none	5823	c8bed34f	512	224	0	5823
5895	6	11904735120380	none	5824	c8bed34f	512	224	0	5824
5896	7	11904752378950	none	5825	c8bed34f	512	224	0	5825
5897	0	11904769683920	none	5826	c8bed34f	512	224	0	5826
5898	1	11904786914230	none	5827	c8bed34f	512	224	0	5827
5899	2	11904800292710	none	5828	ca4c9f0a	512	224	0	5828
5900	3	11904817518750	none	5829	ca4c9f0a	512	224	0	5829
5901	4	11904834828810	none	5830	2d086d8b	512	224	0	5830
5902	5	11904852063020	none	5831	2ffa21ce	512	224	0	5831
5903	6	11904869392250	none	5832	98fddf83	512	224	0	5832
5904	7	11904886661750	none	5833	98fddf83	512	224	0	5833
5905	0	11904899864780	none	5834	c8bed34f	512	224	0	5834
5906	1	11904917083940	none	5835	c8bed34f	512	224	0	5835
5907	2	11904934422470	none	5836	c8bed34f	512	224	0	5836
5908	3	11904951686850	none	5837	c8bed34f	512	224	0	5837
5909	4	11904968924030	none	5838	c8bed34f	512	224	0	5838
5910	5	11904986259530	none	5839	c8bed34f	512	224	0	5839
5911	6	11904999473160	none	5840	c8bed34f	512	224	0	5840
5912	7	11905016706740	none	5841	c8bed34f	512	224	0	5841
5913	0	11905033928400	none	5842	c8bed34f	512	224	0	5842
5914	1	11905051175520	none	5843	ca4c9f0a	512	224	0	5843
5915	2	11905068451360	none	5844	c8bed34f	512	224	0	5844
5916	3	11905085703420	none	5845	c8bed34f	512	224	0	5845
5917	4	11905103109660	none	5846	c8bed34f	512	224	0	5846
5918	5	11905116312010	none	5847	c8bed34f	512	224	0	5847
5919	6	11905133704720	none	5848	c8bed34f	512	224	0	5848
5920	7	11905150972780	none	5849	c8bed34f	512	224	0	5849
5921	0	11905168202990	none	5850	c8bed34f	512	224	0	5850
5922	1	11905185432120	none	5851	ca4c9f0a	512	224	0	5851
5923	2	11905202724650	none	5852	ca4c9f0a	512	224	0	5852
5924	3	11905215919620	none	5853	2d086d8b	512	224	0	5853
5925	4	11905233310710	none	5854	ff9a24aa	512	224	0	5854
5926	5	11905250541290	none	5855	489ddae7	512	224	0	5855
5927	6	11905267827250	none	5856	489ddae7	512	224	0	5856
5928	7	11905285052580	none	5857	73483ac0	512	224	0	5857
5929	0	11905302451630	none	5858	73483ac0	512	224	0	5858
5930	1	11905315700540	none	5859	73483ac0	512	224	0	5859
5931	2	11905332955480	none	5860	e1df8944	512	224	0	5860
5932	3	11905350197330	none	5861	c8bed34f	512	224	0	5861
5933	4	11905367407460	none	5862	c8bed34f	512	224	0	5862
5934	5	11905384660540	none	5863	c8bed34f	512	224	0	5863
5935	6	11905401930890	none	5864	c8bed34f	512	224	0	5864
5936	7	11905419232190	none	5865	c8bed34f	512	224	0	5865
5937	0	11905432459950	none	5866	ca4c9f0a	512	224	0	5866
5938	1	11905449698250	none	5867	c8bed34f	512	224	0	5867
5939	2	11905466914520	none	5868	c8bed34f	512	224	0	5868
5940	3	11905484150570	none	5869	c8bed34f	512	224	0	5869
5941	4	11905501343960	none	5870	c8bed34f	512	224	0	5870
5942	5	11905518595500	none	5871	c8bed34f	512	224	0	5871
5943	6	11905531851930	none	5872	c8bed34f	512	224	0	5872
5944	7	11905549060360	none	5873	ca4c9f0a	512	224	0	5873
5945	0	11905566313220	none	5874	ca4c9f0a	512	224	0	5874
5946	1	11905583561610	none	5875	2d086d8b	512	224	0	5875
5947	2	11905600842160	none	5876	2ffa21ce	512	224	0	5876
5948	3	11905618231140	none	5877	98fddf83	512	224	0	5877
5949	4	11905635440440	none	5878	98fddf83	512	224	0	5878
5950	5	11905648806940	none	5879	c8bed34f	512	224	0	5879
5951	6	11905666015040	none	5880	c8bed34f	512	224	0	5880
5952	7	11905683243480	none	5881	c8bed34f	512	224	0	5881
5953	0	11905700476260	none	5882	c8bed34f	512	224	0	5882
5954	1	11905717714820	none	5883	c8bed34f	512	224	0	5883
5955	2	11905734943470	none	5884	c8bed34f	512	224	0	5884
5956	3	11905748333020	none	5885	c8bed34f	512	224	0	5885
5957	4	11905765566770	none	5886	c8bed34f	512	224	0	5886
5958	5	11905782868220	none	5887	c8bed34f	512	224	0	5887
5959	6	11905800105230	none	5888	c8bed34f	512	224	0	5888
5960	7	11905817344650	none	5889	c8bed34f	512	224	0	5889
5961	0	11905834588680	none	5890	c8bed34f	512	224	0	5890
5962	1	11905851821570	none	5891	c8bed34f	512	224	0	5891
5963	2	11905865039820	none	5892	c8bed34f	512	224	0	5892
5964	3	11905882266580	none	5893	c8bed34f	512	224	0	5893
5965	4	11905899500220	none	5894	c8bed34f	512	224	0	5894
5966	5	11905916790140	none	5895	c8bed34f	512	224	0	5895
5967	6	11905934012610	none	5896	c8bed34f	512	224	0	5896
5968	7	11905951372460	none	5897	2ffa21ce	512	224	0	5897
5969	0	11905964598890	none	5898	ff9a24aa	512	224	0	5898
5970	1	11905981922650	none	5899	489ddae7	512	224	0	5899
5971	2	11905999148470	none	5900	489ddae7	512	224	0	5900
5972	3	11906016344090	none	5901	73483ac0	512	224	0	5901
5973	4	11906033586610	none	5902	73483ac0	512	224	0	5902
5974	5	11906050822370	none	5903	71ba7685	512	224	0	5903
5975	6	11906068056750	none	5904	e1df8944	512	224	0	5904
5976	7	11906081265830	none	5905	c8bed34f	512	224	0	5905
5977	0	11906098497470	none	5906	c8bed34f	512	224	0	5906
5978	1	11906115743190	none	5907	c8bed34f	512	224	0	5907
5979	2	11906133022480	none	5908	c8bed34f	512	224	0	5908
5980	3	11906150281210	none	5909	c8bed34f	512	224	0	5909
5981	4	11906167548110	none	5910	ca4c9f0a	512	224	0	5910
5982	5	11906184867840	none	5911	c8bed34f	512	224	0	5911
5983	6	11906198050570	none	5912	2ffa21ce	512	224	0	5912
5984	7	11906215334850	none	5913	c8bed34f	512	224	0	5913
5985	0	11906232588980	none	5914	c8bed34f	512	224	0	5914
5986	1	11906249833730	none	5915	c8bed34f	512	224	0	5915
5987	2	11906267049340	none	5916	c8bed34f	512	224	0	5916
5988	3	11906284291710	none	5917	c8bed34f	512	224	0	5917
5989	4	11906297505710	none	5918	ca4c9f0a	512	224	0	5918
5990	5	11906314765990	none	5919	ca4c9f0a	512	224	0	5919
5991	6	11906331999580	none	5920	2d086d8b	512	224	0	5920
5992	7	11906349215810	none	5921	2ffa21ce	512	224	0	5921
5993	0	11906366433360	none	5922	98fddf83	512	224	0	5922
5994	1	11906383689480	none	5923	98fddf83	512	224	0	5923
5995	2	11906401009820	none	5924	c8bed34f	512	224	0	5924
5996	3	11906414236830	none	5925	c8bed34f	512	224	0	5925
5997	4	11906431467400	none	5926	c8bed34f	512	224	0	5926
5998	5	11906448735880	none	5927	c8bed34f	512	224	0	5927
5999	6	11906466084700	none	5928	c8bed34f	512	224	0	5928
6000	7	11906483324320	none	5929	c8bed34f	512	224	0	5929
6001	0	11906500674410	none	5930	c8bed34f	512	224	0	5930
6002	1	11906513909940	none	5931	c8bed34f	512	224	0	5931
6003	2	11906531143470	none	5932	c8bed34f	512	224	0	5932
6004	3	11906548391940	none	5933	c8bed34f	512	224	0	5933
6005	4	11906565654620	none	5934	c8bed34f	512	224	0	5934
6006	5	11906582868040	none	5935	c8bed34f	512	224	0	5935
6007	6	11906600258930	none	5936	c8bed34f	512	224	0	5936
6008	7	11906613473060	none	5937	c8bed34f	512	224	0	5937
6009	0	11906630817370	none	5938	c8bed34f	512	224	0	5938
6010	1	11906648050280	none	5939	c8bed34f	512	224	0	5939
6011	2	11906665431110	none	5940	ca4c9f0a	512	224	0	5940
6012	3	11906682673060	none	5941	c8bed34f	512	224	0	5941
6013	4	11906699963170	none	5942	2ffa21ce	512	224	0	5942
6014	5	11906717192450	none	5943	ff9a24aa	512	224	0	5943
6015	6	11906730363830	none	5944	489ddae7	512	224	0	5944
6016	7	11906747628740	none	5945	489ddae7	512	224	0	5945
6017	0	11906764829130	none	5946	73483ac0	512	224	0	5946
6018	1	11906782028330	none	5947	73483ac0	512	224	0	5947
6019	2	11906799395020	none	5948	71ba7685	512	224	0	5948
6020	3	11906816671170	none	5949	e1df8944	512	224	0	5949
6021	4	11906829856460	none	5950	c8bed34f	512	224	0	5950
6022	5	11906847066510	none	5951	c8bed34f	512	224	0	5951
6023	6	11906864289580	none	5952	c8bed34f	512	224	0	5952
6024	7	11906881549290	none	5953	c8bed34f	512	224	0	5953
6025	0	11906898775410	none	5954	c8bed34f	512	224	0	5954
6026	1	11906915991110	none	5955	ca4c9f0a	512	224	0	5955
6027	2	11906933241580	none	5956	c8bed34f	512	224	0	5956
6028	3	11906946462490	none	5957	2ffa21ce	512	224	0	5957
6029	4	11906963710040	none	5958	c8bed34f	512	224	0	5958
6030	5	11906980998720	none	5959	c8bed34f	512	224	0	5959
6031	6	11906998282250	none	5960	c8bed34f	512	224	0	5960
6032	7	11907015539150	none	5961	c8bed34f	512	224	0	5961
6033	0	11907032759790	none	5962	c8bed34f	512	224	0	5962
6034	1	11907046040690	none	5963	ca4c9f0a	512	224	0	5963
6035	2	11907063269000	none	5964	2d086d8b	512	224	0	5964
6036	3	11907080532040	none	5965	2d086d8b	512	224	0	5965
6037	4	11907097808210	none	5966	98fddf83	512	224	0	5966
6038	5	11907115088440	none	5967	98fddf83	512	224	0	5967
6039	6	11907132309360	none	5968	c8bed34f	512	224	0	5968
6040	7	11907149550500	none	5969	c8bed34f	512	224	0	5969
6041	0	11907162758670	none	5970	c8bed34f	512	224	0	5970
6042	1	11907180051320	none	5971	c8bed34f	512	224	0	5971
6043	2	11907197302600	none	5972	c8bed34f	512	224	0	5972
6044	3	11907214530480	none	5973	c8bed34f	512	224	0	5973
6045	4	11907231872140	none	5974	c8bed34f	512	224	0	5974
6046	5	11907249121800	none	5975	c8bed34f	512	224	0	5975
6047	6	11907266343180	none	5976	c8bed34f	512	224	0	5976
6048	7	11907279547770	none	5977	c8bed34f	512	224	0	5977
6049	0	11907296786230	none	5978	c8bed34f	512	224	0	5978
6050	1	11907314092900	none	5979	2ffa21ce	512	224	0	5979
6051	2	11907331318260	none	5980	c8bed34f	512	224	0	5980
6052	3	11907348672080	none	5981	c8bed34f	512	224	0	5981
6053	4	11907365953140	none	5982	c8bed34f	512	224	0	5982
6054	5	11907379127990	none	5983	c8bed34f	512	224	0	5983
6055	6	11907396328610	none	5984	c8bed34f	512	224	0	5984
6056	7	11907413578670	none	5985	ca4c9f0a	512	224	0	5985
6057	0	11907430835110	none	5986	c8bed34f	512	224	0	5986
6058	1	11907448208560	none	5987	2ffa21ce	512	224	0	5987
6059	2	11907465515680	none	5988	ff9a24aa	512	224	0	5988
6060	3	11907478700720	none	5989	489ddae7	512	224	0	5989
6061	4	11907495914020	none	5990	489ddae7	512	224	0	5990
6062	5	11907513112790	none	5991	c2a19128	512	224	0	5991
6063	6	11907530374360	none	5992	c053dd6d	512	224	0	5992
6064	7	11907547717500	none	5993	73483ac0	512	224	0	5993
6065	0	11907564957170	none	5994	e1df8944	512	224	0	5994
6066	1	11907582158860	none	5995	c8bed34f	512	224	0	5995
6067	2	11907595378690	none	5996	c8bed34f	512	224	0	5996
6068	3	11907612630420	none	5997	c8bed34f	512	224	0	5997
6069	4	11907629859280	none	5998	c8bed34f	512	224	0	5998
6070	5	11907647234470	none	5999	c8bed34f	512	224	0	5999
6071	6	11907664449630	none	6000	ca4c9f0a	512	224	0	6000
6072	7	11907681746050	none	6001	c8bed34f	512	224	0	6001
6073	0	11907694989600	none	6002	c8bed34f	512	224	0	6002
6074	1	11907712197660	none	6003	c8bed34f	512	224	0	6003
6075	2	11907729454410	none	6004	c8bed34f	512	224	0	6004
6076	3	11907746705420	none	6005	c8bed34f	512	224	0	6005
6077	4	11907763911450	none	6006	c8bed34f	512	224	0	6006
6078	5	11907781142440	none	6007	ca4c9f0a	512	224	0	6007
6079	6	11907798400280	none	6008	ca4c9f0a	512	224	0	6008
6080	7	11907811623870	none	6009	2d086d8b	512	224	0	6009
6081	0	11907828959630	none	6010	2ffa21ce	512	224	0	6010
6082	1	11907846187160	none	6011	98fddf83	512	224	0	6011
6083	2	11907863435480	none	6012	98fddf83	512	224	0	6012
6084	3	11907880710000	none	6013	c8bed34f	512	224	0	6013
6085	4	11907897995460	none	6014	c8bed34f	512	224	0	6014
6086	5	11907915204530	none	6015	c8bed34f	512	224	0	6015
6087	6	11907928367820	none	6016	c8bed34f	512	224	0	6016
6088	7	11907945607580	none	6017	c8bed34f	512	224	0	6017
6089	0	11907962826210	none	6018	c8bed34f	512	224	0	6018
6090	1	11907980045360	none	6019	c8bed34f	512	224	0	6019
6091	2	11907997304420	none	6020	c8bed34f	512	224	0	6020
6092	3	11908014600520	none	6021	c8bed34f	512	224	0	6021
6093	4	11908027775490	none	6022	ca4c9f0a	512	224	0	6022
6094	5	11908044988790	none	6023	c8bed34f	512	224	0	6023
6095	6	11908062192200	none	6024	c8bed34f	512	224	0	6024
6096	7	11908079399490	none	6025	c8bed34f	512	224	0	6025
6097	0	11908096725930	none	6026	c8bed34f	512	224	0	6026
6098	1	11908113978960	none	6027	c8bed34f	512	224	0	6027
6099	2	11908131245660	none	6028	c8bed34f	512	224	0	6028
6100	3	11908144427020	none	6029	c8bed34f	512	224	0	6029
6101	4	11908161671600	none	6030	ca4c9f0a	512	224	0	6030
6102	5	11908178900790	none	6031	ca4c9f0a	512	224	0	6031
6103	6	11908196285840	none	6032	2d086d8b	512	224	0	6032
6104	7	11908213532750	none	6033	ff9a24aa	512	224	0	6033
6105	0	11908230828100	none	6034	489ddae7	512	224	0	6034
6106	1	11908248049750	none	6035	489ddae7	512	224	0	6035
6107	2	11908261451800	none	6036	73483ac0	512	224	0	6036
6108	3	11908278671220	none	6037	73483ac0	512	224	0	6037
6109	4	11908295991550	none	6038	73483ac0	512	224	0	6038
6110	5	11908313273690	none	6039	e1df8944	512	224	0	6039
6111	6	11908330514710	none	6040	c8bed34f	512	224	0	6040
6112	7	11908347768750	none	6041	c8bed34f	512	224	0	6041
6113	0	11908361114750	none	6042	c8bed34f	512	224	0	6042
6114	1	11908378323740	none	6043	c8bed34f	512	224	0	6043
6115	2	11908395669440	none	6044	c8bed34f	512	224	0	6044
6116	3	11908412945400	none	6045	c8bed34f	512	224	0	6045
6117	4	11908430184720	none	6046	2ffa21ce	512	224	0	6046
6118	5	11908447385300	none	6047	c8bed34f	512	224	0	6047
6119	6	11908460609840	none	6048	c8bed34f	512	224	0	6048
6120	7	11908477838950	none	6049	c8bed34f	512	224	0	6049
6121	0	11908495229230	none	6050	c8bed34f	512	224	0	6050
6122	1	11908512466490	none	6051	c8bed34f	512	224	0	6051
6123	2	11908529732690	none	6052	ca4c9f0a	512	224	0	6052
6124	3	11908546991480	none	6053	ca4c9f0a	512	224	0	6053
6125	4	11908560201540	none	6054	2d086d8b	512	224	0	6054
6126	5	11908577402220	none	6055	2ffa21ce	512	224	0	6055
6127	6	11908594649760	none	6056	98fddf83	512	224	0	6056
6128	7	11908611929130	none	6057	98fddf83	512	224	0	6057
6129	0	11908629188260	none	6058	c8bed34f	512	224	0	6058
6130	1	11908646400780	none	6059	c8bed34f	512	224	0	6059
6131	2	11908663628850	none	6060	c8bed34f	512	224	0	6060
6132	3	11908676833330	none	6061	c8bed34f	512	224	0	6061
6133	4	11908694243500	none	6062	c8bed34f	512	224	0	6062
6134	5	11908711486980	none	6063	c8bed34f	512	224	0	6063
6135	6	11908728719990	none	6064	c8bed34f	512	224	0	6064
6136	7	11908745992830	none	6065	c8bed34f	512	224	0	6065
6137	0	11908763229420	none	6066	c8bed34f	512	224	0	6066
6138	1	11908780464400	none	6067	c8bed34f	512	224	0	6067
6139	2	11908793689340	none	6068	c8bed34f	512	224	0	6068
6140	3	11908811058600	none	6069	c8bed34f	512	224	0	6069
6141	4	11908828305770	none	6070	c8bed34f	512	224	0	6070
6142	5	11908845548380	none	6071	c8bed34f	512	224	0	6071
6143	6	11908862779340	none	6072	c8bed34f	512	224	0	6072
6144	7	11908880119770	none	6073	c8bed34f	512	224	0	6073
6145	0	11908893284440	none	6074	ca4c9f0a	512	224	0	6074
6146	1	11908910536810	none	6075	c8bed34f	512	224	0	6075
6147	2	11908927761210	none	6076	2ffa21ce	512	224	0	6076
6148	3	11908945117460	none	6077	ff9a24aa	512	224	0	6077
6149	4	11908962322460	none	6078	489ddae7	512	224	0	6078
6150	5	11908979569900	none	6079	489ddae7	512	224	0	6079
6151	6	11908996791570	none	6080	73483ac0	512	224	0	6080
6152	7	11909010143710	none	6081	73483ac0	512	224	0	6081
6153	0	11909027363780	none	6082	71ba7685	512	224	0	6082
6154	1	11909044707490	none	6083	e1df8944	512	224	0	6083
6155	2	11909061961570	none	6084	c8bed34f	512	224	0	6084
6156	3	11909079184490	none	6085	c8bed34f	512	224	0	6085
6157	4	11909096406180	none	6086	c8bed34f	512	224	0	6086
6158	5	11909109759870	none	6087	c8bed34f	512	224	0	6087
6159	6	11909126958670	none	6088	c8bed34f	512	224	0	6088
6160	7	11909144180170	none	6089	ca4c9f0a	512	224	0	6089
6161	0	11909161422310	none	6090	c8bed34f	512	224	0	6090
6162	1	11909178667290	none	6091	2ffa21ce	512	224	0	6091
6163	2	11909195919740	none	6092	c8bed34f	512	224	0	6092
6164	3	11909209256040	none	6093	c8bed34f	512	224	0	6093
6165	4	11909226487820	none	6094	c8bed34f	512	224	0	6094
6166	5	11909243807170	none	6095	c8bed34f	512	224	0	6095
6167	6	11909261036290	none	6096	c8bed34f	512	224	0	6096
6168	7	11909278307000	none	6097	ca4c9f0a	512	224	0	6097
6169	0	11909295554990	none	6098	ca4c9f0a	512	224	0	6098
6170	1	11909312796660	none	6099	2d086d8b	512	224	0	6099
6171	2	11909325986160	none	6100	2ffa21ce	512	224	0	6100
6172	3	11909343365670	none	6101	98fddf83	512	224	0	6101
6173	4	11909360606730	none	6102	98fddf83	512	224	0	6102
6174	5	11909377817030	none	6103	c8bed34f	512	224	0	6103
6175	6	11909395043240	none	6104	c8bed34f	512	224	0	6104
6176	7	11909412318280	none	6105	c8bed34f	512	224	0	6105
6177	0	11909425610290	none	6106	c8bed34f	512	224	0	6106
6178	1	11909443375240	none	6107	c8bed34f	512	224	0	6107
6179	2	11909460607730	none	6108	c8bed34f	512	224	0	6108
6180	3	11909477871050	none	6109	c8bed34f	512	224	0	6109
6181	4	11909495102790	none	6110	c8bed34f	512	224	0	6110
6182	5	11909512470990	none	6111	c8bed34f	512	224	0	6111
6183	6	11909525670460	none	6112	c8bed34f	512	224	0	6112
6184	7	11909542975390	none	6113	c8bed34f	512	224	0	6113
6185	0	11909560212690	none	6114	c8bed34f	512	224	0	6114
6186	1	11909577470190	none	6115	c8bed34f	512	224	0	6115
6187	2	11909594760650	none	6116	c8bed34f	512	224	0	6116
6188	3	11909612208330	none	6117	c8bed34f	512	224	0	6117
6189	4	11909625408480	none	6118	c8bed34f	512	224	0	6118
6190	5	11909642754160	none	6119	ca4c9f0a	512	224	0	6119
6191	6	11909659983660	none	6120	c8bed34f	512	224	0	6120
6192	7	11909677220530	none	6121	2ffa21ce	512	224	0	6121
6193	0	11909694458250	none	6122	ff9a24aa	512	224	0	6122
6194	1	11909711700600	none	6123	489ddae7	512	224	0	6123
6195	2	11909728907910	none	6124	489ddae7	512	224	0	6124
6196	3	11909742104340	none	6125	c2a19128	512	224	0	6125
6197	4	11909759299670	none	6126	c053dd6d	512	224	0	6126
6198	5	11909776544630	none	6127	71ba7685	512	224	0	6127
6199	6	11909793782990	none	6128	e1df8944	512	224	0	6128
6200	7	11909811022660	none	6129	c8bed34f	512	224	0	6129
6201	0	11909828242790	none	6130	c8bed34f	512	224	0	6130
6202	1	11909841440950	none	6131	c8bed34f	512	224	0	6131
6203	2	11909858692730	none	6132	c8bed34f	512	224	0	6132
6204	3	11909875913730	none	6133	c8bed34f	512	224	0	6133
6205	4	11909893157600	none	6134	ca4c9f0a	512	224	0	6134
6206	5	11909910378110	none	6135	c8bed34f	512	224	0	6135
6207	6	11909927674770	none	6136	c8bed34f	512	224	0	6136
6208	7	11909944924370	none	6137	c8bed34f	512	224	0	6137
6209	0	11909958122530	none	6138	c8bed34f	512	224	0	6138
6210	1	11909975330000	none	6139	c8bed34f	512	224	0	6139
6211	2	11909992586350	none	6140	c8bed34f	512	224	0	6140
6212	3	11910009818880	none	6141	ca4c9f0a	512	224	0	6141
6213	4	11910027111900	none	6142	ca4c9f0a	512	224	0	6142
6214	5	11910044344390	none	6143	2d086d8b	512	224	0	6143
6215	6	11910061692200	none	6144	2ffa21ce	512	224	0	6144
6216	7	11910074906380	none	6145	98fddf83	512	224	0	6145
6217	0	11910092139960	none	6146	98fddf83	512	224	0	6146
6218	1	11910109356730	none	6147	c8bed34f	512	224	0	6147
6219	2	11910126612320	none	6148	c8bed34f	512	224	0	6148
6220	3	11910143906800	none	6149	c8bed34f	512	224	0	6149
6221	4	11910161295300	none	6150	c8bed34f	512	224	0	6150
6222	5	11910174502800	none	6151	c8bed34f	512	224	0	6151
6223	6	11910191860900	none	6152	c8bed34f	512	224	0	6152
6224	7	11910209107990	none	6153	c8bed34f	512	224	0	6153
6225	0	11910226309100	none	6154	c8bed34f	512	224	0	6154
6226	1	11910243560450	none	6155	c8bed34f	512	224	0	6155
6227	2	11910260814350	none	6156	c8bed34f	512	224	0	6156
6228	3	11910278063540	none	6157	c8bed34f	512	224	0	6157
6229	4	11910291311230	none	6158	2ffa21ce	512	224	0	6158
6230	5	11910308564850	none	6159	c8bed34f	512	224	0	6159
6231	6	11910325784400	none	6160	c8bed34f	512	224	0	6160
6232	7	11910343006580	none	6161	c8bed34f	512	224	0	6161
6233	0	11910360381860	none	6162	c8bed34f	512	224	0	6162
6234	1	11910377654740	none	6163	c8bed34f	512	224	0	6163
6235	2	11910390863650	none	6164	ca4c9f0a	512	224	0	6164
6236	3	11910408093830	none	6165	c8bed34f	512	224	0	6165
6237	4	11910425304390	none	6166	2ffa21ce	512	224	0	6166
6238	5	11910442562020	none	6167	ff9a24aa	512	224	0	6167
6239	6	11910459773000	none	6168	489ddae7	512	224	0	6168
6240	7	11910476992100	none	6169	489ddae7	512	224	0	6169
6241	0	11910494245870	none	6170	c2a19128	512	224	0	6170
6242	1	11910507450840	none	6171	c053dd6d	512	224	0	6171
6243	2	11910524681360	none	6172	73483ac0	512	224	0	6172
6244	3	11910541997800	none	6173	e1df8944	512	224	0	6173
6245	4	11910559240170	none	6174	c8bed34f	512	224	0	6174
6246	5	11910576461480	none	6175	c8bed34f	512	224	0	6175
6247	6	11910593696020	none	6176	c8bed34f	512	224	0	6176
6248	7	11910607033350	none	6177	c8bed34f	512	224	0	6177
6249	0	11910624325140	none	6178	c8bed34f	512	224	0	6178
6250	1	11910641565350	none	6179	ca4c9f0a	512	224	0	6179
6251	2	11910658831610	none	6180	c8bed34f	512	224	0	6180
6252	3	11910676067290	none	6181	c8bed34f	512	224	0	6181
6253	4	11910693272180	none	6182	c8bed34f	512	224	0	6182
6254	5	11910710521650	none	6183	c8bed34f	512	224	0	6183
6255	6	11910723715090	none	6184	c8bed34f	512	224	0	6184
6256	7	11910741004330	none	6185	c8bed34f	512	224	0	6185
6257	0	11910758238750	none	6186	ca4c9f0a	512	224	0	6186
6258	1	11910775475320	none	6187	ca4c9f0a	512	224	0	6187
6259	2	11910792726730	none	6188	2d086d8b	512	224	0	6188
6260	3	11910810064850	none	6189	2ffa21ce	512	224	0	6189
6261	4	11910823239500	none	6190	98fddf83	512	224	0	6190
6262	5	11910840468940	none	6191	98fddf83	512	224	0	6191
6263	6	11910857688810	none	6192	c8bed34f	512	224	0	6192
6264	7	11910875063520	none	6193	c8bed34f	512	224	0	6193
6265	0	11910892269400	none	6194	c8bed34f	512	224	0	6194
6266	1	11910909615180	none	6195	c8bed34f	512	224	0	6195
6267	2	11910926958480	none	6196	c8bed34f	512	224	0	6196
6268	3	11910940149370	none	6197	c8bed34f	512	224	0	6197
6269	4	11910957363630	none	6198	c8bed34f	512	224	0	6198
6270	5	11910974619220	none	6199	c8bed34f	512	224	0	6199
6271	6	11910991862680	none	6200	c8bed34f	512	224	0	6200
6272	7	11911009248340	none	6201	ca4c9f0a	512	224	0	6201
6273	0	11911026492060	none	6202	c8bed34f	512	224	0	6202
6274	1	11911039692880	none	6203	c8bed34f	512	224	0	6203
6275	2	11911056975300	none	6204	c8bed34f	512	224	0	6204
6276	3	11911074185380	none	6205	c8bed34f	512	224	0	6205
6277	4	11911091436090	none	6206	c8bed34f	512	224	0	6206
6278	5	11911108774450	none	6207	c8bed34f	512	224	0	6207
6279	6	11911125987780	none	6208	c8bed34f	512	224	0	6208
6280	7	11911143213500	none	6209	ca4c9f0a	512	224	0	6209
6281	0	11911156411890	none	6210	2d086d8b	512	224	0	6210
6282	1	11911173648550	none	6211	fd6868ef	512	224	0	6211
6283	2	11911190888500	none	6212	489ddae7	512	224	0	6212
6284	3	11911208264200	none	6213	489ddae7	512	224	0	6213
6285	4	11911225512090	none	6214	73483ac0	512	224	0	6214
6286	5	11911242736630	none	6215	73483ac0	512	224	0	6215
6287	6	11911255961580	none	6216	73483ac0	512	224	0	6216
6288	7	11911273204610	none	6217	e1df8944	512	224	0	6217
6289	0	11911290453040	none	6218	c8bed34f	512	224	0	6218
6290	1	11911307688960	none	6219	c8bed34f	512	224	0	6219
6291	2	11911324905020	none	6220	c8bed34f	512	224	0	6220
6292	3	11911342133030	none	6221	c8bed34f	512	224	0	6221
6293	4	11911359384250	none	6222	c8bed34f	512	224	0	6222
6294	5	11911372582270	none	6223	ca4c9f0a	512	224	0	6223
6295	6	11911389808180	none	6224	c8bed34f	512	224	0	6224
6296	7	11911407049960	none	6225	2ffa21ce	512	224	0	6225
6297	0	11911424278800	none	6226	c8bed34f	512	224	0	6226
6298	1	11911441529970	none	6227	c8bed34f	512	224	0	6227
6299	2	11911458861670	none	6228	c8bed34f	512	224	0	6228
6300	3	11911472054400	none	6229	c8bed34f	512	224	0	6229
6301	4	11911489255930	none	6230	c8bed34f	512	224	0	6230
6302	5	11911506540600	none	6231	ca4c9f0a	512	224	0	6231
6303	6	11911523777910	none	6232	ca4c9f0a	512	224	0	6232
6304	7	11911540983710	none	6233	2d086d8b	512	224	0	6233
6305	0	11911558236200	none	6234	2ffa21ce	512	224	0	6234
6306	1	11911575487660	none	6235	98fddf83	512	224	0	6235
6307	2	11911588697050	none	6236	98fddf83	512	224	0	6236
6308	3	11911605981630	none	6237	c8bed34f	512	224	0	6237
6309	4	11911623180870	none	6238	c8bed34f	512	224	0	6238
6310	5	11911640438330	none	6239	c8bed34f	512	224	0	6239
6311	6	11911657759900	none	6240	c8bed34f	512	224	0	6240
6312	7	11911674987920	none	6241	c8bed34f	512	224	0	6241
6313	0	11911692261300	none	6242	c8bed34f	512	224	0	6242
6314	1	11911705464530	none	6243	c8bed34f	512	224	0	6243
6315	2	11911722875050	none	6244	c8bed34f	512	224	0	6244
6316	3	11911740089600	none	6245	c8bed34f	512	224	0	6245
6317	4	11911757467180	none	6246	c8bed34f	512	224	0	6246
6318	5	11911774706370	none	6247	c8bed34f	512	224	0	6247
6319	6	11911791924770	none	6248	c8bed34f	512	224	0	6248
6320	7	11911805131740	none	6249	c8bed34f	512	224	0	6249
6321	0	11911822328960	none	6250	c8bed34f	512	224	0	6250
6322	1	11911839562320	none	6251	c8bed34f	512	224	0	6251
6323	2	11911856785510	none	6252	c8bed34f	512	224	0	6252
6324	3	11911873996800	none	6253	ca4c9f0a	512	224	0	6253
6325	4	11911891236510	none	6254	c8bed34f	512	224	0	6254
6326	5	11911908551030	none	6255	2ffa21ce	512	224	0	6255
6327	6	11911921750110	none	6256	ff9a24aa	512	224	0	6256
6328	7	11911938961090	none	6257	489ddae7	512	224	0	6257
6329	0	11911956343270	none	6258	489ddae7	512	224	0	6258
6330	1	11911973636120	none	6259	73483ac0	512	224	0	6259
6331	2	11911990881490	none	6260	73483ac0	512	224	0	6260
6332	3	11912008112480	none	6261	71ba7685	512	224	0	6261
6333	4	11912021292620	none	6262	e1df8944	512	224	0	6262
6334	5	11912038534530	none	6263	c8bed34f	512	224	0	6263
6335	6	11912055754930	none	6264	c8bed34f	512	224	0	6264
6336	7	11912072972930	none	6265	c8bed34f	512	224	0	6265
6337	0	11912090223790	none	6266	c8bed34f	512	224	0	6266
6338	1	11912107513400	none	6267	c8bed34f	512	224	0	6267
6339	2	11912124745290	none	6268	ca4c9f0a	512	224	0	6268
6340	3	11912138073760	none	6269	c8bed34f	512	224	0	6269
6341	4	11912155298560	none	6270	2ffa21ce	512	224	0	6270
6342	5	11912172561430	none	6271	c8bed34f	512	224	0	6271
6343	6	11912189886850	none	6272	c8bed34f	512	224	0	6272
6344	7	11912207140790	none	6273	c8bed34f	512	224	0	6273
6345	0	11912224385960	none	6274	c8bed34f	512	224	0	6274
6346	1	11912237560600	none	6275	c8bed34f	512	224	0	6275
6347	2	11912254884060	none	6276	ca4c9f0a	512	224	0	6276
6348	3	11912272119890	none	6277	2d086d8b	512	224	0	6277
6349	4	11912289336920	none	6278	2d086d8b	512	224	0	6278
6350	5	11912306596400	none	6279	98fddf83	512	224	0	6279
6351	6	11912323820410	none	6280	98fddf83	512	224	0	6280
6352	7	11912341094960	none	6281	c8bed34f	512	224	0	6281
6353	0	11912354276470	none	6282	c8bed34f	512	224	0	6282
6354	1	11912371514830	none	6283	c8bed34f	512	224	0	6283
6355	2	11912388733930	none	6284	c8bed34f	512	224	0	6284
6356	3	11912406032600	none	6285	c8bed34f	512	224	0	6285
6357	4	11912423247480	none	6286	c8bed34f	512	224	0	6286
6358	5	11912440493080	none	6287	c8bed34f	512	224	0	6287
6359	6	11912457720220	none	6288	c8bed34f	512	224	0	6288
6360	7	11912470924980	none	6289	c8bed34f	512	224	0	6289
6361	0	11912488188500	none	6290	c8bed34f	512	224	0	6290
6362	1	11912505553460	none	6291	c8bed34f	512	224	0	6291
6363	2	11912522924370	none	6292	c8bed34f	512	224	0	6292
6364	3	11912540167840	none	6293	c8bed34f	512	224	0	6293
6365	4	11912557412820	none	6294	c8bed34f	512	224	0	6294
6366	5	11912570633650	none	6295	c8bed34f	512	224	0	6295
6367	6	11912587854910	none	6296	c8bed34f	512	224	0	6296
6368	7	11912605245710	none	6297	c8bed34f	512	224	0	6297
6369	0	11912622500460	none	6298	ca4c9f0a	512	224	0	6298
6370	1	11912639744040	none	6299	c8bed34f	512	224	0	6299
6371	2	11912656998900	none	6300	2ffa21ce	512	224	0	6300
6372	3	11912670358700	none	6301	ff9a24aa	512	224	0	6301
6373	4	11912687603240	none	6302	489ddae7	512	224	0	6302
6374	5	11912704940150	none	6303	489ddae7	512	224	0	6303
6375	6	11912722190900	none	6304	c2a19128	512	224	0	6304
6376	7	11912739482140	none	6305	c053dd6d	512	224	0	6305
6377	0	11912756700970	none	6306	73483ac0	512	224	0	6306
6378	1	11912773922110	none	6307	e1df8944	512	224	0	6307
6379	2	11912787165670	none	6308	c8bed34f	512	224	0	6308
6380	3	11912804544990	none	6309	c8bed34f	512	224	0	6309
6381	4	11912821774740	none	6310	c8bed34f	512	224	0	6310
6382	5	11912838990270	none	6311	c8bed34f	512	224	0	6311
6383	6	11912856233440	none	6312	c8bed34f	512	224	0	6312
6384	7	11912873490670	none	6313	ca4c9f0a	512	224	0	6313
6385	0	11912886685770	none	6314	c8bed34f	512	224	0	6314
6386	1	11912903901220	none	6315	c8bed34f	512	224	0	6315
6387	2	11912921107460	none	6316	c8bed34f	512	224	0	6316
6388	3	11912938333190	none	6317	c8bed34f	512	224	0	6317
6389	4	11912955584740	none	6318	c8bed34f	512	224	0	6318
6390	5	11912972825840	none	6319	c8bed34f	512	224	0	6319
6391	6	11912990110220	none	6320	ca4c9f0a	512	224	0	6320
6392	7	11913003296820	none	6321	ca4c9f0a	512	224	0	6321
6393	0	11913020558930	none	6322	2d086d8b	512	224	0	6322
6394	1	11913037873020	none	6323	2ffa21ce	512	224	0	6323
6395	2	11913055133730	none	6324	98fddf83	512	224	0	6324
6396	3	11913072399490	none	6325	98fddf83	512	224	0	6325
6397	4	11913089650750	none	6326	c8bed34f	512	224	0	6326
6398	5	11913102837370	none	6327	c8bed34f	512	224	0	6327
6399	6	11913120056210	none	6328	c8bed34f	512	224	0	6328
6400	7	11913137260240	none	6329	c8bed34f	512	224	0	6329
6401	0	11913154519470	none	6330	c8bed34f	512	224	0	6330
6402	1	11913171757330	none	6331	c8bed34f	512	224	0	6331
6403	2	11913189105130	none	6332	c8bed34f	512	224	0	6332
6404	3	11913206315500	none	6333	c8bed34f	512	224	0	6333
6405	4	11913219637170	none	6334	c8bed34f	512	224	0	6334
6406	5	11913236894280	none	6335	c8bed34f	512	224	0	6335
6407	6	11913254135500	none	6336	c8bed34f	512	224	0	6336
6408	7	11913271440090	none	6337	2ffa21ce	512	224	0	6337
6409	0	11913288681230	none	6338	c8bed34f	512	224	0	6338
6410	1	11913305897470	none	6339	c8bed34f	512	224	0	6339
6411	2	11913319265830	none	6340	c8bed34f	512	224	0	6340
6412	3	11913336569870	none	6341	c8bed34f	512	224	0	6341
6413	4	11913353875810	none	6342	c8bed34f	512	224	0	6342
6414	5	11913371108900	none	6343	ca4c9f0a	512	224	0	6343
6415	6	11913388348390	none	6344	c8bed34f	512	224	0	6344
6416	7	11913405593000	none	6345	2ffa21ce	512	224	0	6345
6417	0	11913422839010	none	6346	ff9a24aa	512	224	0	6346
6418	1	11913436043980	none	6347	489ddae7	512	224	0	6347
6419	2	11913453470930	none	6348	489ddae7	512	224	0	6348
6420	3	11913470711200	none	6349	c2a19128	512	224	0	6349
6421	4	11913488151450	none	6350	c053dd6d	512	224	0	6350
6422	5	11913505386190	none	6351	73483ac0	512	224	0	6351
6423	6	11913518687140	none	6352	e1df8944	512	224	0	6352
6424	7	11913536025890	none	6353	c8bed34f	512	224	0	6353
6425	0	11913553275530	none	6354	c8bed34f	512	224	0	6354
6426	1	11913570555940	none	6355	c8bed34f	512	224	0	6355
6427	2	11913587816730	none	6356	c8bed34f	512	224	0	6356
6428	3	11913605038590	none	6357	c8bed34f	512	224	0	6357
6429	4	11913622413350	none	6358	c8bed34f	512	224	0	6358
6430	5	11913635632770	none	6359	2ffa21ce	512	224	0	6359
6431	6	11913653057560	none	6360	c8bed34f	512	224	0	6360
6432	7	11913670285190	none	6361	c8bed34f	512	224	0	6361
6433	0	11913687539340	none	6362	c8bed34f	512	224	0	6362
6434	1	11913704792300	none	6363	c8bed34f	512	224	0	6363
6435	2	11913722182230	none	6364	c8bed34f	512	224	0	6364
6436	3	11913735395330	none	6365	ca4c9f0a	512	224	0	6365
6437	4	11913752799830	none	6366	ca4c9f0a	512	224	0	6366
6438	5	11913770055230	none	6367	2d086d8b	512	224	0	6367
6439	6	11913787283000	none	6368	2ffa21ce	512	224	0	6368
6440	7	11913804522650	none	6369	98fddf83	512	224	0	6369
6441	0	11913821754070	none	6370	98fddf83	512	224	0	6370
6442	1	11913834945150	none	6371	c8bed34f	512	224	0	6371
6443	2	11913852393050	none	6372	c8bed34f	512	224	0	6372
6444	3	11913869686510	none	6373	c8bed34f	512	224	0	6373
6445	4	11913887064130	none	6374	c8bed34f	512	224	0	6374
6446	5	11913904278640	none	6375	c8bed34f	512	224	0	6375
6447	6	11913921613660	none	6376	c8bed34f	512	224	0	6376
6448	7	11913934904970	none	6377	c8bed34f	512	224	0	6377
6449	0	11913952137420	none	6378	c8bed34f	512	224	0	6378
6450	1	11913969421060	none	6379	c8bed34f	512	224	0	6379
6451	2	11913986687690	none	6380	ca4c9f0a	512	224	0	6380
6452	3	11914003915130	none	6381	c8bed34f	512	224	0	6381
6453	4	11914021294430	none	6382	c8bed34f	512	224	0	6382
6454	5	11914034516850	none	6383	c8bed34f	512	224	0	6383
6455	6	11914051860440	none	6384	c8bed34f	512	224	0	6384
6456	7	11914069099570	none	6385	c8bed34f	512	224	0	6385
6457	0	11914086441990	none	6386	c8bed34f	512	224	0	6386
6458	1	11914103698330	none	6387	ca4c9f0a	512	224	0	6387
6459	2	11914120957470	none	6388	ca4c9f0a	512	224	0	6388
6460	3	11914138173790	none	6389	2d086d8b	512	224	0	6389
6461	4	11914151385860	none	6390	ff9a24aa	512	224	0	6390
6462	5	11914168615170	none	6391	489ddae7	512	224	0	6391
6463	6	11914185957730	none	6392	489ddae7	512	224	0	6392
6464	7	11914203270220	none	6393	73483ac0	512	224	0	6393
6465	0	11914220519330	none	6394	73483ac0	512	224	0	6394
6466	1	11914237779110	none	6395	73483ac0	512	224	0	6395
6467	2	11914250939140	none	6396	e1df8944	512	224	0	6396
6468	3	11914268188020	none	6397	c8bed34f	512	224	0	6397
6469	4	11914285427390	none	6398	c8bed34f	512	224	0	6398
6470	5	11914302705900	none	6399	c8bed34f	512	224	0	6399
6471	6	11914319955140	none	6400	c8bed34f	512	224	0	6400
6472	7	11914337177860	none	6401	c8bed34f	512	224	0	6401
6473	0	11914354419150	none	6402	ca4c9f0a	512	224	0	6402
6474	1	11914367627680	none	6403	c8bed34f	512	224	0	6403
6475	2	11914384949840	none	6404	2ffa21ce	512	224	0	6404
6476	3	11914402275160	none	6405	c8bed34f	512	224	0	6405
6477	4	11914419583500	none	6406	c8bed34f	512	224	0	6406
6478	5	11914436912020	none	6407	c8bed34f	512	224	0	6407
6479	6	11914454305520	none	6408	c8bed34f	512	224	0	6408
6480	7	11914467642080	none	6409	c8bed34f	512	224	0	6409
6481	0	11914484890910	none	6410	ca4c9f0a	512	224	0	6410
6482	1	11914502118650	none	6411	ca4c9f0a	512	224	0	6411
6483	2	11914519411250	none	6412	2d086d8b	512	224	0	6412
6484	3	11914536699050	none	6413	2ffa21ce	512	224	0	6413
6485	4	11914553927170	none	6414	98fddf83	512	224	0	6414
6486	5	11914567136330	none	6415	98fddf83	512	224	0	6415
6487	6	11914584368760	none	6416	c8bed34f	512	224	0	6416
6488	7	11914601613890	none	6417	c8bed34f	512	224	0	6417
6489	0	11914618838560	none	6418	c8bed34f	512	224	0	6418
6490	1	11914636187170	none	6419	c8bed34f	512	224	0	6419
6491	2	11914653482280	none	6420	c8bed34f	512	224	0	6420
6492	3	11914670708380	none	6421	c8bed34f	512	224	0	6421
6493	4	11914683894630	none	6422	c8bed34f	512	224	0	6422
6494	5	11914701163130	none	6423	c8bed34f	512	224	0	6423
6495	6	11914718405700	none	6424	c8bed34f	512	224	0	6424
6496	7	11914735649590	none	6425	c8bed34f	512	224	0	6425
6497	0	11914752951600	none	6426	c8bed34f	512	224	0	6426
6498	1	11914770216520	none	6427	c8bed34f	512	224	0	6427
6499	2	11914783432100	none	6428	c8bed34f	512	224	0	6428
6500	3	11914800655900	none	6429	c8bed34f	512	224	0	6429
6501	4	11914817879800	none	6430	c8bed34f	512	224	0	6430
6502	5	11914835135710	none	6431	c8bed34f	512	224	0	6431
6503	6	11914852379510	none	6432	ca4c9f0a	512	224	0	6432
6504	7	11914869768720	none	6433	c8bed34f	512	224	0	6433
6505	0	11914887019800	none	6434	2ffa21ce	512	224	0	6434
6506	1	11914900198730	none	6435	ff9a24aa	512	224	0	6435
6507	2	11914917462230	none	6436	489ddae7	512	224	0	6436
6508	3	11914934702840	none	6437	489ddae7	512	224	0	6437
6509	4	11914951910370	none	6438	c2a19128	512	224	0	6438
6510	5	11914969336140	none	6439	c053dd6d	512	224	0	6439
6511	6	11914986643870	none	6440	73483ac0	512	224	0	6440
6512	7	11914999839760	none	6441	e1df8944	512	224	0	6441
6513	0	11915017066980	none	6442	c8bed34f	512	224	0	6442
6514	1	11915034295630	none	6443	c8bed34f	512	224	0	6443
6515	2	11915051522080	none	6444	c8bed34f	512	224	0	6444
6516	3	11915068757210	none	6445	c8bed34f	512	224	0	6445
6517	4	11915086102660	none	6446	c8bed34f	512	224	0	6446
6518	5	11915103380130	none	6447	ca4c9f0a	512	224	0	6447
6519	6	11915116580870	none	6448	c8bed34f	512	224	0	6448
6520	7	11915133805760	none	6449	c8bed34f	512	224	0	6449
6521	0	11915151021140	none	6450	c8bed34f	512	224	0	6450
6522	1	11915168392670	none	6451	c8bed34f	512	224	0	6451
6523	2	11915185645110	none	6452	c8bed34f	512	224	0	6452
6524	3	11915202940290	none	6453	c8bed34f	512	224	0	6453
6525	4	11915216154480	none	6454	ca4c9f0a	512	224	0	6454
6526	5	11915233398840	none	6455	ca4c9f0a	512	224	0	6455
6527	6	11915250651990	none	6456	2d086d8b	512	224	0	6456
6528	7	11915267879860	none	6457	2ffa21ce	512	224	0	6457
6529	0	11915285116670	none	6458	98fddf83	512	224	0	6458
6530	1	11915302352430	none	6459	98fddf83	512	224	0	6459
6531	2	11915319647290	none	6460	c8bed34f	512	224	0	6460
6532	3	11915332878570	none	6461	c8bed34f	512	224	0	6461
6533	4	11915350117450	none	6462	c8bed34f	512	224	0	6462
6534	5	11915367348260	none	6463	c8bed34f	512	224	0	6463
6535	6	11915384589500	none	6464	c8bed34f	512	224	0	6464
6536	7	11915401889960	none	6465	c8bed34f	512	224	0	6465
6537	0	11915419203160	none	6466	c8bed34f	512	224	0	6466
6538	1	11915432518790	none	6467	c8bed34f	512	224	0	6467
6539	2	11915449793940	none	6468	c8bed34f	512	224	0	6468
6540	3	11915467079160	none	6469	c8bed34f	512	224	0	6469
6541	4	11915484319520	none	6470	c8bed34f	512	224	0	6470
6542	5	11915501555910	none	6471	c8bed34f	512	224	0	6471
6543	6	11915518813580	none	6472	c8bed34f	512	224	0	6472
6544	7	11915532103520	none	6473	c8bed34f	512	224	0	6473
6545	0	11915549320740	none	6474	c8bed34f	512	224	0	6474
6546	1	11915566556290	none	6475	c8bed34f	512	224	0	6475
6547	2	11915583779460	none	6476	c8bed34f	512	224	0	6476
6548	3	11915601009960	none	6477	ca4c9f0a	512	224	0	6477
6549	4	11915618236120	none	6478	c8bed34f	512	224	0	6478
6550	5	11915635473060	none	6479	2ffa21ce	512	224	0	6479
6551	6	11915648726680	none	6480	ff9a24aa	512	224	0	6480
6552	7	11915665919410	none	6481	489ddae7	512	224	0	6481
6553	0	11915683131700	none	6482	489ddae7	512	224	0	6482
6554	1	11915700373950	none	6483	c2a19128	512	224	0	6483
6555	2	11915717744540	none	6484	c053dd6d	512	224	0	6484
6556	3	11915735084980	none	6485	73483ac0	512	224	0	6485
6557	4	11915748559360	none	6486	e1df8944	512	224	0	6486
6558	5	11915766009860	none	6487	c8bed34f	512	224	0	6487
6559	6	11915783319020	none	6488	c8bed34f	512	224	0	6488
6560	7	11915800668940	none	6489	c8bed34f	512	224	0	6489
6561	0	11915818169860	none	6490	c8bed34f	512	224	0	6490
6562	1	11915835552320	none	6491	c8bed34f	512	224	0	6491
6563	2	11915848874030	none	6492	ca4c9f0a	512	224	0	6492
6564	3	11915866192780	none	6493	c8bed34f	512	224	0	6493
6565	4	11915883544180	none	6494	c8bed34f	512	224	0	6494
6566	5	11915900787490	none	6495	c8bed34f	512	224	0	6495
6567	6	11915918077830	none	6496	c8bed34f	512	224	0	6496
6568	7	11915935329290	none	6497	c8bed34f	512	224	0	6497
6569	0	11915948665490	none	6498	c8bed34f	512	224	0	6498
6570	1	11915966147450	none	6499	ca4c9f0a	512	224	0	6499
6571	2	11915983473720	none	6500	ca4c9f0a	512	224	0	6500
6572	3	11916000860710	none	6501	2d086d8b	512	224	0	6501
6573	4	11916018228820	none	6502	2ffa21ce	512	224	0	6502
6574	5	11916031729270	none	6503	98fddf83	512	224	0	6503
6575	6	11916049365840	none	6504	98fddf83	512	224	0	6504
6576	7	11916066925700	none	6505	c8bed34f	512	224	0	6505
6577	0	11916084629700	none	6506	c8bed34f	512	224	0	6506
6578	1	11916098206520	none	6507	c8bed34f	512	224	0	6507
6579	2	11916115478220	none	6508	c8bed34f	512	224	0	6508
6580	3	11916132728490	none	6509	c8bed34f	512	224	0	6509
6581	4	11916149960040	none	6510	c8bed34f	512	224	0	6510
6582	5	11916167192320	none	6511	c8bed34f	512	224	0	6511
6583	6	11916184450480	none	6512	c8bed34f	512	224	0	6512
6584	7	11916197641000	none	6513	c8bed34f	512	224	0	6513
6585	0	11916214861290	none	6514	c8bed34f	512	224	0	6514
6586	1	11916232120320	none	6515	c8bed34f	512	224	0	6515
6587	2	11916249527550	none	6516	2ffa21ce	512	224	0	6516
6588	3	11916266842170	none	6517	c8bed34f	512	224	0	6517
6589	4	11916284087730	none	6518	c8bed34f	512	224	0	6518
6590	5	11916301352850	none	6519	c8bed34f	512	224	0	6519
6591	6	11916314545450	none	6520	c8bed34f	512	224	0	6520
6592	7	11916331775420	none	6521	c8bed34f	512	224	0	6521
6593	0	11916349007170	none	6522	c8bed34f	512	224	0	6522
6594	1	11916366264620	none	6523	2ffa21ce	512	224	0	6523
6595	2	11916383507990	none	6524	ff9a24aa	512	224	0	6524
6596	3	11916400731570	none	6525	489ddae7	512	224	0	6525
6597	4	11916413959230	none	6526	489ddae7	512	224	0	6526
6598	5	11916431157880	none	6527	73483ac0	512	224	0	6527
6599	6	11916448446070	none	6528	73483ac0	512	224	0	6528
6600	7	11916465759070	none	6529	71ba7685	512	224	0	6529
6601	0	11916482994130	none	6530	e1df8944	512	224	0	6530
6602	1	11916500238920	none	6531	c8bed34f	512	224	0	6531
6603	2	11916517500710	none	6532	c8bed34f	512	224	0	6532
6604	3	11916530715790	none	6533	c8bed34f	512	224	0	6533
6605	4	11916547952630	none	6534	c8bed34f	512	224	0	6534
6606	5	11916565332610	none	6535	c8bed34f	512	224	0	6535
6607	6	11916582626410	none	6536	ca4c9f0a	512	224	0	6536
6608	7	11916599854310	none	6537	c8bed34f	512	224	0	6537
6609	0	11916617149400	none	6538	2ffa21ce	512	224	0	6538
6610	1	11916630372610	none	6539	c8bed34f	512	224	0	6539
6611	2	11916647612060	none	6540	c8bed34f	512	224	0	6540
6612	3	11916664840940	none	6541	c8bed34f	512	224	0	6541
6613	4	11916682045020	none	6542	c8bed34f	512	224	0	6542
6614	5	11916699285920	none	6543	c8bed34f	512	224	0	6543
6615	6	11916716522430	none	6544	ca4c9f0a	512	224	0	6544
6616	7	11916733804770	none	6545	c8bed34f	512	224	0	6545
6617	0	11916746994990	none	6546	2ffa21ce	512	224	0	6546
6618	1	11916764399170	none	6547	ff9a24aa	512	224	0	6547
6619	2	11916781674210	none	6548	489ddae7	512	224	0	6548
6620	3	11916798877730	none	6549	489ddae7	512	224	0	6549
6621	4	11916816131990	none	6550	725dfc79	512	224	0	6550
6622	5	11916833379010	none	6551	725dfc79	512	224	0	6551
6623	6	11916846581620	none	6552	73483ac0	512	224	0	6552
6624	7	11916863815620	none	6553	e1df8944	512	224	0	6553
6625	0	11916881039620	none	6554	c8bed34f	512	224	0	6554
6626	1	11916898301220	none	6555	c8bed34f	512	224	0	6555
6627	2	11916915546190	none	6556	c8bed34f	512	224	0	6556
6628	3	11916932767770	none	6557	c8bed34f	512	224	0	6557
6629	4	11916950131450	none	6558	c8bed34f	512	224	0	6558
6630	5	11916963351350	none	6559	ca4c9f0a	512	224	0	6559
6631	6	11916980587550	none	6560	c8bed34f	512	224	0	6560
6632	7	11916997879190	none	6561	c8bed34f	512	224	0	6561
6633	0	11917015170420	none	6562	c8bed34f	512	224	0	6562
6634	1	11917032408270	none	6563	c8bed34f	512	224	0	6563
6635	2	11917049660200	none	6564	c8bed34f	512	224	0	6564
6636	3	11917062856660	none	6565	c8bed34f	512	224	0	6565
6637	4	11917080141040	none	6566	ca4c9f0a	512	224	0	6566
6638	5	11917097397950	none	6567	ca4c9f0a	512	224	0	6567
6639	6	11917114643290	none	6568	2d086d8b	512	224	0	6568
6640	7	11917131839580	none	6569	ff9a24aa	512	224	0	6569
6641	0	11917149128980	none	6570	489ddae7	512	224	0	6570
6642	1	11917166414000	none	6571	489ddae7	512	224	0	6571
6643	2	11917179701330	none	6572	73483ac0	512	224	0	6572
6644	3	11917196938940	none	6573	73483ac0	512	224	0	6573
6645	4	11917214162720	none	6574	73483ac0	512	224	0	6574
6646	5	11917231398020	none	6575	e1df8944	512	224	0	6575
6647	6	11917248626320	none	6576	c8bed34f	512	224	0	6576
6648	7	11917265940560	none	6577	c8bed34f	512	224	0	6577
6649	0	11917279302060	none	6578	c8bed34f	512	224	0	6578
6650	1	11917296531470	none	6579	c8bed34f	512	224	0	6579
6651	2	11917313941530	none	6580	c8bed34f	512	224	0	6580
6652	3	11917331154190	none	6581	c8bed34f	512	224	0	6581
6653	4	11917348433250	none	6582	c8bed34f	512	224	0	6582
6654	5	11917365666640	none	6583	2ffa21ce	512	224	0	6583
6655	6	11917382885970	none	6584	c8bed34f	512	224	0	6584
6656	7	11917396097820	none	6585	c8bed34f	512	224	0	6585
6657	0	11917413478590	none	6586	c8bed34f	512	224	0	6586
6658	1	11917430709450	none	6587	c8bed34f	512	224	0	6587
6659	2	11917447959670	none	6588	c8bed34f	512	224	0	6588
6660	3	11917465174170	none	6589	c8bed34f	512	224	0	6589
6661	4	11917482451550	none	6590	2ffa21ce	512	224	0	6590
6662	5	11917495653530	none	6591	ff9a24aa	512	224	0	6591
6663	6	11917512964930	none	6592	489ddae7	512	224	0	6592
6664	7	11917530187820	none	6593	489ddae7	512	224	0	6593
6665	0	11917547444010	none	6594	725dfc79	512	224	0	6594
6666	1	11917564653650	none	6595	725dfc79	512	224	0	6595
6667	2	11917581891890	none	6596	73483ac0	512	224	0	6596
6668	3	11917599124430	none	6597	e1df8944	512	224	0	6597
6669	4	11917612330240	none	6598	c8bed34f	512	224	0	6598
6670	5	11917629564030	none	6599	c8bed34f	512	224	0	6599
6671	6	11917646783600	none	6600	c8bed34f	512	224	0	6600
6672	7	11917664025100	none	6601	c8bed34f	512	224	0	6601
6673	0	11917681266980	none	6602	c8bed34f	512	224	0	6602
6674	1	11917698501690	none	6603	ca4c9f0a	512	224	0	6603
6675	2	11917711788030	none	6604	c8bed34f	512	224	0	6604
6676	3	11917729025620	none	6605	c8bed34f	512	224	0	6605
6677	4	11917746272440	none	6606	c8bed34f	512	224	0	6606
6678	5	11917763514740	none	6607	c8bed34f	512	224	0	6607
6679	6	11917780742450	none	6608	c8bed34f	512	224	0	6608
6680	7	11917798127540	none	6609	c8bed34f	512	224	0	6609
6681	0	11917815380200	none	6610	c8bed34f	512	224	0	6610
6682	1	11917828662880	none	6611	ca4c9f0a	512	224	0	6611
6683	2	11917845938580	none	6612	ca4c9f0a	512	224	0	6612
6684	3	11917863152950	none	6613	2d086d8b	512	224	0	6613
6685	4	11917880392350	none	6614	ff9a24aa	512	224	0	6614
6686	5	11917897629740	none	6615	489ddae7	512	224	0	6615
6687	6	11917914894290	none	6616	489ddae7	512	224	0	6616
6688	7	11917932116300	none	6617	73483ac0	512	224	0	6617
6689	0	11917945333150	none	6618	73483ac0	512	224	0	6618
6690	1	11917962579700	none	6619	73483ac0	512	224	0	6619
6691	2	11917979820510	none	6620	e1df8944	512	224	0	6620
6692	3	11917997135370	none	6621	c8bed34f	512	224	0	6621
6693	4	11918014396440	none	6622	c8bed34f	512	224	0	6622
6694	5	11918031771820	none	6623	c8bed34f	512	224	0	6623
6695	6	11918044959910	none	6624	c8bed34f	512	224	0	6624
6696	7	11918062178000	none	6625	c8bed34f	512	224	0	6625
6697	0	11918079426750	none	6626	c8bed34f	512	224	0	6626
6698	1	11918096678150	none	6627	c8bed34f	512	224	0	6627
6699	2	11918113961700	none	6628	c8bed34f	512	224	0	6628
6700	3	11918131365010	none	6629	c8bed34f	512	224	0	6629
6701	4	11918144566640	none	6630	c8bed34f	512	224	0	6630
6702	5	11918161878560	none	6631	c8bed34f	512	224	0	6631
6703	6	11918179133000	none	6632	c8bed34f	512	224	0	6632
6704	7	11918196386190	none	6633	ca4c9f0a	512	224	0	6633
6705	0	11918213615960	none	6634	c8bed34f	512	224	0	6634
6706	1	11918230853380	none	6635	2ffa21ce	512	224	0	6635
6707	2	11918248130080	none	6636	ff9a24aa	512	224	0	6636
6708	3	11918261361250	none	6637	489ddae7	512	224	0	6637
6709	4	11918278599040	none	6638	489ddae7	512	224	0	6638
6710	5	11918295810350	none	6639	c52cbdd2	512	224	0	6639
6711	6	11918313071080	none	6640	c52cbdd2	512	224	0	6640
6712	7	11918330436480	none	6641	73483ac0	512	224	0	6641
6713	0	11918347675350	none	6642	e1df8944	512	224	0	6642
6714	1	11918360859850	none	6643	c8bed34f	512	224	0	6643
6715	2	11918378082160	none	6644	c8bed34f	512	224	0	6644
6716	3	11918395340090	none	6645	c8bed34f	512	224	0	6645
6717	4	11918412589340	none	6646	c8bed34f	512	224	0	6646
6718	5	11918429808600	none	6647	c8bed34f	512	224	0	6647
6719	6	11918447067710	none	6648	ca4c9f0a	512	224	0	6648
6720	7	11918464319710	none	6649	c8bed34f	512	224	0	6649
6721	0	11918477532420	none	6650	c8bed34f	512	224	0	6650
6722	1	11918494766060	none	6651	c8bed34f	512	224	0	6651
6723	2	11918512016460	none	6652	c8bed34f	512	224	0	6652
6724	3	11918529266810	none	6653	c8bed34f	512	224	0	6653
6725	4	11918546517030	none	6654	c8bed34f	512	224	0	6654
6726	5	11918563748350	none	6655	c8bed34f	512	224	0	6655
6727	6	11918577024120	none	6656	ca4c9f0a	512	224	0	6656
6728	7	11918594262800	none	6657	ca4c9f0a	512	224	0	6657
6729	0	11918611531940	none	6658	2d086d8b	512	224	0	6658
6730	1	11918628755380	none	6659	ff9a24aa	512	224	0	6659
6731	2	11918646144040	none	6660	489ddae7	512	224	0	6660
6732	3	11918663399970	none	6661	489ddae7	512	224	0	6661
6733	4	11918680726920	none	6662	73483ac0	512	224	0	6662
6734	5	11918693931770	none	6663	73483ac0	512	224	0	6663
6735	6	11918711154390	none	6664	73483ac0	512	224	0	6664
6736	7	11918728397160	none	6665	e1df8944	512	224	0	6665
6737	0	11918745631450	none	6666	c8bed34f	512	224	0	6666
6738	1	11918762909260	none	6667	c8bed34f	512	224	0	6667
6739	2	11918780129450	none	6668	c8bed34f	512	224	0	6668
6740	3	11918793382090	none	6669	c8bed34f	512	224	0	6669
6741	4	11918810598980	none	6670	c8bed34f	512	224	0	6670
6742	5	11918827807030	none	6671	c8bed34f	512	224	0	6671
6743	6	11918845154120	none	6672	2ffa21ce	512	224	0	6672
6744	7	11918862396890	none	6673	c8bed34f	512	224	0	6673
6745	0	11918879707260	none	6674	c8bed34f	512	224	0	6674
6746	1	11918896971690	none	6675	c8bed34f	512	224	0	6675
6747	2	11918910187600	none	6676	c8bed34f	512	224	0	6676
6748	3	11918927436710	none	6677	c8bed34f	512	224	0	6677
6749	4	11918944661330	none	6678	ca4c9f0a	512	224	0	6678
6750	5	11918961902800	none	6679	c8bed34f	512	224	0	6679
6751	6	11918979271060	none	6680	2ffa21ce	512	224	0	6680
6752	7	11918996500740	none	6681	ff9a24aa	512	224	0	6681
6753	0	11919009702920	none	6682	489ddae7	512	224	0	6682
6754	1	11919026971910	none	6683	489ddae7	512	224	0	6683
6755	2	11919044210460	none	6684	c32d4cdb	512	224	0	6684
6756	3	11919061476790	none	6685	c32d4cdb	512	224	0	6685
6757	4	11919078724620	none	6686	73483ac0	512	224	0	6686
6758	5	11919095963550	none	6687	e1df8944	512	224	0	6687
6759	6	11919113196020	none	6688	c8bed34f	512	224	0	6688
6760	7	11919126426830	none	6689	c8bed34f	512	224	0	6689
6761	0	11919143666740	none	6690	c8bed34f	512	224	0	6690
6762	1	11919160867650	none	6691	c8bed34f	512	224	0	6691
6763	2	11919178379090	none	6692	c8bed34f	512	224	0	6692
6764	3	11919195618230	none	6693	ca4c9f0a	512	224	0	6693
6765	4	11919212851990	none	6694	c8bed34f	512	224	0	6694
6766	5	11919226067080	none	6695	c8bed34f	512	224	0	6695
6767	6	11919243317180	none	6696	c8bed34f	512	224	0	6696
6768	7	11919260559020	none	6697	c8bed34f	512	224	0	6697
6769	0	11919277783850	none	6698	c8bed34f	512	224	0	6698
6770	1	11919295025870	none	6699	c8bed34f	512	224	0	6699
6771	2	11919312294310	none	6700	ca4c9f0a	512	224	0	6700
6772	3	11919329551630	none	6701	ca4c9f0a	512	224	0	6701
6773	4	11919342733360	none	6702	2f1159c4	512	224	0	6702
6774	5	11919360019140	none	6703	fd8310e5	512	224	0	6703
6775	6	11919377268420	none	6704	3d49aea8	512	224	0	6704
6776	7	11919394511560	none	6705	3d49aea8	512	224	0	6705
6777	0	11919411743320	none	6706	73483ac0	512	224	0	6706
6778	1	11919429047590	none	6707	73483ac0	512	224	0	6707
6779	2	11919442265850	none	6708	73483ac0	512	224	0	6708
6780	3	11919459521020	none	6709	e1df8944	512	224	0	6709
6781	4	11919476913580	none	6710	c8bed34f	512	224	0	6710
6782	5	11919494228120	none	6711	c8bed34f	512	224	0	6711
6783	6	11919511558990	none	6712	c8bed34f	512	224	0	6712
6784	7	11919528769750	none	6713	c8bed34f	512	224	0	6713
6785	0	11919545983320	none	6714	c8bed34f	512	224	0	6714
6786	1	11919559171050	none	6715	ca4c9f0a	512	224	0	6715
6787	2	11919576408400	none	6716	c8bed34f	512	224	0	6716
6788	3	11919593643470	none	6717	2ffa21ce	512	224	0	6717
6789	4	11919610929760	none	6718	c8bed34f	512	224	0	6718
6790	5	11919628169360	none	6719	c8bed34f	512	224	0	6719
6791	6	11919645414400	none	6720	c8bed34f	512	224	0	6720
6792	7	11919658609330	none	6721	c8bed34f	512	224	0	6721
6793	0	11919675848480	none	6722	c8bed34f	512	224	0	6722
6794	1	11919693146140	none	6723	ca4c9f0a	512	224	0	6723
6795	2	11919710408250	none	6724	c8bed34f	512	224	0	6724
6796	3	11919727745580	none	6725	2ffa21ce	512	224	0	6725
6797	4	11919744986760	none	6726	ff9a24aa	512	224	0	6726
6798	5	11919762194730	none	6727	489ddae7	512	224	0	6727
6799	6	11919775405070	none	6728	489ddae7	512	224	0	6728
6800	7	11919792615480	none	6729	94417bb7	512	224	0	6729
6801	0	11919809835220	none	6730	94417bb7	512	224	0	6730
6802	1	11919827235330	none	6731	73483ac0	512	224	0	6731
6803	2	11919844476410	none	6732	e1df8944	512	224	0	6732
6804	3	11919861695360	none	6733	c8bed34f	512	224	0	6733
6805	4	11919874975740	none	6734	c8bed34f	512	224	0	6734
6806	5	11919892206000	none	6735	c8bed34f	512	224	0	6735
6807	6	11919909437140	none	6736	c8bed34f	512	224	0	6736
6808	7	11919926753970	none	6737	c8bed34f	512	224	0	6737
6809	0	11919943988200	none	6738	ca4c9f0a	512	224	0	6738
6810	1	11919961220200	none	6739	c8bed34f	512	224	0	6739
6811	2	11919978499800	none	6740	c8bed34f	512	224	0	6740
6812	3	11919991696720	none	6741	c8bed34f	512	224	0	6741
6813	4	11920008933890	none	6742	c8bed34f	512	224	0	6742
6814	5	11920026342420	none	6743	c8bed34f	512	224	0	6743
6815	6	11920043599300	none	6744	c8bed34f	512	224	0	6744
6816	7	11920060826080	none	6745	ca4c9f0a	512	224	0	6745
6817	0	11920078133110	none	6746	ca4c9f0a	512	224	0	6746
6818	1	11920091363820	none	6747	2d086d8b	512	224	0	6747
6819	2	11920108606450	none	6748	ff9a24aa	512	224	0	6748
6820	3	11920125818930	none	6749	489ddae7	512	224	0	6749
6821	4	11920143088080	none	6750	489ddae7	512	224	0	6750
6822	5	11920160338610	none	6751	73483ac0	512	224	0	6751
6823	6	11920177575390	none	6752	73483ac0	512	224	0	6752
6824	7	11920194803990	none	6753	73483ac0	512	224	0	6753
6825	0	11920208102110	none	6754	e3c6bd0b	512	224	0	6754
6826	1	11920225397830	none	6755	c8bed34f	512	224	0	6755
6827	2	11920242660400	none	6756	c8bed34f	512	224	0	6756
6828	3	11920259911020	none	6757	c8bed34f	512	224	0	6757
6829	4	11920277151710	none	6758	c8bed34f	512	224	0	6758
6830	5	11920294412030	none	6759	c8bed34f	512	224	0	6759
6831	6	11920307629400	none	6760	c8bed34f	512	224	0	6760
6832	7	11920324912330	none	6761	c8bed34f	512	224	0	6761
6833	0	11920342118410	none	6762	c8bed34f	512	224	0	6762
6834	1	11920359367340	none	6763	c8bed34f	512	224	0	6763
6835	2	11920376608300	none	6764	c8bed34f	512	224	0	6764
6836	3	11920393839230	none	6765	c8bed34f	512	224	0	6765
6837	4	11920411165380	none	6766	c8bed34f	512	224	0	6766
6838	5	11920424374460	none	6767	ca4c9f0a	512	224	0	6767
6839	6	11920441621210	none	6768	c8bed34f	512	224	0	6768
6840	7	11920458900600	none	6769	2ffa21ce	512	224	0	6769
6841	0	11920476122790	none	6770	ff9a24aa	512	224	0	6770
6842	1	11920493381310	none	6771	489ddae7	512	224	0	6771
6843	2	11920510650660	none	6772	489ddae7	512	224	0	6772
6844	3	11920523853560	none	6773	c52cbdd2	512	224	0	6773
6845	4	11920541151730	none	6774	c52cbdd2	512	224	0	6774
6846	5	11920558382320	none	6775	73483ac0	512	224	0	6775
6847	6	11920575708230	none	6776	e1df8944	512	224	0	6776
6848	7	11920592961740	none	6777	c8bed34f	512	224	0	6777
6849	0	11920610269750	none	6778	c8bed34f	512	224	0	6778
6850	1	11920627514180	none	6779	c8bed34f	512	224	0	6779
6851	2	11920640701950	none	6780	c8bed34f	512	224	0	6780
6852	3	11920657938820	none	6781	c8bed34f	512	224	0	6781
6853	4	11920675321120	none	6782	ca4c9f0a	512	224	0	6782
6854	5	11920692574080	none	6783	c8bed34f	512	224	0	6783
6855	6	11920709793260	none	6784	c8bed34f	512	224	0	6784
6856	7	11920727044540	none	6785	c8bed34f	512	224	0	6785
6857	0	11920740387270	none	6786	c8bed34f	512	224	0	6786
6858	1	11920757624190	none	6787	c8bed34f	512	224	0	6787
6859	2	11920774949960	none	6788	c8bed34f	512	224	0	6788
6860	3	11920792163570	none	6789	c8bed34f	512	224	0	6789
6861	4	11920809406290	none	6790	ca4c9f0a	512	224	0	6790
6862	5	11920826660990	none	6791	ca4c9f0a	512	224	0	6791
6863	6	11920843881330	none	6792	2d086d8b	512	224	0	6792
6864	7	11920857060940	none	6793	ff9a24aa	512	224	0	6793
6865	0	11920874439820	none	6794	489ddae7	512	224	0	6794
6866	1	11920891645320	none	6795	489ddae7	512	224	0	6795
6867	2	11920908877460	none	6796	73483ac0	512	224	0	6796
6868	3	11920926163770	none	6797	73483ac0	512	224	0	6797
6869	4	11920943402890	none	6798	73483ac0	512	224	0	6798
6870	5	11920956632040	none	6799	e3c6bd0b	512	224	0	6799
6871	6	11920973873350	none	6800	c8bed34f	512	224	0	6800
6872	7	11920991149530	none	6801	c8bed34f	512	224	0	6801
6873	0	11921008394730	none	6802	c8bed34f	512	224	0	6802
6874	1	11921025636120	none	6803	c8bed34f	512	224	0	6803
6875	2	11921042902260	none	6804	c8bed34f	512	224	0	6804
6876	3	11921060142950	none	6805	c8bed34f	512	224	0	6805
6877	4	11921073354000	none	6806	c8bed34f	512	224	0	6806
6878	5	11921090607690	none	6807	c8bed34f	512	224	0	6807
6879	6	11921107835380	none	6808	c8bed34f	512	224	0	6808
6880	7	11921125079420	none	6809	c8bed34f	512	224	0	6809
6881	0	11921142469340	none	6810	c8bed34f	512	224	0	6810
6882	1	11921159715280	none	6811	c8bed34f	512	224	0	6811
6883	2	11921172896950	none	6812	ca4c9f0a	512	224	0	6812
6884	3	11921190098110	none	6813	c8bed34f	512	224	0	6813
6885	4	11921207348640	none	6814	2ffa21ce	512	224	0	6814
6886	5	11921224602170	none	6815	ff9a24aa	512	224	0	6815
6887	6	11921241879820	none	6816	489ddae7	512	224	0	6816
6888	7	11921259140360	none	6817	489ddae7	512	224	0	6817
6889	0	11921276382950	none	6818	725dfc79	512	224	0	6818
6890	1	11921289665000	none	6819	725dfc79	512	224	0	6819
6891	2	11921306961120	none	6820	73483ac0	512	224	0	6820
6892	3	11921324230710	none	6821	e1df8944	512	224	0	6821
6893	4	11921341502580	none	6822	c8bed34f	512	224	0	6822
6894	5	11921358759870	none	6823	c8bed34f	512	224	0	6823
6895	6	11921376010440	none	6824	c8bed34f	512	224	0	6824
6896	7	11921389359340	none	6825	c8bed34f	512	224	0	6825
6897	0	11921406597120	none	6826	c8bed34f	512	224	0	6826
6898	1	11921423899900	none	6827	ca4c9f0a	512	224	0	6827
6899	2	11921441127460	none	6828	c8bed34f	512	224	0	6828
6900	3	11921458381590	none	6829	c8bed34f	512	224	0	6829
6901	4	11921475640460	none	6830	c8bed34f	512	224	0	6830
6902	5	11921492878250	none	6831	c8bed34f	512	224	0	6831
6903	6	11921506087020	none	6832	c8bed34f	512	224	0	6832
6904	7	11921523357240	none	6833	c8bed34f	512	224	0	6833
6905	0	11921540583310	none	6834	c8bed34f	512	224	0	6834
6906	1	11921557806010	none	6835	ca4c9f0a	512	224	0	6835
6907	2	11921575133680	none	6836	2d086d8b	512	224	0	6836
6908	3	11921592524200	none	6837	fd6868ef	512	224	0	6837
6909	4	11921605718370	none	6838	489ddae7	512	224	0	6838
6910	5	11921623036220	none	6839	489ddae7	512	224	0	6839
6911	6	11921640308260	none	6840	73483ac0	512	224	0	6840
6912	7	11921657547260	none	6841	73483ac0	512	224	0	6841
6913	0	11921674770860	none	6842	73483ac0	512	224	0	6842
6914	1	11921692187800	none	6843	e1df8944	512	224	0	6843
6915	2	11921705392540	none	6844	c8bed34f	512	224	0	6844
6916	3	11921722732140	none	6845	c8bed34f	512	224	0	6845
6917	4	11921739973580	none	6846	c8bed34f	512	224	0	6846
6918	5	11921757218800	none	6847	c8bed34f	512	224	0	6847
6919	6	11921774456480	none	6848	c8bed34f	512	224	0	6848
6920	7	11921791717080	none	6849	c8bed34f	512	224	0	6849
6921	0	11921808944680	none	6850	c8bed34f	512	224	0	6850
6922	1	11921822137240	none	6851	2ffa21ce	512	224	0	6851
6923	2	11921839394600	none	6852	c8bed34f	512	224	0	6852
6924	3	11921856632230	none	6853	c8bed34f	512	224	0	6853
6925	4	11921873998930	none	6854	c8bed34f	512	224	0	6854
6926	5	11921891248890	none	6855	c8bed34f	512	224	0	6855
6927	6	11921908490140	none	6856	c8bed34f	512	224	0	6856
6928	7	11921921694850	none	6857	ca4c9f0a	512	224	0	6857
6929	0	11921938966470	none	6858	c8bed34f	512	224	0	6858
6930	1	11921956199220	none	6859	2ffa21ce	512	224	0	6859
6931	2	11921973441910	none	6860	ff9a24aa	512	224	0	6860
6932	3	11921990662110	none	6861	489ddae7	512	224	0	6861
6933	4	11922007897680	none	6862	489ddae7	512	224	0	6862
6934	5	11922025128640	none	6863	c52cbdd2	512	224	0	6863
6935	6	11922038376930	none	6864	c52cbdd2	512	224	0	6864
6936	7	11922055638890	none	6865	73483ac0	512	224	0	6865
6937	0	11922073007770	none	6866	e1df8944	512	224	0	6866
6938	1	11922090296840	none	6867	c8bed34f	512	224	0	6867
6939	2	11922107597540	none	6868	c8bed34f	512	224	0	6868
6940	3	11922124897350	none	6869	c8bed34f	512	224	0	6869
6941	4	11922138139050	none	6870	c8bed34f	512	224	0	6870
6942	5	11922155391440	none	6871	c8bed34f	512	224	0	6871
6943	6	11922172620150	none	6872	ca4c9f0a	512	224	0	6872
6944	7	11922189849110	none	6873	c8bed34f	512	224	0	6873
6945	0	11922207157480	none	6874	c8bed34f	512	224	0	6874
6946	1	11922224433210	none	6875	c8bed34f	512	224	0	6875
6947	2	11922237703940	none	6876	c8bed34f	512	224	0	6876
6948	3	11922254928160	none	6877	c8bed34f	512	224	0	6877
6949	4	11922272182850	none	6878	c8bed34f	512	224	0	6878
6950	5	11922289425490	none	6879	ca4c9f0a	512	224	0	6879
6951	6	11922306674430	none	6880	ca4c9f0a	512	224	0	6880
6952	7	11922323913640	none	6881	2f1159c4	512	224	0	6881
6953	0	11922341151270	none	6882	c8bed34f	512	224	0	6882
6954	1	11922354389400	none	6883	c8bed34f	512	224	0	6883
6955	2	11922371643820	none	6884	c8bed34f	512	224	0	6884
6956	3	11922388881760	none	6885	c8bed34f	512	224	0	6885
6957	4	11922406159330	none	6886	c8bed34f	512	224	0	6886
6958	5	11922423411640	none	6887	c8bed34f	512	224	0	6887
6959	6	11922440745500	none	6888	c8bed34f	512	224	0	6888
6960	7	11922453965600	none	6889	c8bed34f	512	224	0	6889
6961	0	11922471228190	none	6890	c8bed34f	512	224	0	6890
6962	1	11922488462070	none	6891	c8bed34f	512	224	0	6891
6963	2	11922505684400	none	6892	c8bed34f	512	224	0	6892
6964	3	11922522973270	none	6893	c8bed34f	512	224	0	6893
6965	4	11922540348590	none	6894	ca4c9f0a	512	224	0	6894
6966	5	11922557583890	none	6895	c8bed34f	512	224	0	6895
6967	6	11922570767810	none	6896	2ffa21ce	512	224	0	6896
6968	7	11922588048590	none	6897	c8bed34f	512	224	0	6897
6969	0	11922605304640	none	6898	c8bed34f	512	224	0	6898
6970	1	11922622543710	none	6899	c8bed34f	512	224	0	6899
6971	2	11922639774460	none	6900	c8bed34f	512	224	0	6900
6972	3	11922657049670	none	6901	c8bed34f	512	224	0	6901
6973	4	11922674304170	none	6902	c8bed34f	512	224	0	6902
6974	5	11922687509250	none	6903	2ffa21ce	512	224	0	6903
6975	6	11922704740700	none	6904	ff9a24aa	512	224	0	6904
6976	7	11922722022380	none	6905	489ddae7	512	224	0	6905
6977	0	11922739404990	none	6906	489ddae7	512	224	0	6906
6978	1	11922756690170	none	6907	c52cbdd2	512	224	0	6907
6979	2	11922773925980	none	6908	c52cbdd2	512	224	0	6908
6980	3	11922787126530	none	6909	73483ac0	512	224	0	6909
6981	4	11922804355220	none	6910	e1df8944	512	224	0	6910
6982	5	11922821605650	none	6911	c8bed34f	512	224	0	6911
6983	6	11922838799670	none	6912	c8bed34f	512	224	0	6912
6984	7	11922856065490	none	6913	c8bed34f	512	224	0	6913
6985	0	11922873316000	none	6914	c8bed34f	512	224	0	6914
6986	1	11922890559760	none	6915	c8bed34f	512	224	0	6915
6987	2	11922903784520	none	6916	ca4c9f0a	512	224	0	6916
6988	3	11922921046930	none	6917	c8bed34f	512	224	0	6917
6989	4	11922938308030	none	6918	c8bed34f	512	224	0	6918
6990	5	11922955547590	none	6919	c8bed34f	512	224	0	6919
6991	6	11922972768400	none	6920	c8bed34f	512	224	0	6920
6992	7	11922990109920	none	6921	c8bed34f	512	224	0	6921
6993	0	11923003322670	none	6922	c8bed34f	512	224	0	6922
6994	1	11923020570120	none	6923	c8bed34f	512	224	0	6923
6995	2	11923037787000	none	6924	ca4c9f0a	512	224	0	6924
6996	3	11923055150020	none	6925	ca4c9f0a	512	224	0	6925
6997	4	11923072402720	none	6926	2d086d8b	512	224	0	6926
6998	5	11923089715910	none	6927	ff9a24aa	512	224	0	6927
6999	6	11923102961710	none	6928	489ddae7	512	224	0	6928
7000	7	11923120238640	none	6929	489ddae7	512	224	0	6929
7001	0	11923137472490	none	6930	73483ac0	512	224	0	6930
7002	1	11923154714190	none	6931	73483ac0	512	224	0	6931
7003	2	11923171992310	none	6932	73483ac0	512	224	0	6932
7004	3	11923189246090	none	6933	e1df8944	512	224	0	6933
7005	4	11923206488280	none	6934	c8bed34f	512	224	0	6934
7006	5	11923219689700	none	6935	c8bed34f	512	224	0	6935
7007	6	11923236910170	none	6936	c8bed34f	512	224	0	6936
7008	7	11923254170230	none	6937	c8bed34f	512	224	0	6937
7009	0	11923271406080	none	6938	c8bed34f	512	224	0	6938
7010	1	11923288714000	none	6939	c8bed34f	512	224	0	6939
7011	2	11923305980020	none	6940	c8bed34f	512	224	0	6940
7012	3	11923323228180	none	6941	c8bed34f	512	224	0	6941
7013	4	11923336434080	none	6942	c8bed34f	512	224	0	6942
7014	5	11923353656490	none	6943	c8bed34f	512	224	0	6943
7015	6	11923370890530	none	6944	c8bed34f	512	224	0	6944
7016	7	11923388287440	none	6945	c8bed34f	512	224	0	6945
7017	0	11923405545490	none	6946	ca4c9f0a	512	224	0	6946
7018	1	11923422777040	none	6947	c8bed34f	512	224	0	6947
7019	2	11923436032980	none	6948	2ffa21ce	512	224	0	6948
7020	3	11923453325780	none	6949	ff9a24aa	512	224	0	6949
7021	4	11923470546430	none	6950	489ddae7	512	224	0	6950
7022	5	11923487744330	none	6951	489ddae7	512	224	0	6951
7023	6	11923505006630	none	6952	c52cbdd2	512	224	0	6952
7024	7	11923522268710	none	6953	c52cbdd2	512	224	0	6953
7025	0	11923539512760	none	6954	73483ac0	512	224	0	6954
7026	1	11923552688460	none	6955	e1df8944	512	224	0	6955
7027	2	11923569920330	none	6956	c8bed34f	512	224	0	6956
7028	3	11923587305570	none	6957	c8bed34f	512	224	0	6957
7029	4	11923604535730	none	6958	c8bed34f	512	224	0	6958
7030	5	11923621771160	none	6959	c8bed34f	512	224	0	6959
7031	6	11923639039550	none	6960	c8bed34f	512	224	0	6960
7032	7	11923652243160	none	6961	ca4c9f0a	512	224	0	6961
7033	0	11923669538870	none	6962	c8bed34f	512	224	0	6962
7034	1	11923686839180	none	6963	c8bed34f	512	224	0	6963
7035	2	11923704092360	none	6964	c8bed34f	512	224	0	6964
7036	3	11923721374480	none	6965	c8bed34f	512	224	0	6965
7037	4	11923738628670	none	6966	c8bed34f	512	224	0	6966
7038	5	11923751826720	none	6967	c8bed34f	512	224	0	6967
7039	6	11923769044020	none	6968	c8bed34f	512	224	0	6968
7040	7	11923786328000	none	6969	ca4c9f0a	512	224	0	6969
7041	0	11923803565370	none	6970	ca4c9f0a	512	224	0	6970
7042	1	11923820897400	none	6971	2d086d8b	512	224	0	6971
7043	2	11923838129410	none	6972	ff9a24aa	512	224	0	6972
7044	3	11923855377390	none	6973	489ddae7	512	224	0	6973
7045	4	11923868564680	none	6974	489ddae7	512	224	0	6974
7046	5	11923885875620	none	6975	73483ac0	512	224	0	6975
7047	6	11923903159230	none	6976	73483ac0	512	224	0	6976
7048	7	11923920402170	none	6977	73483ac0	512	224	0	6977
7049	0	11923937719640	none	6978	c8bed34f	512	224	0	6978
7050	1	11923954963990	none	6979	c8bed34f	512	224	0	6979
7051	2	11923968189090	none	6980	c8bed34f	512	224	0	6980
7052	3	11923985453620	none	6981	c8bed34f	512	224	0	6981
7053	4	11924002764340	none	6982	c8bed34f	512	224	0	6982
7054	5	11924019984920	none	6983	c8bed34f	512	224	0	6983
7055	6	11924037238800	none	6984	c8bed34f	512	224	0	6984
7056	7	11924054492880	none	6985	2ffa21ce	512	224	0	6985
7057	0	11924071710120	none	6986	c8bed34f	512	224	0	6986
7058	1	11924084929500	none	6987	c8bed34f	512	224	0	6987
7059	2	11924102162020	none	6988	c8bed34f	512	224	0	6988
7060	3	11924119458050	none	6989	c8bed34f	512	224	0	6989
7061	4	11924136829370	none	6990	c8bed34f	512	224	0	6990
7062	5	11924154078100	none	6991	ca4c9f0a	512	224	0	6991
7063	6	11924171333210	none	6992	c8bed34f	512	224	0	6992
7064	7	11924184537350	none	6993	2ffa21ce	512	224	0	6993
7065	0	11924201748250	none	6994	ff9a24aa	512	224	0	6994
7066	1	11924218978940	none	6995	489ddae7	512	224	0	6995
7067	2	11924236413240	none	6996	489ddae7	512	224	0	6996
7068	3	11924253660980	none	6997	c52cbdd2	512	224	0	6997
7069	4	11924270888790	none	6998	c52cbdd2	512	224	0	6998
7070	5	11924288120590	none	6999	73483ac0	512	224	0	6999
7071	6	11924301322460	none	7000	e1df8944	512	224	0	7000
7072	7	11924318560580	none	7001	c8bed34f	512	224	0	7001
7073	0	11924335895750	none	7002	c8bed34f	512	224	0	7002
7074	1	11924353197260	none	7003	c8bed34f	512	224	0	7003
7075	2	11924370449910	none	7004	c8bed34f	512	224	0	7004
7076	3	11924387679730	none	7005	c8bed34f	512	224	0	7005
7077	4	11924400897550	none	7006	ca4c9f0a	512	224	0	7006
7078	5	11924418118570	none	7007	c8bed34f	512	224	0	7007
7079	6	11924435473250	none	7008	c8bed34f	512	224	0	7008
7080	7	11924452752790	none	7009	c8bed34f	512	224	0	7009
7081	0	11924470008370	none	7010	c8bed34f	512	224	0	7010
7082	1	11924487264960	none	7011	c8bed34f	512	224	0	7011
7083	2	11924504618370	none	7012	c8bed34f	512	224	0	7012
7084	3	11924518034310	none	7013	ca4c9f0a	512	224	0	7013
7085	4	11924535704670	none	7014	ca4c9f0a	512	224	0	7014
7086	5	11924553149970	none	7015	2d086d8b	512	224	0	7015
7087	6	11924570403620	none	7016	ff9a24aa	512	224	0	7016
7088	7	11924587626490	none	7017	489ddae7	512	224	0	7017
7089	0	11924600836640	none	7018	489ddae7	512	224	0	7018
7090	1	11924618061230	none	7019	73483ac0	512	224	0	7019
7091	2	11924635430830	none	7020	73483ac0	512	224	0	7020
7092	3	11924652734810	none	7021	73483ac0	512	224	0	7021
7093	4	11924669987890	none	7022	e1df8944	512	224	0	7022
7094	5	11924687248230	none	7023	c8bed34f	512	224	0	7023
7095	6	11924700456220	none	7024	c8bed34f	512	224	0	7024
7096	7	11924717672810	none	7025	c8bed34f	512	224	0	7025
7097	0	11924734888360	none	7026	c8bed34f	512	224	0	7026
7098	1	11924752140110	none	7027	c8bed34f	512	224	0	7027
7099	2	11924769466950	none	7028	c8bed34f	512	224	0	7028
7100	3	11924786729050	none	7029	c8bed34f	512	224	0	7029
7101	4	11924803996750	none	7030	2ffa21ce	512	224	0	7030
7102	5	11924817211330	none	7031	c8bed34f	512	224	0	7031
7103	6	11924834589380	none	7032	c8bed34f	512	224	0	7032
7104	7	11924851934660	none	7033	c8bed34f	512	224	0	7033
7105	0	11924869229430	none	7034	c8bed34f	512	224	0	7034
7106	1	11924886507720	none	7035	c8bed34f	512	224	0	7035
7107	2	11924903751190	none	7036	ca4c9f0a	512	224	0	7036
7108	3	11924916963300	none	7037	c8bed34f	512	224	0	7037
7109	4	11924934378410	none	7038	2ffa21ce	512	224	0	7038
7110	5	11924951625470	none	7039	ff9a24aa	512	224	0	7039
7111	6	11924968868350	none	7040	489ddae7	512	224	0	7040
7112	7	11924986185780	none	7041	489ddae7	512	224	0	7041
7113	0	11925003455460	none	7042	c32d4cdb	512	224	0	7042
7114	1	11925016638810	none	7043	c32d4cdb	512	224	0	7043
7115	2	11925033953970	none	7044	73483ac0	512	224	0	7044
7116	3	11925051192160	none	7045	e1df8944	512	224	0	7045
7117	4	11925068415930	none	7046	c8bed34f	512	224	0	7046
7118	5	11925085671970	none	7047	c8bed34f	512	224	0	7047
7119	6	11925102999570	none	7048	c8bed34f	512	224	0	7048
7120	7	11925120274180	none	7049	c8bed34f	512	224	0	7049
7121	0	11925133496090	none	7050	c8bed34f	512	224	0	7050
7122	1	11925150731580	none	7051	ca4c9f0a	512	224	0	7051
7123	2	11925167973440	none	7052	c8bed34f	512	224	0	7052
7124	3	11925185218160	none	7053	c8bed34f	512	224	0	7053
7125	4	11925202540870	none	7054	c8bed34f	512	224	0	7054
7126	5	11925219795010	none	7055	c8bed34f	512	224	0	7055
7127	6	11925232964580	none	7056	c8bed34f	512	224	0	7056
7128	7	11925250228000	none	7057	c8bed34f	512	224	0	7057
7129	0	11925267469590	none	7058	ca4c9f0a	512	224	0	7058
7130	1	11925284688590	none	7059	ca4c9f0a	512	224	0	7059
7131	2	11925301948620	none	7060	2f1159c4	512	224	0	7060
7132	3	11925319217220	none	7061	fd8310e5	512	224	0	7061
7133	4	11925336495770	none	7062	3d49aea8	512	224	0	7062
7134	5	11925349798540	none	7063	3d49aea8	512	224	0	7063
7135	6	11925367014050	none	7064	73483ac0	512	224	0	7064
7136	7	11925384271710	none	7065	73483ac0	512	224	0	7065
7137	0	11925401532810	none	7066	73483ac0	512	224	0	7066
7138	1	11925418745200	none	7067	e1df8944	512	224	0	7067
7139	2	11925436055910	none	7068	c8bed34f	512	224	0	7068
7140	3	11925449401930	none	7069	c8bed34f	512	224	0	7069
7141	4	11925466623870	none	7070	c8bed34f	512	224	0	7070
7142	5	11925483933660	none	7071	c8bed34f	512	224	0	7071
7143	6	11925501190430	none	7072	c8bed34f	512	224	0	7072
7144	7	11925518437640	none	7073	ca4c9f0a	512	224	0	7073
7145	0	11925535658480	none	7074	c8bed34f	512	224	0	7074
7146	1	11925549184690	none	7075	c8bed34f	512	224	0	7075
7147	2	11925566443230	none	7076	c8bed34f	512	224	0	7076
7148	3	11925583678650	none	7077	c8bed34f	512	224	0	7077
7149	4	11925600923540	none	7078	c8bed34f	512	224	0	7078
7150	5	11925618188740	none	7079	c8bed34f	512	224	0	7079
7151	6	11925635463640	none	7080	ca4c9f0a	512	224	0	7080
7152	7	11925648875690	none	7081	c8bed34f	512	224	0	7081
7153	0	11925666182080	none	7082	2ffa21ce	512	224	0	7082
7154	1	11925683424260	none	7083	ff9a24aa	512	224	0	7083
7155	2	11925700658240	none	7084	489ddae7	512	224	0	7084
7156	3	11925718069760	none	7085	489ddae7	512	224	0	7085
7157	4	11925735334300	none	7086	725dfc79	512	224	0	7086
7158	5	11925748701140	none	7087	725dfc79	512	224	0	7087
7159	6	11925765924420	none	7088	73483ac0	512	224	0	7088
7160	7	11925783169130	none	7089	e1df8944	512	224	0	7089
7161	0	11925800418680	none	7090	c8bed34f	512	224	0	7090
7162	1	11925817648340	none	7091	c8bed34f	512	224	0	7091
7163	2	11925834909420	none	7092	c8bed34f	512	224	0	7092
7164	3	11925852316360	none	7093	c8bed34f	512	224	0	7093
7165	4	11925865542150	none	7094	c8bed34f	512	224	0	7094
7166	5	11925882894790	none	7095	ca4c9f0a	512	224	0	7095
7167	6	11925900152680	none	7096	c8bed34f	512	224	0	7096
7168	7	11925917495680	none	7097	c8bed34f	512	224	0	7097
7169	0	11925934698310	none	7098	c8bed34f	512	224	0	7098
7170	1	11925951949010	none	7099	c8bed34f	512	224	0	7099
7171	2	11925965192010	none	7100	c8bed34f	512	224	0	7100
7172	3	11925982552730	none	7101	c8bed34f	512	224	0	7101
7173	4	11925999781090	none	7102	c8bed34f	512	224	0	7102
7174	5	11926017133670	none	7103	ca4c9f0a	512	224	0	7103
7175	6	11926034384870	none	7104	ca4c9f0a	512	224	0	7104
7176	7	11926051702580	none	7105	2d086d8b	512	224	0	7105
7177	0	11926064931000	none	7106	ff9a24aa	512	224	0	7106
7178	1	11926082193380	none	7107	489ddae7	512	224	0	7107
7179	2	11926099466670	none	7108	489ddae7	512	224	0	7108
7180	3	11926116688630	none	7109	73483ac0	512	224	0	7109
7181	4	11926133941920	none	7110	73483ac0	512	224	0	7110
7182	5	11926151333120	none	7111	73483ac0	512	224	0	7111
7183	6	11926164582470	none	7112	e3c6bd0b	512	224	0	7112
7184	7	11926181899500	none	7113	c8bed34f	512	224	0	7113
7185	0	11926199140080	none	7114	c8bed34f	512	224	0	7114
7186	1	11926216362930	none	7115	c8bed34f	512	224	0	7115
7187	2	11926233644040	none	7116	c8bed34f	512	224	0	7116
7188	3	11926250864030	none	7117	c8bed34f	512	224	0	7117
7189	4	11926268098240	none	7118	c8bed34f	512	224	0	7118
7190	5	11926281311890	none	7119	c8bed34f	512	224	0	7119
7191	6	11926298541300	none	7120	c8bed34f	512	224	0	7120
7192	7	11926315780620	none	7121	c8bed34f	512	224	0	7121
7193	0	11926333009760	none	7122	c8bed34f	512	224	0	7122
7194	1	11926350267430	none	7123	c8bed34f	512	224	0	7123
7195	2	11926367525610	none	7124	c8bed34f	512	224	0	7124
7196	3	11926384734330	none	7125	ca4c9f0a	512	224	0	7125
7197	4	11926398012030	none	7126	c8bed34f	512	224	0	7126
7198	5	11926415244400	none	7127	2ffa21ce	512	224	0	7127
7199	6	11926432484300	none	7128	ff9a24aa	512	224	0	7128
7200	7	11926449699690	none	7129	489ddae7	512	224	0	7129
7201	0	11926466952050	none	7130	489ddae7	512	224	0	7130
7202	1	11926484212660	none	7131	725dfc79	512	224	0	7131
7203	2	11926497433630	none	7132	725dfc79	512	224	0	7132
7204	3	11926514646740	none	7133	73483ac0	512	224	0	7133
7205	4	11926531983280	none	7134	e1df8944	512	224	0	7134
7206	5	11926549240620	none	7135	c8bed34f	512	224	0	7135
7207	6	11926566489330	none	7136	c8bed34f	512	224	0	7136
7208	7	11926583706430	none	7137	c8bed34f	512	224	0	7137
7209	0	11926601012020	none	7138	c8bed34f	512	224	0	7138
7210	1	11926614230080	none	7139	c8bed34f	512	224	0	7139
7211	2	11926631608450	none	7140	ca4c9f0a	512	224	0	7140
7212	3	11926648878010	none	7141	c8bed34f	512	224	0	7141
7213	4	11926666135640	none	7142	c8bed34f	512	224	0	7142
7214	5	11926683400410	none	7143	c8bed34f	512	224	0	7143
7215	6	11926700700340	none	7144	c8bed34f	512	224	0	7144
7216	7	11926713927120	none	7145	c8bed34f	512	224	0	7145
7217	0	11926731163610	none	7146	c8bed34f	512	224	0	7146
7218	1	11926748447200	none	7147	c8bed34f	512	224	0	7147
7219	2	11926765665810	none	7148	ca4c9f0a	512	224	0	7148
7220	3	11926782906910	none	7149	2d086d8b	512	224	0	7149
7221	4	11926800271690	none	7150	fd6868ef	512	224	0	7150
7222	5	11926813475610	none	7151	489ddae7	512	224	0	7151
7223	6	11926830704120	none	7152	489ddae7	512	224	0	7152
7224	7	11926847944230	none	7153	73483ac0	512	224	0	7153
7225	0	11926865189570	none	7154	73483ac0	512	224	0	7154
7226	1	11926882434170	none	7155	73483ac0	512	224	0	7155
7227	2	11926899802780	none	7156	e1df8944	512	224	0	7156
7228	3	11926917004270	none	7157	c8bed34f	512	224	0	7157
7229	4	11926930238080	none	7158	c8bed34f	512	224	0	7158
7230	5	11926947461200	none	7159	c8bed34f	512	224	0	7159
7231	6	11926964669450	none	7160	c8bed34f	512	224	0	7160
7232	7	11926981905430	none	7161	c8bed34f	512	224	0	7161
7233	0	11926999292150	none	7162	c8bed34f	512	224	0	7162
7234	1	11927016533890	none	7163	c8bed34f	512	224	0	7163
7235	2	11927033764410	none	7164	2ffa21ce	512	224	0	7164
7236	3	11927046974580	none	7165	c8bed34f	512	224	0	7165
7237	4	11927064214460	none	7166	c8bed34f	512	224	0	7166
7238	5	11927081480030	none	7167	c8bed34f	512	224	0	7167
7239	6	11927098691260	none	7168	c8bed34f	512	224	0	7168
7240	7	11927115928980	none	7169	c8bed34f	512	224	0	7169
7241	0	11927133203180	none	7170	ca4c9f0a	512	224	0	7170
7242	1	11927146415560	none	7171	c8bed34f	512	224	0	7171
7243	2	11927163710320	none	7172	2ffa21ce	512	224	0	7172
7244	3	11927181008800	none	7173	ff9a24aa	512	224	0	7173
7245	4	11927198269110	none	7174	489ddae7	512	224	0	7174
7246	5	11927215479460	none	7175	489ddae7	512	224	0	7175
7247	6	11927232686700	none	7176	c52cbdd2	512	224	0	7176
7248	7	11927250010580	none	7177	c52cbdd2	512	224	0	7177
7249	0	11927263220910	none	7178	73483ac0	512	224	0	7178
7250	1	11927280456750	none	7179	e1df8944	512	224	0	7179
7251	2	11927297700070	none	7180	c8bed34f	512	224	0	7180
7252	3	11927314947850	none	7181	c8bed34f	512	224	0	7181
7253	4	11927332209570	none	7182	c8bed34f	512	224	0	7182
7254	5	11927349446970	none	7183	c8bed34f	512	224	0	7183
7255	6	11927362646130	none	7184	c8bed34f	512	224	0	7184
7256	7	11927379997590	none	7185	ca4c9f0a	512	224	0	7185
7257	0	11927397240330	none	7186	c8bed34f	512	224	0	7186
7258	1	11927414484090	none	7187	c8bed34f	512	224	0	7187
7259	2	11927431910650	none	7188	c8bed34f	512	224	0	7188
7260	3	11927449144670	none	7189	c8bed34f	512	224	0	7189
7261	4	11927466383100	none	7190	c8bed34f	512	224	0	7190
7262	5	11927479630280	none	7191	c8bed34f	512	224	0	7191
7263	6	11927496888070	none	7192	ca4c9f0a	512	224	0	7192
7264	7	11927514137300	none	7193	ca4c9f0a	512	224	0	7193
7265	0	11927531380110	none	7194	2d086d8b	512	224	0	7194
7266	1	11927548675640	none	7195	ff9a24aa	512	224	0	7195
7267	2	11927566017030	none	7196	489ddae7	512	224	0	7196
7268	3	11927579233140	none	7197	489ddae7	512	224	0	7197
7269	4	11927596501290	none	7198	73483ac0	512	224	0	7198
7270	5	11927613742150	none	7199	73483ac0	512	224	0	7199
7271	6	11927630975610	none	7200	73483ac0	512	224	0	7200
7272	7	11927648233170	none	7201	e1df8944	512	224	0	7201
7273	0	11927665477320	none	7202	c8bed34f	512	224	0	7202
7274	1	11927682740840	none	7203	c8bed34f	512	224	0	7203
7275	2	11927695933660	none	7204	c8bed34f	512	224	0	7204
7276	3	11927713319040	none	7205	c8bed34f	512	224	0	7205
7277	4	11927730572430	none	7206	c8bed34f	512	224	0	7206
7278	5	11927747915860	none	7207	c8bed34f	512	224	0	7207
7279	6	11927765170680	none	7208	c8bed34f	512	224	0	7208
7280	7	11927782396530	none	7209	2ffa21ce	512	224	0	7209
7281	0	11927795590060	none	7210	c8bed34f	512	224	0	7210
7282	1	11927812806350	none	7211	c8bed34f	512	224	0	7211
7283	2	11927830028150	none	7212	c8bed34f	512	224	0	7212
7284	3	11927847421400	none	7213	c8bed34f	512	224	0	7213
7285	4	11927864639860	none	7214	c8bed34f	512	224	0	7214
7286	5	11927881869730	none	7215	c8bed34f	512	224	0	7215
7287	6	11927895080130	none	7216	2ffa21ce	512	224	0	7216
7288	7	11927912314000	none	7217	ff9a24aa	512	224	0	7217
7289	0	11927929536840	none	7218	489ddae7	512	224	0	7218
7290	1	11927946806830	none	7219	489ddae7	512	224	0	7219
7291	2	11927964114490	none	7220	c52cbdd2	512	224	0	7220
7292	3	11927981337270	none	7221	c52cbdd2	512	224	0	7221
7293	4	11927998577590	none	7222	73483ac0	512	224	0	7222
7294	5	11928011755570	none	7223	e1df8944	512	224	0	7223
7295	6	11928029003040	none	7224	e1df8944	512	224	0	7224
7296	7	11928046253800	none	7225	c8bed34f	512	224	0	7225
7297	0	11928063503250	none	7226	c8bed34f	512	224	0	7226
7298	1	11928080740180	none	7227	c8bed34f	512	224	0	7227
7299	2	11928098014990	none	7228	c8bed34f	512	224	0	7228
7300	3	11928115277630	none	7229	c8bed34f	512	224	0	7229
7301	4	11928128473050	none	7230	c8bed34f	512	224	0	7230
7302	5	11928145693130	none	7231	2ffa21ce	512	224	0	7231
7303	6	11928162996430	none	7232	c8bed34f	512	224	0	7232
7304	7	11928180246540	none	7233	c8bed34f	512	224	0	7233
7305	0	11928197488060	none	7234	c8bed34f	512	224	0	7234
7306	1	11928214707130	none	7235	c8bed34f	512	224	0	7235
7307	2	11928228088290	none	7236	c8bed34f	512	224	0	7236
7308	3	11928245325660	none	7237	ca4c9f0a	512	224	0	7237
7309	4	11928262546140	none	7238	ca4c9f0a	512	224	0	7238
7310	5	11928279868600	none	7239	ca4c9f0a	512	224	0	7239
7311	6	11928297158640	none	7240	c8bed34f	512	224	0	7240
7312	7	11928314394800	none	7241	c8bed34f	512	224	0	7241
7313	0	11928331614710	none	7242	c8bed34f	512	224	0	7242
7314	1	11928344793130	none	7243	c8bed34f	512	224	0	7243
7315	2	11928362118870	none	7244	c8bed34f	512	224	0	7244
7316	3	11928379348200	none	7245	c8bed34f	512	224	0	7245
7317	4	11928396763990	none	7246	2ffa21ce	512	224	0	7246
7318	5	11928414001340	none	7247	c8bed34f	512	224	0	7247
7319	6	11928431249410	none	7248	c8bed34f	512	224	0	7248
7320	7	11928444446610	none	7249	c8bed34f	512	224	0	7249
7321	0	11928461667540	none	7250	c8bed34f	512	224	0	7250
7322	1	11928478907410	none	7251	c8bed34f	512	224	0	7251
7323	2	11928496179310	none	7252	ca4c9f0a	512	224	0	7252
7324	3	11928513424690	none	7253	c8bed34f	512	224	0	7253
7325	4	11928530671060	none	7254	c8bed34f	512	224	0	7254
7326	5	11928547915330	none	7255	c8bed34f	512	224	0	7255
7327	6	11928561251860	none	7256	c8bed34f	512	224	0	7256
7328	7	11928578486170	none	7257	c8bed34f	512	224	0	7257
7329	0	11928595809260	none	7258	c8bed34f	512	224	0	7258
7330	1	11928613048570	none	7259	ca4c9f0a	512	224	0	7259
7331	2	11928630295800	none	7260	ca4c9f0a	512	224	0	7260
7332	3	11928647539890	none	7261	2d086d8b	512	224	0	7261
7333	4	11928660737080	none	7262	2ffa21ce	512	224	0	7262
7334	5	11928677963720	none	7263	98fddf83	512	224	0	7263
7335	6	11928695301580	none	7264	98fddf83	512	224	0	7264
7336	7	11928712519550	none	7265	c8bed34f	512	224	0	7265
7337	0	11928729784280	none	7266	c8bed34f	512	224	0	7266
7338	1	11928747098350	none	7267	c8bed34f	512	224	0	7267
7339	2	11928760328120	none	7268	c8bed34f	512	224	0	7268
7340	3	11928777589990	none	7269	c8bed34f	512	224	0	7269
7341	4	11928794816300	none	7270	c8bed34f	512	224	0	7270
7342	5	11928812033430	none	7271	c8bed34f	512	224	0	7271
7343	6	11928829281290	none	7272	caa7e700	512	224	0	7272
7344	7	11928846522800	none	7273	1ac7e264	512	224	0	7273
7345	0	11928863751990	none	7274	6d0aa264	512	224	0	7274
7346	1	11928876932370	none	7275	18ded62b	512	224	0	7275
7347	2	11928894344820	none	7276	73483ac0	512	224	0	7276
7348	3	11928911566030	none	7277	c8bed34f	512	224	0	7277
7349	4	11928928815940	none	7278	c8bed34f	512	224	0	7278
7350	5	11928946061330	none	7279	c8bed34f	512	224	0	7279
7351	6	11928963303660	none	7280	c8bed34f	512	224	0	7280
7352	7	11928980520020	none	7281	c8bed34f	512	224	0	7281
7353	0	11928993726130	none	7282	ca4c9f0a	512	224	0	7282
7354	1	11929010926670	none	7283	c8bed34f	512	224	0	7283
7355	2	11929028203480	none	7284	2ffa21ce	512	224	0	7284
7356	3	11929045457140	none	7285	fd8310e5	512	224	0	7285
7357	4	11929062688880	none	7286	4a84eea8	512	224	0	7286
7358	5	11929080075520	none	7287	3d49aea8	512	224	0	7287
7359	6	11929093351600	none	7288	b775e567	512	224	0	7288
7360	7	11929110571700	none	7289	c053dd6d	512	224	0	7289
7361	0	11929127895580	none	7290	73483ac0	512	224	0	7290
7362	1	11929145155210	none	7291	e1df8944	512	224	0	7291
7363	2	11929162433950	none	7292	c8bed34f	512	224	0	7292
7364	3	11929179680970	none	7293	c8bed34f	512	224	0	7293
7365	4	11929192899520	none	7294	c8bed34f	512	224	0	7294
7366	5	11929210137280	none	7295	c8bed34f	512	224	0	7295
7367	6	11929227374920	none	7296	c8bed34f	512	224	0	7296
7368	7	11929244683360	none	7297	c8bed34f	512	224	0	7297
7369	0	11929261918270	none	7298	2ffa21ce	512	224	0	7298
7370	1	11929279156630	none	7299	c8bed34f	512	224	0	7299
7371	2	11929296418650	none	7300	c8bed34f	512	224	0	7300
7372	3	11929309729980	none	7301	c8bed34f	512	224	0	7301
7373	4	11929326948620	none	7302	c8bed34f	512	224	0	7302
7374	5	11929344216030	none	7303	c8bed34f	512	224	0	7303
7375	6	11929361439810	none	7304	ca4c9f0a	512	224	0	7304
7376	7	11929378666380	none	7305	ca4c9f0a	512	224	0	7305
7377	0	11929395909060	none	7306	2f1159c4	512	224	0	7306
7378	1	11929409244800	none	7307	fd8310e5	512	224	0	7307
7379	2	11929426459520	none	7308	3d49aea8	512	224	0	7308
7380	3	11929443783210	none	7309	3d49aea8	512	224	0	7309
7381	4	11929461031520	none	7310	73483ac0	512	224	0	7310
7382	5	11929478278520	none	7311	73483ac0	512	224	0	7311
7383	6	11929495532380	none	7312	73483ac0	512	224	0	7312
7384	7	11929512768910	none	7313	e1df8944	512	224	0	7313
7385	0	11929526023240	none	7314	c8bed34f	512	224	0	7314
7386	1	11929543479180	none	7315	c8bed34f	512	224	0	7315
7387	2	11929561198740	none	7316	c8bed34f	512	224	0	7316
7388	3	11929578559150	none	7317	caa7e700	512	224	0	7317
7389	4	11929595806650	none	7318	1ac7e264	512	224	0	7318
7390	5	11929609184070	none	7319	6d0aa264	512	224	0	7319
7391	6	11929626408900	none	7320	18ded62b	512	224	0	7320
7392	7	11929643775060	none	7321	c8bed34f	512	224	0	7321
7393	0	11929661019380	none	7322	c8bed34f	512	224	0	7322
7394	1	11929678262730	none	7323	c8bed34f	512	224	0	7323
7395	2	11929695501940	none	7324	c8bed34f	512	224	0	7324
7396	3	11929708803470	none	7325	c8bed34f	512	224	0	7325
7397	4	11929726024240	none	7326	ca4c9f0a	512	224	0	7326
7398	5	11929743268810	none	7327	c8bed34f	512	224	0	7327
7399	6	11929760505070	none	7328	2ffa21ce	512	224	0	7328
7400	7	11929777762360	none	7329	ff9a24aa	512	224	0	7329
7401	0	11929794971610	none	7330	4a84eea8	512	224	0	7330
7402	1	11929812353530	none	7331	4a84eea8	512	224	0	7331
7403	2	11929825549790	none	7332	069c4e8f	512	224	0	7332
7404	3	11929842896370	none	7333	069c4e8f	512	224	0	7333
7405	4	11929860162770	none	7334	71ba7685	512	224	0	7334
7406	5	11929877391220	none	7335	e1df8944	512	224	0	7335
7407	6	11929894602450	none	7336	c8bed34f	512	224	0	7336
7408	7	11929911800920	none	7337	c8bed34f	512	224	0	7337
7409	0	11929924998940	none	7338	c8bed34f	512	224	0	7338
7410	1	11929942356700	none	7339	c8bed34f	512	224	0	7339
7411	2	11929959577920	none	7340	c8bed34f	512	224	0	7340
7412	3	11929976801240	none	7341	ca4c9f0a	512	224	0	7341
7413	4	11929994039570	none	7342	c8bed34f	512	224	0	7342
7414	5	11930011283410	none	7343	2ffa21ce	512	224	0	7343
7415	6	11930028510880	none	7344	c8bed34f	512	224	0	7344
7416	7	11930041740230	none	7345	c8bed34f	512	224	0	7345
7417	0	11930058963750	none	7346	c8bed34f	512	224	0	7346
7418	1	11930076205050	none	7347	c8bed34f	512	224	0	7347
7419	2	11930093480270	none	7348	c8bed34f	512	224	0	7348
7420	3	11930110745910	none	7349	ca4c9f0a	512	224	0	7349
7421	4	11930127955570	none	7350	ca4c9f0a	512	224	0	7350
7422	5	11930145214870	none	7351	2d086d8b	512	224	0	7351
7423	6	11930158513730	none	7352	2ffa21ce	512	224	0	7352
7424	7	11930175740830	none	7353	98fddf83	512	224	0	7353
7425	0	11930193013310	none	7354	98fddf83	512	224	0	7354
7426	1	11930210320710	none	7355	c8bed34f	512	224	0	7355
7427	2	11930227544720	none	7356	c8bed34f	512	224	0	7356
7428	3	11930244760610	none	7357	c8bed34f	512	224	0	7357
7429	4	11930258083480	none	7358	c8bed34f	512	224	0	7358
7430	5	11930275370790	none	7359	c8bed34f	512	224	0	7359
7431	6	11930292591800	none	7360	c8bed34f	512	224	0	7360
7432	7	11930309882150	none	7361	c8bed34f	512	224	0	7361
7433	0	11930327140770	none	7362	caa7e700	512	224	0	7362
7434	1	11930344373980	none	7363	1ac7e264	512	224	0	7363
7435	2	11930357704500	none	7364	6ff8ee21	512	224	0	7364
7436	3	11930374919610	none	7365	18ded62b	512	224	0	7365
7437	4	11930392174460	none	7366	c8bed34f	512	224	0	7366
7438	5	11930409420910	none	7367	c8bed34f	512	224	0	7367
7439	6	11930426658890	none	7368	c8bed34f	512	224	0	7368
7440	7	11930443910690	none	7369	c8bed34f	512	224	0	7369
7441	0	11930461310490	none	7370	c8bed34f	512	224	0	7370
7442	1	11930474503920	none	7371	ca4c9f0a	512	224	0	7371
7443	2	11930491734420	none	7372	ca4c9f0a	512	224	0	7372
7444	3	11930508948040	none	7373	2f1159c4	512	224	0	7373
7445	4	11930526201110	none	7374	fd8310e5	512	224	0	7374
7446	5	11930543445840	none	7375	3d49aea8	512	224	0	7375
7447	6	11930560745820	none	7376	3d49aea8	512	224	0	7376
7448	7	11930573968730	none	7377	73483ac0	512	224	0	7377
7449	0	11930591210250	none	7378	73483ac0	512	224	0	7378
7450	1	11930608448210	none	7379	73483ac0	512	224	0	7379
7451	2	11930625694570	none	7380	e1df8944	512	224	0	7380
7452	3	11930642906800	none	7381	c8bed34f	512	224	0	7381
7453	4	11930660280290	none	7382	c8bed34f	512	224	0	7382
7454	5	11930677523320	none	7383	c8bed34f	512	224	0	7383
7455	6	11930690717400	none	7384	c8bed34f	512	224	0	7384
7456	7	11930707953090	none	7385	c8bed34f	512	224	0	7385
7457	0	11930725214950	none	7386	ca4c9f0a	512	224	0	7386
7458	1	11930742474840	none	7387	c8bed34f	512	224	0	7387
7459	2	11930759697160	none	7388	c8bed34f	512	224	0	7388
7460	3	11930776913080	none	7389	c8bed34f	512	224	0	7389
7461	4	11930794171590	none	7390	c8bed34f	512	224	0	7390
7462	5	11930807384410	none	7391	c8bed34f	512	224	0	7391
7463	6	11930824607200	none	7392	c8bed34f	512	224	0	7392
7464	7	11930841975200	none	7393	ca4c9f0a	512	224	0	7393
7465	0	11930859229340	none	7394	ca4c9f0a	512	224	0	7394
7466	1	11930876459900	none	7395	2d086d8b	512	224	0	7395
7467	2	11930893718570	none	7396	2ffa21ce	512	224	0	7396
7468	3	11930907019480	none	7397	98fddf83	512	224	0	7397
7469	4	11930924272170	none	7398	98fddf83	512	224	0	7398
7470	5	11930941488620	none	7399	c8bed34f	512	224	0	7399
7471	6	11930958754250	none	7400	c8bed34f	512	224	0	7400
7472	7	11930975989160	none	7401	c8bed34f	512	224	0	7401
7473	0	11930993240130	none	7402	c8bed34f	512	224	0	7402
7474	1	11931010478440	none	7403	c8bed34f	512	224	0	7403
7475	2	11931023685700	none	7404	c8bed34f	512	224	0	7404
7476	3	11931041007120	none	7405	c8bed34f	512	224	0	7405
7477	4	11931058241560	none	7406	c8bed34f	512	224	0	7406
7478	5	11931075492870	none	7407	c8bed34f	512	224	0	7407
7479	6	11931092708140	none	7408	ca4c9f0a	512	224	0	7408
7480	7	11931110040480	none	7409	c8bed34f	512	224	0	7409
7481	0	11931123264250	none	7410	2ffa21ce	512	224	0	7410
7482	1	11931140496270	none	7411	c8bed34f	512	224	0	7411
7483	2	11931157751580	none	7412	c8bed34f	512	224	0	7412
7484	3	11931175102690	none	7413	c8bed34f	512	224	0	7413
7485	4	11931192331030	none	7414	c8bed34f	512	224	0	7414
7486	5	11931209701140	none	7415	c8bed34f	512	224	0	7415
7487	6	11931222915250	none	7416	ca4c9f0a	512	224	0	7416
7488	7	11931240164510	none	7417	ca4c9f0a	512	224	0	7417
7489	0	11931257421420	none	7418	2f1159c4	512	224	0	7418
7490	1	11931274634900	none	7419	fd8310e5	512	224	0	7419
7491	2	11931291889870	none	7420	3d49aea8	512	224	0	7420
7492	3	11931309162690	none	7421	3d49aea8	512	224	0	7421
7493	4	11931326398070	none	7422	73483ac0	512	224	0	7422
7494	5	11931339587140	none	7423	73483ac0	512	224	0	7423
7495	6	11931356843540	none	7424	73483ac0	512	224	0	7424
7496	7	11931374115450	none	7425	e1df8944	512	224	0	7425
7497	0	11931391369830	none	7426	c8bed34f	512	224	0	7426
7498	1	11931408720020	none	7427	c8bed34f	512	224	0	7427
7499	2	11931425967270	none	7428	c8bed34f	512	224	0	7428
7500	3	11931439217810	none	7429	c8bed34f	512	224	0	7429
7501	4	11931456438450	none	7430	c8bed34f	512	224	0	7430
7502	5	11931473648140	none	7431	ca4c9f0a	512	224	0	7431
7503	6	11931490889150	none	7432	c8bed34f	512	224	0	7432
7504	7	11931508249670	none	7433	c8bed34f	512	224	0	7433
7505	0	11931525473410	none	7434	c8bed34f	512	224	0	7434
7506	1	11931542719540	none	7435	c8bed34f	512	224	0	7435
7507	2	11931555962320	none	7436	c8bed34f	512	224	0	7436
7508	3	11931573200590	none	7437	c8bed34f	512	224	0	7437
7509	4	11931590429270	none	7438	ca4c9f0a	512	224	0	7438
7510	5	11931607648760	none	7439	ca4c9f0a	512	224	0	7439
7511	6	11931624889610	none	7440	2d086d8b	512	224	0	7440
7512	7	11931642133090	none	7441	2ffa21ce	512	224	0	7441
7513	0	11931659402380	none	7442	98fddf83	512	224	0	7442
7514	1	11931672562530	none	7443	98fddf83	512	224	0	7443
7515	2	11931689828610	none	7444	c8bed34f	512	224	0	7444
7516	3	11931707222470	none	7445	c8bed34f	512	224	0	7445
7517	4	11931724461700	none	7446	c8bed34f	512	224	0	7446
7518	5	11931741724300	none	7447	c8bed34f	512	224	0	7447
7519	6	11931759003170	none	7448	c8bed34f	512	224	0	7448
7520	7	11931772205720	none	7449	c8bed34f	512	224	0	7449
7521	0	11931789441600	none	7450	c8bed34f	512	224	0	7450
7522	1	11931806675470	none	7451	caa7e700	512	224	0	7451
7523	2	11931823891660	none	7452	1ac7e264	512	224	0	7452
7524	3	11931841149680	none	7453	6d0aa264	512	224	0	7453
7525	4	11931858392290	none	7454	18ded62b	512	224	0	7454
7526	5	11931875608660	none	7455	c8bed34f	512	224	0	7455
7527	6	11931888816450	none	7456	c8bed34f	512	224	0	7456
7528	7	11931906050780	none	7457	c8bed34f	512	224	0	7457
7529	0	11931923295270	none	7458	c8bed34f	512	224	0	7458
7530	1	11931940545380	none	7459	c8bed34f	512	224	0	7459
7531	2	11931957872600	none	7460	ca4c9f0a	512	224	0	7460
7532	3	11931975154790	none	7461	c8bed34f	512	224	0	7461
7533	4	11931988344730	none	7462	2ffa21ce	512	224	0	7462
7534	5	11932005615100	none	7463	ff9a24aa	512	224	0	7463
7535	6	11932022856160	none	7464	4a84eea8	512	224	0	7464
7536	7	11932040110900	none	7465	4a84eea8	512	224	0	7465
7537	0	11932057459070	none	7466	069c4e8f	512	224	0	7466
7538	1	11932074703750	none	7467	069c4e8f	512	224	0	7467
7539	2	11932092012330	none	7468	71ba7685	512	224	0	7468
7540	3	11932105474790	none	7469	e1df8944	512	224	0	7469
7541	4	11932122935680	none	7470	c8bed34f	512	224	0	7470
7542	5	11932140331360	none	7471	c8bed34f	512	224	0	7471
7543	6	11932157823780	none	7472	c8bed34f	512	224	0	7472
7544	7	11932175279100	none	7473	c8bed34f	512	224	0	7473
7545	0	11932188528210	none	7474	c8bed34f	512	224	0	7474
7546	1	11932205874150	none	7475	ca4c9f0a	512	224	0	7475
7547	2	11932223244060	none	7476	c8bed34f	512	224	0	7476
7548	3	11932240821180	none	7477	2ffa21ce	512	224	0	7477
7549	4	11932258068560	none	7478	c8bed34f	512	224	0	7478
7550	5	11932271277360	none	7479	c8bed34f	512	224	0	7479
7551	6	11932288562670	none	7480	c8bed34f	512	224	0	7480
7552	7	11932306106110	none	7481	c8bed34f	512	224	0	7481
7553	0	11932323392010	none	7482	c8bed34f	512	224	0	7482
7554	1	11932340765930	none	7483	ca4c9f0a	512	224	0	7483
7555	2	11932358178070	none	7484	ca4c9f0a	512	224	0	7484
7556	3	11932371825640	none	7485	2f1159c4	512	224	0	7485
7557	4	11932389305530	none	7486	fd8310e5	512	224	0	7486
7558	5	11932407144620	none	7487	3d49aea8	512	224	0	7487
7559	6	11932424703880	none	7488	3d49aea8	512	224	0	7488
7560	7	11932438074450	none	7489	73483ac0	512	224	0	7489
7561	0	11932455320680	none	7490	73483ac0	512	224	0	7490
7562	1	11932472514560	none	7491	73483ac0	512	224	0	7491
7563	2	11932489902590	none	7492	e1df8944	512	224	0	7492
7564	3	11932507165750	none	7493	c8bed34f	512	224	0	7493
7565	4	11932524452990	none	7494	c8bed34f	512	224	0	7494
7566	5	11932537614640	none	7495	c8bed34f	512	224	0	7495
7567	6	11932554850360	none	7496	caa7e700	512	224	0	7496
7568	7	11932572094080	none	7497	1ac7e264	512	224	0	7497
7569	0	11932589328000	none	7498	6d0aa264	512	224	0	7498
7570	1	11932606560410	none	7499	18ded62b	512	224	0	7499
7571	2	11932623873250	none	7500	c8bed34f	512	224	0	7500
7572	3	11932641138180	none	7501	c8bed34f	512	224	0	7501
7573	4	11932654336270	none	7502	c8bed34f	512	224	0	7502
7574	5	11932671551430	none	7503	c8bed34f	512	224	0	7503
7575	6	11932688878780	none	7504	c8bed34f	512	224	0	7504
7576	7	11932706135720	none	7505	ca4c9f0a	512	224	0	7505
7577	0	11932723360850	none	7506	c8bed34f	512	224	0	7506
7578	1	11932740590680	none	7507	2ffa21ce	512	224	0	7507
7579	2	11932753827990	none	7508	ff9a24aa	512	224	0	7508
7580	3	11932771115480	none	7509	4a84eea8	512	224	0	7509
7581	4	11932788345080	none	7510	4a84eea8	512	224	0	7510
7582	5	11932805696020	none	7511	069c4e8f	512	224	0	7511
7583	6	11932822957940	none	7512	069c4e8f	512	224	0	7512
7584	7	11932840204460	none	7513	71ba7685	512	224	0	7513
7585	0	11932857439600	none	7514	e1df8944	512	224	0	7514
7586	1	11932870615960	none	7515	c8bed34f	512	224	0	7515
7587	2	11932887842070	none	7516	c8bed34f	512	224	0	7516
7588	3	11932905207450	none	7517	c8bed34f	512	224	0	7517
7589	4	11932922447860	none	7518	c8bed34f	512	224	0	7518
7590	5	11932939678190	none	7519	c8bed34f	512	224	0	7519
7591	6	11932956882780	none	7520	ca4c9f0a	512	224	0	7520
7592	7	11932970219450	none	7521	c8bed34f	512	224	0	7521
7593	0	11932987451720	none	7522	2ffa21ce	512	224	0	7522
7594	1	11933004772790	none	7523	c8bed34f	512	224	0	7523
7595	2	11933022097630	none	7524	c8bed34f	512	224	0	7524
7596	3	11933039385790	none	7525	c8bed34f	512	224	0	7525
7597	4	11933056653510	none	7526	c8bed34f	512	224	0	7526
7598	5	11933069845850	none	7527	c8bed34f	512	224	0	7527
7599	6	11933087085480	none	7528	ca4c9f0a	512	224	0	7528
7600	7	11933104449300	none	7529	2d086d8b	512	224	0	7529
7601	0	11933121690050	none	7530	2d086d8b	512	224	0	7530
7602	1	11933138911780	none	7531	98fddf83	512	224	0	7531
7603	2	11933156162300	none	7532	98fddf83	512	224	0	7532
7604	3	11933173386850	none	7533	c8bed34f	512	224	0	7533
7605	4	11933186552470	none	7534	c8bed34f	512	224	0	7534
7606	5	11933203778820	none	7535	c8bed34f	512	224	0	7535
7607	6	11933221012800	none	7536	c8bed34f	512	224	0	7536
7608	7	11933238283050	none	7537	c8bed34f	512	224	0	7537
7609	0	11933255525410	none	7538	c8bed34f	512	224	0	7538
7610	1	11933272737150	none	7539	c8bed34f	512	224	0	7539
7611	2	11933290110270	none	7540	c8bed34f	512	224	0	7540
7612	3	11933303311130	none	7541	caa7e700	512	224	0	7541
7613	4	11933320527630	none	7542	1835ae21	512	224	0	7542
7614	5	11933337754490	none	7543	18ded62b	512	224	0	7543
7615	6	11933355001460	none	7544	18ded62b	512	224	0	7544
7616	7	11933372251610	none	7545	c8bed34f	512	224	0	7545
7617	0	11933389457980	none	7546	c8bed34f	512	224	0	7546
7618	1	11933402640420	none	7547	c8bed34f	512	224	0	7547
7619	2	11933419867750	none	7548	c8bed34f	512	224	0	7548
7620	3	11933437122730	none	7549	c8bed34f	512	224	0	7549
7621	4	11933454373670	none	7550	ca4c9f0a	512	224	0	7550
7622	5	11933471603610	none	7551	ca4c9f0a	512	224	0	7551
7623	6	11933488845470	none	7552	2f1159c4	512	224	0	7552
7624	7	11933506096660	none	7553	fd8310e5	512	224	0	7553
7625	0	11933519399520	none	7554	3d49aea8	512	224	0	7554
7626	1	11933536648770	none	7555	3d49aea8	512	224	0	7555
7627	2	11933553983290	none	7556	73483ac0	512	224	0	7556
7628	3	11933571242710	none	7557	73483ac0	512	224	0	7557
7629	4	11933588449280	none	7558	73483ac0	512	224	0	7558
7630	5	11933605714980	none	7559	e1df8944	512	224	0	7559
7631	6	11933622939790	none	7560	c8bed34f	512	224	0	7560
7632	7	11933636162720	none	7561	c8bed34f	512	224	0	7561
7633	0	11933653541440	none	7562	c8bed34f	512	224	0	7562
7634	1	11933670791110	none	7563	c8bed34f	512	224	0	7563
7635	2	11933688038510	none	7564	c8bed34f	512	224	0	7564
7636	3	11933705284990	none	7565	ca4c9f0a	512	224	0	7565
7637	4	11933722508250	none	7566	c8bed34f	512	224	0	7566
7638	5	11933735713400	none	7567	c8bed34f	512	224	0	7567
7639	6	11933753145680	none	7568	c8bed34f	512	224	0	7568
7640	7	11933770378450	none	7569	c8bed34f	512	224	0	7569
7641	0	11933787597470	none	7570	c8bed34f	512	224	0	7570
7642	1	11933804849760	none	7571	c8bed34f	512	224	0	7571
7643	2	11933822358210	none	7572	ca4c9f0a	512	224	0	7572
7644	3	11933835590920	none	7573	ca4c9f0a	512	224	0	7573
7645	4	11933853026360	none	7574	2d086d8b	512	224	0	7574
7646	5	11933870283220	none	7575	2ffa21ce	512	224	0	7575
7647	6	11933887530810	none	7576	98fddf83	512	224	0	7576
7648	7	11933904795700	none	7577	98fddf83	512	224	0	7577
7649	0	11933922162540	none	7578	c8bed34f	512	224	0	7578
7650	1	11933935358250	none	7579	c8bed34f	512	224	0	7579
7651	2	11933952806140	none	7580	c8bed34f	512	224	0	7580
7652	3	11933970084630	none	7581	c8bed34f	512	224	0	7581
7653	4	11933987320270	none	7582	c8bed34f	512	224	0	7582
7654	5	11934004571520	none	7583	c8bed34f	512	224	0	7583
7655	6	11934021820110	none	7584	c8bed34f	512	224	0	7584
7656	7	11934035049750	none	7585	c8bed34f	512	224	0	7585
7657	0	11934052486700	none	7586	c8bed34f	512	224	0	7586
7658	1	11934069767420	none	7587	ca4c9f0a	512	224	0	7587
7659	2	11934087028080	none	7588	c8bed34f	512	224	0	7588
7660	3	11934104270120	none	7589	2ffa21ce	512	224	0	7589
7661	4	11934121505900	none	7590	c8bed34f	512	224	0	7590
7662	5	11934134748350	none	7591	c8bed34f	512	224	0	7591
7663	6	11934152127730	none	7592	c8bed34f	512	224	0	7592
7664	7	11934169442140	none	7593	c8bed34f	512	224	0	7593
7665	0	11934186709130	none	7594	c8bed34f	512	224	0	7594
7666	1	11934203928300	none	7595	ca4c9f0a	512	224	0	7595
7667	2	11934221301890	none	7596	ca4c9f0a	512	224	0	7596
7668	3	11934238550800	none	7597	2f1159c4	512	224	0	7597
7669	4	11934251766480	none	7598	fd8310e5	512	224	0	7598
7670	5	11934269039920	none	7599	3d49aea8	512	224	0	7599
7671	6	11934286320640	none	7600	3d49aea8	512	224	0	7600
7672	7	11934303549260	none	7601	73483ac0	512	224	0	7601
7673	0	11934320795860	none	7602	73483ac0	512	224	0	7602
7674	1	11934338045410	none	7603	73483ac0	512	224	0	7603
7675	2	11934351256190	none	7604	c8bed34f	512	224	0	7604
7676	3	11934368483780	none	7605	c8bed34f	512	224	0	7605
7677	4	11934385700520	none	7606	c8bed34f	512	224	0	7606
7678	5	11934403020950	none	7607	c8bed34f	512	224	0	7607
7679	6	11934420257910	none	7608	c8bed34f	512	224	0	7608
7680	7	11934437500280	none	7609	ca4c9f0a	512	224	0	7609
7681	0	11934454757000	none	7610	c8bed34f	512	224	0	7610
7682	1	11934468097720	none	7611	2ffa21ce	512	224	0	7611
7683	2	11934485327210	none	7612	c8bed34f	512	224	0	7612
7684	3	11934502669330	none	7613	c8bed34f	512	224	0	7613
7685	4	11934519926030	none	7614	c8bed34f	512	224	0	7614
7686	5	11934537175710	none	7615	c8bed34f	512	224	0	7615
7687	6	11934554455080	none	7616	c8bed34f	512	224	0	7616
7688	7	11934567655610	none	7617	ca4c9f0a	512	224	0	7617
7689	0	11934584903480	none	7618	ca4c9f0a	512	224	0	7618
7690	1	11934602368350	none	7619	2d086d8b	512	224	0	7619
7691	2	11934619910980	none	7620	2ffa21ce	512	224	0	7620
7692	3	11934637221600	none	7621	98fddf83	512	224	0	7621
7693	4	11934654458080	none	7622	98fddf83	512	224	0	7622
7694	5	11934667658570	none	7623	c8bed34f	512	224	0	7623
7695	6	11934684862380	none	7624	c8bed34f	512	224	0	7624
7696	7	11934702168650	none	7625	c8bed34f	512	224	0	7625
7697	0	11934719483500	none	7626	c8bed34f	512	224	0	7626
7698	1	11934736710360	none	7627	c8bed34f	512	224	0	7627
7699	2	11934753929970	none	7628	c8bed34f	512	224	0	7628
7700	3	11934767166310	none	7629	c8bed34f	512	224	0	7629
7701	4	11934784388670	none	7630	caa7e700	512	224	0	7630
7702	5	11934801616410	none	7631	1ac7e264	512	224	0	7631
7703	6	11934818824700	none	7632	6d0aa264	512	224	0	7632
7704	7	11934836114500	none	7633	18ded62b	512	224	0	7633
7705	0	11934853369430	none	7634	c8bed34f	512	224	0	7634
7706	1	11934870687880	none	7635	c8bed34f	512	224	0	7635
7707	2	11934883939980	none	7636	c8bed34f	512	224	0	7636
7708	3	11934901276000	none	7637	c8bed34f	512	224	0	7637
7709	4	11934918490190	none	7638	c8bed34f	512	224	0	7638
7710	5	11934935706380	none	7639	ca4c9f0a	512	224	0	7639
7711	6	11934953045190	none	7640	c8bed34f	512	224	0	7640
7712	7	11934970291390	none	7641	2ffa21ce	512	224	0	7641
7713	0	11934983494030	none	7642	ff9a24aa	512	224	0	7642
7714	1	11935000741710	none	7643	4a84eea8	512	224	0	7643
7715	2	11935017976050	none	7644	4a84eea8	512	224	0	7644
7716	3	11935035236330	none	7645	069c4e8f	512	224	0	7645
7717	4	11935052568810	none	7646	069c4e8f	512	224	0	7646
7718	5	11935069949320	none	7647	71ba7685	512	224	0	7647
7719	6	11935087187020	none	7648	e1df8944	512	224	0	7648
7720	7	11935100372010	none	7649	c8bed34f	512	224	0	7649
7721	0	11935117575630	none	7650	c8bed34f	512	224	0	7650
7722	1	11935134804220	none	7651	c8bed34f	512	224	0	7651
7723	2	11935152088860	none	7652	c8bed34f	512	224	0	7652
7724	3	11935169496220	none	7653	c8bed34f	512	224	0	7653
7725	4	11935186758830	none	7654	ca4c9f0a	512	224	0	7654
7726	5	11935199975660	none	7655	c8bed34f	512	224	0	7655
7727	6	11935217221640	none	7656	2ffa21ce	512	224	0	7656
7728	7	11935234446660	none	7657	c8bed34f	512	224	0	7657
7729	0	11935251680840	none	7658	c8bed34f	512	224	0	7658
7730	1	11935268917390	none	7659	c8bed34f	512	224	0	7659
7731	2	11935286261650	none	7660	c8bed34f	512	224	0	7660
7732	3	11935299502160	none	7661	c8bed34f	512	224	0	7661
7733	4	11935316723520	none	7662	ca4c9f0a	512	224	0	7662
7734	5	11935333937730	none	7663	ca4c9f0a	512	224	0	7663
7735	6	11935351183560	none	7664	2f1159c4	512	224	0	7664
7736	7	11935368406830	none	7665	fd8310e5	512	224	0	7665
7737	0	11935385642450	none	7666	3d49aea8	512	224	0	7666
7738	1	11935403002140	none	7667	3d49aea8	512	224	0	7667
7739	2	11935416237290	none	7668	73483ac0	512	224	0	7668
7740	3	11935433450880	none	7669	73483ac0	512	224	0	7669
7741	4	11935450678550	none	7670	73483ac0	512	224	0	7670
7742	5	11935467893860	none	7671	e1df8944	512	224	0	7671
7743	6	11935485142410	none	7672	c8bed34f	512	224	0	7672
7744	7	11935502371820	none	7673	c8bed34f	512	224	0	7673
7745	0	11935519692400	none	7674	c8bed34f	512	224	0	7674
7746	1	11935532910340	none	7675	caa7e700	512	224	0	7675
7747	2	11935550150400	none	7676	1ac7e264	512	224	0	7676
7748	3	11935567378500	none	7677	6d0aa264	512	224	0	7677
7749	4	11935584605270	none	7678	18ded62b	512	224	0	7678
7750	5	11935601895900	none	7679	c8bed34f	512	224	0	7679
7751	6	11935619212130	none	7680	c8bed34f	512	224	0	7680
7752	7	11935632449160	none	7681	c8bed34f	512	224	0	7681
7753	0	11935649676030	none	7682	c8bed34f	512	224	0	7682
7754	1	11935666883860	none	7683	c8bed34f	512	224	0	7683
7755	2	11935684148640	none	7684	ca4c9f0a	512	224	0	7684
7756	3	11935701366100	none	7685	c8bed34f	512	224	0	7685
7757	4	11935718671880	none	7686	2ffa21ce	512	224	0	7686
7758	5	11935735952620	none	7687	fd8310e5	512	224	0	7687
7759	6	11935749227730	none	7688	4a84eea8	512	224	0	7688
7760	7	11935766440360	none	7689	3d49aea8	512	224	0	7689
7761	0	11935783640390	none	7690	b775e567	512	224	0	7690
7762	1	11935800899830	none	7691	c053dd6d	512	224	0	7691
7763	2	11935818155560	none	7692	73483ac0	512	224	0	7692
7764	3	11935835387720	none	7693	e1df8944	512	224	0	7693
7765	4	11935848647350	none	7694	c8bed34f	512	224	0	7694
7766	5	11935865842360	none	7695	c8bed34f	512	224	0	7695
7767	6	11935883089300	none	7696	c8bed34f	512	224	0	7696
7768	7	11935900308790	none	7697	c8bed34f	512	224	0	7697
7769	0	11935917633500	none	7698	c8bed34f	512	224	0	7698
7770	1	11935934940950	none	7699	ca4c9f0a	512	224	0	7699
7771	2	11935952317280	none	7700	c8bed34f	512	224	0	7700
7772	3	11935965687250	none	7701	c8bed34f	512	224	0	7701
7773	4	11935983053200	none	7702	c8bed34f	512	224	0	7702
7774	5	11936000278490	none	7703	c8bed34f	512	224	0	7703
7775	6	11936017597280	none	7704	c8bed34f	512	224	0	7704
7776	7	11936034911060	none	7705	c8bed34f	512	224	0	7705
7777	0	11936052153650	none	7706	ca4c9f0a	512	224	0	7706
7778	1	11936065416280	none	7707	ca4c9f0a	512	224	0	7707
7779	2	11936082676230	none	7708	2d086d8b	512	224	0	7708
7780	3	11936099884620	none	7709	2ffa21ce	512	224	0	7709
7781	4	11936117252250	none	7710	98fddf83	512	224	0	7710
7782	5	11936134467600	none	7711	98fddf83	512	224	0	7711
7783	6	11936151690150	none	7712	c8bed34f	512	224	0	7712
7784	7	11936164962770	none	7713	c8bed34f	512	224	0	7713
7785	0	11936182196360	none	7714	c8bed34f	512	224	0	7714
7786	1	11936199389680	none	7715	c8bed34f	512	224	0	7715
7787	2	11936216710830	none	7716	c8bed34f	512	224	0	7716
7788	3	11936233959800	none	7717	c8bed34f	512	224	0	7717
7789	4	11936251205810	none	7718	c8bed34f	512	224	0	7718
7790	5	11936268430630	none	7719	caa7e700	512	224	0	7719
7791	6	11936281630930	none	7720	1ac7e264	512	224	0	7720
7792	7	11936298848260	none	7721	6ff8ee21	512	224	0	7721
7793	0	11936316238810	none	7722	18ded62b	512	224	0	7722
7794	1	11936333464230	none	7723	73483ac0	512	224	0	7723
7795	2	11936350776950	none	7724	c8bed34f	512	224	0	7724
7796	3	11936368025890	none	7725	c8bed34f	512	224	0	7725
7797	4	11936381224460	none	7726	c8bed34f	512	224	0	7726
7798	5	11936398460160	none	7727	c8bed34f	512	224	0	7727
7799	6	11936415663200	none	7728	c8bed34f	512	224	0	7728
7800	7	11936432887700	none	7729	ca4c9f0a	512	224	0	7729
7801	0	11936450144700	none	7730	ca4c9f0a	512	224	0	7730
7802	1	11936467385900	none	7731	2f1159c4	512	224	0	7731
7803	2	11936484669710	none	7732	fd8310e5	512	224	0	7732
7804	3	11936498020540	none	7733	3d49aea8	512	224	0	7733
7805	4	11936515299970	none	7734	3d49aea8	512	224	0	7734
7806	5	11936532526480	none	7735	73483ac0	512	224	0	7735
7807	6	11936549756760	none	7736	73483ac0	512	224	0	7736
7808	7	11936567071650	none	7737	73483ac0	512	224	0	7737
7809	0	11936584308580	none	7738	e1df8944	512	224	0	7738
7810	1	11936597487820	none	7739	c8bed34f	512	224	0	7739
7811	2	11936614736870	none	7740	c8bed34f	512	224	0	7740
7812	3	11936631992620	none	7741	c8bed34f	512	224	0	7741
7813	4	11936649233120	none	7742	c8bed34f	512	224	0	7742
7814	5	11936666478930	none	7743	c8bed34f	512	224	0	7743
7815	6	11936683736360	none	7744	ca4c9f0a	512	224	0	7744
7816	7	11936701092950	none	7745	c8bed34f	512	224	0	7745
7817	0	11936714280950	none	7746	c8bed34f	512	224	0	7746
7818	1	11936731484510	none	7747	c8bed34f	512	224	0	7747
7819	2	11936748735930	none	7748	c8bed34f	512	224	0	7748
7820	3	11936766091150	none	7749	c8bed34f	512	224	0	7749
7821	4	11936783333860	none	7750	c8bed34f	512	224	0	7750
7822	5	11936800552960	none	7751	ca4c9f0a	512	224	0	7751
7823	6	11936813748570	none	7752	ca4c9f0a	512	224	0	7752
7824	7	11936831105710	none	7753	2d086d8b	512	224	0	7753
7825	0	11936848329650	none	7754	2ffa21ce	512	224	0	7754
7826	1	11936865656340	none	7755	98fddf83	512	224	0	7755
7827	2	11936882948700	none	7756	98fddf83	512	224	0	7756
7828	3	11936900202430	none	7757	c8bed34f	512	224	0	7757
7829	4	11936917438760	none	7758	c8bed34f	512	224	0	7758
7830	5	11936930629990	none	7759	c8bed34f	512	224	0	7759
7831	6	11936947924850	none	7760	c8bed34f	512	224	0	7760
7832	7	11936965284950	none	7761	c8bed34f	512	224	0	7761
7833	0	11936982499600	none	7762	c8bed34f	512	224	0	7762
7834	1	11936999738290	none	7763	c8bed34f	512	224	0	7763
7835	2	11937017044150	none	7764	c8bed34f	512	224	0	7764
7836	3	11937030371280	none	7765	c8bed34f	512	224	0	7765
7837	4	11937047602350	none	7766	ca4c9f0a	512	224	0	7766
7838	5	11937064917850	none	7767	c8bed34f	512	224	0	7767
7839	6	11937082186480	none	7768	c8bed34f	512	224	0	7768
7840	7	11937099429570	none	7769	c8bed34f	512	224	0	7769
7841	0	11937116656890	none	7770	c8bed34f	512	224	0	7770
7842	1	11937129841490	none	7771	c8bed34f	512	224	0	7771
7843	2	11937147074780	none	7772	c8bed34f	512	224	0	7772
7844	3	11937164430010	none	7773	ca4c9f0a	512	224	0	7773
7845	4	11937181673490	none	7774	ca4c9f0a	512	224	0	7774
7846	5	11937198908160	none	7775	2f1159c4	512	224	0	7775
7847	6	11937216156560	none	7776	fd8310e5	512	224	0	7776
7848	7	11937233380050	none	7777	3d49aea8	512	224	0	7777
7849	0	11937246543110	none	7778	3d49aea8	512	224	0	7778
7850	1	11937263771980	none	7779	73483ac0	512	224	0	7779
7851	2	11937281103800	none	7780	73483ac0	512	224	0	7780
7852	3	11937298398820	none	7781	73483ac0	512	224	0	7781
7853	4	11937315634450	none	7782	e1df8944	512	224	0	7782
7854	5	11937332844430	none	7783	c8bed34f	512	224	0	7783
7855	6	11937350100980	none	7784	c8bed34f	512	224	0	7784
7856	7	11937363285680	none	7785	c8bed34f	512	224	0	7785
7857	0	11937380491630	none	7786	c8bed34f	512	224	0	7786
7858	1	11937397725260	none	7787	c8bed34f	512	224	0	7787
7859	2	11937415081060	none	7788	ca4c9f0a	512	224	0	7788
7860	3	11937432311470	none	7789	c8bed34f	512	224	0	7789
7861	4	11937449586420	none	7790	2ffa21ce	512	224	0	7790
7862	5	11937462770040	none	7791	c8bed34f	512	224	0	7791
7863	6	11937480013350	none	7792	c8bed34f	512	224	0	7792
7864	7	11937497268580	none	7793	c8bed34f	512	224	0	7793
7865	0	11937514493510	none	7794	c8bed34f	512	224	0	7794
7866	1	11937531768230	none	7795	c8bed34f	512	224	0	7795
7867	2	11937549104680	none	7796	ca4c9f0a	512	224	0	7796
7868	3	11937566337770	none	7797	ca4c9f0a	512	224	0	7797
7869	4	11937579616400	none	7798	2d086d8b	512	224	0	7798
7870	5	11937596899050	none	7799	2ffa21ce	512	224	0	7799
7871	6	11937614160050	none	7800	98fddf83	512	224	0	7800
7872	7	11937631390980	none	7801	98fddf83	512	224	0	7801
7873	0	11937648604060	none	7802	c8bed34f	512	224	0	7802
7874	1	11937665829460	none	7803	c8bed34f	512	224	0	7803
7875	2	11937679184280	none	7804	c8bed34f	512	224	0	7804
7876	3	11937696398490	none	7805	c8bed34f	512	224	0	7805
7877	4	11937713709210	none	7806	c8bed34f	512	224	0	7806
7878	5	11937730966940	none	7807	c8bed34f	512	224	0	7807
7879	6	11937748177080	none	7808	c8bed34f	512	224	0	7808
7880	7	11937765386350	none	7809	caa7e700	512	224	0	7809
7881	0	11937782598690	none	7810	1ac7e264	512	224	0	7810
7882	1	11937795772160	none	7811	6d0aa264	512	224	0	7811
7883	2	11937813279510	none	7812	18ded62b	512	224	0	7812
7884	3	11937830496540	none	7813	c8bed34f	512	224	0	7813
7885	4	11937847743200	none	7814	c8bed34f	512	224	0	7814
7886	5	11937864991480	none	7815	c8bed34f	512	224	0	7815
7887	6	11937882328050	none	7816	c8bed34f	512	224	0	7816
7888	7	11937895507850	none	7817	c8bed34f	512	224	0	7817
7889	0	11937912850230	none	7818	ca4c9f0a	512	224	0	7818
7890	1	11937930100650	none	7819	c8bed34f	512	224	0	7819
7891	2	11937947329630	none	7820	2ffa21ce	512	224	0	7820
7892	3	11937964558150	none	7821	ff9a24aa	512	224	0	7821
7893	4	11937981804180	none	7822	4a84eea8	512	224	0	7822
7894	5	11937999074340	none	7823	4a84eea8	512	224	0	7823
7895	6	11938012278450	none	7824	069c4e8f	512	224	0	7824
7896	7	11938029485620	none	7825	069c4e8f	512	224	0	7825
7897	0	11938046729950	none	7826	71ba7685	512	224	0	7826
7898	1	11938064000950	none	7827	e1df8944	512	224	0	7827
7899	2	11938081300890	none	7828	c8bed34f	512	224	0	7828
7900	3	11938098563200	none	7829	c8bed34f	512	224	0	7829
7901	4	11938111740030	none	7830	c8bed34f	512	224	0	7830
7902	5	11938128966100	none	7831	c8bed34f	512	224	0	7831
7903	6	11938146216730	none	7832	c8bed34f	512	224	0	7832
7904	7	11938163460380	none	7833	ca4c9f0a	512	224	0	7833
7905	0	11938180691740	none	7834	c8bed34f	512	224	0	7834
7906	1	11938198076650	none	7835	c8bed34f	512	224	0	7835
7907	2	11938215296660	none	7836	c8bed34f	512	224	0	7836
7908	3	11938228580760	none	7837	c8bed34f	512	224	0	7837
7909	4	11938245883540	none	7838	c8bed34f	512	224	0	7838
7910	5	11938263142030	none	7839	c8bed34f	512	224	0	7839
7911	6	11938280383490	none	7840	ca4c9f0a	512	224	0	7840
7912	7	11938297613090	none	7841	ca4c9f0a	512	224	0	7841
7913	0	11938314881260	none	7842	2f1159c4	512	224	0	7842
7914	1	11938328111460	none	7843	fd8310e5	512	224	0	7843
7915	2	11938345415030	none	7844	3d49aea8	512	224	0	7844
7916	3	11938362644030	none	7845	3d49aea8	512	224	0	7845
7917	4	11938379862240	none	7846	73483ac0	512	224	0	7846
7918	5	11938397105390	none	7847	73483ac0	512	224	0	7847
7919	6	11938414316200	none	7848	73483ac0	512	224	0	7848
7920	7	11938431628060	none	7849	e1df8944	512	224	0	7849
7921	0	11938444909690	none	7850	c8bed34f	512	224	0	7850
7922	1	11938462155450	none	7851	c8bed34f	512	224	0	7851
7923	2	11938479381010	none	7852	c8bed34f	512	224	0	7852
7924	3	11938496591000	none	7853	c8bed34f	512	224	0	7853
7925	4	11938513819190	none	7854	caa7e700	512	224	0	7854
7926	5	11938531185860	none	7855	1ac7e264	512	224	0	7855
7927	6	11938544420570	none	7856	18ded62b	512	224	0	7856
7928	7	11938561729020	none	7857	18ded62b	512	224	0	7857
7929	0	11938579003320	none	7858	c8bed34f	512	224	0	7858
7930	1	11938596258910	none	7859	c8bed34f	512	224	0	7859
7931	2	11938613539900	none	7860	c8bed34f	512	224	0	7860
7932	3	11938630755440	none	7861	c8bed34f	512	224	0	7861
7933	4	11938643970760	none	7862	c8bed34f	512	224	0	7862
7934	5	11938661335150	none	7863	ca4c9f0a	512	224	0	7863
7935	6	11938678548060	none	7864	c8bed34f	512	224	0	7864
7936	7	11938695736450	none	7865	2ffa21ce	512	224	0	7865
7937	0	11938712984200	none	7866	fd8310e5	512	224	0	7866
7938	1	11938730333740	none	7867	4a84eea8	512	224	0	7867
7939	2	11938747543930	none	7868	3d49aea8	512	224	0	7868
7940	3	11938760720420	none	7869	b775e567	512	224	0	7869
7941	4	11938777961170	none	7870	c053dd6d	512	224	0	7870
7942	5	11938795186500	none	7871	73483ac0	512	224	0	7871
7943	6	11938812464220	none	7872	e1df8944	512	224	0	7872
7944	7	11938829716410	none	7873	c8bed34f	512	224	0	7873
7945	0	11938846952870	none	7874	c8bed34f	512	224	0	7874
7946	1	11938864192990	none	7875	c8bed34f	512	224	0	7875
7947	2	11938877403500	none	7876	c8bed34f	512	224	0	7876
7948	3	11938894677530	none	7877	c8bed34f	512	224	0	7877
7949	4	11938911993930	none	7878	ca4c9f0a	512	224	0	7878
7950	5	11938929226140	none	7879	c8bed34f	512	224	0	7879
7951	6	11938946425100	none	7880	c8bed34f	512	224	0	7880
7952	7	11938963670850	none	7881	c8bed34f	512	224	0	7881
7953	0	11938976951160	none	7882	c8bed34f	512	224	0	7882
7954	1	11938994179160	none	7883	c8bed34f	512	224	0	7883
7955	2	11939011408270	none	7884	c8bed34f	512	224	0	7884
7956	3	11939028634880	none	7885	ca4c9f0a	512	224	0	7885
7957	4	11939045848590	none	7886	ca4c9f0a	512	224	0	7886
7958	5	11939063095140	none	7887	2d086d8b	512	224	0	7887
7959	6	11939080453510	none	7888	2ffa21ce	512	224	0	7888
7960	7	11939093656480	none	7889	98fddf83	512	224	0	7889
7961	0	11939111024820	none	7890	98fddf83	512	224	0	7890
7962	1	11939128247010	none	7891	c8bed34f	512	224	0	7891
7963	2	11939145509350	none	7892	c8bed34f	512	224	0	7892
7964	3	11939162748180	none	7893	c8bed34f	512	224	0	7893
7965	4	11939180057550	none	7894	c8bed34f	512	224	0	7894
7966	5	11939193256690	none	7895	c8bed34f	512	224	0	7895
7967	6	11939210487250	none	7896	c8bed34f	512	224	0	7896
7968	7	11939227724820	none	7897	c8bed34f	512	224	0	7897
7969	0	11939245078870	none	7898	caa7e700	512	224	0	7898
7970	1	11939262302420	none	7899	1ac7e264	512	224	0	7899
7971	2	11939279623700	none	7900	6ff8ee21	512	224	0	7900
7972	3	11939292903370	none	7901	18ded62b	512	224	0	7901
7973	4	11939310152040	none	7902	73483ac0	512	224	0	7902
7974	5	11939327360220	none	7903	c8bed34f	512	224	0	7903
7975	6	11939344575910	none	7904	c8bed34f	512	224	0	7904
7976	7	11939361801770	none	7905	c8bed34f	512	224	0	7905
7977	0	11939379185840	none	7906	c8bed34f	512	224	0	7906
7978	1	11939396401340	none	7907	c8bed34f	512	224	0	7907
7979	2	11939409617080	none	7908	ca4c9f0a	512	224	0	7908
7980	3	11939426945870	none	7909	2f1159c4	512	224	0	7909
7981	4	11939444189170	none	7910	ff715ca0	512	224	0	7910
7982	5	11939461404930	none	7911	3d49aea8	512	224	0	7911
7983	6	11939478618470	none	7912	3d49aea8	512	224	0	7912
7984	7	11939495836940	none	7913	73483ac0	512	224	0	7913
7985	0	11939513097570	none	7914	73483ac0	512	224	0	7914
7986	1	11939526296560	none	7915	73483ac0	512	224	0	7915
7987	2	11939543494920	none	7916	e1df8944	512	224	0	7916
7988	3	11939560733080	none	7917	c8bed34f	512	224	0	7917
7989	4	11939577974370	none	7918	c8bed34f	512	224	0	7918
7990	5	11939595229140	none	7919	c8bed34f	512	224	0	7919
7991	6	11939612563870	none	7920	c8bed34f	512	224	0	7920
7992	7	11939626137190	none	7921	c8bed34f	512	224	0	7921
7993	0	11939643535560	none	7922	ca4c9f0a	512	224	0	7922
7994	1	11939660747520	none	7923	c8bed34f	512	224	0	7923
7995	2	11939678153510	none	7924	2ffa21ce	512	224	0	7924
7996	3	11939695387640	none	7925	c8bed34f	512	224	0	7925
7997	4	11939712605500	none	7926	c8bed34f	512	224	0	7926
7998	5	11939725939210	none	7927	c8bed34f	512	224	0	7927
7999	6	11939743176750	none	7928	c8bed34f	512	224	0	7928
8000	7	11939760410590	none	7929	c8bed34f	512	224	0	7929
8001	0	11939777652310	none	7930	ca4c9f0a	512	224	0	7930
8002	1	11939794882130	none	7931	ca4c9f0a	512	224	0	7931
8003	2	11939812131120	none	7932	2d086d8b	512	224	0	7932
8004	3	11939829369970	none	7933	2ffa21ce	512	224	0	7933
8005	4	11939842572650	none	7934	98fddf83	512	224	0	7934
8006	5	11939859800850	none	7935	98fddf83	512	224	0	7935
8007	6	11939877051240	none	7936	c8bed34f	512	224	0	7936
8008	7	11939894273910	none	7937	c8bed34f	512	224	0	7937
8009	0	11939911486670	none	7938	c8bed34f	512	224	0	7938
8010	1	11939928821300	none	7939	c8bed34f	512	224	0	7939
8011	2	11939942064420	none	7940	c8bed34f	512	224	0	7940
8012	3	11939959329100	none	7941	c8bed34f	512	224	0	7941
8013	4	11939976567440	none	7942	c8bed34f	512	224	0	7942
8014	5	11939993803760	none	7943	c8bed34f	512	224	0	7943
8015	6	11940011042660	none	7944	c8bed34f	512	224	0	7944
8016	7	11940028279420	none	7945	ca4c9f0a	512	224	0	7945
8017	0	11940045492670	none	7946	c8bed34f	512	224	0	7946
8018	1	11940058680870	none	7947	c8bed34f	512	224	0	7947
8019	2	11940075911540	none	7948	c8bed34f	512	224	0	7948
8020	3	11940093158340	none	7949	c8bed34f	512	224	0	7949
8021	4	11940110464110	none	7950	c8bed34f	512	224	0	7950
8022	5	11940127782850	none	7951	c8bed34f	512	224	0	7951
8023	6	11940145050590	none	7952	ca4c9f0a	512	224	0	7952
8024	7	11940158239300	none	7953	ca4c9f0a	512	224	0	7953
8025	0	11940175446590	none	7954	2f1159c4	512	224	0	7954
8026	1	11940192689230	none	7955	c8bed34f	512	224	0	7955
8027	2	11940209933100	none	7956	c8bed34f	512	224	0	7956
8028	3	11940227295760	none	7957	c8bed34f	512	224	0	7957
8029	4	11940244543280	none	7958	c8bed34f	512	224	0	7958
8030	5	11940261759470	none	7959	c8bed34f	512	224	0	7959
8031	6	11940274979410	none	7960	c8bed34f	512	224	0	7960
8032	7	11940292216490	none	7961	c8bed34f	512	224	0	7961
8033	0	11940309425060	none	7962	c8bed34f	512	224	0	7962
8034	1	11940326671030	none	7963	c8bed34f	512	224	0	7963
8035	2	11940343921510	none	7964	c8bed34f	512	224	0	7964
8036	3	11940361163520	none	7965	c8bed34f	512	224	0	7965
8037	4	11940378387500	none	7966	c8bed34f	512	224	0	7966
8038	5	11940391603480	none	7967	ca4c9f0a	512	224	0	7967
8039	6	11940408830940	none	7968	c8bed34f	512	224	0	7968
8040	7	11940426206730	none	7969	2ffa21ce	512	224	0	7969
8041	0	11940443420570	none	7970	c8bed34f	512	224	0	7970
8042	1	11940460654620	none	7971	c8bed34f	512	224	0	7971
8043	2	11940478026390	none	7972	c8bed34f	512	224	0	7972
8044	3	11940491235910	none	7973	c8bed34f	512	224	0	7973
8045	4	11940508456050	none	7974	c8bed34f	512	224	0	7974
8046	5	11940525696120	none	7975	ca4c9f0a	512	224	0	7975
8047	6	11940542952510	none	7976	ca4c9f0a	512	224	0	7976
8048	7	11940560192910	none	7977	2d086d8b	512	224	0	7977
8049	0	11940577412480	none	7978	2ffa21ce	512	224	0	7978
8050	1	11940594702270	none	7979	98fddf83	512	224	0	7979
8051	2	11940608038570	none	7980	98fddf83	512	224	0	7980
8052	3	11940625260860	none	7981	c8bed34f	512	224	0	7981
8053	4	11940642471820	none	7982	c8bed34f	512	224	0	7982
8054	5	11940659707090	none	7983	c8bed34f	512	224	0	7983
8055	6	11940677024710	none	7984	c8bed34f	512	224	0	7984
8056	7	11940694257530	none	7985	c8bed34f	512	224	0	7985
8057	0	11940707438560	none	7986	c8bed34f	512	224	0	7986
8058	1	11940724679070	none	7987	c8bed34f	512	224	0	7987
8059	2	11940742051540	none	7988	c8bed34f	512	224	0	7988
8060	3	11940759315430	none	7989	c8bed34f	512	224	0	7989
8061	4	11940776657610	none	7990	ca4c9f0a	512	224	0	7990
8062	5	11940793950790	none	7991	c8bed34f	512	224	0	7991
8063	6	11940807154140	none	7992	c8bed34f	512	224	0	7992
8064	7	11940824374240	none	7993	c8bed34f	512	224	0	7993
8065	0	11940841584430	none	7994	c8bed34f	512	224	0	7994
8066	1	11940858904670	none	7995	c8bed34f	512	224	0	7995
8067	2	11940876161520	none	7996	c8bed34f	512	224	0	7996
8068	3	11940893392340	none	7997	ca4c9f0a	512	224	0	7997
8069	4	11940910625080	none	7998	ca4c9f0a	512	224	0	7998
8070	5	11940923815870	none	7999	2d086d8b	512	224	0	7999
8071	6	11940941096200	none	8000	ff9a24aa	512	224	0	8000
8072	7	11940958330880	none	8001	489ddae7	512	224	0	8001
8073	0	11940975675050	none	8002	489ddae7	512	224	0	8002
8074	1	11940992946710	none	8003	73483ac0	512	224	0	8003
8075	2	11941010242630	none	8004	73483ac0	512	224	0	8004
8076	3	11941023446170	none	8005	73483ac0	512	224	0	8005
8077	4	11941040663660	none	8006	e1df8944	512	224	0	8006
8078	5	11941057895760	none	8007	c8bed34f	512	224	0	8007
8079	6	11941075272220	none	8008	c8bed34f	512	224	0	8008
8080	7	11941092500780	none	8009	c8bed34f	512	224	0	8009
8081	0	11941109737960	none	8010	c8bed34f	512	224	0	8010
8082	1	11941126996470	none	8011	c8bed34f	512	224	0	8011
8083	2	11941140187480	none	8012	ca4c9f0a	512	224	0	8012
8084	3	11941157443020	none	8013	c8bed34f	512	224	0	8013
8085	4	11941174693160	none	8014	c8bed34f	512	224	0	8014
8086	5	11941191945090	none	8015	c8bed34f	512	224	0	8015
8087	6	11941209191120	none	8016	c8bed34f	512	224	0	8016
8088	7	11941226428000	none	8017	c8bed34f	512	224	0	8017
8089	0	11941243664280	none	8018	c8bed34f	512	224	0	8018
8090	1	11941256882100	none	8019	ca4c9f0a	512	224	0	8019
8091	2	11941274326610	none	8020	ca4c9f0a	512	224	0	8020
8092	3	11941291645540	none	8021	2f1159c4	512	224	0	8021
8093	4	11941308910000	none	8022	fd8310e5	512	224	0	8022
8094	5	11941326169330	none	8023	3d49aea8	512	224	0	8023
8095	6	11941343386080	none	8024	3d49aea8	512	224	0	8024
8096	7	11941356553080	none	8025	73483ac0	512	224	0	8025
8097	0	11941373790730	none	8026	73483ac0	512	224	0	8026
8098	1	11941391077950	none	8027	73483ac0	512	224	0	8027
8099	2	11941408310020	none	8028	e1df8944	512	224	0	8028
8100	3	11941425557780	none	8029	c8bed34f	512	224	0	8029
8101	4	11941442769750	none	8030	c8bed34f	512	224	0	8030
8102	5	11941456046140	none	8031	c8bed34f	512	224	0	8031
8103	6	11941473267820	none	8032	c8bed34f	512	224	0	8032
8104	7	11941490464860	none	8033	18ded62b	512	224	0	8033
8105	0	11941507737890	none	8034	1a2c9a6e	512	224	0	8034
8106	1	11941525036960	none	8035	18ded62b	512	224	0	8035
8107	2	11941542288650	none	8036	73483ac0	512	224	0	8036
8108	3	11941559547360	none	8037	c8bed34f	512	224	0	8037
8109	4	11941572727680	none	8038	c8bed34f	512	224	0	8038
8110	5	11941590088380	none	8039	c8bed34f	512	224	0	8039
8111	6	11941607298940	none	8040	c8bed34f	512	224	0	8040
8112	7	11941624684000	none	8041	c8bed34f	512	224	0	8041
8113	0	11941641956560	none	8042	ca4c9f0a	512	224	0	8042
8114	1	11941659176900	none	8043	c8bed34f	512	224	0	8043
8115	2	11941672359160	none	8044	2ffa21ce	512	224	0	8044
8116	3	11941689580770	none	8045	ff9a24aa	512	224	0	8045
8117	4	11941706882520	none	8046	489ddae7	512	224	0	8046
8118	5	11941724123410	none	8047	489ddae7	512	224	0	8047
8119	6	11941741360840	none	8048	c2a19128	512	224	0	8048
8120	7	11941758581200	none	8049	c053dd6d	512	224	0	8049
8121	0	11941775797940	none	8050	73483ac0	512	224	0	8050
8122	1	11941789146530	none	8051	e1df8944	512	224	0	8051
8123	2	11941806398000	none	8052	c8bed34f	512	224	0	8052
8124	3	11941823738230	none	8053	c8bed34f	512	224	0	8053
8125	4	11941841015890	none	8054	c8bed34f	512	224	0	8054
8126	5	11941858261540	none	8055	c8bed34f	512	224	0	8055
8127	6	11941875524940	none	8056	c8bed34f	512	224	0	8056
8128	7	11941888712160	none	8057	ca4c9f0a	512	224	0	8057
8129	0	11941905953930	none	8058	c8bed34f	512	224	0	8058
8130	1	11941923307630	none	8059	c8bed34f	512	224	0	8059
8131	2	11941940530110	none	8060	c8bed34f	512	224	0	8060
8132	3	11941957825210	none	8061	c8bed34f	512	224	0	8061
8133	4	11941975077880	none	8062	c8bed34f	512	224	0	8062
8134	5	11941992305260	none	8063	c8bed34f	512	224	0	8063
8135	6	11942005519130	none	8064	ca4c9f0a	512	224	0	8064
8136	7	11942022715950	none	8065	ca4c9f0a	512	224	0	8065
8137	0	11942039972360	none	8066	2d086d8b	512	224	0	8066
8138	1	11942057208280	none	8067	2ffa21ce	512	224	0	8067
8139	2	11942074529670	none	8068	98fddf83	512	224	0	8068
8140	3	11942091730900	none	8069	98fddf83	512	224	0	8069
8141	4	11942104946700	none	8070	c8bed34f	512	224	0	8070
8142	5	11942122320280	none	8071	c8bed34f	512	224	0	8071
8143	6	11942139546400	none	8072	c8bed34f	512	224	0	8072
8144	7	11942156771850	none	8073	c8bed34f	512	224	0	8073
8145	0	11942174032220	none	8074	c8bed34f	512	224	0	8074
8146	1	11942191261820	none	8075	c8bed34f	512	224	0	8075
8147	2	11942208525870	none	8076	c8bed34f	512	224	0	8076
8148	3	11942221707180	none	8077	c8bed34f	512	224	0	8077
8149	4	11942238972180	none	8078	c8bed34f	512	224	0	8078
8150	5	11942256217890	none	8079	ca4c9f0a	512	224	0	8079
8151	6	11942273477090	none	8080	c8bed34f	512	224	0	8080
8152	7	11942290686810	none	8081	c8bed34f	512	224	0	8081
8153	0	11942308060130	none	8082	c8bed34f	512	224	0	8082
8154	1	11942321250040	none	8083	c8bed34f	512	224	0	8083
8155	2	11942338524620	none	8084	c8bed34f	512	224	0	8084
8156	3	11942355902900	none	8085	c8bed34f	512	224	0	8085
8157	4	11942373192730	none	8086	c8bed34f	512	224	0	8086
8158	5	11942390411460	none	8087	ca4c9f0a	512	224	0	8087
8159	6	11942407660480	none	8088	2f1159c4	512	224	0	8088
8160	7	11942424905040	none	8089	fd6868ef	512	224	0	8089
8161	0	11942438226670	none	8090	489ddae7	512	224	0	8090
8162	1	11942455423490	none	8091	489ddae7	512	224	0	8091
8163	2	11942472669180	none	8092	73483ac0	512	224	0	8092
8164	3	11942489924000	none	8093	73483ac0	512	224	0	8093
8165	4	11942507157630	none	8094	73483ac0	512	224	0	8094
8166	5	11942524381110	none	8095	e1df8944	512	224	0	8095
8167	6	11942537669130	none	8096	c8bed34f	512	224	0	8096
8168	7	11942554918560	none	8097	c8bed34f	512	224	0	8097
8169	0	11942572152340	none	8098	c8bed34f	512	224	0	8098
8170	1	11942589374880	none	8099	c8bed34f	512	224	0	8099
8171	2	11942606799490	none	8100	c8bed34f	512	224	0	8100
8172	3	11942624060150	none	8101	ca4c9f0a	512	224	0	8101
8173	4	11942641424740	none	8102	c8bed34f	512	224	0	8102
8174	5	11942654674040	none	8103	2ffa21ce	512	224	0	8103
8175	6	11942672016030	none	8104	c8bed34f	512	224	0	8104
8176	7	11942689250730	none	8105	c8bed34f	512	224	0	8105
8177	0	11942706480380	none	8106	c8bed34f	512	224	0	8106
8178	1	11942723709130	none	8107	c8bed34f	512	224	0	8107
8179	2	11942741109390	none	8108	c8bed34f	512	224	0	8108
8180	3	11942754293970	none	8109	ca4c9f0a	512	224	0	8109
8181	4	11942771635430	none	8110	ca4c9f0a	512	224	0	8110
8182	5	11942788943560	none	8111	2d086d8b	512	224	0	8111
8183	6	11942806181720	none	8112	2ffa21ce	512	224	0	8112
8184	7	11942823404050	none	8113	98fddf83	512	224	0	8113
8185	0	11942840650200	none	8114	98fddf83	512	224	0	8114
8186	1	11942853909660	none	8115	c8bed34f	512	224	0	8115
8187	2	11942871177300	none	8116	c8bed34f	512	224	0	8116
8188	3	11942888408520	none	8117	c8bed34f	512	224	0	8117
8189	4	11942905680450	none	8118	c8bed34f	512	224	0	8118
8190	5	11942922941560	none	8119	c8bed34f	512	224	0	8119
8191	6	11942940308950	none	8120	c8bed34f	512	224	0	8120
8192	7	11942957538040	none	8121	c8bed34f	512	224	0	8121
8193	0	11942970796150	none	8122	c8bed34f	512	224	0	8122
8194	1	11942988046270	none	8123	c8bed34f	512	224	0	8123
8195	2	11943005267550	none	8124	c8bed34f	512	224	0	8124
8196	3	11943022500950	none	8125	c8bed34f	512	224	0	8125
8197	4	11943039716970	none	8126	c8bed34f	512	224	0	8126
8198	5	11943056986030	none	8127	c8bed34f	512	224	0	8127
8199	6	11943070188060	none	8128	c8bed34f	512	224	0	8128
8200	7	11943087406410	none	8129	c8bed34f	512	224	0	8129
8201	0	11943104659040	none	8130	c8bed34f	512	224	0	8130
8202	1	11943121996510	none	8131	ca4c9f0a	512	224	0	8131
8203	2	11943139240670	none	8132	ca4c9f0a	512	224	0	8132
8204	3	11943156626070	none	8133	2f1159c4	512	224	0	8133
8205	4	11943173885100	none	8134	ff9a24aa	512	224	0	8134
8206	5	11943187088260	none	8135	489ddae7	512	224	0	8135
8207	6	11943204308240	none	8136	489ddae7	512	224	0	8136
8208	7	11943221616710	none	8137	73483ac0	512	224	0	8137
8209	0	11943238868200	none	8138	73483ac0	512	224	0	8138
8210	1	11943256093710	none	8139	73483ac0	512	224	0	8139
8211	2	11943273312670	none	8140	e1df8944	512	224	0	8140
8212	3	11943286505970	none	8141	c8bed34f	512	224	0	8141
8213	4	11943303717280	none	8142	c8bed34f	512	224	0	8142
8214	5	11943320997960	none	8143	c8bed34f	512	224	0	8143
8215	6	11943338225430	none	8144	c8bed34f	512	224	0	8144
8216	7	11943355418350	none	8145	c8bed34f	512	224	0	8145
8217	0	11943372666280	none	8146	ca4c9f0a	512	224	0	8146
8218	1	11943390009880	none	8147	c8bed34f	512	224	0	8147
8219	2	11943403251760	none	8148	2ffa21ce	512	224	0	8148
8220	3	11943420490390	none	8149	c8bed34f	512	224	0	8149
8221	4	11943437710060	none	8150	c8bed34f	512	224	0	8150
8222	5	11943455105880	none	8151	c8bed34f	512	224	0	8151
8223	6	11943472334850	none	8152	c8bed34f	512	224	0	8152
8224	7	11943489657650	none	8153	c8bed34f	512	224	0	8153
8225	0	11943502938650	none	8154	ca4c9f0a	512	224	0	8154
8226	1	11943520191900	none	8155	2d086d8b	512	224	0	8155
8227	2	11943537418300	none	8156	2d086d8b	512	224	0	8156
8228	3	11943554644170	none	8157	98fddf83	512	224	0	8157
8229	4	11943571910380	none	8158	98fddf83	512	224	0	8158
8230	5	11943589268690	none	8159	c8bed34f	512	224	0	8159
8231	6	11943606498760	none	8160	c8bed34f	512	224	0	8160
8232	7	11943619687400	none	8161	c8bed34f	512	224	0	8161
8233	0	11943636981930	none	8162	c8bed34f	512	224	0	8162
8234	1	11943654205080	none	8163	c8bed34f	512	224	0	8163
8235	2	11943671450590	none	8164	c8bed34f	512	224	0	8164
8236	3	11943688776470	none	8165	c8bed34f	512	224	0	8165
8237	4	11943706024400	none	8166	c8bed34f	512	224	0	8166
8238	5	11943719232440	none	8167	c8bed34f	512	224	0	8167
8239	6	11943736482700	none	8168	ca4c9f0a	512	224	0	8168
8240	7	11943753700900	none	8169	c8bed34f	512	224	0	8169
8241	0	11943770924800	none	8170	c8bed34f	512	224	0	8170
8242	1	11943788269870	none	8171	c8bed34f	512	224	0	8171
8243	2	11943805491100	none	8172	c8bed34f	512	224	0	8172
8244	3	11943822698950	none	8173	c8bed34f	512	224	0	8173
8245	4	11943835964190	none	8174	c8bed34f	512	224	0	8174
8246	5	11943853213340	none	8175	c8bed34f	512	224	0	8175
8247	6	11943870453320	none	8176	ca4c9f0a	512	224	0	8176
8248	7	11943887653750	none	8177	ca4c9f0a	512	224	0	8177
8249	0	11943904901780	none	8178	2d086d8b	512	224	0	8178
8250	1	11943922133300	none	8179	ff9a24aa	512	224	0	8179
8251	2	11943935420670	none	8180	489ddae7	512	224	0	8180
8252	3	11943952752250	none	8181	489ddae7	512	224	0	8181
8253	4	11943970023750	none	8182	73483ac0	512	224	0	8182
8254	5	11943987269320	none	8183	73483ac0	512	224	0	8183
8255	6	11944004526780	none	8184	73483ac0	512	224	0	8184
8256	7	11944021760710	none	8185	e1df8944	512	224	0	8185
8257	0	11944039115310	none	8186	c8bed34f	512	224	0	8186
8258	1	11944052290660	none	8187	c8bed34f	512	224	0	8187
8259	2	11944069605710	none	8188	c8bed34f	512	224	0	8188
8260	3	11944086851940	none	8189	c8bed34f	512	224	0	8189
8261	4	11944104088240	none	8190	c8bed34f	512	224	0	8190
8262	5	11944121326690	none	8191	ca4c9f0a	512	224	0	8191
8263	6	11944138593260	none	8192	c8bed34f	512	224	0	8192
8264	7	11944151810830	none	8193	c8bed34f	512	224	0	8193
8265	0	11944169056720	none	8194	c8bed34f	512	224	0	8194
8266	1	11944186305340	none	8195	c8bed34f	512	224	0	8195
8267	2	11944203567140	none	8196	c8bed34f	512	224	0	8196
8268	3	11944220897920	none	8197	c8bed34f	512	224	0	8197
8269	4	11944238164320	none	8198	ca4c9f0a	512	224	0	8198
8270	5	11944255390730	none	8199	ca4c9f0a	512	224	0	8199
8271	6	11944268588490	none	8200	2f1159c4	512	224	0	8200
8272	7	11944285863720	none	8201	fd8310e5	512	224	0	8201
8273	0	11944303135820	none	8202	3d49aea8	512	224	0	8202
8274	1	11944320360250	none	8203	3d49aea8	512	224	0	8203
8275	2	11944337688690	none	8204	73483ac0	512	224	0	8204
8276	3	11944354955370	none	8205	73483ac0	512	224	0	8205
8277	4	11944368145810	none	8206	73483ac0	512	224	0	8206
8278	5	11944385366200	none	8207	e1df8944	512	224	0	8207
8279	6	11944402661810	none	8208	c8bed34f	512	224	0	8208
8280	7	11944419971680	none	8209	c8bed34f	512	224	0	8209
8281	0	11944437326480	none	8210	c8bed34f	512	224	0	8210
8282	1	11944454570220	none	8211	c8bed34f	512	224	0	8211
8283	2	11944467800270	none	8212	18ded62b	512	224	0	8212
8284	3	11944485035950	none	8213	1a2c9a6e	512	224	0	8213
8285	4	11944502299520	none	8214	18ded62b	512	224	0	8214
8286	5	11944519599450	none	8215	73483ac0	512	224	0	8215
8287	6	11944536956080	none	8216	c8bed34f	512	224	0	8216
8288	7	11944554182240	none	8217	c8bed34f	512	224	0	8217
8289	0	11944571395010	none	8218	c8bed34f	512	224	0	8218
8290	1	11944584610050	none	8219	c8bed34f	512	224	0	8219
8291	2	11944601854090	none	8220	c8bed34f	512	224	0	8220
8292	3	11944619152950	none	8221	ca4c9f0a	512	224	0	8221
8293	4	11944636595350	none	8222	c8bed34f	512	224	0	8222
8294	5	11944653996210	none	8223	2ffa21ce	512	224	0	8223
8295	6	11944667377240	none	8224	ff9a24aa	512	224	0	8224
8296	7	11944684810750	none	8225	489ddae7	512	224	0	8225
8297	0	11944702098220	none	8226	489ddae7	512	224	0	8226
8298	1	11944719402950	none	8227	c2a19128	512	224	0	8227
8299	2	11944736884740	none	8228	c053dd6d	512	224	0	8228
8300	3	11944754126510	none	8229	73483ac0	512	224	0	8229
8301	4	11944767309990	none	8230	e1df8944	512	224	0	8230
8302	5	11944784536880	none	8231	c8bed34f	512	224	0	8231
8303	6	11944801739610	none	8232	c8bed34f	512	224	0	8232
8304	7	11944818987440	none	8233	c8bed34f	512	224	0	8233
8305	0	11944836378090	none	8234	c8bed34f	512	224	0	8234
8306	1	11944853625320	none	8235	c8bed34f	512	224	0	8235
8307	2	11944870871850	none	8236	c8bed34f	512	224	0	8236
8308	3	11944884082460	none	8237	2ffa21ce	512	224	0	8237
8309	4	11944901298400	none	8238	c8bed34f	512	224	0	8238
8310	5	11944918517820	none	8239	c8bed34f	512	224	0	8239
8311	6	11944935879620	none	8240	c8bed34f	512	224	0	8240
8312	7	11944953153710	none	8241	c8bed34f	512	224	0	8241
8313	0	11944970385010	none	8242	c8bed34f	512	224	0	8242
8314	1	11944983596400	none	8243	ca4c9f0a	512	224	0	8243
8315	2	11945000899190	none	8244	ca4c9f0a	512	224	0	8244
8316	3	11945018119030	none	8245	2d086d8b	512	224	0	8245
8317	4	11945035459870	none	8246	2ffa21ce	512	224	0	8246
8318	5	11945052754550	none	8247	98fddf83	512	224	0	8247
8319	6	11945070015570	none	8248	98fddf83	512	224	0	8248
8320	7	11945087270300	none	8249	c8bed34f	512	224	0	8249
8321	0	11945100463380	none	8250	c8bed34f	512	224	0	8250
8322	1	11945117697560	none	8251	c8bed34f	512	224	0	8251
8323	2	11945134946100	none	8252	c8bed34f	512	224	0	8252
8324	3	11945152185970	none	8253	c8bed34f	512	224	0	8253
8325	4	11945169501750	none	8254	c8bed34f	512	224	0	8254
8326	5	11945186783190	none	8255	c8bed34f	512	224	0	8255
8327	6	11945199990140	none	8256	c8bed34f	512	224	0	8256
8328	7	11945217229460	none	8257	c8bed34f	512	224	0	8257
8329	0	11945234460630	none	8258	ca4c9f0a	512	224	0	8258
8330	1	11945251671300	none	8259	c8bed34f	512	224	0	8259
8331	2	11945269064550	none	8260	c8bed34f	512	224	0	8260
8332	3	11945286381050	none	8261	c8bed34f	512	224	0	8261
8333	4	11945303622470	none	8262	c8bed34f	512	224	0	8262
8334	5	11945316853980	none	8263	c8bed34f	512	224	0	8263
8335	6	11945334240110	none	8264	c8bed34f	512	224	0	8264
8336	7	11945351480590	none	8265	ca4c9f0a	512	224	0	8265
8337	0	11945368729410	none	8266	ca4c9f0a	512	224	0	8266
8338	1	11945386039830	none	8267	2f1159c4	512	224	0	8267
8339	2	11945403285560	none	8268	ff9a24aa	512	224	0	8268
8340	3	11945416468530	none	8269	489ddae7	512	224	0	8269
8341	4	11945433693220	none	8270	489ddae7	512	224	0	8270
8342	5	11945450963720	none	8271	73483ac0	512	224	0	8271
8343	6	11945468196450	none	8272	73483ac0	512	224	0	8272
8344	7	11945485450030	none	8273	73483ac0	512	224	0	8273
8345	0	11945502756790	none	8274	e1df8944	512	224	0	8274
8346	1	11945516043880	none	8275	c8bed34f	512	224	0	8275
8347	2	11945533295720	none	8276	c8bed34f	512	224	0	8276
8348	3	11945550498280	none	8277	c8bed34f	512	224	0	8277
8349	4	11945567727040	none	8278	c8bed34f	512	224	0	8278
8350	5	11945585048200	none	8279	c8bed34f	512	224	0	8279
8351	6	11945602280450	none	8280	ca4c9f0a	512	224	0	8280
8352	7	11945619607550	none	8281	c8bed34f	512	224	0	8281
8353	0	11945632876060	none	8282	2ffa21ce	512	224	0	8282
8354	1	11945650089750	none	8283	c8bed34f	512	224	0	8283
8355	2	11945667318620	none	8284	c8bed34f	512	224	0	8284
8356	3	11945684657480	none	8285	c8bed34f	512	224	0	8285
8357	4	11945701907960	none	8286	c8bed34f	512	224	0	8286
8358	5	11945719193170	none	8287	c8bed34f	512	224	0	8287
8359	6	11945732420480	none	8288	ca4c9f0a	512	224	0	8288
8360	7	11945749626000	none	8289	ca4c9f0a	512	224	0	8289
8361	0	11945766889860	none	8290	2d086d8b	512	224	0	8290
8362	1	11945784131270	none	8291	2ffa21ce	512	224	0	8291
8363	2	11945801370540	none	8292	98fddf83	512	224	0	8292
8364	3	11945818597710	none	8293	98fddf83	512	224	0	8293
8365	4	11945835875490	none	8294	c8bed34f	512	224	0	8294
8366	5	11945849249930	none	8295	c8bed34f	512	224	0	8295
8367	6	11945866457260	none	8296	c8bed34f	512	224	0	8296
8368	7	11945883792510	none	8297	c8bed34f	512	224	0	8297
8369	0	11945901091270	none	8298	c8bed34f	512	224	0	8298
8370	1	11945918319920	none	8299	c8bed34f	512	224	0	8299
8371	2	11945935593630	none	8300	c8bed34f	512	224	0	8300
8372	3	11945948858630	none	8301	c8bed34f	512	224	0	8301
8373	4	11945966092560	none	8302	c8bed34f	512	224	0	8302
8374	5	11945983444300	none	8303	c8bed34f	512	224	0	8303
8375	6	11946000651140	none	8304	2ffa21ce	512	224	0	8304
8376	7	11946017905200	none	8305	c8bed34f	512	224	0	8305
8377	0	11946035134520	none	8306	c8bed34f	512	224	0	8306
8378	1	11946052352780	none	8307	c8bed34f	512	224	0	8307
8379	2	11946065690230	none	8308	c8bed34f	512	224	0	8308
8380	3	11946082952610	none	8309	c8bed34f	512	224	0	8309
8381	4	11946100180670	none	8310	ca4c9f0a	512	224	0	8310
8382	5	11946117563410	none	8311	ca4c9f0a	512	224	0	8311
8383	6	11946135051470	none	8312	2f1159c4	512	224	0	8312
8384	7	11946148661560	none	8313	fd8310e5	512	224	0	8313
8385	0	11946166055790	none	8314	3d49aea8	512	224	0	8314
8386	1	11946183732510	none	8315	3d49aea8	512	224	0	8315
8387	2	11946201080910	none	8316	73483ac0	512	224	0	8316
8388	3	11946218595570	none	8317	73483ac0	512	224	0	8317
8389	4	11946231956120	none	8318	73483ac0	512	224	0	8318
8390	5	11946249178370	none	8319	e1df8944	512	224	0	8319
8391	6	11946266423980	none	8320	c8bed34f	512	224	0	8320
8392	7	11946283736040	none	8321	c8bed34f	512	224	0	8321
8393	0	11946301060490	none	8322	c8bed34f	512	224	0	8322
8394	1	11946318411050	none	8323	c8bed34f	512	224	0	8323
8395	2	11946331662530	none	8324	c8bed34f	512	224	0	8324
8396	3	11946349166470	none	8325	ca4c9f0a	512	224	0	8325
8397	4	11946366867600	none	8326	c8bed34f	512	224	0	8326
8398	5	11946384315980	none	8327	c8bed34f	512	224	0	8327
8399	6	11946397896610	none	8328	c8bed34f	512	224	0	8328
8400	7	11946415403020	none	8329	c8bed34f	512	224	0	8329
8401	0	11946433283190	none	8330	c8bed34f	512	224	0	8330
8402	1	11946450558820	none	8331	c8bed34f	512	224	0	8331
8403	2	11946467837860	none	8332	ca4c9f0a	512	224	0	8332
8404	3	11946485067100	none	8333	ca4c9f0a	512	224	0	8333
8405	4	11946498361300	none	8334	2d086d8b	512	224	0	8334
8406	5	11946515584710	none	8335	2ffa21ce	512	224	0	8335
8407	6	11946532962920	none	8336	98fddf83	512	224	0	8336
8408	7	11946550205090	none	8337	98fddf83	512	224	0	8337
8409	0	11946567411360	none	8338	c8bed34f	512	224	0	8338
8410	1	11946584664090	none	8339	c8bed34f	512	224	0	8339
8411	2	11946597979200	none	8340	c8bed34f	512	224	0	8340
8412	3	11946615226410	none	8341	c8bed34f	512	224	0	8341
8413	4	11946632457490	none	8342	c8bed34f	512	224	0	8342
8414	5	11946649683190	none	8343	c8bed34f	512	224	0	8343
8415	6	11946667067780	none	8344	c8bed34f	512	224	0	8344
8416	7	11946684316580	none	8345	c8bed34f	512	224	0	8345
8417	0	11946697627260	none	8346	c8bed34f	512	224	0	8346
8418	1	11946714888750	none	8347	ca4c9f0a	512	224	0	8347
8419	2	11946732138300	none	8348	c8bed34f	512	224	0	8348
8420	3	11946749360150	none	8349	c8bed34f	512	224	0	8349
8421	4	11946766591650	none	8350	c8bed34f	512	224	0	8350
8422	5	11946783851840	none	8351	c8bed34f	512	224	0	8351
8423	6	11946801209790	none	8352	c8bed34f	512	224	0	8352
8424	7	11946814397420	none	8353	c8bed34f	512	224	0	8353
8425	0	11946831774960	none	8354	c8bed34f	512	224	0	8354
8426	1	11946849010490	none	8355	ca4c9f0a	512	224	0	8355
8427	2	11946866267630	none	8356	ca4c9f0a	512	224	0	8356
8428	3	11946883493330	none	8357	2d086d8b	512	224	0	8357
8429	4	11946900793730	none	8358	ff9a24aa	512	224	0	8358
8430	5	11946913993960	none	8359	489ddae7	512	224	0	8359
8431	6	11946931387570	none	8360	489ddae7	512	224	0	8360
8432	7	11946948575120	none	8361	73483ac0	512	224	0	8361
8433	0	11946965844120	none	8362	73483ac0	512	224	0	8362
8434	1	11946983093070	none	8363	73483ac0	512	224	0	8363
8435	2	11947000451020	none	8364	e1df8944	512	224	0	8364
8436	3	11947013704050	none	8365	c8bed34f	512	224	0	8365
8437	4	11947031000940	none	8366	c8bed34f	512	224	0	8366
8438	5	11947048232890	none	8367	c8bed34f	512	224	0	8367
8439	6	11947065456300	none	8368	c8bed34f	512	224	0	8368
8440	7	11947082681740	none	8369	c8bed34f	512	224	0	8369
8441	0	11947099926960	none	8370	ca4c9f0a	512	224	0	8370
8442	1	11947117162010	none	8371	c8bed34f	512	224	0	8371
8443	2	11947130490780	none	8372	c8bed34f	512	224	0	8372
8444	3	11947147738830	none	8373	c8bed34f	512	224	0	8373
8445	4	11947164979390	none	8374	c8bed34f	512	224	0	8374
8446	5	11947182206610	none	8375	c8bed34f	512	224	0	8375
8447	6	11947199429410	none	8376	c8bed34f	512	224	0	8376
8448	7	11947216664510	none	8377	ca4c9f0a	512	224	0	8377
8449	0	11947229867390	none	8378	ca4c9f0a	512	224	0	8378
8450	1	11947247107660	none	8379	2f1159c4	512	224	0	8379
8451	2	11947264327940	none	8380	fd8310e5	512	224	0	8380
8452	3	11947281576280	none	8381	3d49aea8	512	224	0	8381
8453	4	11947298838450	none	8382	3d49aea8	512	224	0	8382
8454	5	11947316078140	none	8383	73483ac0	512	224	0	8383
8455	6	11947333298150	none	8384	73483ac0	512	224	0	8384
8456	7	11947346527530	none	8385	73483ac0	512	224	0	8385
8457	0	11947363771570	none	8386	e1df8944	512	224	0	8386
8458	1	11947381011700	none	8387	c8bed34f	512	224	0	8387
8459	2	11947398269590	none	8388	c8bed34f	512	224	0	8388
8460	3	11947415469860	none	8389	c8bed34f	512	224	0	8389
8461	4	11947432696210	none	8390	c8bed34f	512	224	0	8390
8462	5	11947450015460	none	8391	18ded62b	512	224	0	8391
8463	6	11947463216280	none	8392	1a2c9a6e	512	224	0	8392
8464	7	11947480451150	none	8393	18ded62b	512	224	0	8393
8465	0	11947497661640	none	8394	c8bed34f	512	224	0	8394
8466	1	11947515074780	none	8395	c8bed34f	512	224	0	8395
8467	2	11947532297170	none	8396	c8bed34f	512	224	0	8396
8468	3	11947549636980	none	8397	c8bed34f	512	224	0	8397
8469	4	11947562909990	none	8398	c8bed34f	512	224	0	8398
8470	5	11947580155720	none	8399	ca4c9f0a	512	224	0	8399
8471	6	11947597408410	none	8400	c8bed34f	512	224	0	8400
8472	7	11947614656630	none	8401	2ffa21ce	512	224	0	8401
8473	0	11947631902190	none	8402	ff9a24aa	512	224	0	8402
8474	1	11947649261960	none	8403	489ddae7	512	224	0	8403
8475	2	11947662466830	none	8404	489ddae7	512	224	0	8404
8476	3	11947679838710	none	8405	73483ac0	512	224	0	8405
8477	4	11947697074280	none	8406	73483ac0	512	224	0	8406
8478	5	11947714332070	none	8407	71ba7685	512	224	0	8407
8479	6	11947731574620	none	8408	e1df8944	512	224	0	8408
8480	7	11947748824900	none	8409	c8bed34f	512	224	0	8409
8481	0	11947766067110	none	8410	c8bed34f	512	224	0	8410
8482	1	11947779228380	none	8411	c8bed34f	512	224	0	8411
8483	2	11947796452890	none	8412	c8bed34f	512	224	0	8412
8484	3	11947813740360	none	8413	c8bed34f	512	224	0	8413
8485	4	11947830997110	none	8414	ca4c9f0a	512	224	0	8414
8486	5	11947848422620	none	8415	c8bed34f	512	224	0	8415
8487	6	11947865645670	none	8416	2ffa21ce	512	224	0	8416
8488	7	11947878870690	none	8417	c8bed34f	512	224	0	8417
8489	0	11947896112500	none	8418	c8bed34f	512	224	0	8418
8490	1	11947913370260	none	8419	c8bed34f	512	224	0	8419
8491	2	11947930614540	none	8420	c8bed34f	512	224	0	8420
8492	3	11947947877080	none	8421	c8bed34f	512	224	0	8421
8493	4	11947965134650	none	8422	ca4c9f0a	512	224	0	8422
8494	5	11947982377320	none	8423	ca4c9f0a	512	224	0	8423
8495	6	11947995569630	none	8424	2d086d8b	512	224	0	8424
8496	7	11948012869950	none	8425	2ffa21ce	512	224	0	8425
8497	0	11948030112970	none	8426	98fddf83	512	224	0	8426
8498	1	11948047321410	none	8427	98fddf83	512	224	0	8427
8499	2	11948064553840	none	8428	c8bed34f	512	224	0	8428
8500	3	11948081896110	none	8429	c8bed34f	512	224	0	8429
8501	4	11948095112600	none	8430	c8bed34f	512	224	0	8430
8502	5	11948112334010	none	8431	c8bed34f	512	224	0	8431
8503	6	11948129568690	none	8432	c8bed34f	512	224	0	8432
8504	7	11948146816790	none	8433	c8bed34f	512	224	0	8433
8505	0	11948164084080	none	8434	c8bed34f	512	224	0	8434
8506	1	11948181292520	none	8435	c8bed34f	512	224	0	8435
8507	2	11948198594750	none	8436	c8bed34f	512	224	0	8436
8508	3	11948211838040	none	8437	ca4c9f0a	512	224	0	8437
8509	4	11948229086280	none	8438	c8bed34f	512	224	0	8438
8510	5	11948246294520	none	8439	c8bed34f	512	224	0	8439
8511	6	11948263561510	none	8440	c8bed34f	512	224	0	8440
8512	7	11948280883860	none	8441	c8bed34f	512	224	0	8441
8513	0	11948298128770	none	8442	c8bed34f	512	224	0	8442
8514	1	11948315336930	none	8443	c8bed34f	512	224	0	8443
8515	2	11948328533810	none	8444	ca4c9f0a	512	224	0	8444
8516	3	11948345799880	none	8445	ca4c9f0a	512	224	0	8445
8517	4	11948363127390	none	8446	2f1159c4	512	224	0	8446
8518	5	11948380366660	none	8447	ff9a24aa	512	224	0	8447
8519	6	11948397700140	none	8448	489ddae7	512	224	0	8448
8520	7	11948414954080	none	8449	489ddae7	512	224	0	8449
8521	0	11948428135980	none	8450	73483ac0	512	224	0	8450
8522	1	11948445363680	none	8451	73483ac0	512	224	0	8451
8523	2	11948462605750	none	8452	73483ac0	512	224	0	8452
8524	3	11948479898240	none	8453	e1df8944	512	224	0	8453
8525	4	11948497294360	none	8454	c8bed34f	512	224	0	8454
8526	5	11948514533390	none	8455	c8bed34f	512	224	0	8455
8527	6	11948527743850	none	8456	c8bed34f	512	224	0	8456
8528	7	11948545006090	none	8457	c8bed34f	512	224	0	8457
8529	0	11948562223090	none	8458	c8bed34f	512	224	0	8458
8530	1	11948579445730	none	8459	ca4c9f0a	512	224	0	8459
8531	2	11948596797110	none	8460	c8bed34f	512	224	0	8460
8532	3	11948614069960	none	8461	2ffa21ce	512	224	0	8461
8533	4	11948631309160	none	8462	c8bed34f	512	224	0	8462
8534	5	11948644492770	none	8463	c8bed34f	512	224	0	8463
8535	6	11948661724390	none	8464	c8bed34f	512	224	0	8464
8536	7	11948678950040	none	8465	c8bed34f	512	224	0	8465
8537	0	11948696291390	none	8466	c8bed34f	512	224	0	8466
8538	1	11948713579230	none	8467	ca4c9f0a	512	224	0	8467
8539	2	11948730856530	none	8468	2d086d8b	512	224	0	8468
8540	3	11948744058060	none	8469	2d086d8b	512	224	0	8469
8541	4	11948761274610	none	8470	98fddf83	512	224	0	8470
8542	5	11948778510230	none	8471	98fddf83	512	224	0	8471
8543	6	11948795756240	none	8472	c8bed34f	512	224	0	8472
8544	7	11948812997190	none	8473	c8bed34f	512	224	0	8473
8545	0	11948830221590	none	8474	c8bed34f	512	224	0	8474
8546	1	11948847474110	none	8475	c8bed34f	512	224	0	8475
8547	2	11948860695440	none	8476	c8bed34f	512	224	0	8476
8548	3	11948877996600	none	8477	c8bed34f	512	224	0	8477
8549	4	11948895205860	none	8478	c8bed34f	512	224	0	8478
8550	5	11948912505350	none	8479	c8bed34f	512	224	0	8479
8551	6	11948929883150	none	8480	c8bed34f	512	224	0	8480
8552	7	11948947134230	none	8481	c8bed34f	512	224	0	8481
8553	0	11948960322260	none	8482	c8bed34f	512	224	0	8482
8554	1	11948977573710	none	8483	2ffa21ce	512	224	0	8483
8555	2	11948994884970	none	8484	c8bed34f	512	224	0	8484
8556	3	11949012134170	none	8485	c8bed34f	512	224	0	8485
8557	4	11949029391960	none	8486	c8bed34f	512	224	0	8486
8558	5	11949046630700	none	8487	c8bed34f	512	224	0	8487
8559	6	11949063924360	none	8488	c8bed34f	512	224	0	8488
8560	7	11949077114390	none	8489	ca4c9f0a	512	224	0	8489
8561	0	11949094386200	none	8490	ca4c9f0a	512	224	0	8490
8562	1	11949111621330	none	8491	2d086d8b	512	224	0	8491
8563	2	11949128889660	none	8492	ff9a24aa	512	224	0	8492
8564	3	11949146143380	none	8493	489ddae7	512	224	0	8493
8565	4	11949163399170	none	8494	489ddae7	512	224	0	8494
8566	5	11949180636210	none	8495	73483ac0	512	224	0	8495
8567	6	11949193832320	none	8496	73483ac0	512	224	0	8496
8568	7	11949211093450	none	8497	73483ac0	512	224	0	8497
8569	0	11949228321340	none	8498	e1df8944	512	224	0	8498
8570	1	11949245723720	none	8499	c8bed34f	512	224	0	8499
8571	2	11949263066180	none	8500	c8bed34f	512	224	0	8500
8572	3	11949280284260	none	8501	c8bed34f	512	224	0	8501
8573	4	11949293506340	none	8502	c8bed34f	512	224	0	8502
8574	5	11949310746640	none	8503	c8bed34f	512	224	0	8503
8575	6	11949327991990	none	8504	ca4c9f0a	512	224	0	8504
8576	7	11949345363810	none	8505	c8bed34f	512	224	0	8505
8577	0	11949362588450	none	8506	c8bed34f	512	224	0	8506
8578	1	11949379845280	none	8507	c8bed34f	512	224	0	8507
8579	2	11949393037680	none	8508	c8bed34f	512	224	0	8508
8580	3	11949410226770	none	8509	c8bed34f	512	224	0	8509
8581	4	11949427431320	none	8510	c8bed34f	512	224	0	8510
8582	5	11949444779080	none	8511	ca4c9f0a	512	224	0	8511
8583	6	11949462043580	none	8512	ca4c9f0a	512	224	0	8512
8584	7	11949479281870	none	8513	2d086d8b	512	224	0	8513
8585	0	11949496547110	none	8514	2ffa21ce	512	224	0	8514
8586	1	11949509795860	none	8515	98fddf83	512	224	0	8515
8587	2	11949527045320	none	8516	98fddf83	512	224	0	8516
8588	3	11949544449890	none	8517	c8bed34f	512	224	0	8517
8589	4	11949561694110	none	8518	c8bed34f	512	224	0	8518
8590	5	11949578955050	none	8519	c8bed34f	512	224	0	8519
8591	6	11949596189640	none	8520	c8bed34f	512	224	0	8520
8592	7	11949609391700	none	8521	c8bed34f	512	224	0	8521
8593	0	11949626598170	none	8522	c8bed34f	512	224	0	8522
8594	1	11949643842130	none	8523	c8bed34f	512	224	0	8523
8595	2	11949661083730	none	8524	c8bed34f	512	224	0	8524
8596	3	11949678467260	none	8525	c8bed34f	512	224	0	8525
8597	4	11949696156810	none	8526	ca4c9f0a	512	224	0	8526
8598	5	11949709466870	none	8527	c8bed34f	512	224	0	8527
8599	6	11949726718700	none	8528	c8bed34f	512	224	0	8528
8600	7	11949743974420	none	8529	c8bed34f	512	224	0	8529
8601	0	11949761207120	none	8530	c8bed34f	512	224	0	8530
8602	1	11949778432320	none	8531	c8bed34f	512	224	0	8531
8603	2	11949795722850	none	8532	c8bed34f	512	224	0	8532
8604	3	11949812945050	none	8533	c8bed34f	512	224	0	8533
8605	4	11949826143030	none	8534	ca4c9f0a	512	224	0	8534
8606	5	11949843530710	none	8535	ca4c9f0a	512	224	0	8535
8607	6	11949860773930	none	8536	2d086d8b	512	224	0	8536
8608	7	11949878033030	none	8537	ff9a24aa	512	224	0	8537
8609	0	11949895256160	none	8538	489ddae7	512	224	0	8538
8610	1	11949912505080	none	8539	489ddae7	512	224	0	8539
8611	2	11949925733630	none	8540	73483ac0	512	224	0	8540
8612	3	11949943101150	none	8541	73483ac0	512	224	0	8541
8613	4	11949960329960	none	8542	73483ac0	512	224	0	8542
8614	5	11949977548820	none	8543	e1df8944	512	224	0	8543
8615	6	11949994816350	none	8544	c8bed34f	512	224	0	8544
8616	7	11950012060460	none	8545	c8bed34f	512	224	0	8545
8617	0	11950029262930	none	8546	c8bed34f	512	224	0	8546
8618	1	11950042478590	none	8547	c8bed34f	512	224	0	8547
8619	2	11950059753220	none	8548	c8bed34f	512	224	0	8548
8620	3	11950076991310	none	8549	c8bed34f	512	224	0	8549
8621	4	11950094237230	none	8550	2ffa21ce	512	224	0	8550
8622	5	11950111467360	none	8551	c8bed34f	512	224	0	8551
8623	6	11950128731080	none	8552	c8bed34f	512	224	0	8552
8624	7	11950141929700	none	8553	c8bed34f	512	224	0	8553
8625	0	11950159153470	none	8554	c8bed34f	512	224	0	8554
8626	1	11950176367630	none	8555	c8bed34f	512	224	0	8555
8627	2	11950193575510	none	8556	ca4c9f0a	512	224	0	8556
8628	3	11950210833690	none	8557	ca4c9f0a	512	224	0	8557
8629	4	11950228090500	none	8558	2f1159c4	512	224	0	8558
8630	5	11950245328550	none	8559	fd8310e5	512	224	0	8559
8631	6	11950258641280	none	8560	3d49aea8	512	224	0	8560
8632	7	11950275908820	none	8561	3d49aea8	512	224	0	8561
8633	0	11950293169970	none	8562	73483ac0	512	224	0	8562
8634	1	11950310390770	none	8563	73483ac0	512	224	0	8563
8635	2	11950327672710	none	8564	73483ac0	512	224	0	8564
8636	3	11950344908450	none	8565	e1df8944	512	224	0	8565
8637	4	11950358232110	none	8566	c8bed34f	512	224	0	8566
8638	5	11950375460070	none	8567	c8bed34f	512	224	0	8567
8639	6	11950392804830	none	8568	c8bed34f	512	224	0	8568
8640	7	11950410045290	none	8569	c8bed34f	512	224	0	8569
8641	0	11950427261250	none	8570	18ded62b	512	224	0	8570
8642	1	11950444512930	none	8571	1a2c9a6e	512	224	0	8571
8643	2	11950461776200	none	8572	18ded62b	512	224	0	8572
8644	3	11950474994210	none	8573	c8bed34f	512	224	0	8573
8645	4	11950492399770	none	8574	c8bed34f	512	224	0	8574
8646	5	11950509704100	none	8575	c8bed34f	512	224	0	8575
8647	6	11950526948710	none	8576	c8bed34f	512	224	0	8576
8648	7	11950544161240	none	8577	c8bed34f	512	224	0	8577
8649	0	11950561511180	none	8578	ca4c9f0a	512	224	0	8578
8650	1	11950574719970	none	8579	c8bed34f	512	224	0	8579
8651	2	11950592081960	none	8580	2ffa21ce	512	224	0	8580
8652	3	11950609327150	none	8581	ff9a24aa	512	224	0	8581
8653	4	11950626549390	none	8582	489ddae7	512	224	0	8582
8654	5	11950643796580	none	8583	489ddae7	512	224	0	8583
8655	6	11950661165430	none	8584	73483ac0	512	224	0	8584
8656	7	11950674358140	none	8585	73483ac0	512	224	0	8585
8657	0	11950691716700	none	8586	71ba7685	512	224	0	8586
8658	1	11950708958490	none	8587	e1df8944	512	224	0	8587
8659	2	11950726171620	none	8588	c8bed34f	512	224	0	8588
8660	3	11950743417180	none	8589	c8bed34f	512	224	0	8589
8661	4	11950760666490	none	8590	c8bed34f	512	224	0	8590
8662	5	11950777911220	none	8591	c8bed34f	512	224	0	8591
8663	6	11950791080320	none	8592	c8bed34f	512	224	0	8592
8664	7	11950808279980	none	8593	ca4c9f0a	512	224	0	8593
8665	0	11950825509870	none	8594	c8bed34f	512	224	0	8594
8666	1	11950842794710	none	8595	2ffa21ce	512	224	0	8595
8667	2	11950860061280	none	8596	c8bed34f	512	224	0	8596
8668	3	11950877276230	none	8597	c8bed34f	512	224	0	8597
8669	4	11950890489630	none	8598	c8bed34f	512	224	0	8598
8670	5	11950907738480	none	8599	c8bed34f	512	224	0	8599
8671	6	11950924976190	none	8600	c8bed34f	512	224	0	8600
8672	7	11950942213030	none	8601	ca4c9f0a	512	224	0	8601
8673	0	11950959457190	none	8602	ca4c9f0a	512	224	0	8602
8674	1	11950976715620	none	8603	2d086d8b	512	224	0	8603
8675	2	11950993977060	none	8604	2ffa21ce	512	224	0	8604
8676	3	11951007184730	none	8605	98fddf83	512	224	0	8605
8677	4	11951024410870	none	8606	98fddf83	512	224	0	8606
8678	5	11951041649090	none	8607	c8bed34f	512	224	0	8607
8679	6	11951058893570	none	8608	c8bed34f	512	224	0	8608
8680	7	11951076113160	none	8609	c8bed34f	512	224	0	8609
8681	0	11951093399970	none	8610	c8bed34f	512	224	0	8610
8682	1	11951110803800	none	8611	c8bed34f	512	224	0	8611
8683	2	11951124137570	none	8612	c8bed34f	512	224	0	8612
8684	3	11951141485820	none	8613	c8bed34f	512	224	0	8613
8685	4	11951158745790	none	8614	c8bed34f	512	224	0	8614
8686	5	11951176083520	none	8615	c8bed34f	512	224	0	8615
8687	6	11951193377960	none	8616	ca4c9f0a	512	224	0	8616
8688	7	11951206720750	none	8617	c8bed34f	512	224	0	8617
8689	0	11951223964110	none	8618	c8bed34f	512	224	0	8618
8690	1	11951241191710	none	8619	c8bed34f	512	224	0	8619
8691	2	11951258427600	none	8620	c8bed34f	512	224	0	8620
8692	3	11951275699110	none	8621	c8bed34f	512	224	0	8621
8693	4	11951292932410	none	8622	c8bed34f	512	224	0	8622
8694	5	11951310283090	none	8623	ca4c9f0a	512	224	0	8623
8695	6	11951323484000	none	8624	ca4c9f0a	512	224	0	8624
8696	7	11951340860110	none	8625	2d086d8b	512	224	0	8625
8697	0	11951358096590	none	8626	ff9a24aa	512	224	0	8626
8698	1	11951375315610	none	8627	489ddae7	512	224	0	8627
8699	2	11951392540810	none	8628	489ddae7	512	224	0	8628
8700	3	11951409902920	none	8629	73483ac0	512	224	0	8629
8701	4	11951423094300	none	8630	73483ac0	512	224	0	8630
8702	5	11951440314420	none	8631	73483ac0	512	224	0	8631
8703	6	11951457527420	none	8632	e1df8944	512	224	0	8632
8704	7	11951474779970	none	8633	c8bed34f	512	224	0	8633
8705	0	11951492008160	none	8634	c8bed34f	512	224	0	8634
8706	1	11951509382400	none	8635	c8bed34f	512	224	0	8635
8707	2	11951526600000	none	8636	c8bed34f	512	224	0	8636
8708	3	11951539806420	none	8637	c8bed34f	512	224	0	8637
8709	4	11951557038120	none	8638	ca4c9f0a	512	224	0	8638
8710	5	11951574256590	none	8639	c8bed34f	512	224	0	8639
8711	6	11951591507420	none	8640	c8bed34f	512	224	0	8640
8712	7	11951608763390	none	8641	c8bed34f	512	224	0	8641
8713	0	11951625999340	none	8642	c8bed34f	512	224	0	8642
8714	1	11951643219580	none	8643	c8bed34f	512	224	0	8643
8715	2	11951656420680	none	8644	c8bed34f	512	224	0	8644
8716	3	11951673683880	none	8645	ca4c9f0a	512	224	0	8645
8717	4	11951690996050	none	8646	ca4c9f0a	512	224	0	8646
8718	5	11951708257770	none	8647	2d086d8b	512	224	0	8647
8719	6	11951725498100	none	8648	2ffa21ce	512	224	0	8648
8720	7	11951742761000	none	8649	98fddf83	512	224	0	8649
8721	0	11951756078960	none	8650	98fddf83	512	224	0	8650
8722	1	11951773307040	none	8651	c8bed34f	512	224	0	8651
8723	2	11951790520830	none	8652	c8bed34f	512	224	0	8652
8724	3	11951807764230	none	8653	c8bed34f	512	224	0	8653
8725	4	11951825003650	none	8654	c8bed34f	512	224	0	8654
8726	5	11951842233460	none	8655	c8bed34f	512	224	0	8655
8727	6	11951859491910	none	8656	c8bed34f	512	224	0	8656
8728	7	11951872711350	none	8657	c8bed34f	512	224	0	8657
8729	0	11951889998760	none	8658	c8bed34f	512	224	0	8658
8730	1	11951907218960	none	8659	c8bed34f	512	224	0	8659
8731	2	11951924478390	none	8660	c8bed34f	512	224	0	8660
8732	3	11951941743950	none	8661	c8bed34f	512	224	0	8661
8733	4	11951959055740	none	8662	2ffa21ce	512	224	0	8662
8734	5	11951972234020	none	8663	c8bed34f	512	224	0	8663
8735	6	11951989499060	none	8664	c8bed34f	512	224	0	8664
8736	7	11952006752340	none	8665	c8bed34f	512	224	0	8665
8737	0	11952024088110	none	8666	c8bed34f	512	224	0	8666
8738	1	11952041328430	none	8667	c8bed34f	512	224	0	8667
8739	2	11952058686350	none	8668	ca4c9f0a	512	224	0	8668
8740	3	11952071907810	none	8669	ca4c9f0a	512	224	0	8669
8741	4	11952089154320	none	8670	2f1159c4	512	224	0	8670
8742	5	11952106421740	none	8671	fd8310e5	512	224	0	8671
8743	6	11952123657620	none	8672	3d49aea8	512	224	0	8672
8744	7	11952140901770	none	8673	3d49aea8	512	224	0	8673
8745	0	11952158261980	none	8674	73483ac0	512	224	0	8674
8746	1	11952175495100	none	8675	73483ac0	512	224	0	8675
8747	2	11952188790980	none	8676	73483ac0	512	224	0	8676
8748	3	11952206017290	none	8677	e1df8944	512	224	0	8677
8749	4	11952223313750	none	8678	c8bed34f	512	224	0	8678
8750	5	11952240539620	none	8679	c8bed34f	512	224	0	8679
8751	6	11952257878960	none	8680	c8bed34f	512	224	0	8680
8752	7	11952275121100	none	8681	c8bed34f	512	224	0	8681
8753	0	11952288314700	none	8682	c8bed34f	512	224	0	8682
8754	1	11952305525980	none	8683	ca4c9f0a	512	224	0	8683
8755	2	11952322778690	none	8684	c8bed34f	512	224	0	8684
8756	3	11952340003290	none	8685	c8bed34f	512	224	0	8685
8757	4	11952357361190	none	8686	c8bed34f	512	224	0	8686
8758	5	11952374603710	none	8687	c8bed34f	512	224	0	8687
8759	6	11952391861350	none	8688	c8bed34f	512	224	0	8688
8760	7	11952405060260	none	8689	c8bed34f	512	224	0	8689
8761	0	11952422292470	none	8690	ca4c9f0a	512	224	0	8690
8762	1	11952439518960	none	8691	c8bed34f	512	224	0	8691
8763	2	11952456784110	none	8692	2ffa21ce	512	224	0	8692
8764	3	11952474039790	none	8693	ff9a24aa	512	224	0	8693
8765	4	11952491291160	none	8694	489ddae7	512	224	0	8694
8766	5	11952504480860	none	8695	489ddae7	512	224	0	8695
8767	6	11952521727790	none	8696	c52cbdd2	512	224	0	8696
8768	7	11952539005110	none	8697	c52cbdd2	512	224	0	8697
8769	0	11952556224160	none	8698	73483ac0	512	224	0	8698
8770	1	11952573484330	none	8699	e1df8944	512	224	0	8699
8771	2	11952590750640	none	8700	c8bed34f	512	224	0	8700
8772	3	11952608010880	none	8701	c8bed34f	512	224	0	8701
8773	4	11952621195580	none	8702	c8bed34f	512	224	0	8702
8774	5	11952638450120	none	8703	c8bed34f	512	224	0	8703
8775	6	11952655699100	none	8704	c8bed34f	512	224	0	8704
8776	7	11952672935980	none	8705	ca4c9f0a	512	224	0	8705
8777	0	11952690200840	none	8706	c8bed34f	512	224	0	8706
8778	1	11952707470560	none	8707	c8bed34f	512	224	0	8707
8779	2	11952724777430	none	8708	c8bed34f	512	224	0	8708
8780	3	11952738069840	none	8709	c8bed34f	512	224	0	8709
8781	4	11952755357520	none	8710	c8bed34f	512	224	0	8710
8782	5	11952772591400	none	8711	c8bed34f	512	224	0	8711
8783	6	11952789889480	none	8712	ca4c9f0a	512	224	0	8712
8784	7	11952807116760	none	8713	ca4c9f0a	512	224	0	8713
8785	0	11952824361760	none	8714	2d086d8b	512	224	0	8714
8786	1	11952837534740	none	8715	ff9a24aa	512	224	0	8715
8787	2	11952854783900	none	8716	489ddae7	512	224	0	8716
8788	3	11952872093090	none	8717	489ddae7	512	224	0	8717
8789	4	11952889329980	none	8718	73483ac0	512	224	0	8718
8790	5	11952906696760	none	8719	73483ac0	512	224	0	8719
8791	6	11952923951250	none	8720	73483ac0	512	224	0	8720
8792	7	11952937142740	none	8721	e1df8944	512	224	0	8721
8793	0	11952954424780	none	8722	c8bed34f	512	224	0	8722
8794	1	11952971653350	none	8723	c8bed34f	512	224	0	8723
8795	2	11952988919880	none	8724	c8bed34f	512	224	0	8724
8796	3	11953006163070	none	8725	c8bed34f	512	224	0	8725
8797	4	11953023397080	none	8726	c8bed34f	512	224	0	8726
8798	5	11953040665330	none	8727	c8bed34f	512	224	0	8727
8799	6	11953053879280	none	8728	c8bed34f	512	224	0	8728
8800	7	11953071089520	none	8729	2ffa21ce	512	224	0	8729
8801	0	11953088314420	none	8730	c8bed34f	512	224	0	8730
8802	1	11953105668960	none	8731	c8bed34f	512	224	0	8731
8803	2	11953122947810	none	8732	c8bed34f	512	224	0	8732
8804	3	11953140177330	none	8733	c8bed34f	512	224	0	8733
8805	4	11953157419580	none	8734	c8bed34f	512	224	0	8734
8806	5	11953170625220	none	8735	ca4c9f0a	512	224	0	8735
8807	6	11953187867610	none	8736	c8bed34f	512	224	0	8736
8808	7	11953205228600	none	8737	2ffa21ce	512	224	0	8737
8809	0	11953222487300	none	8738	ff9a24aa	512	224	0	8738
8810	1	11953239721480	none	8739	489ddae7	512	224	0	8739
8811	2	11953257016010	none	8740	489ddae7	512	224	0	8740
8812	3	11953270200550	none	8741	c52cbdd2	512	224	0	8741
8813	4	11953287457270	none	8742	c52cbdd2	512	224	0	8742
8814	5	11953304703780	none	8743	73483ac0	512	224	0	8743
8815	6	11953321965510	none	8744	e1df8944	512	224	0	8744
8816	7	11953339198250	none	8745	c8bed34f	512	224	0	8745
8817	0	11953356446580	none	8746	c8bed34f	512	224	0	8746
8818	1	11953373702220	none	8747	c8bed34f	512	224	0	8747
8819	2	11953386900740	none	8748	c8bed34f	512	224	0	8748
8820	3	11953404304690	none	8749	c8bed34f	512	224	0	8749
8821	4	11953421513960	none	8750	ca4c9f0a	512	224	0	8750
8822	5	11953438781160	none	8751	c8bed34f	512	224	0	8751
8823	6	11953456025070	none	8752	c8bed34f	512	224	0	8752
8824	7	11953473240150	none	8753	c8bed34f	512	224	0	8753
8825	0	11953486427890	none	8754	c8bed34f	512	224	0	8754
8826	1	11953503671290	none	8755	c8bed34f	512	224	0	8755
8827	2	11953521030680	none	8756	c8bed34f	512	224	0	8756
8828	3	11953538283420	none	8757	ca4c9f0a	512	224	0	8757
8829	4	11953555498780	none	8758	ca4c9f0a	512	224	0	8758
8830	5	11953572757040	none	8759	2d086d8b	512	224	0	8759
8831	6	11953586073000	none	8760	ff9a24aa	512	224	0	8760
8832	7	11953603346240	none	8761	489ddae7	512	224	0	8761
8833	0	11953620569850	none	8762	489ddae7	512	224	0	8762
8834	1	11953637886300	none	8763	73483ac0	512	224	0	8763
8835	2	11953655101230	none	8764	73483ac0	512	224	0	8764
8836	3	11953672339630	none	8765	73483ac0	512	224	0	8765
8837	4	11953689559280	none	8766	e1df8944	512	224	0	8766
8838	5	11953702776620	none	8767	c8bed34f	512	224	0	8767
8839	6	11953720084410	none	8768	c8bed34f	512	224	0	8768
8840	7	11953737332210	none	8769	c8bed34f	512	224	0	8769
8841	0	11953754690090	none	8770	c8bed34f	512	224	0	8770
8842	1	11953771925690	none	8771	c8bed34f	512	224	0	8771
8843	2	11953789180290	none	8772	c8bed34f	512	224	0	8772
8844	3	11953802347660	none	8773	c8bed34f	512	224	0	8773
8845	4	11953819646780	none	8774	2ffa21ce	512	224	0	8774
8846	5	11953836899390	none	8775	c8bed34f	512	224	0	8775
8847	6	11953854140590	none	8776	c8bed34f	512	224	0	8776
8848	7	11953871405940	none	8777	c8bed34f	512	224	0	8777
8849	0	11953888657080	none	8778	c8bed34f	512	224	0	8778
8850	1	11953905903190	none	8779	c8bed34f	512	224	0	8779
8851	2	11953919221340	none	8780	c8bed34f	512	224	0	8780
8852	3	11953936488210	none	8781	2ffa21ce	512	224	0	8781
8853	4	11953953826740	none	8782	ff9a24aa	512	224	0	8782
8854	5	11953971062780	none	8783	489ddae7	512	224	0	8783
8855	6	11953988296810	none	8784	489ddae7	512	224	0	8784
8856	7	11954005507620	none	8785	725dfc79	512	224	0	8785
8857	0	11954018720120	none	8786	725dfc79	512	224	0	8786
8858	1	11954036007450	none	8787	73483ac0	512	224	0	8787
8859	2	11954053427350	none	8788	e1df8944	512	224	0	8788
8860	3	11954070686590	none	8789	c8bed34f	512	224	0	8789
8861	4	11954087914460	none	8790	c8bed34f	512	224	0	8790
8862	5	11954105136980	none	8791	c8bed34f	512	224	0	8791
8863	6	11954122357180	none	8792	c8bed34f	512	224	0	8792
8864	7	11954135559180	none	8793	c8bed34f	512	224	0	8793
8865	0	11954152855810	none	8794	ca4c9f0a	512	224	0	8794
8866	1	11954170122820	none	8795	c8bed34f	512	224	0	8795
8867	2	11954187354240	none	8796	c8bed34f	512	224	0	8796
8868	3	11954204579420	none	8797	c8bed34f	512	224	0	8797
8869	4	11954221838460	none	8798	c8bed34f	512	224	0	8798
8870	5	11954235041130	none	8799	c8bed34f	512	224	0	8799
8871	6	11954252424750	none	8800	c8bed34f	512	224	0	8800
8872	7	11954269782800	none	8801	c8bed34f	512	224	0	8801
8873	0	11954287021760	none	8802	ca4c9f0a	512	224	0	8802
8874	1	11954304261900	none	8803	ca4c9f0a	512	224	0	8803
8875	2	11954321500320	none	8804	2d086d8b	512	224	0	8804
8876	3	11954338766020	none	8805	ff9a24aa	512	224	0	8805
8877	4	11954351955050	none	8806	489ddae7	512	224	0	8806
8878	5	11954369229140	none	8807	489ddae7	512	224	0	8807
8879	6	11954386516190	none	8808	73483ac0	512	224	0	8808
8880	7	11954403806120	none	8809	73483ac0	512	224	0	8809
8881	0	11954421025670	none	8810	73483ac0	512	224	0	8810
8882	1	11954438245240	none	8811	e1df8944	512	224	0	8811
8883	2	11954451418140	none	8812	c8bed34f	512	224	0	8812
8884	3	11954468701830	none	8813	c8bed34f	512	224	0	8813
8885	4	11954486007210	none	8814	c8bed34f	512	224	0	8814
8886	5	11954503274870	none	8815	c8bed34f	512	224	0	8815
8887	6	11954520488440	none	8816	c8bed34f	512	224	0	8816
8888	7	11954537738990	none	8817	c8bed34f	512	224	0	8817
8889	0	11954554989160	none	8818	c8bed34f	512	224	0	8818
8890	1	11954568371450	none	8819	c8bed34f	512	224	0	8819
8891	2	11954585689670	none	8820	c8bed34f	512	224	0	8820
8892	3	11954603068690	none	8821	c8bed34f	512	224	0	8821
8893	4	11954620322360	none	8822	c8bed34f	512	224	0	8822
8894	5	11954637543090	none	8823	c8bed34f	512	224	0	8823
8895	6	11954654882340	none	8824	ca4c9f0a	512	224	0	8824
8896	7	11954668084980	none	8825	c8bed34f	512	224	0	8825
8897	0	11954685314720	none	8826	2ffa21ce	512	224	0	8826
8898	1	11954702592450	none	8827	ff9a24aa	512	224	0	8827
8899	2	11954720012320	none	8828	489ddae7	512	224	0	8828
8900	3	11954737442340	none	8829	489ddae7	512	224	0	8829
8901	4	11954754718220	none	8830	c52cbdd2	512	224	0	8830
8902	5	11954767982260	none	8831	c52cbdd2	512	224	0	8831
8903	6	11954785193510	none	8832	73483ac0	512	224	0	8832
8904	7	11954802436410	none	8833	e1df8944	512	224	0	8833
8905	0	11954819748850	none	8834	c8bed34f	512	224	0	8834
8906	1	11954837088700	none	8835	c8bed34f	512	224	0	8835
8907	2	11954854364820	none	8836	c8bed34f	512	224	0	8836
8908	3	11954867677650	none	8837	c8bed34f	512	224	0	8837
8909	4	11954884899040	none	8838	c8bed34f	512	224	0	8838
8910	5	11954902125710	none	8839	ca4c9f0a	512	224	0	8839
8911	6	11954919472620	none	8840	c8bed34f	512	224	0	8840
8912	7	11954936743090	none	8841	2ffa21ce	512	224	0	8841
8913	0	11954953980370	none	8842	c8bed34f	512	224	0	8842
8914	1	11954967287530	none	8843	c8bed34f	512	224	0	8843
8915	2	11954984512380	none	8844	c8bed34f	512	224	0	8844
8916	3	11955001754890	none	8845	c8bed34f	512	224	0	8845
8917	4	11955019004950	none	8846	c8bed34f	512	224	0	8846
8918	5	11955036287050	none	8847	ca4c9f0a	512	224	0	8847
8919	6	11955053520410	none	8848	2f1159c4	512	224	0	8848
8920	7	11955070860710	none	8849	ff715ca0	512	224	0	8849
8921	0	11955084053760	none	8850	3d49aea8	512	224	0	8850
8922	1	11955101287270	none	8851	3d49aea8	512	224	0	8851
8923	2	11955118583870	none	8852	73483ac0	512	224	0	8852
8924	3	11955136035510	none	8853	73483ac0	512	224	0	8853
8925	4	11955153302010	none	8854	73483ac0	512	224	0	8854
8926	5	11955170662800	none	8855	e1df8944	512	224	0	8855
8927	6	11955183909360	none	8856	c8bed34f	512	224	0	8856
8928	7	11955201131250	none	8857	c8bed34f	512	224	0	8857
8929	0	11955218384050	none	8858	c8bed34f	512	224	0	8858
8930	1	11955235622710	none	8859	c8bed34f	512	224	0	8859
8931	2	11955252933210	none	8860	c8bed34f	512	224	0	8860
8932	3	11955270301430	none	8861	ca4c9f0a	512	224	0	8861
8933	4	11955283493390	none	8862	c8bed34f	512	224	0	8862
8934	5	11955300853780	none	8863	2ffa21ce	512	224	0	8863
8935	6	11955318095190	none	8864	c8bed34f	512	224	0	8864
8936	7	11955335314520	none	8865	c8bed34f	512	224	0	8865
8937	0	11955352608380	none	8866	c8bed34f	512	224	0	8866
8938	1	11955369873090	none	8867	c8bed34f	512	224	0	8867
8939	2	11955383097910	none	8868	c8bed34f	512	224	0	8868
8940	3	11955400316950	none	8869	ca4c9f0a	512	224	0	8869
8941	4	11955417539510	none	8870	c8bed34f	512	224	0	8870
8942	5	11955434772290	none	8871	2ffa21ce	512	224	0	8871
8943	6	11955451987350	none	8872	ff9a24aa	512	224	0	8872
8944	7	11955469467850	none	8873	489ddae7	512	224	0	8873
8945	0	11955486743590	none	8874	489ddae7	512	224	0	8874
8946	1	11955499942560	none	8875	c52cbdd2	512	224	0	8875
8947	2	11955517152110	none	8876	c52cbdd2	512	224	0	8876
8948	3	11955534393640	none	8877	73483ac0	512	224	0	8877
8949	4	11955551628730	none	8878	e1df8944	512	224	0	8878
8950	5	11955568869020	none	8879	c8bed34f	512	224	0	8879
8951	6	11955586198930	none	8880	c8bed34f	512	224	0	8880
8952	7	11955599464070	none	8881	c8bed34f	512	224	0	8881
8953	0	11955616699670	none	8882	c8bed34f	512	224	0	8882
8954	1	11955633921800	none	8883	c8bed34f	512	224	0	8883
8955	2	11955651177480	none	8884	ca4c9f0a	512	224	0	8884
8956	3	11955668450840	none	8885	c8bed34f	512	224	0	8885
8957	4	11955685707900	none	8886	c8bed34f	512	224	0	8886
8958	5	11955703075460	none	8887	c8bed34f	512	224	0	8887
8959	6	11955716284470	none	8888	c8bed34f	512	224	0	8888
8960	7	11955733498550	none	8889	c8bed34f	512	224	0	8889
8961	0	11955750760900	none	8890	c8bed34f	512	224	0	8890
8962	1	11955768017420	none	8891	ca4c9f0a	512	224	0	8891
8963	2	11955785255270	none	8892	ca4c9f0a	512	224	0	8892
8964	3	11955802518680	none	8893	2d086d8b	512	224	0	8893
8965	4	11955815928500	none	8894	ff9a24aa	512	224	0	8894
8966	5	11955833146990	none	8895	489ddae7	512	224	0	8895
8967	6	11955850374490	none	8896	489ddae7	512	224	0	8896
8968	7	11955867619130	none	8897	73483ac0	512	224	0	8897
8969	0	11955884865730	none	8898	73483ac0	512	224	0	8898
8970	1	11955902091120	none	8899	73483ac0	512	224	0	8899
8971	2	11955919525040	none	8900	e1df8944	512	224	0	8900
8972	3	11955932741830	none	8901	c8bed34f	512	224	0	8901
8973	4	11955949997900	none	8902	c8bed34f	512	224	0	8902
8974	5	11955967228130	none	8903	c8bed34f	512	224	0	8903
8975	6	11955984431990	none	8904	c8bed34f	512	224	0	8904
8976	7	11956001680270	none	8905	c8bed34f	512	224	0	8905
8977	0	11956018970380	none	8906	c8bed34f	512	224	0	8906
8978	1	11956032221610	none	8907	c8bed34f	512	224	0	8907
8979	2	11956049411050	none	8908	2ffa21ce	512	224	0	8908
8980	3	11956066635440	none	8909	c8bed34f	512	224	0	8909
8981	4	11956083866320	none	8910	c8bed34f	512	224	0	8910
8982	5	11956101069470	none	8911	c8bed34f	512	224	0	8911
8983	6	11956118430090	none	8912	c8bed34f	512	224	0	8912
8984	7	11956135674250	none	8913	c8bed34f	512	224	0	8913
8985	0	11956148906630	none	8914	ca4c9f0a	512	224	0	8914
8986	1	11956166114880	none	8915	c8bed34f	512	224	0	8915
8987	2	11956183419660	none	8916	2ffa21ce	512	224	0	8916
8988	3	11956200649280	none	8917	ff9a24aa	512	224	0	8917
8989	4	11956217952740	none	8918	489ddae7	512	224	0	8918
8990	5	11956235182340	none	8919	489ddae7	512	224	0	8919
8991	6	11956248385450	none	8920	725dfc79	512	224	0	8920
8992	7	11956265599840	none	8921	725dfc79	512	224	0	8921
8993	0	11956282832930	none	8922	73483ac0	512	224	0	8922
8994	1	11956300049290	none	8923	e1df8944	512	224	0	8923
8995	2	11956317422000	none	8924	c8bed34f	512	224	0	8924
8996	3	11956334675480	none	8925	c8bed34f	512	224	0	8925
8997	4	11956351903550	none	8926	c8bed34f	512	224	0	8926
8998	5	11956365163970	none	8927	c8bed34f	512	224	0	8927
8999	6	11956382400510	none	8928	c8bed34f	512	224	0	8928
9000	7	11956399634130	none	8929	ca4c9f0a	512	224	0	8929
9001	0	11956416872780	none	8930	c8bed34f	512	224	0	8930
9002	1	11956434091820	none	8931	c8bed34f	512	224	0	8931
9003	2	11956451347380	none	8932	c8bed34f	512	224	0	8932
9004	3	11956468578050	none	8933	c8bed34f	512	224	0	8933
9005	4	11956481837540	none	8934	c8bed34f	512	224	0	8934
9006	5	11956499044300	none	8935	c8bed34f	512	224	0	8935
9007	6	11956516253410	none	8936	ca4c9f0a	512	224	0	8936
9008	7	11956533462920	none	8937	ca4c9f0a	512	224	0	8937
9009	0	11956550709990	none	8938	2d086d8b	512	224	0	8938
9010	1	11956568001670	none	8939	ff9a24aa	512	224	0	8939
9011	2	11956581226990	none	8940	489ddae7	512	224	0	8940
9012	3	11956598484150	none	8941	489ddae7	512	224	0	8941
9013	4	11956615744800	none	8942	73483ac0	512	224	0	8942
9014	5	11956632972500	none	8943	73483ac0	512	224	0	8943
9015	6	11956650185960	none	8944	73483ac0	512	224	0	8944
9016	7	11956667425310	none	8945	e3c6bd0b	512	224	0	8945
9017	0	11956684674380	none	8946	c8bed34f	512	224	0	8946
9018	1	11956697999920	none	8947	c8bed34f	512	224	0	8947
9019	2	11956715285800	none	8948	c8bed34f	512	224	0	8948
9020	3	11956732534280	none	8949	c8bed34f	512	224	0	8949
9021	4	11956749875620	none	8950	c8bed34f	512	224	0	8950
9022	5	11956767121010	none	8951	c8bed34f	512	224	0	8951
9023	6	11956784355990	none	8952	c8bed34f	512	224	0	8952
9024	7	11956797559750	none	8953	c8bed34f	512	224	0	8953
9025	0	11956814789430	none	8954	c8bed34f	512	224	0	8954
9026	1	11956832112980	none	8955	c8bed34f	512	224	0	8955
9027	2	11956849355430	none	8956	c8bed34f	512	224	0	8956
9028	3	11956866708460	none	8957	c8bed34f	512	224	0	8957
9029	4	11956883948470	none	8958	ca4c9f0a	512	224	0	8958
9030	5	11956901175170	none	8959	c8bed34f	512	224	0	8959
9031	6	11956914378800	none	8960	2ffa21ce	512	224	0	8960
9032	7	11956931613540	none	8961	ff9a24aa	512	224	0	8961
9033	0	11956948834800	none	8962	489ddae7	512	224	0	8962
9034	1	11956966212610	none	8963	489ddae7	512	224	0	8963
9035	2	11956983438800	none	8964	c52cbdd2	512	224	0	8964
9036	3	11957000704760	none	8965	c52cbdd2	512	224	0	8965
9037	4	11957013894020	none	8966	73483ac0	512	224	0	8966
9038	5	11957031113160	none	8967	e1df8944	512	224	0	8967
9039	6	11957048425970	none	8968	c8bed34f	512	224	0	8968
9040	7	11957065762560	none	8969	c8bed34f	512	224	0	8969
9041	0	11957082998330	none	8970	c8bed34f	512	224	0	8970
9042	1	11957100216510	none	8971	c8bed34f	512	224	0	8971
9043	2	11957117427470	none	8972	c8bed34f	512	224	0	8972
9044	3	11957130662720	none	8973	ca4c9f0a	512	224	0	8973
9045	4	11957147886160	none	8974	c8bed34f	512	224	0	8974
9046	5	11957165248780	none	8975	c8bed34f	512	224	0	8975
9047	6	11957182444320	none	8976	c8bed34f	512	224	0	8976
9048	7	11957199688570	none	8977	c8bed34f	512	224	0	8977
9049	0	11957216995550	none	8978	c8bed34f	512	224	0	8978
9050	1	11957230170810	none	8979	c8bed34f	512	224	0	8979
9051	2	11957247433200	none	8980	c8bed34f	512	224	0	8980
9052	3	11957264671930	none	8981	ca4c9f0a	512	224	0	8981
9053	4	11957281904070	none	8982	ca4c9f0a	512	224	0	8982
9054	5	11957299121770	none	8983	2d086d8b	512	224	0	8983
9055	6	11957316387170	none	8984	ff9a24aa	512	224	0	8984
9056	7	11957333650050	none	8985	489ddae7	512	224	0	8985
9057	0	11957346989490	none	8986	489ddae7	512	224	0	8986
9058	1	11957364204060	none	8987	73483ac0	512	224	0	8987
9059	2	11957381392830	none	8988	73483ac0	512	224	0	8988
9060	3	11957398665950	none	8989	73483ac0	512	224	0	8989
9061	4	11957415992420	none	8990	e3c6bd0b	512	224	0	8990
9062	5	11957433220290	none	8991	c8bed34f	512	224	0	8991
9063	6	11957446391980	none	8992	c8bed34f	512	224	0	8992
9064	7	11957463637520	none	8993	c8bed34f	512	224	0	8993
9065	0	11957480860420	none	8994	c8bed34f	512	224	0	8994
9066	1	11957498079560	none	8995	c8bed34f	512	224	0	8995
9067	2	11957515346550	none	8996	c8bed34f	512	224	0	8996
9068	3	11957532580520	none	8997	c8bed34f	512	224	0	8997
9069	4	11957549813330	none	8998	c8bed34f	512	224	0	8998
9070	5	11957562991240	none	8999	c8bed34f	512	224	0	8999
9071	6	11957580233110	none	-1	c8bed34f	512	224	0	9000
9072	7	11957597445630	none	-1	c8bed34f	512	224	0	9001
