core_frame	header_ctr	capture_ns	dup_reason	movie_frame	hash	width	height	segment	avi_frame
73	0	11187869203440	none	0	61605322	512	224	0	0
74	1	11187886723880	none	1	61605322	512	224	0	1
75	2	11187900240300	none	2	61605322	512	224	0	2
76	3	11187918078780	none	3	61605322	512	224	0	3
77	4	11187936022280	none	4	61605322	512	224	0	4
78	5	11187949798460	none	5	61605322	512	224	0	5
79	6	11187967209000	none	6	61605322	512	224	0	6
80	7	11187984695710	none	7	61605322	512	224	0	7
81	0	11188002147240	none	8	61605322	512	224	0	8
82	1	11188019414300	none	9	61605322	512	224	0	9
83	2	11188036651360	none	10	61605322	512	224	0	10
84	3	11188049944090	none	11	61605322	512	224	0	11
85	4	11188067175300	none	12	61605322	512	224	0	12
86	5	11188084426980	none	13	61605322	512	224	0	13
87	6	11188101651660	none	14	61605322	512	224	0	14
88	7	11188118867000	none	15	61605322	512	224	0	15
89	0	11188136112060	none	16	61605322	512	224	0	16
90	1	11188153376920	none	17	61605322	512	224	0	17
91	2	11188166595960	none	18	61605322	512	224	0	18
92	3	11188183831530	none	19	61605322	512	224	0	19
93	4	11188201039440	none	20	61605322	512	224	0	20
94	5	11188218310170	none	21	61605322	512	224	0	21
95	6	11188235619640	none	22	61605322	512	224	0	22
96	7	11188252925200	none	23	61605322	512	224	0	23
97	0	11188266122850	none	24	61605322	512	224	0	24
98	1	11188283372860	none	25	61605322	512	224	0	25
99	2	11188300621310	none	26	61605322	512	224	0	26
100	3	11188317837290	none	27	61605322	512	224	0	27
101	4	11188335059480	none	28	61605322	512	224	0	28
102	5	11188352315920	none	29	61605322	512	224	0	29
103	6	11188369540380	none	30	61605322	512	224	0	30
104	7	11188382743490	none	31	61605322	512	224	0	31
105	0	11188399965290	none	32	61605322	512	224	0	32
106	1	11188417196860	none	33	61605322	512	224	0	33
107	2	11188434447480	none	34	61605322	512	224	0	34
108	3	11188451899650	none	35	61605322	512	224	0	35
109	4	11188469109490	none	36	61605322	512	224	0	36
110	5	11188482305090	none	37	61605322	512	224	0	37
111	6	11188499531230	none	38	61605322	512	224	0	38
112	7	11188516764080	none	39	61605322	512	224	0	39
113	0	11188533987620	none	40	61605322	512	224	0	40
114	1	11188551381610	none	41	61605322	512	224	0	41
115	2	11188568616690	none	42	61605322	512	224	0	42
116	3	11188585861040	none	43	61605322	512	224	0	43
117	4	11188599030420	none	44	61605322	512	224	0	44
118	5	11188616268470	none	45	61605322	512	224	0	45
119	6	11188633498900	none	46	61605322	512	224	0	46
120	7	11188650753320	none	47	61605322	512	224	0	47
121	0	11188667978620	none	48	61605322	512	224	0	48
122	1	11188685222920	none	49	61605322	512	224	0	49
123	2	11188702467610	none	50	61605322	512	224	0	50
124	3	11188715666480	none	51	61605322	512	224	0	51
125	4	11188732880500	none	52	61605322	512	224	0	52
126	5	11188750316620	none	53	61605322	512	224	0	53
127	6	11188767585400	none	54	61605322	512	224	0	54
128	7	11188784796460	none	55	61605322	512	224	0	55
129	0	11188802025800	none	56	61605322	512	224	0	56
130	1	11188815240280	none	57	61605322	512	224	0	57
131	2	11188832479810	none	58	61605322	512	224	0	58
132	3	11188849727920	none	59	61605322	512	224	0	59
133	4	11188866963530	none	60	61605322	512	224	0	60
134	5	11188884200010	none	61	61605322	512	224	0	61
135	6	11188901441530	none	62	61605322	512	224	0	62
136	7	11188918678200	none	63	61605322	512	224	0	63
137	0	11188932014160	none	64	61605322	512	224	0	64
138	1	11188949266000	none	65	61605322	512	224	0	65
139	2	11188966509860	none	66	61605322	512	224	0	66
140	3	11188983900750	none	67	61605322	512	224	0	67
141	4	11189001125220	none	68	61605322	512	224	0	68
142	5	11189018382560	none	69	61605322	512	224	0	69
143	6	11189031604610	none	70	61605322	512	224	0	70
144	7	11189048818270	none	71	61605322	512	224	0	71
145	0	11189066108100	none	72	61605322	512	224	0	72
146	1	11189083356020	none	73	61605322	512	224	0	73
147	2	11189100596750	none	74	61605322	512	224	0	74
148	3	11189117819510	none	75	61605322	512	224	0	75
149	4	11189135114210	none	76	61605322	512	224	0	76
150	5	11189148328950	none	77	61605322	512	224	0	77
151	6	11189165576530	none	78	61605322	512	224	0	78
152	7	11189182881700	none	79	61605322	512	224	0	79
153	0	11189200078670	none	80	61605322	512	224	0	80
154	1	11189217342990	none	81	61605322	512	224	0	81
155	2	11189234612400	none	82	61605322	512	224	0	82
156	3	11189247820050	none	83	61605322	512	224	0	83
157	4	11189265088170	none	84	61605322	512	224	0	84
158	5	11189282328390	none	85	61605322	512	224	0	85
159	6	11189299692780	none	86	61605322	512	224	0	86
160	7	11189316949140	none	87	61605322	512	224	0	87
161	0	11189334176370	none	88	61605322	512	224	0	88
162	1	11189351413300	none	89	61605322	512	224	0	89
163	2	11189364621020	none	90	61605322	512	224	0	90
164	3	11189381824390	none	91	61605322	512	224	0	91
165	4	11189399192250	none	92	61605322	512	224	0	92
166	5	11189416430620	none	93	61605322	512	224	0	93
167	6	11189433688790	none	94	61605322	512	224	0	94
168	7	11189451000530	none	95	61605322	512	224	0	95
169	0	11189464209950	none	96	61605322	512	224	0	96
170	1	11189481437240	none	97	61605322	512	224	0	97
171	2	11189498773960	none	98	61605322	512	224	0	98
172	3	11189516008700	none	99	61605322	512	224	0	99
173	4	11189533336420	none	100	61605322	512	224	0	100
174	5	11189550590040	none	101	61605322	512	224	0	101
175	6	11189563766000	none	102	61605322	512	224	0	102
176	7	11189580965630	none	103	61605322	512	224	0	103
177	0	11189598347000	none	104	61605322	512	224	0	104
178	1	11189615599000	none	105	61605322	512	224	0	105
179	2	11189632815950	none	106	61605322	512	224	0	106
180	3	11189650043820	none	107	61605322	512	224	0	107
181	4	11189667300180	none	108	61605322	512	224	0	108
182	5	11189680555010	none	109	61605322	512	224	0	109
183	6	11189697779090	none	110	61605322	512	224	0	110
184	7	11189715000980	none	111	61605322	512	224	0	111
185	0	11189732257190	none	112	61605322	512	224	0	112
186	1	11189749498260	none	113	61605322	512	224	0	113
187	2	11189766745960	none	114	61605322	512	224	0	114
188	3	11189780114770	none	115	61605322	512	224	0	115
189	4	11189797376430	none	116	61605322	512	224	0	116
190	5	11189814636060	none	117	61605322	512	224	0	117
191	6	11189831864700	none	118	61605322	512	224	0	118
192	7	11189849084530	none	119	61605322	512	224	0	119
193	0	11189866345680	none	120	61605322	512	224	0	120
194	1	11189883563430	none	121	61605322	512	224	0	121
195	2	11189896745440	none	122	61605322	512	224	0	122
196	3	11189914121000	none	123	61605322	512	224	0	123
197	4	11189931487600	none	124	61605322	512	224	0	124
198	5	11189948786740	none	125	61605322	512	224	0	125
199	6	11189966020370	none	126	61605322	512	224	0	126
200	7	11189983281460	none	127	61605322	512	224	0	127
201	0	11189996472580	none	128	61605322	512	224	0	128
202	1	11190013732210	none	129	61605322	512	224	0	129
203	2	11190030945740	none	130	61605322	512	224	0	130
204	3	11190048240530	none	131	61605322	512	224	0	131
205	4	11190065491040	none	132	61605322	512	224	0	132
206	5	11190082761180	none	133	61605322	512	224	0	133
207	6	11190099976480	none	134	61605322	512	224	0	134
208	7	11190113328010	none	135	61605322	512	224	0	135
209	0	11190130552940	none	136	61605322	512	224	0	136
210	1	11190147868480	none	137	61605322	512	224	0	137
211	2	11190165111620	none	138	61605322	512	224	0	138
212	3	11190182354340	none	139	61605322	512	224	0	139
213	4	11190199599620	none	140	61605322	512	224	0	140
214	5	11190212785400	none	141	61605322	512	224	0	141
215	6	11190229992980	none	142	61605322	512	224	0	142
216	7	11190247247580	none	143	61605322	512	224	0	143
217	0	11190264494070	none	144	61605322	512	224	0	144
218	1	11190281723190	none	145	61605322	512	224	0	145
219	2	11190298940390	none	146	61605322	512	224	0	146
220	3	11190316368530	none	147	61605322	512	224	0	147
221	4	11190329551590	none	148	61605322	512	224	0	148
222	5	11190346872370	none	149	61605322	512	224	0	149
223	6	11190364107960	none	150	61605322	512	224	0	150
224	7	11190381358860	none	151	61605322	512	224	0	151
225	0	11190398613370	none	152	61605322	512	224	0	152
226	1	11190415830820	none	153	61605322	512	224	0	153
227	2	11190429006140	none	154	61605322	512	224	0	154
228	3	11190446401700	none	155	61605322	512	224	0	155
229	4	11190463635750	none	156	61605322	512	224	0	156
230	5	11190480854580	none	157	61605322	512	224	0	157
231	6	11190498073730	none	158	61605322	512	224	0	158
232	7	11190515322080	none	159	61605322	512	224	0	159
233	0	11190532564970	none	160	61605322	512	224	0	160
234	1	11190545740970	none	161	61605322	512	224	0	161
235	2	11190562961940	none	162	61605322	512	224	0	162
236	3	11190580206250	none	163	61605322	512	224	0	163
237	4	11190597444970	none	164	61605322	512	224	0	164
238	5	11190614700790	none	165	61605322	512	224	0	165
239	6	11190631941940	none	166	61605322	512	224	0	166
240	7	11190649147310	none	167	61605322	512	224	0	167
241	0	11190662366340	none	168	61605322	512	224	0	168
242	1	11190679614250	none	169	61605322	512	224	0	169
243	2	11190696827110	none	170	61605322	512	224	0	170
244	3	11190714051950	none	171	61605322	512	224	0	171
245	4	11190731307860	none	172	61605322	512	224	0	172
246	5	11190748580350	none	173	61605322	512	224	0	173
247	6	11190761858940	none	174	61605322	512	224	0	174
248	7	11190779087930	none	175	61605322	512	224	0	175
249	0	11190796352150	none	176	0dbef74d	512	224	0	176
250	1	11190813616020	none	177	0dbef74d	512	224	0	177
251	2	11190830833270	none	178	0dbef74d	512	224	0	178
252	3	11190848090930	none	179	a5d380ea	512	224	0	179
253	4	11190865472150	none	180	a5d380ea	512	224	0	180
254	5	11190878676440	none	181	4a33ca1d	512	224	0	181
255	6	11190895979390	none	182	4a33ca1d	512	224	0	182
256	7	11190913245530	none	183	4a33ca1d	512	224	0	183
257	0	11190930476100	none	184	c1982312	512	224	0	184
258	1	11190947737330	none	185	c1982312	512	224	0	185
259	2	11190964954720	none	186	c1982312	512	224	0	186
260	3	11190978157540	none	187	69f554b5	512	224	0	187
261	4	11190995540620	none	188	69f554b5	512	224	0	188
262	5	11191012759450	none	189	c529b0bd	512	224	0	189
263	6	11191030114780	none	190	c529b0bd	512	224	0	190
264	7	11191047353810	none	191	c529b0bd	512	224	0	191
265	0	11191064712700	none	192	4e8259b2	512	224	0	192
266	1	11191077920920	none	193	4e8259b2	512	224	0	193
267	2	11191095168400	none	194	4e8259b2	512	224	0	194
268	3	11191112429540	none	195	e6ef2e15	512	224	0	195
269	4	11191129672340	none	196	e6ef2e15	512	224	0	196
270	5	11191146888670	none	197	090f64e2	512	224	0	197
271	6	11191164277640	none	198	090f64e2	512	224	0	198
272	7	11191181544670	none	199	090f64e2	512	224	0	199
273	0	11191194726350	none	200	82a48ded	512	224	0	200
274	1	11191211959370	none	201	82a48ded	512	224	0	201
275	2	11191229196500	none	202	82a48ded	512	224	0	202
276	3	11191246437570	none	203	2ac9fa4a	512	224	0	203
277	4	11191263681130	none	204	2ac9fa4a	512	224	0	204
278	5	11191280894540	none	205	2ac9fa4a	512	224	0	205
279	6	11191298115290	none	206	2ac9fa4a	512	224	0	206
280	7	11191311347580	none	207	2ac9fa4a	512	224	0	207
281	0	11191328589950	none	208	2ac9fa4a	512	224	0	208
282	1	11191345807530	none	209	2ac9fa4a	512	224	0	209
283	2	11191363018200	none	210	2ac9fa4a	512	224	0	210
284	3	11191380297080	none	211	2ac9fa4a	512	224	0	211
285	4	11191397588500	none	212	2ac9fa4a	512	224	0	212
286	5	11191410791890	none	213	2ac9fa4a	512	224	0	213
287	6	11191428008010	none	214	2ac9fa4a	512	224	0	214
288	7	11191445274980	none	215	2ac9fa4a	512	224	0	215
289	0	11191462565060	none	216	2ac9fa4a	512	224	0	216
290	1	11191479805370	none	217	2ac9fa4a	512	224	0	217
291	2	11191497026770	none	218	2ac9fa4a	512	224	0	218
292	3	11191514300120	none	219	2ac9fa4a	512	224	0	219
293	4	11191527491380	none	220	2ac9fa4a	512	224	0	220
294	5	11191544724970	none	221	2ac9fa4a	512	224	0	221
295	6	11191561949910	none	222	2ac9fa4a	512	224	0	222
296	7	11191579197630	none	223	2ac9fa4a	512	224	0	223
297	0	11191596429170	none	224	2ac9fa4a	512	224	0	224
298	1	11191613871880	none	225	2ac9fa4a	512	224	0	225
299	2	11191627075990	none	226	2ac9fa4a	512	224	0	226
300	3	11191644355730	none	227	2ac9fa4a	512	224	0	227
301	4	11191661595210	none	228	2ac9fa4a	512	224	0	228
302	5	11191678807510	none	229	2ac9fa4a	512	224	0	229
303	6	11191696017960	none	230	2ac9fa4a	512	224	0	230
304	7	11191713392840	none	231	2ac9fa4a	512	224	0	231
305	0	11191730660440	none	232	2ac9fa4a	512	224	0	232
306	1	11191743831480	none	233	2ac9fa4a	512	224	0	233
307	2	11191761041470	none	234	2ac9fa4a	512	224	0	234
308	3	11191778292900	none	235	2ac9fa4a	512	224	0	235
309	4	11191795543630	none	236	2ac9fa4a	512	224	0	236
310	5	11191812844760	none	237	2ac9fa4a	512	224	0	237
311	6	11191830065740	none	238	2ac9fa4a	512	224	0	238
312	7	11191847315910	none	239	2ac9fa4a	512	224	0	239
313	0	11191860544330	none	240	2ac9fa4a	512	224	0	240
314	1	11191877771020	none	241	2ac9fa4a	512	224	0	241
315	2	11191894974170	none	242	2ac9fa4a	512	224	0	242
316	3	11191912376480	none	243	2ac9fa4a	512	224	0	243
317	4	11191929605130	none	244	2ac9fa4a	512	224	0	244
318	5	11191946827760	none	245	2ac9fa4a	512	224	0	245
319	6	11191959999640	none	246	2ac9fa4a	512	224	0	246
320	7	11191977247590	none	247	2ac9fa4a	512	224	0	247
321	0	11191994470810	none	248	2ac9fa4a	512	224	0	248
322	1	11192011721290	none	249	2ac9fa4a	512	224	0	249
323	2	11192028963090	none	250	2ac9fa4a	512	224	0	250
324	3	11192046221360	none	251	2ac9fa4a	512	224	0	251
325	4	11192063457840	none	252	2ac9fa4a	512	224	0	252
326	5	11192076654170	none	253	2ac9fa4a	512	224	0	253
327	6	11192093987650	none	254	2ac9fa4a	512	224	0	254
328	7	11192111251510	none	255	2ac9fa4a	512	224	0	255
329	0	11192128510150	none	256	2ac9fa4a	512	224	0	256
330	1	11192145724190	none	257	2ac9fa4a	512	224	0	257
331	2	11192163019910	none	258	2ac9fa4a	512	224	0	258
332	3	11192176255550	none	259	2ac9fa4a	512	224	0	259
333	4	11192193531630	none	260	2ac9fa4a	512	224	0	260
334	5	11192210747110	none	261	2ac9fa4a	512	224	0	261
335	6	11192227973220	none	262	2ac9fa4a	512	224	0	262
336	7	11192245229260	none	263	2ac9fa4a	512	224	0	263
337	0	11192262480370	none	264	2ac9fa4a	512	224	0	264
338	1	11192279729390	none	265	2ac9fa4a	512	224	0	265
339	2	11192293064010	none	266	2ac9fa4a	512	224	0	266
340	3	11192310339440	none	267	2ac9fa4a	512	224	0	267
341	4	11192327582800	none	268	2ac9fa4a	512	224	0	268
342	5	11192344885760	none	269	2ac9fa4a	512	224	0	269
343	6	11192362118220	none	270	2ac9fa4a	512	224	0	270
344	7	11192379369260	none	271	2ac9fa4a	512	224	0	271
345	0	11192392560080	none	272	2ac9fa4a	512	224	0	272
346	1	11192409889780	none	273	2ac9fa4a	512	224	0	273
347	2	11192427151280	none	274	2ac9fa4a	512	224	0	274
348	3	11192444431650	none	275	2ac9fa4a	512	224	0	275
349	4	11192461783480	none	276	2ac9fa4a	512	224	0	276
350	5	11192479005410	none	277	2ac9fa4a	512	224	0	277
351	6	11192492225380	none	278	2ac9fa4a	512	224	0	278
352	7	11192509587630	none	279	2ac9fa4a	512	224	0	279
353	0	11192526820960	none	280	2ac9fa4a	512	224	0	280
354	1	11192544034620	none	281	2ac9fa4a	512	224	0	281
355	2	11192561298970	none	282	2ac9fa4a	512	224	0	282
356	3	11192578557960	none	283	2ac9fa4a	512	224	0	283
357	4	11192595774300	none	284	2ac9fa4a	512	224	0	284
358	5	11192608960940	none	285	2ac9fa4a	512	224	0	285
359	6	11192626244580	none	286	2ac9fa4a	512	224	0	286
360	7	11192643511130	none	287	2ac9fa4a	512	224	0	287
361	0	11192660810580	none	288	2ac9fa4a	512	224	0	288
362	1	11192678040020	none	289	2ac9fa4a	512	224	0	289
363	2	11192695284000	none	290	2ac9fa4a	512	224	0	290
364	3	11192712563920	none	291	2ac9fa4a	512	224	0	291
365	4	11192725819570	none	292	2ac9fa4a	512	224	0	292
366	5	11192743115270	none	293	2ac9fa4a	512	224	0	293
367	6	11192760533410	none	294	2ac9fa4a	512	224	0	294
368	7	11192777741370	none	295	2ac9fa4a	512	224	0	295
369	0	11192794953650	none	296	2ac9fa4a	512	224	0	296
370	1	11192812211020	none	297	2ac9fa4a	512	224	0	297
371	2	11192825419180	none	298	2ac9fa4a	512	224	0	298
372	3	11192842666520	none	299	2ac9fa4a	512	224	0	299
373	4	11192859987050	none	300	2ac9fa4a	512	224	0	300
374	5	11192877255610	none	301	2ac9fa4a	512	224	0	301
375	6	11192894510930	none	302	2ac9fa4a	512	224	0	302
376	7	11192911735570	none	303	2ac9fa4a	512	224	0	303
377	0	11192924932730	none	304	2ac9fa4a	512	224	0	304
378	1	11192942167370	none	305	2ac9fa4a	512	224	0	305
379	2	11192959648600	none	306	2ac9fa4a	512	224	0	306
380	3	11192976962820	none	307	2ac9fa4a	512	224	0	307
381	4	11192994206990	none	308	2ac9fa4a	512	224	0	308
382	5	11193011450340	none	309	2ac9fa4a	512	224	0	309
383	6	11193028686110	none	310	2ac9fa4a	512	224	0	310
384	7	11193041879930	none	311	2ac9fa4a	512	224	0	311
385	0	11193059381610	none	312	2ac9fa4a	512	224	0	312
386	1	11193076691140	none	313	2ac9fa4a	512	224	0	313
387	2	11193093932300	none	314	2ac9fa4a	512	224	0	314
388	3	11193111207110	none	315	2ac9fa4a	512	224	0	315
389	4	11193128445100	none	316	2ac9fa4a	512	224	0	316
390	5	11193141637670	none	317	2ac9fa4a	512	224	0	317
391	6	11193158849230	none	318	2ac9fa4a	512	224	0	318
392	7	11193176148230	none	319	2ac9fa4a	512	224	0	319
393	0	11193193414580	none	320	2ac9fa4a	512	224	0	320
394	1	11193210673090	none	321	2ac9fa4a	512	224	0	321
395	2	11193227883910	none	322	2ac9fa4a	512	224	0	322
396	3	11193241105650	none	323	2ac9fa4a	512	224	0	323
397	4	11193258353360	none	324	2ac9fa4a	512	224	0	324
398	5	11193275576660	none	325	2ac9fa4a	512	224	0	325
399	6	11193292897860	none	326	2ac9fa4a	512	224	0	326
400	7	11193310229850	none	327	2ac9fa4a	512	224	0	327
401	0	11193327495720	none	328	2ac9fa4a	512	224	0	328
402	1	11193344715830	none	329	2ac9fa4a	512	224	0	329
403	2	11193357896540	none	330	2ac9fa4a	512	224	0	330
404	3	11193375150310	none	331	2ac9fa4a	512	224	0	331
405	4	11193392379140	none	332	2ac9fa4a	512	224	0	332
406	5	11193409749410	none	333	2ac9fa4a	512	224	0	333
407	6	11193426962250	none	334	2ac9fa4a	512	224	0	334
408	7	11193444214640	none	335	2ac9fa4a	512	224	0	335
409	0	11193457411720	none	336	2ac9fa4a	512	224	0	336
410	1	11193474652260	none	337	2ac9fa4a	512	224	0	337
411	2	11193491891810	none	338	2ac9fa4a	512	224	0	338
412	3	11193509161930	none	339	2ac9fa4a	512	224	0	339
413	4	11193526516860	none	340	2ac9fa4a	512	224	0	340
414	5	11193543754020	none	341	2ac9fa4a	512	224	0	341
415	6	11193560968750	none	342	2ac9fa4a	512	224	0	342
416	7	11193574304650	none	343	2ac9fa4a	512	224	0	343
417	0	11193591543380	none	344	2ac9fa4a	512	224	0	344
418	1	11193608860420	none	345	2ac9fa4a	512	224	0	345
419	2	11193626183320	none	346	2ac9fa4a	512	224	0	346
420	3	11193643485630	none	347	2ac9fa4a	512	224	0	347
421	4	11193660715360	none	348	2ac9fa4a	512	224	0	348
422	5	11193673964080	none	349	2ac9fa4a	512	224	0	349
423	6	11193691220090	none	350	2ac9fa4a	512	224	0	350
424	7	11193708450780	none	351	2ac9fa4a	512	224	0	351
425	0	11193725688180	none	352	2ac9fa4a	512	224	0	352
426	1	11193743122500	none	353	2ac9fa4a	512	224	0	353
427	2	11193760482220	none	354	2ac9fa4a	512	224	0	354
428	3	11193773757820	none	355	2ac9fa4a	512	224	0	355
429	4	11193791006480	none	356	2ac9fa4a	512	224	0	356
430	5	11193808261850	none	357	2ac9fa4a	512	224	0	357
431	6	11193825514760	none	358	2ac9fa4a	512	224	0	358
432	7	11193842797900	none	359	2ac9fa4a	512	224	0	359
433	0	11193860157740	none	360	2ac9fa4a	512	224	0	360
434	1	11193873492570	none	361	2ac9fa4a	512	224	0	361
435	2	11193890712330	none	362	2ac9fa4a	512	224	0	362
436	3	11193907996350	none	363	2ac9fa4a	512	224	0	363
437	4	11193925249670	none	364	2ac9fa4a	512	224	0	364
438	5	11193942487740	none	365	2ac9fa4a	512	224	0	365
439	6	11193959764720	none	366	2ac9fa4a	512	224	0	366
440	7	11193973136800	none	367	2ac9fa4a	512	224	0	367
441	0	11193990356040	none	368	2ac9fa4a	512	224	0	368
442	1	11194007674510	none	369	2ac9fa4a	512	224	0	369
443	2	11194024959460	none	370	2ac9fa4a	512	224	0	370
444	3	11194042283680	none	371	2ac9fa4a	512	224	0	371
445	4	11194059624030	none	372	2ac9fa4a	512	224	0	372
446	5	11194072943910	none	373	2ac9fa4a	512	224	0	373
447	6	11194090210700	none	374	2ac9fa4a	512	224	0	374
448	7	11194107449770	none	375	2ac9fa4a	512	224	0	375
449	0	11194124751740	none	376	2ac9fa4a	512	224	0	376
450	1	11194142122190	none	377	2ac9fa4a	512	224	0	377
451	2	11194159409390	none	378	2ac9fa4a	512	224	0	378
452	3	11194172782330	none	379	2ac9fa4a	512	224	0	379
453	4	11194190048550	none	380	2ac9fa4a	512	224	0	380
454	5	11194207299540	none	381	2ac9fa4a	512	224	0	381
455	6	11194224548770	none	382	2ac9fa4a	512	224	0	382
456	7	11194241763600	none	383	2ac9fa4a	512	224	0	383
457	0	11194258972600	none	384	2ac9fa4a	512	224	0	384
458	1	11194276377510	none	385	2ac9fa4a	512	224	0	385
459	2	11194289593880	none	386	2ac9fa4a	512	224	0	386
460	3	11194306923350	none	387	2ac9fa4a	512	224	0	387
461	4	11194324169340	none	388	2ac9fa4a	512	224	0	388
462	5	11194341402080	none	389	2ac9fa4a	512	224	0	389
463	6	11194358652250	none	390	2ac9fa4a	512	224	0	390
464	7	11194375869140	none	391	2ac9fa4a	512	224	0	391
465	0	11194389141110	none	392	2ac9fa4a	512	224	0	392
466	1	11194406494700	none	393	2ac9fa4a	512	224	0	393
467	2	11194423697350	none	394	2ac9fa4a	512	224	0	394
468	3	11194441066100	none	395	2ac9fa4a	512	224	0	395
469	4	11194458312240	none	396	2ac9fa4a	512	224	0	396
470	5	11194475649710	none	397	2ac9fa4a	512	224	0	397
471	6	11194488941410	none	398	2ac9fa4a	512	224	0	398
472	7	11194506182330	none	399	2ac9fa4a	512	224	0	399
473	0	11194523412490	none	400	2ac9fa4a	512	224	0	400
474	1	11194540644780	none	401	2ac9fa4a	512	224	0	401
475	2	11194557862890	none	402	2ac9fa4a	512	224	0	402
476	3	11194575469920	none	403	2ac9fa4a	512	224	0	403
477	4	11194592764360	none	404	2ac9fa4a	512	224	0	404
478	5	11194606022830	none	405	2ac9fa4a	512	224	0	405
479	6	11194623295720	none	406	2ac9fa4a	512	224	0	406
480	7	11194640538200	none	407	2ac9fa4a	512	224	0	407
481	0	11194657750190	none	408	2ac9fa4a	512	224	0	408
482	1	11194675151840	none	409	2ac9fa4a	512	224	0	409
483	2	11194692380480	none	410	2ac9fa4a	512	224	0	410
484	3	11194705667530	none	411	2ac9fa4a	512	224	0	411
485	4	11194722969280	none	412	2ac9fa4a	512	224	0	412
486	5	11194740199560	none	413	2ac9fa4a	512	224	0	413
487	6	11194757464800	none	414	2ac9fa4a	512	224	0	414
488	7	11194774674080	none	415	2ac9fa4a	512	224	0	415
489	0	11194791899100	none	416	2ac9fa4a	512	224	0	416
490	1	11194805111360	none	417	2ac9fa4a	512	224	0	417
491	2	11194822352200	none	418	2ac9fa4a	512	224	0	418
492	3	11194839604830	none	419	2ac9fa4a	512	224	0	419
493	4	11194856838340	none	420	2ac9fa4a	512	224	0	420
494	5	11194874254340	none	421	2ac9fa4a	512	224	0	421
495	6	11194891505310	none	422	2ac9fa4a	512	224	0	422
496	7	11194908717180	none	423	2ac9fa4a	512	224	0	423
497	0	11194921973080	none	424	2ac9fa4a	512	224	0	424
498	1	11194939266110	none	425	2ac9fa4a	512	224	0	425
499	2	11194957069510	none	426	2ac9fa4a	512	224	0	426
500	3	11194974638450	none	427	2ac9fa4a	512	224	0	427
501	4	11194991943680	none	428	2ac9fa4a	512	224	0	428
502	5	11195005162990	none	429	2ac9fa4a	512	224	0	429
503	6	11195022383760	none	430	2ac9fa4a	512	224	0	430
504	7	11195039626050	none	431	2ac9fa4a	512	224	0	431
505	0	11195056825920	none	432	82a48ded	512	224	0	432
506	1	11195074214140	none	433	82a48ded	512	224	0	433
507	2	11195091469580	none	434	a1621345	512	224	0	434
508	3	11195104676980	none	435	a1621345	512	224	0	435
509	4	11195122046170	none	436	090f64e2	512	224	0	436
510	5	11195139279750	none	437	090f64e2	512	224	0	437
511	6	11195156530050	none	438	e6ef2e15	512	224	0	438
512	7	11195173740960	none	439	e6ef2e15	512	224	0	439
513	0	11195190966970	none	440	4e8259b2	512	224	0	440
514	1	11195208202990	none	441	4e8259b2	512	224	0	441
515	2	11195221399570	none	442	6d44c71a	512	224	0	442
516	3	11195238672170	none	443	6d44c71a	512	224	0	443
517	4	11195255961890	none	444	c529b0bd	512	224	0	444
518	5	11195273342160	none	445	c529b0bd	512	224	0	445
519	6	11195290588540	none	446	69f554b5	512	224	0	446
520	7	11195307791140	none	447	69f554b5	512	224	0	447
521	0	11195320989620	none	448	c1982312	512	224	0	448
522	1	11195338222450	none	449	c1982312	512	224	0	449
523	2	11195355451680	none	450	e25ebdba	512	224	0	450
524	3	11195372678650	none	451	e25ebdba	512	224	0	451
525	4	11195389917180	none	452	4a33ca1d	512	224	0	452
526	5	11195407189630	none	453	4a33ca1d	512	224	0	453
527	6	11195424460190	none	454	a5d380ea	512	224	0	454
528	7	11195437652090	none	455	a5d380ea	512	224	0	455
529	0	11195454988820	none	456	0dbef74d	512	224	0	456
530	1	11195472236860	none	457	0dbef74d	512	224	0	457
531	2	11195489470540	none	458	2e7869e5	512	224	0	458
532	3	11195506678160	none	459	2e7869e5	512	224	0	459
533	4	11195523977520	none	460	61605322	512	224	0	460
534	5	11195541220230	none	461	61605322	512	224	0	461
535	6	11195554401510	none	462	61605322	512	224	0	462
536	7	11195571627670	none	463	61605322	512	224	0	463
537	0	11195588822240	none	464	61605322	512	224	0	464
538	1	11195606045410	none	465	61605322	512	224	0	465
539	2	11195623288890	none	466	fd8422f5	512	224	0	466
540	3	11195640563640	none	467	fd8422f5	512	224	0	467
541	4	11195653778550	none	468	06923e2b	512	224	0	468
542	5	11195671018940	none	469	06923e2b	512	224	0	469
543	6	11195688251550	none	470	e6b0c85e	512	224	0	470
544	7	11195705475910	none	471	e6b0c85e	512	224	0	471
545	0	11195722771230	none	472	2bcf01d6	512	224	0	472
546	1	11195740003390	none	473	2bcf01d6	512	224	0	473
547	2	11195757258430	none	474	cbedf7a3	512	224	0	474
548	3	11195770467670	none	475	cbedf7a3	512	224	0	475
549	4	11195787675620	none	476	30fbeb7d	512	224	0	476
550	5	11195804919690	none	477	30fbeb7d	512	224	0	477
551	6	11195822299630	none	478	d0d91d08	512	224	0	478
552	7	11195839512510	none	479	d0d91d08	512	224	0	479
553	0	11195856732140	none	480	71757e2c	512	224	0	480
554	1	11195874017310	none	481	71757e2c	512	224	0	481
555	2	11195887215910	none	482	91578859	512	224	0	482
556	3	11195904490680	none	483	91578859	512	224	0	483
557	4	11195921741920	none	484	6a419487	512	224	0	484
558	5	11195938971580	none	485	6a419487	512	224	0	485
559	6	11195956207690	none	486	8a6362f2	512	224	0	486
560	7	11195973443040	none	487	8a6362f2	512	224	0	487
561	0	11195986634860	none	488	471cab7a	512	224	0	488
562	1	11196003834880	none	489	471cab7a	512	224	0	489
563	2	11196021195040	none	490	a73e5d0f	512	224	0	490
564	3	11196038442810	none	491	a73e5d0f	512	224	0	491
565	4	11196055662930	none	492	5c2841d1	512	224	0	492
566	5	11196073009330	none	493	5c2841d1	512	224	0	493
567	6	11196090218450	none	494	bc0ab7a4	512	224	0	494
568	7	11196103491000	none	495	bc0ab7a4	512	224	0	495
569	0	11196120705880	none	496	bc0ab7a4	512	224	0	496
570	1	11196137924490	none	497	bc0ab7a4	512	224	0	497
571	2	11196155166160	none	498	bc0ab7a4	512	224	0	498
572	3	11196172452700	none	499	bc0ab7a4	512	224	0	499
573	4	11196189678580	none	500	bc0ab7a4	512	224	0	500
574	5	11196203070520	none	501	bc0ab7a4	512	224	0	501
575	6	11196220309120	none	502	bc0ab7a4	512	224	0	502
576	7	11196237580160	none	503	bc0ab7a4	512	224	0	503
577	0	11196254895890	none	504	bc0ab7a4	512	224	0	504
578	1	11196272258410	none	505	bc0ab7a4	512	224	0	505
579	2	11196289512870	none	506	bc0ab7a4	512	224	0	506
580	3	11196302699540	none	507	bc0ab7a4	512	224	0	507
581	4	11196319917210	none	508	bc0ab7a4	512	224	0	508
582	5	11196337163950	none	509	bc0ab7a4	512	224	0	509
583	6	11196354405270	none	510	bc0ab7a4	512	224	0	510
584	7	11196371662840	none	511	bc0ab7a4	512	224	0	511
585	0	11196388884950	none	512	bc0ab7a4	512	224	0	512
586	1	11196406120850	none	513	bc0ab7a4	512	224	0	513
587	2	11196419325950	none	514	bc0ab7a4	512	224	0	514
588	3	11196436580710	none	515	bc0ab7a4	512	224	0	515
589	4	11196453908500	none	516	bc0ab7a4	512	224	0	516
590	5	11196471157330	none	517	bc0ab7a4	512	224	0	517
591	6	11196488422400	none	518	bc0ab7a4	512	224	0	518
592	7	11196505611740	none	519	bc0ab7a4	512	224	0	519
593	0	11196522821980	none	520	bc0ab7a4	512	224	0	520
594	1	11196536180310	none	521	bc0ab7a4	512	224	0	521
595	2	11196553423170	none	522	bc0ab7a4	512	224	0	522
596	3	11196570719410	none	523	bc0ab7a4	512	224	0	523
597	4	11196587951310	none	524	bc0ab7a4	512	224	0	524
598	5	11196605212260	none	525	bc0ab7a4	512	224	0	525
599	6	11196622466470	none	526	bc0ab7a4	512	224	0	526
600	7	11196635645590	none	527	bc0ab7a4	512	224	0	527
601	0	11196652854950	none	528	bc0ab7a4	512	224	0	528
602	1	11196670230520	none	529	bc0ab7a4	512	224	0	529
603	2	11196687483590	none	530	bc0ab7a4	512	224	0	530
604	3	11196704715260	none	531	bc0ab7a4	512	224	0	531
605	4	11196722005480	none	532	bc0ab7a4	512	224	0	532
606	5	11196739244030	none	533	bc0ab7a4	512	224	0	533
607	6	11196752455800	none	534	bc0ab7a4	512	224	0	534
608	7	11196769774510	none	535	bc0ab7a4	512	224	0	535
609	0	11196787011910	none	536	bc0ab7a4	512	224	0	536
610	1	11196804247740	none	537	bc0ab7a4	512	224	0	537
611	2	11196821501610	none	538	bc0ab7a4	512	224	0	538
612	3	11196838712980	none	539	bc0ab7a4	512	224	0	539
613	4	11196851882240	none	540	bc0ab7a4	512	224	0	540
614	5	11196869277320	none	541	bc0ab7a4	512	224	0	541
615	6	11196886556070	none	542	bc0ab7a4	512	224	0	542
616	7	11196903772060	none	543	bc0ab7a4	512	224	0	543
617	0	11196921020190	none	544	bc0ab7a4	512	224	0	544
618	1	11196938252230	none	545	bc0ab7a4	512	224	0	545
619	2	11196955477480	none	546	bc0ab7a4	512	224	0	546
620	3	11196968657770	none	547	bc0ab7a4	512	224	0	547
621	4	11196985863540	none	548	bc0ab7a4	512	224	0	548
622	5	11197003110210	none	549	bc0ab7a4	512	224	0	549
623	6	11197020357020	none	550	bc0ab7a4	512	224	0	550
624	7	11197037605760	none	551	bc0ab7a4	512	224	0	551
625	0	11197054854750	none	552	bc0ab7a4	512	224	0	552
626	1	11197068064130	none	553	bc0ab7a4	512	224	0	553
627	2	11197085284440	none	554	bc0ab7a4	512	224	0	554
628	3	11197102543220	none	555	bc0ab7a4	512	224	0	555
629	4	11197119822900	none	556	bc0ab7a4	512	224	0	556
630	5	11197137065230	none	557	bc0ab7a4	512	224	0	557
631	6	11197154307710	none	558	bc0ab7a4	512	224	0	558
632	7	11197171669160	none	559	bc0ab7a4	512	224	0	559
633	0	11197184924020	none	560	bc0ab7a4	512	224	0	560
634	1	11197202168430	none	561	bc0ab7a4	512	224	0	561
635	2	11197219424410	none	562	bc0ab7a4	512	224	0	562
636	3	11197236654530	none	563	bc0ab7a4	512	224	0	563
637	4	11197253869590	none	564	bc0ab7a4	512	224	0	564
638	5	11197271114500	none	565	bc0ab7a4	512	224	0	565
639	6	11197284443580	none	566	bc0ab7a4	512	224	0	566
640	7	11197301649300	none	567	bc0ab7a4	512	224	0	567
641	0	11197318925340	none	568	bc0ab7a4	512	224	0	568
642	1	11197336186940	none	569	bc0ab7a4	512	224	0	569
643	2	11197353431980	none	570	bc0ab7a4	512	224	0	570
644	3	11197370637510	none	571	bc0ab7a4	512	224	0	571
645	4	11197387828800	none	572	bc0ab7a4	512	224	0	572
646	5	11197401051280	none	573	bc0ab7a4	512	224	0	573
647	6	11197418442550	none	574	bc0ab7a4	512	224	0	574
648	7	11197435649620	none	575	bc0ab7a4	512	224	0	575
649	0	11197452866650	none	576	bc0ab7a4	512	224	0	576
650	1	11197470111720	none	577	bc0ab7a4	512	224	0	577
651	2	11197487338330	none	578	bc0ab7a4	512	224	0	578
652	3	11197504638340	none	579	bc0ab7a4	512	224	0	579
653	4	11197517816350	none	580	bc0ab7a4	512	224	0	580
654	5	11197535046220	none	581	bc0ab7a4	512	224	0	581
655	6	11197552292170	none	582	bc0ab7a4	512	224	0	582
656	7	11197569550500	none	583	bc0ab7a4	512	224	0	583
657	0	11197586764870	none	584	bc0ab7a4	512	224	0	584
658	1	11197603990900	none	585	bc0ab7a4	512	224	0	585
659	2	11197617194290	none	586	bc0ab7a4	512	224	0	586
660	3	11197634449790	none	587	bc0ab7a4	512	224	0	587
661	4	11197651692360	none	588	bc0ab7a4	512	224	0	588
662	5	11197668997440	none	589	bc0ab7a4	512	224	0	589
663	6	11197686239640	none	590	bc0ab7a4	512	224	0	590
664	7	11197703483720	none	591	bc0ab7a4	512	224	0	591
665	0	11197720906950	none	592	bc0ab7a4	512	224	0	592
666	1	11197734147280	none	593	bc0ab7a4	512	224	0	593
667	2	11197751376580	none	594	bc0ab7a4	512	224	0	594
668	3	11197768639990	none	595	bc0ab7a4	512	224	0	595
669	4	11197785888840	none	596	bc0ab7a4	512	224	0	596
670	5	11197803140160	none	597	bc0ab7a4	512	224	0	597
671	6	11197820376710	none	598	bc0ab7a4	512	224	0	598
672	7	11197833673900	none	599	bc0ab7a4	512	224	0	599
673	0	11197850900580	none	600	bc0ab7a4	512	224	0	600
674	1	11197868172590	none	601	bc0ab7a4	512	224	0	601
675	2	11197885433160	none	602	bc0ab7a4	512	224	0	602
676	3	11197902645290	none	603	bc0ab7a4	512	224	0	603
677	4	11197919899780	none	604	bc0ab7a4	512	224	0	604
678	5	11197937163730	none	605	bc0ab7a4	512	224	0	605
679	6	11197950357240	none	606	bc0ab7a4	512	224	0	606
680	7	11197967600410	none	607	bc0ab7a4	512	224	0	607
681	0	11197984889080	none	608	bc0ab7a4	512	224	0	608
682	1	11198002153790	none	609	bc0ab7a4	512	224	0	609
683	2	11198019401530	none	610	bc0ab7a4	512	224	0	610
684	3	11198036858260	none	611	bc0ab7a4	512	224	0	611
685	4	11198050065380	none	612	bc0ab7a4	512	224	0	612
686	5	11198067302840	none	613	bc0ab7a4	512	224	0	613
687	6	11198084579860	none	614	bc0ab7a4	512	224	0	614
688	7	11198101787330	none	615	bc0ab7a4	512	224	0	615
689	0	11198118999280	none	616	bc0ab7a4	512	224	0	616
690	1	11198136348000	none	617	bc0ab7a4	512	224	0	617
691	2	11198153580120	none	618	bc0ab7a4	512	224	0	618
692	3	11198166783040	none	619	bc0ab7a4	512	224	0	619
693	4	11198184017890	none	620	bc0ab7a4	512	224	0	620
694	5	11198201271890	none	621	bc0ab7a4	512	224	0	621
695	6	11198218524930	none	622	bc0ab7a4	512	224	0	622
696	7	11198235741710	none	623	bc0ab7a4	512	224	0	623
697	0	11198252961930	none	624	bc0ab7a4	512	224	0	624
698	1	11198266176380	none	625	bc0ab7a4	512	224	0	625
699	2	11198283450880	none	626	bc0ab7a4	512	224	0	626
700	3	11198300680560	none	627	bc0ab7a4	512	224	0	627
701	4	11198317920910	none	628	bc0ab7a4	512	224	0	628
702	5	11198335289230	none	629	bc0ab7a4	512	224	0	629
703	6	11198352537290	none	630	bc0ab7a4	512	224	0	630
704	7	11198369757860	none	631	bc0ab7a4	512	224	0	631
705	0	11198382963890	none	632	bc0ab7a4	512	224	0	632
706	1	11198400201680	none	633	bc0ab7a4	512	224	0	633
707	2	11198417455720	none	634	bc0ab7a4	512	224	0	634
708	3	11198434689400	none	635	bc0ab7a4	512	224	0	635
709	4	11198451906270	none	636	bc0ab7a4	512	224	0	636
710	5	11198469152390	none	637	bc0ab7a4	512	224	0	637
711	6	11198486405890	none	638	bc0ab7a4	512	224	0	638
712	7	11198499576910	none	639	bc0ab7a4	512	224	0	639
713	0	11198516797430	none	640	bc0ab7a4	512	224	0	640
714	1	11198534020910	none	641	bc0ab7a4	512	224	0	641
715	2	11198551279510	none	642	bc0ab7a4	512	224	0	642
716	3	11198568569780	none	643	bc0ab7a4	512	224	0	643
717	4	11198585885820	none	644	bc0ab7a4	512	224	0	644
718	5	11198599140510	none	645	bc0ab7a4	512	224	0	645
719	6	11198616402280	none	646	bc0ab7a4	512	224	0	646
720	7	11198633621580	none	647	bc0ab7a4	512	224	0	647
721	0	11198650859780	none	648	bc0ab7a4	512	224	0	648
722	1	11198668142390	none	649	bc0ab7a4	512	224	0	649
723	2	11198685418230	none	650	bc0ab7a4	512	224	0	650
724	3	11198702621680	none	651	bc0ab7a4	512	224	0	651
725	4	11198715795120	none	652	bc0ab7a4	512	224	0	652
726	5	11198733040880	none	653	bc0ab7a4	512	224	0	653
727	6	11198750268900	none	654	bc0ab7a4	512	224	0	654
728	7	11198767512550	none	655	bc0ab7a4	512	224	0	655
729	0	11198784824590	none	656	bc0ab7a4	512	224	0	656
730	1	11198802083500	none	657	bc0ab7a4	512	224	0	657
731	2	11198815270480	none	658	bc0ab7a4	512	224	0	658
732	3	11198832532940	none	659	bc0ab7a4	512	224	0	659
733	4	11198849758290	none	660	bc0ab7a4	512	224	0	660
734	5	11198866987720	none	661	bc0ab7a4	512	224	0	661
735	6	11198884355140	none	662	bc0ab7a4	512	224	0	662
736	7	11198901583980	none	663	bc0ab7a4	512	224	0	663
737	0	11198918802680	none	664	bc0ab7a4	512	224	0	664
738	1	11198932001610	none	665	bc0ab7a4	512	224	0	665
739	2	11198949225380	none	666	bc0ab7a4	512	224	0	666
740	3	11198966469690	none	667	bc0ab7a4	512	224	0	667
741	4	11198983686810	none	668	bc0ab7a4	512	224	0	668
742	5	11199000891370	none	669	bc0ab7a4	512	224	0	669
743	6	11199018130050	none	670	bc0ab7a4	512	224	0	670
744	7	11199035389540	none	671	bc0ab7a4	512	224	0	671
745	0	11199048586180	none	672	bc0ab7a4	512	224	0	672
746	1	11199065793240	none	673	bc0ab7a4	512	224	0	673
747	2	11199083186760	none	674	bc0ab7a4	512	224	0	674
748	3	11199100470730	none	675	bc0ab7a4	512	224	0	675
749	4	11199117712500	none	676	bc0ab7a4	512	224	0	676
750	5	11199135004810	none	677	bc0ab7a4	512	224	0	677
751	6	11199148239200	none	678	bc0ab7a4	512	224	0	678
752	7	11199165476810	none	679	bc0ab7a4	512	224	0	679
753	0	11199182703910	none	680	bc0ab7a4	512	224	0	680
754	1	11199199945760	none	681	bc0ab7a4	512	224	0	681
755	2	11199217188130	none	682	bc0ab7a4	512	224	0	682
756	3	11199234445180	none	683	bc0ab7a4	512	224	0	683
757	4	11199251684640	none	684	bc0ab7a4	512	224	0	684
758	5	11199265038510	none	685	bc0ab7a4	512	224	0	685
759	6	11199282276940	none	686	bc0ab7a4	512	224	0	686
760	7	11199299532450	none	687	bc0ab7a4	512	224	0	687
761	0	11199316751600	none	688	bc0ab7a4	512	224	0	688
762	1	11199334058690	none	689	bc0ab7a4	512	224	0	689
763	2	11199351303200	none	690	bc0ab7a4	512	224	0	690
764	3	11199364663900	none	691	bc0ab7a4	512	224	0	691
765	4	11199381907510	none	692	bc0ab7a4	512	224	0	692
766	5	11199399136020	none	693	bc0ab7a4	512	224	0	693
767	6	11199416385230	none	694	bc0ab7a4	512	224	0	694
768	7	11199433703540	none	695	bc0ab7a4	512	224	0	695
769	0	11199450907730	none	696	bc0ab7a4	512	224	0	696
770	1	11199464106840	none	697	bc0ab7a4	512	224	0	697
771	2	11199481319300	none	698	bc0ab7a4	512	224	0	698
772	3	11199498542090	none	699	bc0ab7a4	512	224	0	699
773	4	11199515760910	none	700	bc0ab7a4	512	224	0	700
774	5	11199533133220	none	701	bc0ab7a4	512	224	0	701
775	6	11199550373970	none	702	bc0ab7a4	512	224	0	702
776	7	11199567585280	none	703	bc0ab7a4	512	224	0	703
777	0	11199580785880	none	704	bc0ab7a4	512	224	0	704
778	1	11199598125280	none	705	bc0ab7a4	512	224	0	705
779	2	11199615392630	none	706	bc0ab7a4	512	224	0	706
780	3	11199632736760	none	707	bc0ab7a4	512	224	0	707
781	4	11199650096180	none	708	bc0ab7a4	512	224	0	708
782	5	11199667319270	none	709	bc0ab7a4	512	224	0	709
783	6	11199680562500	none	710	bc0ab7a4	512	224	0	710
784	7	11199697780860	none	711	bc0ab7a4	512	224	0	711
785	0	11199715059490	none	712	bc0ab7a4	512	224	0	712
786	1	11199732433730	none	713	bc0ab7a4	512	224	0	713
787	2	11199749655000	none	714	bc0ab7a4	512	224	0	714
788	3	11199766868630	none	715	bc0ab7a4	512	224	0	715
789	4	11199784137540	none	716	bc0ab7a4	512	224	0	716
790	5	11199797329390	none	717	bc0ab7a4	512	224	0	717
791	6	11199814560840	none	718	bc0ab7a4	512	224	0	718
792	7	11199831841700	none	719	bc0ab7a4	512	224	0	719
793	0	11199849109310	none	720	5c2841d1	512	224	0	720
794	1	11199866365270	none	721	5c2841d1	512	224	0	721
795	2	11199883581090	none	722	a73e5d0f	512	224	0	722
796	3	11199896759020	none	723	a73e5d0f	512	224	0	723
797	4	11199914011840	none	724	471cab7a	512	224	0	724
798	5	11199931396340	none	725	471cab7a	512	224	0	725
799	6	11199948611080	none	726	8a6362f2	512	224	0	726
800	7	11199965924620	none	727	8a6362f2	512	224	0	727
801	0	11199983420780	none	728	6a419487	512	224	0	728
802	1	11199996775860	none	729	6a419487	512	224	0	729
803	2	11200014001290	none	730	91578859	512	224	0	730
804	3	11200031369040	none	731	91578859	512	224	0	731
805	4	11200048585420	none	732	71757e2c	512	224	0	732
806	5	11200065851440	none	733	71757e2c	512	224	0	733
807	6	11200083106420	none	734	d0d91d08	512	224	0	734
808	7	11200100371720	none	735	d0d91d08	512	224	0	735
809	0	11200113545710	none	736	30fbeb7d	512	224	0	736
810	1	11200130766250	none	737	30fbeb7d	512	224	0	737
811	2	11200148017180	none	738	cbedf7a3	512	224	0	738
812	3	11200165326060	none	739	cbedf7a3	512	224	0	739
813	4	11200182638950	none	740	2bcf01d6	512	224	0	740
814	5	11200199893470	none	741	2bcf01d6	512	224	0	741
815	6	11200213098250	none	742	e6b0c85e	512	224	0	742
816	7	11200230526080	none	743	e6b0c85e	512	224	0	743
817	0	11200247748310	none	744	06923e2b	512	224	0	744
818	1	11200264992420	none	745	06923e2b	512	224	0	745
819	2	11200282231080	none	746	fd8422f5	512	224	0	746
820	3	11200299475950	none	747	fd8422f5	512	224	0	747
821	4	11200316689100	none	748	61605322	512	224	0	748
822	5	11200329859030	none	749	61605322	512	224	0	749
823	6	11200347114320	none	750	61605322	512	224	0	750
824	7	11200364362640	none	751	61605322	512	224	0	751
825	0	11200381592000	none	752	61605322	512	224	0	752
826	1	11200398788680	none	753	61605322	512	224	0	753
827	2	11200416121330	none	754	7a4ff096	512	224	0	754
828	3	11200429356250	none	755	7a4ff096	512	224	0	755
829	4	11200446615330	none	756	f829a688	512	224	0	756
830	5	11200463909700	none	757	f829a688	512	224	0	757
831	6	11200481170080	none	758	860b9482	512	224	0	758
832	7	11200498418500	none	759	860b9482	512	224	0	759
833	0	11200515687590	none	760	27940cf5	512	224	0	760
834	1	11200532919830	none	761	27940cf5	512	224	0	761
835	2	11200546266600	none	762	59b63eff	512	224	0	762
836	3	11200563516800	none	763	59b63eff	512	224	0	763
837	4	11200580714600	none	764	dbd068e1	512	224	0	764
838	5	11200597941050	none	765	dbd068e1	512	224	0	765
839	6	11200615198520	none	766	a5f25aeb	512	224	0	766
840	7	11200632428080	none	767	a5f25aeb	512	224	0	767
841	0	11200645716750	none	768	439e5e4e	512	224	0	768
842	1	11200662924900	none	769	439e5e4e	512	224	0	769
843	2	11200680180950	none	770	3dbc6c44	512	224	0	770
844	3	11200697450610	none	771	3dbc6c44	512	224	0	771
845	4	11200714663720	none	772	bfda3a5a	512	224	0	772
846	5	11200731893240	none	773	bfda3a5a	512	224	0	773
847	6	11200749321110	none	774	c1f80850	512	224	0	774
848	7	11200762537230	none	775	c1f80850	512	224	0	775
849	0	11200779841710	none	776	60679027	512	224	0	776
850	1	11200797085270	none	777	60679027	512	224	0	777
851	2	11200814344500	none	778	1e45a22d	512	224	0	778
852	3	11200831573830	none	779	1e45a22d	512	224	0	779
853	4	11200848816160	none	780	9c23f433	512	224	0	780
854	5	11200862073690	none	781	9c23f433	512	224	0	781
855	6	11200879478610	none	782	e201c639	512	224	0	782
856	7	11200896677520	none	783	e201c639	512	224	0	783
857	0	11200914085880	none	784	e201c639	512	224	0	784
858	1	11200931318590	none	785	e201c639	512	224	0	785
859	2	11200948648370	none	786	e201c639	512	224	0	786
860	3	11200961911960	none	787	e201c639	512	224	0	787
861	4	11200979149500	none	788	e201c639	512	224	0	788
862	5	11200996389140	none	789	e201c639	512	224	0	789
863	6	11201013625350	none	790	e201c639	512	224	0	790
864	7	11201030863550	none	791	e201c639	512	224	0	791
865	0	11201048240810	none	792	e201c639	512	224	0	792
866	1	11201061451470	none	793	e201c639	512	224	0	793
867	2	11201078805490	none	794	e201c639	512	224	0	794
868	3	11201096049790	none	795	e201c639	512	224	0	795
869	4	11201113272040	none	796	e201c639	512	224	0	796
870	5	11201130551060	none	797	e201c639	512	224	0	797
871	6	11201147772940	none	798	e201c639	512	224	0	798
872	7	11201165016360	none	799	e201c639	512	224	0	799
873	0	11201178224510	none	800	e201c639	512	224	0	800
874	1	11201195479280	none	801	e201c639	512	224	0	801
875	2	11201212693160	none	802	e201c639	512	224	0	802
876	3	11201230025950	none	803	e201c639	512	224	0	803
877	4	11201247258500	none	804	e201c639	512	224	0	804
878	5	11201264506800	none	805	e201c639	512	224	0	805
879	6	11201281722400	none	806	e201c639	512	224	0	806
880	7	11201294963150	none	807	e201c639	512	224	0	807
881	0	11201312201730	none	808	e201c639	512	224	0	808
882	1	11201329431190	none	809	e201c639	512	224	0	809
883	2	11201346650210	none	810	e201c639	512	224	0	810
884	3	11201363882220	none	811	e201c639	512	224	0	811
885	4	11201381137380	none	812	e201c639	512	224	0	812
886	5	11201394342990	none	813	e201c639	512	224	0	813
887	6	11201411561530	none	814	e201c639	512	224	0	814
888	7	11201428787380	none	815	e201c639	512	224	0	815
889	0	11201446028930	none	816	e201c639	512	224	0	816
890	1	11201463259190	none	817	e201c639	512	224	0	817
891	2	11201480549510	none	818	e201c639	512	224	0	818
892	3	11201497956470	none	819	e201c639	512	224	0	819
893	4	11201511161730	none	820	e201c639	512	224	0	820
894	5	11201528411560	none	821	e201c639	512	224	0	821
895	6	11201545635410	none	822	e201c639	512	224	0	822
896	7	11201562855020	none	823	e201c639	512	224	0	823
897	0	11201580116250	none	824	e201c639	512	224	0	824
898	1	11201597493290	none	825	e201c639	512	224	0	825
899	2	11201610670300	none	826	e201c639	512	224	0	826
900	3	11201628010560	none	827	e201c639	512	224	0	827
901	4	11201645246780	none	828	e201c639	512	224	0	828
902	5	11201662539930	none	829	e201c639	512	224	0	829
903	6	11201679755180	none	830	e201c639	512	224	0	830
904	7	11201697079190	none	831	e201c639	512	224	0	831
905	0	11201714324570	none	832	e201c639	512	224	0	832
906	1	11201727521530	none	833	e201c639	512	224	0	833
907	2	11201744740570	none	834	e201c639	512	224	0	834
908	3	11201762103250	none	835	e201c639	512	224	0	835
909	4	11201779332630	none	836	e201c639	512	224	0	836
910	5	11201796648680	none	837	e201c639	512	224	0	837
911	6	11201813973340	none	838	e201c639	512	224	0	838
912	7	11201827185990	none	839	e201c639	512	224	0	839
913	0	11201844427250	none	840	e201c639	512	224	0	840
914	1	11201861641080	none	841	e201c639	512	224	0	841
915	2	11201878856730	none	842	e201c639	512	224	0	842
916	3	11201896230960	none	843	e201c639	512	224	0	843
917	4	11201913480510	none	844	e201c639	512	224	0	844
918	5	11201930692300	none	845	e201c639	512	224	0	845
919	6	11201943963910	none	846	e201c639	512	224	0	846
920	7	11201961197000	none	847	e201c639	512	224	0	847
921	0	11201978460030	none	848	e201c639	512	224	0	848
922	1	11201995673140	none	849	e201c639	512	224	0	849
923	2	11202012921900	none	850	e201c639	512	224	0	850
924	3	11202030188460	none	851	e201c639	512	224	0	851
925	4	11202043389790	none	852	e201c639	512	224	0	852
926	5	11202060594040	none	853	e201c639	512	224	0	853
927	6	11202077804900	none	854	e201c639	512	224	0	854
928	7	11202095201360	none	855	e201c639	512	224	0	855
929	0	11202112564340	none	856	e201c639	512	224	0	856
930	1	11202129814370	none	857	e201c639	512	224	0	857
931	2	11202143031940	none	858	e201c639	512	224	0	858
932	3	11202160290230	none	859	e201c639	512	224	0	859
933	4	11202177542640	none	860	e201c639	512	224	0	860
934	5	11202194759990	none	861	e201c639	512	224	0	861
935	6	11202212015460	none	862	e201c639	512	224	0	862
936	7	11202229255970	none	863	e201c639	512	224	0	863
937	0	11202246516490	none	864	e201c639	512	224	0	864
938	1	11202259680870	none	865	e201c639	512	224	0	865
939	2	11202276997380	none	866	e201c639	512	224	0	866
940	3	11202294291030	none	867	e201c639	512	224	0	867
941	4	11202311513810	none	868	e201c639	512	224	0	868
942	5	11202328740750	none	869	e201c639	512	224	0	869
943	6	11202346049080	none	870	e201c639	512	224	0	870
944	7	11202363271570	none	871	e201c639	512	224	0	871
945	0	11202376508050	none	872	e201c639	512	224	0	872
946	1	11202393732180	none	873	e201c639	512	224	0	873
947	2	11202410969390	none	874	e201c639	512	224	0	874
948	3	11202428211810	none	875	e201c639	512	224	0	875
949	4	11202445470510	none	876	e201c639	512	224	0	876
950	5	11202462687050	none	877	e201c639	512	224	0	877
951	6	11202476032710	none	878	e201c639	512	224	0	878
952	7	11202493354560	none	879	e201c639	512	224	0	879
953	0	11202510577570	none	880	e201c639	512	224	0	880
954	1	11202527883130	none	881	e201c639	512	224	0	881
955	2	11202545129140	none	882	e201c639	512	224	0	882
956	3	11202562404730	none	883	e201c639	512	224	0	883
957	4	11202579622230	none	884	e201c639	512	224	0	884
958	5	11202592788230	none	885	e201c639	512	224	0	885
959	6	11202610118560	none	886	e201c639	512	224	0	886
960	7	11202627368970	none	887	e201c639	512	224	0	887
961	0	11202644680230	none	888	e201c639	512	224	0	888
962	1	11202661950170	none	889	e201c639	512	224	0	889
963	2	11202679206800	none	890	e201c639	512	224	0	890
964	3	11202692420790	none	891	e201c639	512	224	0	891
965	4	11202709713950	none	892	e201c639	512	224	0	892
966	5	11202726978520	none	893	e201c639	512	224	0	893
967	6	11202744384080	none	894	e201c639	512	224	0	894
968	7	11202761583990	none	895	e201c639	512	224	0	895
969	0	11202778802890	none	896	e201c639	512	224	0	896
970	1	11202792015520	none	897	e201c639	512	224	0	897
971	2	11202809230570	none	898	e201c639	512	224	0	898
972	3	11202826551200	none	899	e201c639	512	224	0	899
973	4	11202844017080	none	900	e201c639	512	224	0	900
974	5	11202861252930	none	901	e201c639	512	224	0	901
975	6	11202878480190	none	902	e201c639	512	224	0	902
976	7	11202895683980	none	903	e201c639	512	224	0	903
977	0	11202908878920	none	904	e201c639	512	224	0	904
978	1	11202926160520	none	905	e201c639	512	224	0	905
979	2	11202943557440	none	906	e201c639	512	224	0	906
980	3	11202960762830	none	907	e201c639	512	224	0	907
981	4	11202977998360	none	908	e201c639	512	224	0	908
982	5	11202995269210	none	909	e201c639	512	224	0	909
983	6	11203008463440	none	910	e201c639	512	224	0	910
984	7	11203025660490	none	911	e201c639	512	224	0	911
985	0	11203043100760	none	912	e201c639	512	224	0	912
986	1	11203060363200	none	913	e201c639	512	224	0	913
987	2	11203077577340	none	914	e201c639	512	224	0	914
988	3	11203095000490	none	915	e201c639	512	224	0	915
989	4	11203108212330	none	916	e201c639	512	224	0	916
990	5	11203125516590	none	917	e201c639	512	224	0	917
991	6	11203142805780	none	918	e201c639	512	224	0	918
992	7	11203160101390	none	919	e201c639	512	224	0	919
993	0	11203177369180	none	920	e201c639	512	224	0	920
994	1	11203194591830	none	921	e201c639	512	224	0	921
995	2	11203211791880	none	922	e201c639	512	224	0	922
996	3	11203225016300	none	923	e201c639	512	224	0	923
997	4	11203242372350	none	924	e201c639	512	224	0	924
998	5	11203259697970	none	925	e201c639	512	224	0	925
999	6	11203276959140	none	926	e201c639	512	224	0	926
1000	7	11203294205560	none	927	e201c639	512	224	0	927
1001	0	11203311473100	none	928	e201c639	512	224	0	928
1002	1	11203324660050	none	929	e201c639	512	224	0	929
1003	2	11203341878170	none	930	e201c639	512	224	0	930
1004	3	11203359150710	none	931	e201c639	512	224	0	931
1005	4	11203376437920	none	932	e201c639	512	224	0	932
1006	5	11203393666850	none	933	e201c639	512	224	0	933
1007	6	11203410910120	none	934	e201c639	512	224	0	934
1008	7	11203428145270	none	935	e201c639	512	224	0	935
1009	0	11203441362140	none	936	e201c639	512	224	0	936
1010	1	11203458591180	none	937	e201c639	512	224	0	937
1011	2	11203475883830	none	938	e201c639	512	224	0	938
1012	3	11203493201490	none	939	e201c639	512	224	0	939
1013	4	11203510485220	none	940	e201c639	512	224	0	940
1014	5	11203527722860	none	941	e201c639	512	224	0	941
1015	6	11203540928520	none	942	e201c639	512	224	0	942
1016	7	11203558174270	none	943	e201c639	512	224	0	943
1017	0	11203575431290	none	944	e201c639	512	224	0	944
1018	1	11203592762500	none	945	e201c639	512	224	0	945
1019	2	11203610064000	none	946	e201c639	512	224	0	946
1020	3	11203627351390	none	947	e201c639	512	224	0	947
1021	4	11203640553970	none	948	e201c639	512	224	0	948
1022	5	11203657755620	none	949	e201c639	512	224	0	949
1023	6	11203675012440	none	950	e201c639	512	224	0	950
1024	7	11203692247920	none	951	e201c639	512	224	0	951
1025	0	11203709607090	none	952	e201c639	512	224	0	952
1026	1	11203726854020	none	953	e201c639	512	224	0	953
1027	2	11203744113040	none	954	e201c639	512	224	0	954
1028	3	11203757469620	none	955	e201c639	512	224	0	955
1029	4	11203774660890	none	956	e201c639	512	224	0	956
1030	5	11203791977700	none	957	e201c639	512	224	0	957
1031	6	11203809211130	none	958	e201c639	512	224	0	958
1032	7	11203826521600	none	959	e201c639	512	224	0	959
1033	0	11203843758130	none	960	e201c639	512	224	0	960
1034	1	11203857117120	none	961	e201c639	512	224	0	961
1035	2	11203874326640	none	962	e201c639	512	224	0	962
1036	3	11203891672250	none	963	e201c639	512	224	0	963
1037	4	11203908946190	none	964	e201c639	512	224	0	964
1038	5	11203926256480	none	965	e201c639	512	224	0	965
1039	6	11203943525110	none	966	e201c639	512	224	0	966
1040	7	11203956703100	none	967	e201c639	512	224	0	967
1041	0	11203973927930	none	968	e201c639	512	224	0	968
1042	1	11203991182110	none	969	e201c639	512	224	0	969
1043	2	11204008398300	none	970	e201c639	512	224	0	970
1044	3	11204025626970	none	971	e201c639	512	224	0	971
1045	4	11204042953020	none	972	e201c639	512	224	0	972
1046	5	11204060354980	none	973	e201c639	512	224	0	973
1047	6	11204073547920	none	974	e201c639	512	224	0	974
1048	7	11204090881160	none	975	e201c639	512	224	0	975
1049	0	11204108215710	none	976	e201c639	512	224	0	976
1050	1	11204125454010	none	977	e201c639	512	224	0	977
1051	2	11204142740420	none	978	e201c639	512	224	0	978
1052	3	11204160190520	none	979	e201c639	512	224	0	979
1053	4	11204173427010	none	980	e201c639	512	224	0	980
1054	5	11204190754200	none	981	e201c639	512	224	0	981
1055	6	11204208009540	none	982	e201c639	512	224	0	982
1056	7	11204225233020	none	983	e201c639	512	224	0	983
1057	0	11204242486880	none	984	e201c639	512	224	0	984
1058	1	11204259838670	none	985	e201c639	512	224	0	985
1059	2	11204273073030	none	986	e201c639	512	224	0	986
1060	3	11204290439130	none	987	e201c639	512	224	0	987
1061	4	11204307644580	none	988	e201c639	512	224	0	988
1062	5	11204324862980	none	989	e201c639	512	224	0	989
1063	6	11204342126500	none	990	e201c639	512	224	0	990
1064	7	11204359553220	none	991	e201c639	512	224	0	991
1065	0	11204372891660	none	992	e201c639	512	224	0	992
1066	1	11204390142520	none	993	e201c639	512	224	0	993
1067	2	11204407372460	none	994	e201c639	512	224	0	994
1068	3	11204424608480	none	995	e201c639	512	224	0	995
1069	4	11204441834120	none	996	e201c639	512	224	0	996
1070	5	11204459213210	none	997	e201c639	512	224	0	997
1071	6	11204476518110	none	998	e201c639	512	224	0	998
1072	7	11204489727810	none	999	e201c639	512	224	0	999
1073	0	11204506970280	none	1000	e201c639	512	224	0	1000
1074	1	11204524209160	none	1001	e201c639	512	224	0	1001
1075	2	11204541489880	none	1002	e201c639	512	224	0	1002
1076	3	11204558693820	none	1003	e201c639	512	224	0	1003
1077	4	11204575938280	none	1004	e201c639	512	224	0	1004
1078	5	11204589191220	none	1005	e201c639	512	224	0	1005
1079	6	11204606428800	none	1006	e201c639	512	224	0	1006
1080	7	11204623647760	none	1007	e201c639	512	224	0	1007
1081	0	11204640992760	none	1008	9c23f433	512	224	0	1008
1082	1	11204658225140	none	1009	9c23f433	512	224	0	1009
1083	2	11204675459440	none	1010	1e45a22d	512	224	0	1010
1084	3	11204688815620	none	1011	1e45a22d	512	224	0	1011
1085	4	11204706076190	none	1012	60679027	512	224	0	1012
1086	5	11204723326590	none	1013	60679027	512	224	0	1013
1087	6	11204740555520	none	1014	c1f80850	512	224	0	1014
1088	7	11204757775370	none	1015	c1f80850	512	224	0	1015
1089	0	11204775030260	none	1016	bfda3a5a	512	224	0	1016
1090	1	11204792284900	none	1017	bfda3a5a	512	224	0	1017
1091	2	11204805585810	none	1018	3dbc6c44	512	224	0	1018
1092	3	11204822794820	none	1019	3dbc6c44	512	224	0	1019
1093	4	11204840055010	none	1020	439e5e4e	512	224	0	1020
1094	5	11204857305050	none	1021	439e5e4e	512	224	0	1021
1095	6	11204874522690	none	1022	a5f25aeb	512	224	0	1022
1096	7	11204891730000	none	1023	a5f25aeb	512	224	0	1023
1097	0	11204909057090	none	1024	dbd068e1	512	224	0	1024
1098	1	11204922325330	none	1025	dbd068e1	512	224	0	1025
1099	2	11204939551430	none	1026	59b63eff	512	224	0	1026
1100	3	11204956798510	none	1027	59b63eff	512	224	0	1027
1101	4	11204974098890	none	1028	27940cf5	512	224	0	1028
1102	5	11204991366280	none	1029	27940cf5	512	224	0	1029
1103	6	11205005077620	none	1030	860b9482	512	224	0	1030
1104	7	11205022750100	none	1031	860b9482	512	224	0	1031
1105	0	11205040007700	none	1032	f829a688	512	224	0	1032
1106	1	11205057266140	none	1033	f829a688	512	224	0	1033
1107	2	11205074496060	none	1034	7a4ff096	512	224	0	1034
1108	3	11205091723360	none	1035	7a4ff096	512	224	0	1035
1109	4	11205105031720	none	1036	61605322	512	224	0	1036
1110	5	11205122259820	none	1037	61605322	512	224	0	1037
1111	6	11205139475620	none	1038	61605322	512	224	0	1038
1112	7	11205156701490	none	1039	61605322	512	224	0	1039
1113	0	11205173950170	none	1040	61605322	512	224	0	1040
1114	1	11205191185680	none	1041	61605322	512	224	0	1041
1115	2	11205208437180	none	1042	98948c62	512	224	0	1042
1116	3	11205221757360	none	1043	98948c62	512	224	0	1043
1117	4	11205239018320	none	1044	1d1d4499	512	224	0	1044
1118	5	11205256266300	none	1045	1d1d4499	512	224	0	1045
1119	6	11205273490770	none	1046	dd9a5c38	512	224	0	1046
1120	7	11205290720850	none	1047	dd9a5c38	512	224	0	1047
1121	0	11205308045900	none	1048	88677fed	512	224	0	1048
1122	1	11205321267210	none	1049	88677fed	512	224	0	1049
1123	2	11205338494790	none	1050	a1bd98b6	512	224	0	1050
1124	3	11205355698660	none	1051	a1bd98b6	512	224	0	1051
1125	4	11205373077490	none	1052	d409ad71	512	224	0	1052
1126	5	11205390340920	none	1053	d409ad71	512	224	0	1053
1127	6	11205407656010	none	1054	d836e6c4	512	224	0	1054
1128	7	11205424950960	none	1055	d836e6c4	512	224	0	1055
1129	0	11205438152110	none	1056	1234bfc8	512	224	0	1056
1130	1	11205455405930	none	1057	1234bfc8	512	224	0	1057
1131	2	11205472600550	none	1058	cf184535	512	224	0	1058
1132	3	11205489852370	none	1059	cf184535	512	224	0	1059
1133	4	11205507412770	none	1060	48f0978c	512	224	0	1060
1134	5	11205524627060	none	1061	48f0978c	512	224	0	1061
1135	6	11205537819100	none	1062	ee280674	512	224	0	1062
1136	7	11205555066510	none	1063	ee280674	512	224	0	1063
1137	0	11205572302050	none	1064	d926c96c	512	224	0	1064
1138	1	11205589508310	none	1065	d926c96c	512	224	0	1065
1139	2	11205606839470	none	1066	7ff860cd	512	224	0	1066
1140	3	11205624168120	none	1067	7ff860cd	512	224	0	1067
1141	4	11205637396240	none	1068	280b0d56	512	224	0	1068
1142	5	11205654606270	none	1069	280b0d56	512	224	0	1069
1143	6	11205671824440	none	1070	4e35e8df	512	224	0	1070
1144	7	11205689091630	none	1071	4e35e8df	512	224	0	1071
1145	0	11205706448830	none	1072	4e35e8df	512	224	0	1072
1146	1	11205723677360	none	1073	4e35e8df	512	224	0	1073
1147	2	11205740932470	none	1074	4e35e8df	512	224	0	1074
1148	3	11205754220290	none	1075	4e35e8df	512	224	0	1075
1149	4	11205771492450	none	1076	4e35e8df	512	224	0	1076
1150	5	11205788726980	none	1077	4e35e8df	512	224	0	1077
1151	6	11205806134500	none	1078	4e35e8df	512	224	0	1078
1152	7	11205823395520	none	1079	4e35e8df	512	224	0	1079
1153	0	11205840602100	none	1080	4e35e8df	512	224	0	1080
1154	1	11205853959790	none	1081	4e35e8df	512	224	0	1081
1155	2	11205871199880	none	1082	4e35e8df	512	224	0	1082
1156	3	11205888440040	none	1083	4e35e8df	512	224	0	1083
1157	4	11205905722160	none	1084	4e35e8df	512	224	0	1084
1158	5	11205922999940	none	1085	4e35e8df	512	224	0	1085
1159	6	11205940254090	none	1086	4e35e8df	512	224	0	1086
1160	7	11205953448280	none	1087	4e35e8df	512	224	0	1087
1161	0	11205970666570	none	1088	4e35e8df	512	224	0	1088
1162	1	11205987916250	none	1089	4e35e8df	512	224	0	1089
1163	2	11206005342310	none	1090	4e35e8df	512	224	0	1090
1164	3	11206022685410	none	1091	4e35e8df	512	224	0	1091
1165	4	11206039920310	none	1092	4e35e8df	512	224	0	1092
1166	5	11206057167450	none	1093	4e35e8df	512	224	0	1093
1167	6	11206070382080	none	1094	4e35e8df	512	224	0	1094
1168	7	11206087593020	none	1095	4e35e8df	512	224	0	1095
1169	0	11206104899590	none	1096	4e35e8df	512	224	0	1096
1170	1	11206122151590	none	1097	4e35e8df	512	224	0	1097
1171	2	11206139398890	none	1098	4e35e8df	512	224	0	1098
1172	3	11206156619340	none	1099	4e35e8df	512	224	0	1099
1173	4	11206169817770	none	1100	4e35e8df	512	224	0	1100
1174	5	11206187067160	none	1101	4e35e8df	512	224	0	1101
1175	6	11206204320320	none	1102	4e35e8df	512	224	0	1102
1176	7	11206221533230	none	1103	4e35e8df	512	224	0	1103
1177	0	11206238762960	none	1104	4e35e8df	512	224	0	1104
1178	1	11206256106210	none	1105	4e35e8df	512	224	0	1105
1179	2	11206273335900	none	1106	4e35e8df	512	224	0	1106
1180	3	11206286534510	none	1107	4e35e8df	512	224	0	1107
1181	4	11206303755240	none	1108	4e35e8df	512	224	0	1108
1182	5	11206321012400	none	1109	4e35e8df	512	224	0	1109
1183	6	11206338276560	none	1110	4e35e8df	512	224	0	1110
1184	7	11206355511820	none	1111	4e35e8df	512	224	0	1111
1185	0	11206372729040	none	1112	4e35e8df	512	224	0	1112
1186	1	11206386041080	none	1113	4e35e8df	512	224	0	1113
1187	2	11206403281840	none	1114	4e35e8df	512	224	0	1114
1188	3	11206420529320	none	1115	4e35e8df	512	224	0	1115
1189	4	11206437748790	none	1116	4e35e8df	512	224	0	1116
1190	5	11206455067470	none	1117	4e35e8df	512	224	0	1117
1191	6	11206472334630	none	1118	4e35e8df	512	224	0	1118
1192	7	11206489532950	none	1119	4e35e8df	512	224	0	1119
1193	0	11206502703930	none	1120	4e35e8df	512	224	0	1120
1194	1	11206520094740	none	1121	4e35e8df	512	224	0	1121
1195	2	11206537323040	none	1122	4e35e8df	512	224	0	1122
1196	3	11206554686850	none	1123	4e35e8df	512	224	0	1123
1197	4	11206571991100	none	1124	4e35e8df	512	224	0	1124
1198	5	11206589237020	none	1125	4e35e8df	512	224	0	1125
1199	6	11206602414670	none	1126	4e35e8df	512	224	0	1126
1200	7	11206619631570	none	1127	4e35e8df	512	224	0	1127
1201	0	11206636828860	none	1128	4e35e8df	512	224	0	1128
1202	1	11206654244540	none	1129	4e35e8df	512	224	0	1129
1203	2	11206671473670	none	1130	4e35e8df	512	224	0	1130
1204	3	11206688700920	none	1131	4e35e8df	512	224	0	1131
1205	4	11206705941230	none	1132	4e35e8df	512	224	0	1132
1206	5	11206719271230	none	1133	4e35e8df	512	224	0	1133
1207	6	11206736496200	none	1134	4e35e8df	512	224	0	1134
1208	7	11206753881310	none	1135	4e35e8df	512	224	0	1135
1209	0	11206771140480	none	1136	4e35e8df	512	224	0	1136
1210	1	11206788403730	none	1137	4e35e8df	512	224	0	1137
1211	2	11206805598710	none	1138	4e35e8df	512	224	0	1138
1212	3	11206818794640	none	1139	4e35e8df	512	224	0	1139
1213	4	11206836059960	none	1140	4e35e8df	512	224	0	1140
1214	5	11206853415640	none	1141	4e35e8df	512	224	0	1141
1215	6	11206870685470	none	1142	4e35e8df	512	224	0	1142
1216	7	11206887934380	none	1143	4e35e8df	512	224	0	1143
1217	0	11206905173360	none	1144	4e35e8df	512	224	0	1144
1218	1	11206922420150	none	1145	4e35e8df	512	224	0	1145
1219	2	11206935593740	none	1146	4e35e8df	512	224	0	1146
1220	3	11206952808420	none	1147	4e35e8df	512	224	0	1147
1221	4	11206970040730	none	1148	4e35e8df	512	224	0	1148
1222	5	11206987271220	none	1149	4e35e8df	512	224	0	1149
1223	6	11207004503970	none	1150	4e35e8df	512	224	0	1150
1224	7	11207021738550	none	1151	4e35e8df	512	224	0	1151
1225	0	11207034952100	none	1152	4e35e8df	512	224	0	1152
1226	1	11207052356590	none	1153	4e35e8df	512	224	0	1153
1227	2	11207069581390	none	1154	4e35e8df	512	224	0	1154
1228	3	11207086893840	none	1155	4e35e8df	512	224	0	1155
1229	4	11207104193190	none	1156	4e35e8df	512	224	0	1156
1230	5	11207121443500	none	1157	4e35e8df	512	224	0	1157
1231	6	11207138700220	none	1158	4e35e8df	512	224	0	1158
1232	7	11207151902830	none	1159	4e35e8df	512	224	0	1159
1233	0	11207169129710	none	1160	4e35e8df	512	224	0	1160
1234	1	11207186366260	none	1161	4e35e8df	512	224	0	1161
1235	2	11207203591750	none	1162	4e35e8df	512	224	0	1162
1236	3	11207220889440	none	1163	4e35e8df	512	224	0	1163
1237	4	11207238119890	none	1164	4e35e8df	512	224	0	1164
1238	5	11207251349780	none	1165	4e35e8df	512	224	0	1165
1239	6	11207268555340	none	1166	4e35e8df	512	224	0	1166
1240	7	11207285865710	none	1167	4e35e8df	512	224	0	1167
1241	0	11207303132270	none	1168	4e35e8df	512	224	0	1168
1242	1	11207320396920	none	1169	4e35e8df	512	224	0	1169
1243	2	11207337619170	none	1170	4e35e8df	512	224	0	1170
1244	3	11207354880530	none	1171	4e35e8df	512	224	0	1171
1245	4	11207368217730	none	1172	4e35e8df	512	224	0	1172
1246	5	11207385414780	none	1173	4e35e8df	512	224	0	1173
1247	6	11207402720310	none	1174	4e35e8df	512	224	0	1174
1248	7	11207419974720	none	1175	4e35e8df	512	224	0	1175
1249	0	11207437220120	none	1176	4e35e8df	512	224	0	1176
1250	1	11207454437740	none	1177	4e35e8df	512	224	0	1177
1251	2	11207467765780	none	1178	4e35e8df	512	224	0	1178
1252	3	11207485004380	none	1179	4e35e8df	512	224	0	1179
1253	4	11207502253410	none	1180	4e35e8df	512	224	0	1180
1254	5	11207519484830	none	1181	4e35e8df	512	224	0	1181
1255	6	11207536711300	none	1182	4e35e8df	512	224	0	1182
1256	7	11207553958770	none	1183	4e35e8df	512	224	0	1183
1257	0	11207571414490	none	1184	4e35e8df	512	224	0	1184
1258	1	11207584634710	none	1185	4e35e8df	512	224	0	1185
1259	2	11207601983020	none	1186	4e35e8df	512	224	0	1186
1260	3	11207619331560	none	1187	4e35e8df	512	224	0	1187
1261	4	11207636548540	none	1188	4e35e8df	512	224	0	1188
1262	5	11207653782870	none	1189	4e35e8df	512	224	0	1189
1263	6	11207671163930	none	1190	4e35e8df	512	224	0	1190
1264	7	11207684369590	none	1191	4e35e8df	512	224	0	1191
1265	0	11207701695470	none	1192	4e35e8df	512	224	0	1192
1266	1	11207718961730	none	1193	4e35e8df	512	224	0	1193
1267	2	11207736225710	none	1194	4e35e8df	512	224	0	1194
1268	3	11207753452070	none	1195	4e35e8df	512	224	0	1195
1269	4	11207770682200	none	1196	4e35e8df	512	224	0	1196
1270	5	11207783921700	none	1197	4e35e8df	512	224	0	1197
1271	6	11207801262250	none	1198	4e35e8df	512	224	0	1198
1272	7	11207818776280	none	1199	4e35e8df	512	224	0	1199
1273	0	11207836436930	none	1200	4e35e8df	512	224	0	1200
1274	1	11207854065990	none	1201	4e35e8df	512	224	0	1201
1275	2	11207867330620	none	1202	4e35e8df	512	224	0	1202
1276	3	11207884722010	none	1203	4e35e8df	512	224	0	1203
1277	4	11207902284810	none	1204	4e35e8df	512	224	0	1204
1278	5	11207919691240	none	1205	4e35e8df	512	224	0	1205
1279	6	11207937103580	none	1206	4e35e8df	512	224	0	1206
1280	7	11207950350860	none	1207	4e35e8df	512	224	0	1207
1281	0	11207967619870	none	1208	4e35e8df	512	224	0	1208
1282	1	11207984896380	none	1209	4e35e8df	512	224	0	1209
1283	2	11208002209930	none	1210	4e35e8df	512	224	0	1210
1284	3	11208019492130	none	1211	4e35e8df	512	224	0	1211
1285	4	11208036790590	none	1212	4e35e8df	512	224	0	1212
1286	5	11208050149830	none	1213	4e35e8df	512	224	0	1213
1287	6	11208067772230	none	1214	4e35e8df	512	224	0	1214
1288	7	11208085415730	none	1215	4e35e8df	512	224	0	1215
1289	0	11208102779320	none	1216	4e35e8df	512	224	0	1216
1290	1	11208120352320	none	1217	4e35e8df	512	224	0	1217
1291	2	11208133942400	none	1218	4e35e8df	512	224	0	1218
1292	3	11208151660160	none	1219	4e35e8df	512	224	0	1219
1293	4	11208168955590	none	1220	4e35e8df	512	224	0	1220
1294	5	11208186213810	none	1221	4e35e8df	512	224	0	1221
1295	6	11208203442880	none	1222	4e35e8df	512	224	0	1222
1296	7	11208216660710	none	1223	4e35e8df	512	224	0	1223
1297	0	11208233906970	none	1224	4e35e8df	512	224	0	1224
1298	1	11208251153120	none	1225	4e35e8df	512	224	0	1225
1299	2	11208268394030	none	1226	4e35e8df	512	224	0	1226
1300	3	11208285627650	none	1227	4e35e8df	512	224	0	1227
1301	4	11208302886570	none	1228	4e35e8df	512	224	0	1228
1302	5	11208320138250	none	1229	4e35e8df	512	224	0	1229
1303	6	11208333350540	none	1230	4e35e8df	512	224	0	1230
1304	7	11208350575900	none	1231	4e35e8df	512	224	0	1231
1305	0	11208367800700	none	1232	4e35e8df	512	224	0	1232
1306	1	11208385083870	none	1233	4e35e8df	512	224	0	1233
1307	2	11208402332540	none	1234	4e35e8df	512	224	0	1234
1308	3	11208419683510	none	1235	4e35e8df	512	224	0	1235
1309	4	11208432936670	none	1236	4e35e8df	512	224	0	1236
1310	5	11208450207820	none	1237	4e35e8df	512	224	0	1237
1311	6	11208467440940	none	1238	4e35e8df	512	224	0	1238
1312	7	11208484686510	none	1239	4e35e8df	512	224	0	1239
1313	0	11208501942080	none	1240	4e35e8df	512	224	0	1240
1314	1	11208519335470	none	1241	4e35e8df	512	224	0	1241
1315	2	11208532530320	none	1242	4e35e8df	512	224	0	1242
1316	3	11208549754310	none	1243	4e35e8df	512	224	0	1243
1317	4	11208567002910	none	1244	4e35e8df	512	224	0	1244
1318	5	11208584239660	none	1245	4e35e8df	512	224	0	1245
1319	6	11208601466080	none	1246	4e35e8df	512	224	0	1246
1320	7	11208618775350	none	1247	4e35e8df	512	224	0	1247
1321	0	11208636039600	none	1248	4e35e8df	512	224	0	1248
1322	1	11208649243930	none	1249	4e35e8df	512	224	0	1249
1323	2	11208666472350	none	1250	4e35e8df	512	224	0	1250
1324	3	11208683711040	none	1251	4e35e8df	512	224	0	1251
1325	4	11208700995790	none	1252	4e35e8df	512	224	0	1252
1326	5	11208718368370	none	1253	4e35e8df	512	224	0	1253
1327	6	11208735606010	none	1254	4e35e8df	512	224	0	1254
1328	7	11208748834680	none	1255	4e35e8df	512	224	0	1255
1329	0	11208766088900	none	1256	4e35e8df	512	224	0	1256
1330	1	11208783333560	none	1257	4e35e8df	512	224	0	1257
1331	2	11208800547860	none	1258	4e35e8df	512	224	0	1258
1332	3	11208817774150	none	1259	4e35e8df	512	224	0	1259
1333	4	11208835050710	none	1260	4e35e8df	512	224	0	1260
1334	5	11208852352660	none	1261	4e35e8df	512	224	0	1261
1335	6	11208865537000	none	1262	4e35e8df	512	224	0	1262
1336	7	11208882759740	none	1263	4e35e8df	512	224	0	1263
1337	0	11208900017090	none	1264	4e35e8df	512	224	0	1264
1338	1	11208917272950	none	1265	4e35e8df	512	224	0	1265
1339	2	11208934499070	none	1266	4e35e8df	512	224	0	1266
1340	3	11208951836650	none	1267	4e35e8df	512	224	0	1267
1341	4	11208969108810	none	1268	280b0d56	512	224	0	1268
1342	5	11208982349460	none	1269	280b0d56	512	224	0	1269
1343	6	11208999546920	none	1270	7ff860cd	512	224	0	1270
1344	7	11209016774620	none	1271	7ff860cd	512	224	0	1271
1345	0	11209034025940	none	1272	d926c96c	512	224	0	1272
1346	1	11209051290170	none	1273	d926c96c	512	224	0	1273
1347	2	11209068531340	none	1274	ee280674	512	224	0	1274
1348	3	11209081741470	none	1275	ee280674	512	224	0	1275
1349	4	11209099004140	none	1276	48f0978c	512	224	0	1276
1350	5	11209116262530	none	1277	48f0978c	512	224	0	1277
1351	6	11209133481870	none	1278	cf184535	512	224	0	1278
1352	7	11209150715150	none	1279	cf184535	512	224	0	1279
1353	0	11209168041550	none	1280	1234bfc8	512	224	0	1280
1354	1	11209185287790	none	1281	1234bfc8	512	224	0	1281
1355	2	11209198473990	none	1282	d836e6c4	512	224	0	1282
1356	3	11209215738840	none	1283	d836e6c4	512	224	0	1283
1357	4	11209233105090	none	1284	d409ad71	512	224	0	1284
1358	5	11209250378580	none	1285	d409ad71	512	224	0	1285
1359	6	11209267687820	none	1286	a1bd98b6	512	224	0	1286
1360	7	11209284962210	none	1287	a1bd98b6	512	224	0	1287
1361	0	11209298180440	none	1288	88677fed	512	224	0	1288
1362	1	11209315402880	none	1289	88677fed	512	224	0	1289
1363	2	11209332612610	none	1290	dd9a5c38	512	224	0	1290
1364	3	11209349899130	none	1291	dd9a5c38	512	224	0	1291
1365	4	11209367153120	none	1292	1d1d4499	512	224	0	1292
1366	5	11209384391040	none	1293	1d1d4499	512	224	0	1293
1367	6	11209401613570	none	1294	98948c62	512	224	0	1294
1368	7	11209414838080	none	1295	98948c62	512	224	0	1295
1369	0	11209432092850	none	1296	61605322	512	224	0	1296
1370	1	11209449340610	none	1297	61605322	512	224	0	1297
1371	2	11209466672840	none	1298	61605322	512	224	0	1298
1372	3	11209483998120	none	1299	61605322	512	224	0	1299
1373	4	11209501337130	none	1300	61605322	512	224	0	1300
1374	5	11209514573510	none	1301	61605322	512	224	0	1301
1375	6	11209531800550	none	1302	1dc4fbfe	512	224	0	1302
1376	7	11209549038760	none	1303	1dc4fbfe	512	224	0	1303
1377	0	11209566413700	none	1304	856c04ec	512	224	0	1304
1378	1	11209583645210	none	1305	856c04ec	512	224	0	1305
1379	2	11209600898600	none	1306	fcbecb94	512	224	0	1306
1380	3	11209614114000	none	1307	fcbecb94	512	224	0	1307
1381	4	11209631362470	none	1308	81b5e66f	512	224	0	1308
1382	5	11209648563920	none	1309	81b5e66f	512	224	0	1309
1383	6	11209665832470	none	1310	b20af5cb	512	224	0	1310
1384	7	11209683069360	none	1311	b20af5cb	512	224	0	1311
1385	0	11209700321030	none	1312	3b6064c1	512	224	0	1312
1386	1	11209717526040	none	1313	3b6064c1	512	224	0	1313
1387	2	11209730715150	none	1314	c9c34381	512	224	0	1314
1388	3	11209747969920	none	1315	c9c34381	512	224	0	1315
1389	4	11209765490640	none	1316	fd22b5dd	512	224	0	1316
1390	5	11209782741920	none	1317	fd22b5dd	512	224	0	1317
1391	6	11209799987410	none	1318	21c528ad	512	224	0	1318
1392	7	11209817249480	none	1319	21c528ad	512	224	0	1319
1393	0	11209830442160	none	1320	604e80c3	512	224	0	1320
1394	1	11209847681070	none	1321	604e80c3	512	224	0	1321
1395	2	11209864931280	none	1322	afb5df4f	512	224	0	1322
1396	3	11209882193770	none	1323	afb5df4f	512	224	0	1323
1397	4	11209899421380	none	1324	6b082683	512	224	0	1324
1398	5	11209916639720	none	1325	6b082683	512	224	0	1325
1399	6	11209933892590	none	1326	ab48c52a	512	224	0	1326
1400	7	11209947093610	none	1327	ab48c52a	512	224	0	1327
1401	0	11209964346370	none	1328	e410dba3	512	224	0	1328
1402	1	11209981551660	none	1329	e410dba3	512	224	0	1329
1403	2	11209998872910	none	1330	5374f01f	512	224	0	1330
1404	3	11210016184350	none	1331	5374f01f	512	224	0	1331
1405	4	11210033805040	none	1332	5374f01f	512	224	0	1332
1406	5	11210047217610	none	1333	5374f01f	512	224	0	1333
1407	6	11210064806930	none	1334	5374f01f	512	224	0	1334
1408	7	11210082067060	none	1335	5374f01f	512	224	0	1335
1409	0	11210099325630	none	1336	5374f01f	512	224	0	1336
1410	1	11210116522650	none	1337	5374f01f	512	224	0	1337
1411	2	11210133760630	none	1338	5374f01f	512	224	0	1338
1412	3	11210146976710	none	1339	5374f01f	512	224	0	1339
1413	4	11210164391950	none	1340	5374f01f	512	224	0	1340
1414	5	11210181604000	none	1341	5374f01f	512	224	0	1341
1415	6	11210198842670	none	1342	5374f01f	512	224	0	1342
1416	7	11210216076910	none	1343	5374f01f	512	224	0	1343
1417	0	11210233337330	none	1344	5374f01f	512	224	0	1344
1418	1	11210246510080	none	1345	5374f01f	512	224	0	1345
1419	2	11210263709100	none	1346	5374f01f	512	224	0	1346
1420	3	11210280995880	none	1347	5374f01f	512	224	0	1347
1421	4	11210298242400	none	1348	5374f01f	512	224	0	1348
1422	5	11210315485740	none	1349	5374f01f	512	224	0	1349
1423	6	11210332715230	none	1350	5374f01f	512	224	0	1350
1424	7	11210350082140	none	1351	5374f01f	512	224	0	1351
1425	0	11210363327680	none	1352	5374f01f	512	224	0	1352
1426	1	11210380549940	none	1353	5374f01f	512	224	0	1353
1427	2	11210397878920	none	1354	5374f01f	512	224	0	1354
1428	3	11210415132310	none	1355	5374f01f	512	224	0	1355
1429	4	11210432376390	none	1356	5374f01f	512	224	0	1356
1430	5	11210449596790	none	1357	5374f01f	512	224	0	1357
1431	6	11210462873370	none	1358	5374f01f	512	224	0	1358
1432	7	11210480106590	none	1359	5374f01f	512	224	0	1359
1433	0	11210497337450	none	1360	5374f01f	512	224	0	1360
1434	1	11210514558620	none	1361	5374f01f	512	224	0	1361
1435	2	11210531812290	none	1362	5374f01f	512	224	0	1362
1436	3	11210549106410	none	1363	5374f01f	512	224	0	1363
1437	4	11210566349940	none	1364	5374f01f	512	224	0	1364
1438	5	11210579652820	none	1365	5374f01f	512	224	0	1365
1439	6	11210596901690	none	1366	5374f01f	512	224	0	1366
1440	7	11210614163200	none	1367	5374f01f	512	224	0	1367
1441	0	11210631388790	none	1368	5374f01f	512	224	0	1368
1442	1	11210648608150	none	1369	5374f01f	512	224	0	1369
1443	2	11210665891550	none	1370	5374f01f	512	224	0	1370
1444	3	11210679246240	none	1371	5374f01f	512	224	0	1371
1445	4	11210696448460	none	1372	5374f01f	512	224	0	1372
1446	5	11210713770660	none	1373	5374f01f	512	224	0	1373
1447	6	11210731030730	none	1374	5374f01f	512	224	0	1374
1448	7	11210748282210	none	1375	5374f01f	512	224	0	1375
1449	0	11210765548740	none	1376	5374f01f	512	224	0	1376
1450	1	11210782774010	none	1377	5374f01f	512	224	0	1377
1451	2	11210795986380	none	1378	5374f01f	512	224	0	1378
1452	3	11210813452190	none	1379	5374f01f	512	224	0	1379
1453	4	11210830667470	none	1380	5374f01f	512	224	0	1380
1454	5	11210848094830	none	1381	5374f01f	512	224	0	1381
1455	6	11210865336750	none	1382	5374f01f	512	224	0	1382
1456	7	11210878619030	none	1383	5374f01f	512	224	0	1383
1457	0	11210895889930	none	1384	5374f01f	512	224	0	1384
1458	1	11210913121620	none	1385	5374f01f	512	224	0	1385
1459	2	11210930349030	none	1386	5374f01f	512	224	0	1386
1460	3	11210947562680	none	1387	5374f01f	512	224	0	1387
1461	4	11210964782380	none	1388	5374f01f	512	224	0	1388
1462	5	11210982179320	none	1389	5374f01f	512	224	0	1389
1463	6	11210995350570	none	1390	5374f01f	512	224	0	1390
1464	7	11211012694910	none	1391	5374f01f	512	224	0	1391
1465	0	11211029950190	none	1392	5374f01f	512	224	0	1392
1466	1	11211047219410	none	1393	5374f01f	512	224	0	1393
1467	2	11211064422320	none	1394	5374f01f	512	224	0	1394
1468	3	11211081710910	none	1395	5374f01f	512	224	0	1395
1469	4	11211094938320	none	1396	5374f01f	512	224	0	1396
1470	5	11211112331740	none	1397	5374f01f	512	224	0	1397
1471	6	11211129548490	none	1398	5374f01f	512	224	0	1398
1472	7	11211146784100	none	1399	5374f01f	512	224	0	1399
1473	0	11211164038860	none	1400	5374f01f	512	224	0	1400
1474	1	11211181287210	none	1401	5374f01f	512	224	0	1401
1475	2	11211198511300	none	1402	5374f01f	512	224	0	1402
1476	3	11211211683570	none	1403	5374f01f	512	224	0	1403
1477	4	11211228950340	none	1404	5374f01f	512	224	0	1404
1478	5	11211246188210	none	1405	5374f01f	512	224	0	1405
1479	6	11211263402620	none	1406	5374f01f	512	224	0	1406
1480	7	11211280607930	none	1407	5374f01f	512	224	0	1407
1481	0	11211297851230	none	1408	5374f01f	512	224	0	1408
1482	1	11211315097280	none	1409	5374f01f	512	224	0	1409
1483	2	11211328298790	none	1410	5374f01f	512	224	0	1410
1484	3	11211345540220	none	1411	5374f01f	512	224	0	1411
1485	4	11211362777410	none	1412	5374f01f	512	224	0	1412
1486	5	11211380019730	none	1413	5374f01f	512	224	0	1413
1487	6	11211397280620	none	1414	5374f01f	512	224	0	1414
1488	7	11211414503240	none	1415	5374f01f	512	224	0	1415
1489	0	11211427795860	none	1416	5374f01f	512	224	0	1416
1490	1	11211445018870	none	1417	5374f01f	512	224	0	1417
1491	2	11211462236030	none	1418	5374f01f	512	224	0	1418
1492	3	11211479456310	none	1419	5374f01f	512	224	0	1419
1493	4	11211496673760	none	1420	5374f01f	512	224	0	1420
1494	5	11211513912400	none	1421	5374f01f	512	224	0	1421
1495	6	11211531302090	none	1422	5374f01f	512	224	0	1422
1496	7	11211544482360	none	1423	5374f01f	512	224	0	1423
1497	0	11211561833510	none	1424	5374f01f	512	224	0	1424
1498	1	11211579068440	none	1425	5374f01f	512	224	0	1425
1499	2	11211596320770	none	1426	5374f01f	512	224	0	1426
1500	3	11211613564900	none	1427	5374f01f	512	224	0	1427
1501	4	11211630907780	none	1428	5374f01f	512	224	0	1428
1502	5	11211644104630	none	1429	5374f01f	512	224	0	1429
1503	6	11211661346370	none	1430	5374f01f	512	224	0	1430
1504	7	11211678646950	none	1431	5374f01f	512	224	0	1431
1505	0	11211696023350	none	1432	5374f01f	512	224	0	1432
1506	1	11211713275430	none	1433	5374f01f	512	224	0	1433
1507	2	11211730607050	none	1434	5374f01f	512	224	0	1434
1508	3	11211743906690	none	1435	5374f01f	512	224	0	1435
1509	4	11211761145420	none	1436	5374f01f	512	224	0	1436
1510	5	11211778362850	none	1437	5374f01f	512	224	0	1437
1511	6	11211795546230	none	1438	5374f01f	512	224	0	1438
1512	7	11211812790070	none	1439	5374f01f	512	224	0	1439
1513	0	11211830183390	none	1440	5374f01f	512	224	0	1440
1514	1	11211847400800	none	1441	5374f01f	512	224	0	1441
1515	2	11211860582800	none	1442	5374f01f	512	224	0	1442
1516	3	11211877956320	none	1443	5374f01f	512	224	0	1443
1517	4	11211895182860	none	1444	5374f01f	512	224	0	1444
1518	5	11211912392320	none	1445	5374f01f	512	224	0	1445
1519	6	11211929606660	none	1446	5374f01f	512	224	0	1446
1520	7	11211946876060	none	1447	5374f01f	512	224	0	1447
1521	0	11211964109030	none	1448	5374f01f	512	224	0	1448
1522	1	11211977321110	none	1449	5374f01f	512	224	0	1449
1523	2	11211994532580	none	1450	5374f01f	512	224	0	1450
1524	3	11212011747040	none	1451	5374f01f	512	224	0	1451
1525	4	11212029162160	none	1452	5374f01f	512	224	0	1452
1526	5	11212046369260	none	1453	5374f01f	512	224	0	1453
1527	6	11212063598230	none	1454	5374f01f	512	224	0	1454
1528	7	11212076948820	none	1455	5374f01f	512	224	0	1455
1529	0	11212094190560	none	1456	5374f01f	512	224	0	1456
1530	1	11212111418340	none	1457	5374f01f	512	224	0	1457
1531	2	11212128649840	none	1458	5374f01f	512	224	0	1458
1532	3	11212145903640	none	1459	5374f01f	512	224	0	1459
1533	4	11212163143090	none	1460	5374f01f	512	224	0	1460
1534	5	11212180371280	none	1461	5374f01f	512	224	0	1461
1535	6	11212193549710	none	1462	5374f01f	512	224	0	1462
1536	7	11212210769900	none	1463	5374f01f	512	224	0	1463
1537	0	11212228012180	none	1464	5374f01f	512	224	0	1464
1538	1	11212245251600	none	1465	5374f01f	512	224	0	1465
1539	2	11212262475800	none	1466	5374f01f	512	224	0	1466
1540	3	11212279823620	none	1467	5374f01f	512	224	0	1467
1541	4	11212293001960	none	1468	5374f01f	512	224	0	1468
1542	5	11212310277550	none	1469	5374f01f	512	224	0	1469
1543	6	11212327500380	none	1470	5374f01f	512	224	0	1470
1544	7	11212344742680	none	1471	5374f01f	512	224	0	1471
1545	0	11212361998270	none	1472	5374f01f	512	224	0	1472
1546	1	11212379392650	none	1473	5374f01f	512	224	0	1473
1547	2	11212396624260	none	1474	5374f01f	512	224	0	1474
1548	3	11212409851320	none	1475	5374f01f	512	224	0	1475
1549	4	11212427137650	none	1476	5374f01f	512	224	0	1476
1550	5	11212444367160	none	1477	5374f01f	512	224	0	1477
1551	6	11212461601770	none	1478	5374f01f	512	224	0	1478
1552	7	11212478929120	none	1479	5374f01f	512	224	0	1479
1553	0	11212496193150	none	1480	5374f01f	512	224	0	1480
1554	1	11212509390660	none	1481	5374f01f	512	224	0	1481
1555	2	11212526661590	none	1482	5374f01f	512	224	0	1482
1556	3	11212544087600	none	1483	5374f01f	512	224	0	1483
1557	4	11212561326050	none	1484	5374f01f	512	224	0	1484
1558	5	11212578663140	none	1485	5374f01f	512	224	0	1485
1559	6	11212595956430	none	1486	5374f01f	512	224	0	1486
1560	7	11212609162330	none	1487	5374f01f	512	224	0	1487
1561	0	11212626503240	none	1488	5374f01f	512	224	0	1488
1562	1	11212643763670	none	1489	5374f01f	512	224	0	1489
1563	2	11212661004320	none	1490	5374f01f	512	224	0	1490
1564	3	11212678387290	none	1491	5374f01f	512	224	0	1491
1565	4	11212695594170	none	1492	5374f01f	512	224	0	1492
1566	5	11212712839190	none	1493	5374f01f	512	224	0	1493
1567	6	11212726047490	none	1494	5374f01f	512	224	0	1494
1568	7	11212743338600	none	1495	5374f01f	512	224	0	1495
1569	0	11212760529470	none	1496	5374f01f	512	224	0	1496
1570	1	11212777881830	none	1497	5374f01f	512	224	0	1497
1571	2	11212795158610	none	1498	5374f01f	512	224	0	1498
1572	3	11212812389310	none	1499	5374f01f	512	224	0	1499
1573	4	11212825562580	none	1500	5374f01f	512	224	0	1500
1574	5	11212842840290	none	1501	5374f01f	512	224	0	1501
1575	6	11212860117270	none	1502	5374f01f	512	224	0	1502
1576	7	11212877462520	none	1503	5374f01f	512	224	0	1503
1577	0	11212894693670	none	1504	5374f01f	512	224	0	1504
1578	1	11212911959640	none	1505	5374f01f	512	224	0	1505
1579	2	11212929203630	none	1506	5374f01f	512	224	0	1506
1580	3	11212942387710	none	1507	5374f01f	512	224	0	1507
1581	4	11212959732590	none	1508	5374f01f	512	224	0	1508
1582	5	11212977149280	none	1509	5374f01f	512	224	0	1509
1583	6	11212994367860	none	1510	5374f01f	512	224	0	1510
1584	7	11213011594060	none	1511	5374f01f	512	224	0	1511
1585	0	11213028979500	none	1512	5374f01f	512	224	0	1512
1586	1	11213042210460	none	1513	5374f01f	512	224	0	1513
1587	2	11213059492750	none	1514	5374f01f	512	224	0	1514
1588	3	11213076795250	none	1515	5374f01f	512	224	0	1515
1589	4	11213094041930	none	1516	5374f01f	512	224	0	1516
1590	5	11213111291930	none	1517	5374f01f	512	224	0	1517
1591	6	11213128521000	none	1518	5374f01f	512	224	0	1518
1592	7	11213141715680	none	1519	5374f01f	512	224	0	1519
1593	0	11213158944020	none	1520	5374f01f	512	224	0	1520
1594	1	11213176418510	none	1521	5374f01f	512	224	0	1521
1595	2	11213193650660	none	1522	5374f01f	512	224	0	1522
1596	3	11213211015030	none	1523	5374f01f	512	224	0	1523
1597	4	11213228281260	none	1524	5374f01f	512	224	0	1524
1598	5	11213241462220	none	1525	5374f01f	512	224	0	1525
1599	6	11213258756100	none	1526	e410dba3	512	224	0	1526
1600	7	11213276234640	none	1527	e410dba3	512	224	0	1527
1601	0	11213293490380	none	1528	ab48c52a	512	224	0	1528
1602	1	11213310736420	none	1529	ab48c52a	512	224	0	1529
1603	2	11213327996010	none	1530	6b082683	512	224	0	1530
1604	3	11213341221640	none	1531	6b082683	512	224	0	1531
1605	4	11213358423170	none	1532	afb5df4f	512	224	0	1532
1606	5	11213375629010	none	1533	afb5df4f	512	224	0	1533
1607	6	11213392911820	none	1534	604e80c3	512	224	0	1534
1608	7	11213410183350	none	1535	604e80c3	512	224	0	1535
1609	0	11213427402920	none	1536	21c528ad	512	224	0	1536
1610	1	11213444632320	none	1537	21c528ad	512	224	0	1537
1611	2	11213457995190	none	1538	fd22b5dd	512	224	0	1538
1612	3	11213475356200	none	1539	fd22b5dd	512	224	0	1539
1613	4	11213492619280	none	1540	c9c34381	512	224	0	1540
1614	5	11213509986010	none	1541	c9c34381	512	224	0	1541
1615	6	11213527261160	none	1542	3b6064c1	512	224	0	1542
1616	7	11213544495690	none	1543	3b6064c1	512	224	0	1543
1617	0	11213557673360	none	1544	b20af5cb	512	224	0	1544
1618	1	11213574920430	none	1545	b20af5cb	512	224	0	1545
1619	2	11213592177140	none	1546	81b5e66f	512	224	0	1546
1620	3	11213609476510	none	1547	81b5e66f	512	224	0	1547
1621	4	11213626835750	none	1548	fcbecb94	512	224	0	1548
1622	5	11213644105530	none	1549	fcbecb94	512	224	0	1549
1623	6	11213661311770	none	1550	856c04ec	512	224	0	1550
1624	7	11213674480300	none	1551	856c04ec	512	224	0	1551
1625	0	11213691703730	none	1552	1dc4fbfe	512	224	0	1552
1626	1	11213708967240	none	1553	1dc4fbfe	512	224	0	1553
1627	2	11213726369960	none	1554	61605322	512	224	0	1554
1628	3	11213743654710	none	1555	61605322	512	224	0	1555
1629	4	11213761105000	none	1556	61605322	512	224	0	1556
1630	5	11213774356200	none	1557	61605322	512	224	0	1557
1631	6	11213791564710	none	1558	61605322	512	224	0	1558
1632	7	11213808889020	none	1559	61605322	512	224	0	1559
1633	0	11213826223740	none	1560	a25f1ab9	512	224	0	1560
1634	1	11213843464200	none	1561	f9f1ab87	512	224	0	1561
1635	2	11213860794990	none	1562	1dcc972a	512	224	0	1562
1636	3	11213873986590	none	1563	900d1192	512	224	0	1563
1637	4	11213891227120	none	1564	945d81c9	512	224	0	1564
1638	5	11213908504170	none	1565	8d7a7887	512	224	0	1565
1639	6	11213925849720	none	1566	ad93ec6f	512	224	0	1566
1640	7	11213943177170	none	1567	a8fafb6b	512	224	0	1567
1641	0	11213960406320	none	1568	02807123	512	224	0	1568
1642	1	11213973593830	none	1569	747b083e	512	224	0	1569
1643	2	11213990834980	none	1570	2682118b	512	224	0	1570
1644	3	11214008107720	none	1571	ebc7a9ee	512	224	0	1571
1645	4	11214025328570	none	1572	6f3ea73b	512	224	0	1572
1646	5	11214042536880	none	1573	8f27029b	512	224	0	1573
1647	6	11214059853650	none	1574	253ac43e	512	224	0	1574
1648	7	11214077156030	none	1575	5fb94c2e	512	224	0	1575
1649	0	11214090461880	none	1576	749999c5	512	224	0	1576
1650	1	11214107696570	none	1577	2653b98b	512	224	0	1577
1651	2	11214125030920	none	1578	0ebccaa1	512	224	0	1578
1652	3	11214142313700	none	1579	4f953a97	512	224	0	1579
1653	4	11214159645610	none	1580	20075b69	512	224	0	1580
1654	5	11214176970700	none	1581	a5c3db70	512	224	0	1581
1655	6	11214190336600	none	1582	5fde5f6e	512	224	0	1582
1656	7	11214207555270	none	1583	3a1355f6	512	224	0	1583
1657	0	11214224906220	none	1584	b69c6cdf	512	224	0	1584
1658	1	11214242155890	none	1585	8c6ebfd8	512	224	0	1585
1659	2	11214259454790	none	1586	d196cfae	512	224	0	1586
1660	3	11214276762550	none	1587	deec227f	512	224	0	1587
1661	4	11214290212150	none	1588	8c003cef	512	224	0	1588
1662	5	11214307510720	none	1589	f8aee5f4	512	224	0	1589
1663	6	11214324758640	none	1590	62e1928b	512	224	0	1590
1664	7	11214342057290	none	1591	cad9b4fc	512	224	0	1591
1665	0	11214359300130	none	1592	7f5ad6b8	512	224	0	1592
1666	1	11214376591050	none	1593	a252fe26	512	224	0	1593
1667	2	11214389907770	none	1594	95149c60	512	224	0	1594
1668	3	11214407195010	none	1595	12d16b7f	512	224	0	1595
1669	4	11214424445580	none	1596	976b1b37	512	224	0	1596
1670	5	11214441680030	none	1597	7c858c4c	512	224	0	1597
1671	6	11214459092420	none	1598	be70804f	512	224	0	1598
1672	7	11214476395570	none	1599	9656da65	512	224	0	1599
1673	0	11214489751440	none	1600	efa7c177	512	224	0	1600
1674	1	11214506974160	none	1601	6f86e37b	512	224	0	1601
1675	2	11214524228980	none	1602	584b1705	512	224	0	1602
1676	3	11214541531440	none	1603	c84d4aea	512	224	0	1603
1677	4	11214558823590	none	1604	e2ef3c9b	512	224	0	1604
1678	5	11214576157140	none	1605	8f1167bd	512	224	0	1605
1679	6	11214589547250	none	1606	65ef4e00	512	224	0	1606
1680	7	11214606901050	none	1607	964a831e	512	224	0	1607
1681	0	11214624247370	none	1608	fb3c450a	512	224	0	1608
1682	1	11214641457310	none	1609	12563ab6	512	224	0	1609
1683	2	11214658719950	none	1610	55e345b7	512	224	0	1610
1684	3	11214675966740	none	1611	b261a7dd	512	224	0	1611
1685	4	11214689354220	none	1612	36e2ad51	512	224	0	1612
1686	5	11214706599060	none	1613	d0b99194	512	224	0	1613
1687	6	11214723980460	none	1614	6d5dc0da	512	224	0	1614
1688	7	11214741228130	none	1615	eca2c5be	512	224	0	1615
1689	0	11214758609340	none	1616	d8aefd75	512	224	0	1616
1690	1	11214775927840	none	1617	462f5b65	512	224	0	1617
1691	2	11214789200940	none	1618	8428ca40	512	224	0	1618
1692	3	11214806517320	none	1619	2677e4a3	512	224	0	1619
1693	4	11214823993530	none	1620	72629900	512	224	0	1620
1694	5	11214841283190	none	1621	72629900	512	224	0	1621
1695	6	11214858529230	none	1622	72629900	512	224	0	1622
1696	7	11214875760080	none	1623	72629900	512	224	0	1623
1697	0	11214889113670	none	1624	72629900	512	224	0	1624
1698	1	11214906319610	none	1625	72629900	512	224	0	1625
1699	2	11214923516950	none	1626	592c1014	512	224	0	1626
1700	3	11214940764470	none	1627	592c1014	512	224	0	1627
1701	4	11214958087560	none	1628	592c1014	512	224	0	1628
1702	5	11214975331930	none	1629	592c1014	512	224	0	1629
1703	6	11214988706410	none	1630	592c1014	512	224	0	1630
1704	7	11215005961060	none	1631	592c1014	512	224	0	1631
1705	0	11215023234030	none	1632	592c1014	512	224	0	1632
1706	1	11215040484560	none	1633	592c1014	512	224	0	1633
1707	2	11215057831890	none	1634	d6a98320	512	224	0	1634
1708	3	11215075473470	none	1635	d6a98320	512	224	0	1635
1709	4	11215088810550	none	1636	e1989714	512	224	0	1636
1710	5	11215106129470	none	1637	e1989714	512	224	0	1637
1711	6	11215123347800	none	1638	e1989714	512	224	0	1638
1712	7	11215140573120	none	1639	e1989714	512	224	0	1639
1713	0	11215157838290	none	1640	e1989714	512	224	0	1640
1714	1	11215175092150	none	1641	e1989714	512	224	0	1641
1715	2	11215188304960	none	1642	e1989714	512	224	0	1642
1716	3	11215205509580	none	1643	e1989714	512	224	0	1643
1717	4	11215222758770	none	1644	e1989714	512	224	0	1644
1718	5	11215240014400	none	1645	e1989714	512	224	0	1645
1719	6	11215257272790	none	1646	e1989714	512	224	0	1646
1720	7	11215274482310	none	1647	e1989714	512	224	0	1647
1721	0	11215291860090	none	1648	e1989714	512	224	0	1648
1722	1	11215305087880	none	1649	e1989714	512	224	0	1649
1723	2	11215322339540	none	1650	e1989714	512	224	0	1650
1724	3	11215339552550	none	1651	e1989714	512	224	0	1651
1725	4	11215356832490	none	1652	e1989714	512	224	0	1652
1726	5	11215374037890	none	1653	e1989714	512	224	0	1653
1727	6	11215391409170	none	1654	e1989714	512	224	0	1654
1728	7	11215404606150	none	1655	e1989714	512	224	0	1655
1729	0	11215421978740	none	1656	e1989714	512	224	0	1656
1730	1	11215439224490	none	1657	e1989714	512	224	0	1657
1731	2	11215456451230	none	1658	e1989714	512	224	0	1658
1732	3	11215473669200	none	1659	e1989714	512	224	0	1659
1733	4	11215490972220	none	1660	e1989714	512	224	0	1660
1734	5	11215508234580	none	1661	e1989714	512	224	0	1661
1735	6	11215521412770	none	1662	e1989714	512	224	0	1662
1736	7	11215538676150	none	1663	e1989714	512	224	0	1663
1737	0	11215556088690	none	1664	e1989714	512	224	0	1664
1738	1	11215573303800	none	1665	e1989714	512	224	0	1665
1739	2	11215590639010	none	1666	e1989714	512	224	0	1666
1740	3	11215607968140	none	1667	e1989714	512	224	0	1667
1741	4	11215621201910	none	1668	e1989714	512	224	0	1668
1742	5	11215638414390	none	1669	e1989714	512	224	0	1669
1743	6	11215655628310	none	1670	e1989714	512	224	0	1670
1744	7	11215672891890	none	1671	e1989714	512	224	0	1671
1745	0	11215690268950	none	1672	e1989714	512	224	0	1672
1746	1	11215707474990	none	1673	e1989714	512	224	0	1673
1747	2	11215720678930	none	1674	e1989714	512	224	0	1674
1748	3	11215737945540	none	1675	e1989714	512	224	0	1675
1749	4	11215755206380	none	1676	e1989714	512	224	0	1676
1750	5	11215772410190	none	1677	e1989714	512	224	0	1677
1751	6	11215789654420	none	1678	e1989714	512	224	0	1678
1752	7	11215806898940	none	1679	e1989714	512	224	0	1679
1753	0	11215824182310	none	1680	e1989714	512	224	0	1680
1754	1	11215837375700	none	1681	e1989714	512	224	0	1681
1755	2	11215854574380	none	1682	e1989714	512	224	0	1682
1756	3	11215871829160	none	1683	e1989714	512	224	0	1683
1757	4	11215889217740	none	1684	e1989714	512	224	0	1684
1758	5	11215906424010	none	1685	e1989714	512	224	0	1685
1759	6	11215923661150	none	1686	e1989714	512	224	0	1686
1760	7	11215936956840	none	1687	e1989714	512	224	0	1687
1761	0	11215954198640	none	1688	e1989714	512	224	0	1688
1762	1	11215971397470	none	1689	e1989714	512	224	0	1689
1763	2	11215988677720	none	1690	e1989714	512	224	0	1690
1764	3	11216005913960	none	1691	e1989714	512	224	0	1691
1765	4	11216023144060	none	1692	e1989714	512	224	0	1692
1766	5	11216040375670	none	1693	e1989714	512	224	0	1693
1767	6	11216053564360	none	1694	e1989714	512	224	0	1694
1768	7	11216070830880	none	1695	e1989714	512	224	0	1695
1769	0	11216088081740	none	1696	e1989714	512	224	0	1696
1770	1	11216105339510	none	1697	e1989714	512	224	0	1697
1771	2	11216122547570	none	1698	e1989714	512	224	0	1698
1772	3	11216139862130	none	1699	e1989714	512	224	0	1699
1773	4	11216157133410	none	1700	e1989714	512	224	0	1700
1774	5	11216170318620	none	1701	e1989714	512	224	0	1701
1775	6	11216187534990	none	1702	e1989714	512	224	0	1702
1776	7	11216204774940	none	1703	e1989714	512	224	0	1703
1777	0	11216222050540	none	1704	e1989714	512	224	0	1704
1778	1	11216239290570	none	1705	e1989714	512	224	0	1705
1779	2	11216256523790	none	1706	e1989714	512	224	0	1706
1780	3	11216269753570	none	1707	e1989714	512	224	0	1707
1781	4	11216286984220	none	1708	e1989714	512	224	0	1708
1782	5	11216304221380	none	1709	e1989714	512	224	0	1709
1783	6	11216321438130	none	1710	e1989714	512	224	0	1710
1784	7	11216338779780	none	1711	e1989714	512	224	0	1711
1785	0	11216356059560	none	1712	e1989714	512	224	0	1712
1786	1	11216373349100	none	1713	e1989714	512	224	0	1713
1787	2	11216386515570	none	1714	e1989714	512	224	0	1714
1788	3	11216403781360	none	1715	e1989714	512	224	0	1715
1789	4	11216421017780	none	1716	e1989714	512	224	0	1716
1790	5	11216438372380	none	1717	e1989714	512	224	0	1717
1791	6	11216455586530	none	1718	e1989714	512	224	0	1718
1792	7	11216472892170	none	1719	e1989714	512	224	0	1719
1793	0	11216486104670	none	1720	e1989714	512	224	0	1720
1794	1	11216503307330	none	1721	e1989714	512	224	0	1721
1795	2	11216520518570	none	1722	e1989714	512	224	0	1722
1796	3	11216537773620	none	1723	e1989714	512	224	0	1723
1797	4	11216555019570	none	1724	e1989714	512	224	0	1724
1798	5	11216572259040	none	1725	e1989714	512	224	0	1725
1799	6	11216589489800	none	1726	e1989714	512	224	0	1726
1800	7	11216602695730	none	1727	e1989714	512	224	0	1727
1801	0	11216619976300	none	1728	e1989714	512	224	0	1728
1802	1	11216637354730	none	1729	e1989714	512	224	0	1729
1803	2	11216654576390	none	1730	e1989714	512	224	0	1730
1804	3	11216671842850	none	1731	e1989714	512	224	0	1731
1805	4	11216689083210	none	1732	e1989714	512	224	0	1732
1806	5	11216706307720	none	1733	e1989714	512	224	0	1733
1807	6	11216719486020	none	1734	e1989714	512	224	0	1734
1808	7	11216736727100	none	1735	e1989714	512	224	0	1735
1809	0	11216753966180	none	1736	e1989714	512	224	0	1736
1810	1	11216771220540	none	1737	e1989714	512	224	0	1737
1811	2	11216788432110	none	1738	e1989714	512	224	0	1738
1812	3	11216805657810	none	1739	e1989714	512	224	0	1739
1813	4	11216818989450	none	1740	e1989714	512	224	0	1740
1814	5	11216836228440	none	1741	e1989714	512	224	0	1741
1815	6	11216853431800	none	1742	e1989714	512	224	0	1742
1816	7	11216870651320	none	1743	e1989714	512	224	0	1743
1817	0	11216887991450	none	1744	e1989714	512	224	0	1744
1818	1	11216905247190	none	1745	e1989714	512	224	0	1745
1819	2	11216922459400	none	1746	e1989714	512	224	0	1746
1820	3	11216935701980	none	1747	e1989714	512	224	0	1747
1821	4	11216953084650	none	1748	e1989714	512	224	0	1748
1822	5	11216970314830	none	1749	e1989714	512	224	0	1749
1823	6	11216987565090	none	1750	e1989714	512	224	0	1750
1824	7	11217004807600	none	1751	e1989714	512	224	0	1751
1825	0	11217022128840	none	1752	e1989714	512	224	0	1752
1826	1	11217035310200	none	1753	e1989714	512	224	0	1753
1827	2	11217052523640	none	1754	e1989714	512	224	0	1754
1828	3	11217069875670	none	1755	e1989714	512	224	0	1755
1829	4	11217087127070	none	1756	e1989714	512	224	0	1756
1830	5	11217104341640	none	1757	e1989714	512	224	0	1757
1831	6	11217121556540	none	1758	e1989714	512	224	0	1758
1832	7	11217138797640	none	1759	e1989714	512	224	0	1759
1833	0	11217152180580	none	1760	e1989714	512	224	0	1760
1834	1	11217169393910	none	1761	e1989714	512	224	0	1761
1835	2	11217186753760	none	1762	e1989714	512	224	0	1762
1836	3	11217203990440	none	1763	e1989714	512	224	0	1763
1837	4	11217221234290	none	1764	e1989714	512	224	0	1764
1838	5	11217238443170	none	1765	e1989714	512	224	0	1765
1839	6	11217251646970	none	1766	e1989714	512	224	0	1766
1840	7	11217268891980	none	1767	e1989714	512	224	0	1767
1841	0	11217286265510	none	1768	e1989714	512	224	0	1768
1842	1	11217303484080	none	1769	e1989714	512	224	0	1769
1843	2	11217320734110	none	1770	e1989714	512	224	0	1770
1844	3	11217337967460	none	1771	e1989714	512	224	0	1771
1845	4	11217351317420	none	1772	e1989714	512	224	0	1772
1846	5	11217368525010	none	1773	e1989714	512	224	0	1773
1847	6	11217385864950	none	1774	e1989714	512	224	0	1774
1848	7	11217403121070	none	1775	e1989714	512	224	0	1775
1849	0	11217420363970	none	1776	e1989714	512	224	0	1776
1850	1	11217437608010	none	1777	e1989714	512	224	0	1777
1851	2	11217454952350	none	1778	e1989714	512	224	0	1778
1852	3	11217468165690	none	1779	e1989714	512	224	0	1779
1853	4	11217485505940	none	1780	e1989714	512	224	0	1780
1854	5	11217502754920	none	1781	e1989714	512	224	0	1781
1855	6	11217520003160	none	1782	e1989714	512	224	0	1782
1856	7	11217537257400	none	1783	e1989714	512	224	0	1783
1857	0	11217554492040	none	1784	e1989714	512	224	0	1784
1858	1	11217567703650	none	1785	e1989714	512	224	0	1785
1859	2	11217584932930	none	1786	e1989714	512	224	0	1786
1860	3	11217602178550	none	1787	e1989714	512	224	0	1787
1861	4	11217619437930	none	1788	e1989714	512	224	0	1788
1862	5	11217636690340	none	1789	e1989714	512	224	0	1789
1863	6	11217653944120	none	1790	e1989714	512	224	0	1790
1864	7	11217671196680	none	1791	e1989714	512	224	0	1791
1865	0	11217684377680	none	1792	e1989714	512	224	0	1792
1866	1	11217701621250	none	1793	e1989714	512	224	0	1793
1867	2	11217718856880	none	1794	e1989714	512	224	0	1794
1868	3	11217736124400	none	1795	e1989714	512	224	0	1795
1869	4	11217753350030	none	1796	e1989714	512	224	0	1796
1870	5	11217770574920	none	1797	e1989714	512	224	0	1797
1871	6	11217787882270	none	1798	e1989714	512	224	0	1798
1872	7	11217801108190	none	1799	e1989714	512	224	0	1799
1873	0	11217818311500	none	1800	e1989714	512	224	0	1800
1874	1	11217835539950	none	1801	e1989714	512	224	0	1801
1875	2	11217852787060	none	1802	e1989714	512	224	0	1802
1876	3	11217870107170	none	1803	e1989714	512	224	0	1803
1877	4	11217887329620	none	1804	e1989714	512	224	0	1804
1878	5	11217900631190	none	1805	e1989714	512	224	0	1805
1879	6	11217917911850	none	1806	e1989714	512	224	0	1806
1880	7	11217935166400	none	1807	e1989714	512	224	0	1807
1881	0	11217952481450	none	1808	e1989714	512	224	0	1808
1882	1	11217969775770	none	1809	e1989714	512	224	0	1809
1883	2	11217987029420	none	1810	e1989714	512	224	0	1810
1884	3	11218000399990	none	1811	e1989714	512	224	0	1811
1885	4	11218017947990	none	1812	e1989714	512	224	0	1812
1886	5	11218035370800	none	1813	e1989714	512	224	0	1813
1887	6	11218052676180	none	1814	e1989714	512	224	0	1814
1888	7	11218070269070	none	1815	e1989714	512	224	0	1815
1889	0	11218083842590	none	1816	e1989714	512	224	0	1816
1890	1	11218101336020	none	1817	e1989714	512	224	0	1817
1891	2	11218118645600	none	1818	e1989714	512	224	0	1818
1892	3	11218135941630	none	1819	e1989714	512	224	0	1819
1893	4	11218153339710	none	1820	e1989714	512	224	0	1820
1894	5	11218170626260	none	1821	e1989714	512	224	0	1821
1895	6	11218183894920	none	1822	e1989714	512	224	0	1822
1896	7	11218201340490	none	1823	e1989714	512	224	0	1823
1897	0	11218219114730	none	1824	e1989714	512	224	0	1824
1898	1	11218236612580	none	1825	e1989714	512	224	0	1825
1899	2	11218250099620	none	1826	e1989714	512	224	0	1826
1900	3	11218267658090	none	1827	e1989714	512	224	0	1827
1901	4	11218285142510	none	1828	e1989714	512	224	0	1828
1902	5	11218302837620	none	1829	e1989714	512	224	0	1829
1903	6	11218316454230	none	1830	e1989714	512	224	0	1830
1904	7	11218334382380	none	1831	e1989714	512	224	0	1831
1905	0	11218351912550	none	1832	e1989714	512	224	0	1832
1906	1	11218369175600	none	1833	e1989714	512	224	0	1833
1907	2	11218386388250	none	1834	e1989714	512	224	0	1834
1908	3	11218399711170	none	1835	e1989714	512	224	0	1835
1909	4	11218416957000	none	1836	e1989714	512	224	0	1836
1910	5	11218434202740	none	1837	e1989714	512	224	0	1837
1911	6	11218451426780	none	1838	e1989714	512	224	0	1838
1912	7	11218468659020	none	1839	e1989714	512	224	0	1839
1913	0	11218485984150	none	1840	e1989714	512	224	0	1840
1914	1	11218503228370	none	1841	e1989714	512	224	0	1841
1915	2	11218516442240	none	1842	e1989714	512	224	0	1842
1916	3	11218533697360	none	1843	e1989714	512	224	0	1843
1917	4	11218550932480	none	1844	e1989714	512	224	0	1844
1918	5	11218568186190	none	1845	e1989714	512	224	0	1845
1919	6	11218585417190	none	1846	e1989714	512	224	0	1846
1920	7	11218602757440	none	1847	e1989714	512	224	0	1847
1921	0	11218615954250	none	1848	e1989714	512	224	0	1848
1922	1	11218633212570	none	1849	e1989714	512	224	0	1849
1923	2	11218650454170	none	1850	e1989714	512	224	0	1850
1924	3	11218667708360	none	1851	e1989714	512	224	0	1851
1925	4	11218684944660	none	1852	e1989714	512	224	0	1852
1926	5	11218702319400	none	1853	e1989714	512	224	0	1853
1927	6	11218719536660	none	1854	e1989714	512	224	0	1854
1928	7	11218732747470	none	1855	e1989714	512	224	0	1855
1929	0	11218750047960	none	1856	e1989714	512	224	0	1856
1930	1	11218767318950	none	1857	e1989714	512	224	0	1857
1931	2	11218784575380	none	1858	e1989714	512	224	0	1858
1932	3	11218801837750	none	1859	e1989714	512	224	0	1859
1933	4	11218819081780	none	1860	e1989714	512	224	0	1860
1934	5	11218832265480	none	1861	e1989714	512	224	0	1861
1935	6	11218849500860	none	1862	e1989714	512	224	0	1862
1936	7	11218866756380	none	1863	e1989714	512	224	0	1863
1937	0	11218884004500	none	1864	e1989714	512	224	0	1864
1938	1	11218901354650	none	1865	e1989714	512	224	0	1865
1939	2	11218918597050	none	1866	e1989714	512	224	0	1866
1940	3	11218935841000	none	1867	e1989714	512	224	0	1867
1941	4	11218949070060	none	1868	e1989714	512	224	0	1868
1942	5	11218966277850	none	1869	e1989714	512	224	0	1869
1943	6	11218983485690	none	1870	e1989714	512	224	0	1870
1944	7	11219000729170	none	1871	e1989714	512	224	0	1871
1945	0	11219018004850	none	1872	e1989714	512	224	0	1872
1946	1	11219035221340	none	1873	e1989714	512	224	0	1873
1947	2	11219052463770	none	1874	e1989714	512	224	0	1874
1948	3	11219065669320	none	1875	e1989714	512	224	0	1875
1949	4	11219083007120	none	1876	e1989714	512	224	0	1876
1950	5	11219100262950	none	1877	e1989714	512	224	0	1877
1951	6	11219117497700	none	1878	e1989714	512	224	0	1878
1952	7	11219134739010	none	1879	e1989714	512	224	0	1879
1953	0	11219152039940	none	1880	e1989714	512	224	0	1880
1954	1	11219165256390	none	1881	e1989714	512	224	0	1881
1955	2	11219182482140	none	1882	e1989714	512	224	0	1882
1956	3	11219199734230	none	1883	e1989714	512	224	0	1883
1957	4	11219217094550	none	1884	e1989714	512	224	0	1884
1958	5	11219234316230	none	1885	e1989714	512	224	0	1885
1959	6	11219251567400	none	1886	e1989714	512	224	0	1886
1960	7	11219268836510	none	1887	e1989714	512	224	0	1887
1961	0	11219282094270	none	1888	e1989714	512	224	0	1888
1962	1	11219299306260	none	1889	e1989714	512	224	0	1889
1963	2	11219316543240	none	1890	e1989714	512	224	0	1890
1964	3	11219333874420	none	1891	e1989714	512	224	0	1891
1965	4	11219351129110	none	1892	e1989714	512	224	0	1892
1966	5	11219368361690	none	1893	e1989714	512	224	0	1893
1967	6	11219381566720	none	1894	e1989714	512	224	0	1894
1968	7	11219398807240	none	1895	e1989714	512	224	0	1895
1969	0	11219416122300	none	1896	e1989714	512	224	0	1896
1970	1	11219433341930	none	1897	e1989714	512	224	0	1897
1971	2	11219450690540	none	1898	e1989714	512	224	0	1898
1972	3	11219467953080	none	1899	e1989714	512	224	0	1899
1973	4	11219481158000	none	1900	e1989714	512	224	0	1900
1974	5	11219498368650	none	1901	e1989714	512	224	0	1901
1975	6	11219515594180	none	1902	e1989714	512	224	0	1902
1976	7	11219532832930	none	1903	e1989714	512	224	0	1903
1977	0	11219550294200	none	1904	e1989714	512	224	0	1904
1978	1	11219567526420	none	1905	e1989714	512	224	0	1905
1979	2	11219584770090	none	1906	e1989714	512	224	0	1906
1980	3	11219598005430	none	1907	e1989714	512	224	0	1907
1981	4	11219615250040	none	1908	e1989714	512	224	0	1908
1982	5	11219632488540	none	1909	e1989714	512	224	0	1909
1983	6	11219649883630	none	1910	e1989714	512	224	0	1910
1984	7	11219667205450	none	1911	e1989714	512	224	0	1911
1985	0	11219684435270	none	1912	e1989714	512	224	0	1912
1986	1	11219697638230	none	1913	e1989714	512	224	0	1913
1987	2	11219714880880	none	1914	e1989714	512	224	0	1914
1988	3	11219732140210	none	1915	e1989714	512	224	0	1915
1989	4	11219749489510	none	1916	e1989714	512	224	0	1916
1990	5	11219766733890	none	1917	e1989714	512	224	0	1917
1991	6	11219783960300	none	1918	e1989714	512	224	0	1918
1992	7	11219801228510	none	1919	e1989714	512	224	0	1919
1993	0	11219814432540	none	1920	e1989714	512	224	0	1920
1994	1	11219831755960	none	1921	e1989714	512	224	0	1921
1995	2	11219849158120	none	1922	e1989714	512	224	0	1922
1996	3	11219866370340	none	1923	e1989714	512	224	0	1923
1997	4	11219883596070	none	1924	e1989714	512	224	0	1924
1998	5	11219900959300	none	1925	e1989714	512	224	0	1925
1999	6	11219914161770	none	1926	e1989714	512	224	0	1926
2000	7	11219931350450	none	1927	e1989714	512	224	0	1927
2001	0	11219948566950	none	1928	e1989714	512	224	0	1928
2002	1	11219965822930	none	1929	e1989714	512	224	0	1929
2003	2	11219983063420	none	1930	e1989714	512	224	0	1930
2004	3	11220000273500	none	1931	e1989714	512	224	0	1931
2005	4	11220017497250	none	1932	e1989714	512	224	0	1932
2006	5	11220030717640	none	1933	e1989714	512	224	0	1933
2007	6	11220047943050	none	1934	e1989714	512	224	0	1934
2008	7	11220065186790	none	1935	e1989714	512	224	0	1935
2009	0	11220082452970	none	1936	e1989714	512	224	0	1936
2010	1	11220099745070	none	1937	e1989714	512	224	0	1937
2011	2	11220113438770	none	1938	e1989714	512	224	0	1938
2012	3	11220131085730	none	1939	e1989714	512	224	0	1939
2013	4	11220148436150	none	1940	e1989714	512	224	0	1940
2014	5	11220165694870	none	1941	e1989714	512	224	0	1941
2015	6	11220183024740	none	1942	e1989714	512	224	0	1942
2016	7	11220200237860	none	1943	e1989714	512	224	0	1943
2017	0	11220213439090	none	1944	e1989714	512	224	0	1944
2018	1	11220230690810	none	1945	e1989714	512	224	0	1945
2019	2	11220247917410	none	1946	e1989714	512	224	0	1946
2020	3	11220265166180	none	1947	e1989714	512	224	0	1947
2021	4	11220282410650	none	1948	e1989714	512	224	0	1948
2022	5	11220299681390	none	1949	e1989714	512	224	0	1949
2023	6	11220316916470	none	1950	e1989714	512	224	0	1950
2024	7	11220330148520	none	1951	e1989714	512	224	0	1951
2025	0	11220347412150	none	1952	e1989714	512	224	0	1952
2026	1	11220364682170	none	1953	e1989714	512	224	0	1953
2027	2	11220381977480	none	1954	e1989714	512	224	0	1954
2028	3	11220399182670	none	1955	e1989714	512	224	0	1955
2029	4	11220416401620	none	1956	e1989714	512	224	0	1956
2030	5	11220429611850	none	1957	e1989714	512	224	0	1957
2031	6	11220446840060	none	1958	e1989714	512	224	0	1958
2032	7	11220464109200	none	1959	e1989714	512	224	0	1959
2033	0	11220481318260	none	1960	e1989714	512	224	0	1960
2034	1	11220498541870	none	1961	e1989714	512	224	0	1961
2035	2	11220515815900	none	1962	e1989714	512	224	0	1962
2036	3	11220533109920	none	1963	e1989714	512	224	0	1963
2037	4	11220546279540	none	1964	e1989714	512	224	0	1964
2038	5	11220563492220	none	1965	e1989714	512	224	0	1965
2039	6	11220580730640	none	1966	e1989714	512	224	0	1966
2040	7	11220598142980	none	1967	e1989714	512	224	0	1967
2041	0	11220615364300	none	1968	e1989714	512	224	0	1968
2042	1	11220632660410	none	1969	e1989714	512	224	0	1969
2043	2	11220645875590	none	1970	e1989714	512	224	0	1970
2044	3	11220663123130	none	1971	e1989714	512	224	0	1971
2045	4	11220680329450	none	1972	e1989714	512	224	0	1972
2046	5	11220697671940	none	1973	e1989714	512	224	0	1973
2047	6	11220714944200	none	1974	e1989714	512	224	0	1974
2048	7	11220732248790	none	1975	e1989714	512	224	0	1975
2049	0	11220749463180	none	1976	e1989714	512	224	0	1976
2050	1	11220762770500	none	1977	e1989714	512	224	0	1977
2051	2	11220780008520	none	1978	e1989714	512	224	0	1978
2052	3	11220797244410	none	1979	e1989714	512	224	0	1979
2053	4	11220814459390	none	1980	e1989714	512	224	0	1980
2054	5	11220831709290	none	1981	e1989714	512	224	0	1981
2055	6	11220848962470	none	1982	e1989714	512	224	0	1982
2056	7	11220862286110	none	1983	e1989714	512	224	0	1983
2057	0	11220879528670	none	1984	e1989714	512	224	0	1984
2058	1	11220896856960	none	1985	e1989714	512	224	0	1985
2059	2	11220914111380	none	1986	e1989714	512	224	0	1986
2060	3	11220931297150	none	1987	e1989714	512	224	0	1987
2061	4	11220948515040	none	1988	e1989714	512	224	0	1988
2062	5	11220965763670	none	1989	e1989714	512	224	0	1989
2063	6	11220979000910	none	1990	e1989714	512	224	0	1990
2064	7	11220996357180	none	1991	e1989714	512	224	0	1991
2065	0	11221013597320	none	1992	e1989714	512	224	0	1992
2066	1	11221030837410	none	1993	e1989714	512	224	0	1993
2067	2	11221048090880	none	1994	e1989714	512	224	0	1994
2068	3	11221065312660	none	1995	e1989714	512	224	0	1995
2069	4	11221078585510	none	1996	e1989714	512	224	0	1996
2070	5	11221095818570	none	1997	e1989714	512	224	0	1997
2071	6	11221113061130	none	1998	e1989714	512	224	0	1998
2072	7	11221130309040	none	1999	e1989714	512	224	0	1999
2073	0	11221147528130	none	2000	e1989714	512	224	0	2000
2074	1	11221164784560	none	2001	e1989714	512	224	0	2001
2075	2	11221182029070	none	2002	e1989714	512	224	0	2002
2076	3	11221195209290	none	2003	e1989714	512	224	0	2003
2077	4	11221212417800	none	2004	e1989714	512	224	0	2004
2078	5	11221229643620	none	2005	e1989714	512	224	0	2005
2079	6	11221247006000	none	2006	e1989714	512	224	0	2006
2080	7	11221264225800	none	2007	e1989714	512	224	0	2007
2081	0	11221281466470	none	2008	e1989714	512	224	0	2008
2082	1	11221298699570	none	2009	e1989714	512	224	0	2009
2083	2	11221311984740	none	2010	e1989714	512	224	0	2010
2084	3	11221329202920	none	2011	e1989714	512	224	0	2011
2085	4	11221346418250	none	2012	e1989714	512	224	0	2012
2086	5	11221363665440	none	2013	e1989714	512	224	0	2013
2087	6	11221381047770	none	2014	e1989714	512	224	0	2014
2088	7	11221398284110	none	2015	e1989714	512	224	0	2015
2089	0	11221411628350	none	2016	e1989714	512	224	0	2016
2090	1	11221428893340	none	2017	e1989714	512	224	0	2017
2091	2	11221446148970	none	2018	e1989714	512	224	0	2018
2092	3	11221463349750	none	2019	e1989714	512	224	0	2019
2093	4	11221480574300	none	2020	e1989714	512	224	0	2020
2094	5	11221497890780	none	2021	e1989714	512	224	0	2021
2095	6	11221511113380	none	2022	e1989714	512	224	0	2022
2096	7	11221528307300	none	2023	e1989714	512	224	0	2023
2097	0	11221545535690	none	2024	e1989714	512	224	0	2024
2098	1	11221562806620	none	2025	e1989714	512	224	0	2025
2099	2	11221580117080	none	2026	e1989714	512	224	0	2026
2100	3	11221597339490	none	2027	e1989714	512	224	0	2027
2101	4	11221614701980	none	2028	e1989714	512	224	0	2028
2102	5	11221627907280	none	2029	e1989714	512	224	0	2029
2103	6	11221645158640	none	2030	e1989714	512	224	0	2030
2104	7	11221662453200	none	2031	e1989714	512	224	0	2031
2105	0	11221679708320	none	2032	e1989714	512	224	0	2032
2106	1	11221696962580	none	2033	e1989714	512	224	0	2033
2107	2	11221714317780	none	2034	e1989714	512	224	0	2034
2108	3	11221727517110	none	2035	e1989714	512	224	0	2035
2109	4	11221744878590	none	2036	e1989714	512	224	0	2036
2110	5	11221762137710	none	2037	e1989714	512	224	0	2037
2111	6	11221779357540	none	2038	e1989714	512	224	0	2038
2112	7	11221796603370	none	2039	e1989714	512	224	0	2039
2113	0	11221813875260	none	2040	e1989714	512	224	0	2040
2114	1	11221831157810	none	2041	e1989714	512	224	0	2041
2115	2	11221844330410	none	2042	e1989714	512	224	0	2042
2116	3	11221861552820	none	2043	e1989714	512	224	0	2043
2117	4	11221878809500	none	2044	e1989714	512	224	0	2044
2118	5	11221896062460	none	2045	e1989714	512	224	0	2045
2119	6	11221913399730	none	2046	e1989714	512	224	0	2046
2120	7	11221930685160	none	2047	e1989714	512	224	0	2047
2121	0	11221943886730	none	2048	e1989714	512	224	0	2048
2122	1	11221961134960	none	2049	e1989714	512	224	0	2049
2123	2	11221978392580	none	2050	e1989714	512	224	0	2050
2124	3	11221995644670	none	2051	e1989714	512	224	0	2051
2125	4	11222012879620	none	2052	e1989714	512	224	0	2052
2126	5	11222030130730	none	2053	e1989714	512	224	0	2053
2127	6	11222047352050	none	2054	e1989714	512	224	0	2054
2128	7	11222060559940	none	2055	e1989714	512	224	0	2055
2129	0	11222077795880	none	2056	e1989714	512	224	0	2056
2130	1	11222095070600	none	2057	e1989714	512	224	0	2057
2131	2	11222112318680	none	2058	e1989714	512	224	0	2058
2132	3	11222129537610	none	2059	e1989714	512	224	0	2059
2133	4	11222146872580	none	2060	e1989714	512	224	0	2060
2134	5	11222160091770	none	2061	e1989714	512	224	0	2061
2135	6	11222177314590	none	2062	e1989714	512	224	0	2062
2136	7	11222194564020	none	2063	e1989714	512	224	0	2063
2137	0	11222211797200	none	2064	e1989714	512	224	0	2064
2138	1	11222229121850	none	2065	e1989714	512	224	0	2065
2139	2	11222246333070	none	2066	e1989714	512	224	0	2066
2140	3	11222263690840	none	2067	e1989714	512	224	0	2067
2141	4	11222276888750	none	2068	e1989714	512	224	0	2068
2142	5	11222294143670	none	2069	21949ca2	512	224	0	2069
2143	6	11222311366940	none	2070	21949ca2	512	224	0	2070
2144	7	11222328637360	none	2071	eca536d8	512	224	0	2071
2145	0	11222345895880	none	2072	eca536d8	512	224	0	2072
2146	1	11222363165120	none	2073	7757c3fb	512	224	0	2073
2147	2	11222376350170	none	2074	7757c3fb	512	224	0	2074
2148	3	11222393642520	none	2075	73edc89f	512	224	0	2075
2149	4	11222410867470	none	2076	73edc89f	512	224	0	2076
2150	5	11222428122880	none	2077	66f36a9d	512	224	0	2077
2151	6	11222445343520	none	2078	66f36a9d	512	224	0	2078
2152	7	11222462744610	none	2079	feb9bb0d	512	224	0	2079
2153	0	11222480030280	none	2080	feb9bb0d	512	224	0	2080
2154	1	11222493281100	none	2081	0d3505df	512	224	0	2081
2155	2	11222510541820	none	2082	0d3505df	512	224	0	2082
2156	3	11222527773180	none	2083	3ce762fa	512	224	0	2083
2157	4	11222545032970	none	2084	3ce762fa	512	224	0	2084
2158	5	11222562403950	none	2085	3fae09a9	512	224	0	2085
2159	6	11222579634470	none	2086	3fae09a9	512	224	0	2086
2160	7	11222592847580	none	2087	a4330b5e	512	224	0	2087
2161	0	11222610115030	none	2088	a4330b5e	512	224	0	2088
2162	1	11222627313900	none	2089	4e5c546e	512	224	0	2089
2163	2	11222644561000	none	2090	4e5c546e	512	224	0	2090
2164	3	11222661801130	none	2091	fd0b6175	512	224	0	2091
2165	4	11222679062890	none	2092	fd0b6175	512	224	0	2092
2166	5	11222696283340	none	2093	e8b3c8a1	512	224	0	2093
2167	6	11222709482240	none	2094	e8b3c8a1	512	224	0	2094
2168	7	11222726853360	none	2095	857c0223	512	224	0	2095
2169	0	11222744150400	none	2096	857c0223	512	224	0	2096
2170	1	11222761538110	none	2097	61605322	512	224	0	2097
2171	2	11222778786600	none	2098	61605322	512	224	0	2098
2172	3	11222796050880	none	2099	61605322	512	224	0	2099
2173	4	11222809229990	none	2100	61605322	512	224	0	2100
2174	5	11222826523250	none	2101	61605322	512	224	0	2101
2175	6	11222843794650	none	2102	61605322	512	224	0	2102
2176	7	11222861185080	none	2103	61605322	512	224	0	2103
2177	0	11222878417750	none	2104	61605322	512	224	0	2104
2178	1	11222895673130	none	2105	61605322	512	224	0	2105
2179	2	11222908968540	none	2106	61605322	512	224	0	2106
2180	3	11222926276540	none	2107	61605322	512	224	0	2107
2181	4	11222943535000	none	2108	61605322	512	224	0	2108
2182	5	11222960824850	none	2109	61605322	512	224	0	2109
2183	6	11222978085730	none	2110	61605322	512	224	0	2110
2184	7	11222995339220	none	2111	61605322	512	224	0	2111
2185	0	11223012624370	none	2112	61605322	512	224	0	2112
2186	1	11223025822820	none	2113	61605322	512	224	0	2113
2187	2	11223043170220	none	2114	61605322	512	224	0	2114
2188	3	11223060413390	none	2115	61605322	512	224	0	2115
2189	4	11223077673350	none	2116	61605322	512	224	0	2116
2190	5	11223094937460	none	2117	61605322	512	224	0	2117
2191	6	11223112163020	none	2118	61605322	512	224	0	2118
2192	7	11223125353720	none	2119	61605322	512	224	0	2119
2193	0	11223142587660	none	2120	61605322	512	224	0	2120
2194	1	11223159878890	none	2121	61605322	512	224	0	2121
2195	2	11223177158020	none	2122	61605322	512	224	0	2122
2196	3	11223194407360	none	2123	61605322	512	224	0	2123
2197	4	11223211667040	none	2124	61605322	512	224	0	2124
2198	5	11223228924920	none	2125	61605322	512	224	0	2125
2199	6	11223242125210	none	2126	61605322	512	224	0	2126
2200	7	11223259432650	none	2127	61605322	512	224	0	2127
2201	0	11223276742640	none	2128	61605322	512	224	0	2128
2202	1	11223294008000	none	2129	61605322	512	224	0	2129
2203	2	11223311251650	none	2130	61605322	512	224	0	2130
2204	3	11223328482410	none	2131	61605322	512	224	0	2131
2205	4	11223341701940	none	2132	61605322	512	224	0	2132
2206	5	11223358959580	none	2133	61605322	512	224	0	2133
2207	6	11223376270320	none	2134	61605322	512	224	0	2134
2208	7	11223393596180	none	2135	61605322	512	224	0	2135
2209	0	11223410940310	none	2136	61605322	512	224	0	2136
2210	1	11223428171670	none	2137	61605322	512	224	0	2137
2211	2	11223441360560	none	2138	61605322	512	224	0	2138
2212	3	11223458596890	none	2139	61605322	512	224	0	2139
2213	4	11223475847700	none	2140	61605322	512	224	0	2140
2214	5	11223493176730	none	2141	61605322	512	224	0	2141
2215	6	11223510427280	none	2142	61605322	512	224	0	2142
2216	7	11223527727790	none	2143	61605322	512	224	0	2143
2217	0	11223545120700	none	2144	61605322	512	224	0	2144
2218	1	11223558280320	none	2145	61605322	512	224	0	2145
2219	2	11223575506260	none	2146	61605322	512	224	0	2146
2220	3	11223592922140	none	2147	61605322	512	224	0	2147
2221	4	11223610191610	none	2148	61605322	512	224	0	2148
2222	5	11223627439900	none	2149	61605322	512	224	0	2149
2223	6	11223644684390	none	2150	61605322	512	224	0	2150
2224	7	11223657910920	none	2151	61605322	512	224	0	2151
2225	0	11223675131570	none	2152	61605322	512	224	0	2152
2226	1	11223692346510	none	2153	61605322	512	224	0	2153
2227	2	11223709780640	none	2154	61605322	512	224	0	2154
2228	3	11223727094790	none	2155	7bcdd18e	512	224	0	2155
2229	4	11223744335830	none	2156	fba09187	512	224	0	2156
2230	5	11223757548810	none	2157	241ce1ef	512	224	0	2157
2231	6	11223774799870	none	2158	61605322	512	224	0	2158
2232	7	11223792088360	none	2159	c20075bc	512	224	0	2159
2233	0	11223809636950	none	2160	61605322	512	224	0	2160
2234	1	11223826975580	none	2161	c20075bc	512	224	0	2161
2235	2	11223844208190	none	2162	61605322	512	224	0	2162
2236	3	11223857402330	none	2163	8a36bdbe	512	224	0	2163
2237	4	11223874649660	none	2164	61605322	512	224	0	2164
2238	5	11223891913980	none	2165	8a36bdbe	512	224	0	2165
2239	6	11223909138860	none	2166	8a36bdbe	512	224	0	2166
2240	7	11223926438840	none	2167	ed38afdd	512	224	0	2167
2241	0	11223943712410	none	2168	ed38afdd	512	224	0	2168
2242	1	11223960968860	none	2169	ed38afdd	512	224	0	2169
2243	2	11223974276180	none	2170	ed38afdd	512	224	0	2170
2244	3	11223991510550	none	2171	18932e84	512	224	0	2171
2245	4	11224008838410	none	2172	18932e84	512	224	0	2172
2246	5	11224026177280	none	2173	18932e84	512	224	0	2173
2247	6	11224043441080	none	2174	18932e84	512	224	0	2174
2248	7	11224060735360	none	2175	09b1e42f	512	224	0	2175
2249	0	11224073952700	none	2176	09b1e42f	512	224	0	2176
2250	1	11224091198760	none	2177	09b1e42f	512	224	0	2177
2251	2	11224108562740	none	2178	09b1e42f	512	224	0	2178
2252	3	11224125952560	none	2179	bd046e4a	512	224	0	2179
2253	4	11224143262390	none	2180	bd046e4a	512	224	0	2180
2254	5	11224160509140	none	2181	bd046e4a	512	224	0	2181
2255	6	11224173727000	none	2182	bd046e4a	512	224	0	2182
2256	7	11224190961410	none	2183	3eb1d5e3	512	224	0	2183
2257	0	11224208325330	none	2184	3eb1d5e3	512	224	0	2184
2258	1	11224225586270	none	2185	3eb1d5e3	512	224	0	2185
2259	2	11224242910280	none	2186	3eb1d5e3	512	224	0	2186
2260	3	11224260182380	none	2187	545afebd	512	224	0	2187
2261	4	11224273487730	none	2188	545afebd	512	224	0	2188
2262	5	11224290730110	none	2189	545afebd	512	224	0	2189
2263	6	11224308061990	none	2190	545afebd	512	224	0	2190
2264	7	11224325334980	none	2191	85e623aa	512	224	0	2191
2265	0	11224342621040	none	2192	85e623aa	512	224	0	2192
2266	1	11224359969300	none	2193	85e623aa	512	224	0	2193
2267	2	11224373328790	none	2194	85e623aa	512	224	0	2194
2268	3	11224390569370	none	2195	51a012d4	512	224	0	2195
2269	4	11224408026530	none	2196	51a012d4	512	224	0	2196
2270	5	11224425253370	none	2197	51a012d4	512	224	0	2197
2271	6	11224442493170	none	2198	51a012d4	512	224	0	2198
2272	7	11224459782890	none	2199	a433b3cb	512	224	0	2199
2273	0	11224473196150	none	2200	a433b3cb	512	224	0	2200
2274	1	11224490391950	none	2201	a433b3cb	512	224	0	2201
2275	2	11224507717640	none	2202	a433b3cb	512	224	0	2202
2276	3	11224524981770	none	2203	57025bb3	512	224	0	2203
2277	4	11224542189790	none	2204	57025bb3	512	224	0	2204
2278	5	11224559468720	none	2205	57025bb3	512	224	0	2205
2279	6	11224576735310	none	2206	57025bb3	512	224	0	2206
2280	7	11224589979970	none	2207	92b63be3	512	224	0	2207
2281	0	11224607479950	none	2208	d53a75db	512	224	0	2208
2282	1	11224625027770	none	2209	d53a75db	512	224	0	2209
2283	2	11224642253380	none	2210	d53a75db	512	224	0	2210
2284	3	11224659535280	none	2211	fe1555b0	512	224	0	2211
2285	4	11224672863610	none	2212	fe1555b0	512	224	0	2212
2286	5	11224690094190	none	2213	fe1555b0	512	224	0	2213
2287	6	11224707308300	none	2214	fe1555b0	512	224	0	2214
2288	7	11224724548400	none	2215	fe1555b0	512	224	0	2215
2289	0	11224741786350	none	2216	fe1555b0	512	224	0	2216
2290	1	11224759041240	none	2217	dbf27f5b	512	224	0	2217
2291	2	11224772434210	none	2218	dbf27f5b	512	224	0	2218
2292	3	11224789696340	none	2219	dbf27f5b	512	224	0	2219
2293	4	11224807011260	none	2220	dbf27f5b	512	224	0	2220
2294	5	11224824231040	none	2221	dbf27f5b	512	224	0	2221
2295	6	11224841475870	none	2222	dbf27f5b	512	224	0	2222
2296	7	11224858814870	none	2223	dbf27f5b	512	224	0	2223
2297	0	11224872255210	none	2224	dbf27f5b	512	224	0	2224
2298	1	11224889482340	none	2225	f908e554	512	224	0	2225
2299	2	11224906802720	none	2226	f908e554	512	224	0	2226
2300	3	11224924061590	none	2227	f908e554	512	224	0	2227
2301	4	11224941274470	none	2228	f908e554	512	224	0	2228
2302	5	11224958521570	none	2229	f908e554	512	224	0	2229
2303	6	11224975766590	none	2230	f908e554	512	224	0	2230
2304	7	11224989033630	none	2231	f908e554	512	224	0	2231
2305	0	11225006393800	none	2232	f908e554	512	224	0	2232
2306	1	11225023655880	none	2233	5bc9ae2e	512	224	0	2233
2307	2	11225041073550	none	2234	5bc9ae2e	512	224	0	2234
2308	3	11225058293600	none	2235	5bc9ae2e	512	224	0	2235
2309	4	11225075635110	none	2236	5bc9ae2e	512	224	0	2236
2310	5	11225088947440	none	2237	5bc9ae2e	512	224	0	2237
2311	6	11225106172510	none	2238	5bc9ae2e	512	224	0	2238
2312	7	11225123511440	none	2239	5bc9ae2e	512	224	0	2239
2313	0	11225140974930	none	2240	5bc9ae2e	512	224	0	2240
2314	1	11225158644920	none	2241	f9f0938c	512	224	0	2241
2315	2	11225171967810	none	2242	f9f0938c	512	224	0	2242
2316	3	11225189233220	none	2243	f9f0938c	512	224	0	2243
2317	4	11225206476910	none	2244	f9f0938c	512	224	0	2244
2318	5	11225223769140	none	2245	f9f0938c	512	224	0	2245
2319	6	11225241124200	none	2246	f9f0938c	512	224	0	2246
2320	7	11225258348870	none	2247	f9f0938c	512	224	0	2247
2321	0	11225271669700	none	2248	f9f0938c	512	224	0	2248
2322	1	11225288906290	none	2249	459a7557	512	224	0	2249
2323	2	11225306118500	none	2250	459a7557	512	224	0	2250
2324	3	11225323358100	none	2251	459a7557	512	224	0	2251
2325	4	11225340614700	none	2252	459a7557	512	224	0	2252
2326	5	11225357879430	none	2253	459a7557	512	224	0	2253
2327	6	11225375249510	none	2254	459a7557	512	224	0	2254
2328	7	11225388509090	none	2255	459a7557	512	224	0	2255
2329	0	11225405985920	none	2256	459a7557	512	224	0	2256
2330	1	11225423217620	none	2257	855100ec	512	224	0	2257
2331	2	11225440445810	none	2258	855100ec	512	224	0	2258
2332	3	11225457673950	none	2259	30cc94d6	512	224	0	2259
2333	4	11225474986170	none	2260	30cc94d6	512	224	0	2260
2334	5	11225488166950	none	2261	efed2d68	512	224	0	2261
2335	6	11225505394670	none	2262	efed2d68	512	224	0	2262
2336	7	11225522640950	none	2263	c615391a	512	224	0	2263
2337	0	11225539880890	none	2264	5c193f92	512	224	0	2264
2338	1	11225557103000	none	2265	75e12be0	512	224	0	2265
2339	2	11225574455710	none	2266	75e12be0	512	224	0	2266
2340	3	11225591712090	none	2267	aac0925e	512	224	0	2267
2341	4	11225604920490	none	2268	36c0b952	512	224	0	2268
2342	5	11225622134940	none	2269	835d2d68	512	224	0	2269
2343	6	11225639353540	none	2270	835d2d68	512	224	0	2270
2344	7	11225656595960	none	2271	835d2d68	512	224	0	2271
2345	0	11225673810550	none	2272	f9200dc6	512	224	0	2272
2346	1	11225691061500	none	2273	f9200dc6	512	224	0	2273
2347	2	11225704233760	none	2274	f9200dc6	512	224	0	2274
2348	3	11225721474380	none	2275	f9200dc6	512	224	0	2275
2349	4	11225738707010	none	2276	8eae07f7	512	224	0	2276
2350	5	11225756023480	none	2277	8eae07f7	512	224	0	2277
2351	6	11225773245940	none	2278	8eae07f7	512	224	0	2278
2352	7	11225790485100	none	2279	8eae07f7	512	224	0	2279
2353	0	11225807745310	none	2280	f9200dc6	512	224	0	2280
2354	1	11225820984570	none	2281	f9200dc6	512	224	0	2281
2355	2	11225838190980	none	2282	f9200dc6	512	224	0	2282
2356	3	11225855414160	none	2283	f9200dc6	512	224	0	2283
2357	4	11225872663010	none	2284	db97caae	512	224	0	2284
2358	5	11225889912490	none	2285	db97caae	512	224	0	2285
2359	6	11225907118630	none	2286	db97caae	512	224	0	2286
2360	7	11225924431730	none	2287	db97caae	512	224	0	2287
2361	0	11225937655240	none	2288	4797e1a2	512	224	0	2288
2362	1	11225955014730	none	2289	4797e1a2	512	224	0	2289
2363	2	11225972235420	none	2290	4797e1a2	512	224	0	2290
2364	3	11225989483380	none	2291	4797e1a2	512	224	0	2291
2365	4	11226006735090	none	2292	dd9be72a	512	224	0	2292
2366	5	11226024039450	none	2293	dd9be72a	512	224	0	2293
2367	6	11226037218640	none	2294	dd9be72a	512	224	0	2294
2368	7	11226054462110	none	2295	dd9be72a	512	224	0	2295
2369	0	11226071706120	none	2296	dd9be72a	512	224	0	2296
2370	1	11226089078990	none	2297	dd9be72a	512	224	0	2297
2371	2	11226106286770	none	2298	dd9be72a	512	224	0	2298
2372	3	11226123723030	none	2299	dd9be72a	512	224	0	2299
2373	4	11226136953770	none	2300	dd9be72a	512	224	0	2300
2374	5	11226154192340	none	2301	68067310	512	224	0	2301
2375	6	11226171403650	none	2302	68067310	512	224	0	2302
2376	7	11226188736710	none	2303	b727caae	512	224	0	2303
2377	0	11226206002560	none	2304	b727caae	512	224	0	2304
2378	1	11226223235440	none	2305	9edfdedc	512	224	0	2305
2379	2	11226240490900	none	2306	9edfdedc	512	224	0	2306
2380	3	11226253705610	none	2307	b727caae	512	224	0	2307
2381	4	11226270952800	none	2308	abb38588	512	224	0	2308
2382	5	11226288170470	none	2309	74923c36	512	224	0	2309
2383	6	11226305386900	none	2310	74923c36	512	224	0	2310
2384	7	11226322745840	none	2311	c10fa80c	512	224	0	2311
2385	0	11226340004200	none	2312	dc059701	512	224	0	2312
2386	1	11226353181210	none	2313	dc059701	512	224	0	2313
2387	2	11226370420340	none	2314	dc059701	512	224	0	2314
2388	3	11226387717850	none	2315	dc059701	512	224	0	2315
2389	4	11226404973520	none	2316	7ff7cc3a	512	224	0	2316
2390	5	11226422316230	none	2317	7ff7cc3a	512	224	0	2317
2391	6	11226439560000	none	2318	7ff7cc3a	512	224	0	2318
2392	7	11226456825120	none	2319	7ff7cc3a	512	224	0	2319
2393	0	11226470051040	none	2320	7ff7cc3a	512	224	0	2320
2394	1	11226487274250	none	2321	7ff7cc3a	512	224	0	2321
2395	2	11226504519980	none	2322	7ff7cc3a	512	224	0	2322
2396	3	11226521776070	none	2323	7ff7cc3a	512	224	0	2323
2397	4	11226539007310	none	2324	dc059701	512	224	0	2324
2398	5	11226556214770	none	2325	dc059701	512	224	0	2325
2399	6	11226569442270	none	2326	dc059701	512	224	0	2326
2400	7	11226586693520	none	2327	dc059701	512	224	0	2327
2401	0	11226603934560	none	2328	c10fa80c	512	224	0	2328
2402	1	11226621286470	none	2329	c10fa80c	512	224	0	2329
2403	2	11226638549290	none	2330	c10fa80c	512	224	0	2330
2404	3	11226655780670	none	2331	c10fa80c	512	224	0	2331
2405	4	11226673035080	none	2332	dd9be72a	512	224	0	2332
2406	5	11226686205090	none	2333	dd9be72a	512	224	0	2333
2407	6	11226703432610	none	2334	dd9be72a	512	224	0	2334
2408	7	11226720726130	none	2335	dd9be72a	512	224	0	2335
2409	0	11226737985960	none	2336	dd9be72a	512	224	0	2336
2410	1	11226755200480	none	2337	dd9be72a	512	224	0	2337
2411	2	11226772420700	none	2338	dd9be72a	512	224	0	2338
2412	3	11226789679210	none	2339	dd9be72a	512	224	0	2339
2413	4	11226803044140	none	2340	dd9be72a	512	224	0	2340
2414	5	11226820297970	none	2341	dd9be72a	512	224	0	2341
2415	6	11226837592650	none	2342	dd9be72a	512	224	0	2342
2416	7	11226854899230	none	2343	68067310	512	224	0	2343
2417	0	11226872114290	none	2344	68067310	512	224	0	2344
2418	1	11226889329520	none	2345	b727caae	512	224	0	2345
2419	2	11226902540610	none	2346	b727caae	512	224	0	2346
2420	3	11226919776110	none	2347	9edfdedc	512	224	0	2347
2421	4	11226937121290	none	2348	04d3d854	512	224	0	2348
2422	5	11226954341890	none	2349	2d2bcc26	512	224	0	2349
2423	6	11226971605310	none	2350	2d2bcc26	512	224	0	2350
2424	7	11226988886420	none	2351	f20a7598	512	224	0	2351
2425	0	11227002088500	none	2352	6e0a5e94	512	224	0	2352
2426	1	11227019314450	none	2353	db97caae	512	224	0	2353
2427	2	11227036567490	none	2354	db97caae	512	224	0	2354
2428	3	11227053897620	none	2355	db97caae	512	224	0	2355
2429	4	11227071150050	none	2356	f9200dc6	512	224	0	2356
2430	5	11227088418250	none	2357	f9200dc6	512	224	0	2357
2431	6	11227105678460	none	2358	f9200dc6	512	224	0	2358
2432	7	11227118975430	none	2359	f9200dc6	512	224	0	2359
2433	0	11227136172310	none	2360	8eae07f7	512	224	0	2360
2434	1	11227153413500	none	2361	8eae07f7	512	224	0	2361
2435	2	11227170750570	none	2362	8eae07f7	512	224	0	2362
2436	3	11227188028380	none	2363	8eae07f7	512	224	0	2363
2437	4	11227205314450	none	2364	f9200dc6	512	224	0	2364
2438	5	11227218518900	none	2365	f9200dc6	512	224	0	2365
2439	6	11227235793050	none	2366	f9200dc6	512	224	0	2366
2440	7	11227253104490	none	2367	f9200dc6	512	224	0	2367
2441	0	11227270503250	none	2368	bc814c7b	512	224	0	2368
2442	1	11227287772110	none	2369	bc814c7b	512	224	0	2369
2443	2	11227305022530	none	2370	bc814c7b	512	224	0	2370
2444	3	11227318218510	none	2371	bc814c7b	512	224	0	2371
2445	4	11227335438280	none	2372	20816777	512	224	0	2372
2446	5	11227352694450	none	2373	20816777	512	224	0	2373
2447	6	11227370023680	none	2374	20816777	512	224	0	2374
2448	7	11227387271600	none	2375	20816777	512	224	0	2375
2449	0	11227404522580	none	2376	ba8d61ff	512	224	0	2376
2450	1	11227421815800	none	2377	ba8d61ff	512	224	0	2377
2451	2	11227435178560	none	2378	ba8d61ff	512	224	0	2378
2452	3	11227452415360	none	2379	ba8d61ff	512	224	0	2379
2453	4	11227469751830	none	2380	ba8d61ff	512	224	0	2380
2454	5	11227487032410	none	2381	ba8d61ff	512	224	0	2381
2455	6	11227504252370	none	2382	ba8d61ff	512	224	0	2382
2456	7	11227521510810	none	2383	ba8d61ff	512	224	0	2383
2457	0	11227534738860	none	2384	ba8d61ff	512	224	0	2384
2458	1	11227551988620	none	2385	0f10f5c5	512	224	0	2385
2459	2	11227569324750	none	2386	0f10f5c5	512	224	0	2386
2460	3	11227586582880	none	2387	d0314c7b	512	224	0	2387
2461	4	11227603836510	none	2388	d0314c7b	512	224	0	2388
2462	5	11227621089300	none	2389	f9c95809	512	224	0	2389
2463	6	11227638329790	none	2390	f9c95809	512	224	0	2390
2464	7	11227651543430	none	2391	d0314c7b	512	224	0	2391
2465	0	11227668776430	none	2392	cca5035d	512	224	0	2392
2466	1	11227686022500	none	2393	1384bae3	512	224	0	2393
2467	2	11227703260080	none	2394	1384bae3	512	224	0	2394
2468	3	11227720508190	none	2395	a6192ed9	512	224	0	2395
2469	4	11227737803530	none	2396	bb1311d4	512	224	0	2396
2470	5	11227751016680	none	2397	bb1311d4	512	224	0	2397
2471	6	11227768392970	none	2398	bb1311d4	512	224	0	2398
2472	7	11227785721970	none	2399	bb1311d4	512	224	0	2399
2473	0	11227802984860	none	2400	fdc4a019	512	224	0	2400
2474	1	11227820210310	none	2401	2d2b04e9	512	224	0	2401
2475	2	11227837431020	none	2402	c0ec970d	512	224	0	2402
2476	3	11227854674710	none	2403	a0571eb2	512	224	0	2403
2477	4	11227867955440	none	2404	a0571eb2	512	224	0	2404
2478	5	11227885168310	none	2405	6e345d9e	512	224	0	2405
2479	6	11227902468500	none	2406	7a8d0e45	512	224	0	2406
2480	7	11227919726510	none	2407	cad9230a	512	224	0	2407
2481	0	11227937001920	none	2408	0e7dac70	512	224	0	2408
2482	1	11227954205840	none	2409	0e7dac70	512	224	0	2409
2483	2	11227967419200	none	2410	ea2dfeb6	512	224	0	2410
2484	3	11227984661740	none	2411	ea2dfeb6	512	224	0	2411
2485	4	11228001971520	none	2412	ea2dfeb6	512	224	0	2412
2486	5	11228019194370	none	2413	eeb6d472	512	224	0	2413
2487	6	11228036438640	none	2414	fb22f40b	512	224	0	2414
2488	7	11228053712010	none	2415	3206b742	512	224	0	2415
2489	0	11228070988500	none	2416	3ffcb671	512	224	0	2416
2490	1	11228084406840	none	2417	3ffcb671	512	224	0	2417
2491	2	11228101669330	none	2418	ff134509	512	224	0	2418
2492	3	11228119001710	none	2419	ff134509	512	224	0	2419
2493	4	11228136224460	none	2420	6c75ac15	512	224	0	2420
2494	5	11228153479060	none	2421	ccbd03f0	512	224	0	2421
2495	6	11228170725840	none	2422	8262b86e	512	224	0	2422
2496	7	11228184002320	none	2423	8262b86e	512	224	0	2423
2497	0	11228201266160	none	2424	8262b86e	512	224	0	2424
2498	1	11228218546070	none	2425	dab62733	512	224	0	2425
2499	2	11228235795110	none	2426	50b16a96	512	224	0	2426
2500	3	11228253125550	none	2427	50b16a96	512	224	0	2427
2501	4	11228270369090	none	2428	50b16a96	512	224	0	2428
2502	5	11228283652350	none	2429	8a113bb1	512	224	0	2429
2503	6	11228300921880	none	2430	1efefcba	512	224	0	2430
2504	7	11228318180090	none	2431	1efefcba	512	224	0	2431
2505	0	11228335474900	none	2432	1efefcba	512	224	0	2432
2506	1	11228352736600	none	2433	1efefcba	512	224	0	2433
2507	2	11228369993310	none	2434	311cc3cb	512	224	0	2434
2508	3	11228383303700	none	2435	45ec4634	512	224	0	2435
2509	4	11228400543120	none	2436	b7acba24	512	224	0	2436
2510	5	11228417915660	none	2437	518d8ba8	512	224	0	2437
2511	6	11228435149340	none	2438	45aeb24b	512	224	0	2438
2512	7	11228452358700	none	2439	45aeb24b	512	224	0	2439
2513	0	11228469633530	none	2440	493ee4ac	512	224	0	2440
2514	1	11228486872350	none	2441	493ee4ac	512	224	0	2441
2515	2	11228500074840	none	2442	881ed24e	512	224	0	2442
2516	3	11228517288380	none	2443	881ed24e	512	224	0	2443
2517	4	11228534584940	none	2444	881ed24e	512	224	0	2444
2518	5	11228551844160	none	2445	3add8e97	512	224	0	2445
2519	6	11228569059260	none	2446	7c2255c7	512	224	0	2446
2520	7	11228586454710	none	2447	7c2255c7	512	224	0	2447
2521	0	11228599682550	none	2448	7c2255c7	512	224	0	2448
2522	1	11228617034380	none	2449	7c2255c7	512	224	0	2449
2523	2	11228634247280	none	2450	66cd2ee9	512	224	0	2450
2524	3	11228651508460	none	2451	b9ec9757	512	224	0	2451
2525	4	11228668745780	none	2452	b9ec9757	512	224	0	2452
2526	5	11228685986550	none	2453	c97c8cc1	512	224	0	2453
2527	6	11228703211210	none	2454	d65f1e66	512	224	0	2454
2528	7	11228716416660	none	2455	7993555f	512	224	0	2455
2529	0	11228733671060	none	2456	44db3a04	512	224	0	2456
2530	1	11228750949040	none	2457	44db3a04	512	224	0	2457
2531	2	11228768165510	none	2458	e0db9e38	512	224	0	2458
2532	3	11228785394480	none	2459	e0db9e38	512	224	0	2459
2533	4	11228802649470	none	2460	f79f553d	512	224	0	2460
2534	5	11228815862990	none	2461	2057594c	512	224	0	2461
2535	6	11228833071480	none	2462	4b6c39d6	512	224	0	2462
2536	7	11228850323490	none	2463	4b6c39d6	512	224	0	2463
2537	0	11228867587260	none	2464	4b6c39d6	512	224	0	2464
2538	1	11228884836200	none	2465	dffea334	512	224	0	2465
2539	2	11228902065610	none	2466	41ed2cd5	512	224	0	2466
2540	3	11228919287320	none	2467	41ed2cd5	512	224	0	2467
2541	4	11228932512050	none	2468	41ed2cd5	512	224	0	2468
2542	5	11228949742290	none	2469	52491549	512	224	0	2469
2543	6	11228967012700	none	2470	bc49fba1	512	224	0	2470
2544	7	11228984235030	none	2471	bc49fba1	512	224	0	2471
2545	0	11229001469310	none	2472	78ed74db	512	224	0	2472
2546	1	11229018706740	none	2473	78ed74db	512	224	0	2473
2547	2	11229036058950	none	2474	b3ad1136	512	224	0	2474
2548	3	11229049264610	none	2475	9ba5af73	512	224	0	2475
2549	4	11229066519820	none	2476	68ad203c	512	224	0	2476
2550	5	11229083762700	none	2477	db9ee2a3	512	224	0	2477
2551	6	11229101123360	none	2478	fcef7a9e	512	224	0	2478
2552	7	11229118397710	none	2479	fcef7a9e	512	224	0	2479
2553	0	11229135815540	none	2480	c349f309	512	224	0	2480
2554	1	11229149001090	none	2481	c349f309	512	224	0	2481
2555	2	11229166221000	none	2482	03ce857c	512	224	0	2482
2556	3	11229183462860	none	2483	03ce857c	512	224	0	2483
2557	4	11229200698550	none	2484	03ce857c	512	224	0	2484
2558	5	11229217964600	none	2485	c9d8fbdf	512	224	0	2485
2559	6	11229235343690	none	2486	9f04bbd2	512	224	0	2486
2560	7	11229248556840	none	2487	9f04bbd2	512	224	0	2487
2561	0	11229265894150	none	2488	9f04bbd2	512	224	0	2488
2562	1	11229283119550	none	2489	9f04bbd2	512	224	0	2489
2563	2	11229300337710	none	2490	98c5100f	512	224	0	2490
2564	3	11229317587800	none	2491	98c5100f	512	224	0	2491
2565	4	11229334903990	none	2492	98c5100f	512	224	0	2492
2566	5	11229352136700	none	2493	9c5e3acb	512	224	0	2493
2567	6	11229365315730	none	2494	bac6e147	512	224	0	2494
2568	7	11229382632650	none	2495	34392da1	512	224	0	2495
2569	0	11229399885410	none	2496	98944074	512	224	0	2496
2570	1	11229417093410	none	2497	98944074	512	224	0	2497
2571	2	11229434471630	none	2498	e2b9059f	512	224	0	2498
2572	3	11229451704610	none	2499	e2b9059f	512	224	0	2499
2573	4	11229464921640	none	2500	9dde361f	512	224	0	2500
2574	5	11229482129640	none	2501	a9f25c19	512	224	0	2501
2575	6	11229499343730	none	2502	a9f25c19	512	224	0	2502
2576	7	11229516596930	none	2503	a9f25c19	512	224	0	2503
2577	0	11229533838010	none	2504	a9f25c19	512	224	0	2504
2578	1	11229551058250	none	2505	8bc83250	512	224	0	2505
2579	2	11229568276920	none	2506	cee0d9e6	512	224	0	2506
2580	3	11229581520860	none	2507	cee0d9e6	512	224	0	2507
2581	4	11229598755110	none	2508	cee0d9e6	512	224	0	2508
2582	5	11229616027180	none	2509	491894a7	512	224	0	2509
2583	6	11229633231510	none	2510	e1d2bb7d	512	224	0	2510
2584	7	11229650612610	none	2511	e1d2bb7d	512	224	0	2511
2585	0	11229667935060	none	2512	e1d2bb7d	512	224	0	2512
2586	1	11229681104980	none	2513	e1d2bb7d	512	224	0	2513
2587	2	11229698374570	none	2514	2a28378b	512	224	0	2514
2588	3	11229715614360	none	2515	c199d7f6	512	224	0	2515
2589	4	11229732866800	none	2516	fca9f7e9	512	224	0	2516
2590	5	11229750103200	none	2517	b423a610	512	224	0	2517
2591	6	11229767317470	none	2518	b423a610	512	224	0	2518
2592	7	11229784601540	none	2519	b423a610	512	224	0	2519
2593	0	11229797813570	none	2520	b423a610	512	224	0	2520
2594	1	11229815049220	none	2521	4d763e70	512	224	0	2521
2595	2	11229832275220	none	2522	fe8fee62	512	224	0	2522
2596	3	11229849564550	none	2523	fe8fee62	512	224	0	2523
2597	4	11229866884410	none	2524	fe8fee62	512	224	0	2524
2598	5	11229884103150	none	2525	fa14c4a6	512	224	0	2525
2599	6	11229897286620	none	2526	7ed89558	512	224	0	2526
2600	7	11229914568870	none	2527	2e011985	512	224	0	2527
2601	0	11229931845380	none	2528	74f75c78	512	224	0	2528
2602	1	11229949119760	none	2529	74f75c78	512	224	0	2529
2603	2	11229966329290	none	2530	b37a335c	512	224	0	2530
2604	3	11229983713650	none	2531	b37a335c	512	224	0	2531
2605	4	11230000975650	none	2532	50729e99	512	224	0	2532
2606	5	11230014149840	none	2533	4dddad6d	512	224	0	2533
2607	6	11230031369740	none	2534	d28247ce	512	224	0	2534
2608	7	11230048613870	none	2535	d28247ce	512	224	0	2535
2609	0	11230065896500	none	2536	d28247ce	512	224	0	2536
2610	1	11230083127000	none	2537	f47767e4	512	224	0	2537
2611	2	11230100354660	none	2538	bb1cdef7	512	224	0	2538
2612	3	11230117601010	none	2539	bb1cdef7	512	224	0	2539
2613	4	11230130832080	none	2540	bb1cdef7	512	224	0	2540
2614	5	11230148110080	none	2541	f0132ae8	512	224	0	2541
2615	6	11230165398050	none	2542	4bf5c364	512	224	0	2542
2616	7	11230182911220	none	2543	b7c6694f	512	224	0	2543
2617	0	11230200487150	none	2544	44cee600	512	224	0	2544
2618	1	11230213670300	none	2545	44cee600	512	224	0	2545
2619	2	11230230917940	none	2546	2a81524d	512	224	0	2546
2620	3	11230248129750	none	2547	2a81524d	512	224	0	2547
2621	4	11230265384290	none	2548	ec891283	512	224	0	2548
2622	5	11230282701040	none	2549	704eeaed	512	224	0	2549
2623	6	11230299973640	none	2550	b39097ab	512	224	0	2550
2624	7	11230317199900	none	2551	b39097ab	512	224	0	2551
2625	0	11230330430310	none	2552	7c34f03e	512	224	0	2552
2626	1	11230347661370	none	2553	3d54d153	512	224	0	2553
2627	2	11230364918220	none	2554	d5cb5efa	512	224	0	2554
2628	3	11230382302550	none	2555	d5cb5efa	512	224	0	2555
2629	4	11230399557540	none	2556	d5cb5efa	512	224	0	2556
2630	5	11230416822810	none	2557	4e1229b6	512	224	0	2557
2631	6	11230430030280	none	2558	20becd13	512	224	0	2558
2632	7	11230447261490	none	2559	20becd13	512	224	0	2559
2633	0	11230464512280	none	2560	20becd13	512	224	0	2560
2634	1	11230481828120	none	2561	20becd13	512	224	0	2561
2635	2	11230499090550	none	2562	1d70a8e1	512	224	0	2562
2636	3	11230516304860	none	2563	d2d7cf27	512	224	0	2563
2637	4	11230533565630	none	2564	3b4722ca	512	224	0	2564
2638	5	11230546791590	none	2565	6b698e55	512	224	0	2565
2639	6	11230564008140	none	2566	66794689	512	224	0	2566
2640	7	11230581371990	none	2567	66794689	512	224	0	2567
2641	0	11230598634920	none	2568	241ca030	512	224	0	2568
2642	1	11230615881210	none	2569	241ca030	512	224	0	2569
2643	2	11230633099730	none	2570	81eea1dd	512	224	0	2570
2644	3	11230646336710	none	2571	81eea1dd	512	224	0	2571
2645	4	11230663583530	none	2572	81eea1dd	512	224	0	2572
2646	5	11230680838880	none	2573	fe976b87	512	224	0	2573
2647	6	11230698068340	none	2574	ac8978bd	512	224	0	2574
2648	7	11230715320710	none	2575	ac8978bd	512	224	0	2575
2649	0	11230732620130	none	2576	ac8978bd	512	224	0	2576
2650	1	11230749860450	none	2577	ac8978bd	512	224	0	2577
2651	2	11230763080570	none	2578	8770092e	512	224	0	2578
2652	3	11230780322100	none	2579	8770092e	512	224	0	2579
2653	4	11230797577330	none	2580	8770092e	512	224	0	2580
2654	5	11230814884870	none	2581	664fb780	512	224	0	2581
2655	6	11230832124690	none	2582	22da55f8	512	224	0	2582
2656	7	11230849332640	none	2583	6c00fc69	512	224	0	2583
2657	0	11230862540030	none	2584	e5880b7b	512	224	0	2584
2658	1	11230879783350	none	2585	e5880b7b	512	224	0	2585
2659	2	11230897015070	none	2586	8c32bd7f	512	224	0	2586
2660	3	11230914244130	none	2587	8c32bd7f	512	224	0	2587
2661	4	11230931520680	none	2588	a2fc75a8	512	224	0	2588
2662	5	11230948776030	none	2589	a5e2fa8a	512	224	0	2589
2663	6	11230966102590	none	2590	f4e39707	512	224	0	2590
2664	7	11230979354840	none	2591	f4e39707	512	224	0	2591
2665	0	11230996612170	none	2592	f4e39707	512	224	0	2592
2666	1	11231013895170	none	2593	80dfc986	512	224	0	2593
2667	2	11231031121330	none	2594	3f6fe25d	512	224	0	2594
2668	3	11231048370670	none	2595	3f6fe25d	512	224	0	2595
2669	4	11231065619380	none	2596	3f6fe25d	512	224	0	2596
2670	5	11231078828570	none	2597	b712ac8d	512	224	0	2597
2671	6	11231096102690	none	2598	9abd7536	512	224	0	2598
2672	7	11231113325280	none	2599	9abd7536	512	224	0	2599
2673	0	11231130678950	none	2600	9abd7536	512	224	0	2600
2674	1	11231147951030	none	2601	9abd7536	512	224	0	2601
2675	2	11231165170860	none	2602	5472cdc2	512	224	0	2602
2676	3	11231182411050	none	2603	1b4680a4	512	224	0	2603
2677	4	11231195630570	none	2604	1b4680a4	512	224	0	2604
2678	5	11231212896130	none	2605	f106f293	512	224	0	2605
2679	6	11231230131520	none	2606	65a917b6	512	224	0	2606
2680	7	11231247384580	none	2607	65a917b6	512	224	0	2607
2681	0	11231264628120	none	2608	5d1b609e	512	224	0	2608
2682	1	11231281893760	none	2609	5d1b609e	512	224	0	2609
2683	2	11231295222990	none	2610	7d85b21d	512	224	0	2610
2684	3	11231312473390	none	2611	7d85b21d	512	224	0	2611
2685	4	11231329801250	none	2612	7d85b21d	512	224	0	2612
2686	5	11231347020320	none	2613	f9589ae7	512	224	0	2613
2687	6	11231364253670	none	2614	fd1dd781	512	224	0	2614
2688	7	11231381500990	none	2615	fd1dd781	512	224	0	2615
2689	0	11231398740630	none	2616	fd1dd781	512	224	0	2616
2690	1	11231411954960	none	2617	fd1dd781	512	224	0	2617
2691	2	11231429315810	none	2618	4294757f	512	224	0	2618
2692	3	11231446586430	none	2619	4294757f	512	224	0	2619
2693	4	11231463870330	none	2620	4294757f	512	224	0	2620
2694	5	11231481082460	none	2621	a3abcbd1	512	224	0	2621
2695	6	11231498306500	none	2622	3e913250	512	224	0	2622
2696	7	11231511560600	none	2623	88db3662	512	224	0	2623
2697	0	11231528859570	none	2624	7a373eac	512	224	0	2624
2698	1	11231546081300	none	2625	7a373eac	512	224	0	2625
2699	2	11231563321280	none	2626	8a004bfd	512	224	0	2626
2700	3	11231580572680	none	2627	7eac4ffb	512	224	0	2627
2701	4	11231597836210	none	2628	f9dd2579	512	224	0	2628
2702	5	11231615080750	none	2629	e9fcb903	512	224	0	2629
2703	6	11231628257180	none	2630	a88446ef	512	224	0	2630
2704	7	11231645494150	none	2631	045c73d0	512	224	0	2631
2705	0	11231662769900	none	2632	045c73d0	512	224	0	2632
2706	1	11231680013900	none	2633	d445334e	512	224	0	2633
2707	2	11231697232160	none	2634	da8c3e2e	512	224	0	2634
2708	3	11231714499090	none	2635	183f796b	512	224	0	2635
2709	4	11231727711430	none	2636	183f796b	512	224	0	2636
2710	5	11231744961220	none	2637	649002fc	512	224	0	2637
2711	6	11231762165520	none	2638	2d153333	512	224	0	2638
2712	7	11231779423310	none	2639	a2278823	512	224	0	2639
2713	0	11231796673270	none	2640	a2278823	512	224	0	2640
2714	1	11231814089170	none	2641	a2278823	512	224	0	2641
2715	2	11231831329180	none	2642	80174637	512	224	0	2642
2716	3	11231844639380	none	2643	97d0a86d	512	224	0	2643
2717	4	11231861897940	none	2644	97d0a86d	512	224	0	2644
2718	5	11231879092630	none	2645	afcae202	512	224	0	2645
2719	6	11231896315050	none	2646	0284b76d	512	224	0	2646
2720	7	11231913579630	none	2647	0807baf9	512	224	0	2647
2721	0	11231930822210	none	2648	fc626140	512	224	0	2648
2722	1	11231944155080	none	2649	fc626140	512	224	0	2649
2723	2	11231961369180	none	2650	f15067bb	512	224	0	2650
2724	3	11231978691120	none	2651	f15067bb	512	224	0	2651
2725	4	11231995940610	none	2652	f15067bb	512	224	0	2652
2726	5	11232013147600	none	2653	9788cda5	512	224	0	2653
2727	6	11232030377230	none	2654	d2a1f6c1	512	224	0	2654
2728	7	11232047728550	none	2655	d2a1f6c1	512	224	0	2655
2729	0	11232060955130	none	2656	d2a1f6c1	512	224	0	2656
2730	1	11232078174400	none	2657	d2a1f6c1	512	224	0	2657
2731	2	11232095421430	none	2658	f63580db	512	224	0	2658
2732	3	11232112671680	none	2659	f63580db	512	224	0	2659
2733	4	11232129938960	none	2660	f63580db	512	224	0	2660
2734	5	11232147307500	none	2661	7e48ce0b	512	224	0	2661
2735	6	11232160530380	none	2662	3df38b7a	512	224	0	2662
2736	7	11232177876110	none	2663	eedf5c27	512	224	0	2663
2737	0	11232195094850	none	2664	b7a0904d	512	224	0	2664
2738	1	11232212344110	none	2665	b7a0904d	512	224	0	2665
2739	2	11232229584820	none	2666	3a31dcbf	512	224	0	2666
2740	3	11232246836650	none	2667	3a31dcbf	512	224	0	2667
2741	4	11232264051120	none	2668	7b6bac0c	512	224	0	2668
2742	5	11232277225660	none	2669	a3384e43	512	224	0	2669
2743	6	11232294470720	none	2670	49a80200	512	224	0	2670
2744	7	11232311872790	none	2671	49a80200	512	224	0	2671
2745	0	11232329121880	none	2672	49a80200	512	224	0	2672
2746	1	11232346352240	none	2673	a8350c9a	512	224	0	2673
2747	2	11232363615880	none	2674	2acb2c6c	512	224	0	2674
2748	3	11232376841330	none	2675	2acb2c6c	512	224	0	2675
2749	4	11232394064440	none	2676	2acb2c6c	512	224	0	2676
2750	5	11232411338810	none	2677	dda37abb	512	224	0	2677
2751	6	11232428601500	none	2678	10064b50	512	224	0	2678
2752	7	11232445865450	none	2679	10064b50	512	224	0	2679
2753	0	11232463091070	none	2680	10064b50	512	224	0	2680
2754	1	11232480312370	none	2681	10064b50	512	224	0	2681
2755	2	11232493525490	none	2682	5b375cb6	512	224	0	2682
2756	3	11232510780660	none	2683	bf2ad9cd	512	224	0	2683
2757	4	11232528011500	none	2684	1387b418	512	224	0	2684
2758	5	11232545231600	none	2685	c927e53f	512	224	0	2685
2759	6	11232562470040	none	2686	7d28fe19	512	224	0	2686
2760	7	11232579754110	none	2687	7d28fe19	512	224	0	2687
2761	0	11232593034180	none	2688	aa15de44	512	224	0	2688
2762	1	11232610273000	none	2689	aa15de44	512	224	0	2689
2763	2	11232627528650	none	2690	7bd25e2c	512	224	0	2690
2764	3	11232644799220	none	2691	7bd25e2c	512	224	0	2691
2765	4	11232662092890	none	2692	7bd25e2c	512	224	0	2692
2766	5	11232679343590	none	2693	3046db39	512	224	0	2693
2767	6	11232696697660	none	2694	83f77e12	512	224	0	2694
2768	7	11232709936790	none	2695	83f77e12	512	224	0	2695
2769	0	11232727174820	none	2696	83f77e12	512	224	0	2696
2770	1	11232744433160	none	2697	83f77e12	512	224	0	2697
2771	2	11232761689120	none	2698	0a63c7c0	512	224	0	2698
2772	3	11232778938250	none	2699	0a63c7c0	512	224	0	2699
2773	4	11232796168310	none	2700	0a63c7c0	512	224	0	2700
2774	5	11232809388440	none	2701	91bab08c	512	224	0	2701
2775	6	11232826662330	none	2702	3bb0b7c1	512	224	0	2702
2776	7	11232844039830	none	2703	c900ff87	512	224	0	2703
2777	0	11232861264750	none	2704	c900ff87	512	224	0	2704
2778	1	11232878507080	none	2705	c900ff87	512	224	0	2705
2779	2	11232895828570	none	2706	9aa3c567	512	224	0	2706
2780	3	11232909031120	none	2707	9aa3c567	512	224	0	2707
2781	4	11232926357710	none	2708	f5c4021e	512	224	0	2708
2782	5	11232943627340	none	2709	e2fb1146	512	224	0	2709
2783	6	11232961039550	none	2710	69fa1bc0	512	224	0	2710
2784	7	11232978245690	none	2711	69fa1bc0	512	224	0	2711
2785	0	11232995583880	none	2712	69fa1bc0	512	224	0	2712
2786	1	11233008913870	none	2713	05ed96b9	512	224	0	2713
2787	2	11233026240680	none	2714	54a78b4e	512	224	0	2714
2788	3	11233043519090	none	2715	54a78b4e	512	224	0	2715
2789	4	11233060777280	none	2716	54a78b4e	512	224	0	2716
2790	5	11233077981620	none	2717	42aff9fa	512	224	0	2717
2791	6	11233095348770	none	2718	61185f89	512	224	0	2718
2792	7	11233112655370	none	2719	61185f89	512	224	0	2719
2793	0	11233125925230	none	2720	61185f89	512	224	0	2720
2794	1	11233143233440	none	2721	ca7e2199	512	224	0	2721
2795	2	11233160500800	none	2722	ea9e664c	512	224	0	2722
2796	3	11233177766260	none	2723	ea9e664c	512	224	0	2723
2797	4	11233195104270	none	2724	ea9e664c	512	224	0	2724
2798	5	11233212350750	none	2725	b5a162d5	512	224	0	2725
2799	6	11233225558330	none	2726	17ffafae	512	224	0	2726
2800	7	11233242901580	none	2727	17ffafae	512	224	0	2727
2801	0	11233260128540	none	2728	17ffafae	512	224	0	2728
2802	1	11233277372220	none	2729	a98f3d90	512	224	0	2729
2803	2	11233294694600	none	2730	4048ec8c	512	224	0	2730
2804	3	11233311967210	none	2731	4048ec8c	512	224	0	2731
2805	4	11233325144260	none	2732	4048ec8c	512	224	0	2732
2806	5	11233342384490	none	2733	c4f067d0	512	224	0	2733
2807	6	11233359684610	none	2734	28060d08	512	224	0	2734
2808	7	11233376949570	none	2735	28060d08	512	224	0	2735
2809	0	11233394314150	none	2736	d40e01bf	512	224	0	2736
2810	1	11233411582870	none	2737	e8b0cc75	512	224	0	2737
2811	2	11233428823560	none	2738	3ba3dfa5	512	224	0	2738
2812	3	11233442019350	none	2739	3ba3dfa5	512	224	0	2739
2813	4	11233459225110	none	2740	3ba3dfa5	512	224	0	2740
2814	5	11233476541140	none	2741	a13333d9	512	224	0	2741
2815	6	11233493806750	none	2742	470c113c	512	224	0	2742
2816	7	11233511036410	none	2743	470c113c	512	224	0	2743
2817	0	11233528264350	none	2744	470c113c	512	224	0	2744
2818	1	11233541477770	none	2745	aa005450	512	224	0	2745
2819	2	11233558698950	none	2746	9a4ea593	512	224	0	2746
2820	3	11233575932360	none	2747	9a4ea593	512	224	0	2747
2821	4	11233593418130	none	2748	9a4ea593	512	224	0	2748
2822	5	11233610661970	none	2749	95a23394	512	224	0	2749
2823	6	11233627915250	none	2750	8d3e6d2f	512	224	0	2750
2824	7	11233641129020	none	2751	8d3e6d2f	512	224	0	2751
2825	0	11233658359000	none	2752	8d3e6d2f	512	224	0	2752
2826	1	11233675614740	none	2753	b01120ac	512	224	0	2753
2827	2	11233693125600	none	2754	413e76af	512	224	0	2754
2828	3	11233710453550	none	2755	413e76af	512	224	0	2755
2829	4	11233727694890	none	2756	413e76af	512	224	0	2756
2830	5	11233740959080	none	2757	23fff12d	512	224	0	2757
2831	6	11233758159990	none	2758	0c20a824	512	224	0	2758
2832	7	11233775402830	none	2759	0c20a824	512	224	0	2759
2833	0	11233792640230	none	2760	5c6399d9	512	224	0	2760
2834	1	11233809927020	none	2761	dbba207e	512	224	0	2761
2835	2	11233827159210	none	2762	6dc51f82	512	224	0	2762
2836	3	11233844387470	none	2763	6dc51f82	512	224	0	2763
2837	4	11233857593840	none	2764	6dc51f82	512	224	0	2764
2838	5	11233874966690	none	2765	0184a079	512	224	0	2765
2839	6	11233892182980	none	2766	8c69a98d	512	224	0	2766
2840	7	11233909563000	none	2767	8c69a98d	512	224	0	2767
2841	0	11233926973960	none	2768	8c69a98d	512	224	0	2768
2842	1	11233944209800	none	2769	dd52e669	512	224	0	2769
2843	2	11233957420870	none	2770	7f44e084	512	224	0	2770
2844	3	11233974658250	none	2771	7f44e084	512	224	0	2771
2845	4	11233991911430	none	2772	7f44e084	512	224	0	2772
2846	5	11234009143220	none	2773	55745107	512	224	0	2773
2847	6	11234026452650	none	2774	55745107	512	224	0	2774
2848	7	11234043793020	none	2775	55745107	512	224	0	2775
2849	0	11234061027490	none	2776	55745107	512	224	0	2776
2850	1	11234074208460	none	2777	0eceee74	512	224	0	2777
2851	2	11234091449390	none	2778	fd9bae0a	512	224	0	2778
2852	3	11234108717500	none	2779	fd9bae0a	512	224	0	2779
2853	4	11234125945280	none	2780	fd9bae0a	512	224	0	2780
2854	5	11234143252780	none	2781	628a7064	512	224	0	2781
2855	6	11234160521030	none	2782	02101dfc	512	224	0	2782
2856	7	11234173791230	none	2783	02101dfc	512	224	0	2783
2857	0	11234191023100	none	2784	02101dfc	512	224	0	2784
2858	1	11234208240290	none	2785	88666634	512	224	0	2785
2859	2	11234225487660	none	2786	ab909bf8	512	224	0	2786
2860	3	11234242883780	none	2787	ab909bf8	512	224	0	2787
2861	4	11234260138490	none	2788	ab909bf8	512	224	0	2788
2862	5	11234277391440	none	2789	85f01fa2	512	224	0	2789
2863	6	11234290630910	none	2790	cc993667	512	224	0	2790
2864	7	11234307876650	none	2791	cc993667	512	224	0	2791
2865	0	11234325092940	none	2792	cc993667	512	224	0	2792
2866	1	11234342331200	none	2793	562ebe97	512	224	0	2793
2867	2	11234359673670	none	2794	ef254aac	512	224	0	2794
2868	3	11234377069750	none	2795	ef254aac	512	224	0	2795
2869	4	11234390273180	none	2796	ef254aac	512	224	0	2796
2870	5	11234407513130	none	2797	89a9f766	512	224	0	2797
2871	6	11234424738990	none	2798	c342204a	512	224	0	2798
2872	7	11234442134350	none	2799	c342204a	512	224	0	2799
2873	0	11234459428510	none	2800	c342204a	512	224	0	2800
2874	1	11234476716480	none	2801	6ecc35b2	512	224	0	2801
2875	2	11234489932000	none	2802	c92fc7c5	512	224	0	2802
2876	3	11234507132160	none	2803	c92fc7c5	512	224	0	2803
2877	4	11234524369890	none	2804	c92fc7c5	512	224	0	2804
2878	5	11234541715580	none	2805	42e31e4c	512	224	0	2805
2879	6	11234558960420	none	2806	07b723d4	512	224	0	2806
2880	7	11234576278450	none	2807	07b723d4	512	224	0	2807
2881	0	11234593551500	none	2808	07b723d4	512	224	0	2808
2882	1	11234606778920	none	2809	aea7d726	512	224	0	2809
2883	2	11234624008040	none	2810	fc1bc728	512	224	0	2810
2884	3	11234641379020	none	2811	fc1bc728	512	224	0	2811
2885	4	11234658628220	none	2812	fc1bc728	512	224	0	2812
2886	5	11234675878950	none	2813	3472c650	512	224	0	2813
2887	6	11234693184170	none	2814	9bb9be15	512	224	0	2814
2888	7	11234706446210	none	2815	9bb9be15	512	224	0	2815
2889	0	11234723889940	none	2816	9bb9be15	512	224	0	2816
2890	1	11234741140710	none	2817	58fcd72e	512	224	0	2817
2891	2	11234758396730	none	2818	8763775b	512	224	0	2818
2892	3	11234775630910	none	2819	8763775b	512	224	0	2819
2893	4	11234792952750	none	2820	8763775b	512	224	0	2820
2894	5	11234806323380	none	2821	0e553748	512	224	0	2821
2895	6	11234823562990	none	2822	e1df7177	512	224	0	2822
2896	7	11234840890130	none	2823	e1df7177	512	224	0	2823
2897	0	11234858147570	none	2824	e1df7177	512	224	0	2824
2898	1	11234875389450	none	2825	f11bd557	512	224	0	2825
2899	2	11234892610750	none	2826	ce411d9c	512	224	0	2826
2900	3	11234905856370	none	2827	ce411d9c	512	224	0	2827
2901	4	11234923049240	none	2828	ce411d9c	512	224	0	2828
2902	5	11234940410250	none	2829	b6689c6d	512	224	0	2829
2903	6	11234957656530	none	2830	1cfcdebf	512	224	0	2830
2904	7	11234974934390	none	2831	1cfcdebf	512	224	0	2831
2905	0	11234992176930	none	2832	1cfcdebf	512	224	0	2832
2906	1	11235009455640	none	2833	e40a8ef2	512	224	0	2833
2907	2	11235022694360	none	2834	528e7001	512	224	0	2834
2908	3	11235039912390	none	2835	528e7001	512	224	0	2835
2909	4	11235057128390	none	2836	528e7001	512	224	0	2836
2910	5	11235074372740	none	2837	c3e0f052	512	224	0	2837
2911	6	11235091625910	none	2838	8164176e	512	224	0	2838
2912	7	11235108877030	none	2839	8164176e	512	224	0	2839
2913	0	11235122148710	none	2840	8164176e	512	224	0	2840
2914	1	11235139510660	none	2841	705e83b7	512	224	0	2841
2915	2	11235156760380	none	2842	aeaea961	512	224	0	2842
2916	3	11235173991270	none	2843	aeaea961	512	224	0	2843
2917	4	11235191229460	none	2844	aeaea961	512	224	0	2844
2918	5	11235208611380	none	2845	c11c2bad	512	224	0	2845
2919	6	11235222318420	none	2846	bbfe0bb5	512	224	0	2846
2920	7	11235239702170	none	2847	bbfe0bb5	512	224	0	2847
2921	0	11235256954290	none	2848	bbfe0bb5	512	224	0	2848
2922	1	11235274186090	none	2849	d97da8ad	512	224	0	2849
2923	2	11235291442920	none	2850	bb71f123	512	224	0	2850
2924	3	11235308708630	none	2851	bb71f123	512	224	0	2851
2925	4	11235321906620	none	2852	bb71f123	512	224	0	2852
2926	5	11235339279410	none	2853	2dbbae8e	512	224	0	2853
2927	6	11235356515770	none	2854	4becef18	512	224	0	2854
2928	7	11235373785830	none	2855	4becef18	512	224	0	2855
2929	0	11235390995710	none	2856	4becef18	512	224	0	2856
2930	1	11235408218450	none	2857	5d8b2a3b	512	224	0	2857
2931	2	11235425451860	none	2858	64eb0f5c	512	224	0	2858
2932	3	11235438735470	none	2859	64eb0f5c	512	224	0	2859
2933	4	11235455936520	none	2860	64eb0f5c	512	224	0	2860
2934	5	11235473155510	none	2861	fb26a62c	512	224	0	2861
2935	6	11235490435320	none	2862	0998547a	512	224	0	2862
2936	7	11235507719380	none	2863	0998547a	512	224	0	2863
2937	0	11235524991380	none	2864	0998547a	512	224	0	2864
2938	1	11235538162740	none	2865	7633fa85	512	224	0	2865
2939	2	11235555400420	none	2866	304be812	512	224	0	2866
2940	3	11235572625240	none	2867	304be812	512	224	0	2867
2941	4	11235589982540	none	2868	304be812	512	224	0	2868
2942	5	11235607276630	none	2869	1bf8fe28	512	224	0	2869
2943	6	11235624524390	none	2870	c7723e88	512	224	0	2870
2944	7	11235641897080	none	2871	c7723e88	512	224	0	2871
2945	0	11235655131300	none	2872	c7723e88	512	224	0	2872
2946	1	11235672358120	none	2873	ab0c7e8f	512	224	0	2873
2947	2	11235689613090	none	2874	fbfe0c2e	512	224	0	2874
2948	3	11235706875960	none	2875	fbfe0c2e	512	224	0	2875
2949	4	11235724087230	none	2876	fbfe0c2e	512	224	0	2876
2950	5	11235741327010	none	2877	b483b656	512	224	0	2877
2951	6	11235754626530	none	2878	c38b5d3d	512	224	0	2878
2952	7	11235771900800	none	2879	c38b5d3d	512	224	0	2879
2953	0	11235789109900	none	2880	93c86cc0	512	224	0	2880
2954	1	11235806358660	none	2881	c08affde	512	224	0	2881
2955	2	11235823599050	none	2882	79f322d7	512	224	0	2882
2956	3	11235840851600	none	2883	79f322d7	512	224	0	2883
2957	4	11235854176990	none	2884	79f322d7	512	224	0	2884
2958	5	11235871439860	none	2885	3fe12907	512	224	0	2885
2959	6	11235888712590	none	2886	a86731c2	512	224	0	2886
2960	7	11235905945220	none	2887	a86731c2	512	224	0	2887
2961	0	11235923170280	none	2888	a86731c2	512	224	0	2888
2962	1	11235940412080	none	2889	2af73c25	512	224	0	2889
2963	2	11235957762130	none	2890	d90f56fe	512	224	0	2890
2964	3	11235970967060	none	2891	d90f56fe	512	224	0	2891
2965	4	11235988203230	none	2892	d90f56fe	512	224	0	2892
2966	5	11236005444610	none	2893	fb9f0806	512	224	0	2893
2967	6	11236022691050	none	2894	04ba276a	512	224	0	2894
2968	7	11236039985470	none	2895	04ba276a	512	224	0	2895
2969	0	11236057416990	none	2896	f8a96bba	512	224	0	2896
2970	1	11236070604620	none	2897	84189458	512	224	0	2897
2971	2	11236087927850	none	2898	78df2e15	512	224	0	2898
2972	3	11236105155670	none	2899	78df2e15	512	224	0	2899
2973	4	11236122425270	none	2900	78df2e15	512	224	0	2900
2974	5	11236139716240	none	2901	0a9e6e2d	512	224	0	2901
2975	6	11236156932870	none	2902	69dc1863	512	224	0	2902
2976	7	11236174150570	none	2903	69dc1863	512	224	0	2903
2977	0	11236187385750	none	2904	69dc1863	512	224	0	2904
2978	1	11236204626940	none	2905	c17e93fa	512	224	0	2905
2979	2	11236221883730	none	2906	15574513	512	224	0	2906
2980	3	11236239105090	none	2907	15574513	512	224	0	2907
2981	4	11236256344290	none	2908	15574513	512	224	0	2908
2982	5	11236273572570	none	2909	e9b0fc16	512	224	0	2909
2983	6	11236286777430	none	2910	64f58f85	512	224	0	2910
2984	7	11236304046820	none	2911	64f58f85	512	224	0	2911
2985	0	11236321267450	none	2912	64f58f85	512	224	0	2912
2986	1	11236338519150	none	2913	2476adf4	512	224	0	2913
2987	2	11236355758470	none	2914	eab7d25e	512	224	0	2914
2988	3	11236372970840	none	2915	eab7d25e	512	224	0	2915
2989	4	11236390194620	none	2916	eab7d25e	512	224	0	2916
2990	5	11236403416580	none	2917	70ab3b4a	512	224	0	2917
2991	6	11236420667200	none	2918	4f78dea9	512	224	0	2918
2992	7	11236437993260	none	2919	4f78dea9	512	224	0	2919
2993	0	11236455223420	none	2920	4f78dea9	512	224	0	2920
2994	1	11236472491120	none	2921	42463198	512	224	0	2921
2995	2	11236489734520	none	2922	c7711423	512	224	0	2922
2996	3	11236507024450	none	2923	c7711423	512	224	0	2923
2997	4	11236520235910	none	2924	c7711423	512	224	0	2924
2998	5	11236537544540	none	2925	c5e1c4a5	512	224	0	2925
2999	6	11236554808320	none	2926	598a85ae	512	224	0	2926
3000	7	11236572148610	none	2927	598a85ae	512	224	0	2927
3001	0	11236589396880	none	2928	598a85ae	512	224	0	2928
3002	1	11236606829200	none	2929	139b4130	512	224	0	2929
3003	2	11236620032930	none	2930	412804cf	512	224	0	2930
3004	3	11236637274250	none	2931	412804cf	512	224	0	2931
3005	4	11236654510600	none	2932	412804cf	512	224	0	2932
3006	5	11236671748020	none	2933	bbc4dccb	512	224	0	2933
3007	6	11236688961220	none	2934	10c108cc	512	224	0	2934
3008	7	11236706213470	none	2935	10c108cc	512	224	0	2935
3009	0	11236719516920	none	2936	10c108cc	512	224	0	2936
3010	1	11236736792400	none	2937	fd6916ed	512	224	0	2937
3011	2	11236754083940	none	2938	5316fd76	512	224	0	2938
3012	3	11236771325820	none	2939	5316fd76	512	224	0	2939
3013	4	11236788628950	none	2940	5316fd76	512	224	0	2940
3014	5	11236805955420	none	2941	65295edf	512	224	0	2941
3015	6	11236823173490	none	2942	dbe568ca	512	224	0	2942
3016	7	11236836419940	none	2943	dbe568ca	512	224	0	2943
3017	0	11236853705820	none	2944	dbe568ca	512	224	0	2944
3018	1	11236871085790	none	2945	2f93b62d	512	224	0	2945
3019	2	11236888328510	none	2946	5951d432	512	224	0	2946
3020	3	11236905660880	none	2947	5951d432	512	224	0	2947
3021	4	11236922948770	none	2948	5951d432	512	224	0	2948
3022	5	11236936127180	none	2949	f013ba10	512	224	0	2949
3023	6	11236953381730	none	2950	f3851184	512	224	0	2950
3024	7	11236970621650	none	2951	f3851184	512	224	0	2951
3025	0	11236987876790	none	2952	f3851184	512	224	0	2952
3026	1	11237005302290	none	2953	cb2ff5ba	512	224	0	2953
3027	2	11237022549010	none	2954	47a05103	512	224	0	2954
3028	3	11237035766460	none	2955	47a05103	512	224	0	2955
3029	4	11237053002720	none	2956	47a05103	512	224	0	2956
3030	5	11237070220980	none	2957	070097de	512	224	0	2957
3031	6	11237087468910	none	2958	4f2de5ea	512	224	0	2958
3032	7	11237104834140	none	2959	4f2de5ea	512	224	0	2959
3033	0	11237122050150	none	2960	4f2de5ea	512	224	0	2960
3034	1	11237139283500	none	2961	0847a46c	512	224	0	2961
3035	2	11237152492030	none	2962	17cd8c85	512	224	0	2962
3036	3	11237169731090	none	2963	17cd8c85	512	224	0	2963
3037	4	11237186937450	none	2964	17cd8c85	512	224	0	2964
3038	5	11237204325050	none	2965	cc2c561d	512	224	0	2965
3039	6	11237221563760	none	2966	51187105	512	224	0	2966
3040	7	11237238820870	none	2967	51187105	512	224	0	2967
3041	0	11237252017960	none	2968	51187105	512	224	0	2968
3042	1	11237269286170	none	2969	0421c74b	512	224	0	2969
3043	2	11237286525340	none	2970	6ae3859f	512	224	0	2970
3044	3	11237303781940	none	2971	6ae3859f	512	224	0	2971
3045	4	11237321000490	none	2972	6ae3859f	512	224	0	2972
3046	5	11237338222090	none	2973	1c6a8f97	512	224	0	2973
3047	6	11237355471900	none	2974	e30509fb	512	224	0	2974
3048	7	11237368734310	none	2975	e30509fb	512	224	0	2975
3049	0	11237385991390	none	2976	e30509fb	512	224	0	2976
3050	1	11237403198250	none	2977	1d1afcaa	512	224	0	2977
3051	2	11237420457140	none	2978	3199b851	512	224	0	2978
3052	3	11237437708420	none	2979	3199b851	512	224	0	2979
3053	4	11237454996310	none	2980	3199b851	512	224	0	2980
3054	5	11237468190620	none	2981	e5a83066	512	224	0	2981
3055	6	11237485450740	none	2982	1459a5fd	512	224	0	2982
3056	7	11237502683330	none	2983	1459a5fd	512	224	0	2983
3057	0	11237519923130	none	2984	1459a5fd	512	224	0	2984
3058	1	11237537145890	none	2985	e97fb37a	512	224	0	2985
3059	2	11237554403870	none	2986	e552baff	512	224	0	2986
3060	3	11237571657010	none	2987	e552baff	512	224	0	2987
3061	4	11237584997550	none	2988	e552baff	512	224	0	2988
3062	5	11237602208080	none	2989	73d12765	512	224	0	2989
3063	6	11237619448810	none	2990	55f89c35	512	224	0	2990
3064	7	11237636721600	none	2991	55f89c35	512	224	0	2991
3065	0	11237654051940	none	2992	55f89c35	512	224	0	2992
3066	1	11237671303680	none	2993	55f89c35	512	224	0	2993
3067	2	11237684516670	none	2994	c9a94a91	512	224	0	2994
3068	3	11237701781760	none	2995	c9a94a91	512	224	0	2995
3069	4	11237719102080	none	2996	c9a94a91	512	224	0	2996
3070	5	11237736347580	none	2997	52703ddd	512	224	0	2997
3071	6	11237753681500	none	2998	b09a17b2	512	224	0	2998
3072	7	11237770892680	none	2999	b09a17b2	512	224	0	2999
3073	0	11237788140170	none	3000	b09a17b2	512	224	0	3000
3074	1	11237801348060	none	3001	b09a17b2	512	224	0	3001
3075	2	11237818580610	none	3002	db7f3049	512	224	0	3002
3076	3	11237835883500	none	3003	bd233517	512	224	0	3003
3077	4	11237853104500	none	3004	bd233517	512	224	0	3004
3078	5	11237870350690	none	3005	26fa425b	512	224	0	3005
3079	6	11237887586050	none	3006	f535f7d8	512	224	0	3006
3080	7	11237900893180	none	3007	f535f7d8	512	224	0	3007
3081	0	11237918116340	none	3008	972b924b	512	224	0	3008
3082	1	11237935340040	none	3009	972b924b	512	224	0	3009
3083	2	11237952676990	none	3010	4795303e	512	224	0	3010
3084	3	11237969971320	none	3011	4795303e	512	224	0	3011
3085	4	11237987201340	none	3012	4795303e	512	224	0	3012
3086	5	11238004454480	none	3013	fafd7272	512	224	0	3013
3087	6	11238017668210	none	3014	2240ca42	512	224	0	3014
3088	7	11238034877680	none	3015	2240ca42	512	224	0	3015
3089	0	11238052249160	none	3016	2240ca42	512	224	0	3016
3090	1	11238069569180	none	3017	2240ca42	512	224	0	3017
3091	2	11238086820100	none	3018	ba1caad1	512	224	0	3018
3092	3	11238104042960	none	3019	f00f27f4	512	224	0	3019
3093	4	11238117242230	none	3020	f00f27f4	512	224	0	3020
3094	5	11238134477070	none	3021	a346512e	512	224	0	3021
3095	6	11238151719640	none	3022	c65a77e8	512	224	0	3022
3096	7	11238169024670	none	3023	10ec51e9	512	224	0	3023
3097	0	11238186262060	none	3024	ed3b2396	512	224	0	3024
3098	1	11238203503420	none	3025	ed3b2396	512	224	0	3025
3099	2	11238220758560	none	3026	729d872e	512	224	0	3026
3100	3	11238233937450	none	3027	729d872e	512	224	0	3027
3101	4	11238251343030	none	3028	0cce14c6	512	224	0	3028
3102	5	11238268579800	none	3029	1459f5c5	512	224	0	3029
3103	6	11238285827970	none	3030	042df052	512	224	0	3030
3104	7	11238303059980	none	3031	042df052	512	224	0	3031
3105	0	11238320311390	none	3032	042df052	512	224	0	3032
3106	1	11238333529290	none	3033	a2080c79	512	224	0	3033
3107	2	11238350786100	none	3034	3a126aa9	512	224	0	3034
3108	3	11238367995620	none	3035	3a126aa9	512	224	0	3035
3109	4	11238385215420	none	3036	3a126aa9	512	224	0	3036
3110	5	11238402464850	none	3037	3a126aa9	512	224	0	3037
3111	6	11238419710720	none	3038	3478cc2a	512	224	0	3038
3112	7	11238437085470	none	3039	3478cc2a	512	224	0	3039
3113	0	11238450275620	none	3040	3478cc2a	512	224	0	3040
3114	1	11238467511080	none	3041	3478cc2a	512	224	0	3041
3115	2	11238484876390	none	3042	8cd5260c	512	224	0	3042
3116	3	11238502113140	none	3043	e52f1df6	512	224	0	3043
3117	4	11238519369300	none	3044	e52f1df6	512	224	0	3044
3118	5	11238536602010	none	3045	3f8f4cd1	512	224	0	3045
3119	6	11238549798570	none	3046	fb96cc38	512	224	0	3046
3120	7	11238567027260	none	3047	fb96cc38	512	224	0	3047
3121	0	11238584256900	none	3048	f612d65d	512	224	0	3048
3122	1	11238601515980	none	3049	f612d65d	512	224	0	3049
3123	2	11238618793340	none	3050	3b32fb36	512	224	0	3050
3124	3	11238636110470	none	3051	3b32fb36	512	224	0	3051
3125	4	11238653366490	none	3052	3b32fb36	512	224	0	3052
3126	5	11238666673310	none	3053	66c2e6b8	512	224	0	3053
3127	6	11238683891120	none	3054	44702f8f	512	224	0	3054
3128	7	11238701171250	none	3055	44702f8f	512	224	0	3055
3129	0	11238718438630	none	3056	44702f8f	512	224	0	3056
3130	1	11238735694140	none	3057	44702f8f	512	224	0	3057
3131	2	11238752915170	none	3058	0f879f6e	512	224	0	3058
3132	3	11238766272670	none	3059	0f879f6e	512	224	0	3059
3133	4	11238783502780	none	3060	0f879f6e	512	224	0	3060
3134	5	11238800838570	none	3061	0f879f6e	512	224	0	3061
3135	6	11238818078860	none	3062	3b283db5	512	224	0	3062
3136	7	11238835318900	none	3063	200d0d77	512	224	0	3063
3137	0	11238852575930	none	3064	200d0d77	512	224	0	3064
3138	1	11238869870150	none	3065	200d0d77	512	224	0	3065
3139	2	11238883077120	none	3066	8bc2c5c8	512	224	0	3066
3140	3	11238900474510	none	3067	8bc2c5c8	512	224	0	3067
3141	4	11238917710970	none	3068	456c4fc8	512	224	0	3068
3142	5	11238935074740	none	3069	41f7650c	512	224	0	3069
3143	6	11238952330710	none	3070	e12d298c	512	224	0	3070
3144	7	11238965753370	none	3071	e12d298c	512	224	0	3071
3145	0	11238983004060	none	3072	e12d298c	512	224	0	3072
3146	1	11239000267100	none	3073	622e20b3	512	224	0	3073
3147	2	11239017534390	none	3074	d7f9565b	512	224	0	3074
3148	3	11239034783480	none	3075	d7f9565b	512	224	0	3075
3149	4	11239051990590	none	3076	d7f9565b	512	224	0	3076
3150	5	11239069373500	none	3077	5f84188b	512	224	0	3077
3151	6	11239082577860	none	3078	f13e9d7f	512	224	0	3078
3152	7	11239099916240	none	3079	f13e9d7f	512	224	0	3079
3153	0	11239117133020	none	3080	f13e9d7f	512	224	0	3080
3154	1	11239134407110	none	3081	f13e9d7f	512	224	0	3081
3155	2	11239151672030	none	3082	82debe32	512	224	0	3082
3156	3	11239168872730	none	3083	f88eb4a6	512	224	0	3083
3157	4	11239182066100	none	3084	f88eb4a6	512	224	0	3084
3158	5	11239199445880	none	3085	67cce92e	512	224	0	3085
3159	6	11239216700390	none	3086	e36cd7cf	512	224	0	3086
3160	7	11239233960360	none	3087	e36cd7cf	512	224	0	3087
3161	0	11239251253000	none	3088	a87538ca	512	224	0	3088
3162	1	11239268494720	none	3089	a87538ca	512	224	0	3089
3163	2	11239285755150	none	3090	08807598	512	224	0	3090
3164	3	11239298939340	none	3091	08807598	512	224	0	3091
3165	4	11239316166340	none	3092	08807598	512	224	0	3092
3166	5	11239333407970	none	3093	3b6e8719	512	224	0	3093
3167	6	11239350658020	none	3094	8adefc7f	512	224	0	3094
3168	7	11239367913790	none	3095	8adefc7f	512	224	0	3095
3169	0	11239385126170	none	3096	8adefc7f	512	224	0	3096
3170	1	11239398347060	none	3097	8adefc7f	512	224	0	3097
3171	2	11239415573060	none	3098	5b7f7799	512	224	0	3098
3172	3	11239432822150	none	3099	5b7f7799	512	224	0	3099
3173	4	11239450045460	none	3100	5b7f7799	512	224	0	3100
3174	5	11239467290090	none	3101	ac17214e	512	224	0	3101
3175	6	11239484568950	none	3102	ef001238	512	224	0	3102
3176	7	11239501906670	none	3103	6563508e	512	224	0	3103
3177	0	11239515125450	none	3104	58537091	512	224	0	3104
3178	1	11239532369310	none	3105	58537091	512	224	0	3105
3179	2	11239549620710	none	3106	755f990f	512	224	0	3106
3180	3	11239566849440	none	3107	755f990f	512	224	0	3107
3181	4	11239584108140	none	3108	ec16b475	512	224	0	3108
3182	5	11239601359050	none	3109	9c86afe3	512	224	0	3109
3183	6	11239614653660	none	3110	9e5bff89	512	224	0	3110
3184	7	11239631889570	none	3111	9e5bff89	512	224	0	3111
3185	0	11239649114860	none	3112	9e5bff89	512	224	0	3112
3186	1	11239666375070	none	3113	903c90fd	512	224	0	3113
3187	2	11239683614210	none	3114	375c76f7	512	224	0	3114
3188	3	11239700897260	none	3115	375c76f7	512	224	0	3115
3189	4	11239718125910	none	3116	375c76f7	512	224	0	3116
3190	5	11239731388020	none	3117	9d6c3c46	512	224	0	3117
3191	6	11239748650780	none	3118	cf006342	512	224	0	3118
3192	7	11239765912380	none	3119	cf006342	512	224	0	3119
3193	0	11239783253400	none	3120	cf006342	512	224	0	3120
3194	1	11239800485470	none	3121	cf006342	512	224	0	3121
3195	2	11239817914340	none	3122	0d4e626b	512	224	0	3122
3196	3	11239831082150	none	3123	bdbedfb1	512	224	0	3123
3197	4	11239848361510	none	3124	bdbedfb1	512	224	0	3124
3198	5	11239865598590	none	3125	5c81611f	512	224	0	3125
3199	6	11239882817270	none	3126	43d1b050	512	224	0	3126
3200	7	11239900026120	none	3127	43d1b050	512	224	0	3127
3201	0	11239917414960	none	3128	a4089ab7	512	224	0	3128
3202	1	11239934683650	none	3129	a4089ab7	512	224	0	3129
3203	2	11239947868520	none	3130	84413a93	512	224	0	3130
3204	3	11239965095710	none	3131	84413a93	512	224	0	3131
3205	4	11239982373160	none	3132	84413a93	512	224	0	3132
3206	5	11239999606640	none	3133	1b5fb5c4	512	224	0	3133
3207	6	11240016839610	none	3134	3a51ce54	512	224	0	3134
3208	7	11240034100570	none	3135	3a51ce54	512	224	0	3135
3209	0	11240047301590	none	3136	3a51ce54	512	224	0	3136
3210	1	11240064534520	none	3137	e43cab09	512	224	0	3137
3211	2	11240081775290	none	3138	61ff907c	512	224	0	3138
3212	3	11240098981970	none	3139	61ff907c	512	224	0	3139
3213	4	11240116362330	none	3140	61ff907c	512	224	0	3140
3214	5	11240133603120	none	3141	940851de	512	224	0	3141
3215	6	11240150839070	none	3142	8db1ab91	512	224	0	3142
3216	7	11240164035910	none	3143	8db1ab91	512	224	0	3143
3217	0	11240181273990	none	3144	ddf29a6c	512	224	0	3144
3218	1	11240198532060	none	3145	f9db7f58	512	224	0	3145
3219	2	11240215782370	none	3146	2ecfc2aa	512	224	0	3146
3220	3	11240233105420	none	3147	2ecfc2aa	512	224	0	3147
3221	4	11240250527220	none	3148	2ecfc2aa	512	224	0	3148
3222	5	11240263775660	none	3149	e0ac1e2e	512	224	0	3149
3223	6	11240280985390	none	3150	e2b05365	512	224	0	3150
3224	7	11240298413790	none	3151	e2b05365	512	224	0	3151
3225	0	11240315644870	none	3152	e2b05365	512	224	0	3152
3226	1	11240332876080	none	3153	bd4fc528	512	224	0	3153
3227	2	11240350113940	none	3154	15102762	512	224	0	3154
3228	3	11240367365450	none	3155	15102762	512	224	0	3155
3229	4	11240380594560	none	3156	15102762	512	224	0	3156
3230	5	11240397991790	none	3157	9f85159a	512	224	0	3157
3231	6	11240415238220	none	3158	ba320478	512	224	0	3158
3232	7	11240432542500	none	3159	ba320478	512	224	0	3159
3233	0	11240449783670	none	3160	462148a8	512	224	0	3160
3234	1	11240467018700	none	3161	0062adfe	512	224	0	3161
3235	2	11240480242840	none	3162	7a5d8b02	512	224	0	3162
3236	3	11240497490550	none	3163	7a5d8b02	512	224	0	3163
3237	4	11240514751440	none	3164	7a5d8b02	512	224	0	3164
3238	5	11240531976560	none	3165	dd0909f8	512	224	0	3165
3239	6	11240549266470	none	3166	7a4da026	512	224	0	3166
3240	7	11240566536710	none	3167	7a4da026	512	224	0	3167
3241	0	11240579753320	none	3168	7a4da026	512	224	0	3168
3242	1	11240597008200	none	3169	05a625f4	512	224	0	3169
3243	2	11240614237490	none	3170	d5e3108f	512	224	0	3170
3244	3	11240631497910	none	3171	d5e3108f	512	224	0	3171
3245	4	11240648877030	none	3172	d5e3108f	512	224	0	3172
3246	5	11240666118750	none	3173	aa6a3485	512	224	0	3173
3247	6	11240683375410	none	3174	819b519d	512	224	0	3174
3248	7	11240696587230	none	3175	819b519d	512	224	0	3175
3249	0	11240713813680	none	3176	819b519d	512	224	0	3176
3250	1	11240731114840	none	3177	854b0174	512	224	0	3177
3251	2	11240748369090	none	3178	ce30d080	512	224	0	3178
3252	3	11240765718040	none	3179	ce30d080	512	224	0	3179
3253	4	11240782946710	none	3180	ce30d080	512	224	0	3180
3254	5	11240796229270	none	3181	157dc412	512	224	0	3181
3255	6	11240813462320	none	3182	036d2303	512	224	0	3182
3256	7	11240830798040	none	3183	036d2303	512	224	0	3183
3257	0	11240848132060	none	3184	036d2303	512	224	0	3184
3258	1	11240865393700	none	3185	418755df	512	224	0	3185
3259	2	11240882655800	none	3186	5ea74409	512	224	0	3186
3260	3	11240896008940	none	3187	5ea74409	512	224	0	3187
3261	4	11240913254810	none	3188	5ea74409	512	224	0	3188
3262	5	11240930533940	none	3189	cf4fa095	512	224	0	3189
3263	6	11240947873100	none	3190	aeceb6d9	512	224	0	3190
3264	7	11240965106620	none	3191	aeceb6d9	512	224	0	3191
3265	0	11240982353610	none	3192	aeceb6d9	512	224	0	3192
3266	1	11240999610390	none	3193	64e18a64	512	224	0	3193
3267	2	11241012802590	none	3194	003f3001	512	224	0	3194
3268	3	11241030108640	none	3195	003f3001	512	224	0	3195
3269	4	11241047357410	none	3196	003f3001	512	224	0	3196
3270	5	11241064729400	none	3197	0afb6d34	512	224	0	3197
3271	6	11241081952480	none	3198	6637dc56	512	224	0	3198
3272	7	11241099257230	none	3199	6637dc56	512	224	0	3199
3273	0	11241112460450	none	3200	6637dc56	512	224	0	3200
3274	1	11241129703970	none	3201	cb0209d9	512	224	0	3201
3275	2	11241146908770	none	3202	5bda6276	512	224	0	3202
3276	3	11241164305110	none	3203	5bda6276	512	224	0	3203
3277	4	11241181535890	none	3204	5bda6276	512	224	0	3204
3278	5	11241198792720	none	3205	1d223262	512	224	0	3205
3279	6	11241216011450	none	3206	497bf946	512	224	0	3206
3280	7	11241229346920	none	3207	497bf946	512	224	0	3207
3281	0	11241246575530	none	3208	497bf946	512	224	0	3208
3282	1	11241263884590	none	3209	ab7000c2	512	224	0	3209
3283	2	11241281147040	none	3210	1add8c4d	512	224	0	3210
3284	3	11241298414040	none	3211	1add8c4d	512	224	0	3211
3285	4	11241315663770	none	3212	1add8c4d	512	224	0	3212
3286	5	11241328848890	none	3213	f09599ff	512	224	0	3213
3287	6	11241346076280	none	3214	e491f2e4	512	224	0	3214
3288	7	11241363456470	none	3215	e491f2e4	512	224	0	3215
3289	0	11241380744240	none	3216	e491f2e4	512	224	0	3216
3290	1	11241397966300	none	3217	0f9bb2ba	512	224	0	3217
3291	2	11241415205200	none	3218	0bb648d2	512	224	0	3218
3292	3	11241428413220	none	3219	0bb648d2	512	224	0	3219
3293	4	11241445657560	none	3220	0bb648d2	512	224	0	3220
3294	5	11241462872260	none	3221	d7aff889	512	224	0	3221
3295	6	11241480084810	none	3222	c2a752d1	512	224	0	3222
3296	7	11241497342080	none	3223	c2a752d1	512	224	0	3223
3297	0	11241514601650	none	3224	c2a752d1	512	224	0	3224
3298	1	11241531846920	none	3225	fed46f7d	512	224	0	3225
3299	2	11241545065350	none	3226	cf23aa4d	512	224	0	3226
3300	3	11241562308290	none	3227	cf23aa4d	512	224	0	3227
3301	4	11241579545280	none	3228	cf23aa4d	512	224	0	3228
3302	5	11241596797720	none	3229	7b13eecf	512	224	0	3229
3303	6	11241614026750	none	3230	869a255d	512	224	0	3230
3304	7	11241631310270	none	3231	869a255d	512	224	0	3231
3305	0	11241648539310	none	3232	869a255d	512	224	0	3232
3306	1	11241661738660	none	3233	2dbcfadb	512	224	0	3233
3307	2	11241678940410	none	3234	cee5f67f	512	224	0	3234
3308	3	11241696150190	none	3235	cee5f67f	512	224	0	3235
3309	4	11241713395280	none	3236	cee5f67f	512	224	0	3236
3310	5	11241730656720	none	3237	6123deba	512	224	0	3237
3311	6	11241747882780	none	3238	a17a3cfb	512	224	0	3238
3312	7	11241761090740	none	3239	a17a3cfb	512	224	0	3239
3313	0	11241778349500	none	3240	a17a3cfb	512	224	0	3240
3314	1	11241795631380	none	3241	fc4093ce	512	224	0	3241
3315	2	11241812924660	none	3242	b42d59e1	512	224	0	3242
3316	3	11241830163240	none	3243	b42d59e1	512	224	0	3243
3317	4	11241847418580	none	3244	b42d59e1	512	224	0	3244
3318	5	11241864664620	none	3245	b80e450f	512	224	0	3245
3319	6	11241877848290	none	3246	6eacf0af	512	224	0	3246
3320	7	11241895080310	none	3247	6eacf0af	512	224	0	3247
3321	0	11241912481270	none	3248	6eacf0af	512	224	0	3248
3322	1	11241929937560	none	3249	b86a95c0	512	224	0	3249
3323	2	11241947202620	none	3250	ff54ced1	512	224	0	3250
3324	3	11241964463570	none	3251	ff54ced1	512	224	0	3251
3325	4	11241977680040	none	3252	ff54ced1	512	224	0	3252
3326	5	11241994897680	none	3253	80bd5207	512	224	0	3253
3327	6	11242012127490	none	3254	24cb6db0	512	224	0	3254
3328	7	11242029385870	none	3255	24cb6db0	512	224	0	3255
3329	0	11242046635470	none	3256	24cb6db0	512	224	0	3256
3330	1	11242063872410	none	3257	09b92104	512	224	0	3257
3331	2	11242077236310	none	3258	c9e3bed5	512	224	0	3258
3332	3	11242094469260	none	3259	c9e3bed5	512	224	0	3259
3333	4	11242111805600	none	3260	c9e3bed5	512	224	0	3260
3334	5	11242129028250	none	3261	89f8e000	512	224	0	3261
3335	6	11242146280480	none	3262	5c34a5b5	512	224	0	3262
3336	7	11242163570260	none	3263	5c34a5b5	512	224	0	3263
3337	0	11242180796400	none	3264	5c34a5b5	512	224	0	3264
3338	1	11242193995410	none	3265	831e3b37	512	224	0	3265
3339	2	11242211374570	none	3266	f12f38b8	512	224	0	3266
3340	3	11242228645160	none	3267	f12f38b8	512	224	0	3267
3341	4	11242245875520	none	3268	f12f38b8	512	224	0	3268
3342	5	11242263093920	none	3269	7c257754	512	224	0	3269
3343	6	11242280343160	none	3270	e593f924	512	224	0	3270
3344	7	11242293554010	none	3271	e593f924	512	224	0	3271
3345	0	11242310760360	none	3272	e593f924	512	224	0	3272
3346	1	11242327980210	none	3273	63405541	512	224	0	3273
3347	2	11242345234780	none	3274	81007e81	512	224	0	3274
3348	3	11242362489510	none	3275	81007e81	512	224	0	3275
3349	4	11242379738300	none	3276	81007e81	512	224	0	3276
3350	5	11242396947820	none	3277	08db6fba	512	224	0	3277
3351	6	11242410156900	none	3278	555b82ac	512	224	0	3278
3352	7	11242427643340	none	3279	555b82ac	512	224	0	3279
3353	0	11242444909370	none	3280	555b82ac	512	224	0	3280
3354	1	11242462176040	none	3281	e171a938	512	224	0	3281
3355	2	11242479421540	none	3282	c1ddb824	512	224	0	3282
3356	3	11242496647960	none	3283	c1ddb824	512	224	0	3283
3357	4	11242509855930	none	3284	c1ddb824	512	224	0	3284
3358	5	11242527104070	none	3285	0b989b46	512	224	0	3285
3359	6	11242544347830	none	3286	a30464ef	512	224	0	3286
3360	7	11242561598260	none	3287	a30464ef	512	224	0	3287
3361	0	11242578871900	none	3288	a30464ef	512	224	0	3288
3362	1	11242596124350	none	3289	a0dda03f	512	224	0	3289
3363	2	11242613368690	none	3290	dcbe9ad5	512	224	0	3290
3364	3	11242626695370	none	3291	dcbe9ad5	512	224	0	3291
3365	4	11242643897120	none	3292	dcbe9ad5	512	224	0	3292
3366	5	11242661121250	none	3293	0650bcc9	512	224	0	3293
3367	6	11242678378280	none	3294	169bd360	512	224	0	3294
3368	7	11242695659780	none	3295	169bd360	512	224	0	3295
3369	0	11242712870010	none	3296	169bd360	512	224	0	3296
3370	1	11242726231820	none	3297	d7a4cd2f	512	224	0	3297
3371	2	11242743614760	none	3298	ed0e0a09	512	224	0	3298
3372	3	11242760900080	none	3299	ed0e0a09	512	224	0	3299
3373	4	11242778127920	none	3300	ed0e0a09	512	224	0	3300
3374	5	11242795374370	none	3301	327c8c03	512	224	0	3301
3375	6	11242812679140	none	3302	843e7cb0	512	224	0	3302
3376	7	11242829965760	none	3303	843e7cb0	512	224	0	3303
3377	0	11242843182940	none	3304	843e7cb0	512	224	0	3304
3378	1	11242860453440	none	3305	ebea487e	512	224	0	3305
3379	2	11242877707080	none	3306	bd6cde5f	512	224	0	3306
3380	3	11242895055580	none	3307	bd6cde5f	512	224	0	3307
3381	4	11242912295940	none	3308	bd6cde5f	512	224	0	3308
3382	5	11242929641440	none	3309	3896df9d	512	224	0	3309
3383	6	11242942907170	none	3310	05fb402e	512	224	0	3310
3384	7	11242960269570	none	3311	05fb402e	512	224	0	3311
3385	0	11242977541150	none	3312	05fb402e	512	224	0	3312
3386	1	11242994781020	none	3313	c8656796	512	224	0	3313
3387	2	11243011992720	none	3314	98c76bfa	512	224	0	3314
3388	3	11243029379810	none	3315	98c76bfa	512	224	0	3315
3389	4	11243042594820	none	3316	98c76bfa	512	224	0	3316
3390	5	11243059985910	none	3317	92ee323e	512	224	0	3317
3391	6	11243077248190	none	3318	7d0c512f	512	224	0	3318
3392	7	11243094490970	none	3319	7d0c512f	512	224	0	3319
3393	0	11243111744120	none	3320	7d0c512f	512	224	0	3320
3394	1	11243128942160	none	3321	f6581797	512	224	0	3321
3395	2	11243142154980	none	3322	07aae950	512	224	0	3322
3396	3	11243159604130	none	3323	07aae950	512	224	0	3323
3397	4	11243176873700	none	3324	07aae950	512	224	0	3324
3398	5	11243194119310	none	3325	e7048272	512	224	0	3325
3399	6	11243211361060	none	3326	919a0aea	512	224	0	3326
3400	7	11243228720360	none	3327	919a0aea	512	224	0	3327
3401	0	11243245964600	none	3328	919a0aea	512	224	0	3328
3402	1	11243259189040	none	3329	ea9d82d0	512	224	0	3329
3403	2	11243276511690	none	3330	009eabfa	512	224	0	3330
3404	3	11243293772730	none	3331	009eabfa	512	224	0	3331
3405	4	11243310990650	none	3332	009eabfa	512	224	0	3332
3406	5	11243328364940	none	3333	cee7037d	512	224	0	3333
3407	6	11243345603640	none	3334	7663b5ab	512	224	0	3334
3408	7	11243358792960	none	3335	7663b5ab	512	224	0	3335
3409	0	11243376093970	none	3336	7663b5ab	512	224	0	3336
3410	1	11243393363860	none	3337	60e024cf	512	224	0	3337
3411	2	11243410626770	none	3338	e8447b1a	512	224	0	3338
3412	3	11243427861070	none	3339	e8447b1a	512	224	0	3339
3413	4	11243445085150	none	3340	e8447b1a	512	224	0	3340
3414	5	11243458298210	none	3341	86c012ab	512	224	0	3341
3415	6	11243475542470	none	3342	cb15e5ae	512	224	0	3342
3416	7	11243492870310	none	3343	cb15e5ae	512	224	0	3343
3417	0	11243510154700	none	3344	cb15e5ae	512	224	0	3344
3418	1	11243527397500	none	3345	2085e499	512	224	0	3345
3419	2	11243544672690	none	3346	f0b76d89	512	224	0	3346
3420	3	11243561897210	none	3347	f0b76d89	512	224	0	3347
3421	4	11243575109790	none	3348	f0b76d89	512	224	0	3348
3422	5	11243592354350	none	3349	c268ab30	512	224	0	3349
3423	6	11243609677330	none	3350	ae1a35c4	512	224	0	3350
3424	7	11243626936950	none	3351	ae1a35c4	512	224	0	3351
3425	0	11243644175080	none	3352	ae1a35c4	512	224	0	3352
3426	1	11243661415010	none	3353	a8d2b294	512	224	0	3353
3427	2	11243674638070	none	3354	17f8a327	512	224	0	3354
3428	3	11243691847980	none	3355	17f8a327	512	224	0	3355
3429	4	11243709093460	none	3356	17f8a327	512	224	0	3356
3430	5	11243726396020	none	3357	152151a2	512	224	0	3357
3431	6	11243743656640	none	3358	c29eb3df	512	224	0	3358
3432	7	11243760916850	none	3359	c29eb3df	512	224	0	3359
3433	0	11243778181930	none	3360	c29eb3df	512	224	0	3360
3434	1	11243791395590	none	3361	a6c34b65	512	224	0	3361
3435	2	11243808648710	none	3362	71cf2fbb	512	224	0	3362
3436	3	11243825879100	none	3363	71cf2fbb	512	224	0	3363
3437	4	11243843194450	none	3364	71cf2fbb	512	224	0	3364
3438	5	11243860433370	none	3365	a1cc240c	512	224	0	3365
3439	6	11243877773530	none	3366	e0c11b38	512	224	0	3366
3440	7	11243890965060	none	3367	df387ae7	512	224	0	3367
3441	0	11243908211940	none	3368	df387ae7	512	224	0	3368
3442	1	11243925444970	none	3369	867bf1e6	512	224	0	3369
3443	2	11243942727460	none	3370	63afd876	512	224	0	3370
3444	3	11243960000410	none	3371	63afd876	512	224	0	3371
3445	4	11243977267530	none	3372	63afd876	512	224	0	3372
3446	5	11243994525170	none	3373	d2d67e02	512	224	0	3373
3447	6	11244007713340	none	3374	f465733e	512	224	0	3374
3448	7	11244024945600	none	3375	f465733e	512	224	0	3375
3449	0	11244042196500	none	3376	f465733e	512	224	0	3376
3450	1	11244059494980	none	3377	dc38a096	512	224	0	3377
3451	2	11244076875040	none	3378	e3d84f1e	512	224	0	3378
3452	3	11244094123020	none	3379	e3d84f1e	512	224	0	3379
3453	4	11244107332500	none	3380	e3d84f1e	512	224	0	3380
3454	5	11244124601590	none	3381	c1305090	512	224	0	3381
3455	6	11244141812830	none	3382	dd1ee823	512	224	0	3382
3456	7	11244159026210	none	3383	dd1ee823	512	224	0	3383
3457	0	11244176440370	none	3384	dd1ee823	512	224	0	3384
3458	1	11244193728160	none	3385	dc7acfcd	512	224	0	3385
3459	2	11244210996950	none	3386	d43ca598	512	224	0	3386
3460	3	11244224226460	none	3387	d43ca598	512	224	0	3387
3461	4	11244241470170	none	3388	d43ca598	512	224	0	3388
3462	5	11244258713720	none	3389	f3182918	512	224	0	3389
3463	6	11244275921390	none	3390	4c9ac6c4	512	224	0	3390
3464	7	11244293302120	none	3391	4c9ac6c4	512	224	0	3391
3465	0	11244310674990	none	3392	b0898a14	512	224	0	3392
3466	1	11244323870690	none	3393	3378112e	512	224	0	3393
3467	2	11244341132530	none	3394	98127fdf	512	224	0	3394
3468	3	11244358378370	none	3395	98127fdf	512	224	0	3395
3469	4	11244375713820	none	3396	98127fdf	512	224	0	3396
3470	5	11244393038120	none	3397	941b0ae1	512	224	0	3397
3471	6	11244410303520	none	3398	6bb07637	512	224	0	3398
3472	7	11244423530300	none	3399	26584724	512	224	0	3399
3473	0	11244440750640	none	3400	c6b2e76d	512	224	0	3400
3474	1	11244457932980	none	3401	5288d2a7	512	224	0	3401
3475	2	11244475306750	none	3402	43890686	512	224	0	3402
3476	3	11244492562290	none	3403	c31a6321	512	224	0	3403
3477	4	11244509860200	none	3404	c31a6321	512	224	0	3404
3478	5	11244527117280	none	3405	c31a6321	512	224	0	3405
3479	6	11244540349500	none	3406	ed5b029b	512	224	0	3406
3480	7	11244557635700	none	3407	ed5b029b	512	224	0	3407
3481	0	11244574890530	none	3408	d9e1319b	512	224	0	3408
3482	1	11244592156500	none	3409	d9e1319b	512	224	0	3409
3483	2	11244609464350	none	3410	35400962	512	224	0	3410
3484	3	11244626757650	none	3411	35400962	512	224	0	3411
3485	4	11244639991100	none	3412	c317c511	512	224	0	3412
3486	5	11244657368350	none	3413	c317c511	512	224	0	3413
3487	6	11244674610770	none	3414	d60fb1af	512	224	0	3414
3488	7	11244691947980	none	3415	a37b7171	512	224	0	3415
3489	0	11244709188570	none	3416	a37b7171	512	224	0	3416
3490	1	11244726527570	none	3417	e4b2820f	512	224	0	3417
3491	2	11244739740130	none	3418	4d0b21e2	512	224	0	3418
3492	3	11244756935380	none	3419	7e0688b7	512	224	0	3419
3493	4	11244774321720	none	3420	7e0688b7	512	224	0	3420
3494	5	11244791577190	none	3421	731096de	512	224	0	3421
3495	6	11244808795700	none	3422	812118b9	512	224	0	3422
3496	7	11244826118830	none	3423	812118b9	512	224	0	3423
3497	0	11244839385360	none	3424	46ef5f0d	512	224	0	3424
3498	1	11244856835290	none	3425	46ef5f0d	512	224	0	3425
3499	2	11244874240850	none	3426	be431b9e	512	224	0	3426
3500	3	11244891479810	none	3427	be431b9e	512	224	0	3427
3501	4	11244908768940	none	3428	61605322	512	224	0	3428
3502	5	11244926093660	none	3429	61605322	512	224	0	3429
3503	6	11244939350360	none	3430	61605322	512	224	0	3430
3504	7	11244956593380	none	3431	61605322	512	224	0	3431
3505	0	11244973804690	none	3432	61605322	512	224	0	3432
3506	1	11244991029640	none	3433	61605322	512	224	0	3433
3507	2	11245008279850	none	3434	61605322	512	224	0	3434
3508	3	11245025537180	none	3435	61605322	512	224	0	3435
3509	4	11245042839500	none	3436	61605322	512	224	0	3436
3510	5	11245056104120	none	3437	61605322	512	224	0	3437
3511	6	11245073481310	none	3438	61605322	512	224	0	3438
3512	7	11245090754910	none	3439	61605322	512	224	0	3439
3513	0	11245108104690	none	3440	61605322	512	224	0	3440
3514	1	11245125356570	none	3441	61605322	512	224	0	3441
3515	2	11245142595470	none	3442	61605322	512	224	0	3442
3516	3	11245155843990	none	3443	61605322	512	224	0	3443
3517	4	11245173238370	none	3444	61605322	512	224	0	3444
3518	5	11245190515330	none	3445	61605322	512	224	0	3445
3519	6	11245207744420	none	3446	61605322	512	224	0	3446
3520	7	11245225006970	none	3447	61605322	512	224	0	3447
3521	0	11245242266140	none	3448	61605322	512	224	0	3448
3522	1	11245255644780	none	3449	61605322	512	224	0	3449
3523	2	11245273454800	none	3450	61605322	512	224	0	3450
3524	3	11245290763830	none	3451	61605322	512	224	0	3451
3525	4	11245308001430	none	3452	61605322	512	224	0	3452
3526	5	11245325257080	none	3453	61605322	512	224	0	3453
3527	6	11245342557090	none	3454	61605322	512	224	0	3454
3528	7	11245355842550	none	3455	61605322	512	224	0	3455
3529	0	11245373256230	none	3456	61605322	512	224	0	3456
3530	1	11245390512100	none	3457	61605322	512	224	0	3457
3531	2	11245407729200	none	3458	61605322	512	224	0	3458
3532	3	11245425006300	none	3459	61605322	512	224	0	3459
3533	4	11245442259700	none	3460	2e7869e5	512	224	0	3460
3534	5	11245455587740	none	3461	2e7869e5	512	224	0	3461
3535	6	11245472896000	none	3462	0dbef74d	512	224	0	3462
3536	7	11245490145960	none	3463	0dbef74d	512	224	0	3463
3537	0	11245507390330	none	3464	a5d380ea	512	224	0	3464
3538	1	11245524660240	none	3465	a5d380ea	512	224	0	3465
3539	2	11245541856600	none	3466	4a33ca1d	512	224	0	3466
3540	3	11245555060250	none	3467	4a33ca1d	512	224	0	3467
3541	4	11245572428570	none	3468	e25ebdba	512	224	0	3468
3542	5	11245589679650	none	3469	e25ebdba	512	224	0	3469
3543	6	11245606960610	none	3470	c1982312	512	224	0	3470
3544	7	11245624268640	none	3471	c1982312	512	224	0	3471
3545	0	11245641565200	none	3472	69f554b5	512	224	0	3472
3546	1	11245654772090	none	3473	69f554b5	512	224	0	3473
3547	2	11245672207940	none	3474	c529b0bd	512	224	0	3474
3548	3	11245689438970	none	3475	c529b0bd	512	224	0	3475
3549	4	11245706676000	none	3476	6d44c71a	512	224	0	3476
3550	5	11245724018740	none	3477	6d44c71a	512	224	0	3477
3551	6	11245741280230	none	3478	4e8259b2	512	224	0	3478
3552	7	11245758521150	none	3479	4e8259b2	512	224	0	3479
3553	0	11245771706510	none	3480	e6ef2e15	512	224	0	3480
3554	1	11245788920230	none	3481	e6ef2e15	512	224	0	3481
3555	2	11245806168050	none	3482	090f64e2	512	224	0	3482
3556	3	11245823413350	none	3483	090f64e2	512	224	0	3483
3557	4	11245840686220	none	3484	a1621345	512	224	0	3484
3558	5	11245857897770	none	3485	a1621345	512	224	0	3485
3559	6	11245871101300	none	3486	82a48ded	512	224	0	3486
3560	7	11245888356810	none	3487	82a48ded	512	224	0	3487
3561	0	11245905592150	none	3488	2ac9fa4a	512	224	0	3488
3562	1	11245922813480	none	3489	2ac9fa4a	512	224	0	3489
3563	2	11245940017320	none	3490	2ac9fa4a	512	224	0	3490
3564	3	11245957272020	none	3491	2ac9fa4a	512	224	0	3491
3565	4	11245974522690	none	3492	2ac9fa4a	512	224	0	3492
3566	5	11245987789350	none	3493	2ac9fa4a	512	224	0	3493
3567	6	11246005011870	none	3494	2ac9fa4a	512	224	0	3494
3568	7	11246022250370	none	3495	2ac9fa4a	512	224	0	3495
3569	0	11246039520210	none	3496	2ac9fa4a	512	224	0	3496
3570	1	11246056752790	none	3497	2ac9fa4a	512	224	0	3497
3571	2	11246073964610	none	3498	2ac9fa4a	512	224	0	3498
3572	3	11246087312200	none	3499	2ac9fa4a	512	224	0	3499
3573	4	11246104570200	none	3500	2ac9fa4a	512	224	0	3500
3574	5	11246121867190	none	3501	2ac9fa4a	512	224	0	3501
3575	6	11246139079850	none	3502	2ac9fa4a	512	224	0	3502
3576	7	11246156378880	none	3503	2ac9fa4a	512	224	0	3503
3577	0	11246173650470	none	3504	2ac9fa4a	512	224	0	3504
3578	1	11246190849740	none	3505	2ac9fa4a	512	224	0	3505
3579	2	11246204126430	none	3506	2ac9fa4a	512	224	0	3506
3580	3	11246221530240	none	3507	2ac9fa4a	512	224	0	3507
3581	4	11246238751830	none	3508	2ac9fa4a	512	224	0	3508
3582	5	11246256103210	none	3509	2ac9fa4a	512	224	0	3509
3583	6	11246273384040	none	3510	2ac9fa4a	512	224	0	3510
3584	7	11246290743650	none	3511	2ac9fa4a	512	224	0	3511
3585	0	11246303949820	none	3512	2ac9fa4a	512	224	0	3512
3586	1	11246321188280	none	3513	2ac9fa4a	512	224	0	3513
3587	2	11246338435850	none	3514	2ac9fa4a	512	224	0	3514
3588	3	11246355675570	none	3515	2ac9fa4a	512	224	0	3515
3589	4	11246372857640	none	3516	2ac9fa4a	512	224	0	3516
3590	5	11246390246550	none	3517	2ac9fa4a	512	224	0	3517
3591	6	11246403446680	none	3518	2ac9fa4a	512	224	0	3518
3592	7	11246420823470	none	3519	2ac9fa4a	512	224	0	3519
3593	0	11246438069020	none	3520	2ac9fa4a	512	224	0	3520
3594	1	11246455349190	none	3521	2ac9fa4a	512	224	0	3521
3595	2	11246472605320	none	3522	2ac9fa4a	512	224	0	3522
3596	3	11246489815090	none	3523	2ac9fa4a	512	224	0	3523
3597	4	11246507040630	none	3524	2ac9fa4a	512	224	0	3524
3598	5	11246520270930	none	3525	2ac9fa4a	512	224	0	3525
3599	6	11246537516220	none	3526	2ac9fa4a	512	224	0	3526
3600	7	11246554739140	none	3527	2ac9fa4a	512	224	0	3527
3601	0	11246572021060	none	3528	2ac9fa4a	512	224	0	3528
3602	1	11246589263030	none	3529	2ac9fa4a	512	224	0	3529
3603	2	11246606585240	none	3530	2ac9fa4a	512	224	0	3530
3604	3	11246619769470	none	3531	2ac9fa4a	512	224	0	3531
3605	4	11246636989780	none	3532	2ac9fa4a	512	224	0	3532
3606	5	11246654278090	none	3533	2ac9fa4a	512	224	0	3533
3607	6	11246671514630	none	3534	2ac9fa4a	512	224	0	3534
3608	7	11246688733830	none	3535	2ac9fa4a	512	224	0	3535
3609	0	11246705955490	none	3536	2ac9fa4a	512	224	0	3536
3610	1	11246723219650	none	3537	2ac9fa4a	512	224	0	3537
3611	2	11246736425330	none	3538	2ac9fa4a	512	224	0	3538
3612	3	11246753704540	none	3539	2ac9fa4a	512	224	0	3539
3613	4	11246771003930	none	3540	2ac9fa4a	512	224	0	3540
3614	5	11246788263340	none	3541	2ac9fa4a	512	224	0	3541
3615	6	11246805517530	none	3542	2ac9fa4a	512	224	0	3542
3616	7	11246822763930	none	3543	2ac9fa4a	512	224	0	3543
3617	0	11246836085610	none	3544	2ac9fa4a	512	224	0	3544
3618	1	11246853316220	none	3545	2ac9fa4a	512	224	0	3545
3619	2	11246870575420	none	3546	2ac9fa4a	512	224	0	3546
3620	3	11246887787900	none	3547	2ac9fa4a	512	224	0	3547
3621	4	11246905123310	none	3548	2ac9fa4a	512	224	0	3548
3622	5	11246922364790	none	3549	2ac9fa4a	512	224	0	3549
3623	6	11246939699490	none	3550	2ac9fa4a	512	224	0	3550
3624	7	11246952938050	none	3551	2ac9fa4a	512	224	0	3551
3625	0	11246970195300	none	3552	2ac9fa4a	512	224	0	3552
3626	1	11246987432440	none	3553	2ac9fa4a	512	224	0	3553
3627	2	11247004735360	none	3554	2ac9fa4a	512	224	0	3554
3628	3	11247021999410	none	3555	2ac9fa4a	512	224	0	3555
3629	4	11247039262380	none	3556	2ac9fa4a	512	224	0	3556
3630	5	11247052475530	none	3557	2ac9fa4a	512	224	0	3557
3631	6	11247069703590	none	3558	2ac9fa4a	512	224	0	3558
3632	7	11247086973920	none	3559	2ac9fa4a	512	224	0	3559
3633	0	11247104271130	none	3560	2ac9fa4a	512	224	0	3560
3634	1	11247121509270	none	3561	2ac9fa4a	512	224	0	3561
3635	2	11247138822790	none	3562	2ac9fa4a	512	224	0	3562
3636	3	11247156035710	none	3563	2ac9fa4a	512	224	0	3563
3637	4	11247169256690	none	3564	2ac9fa4a	512	224	0	3564
3638	5	11247186511170	none	3565	2ac9fa4a	512	224	0	3565
3639	6	11247203731650	none	3566	2ac9fa4a	512	224	0	3566
3640	7	11247220992010	none	3567	2ac9fa4a	512	224	0	3567
3641	0	11247238369920	none	3568	2ac9fa4a	512	224	0	3568
3642	1	11247255612750	none	3569	2ac9fa4a	512	224	0	3569
3643	2	11247268783960	none	3570	2ac9fa4a	512	224	0	3570
3644	3	11247285999960	none	3571	2ac9fa4a	512	224	0	3571
3645	4	11247303240960	none	3572	2ac9fa4a	512	224	0	3572
3646	5	11247320472050	none	3573	2ac9fa4a	512	224	0	3573
3647	6	11247337703480	none	3574	2ac9fa4a	512	224	0	3574
3648	7	11247354987080	none	3575	2ac9fa4a	512	224	0	3575
3649	0	11247372262550	none	3576	2ac9fa4a	512	224	0	3576
3650	1	11247385510430	none	3577	2ac9fa4a	512	224	0	3577
3651	2	11247402724450	none	3578	2ac9fa4a	512	224	0	3578
3652	3	11247419942450	none	3579	2ac9fa4a	512	224	0	3579
3653	4	11247437321860	none	3580	2ac9fa4a	512	224	0	3580
3654	5	11247454588060	none	3581	2ac9fa4a	512	224	0	3581
3655	6	11247471812680	none	3582	2ac9fa4a	512	224	0	3582
3656	7	11247485023420	none	3583	2ac9fa4a	512	224	0	3583
3657	0	11247502303930	none	3584	2ac9fa4a	512	224	0	3584
3658	1	11247519540210	none	3585	2ac9fa4a	512	224	0	3585
3659	2	11247536759040	none	3586	2ac9fa4a	512	224	0	3586
3660	3	11247553989160	none	3587	2ac9fa4a	512	224	0	3587
3661	4	11247571243910	none	3588	2ac9fa4a	512	224	0	3588
3662	5	11247588508580	none	3589	2ac9fa4a	512	224	0	3589
3663	6	11247601686870	none	3590	2ac9fa4a	512	224	0	3590
3664	7	11247618998230	none	3591	2ac9fa4a	512	224	0	3591
3665	0	11247636253270	none	3592	2ac9fa4a	512	224	0	3592
3666	1	11247653521350	none	3593	2ac9fa4a	512	224	0	3593
3667	2	11247670770390	none	3594	2ac9fa4a	512	224	0	3594
3668	3	11247688148160	none	3595	2ac9fa4a	512	224	0	3595
3669	4	11247701351330	none	3596	2ac9fa4a	512	224	0	3596
3670	5	11247718640810	none	3597	2ac9fa4a	512	224	0	3597
3671	6	11247735833560	none	3598	2ac9fa4a	512	224	0	3598
3672	7	11247753085240	none	3599	2ac9fa4a	512	224	0	3599
3673	0	11247770318970	none	3600	2ac9fa4a	512	224	0	3600
3674	1	11247787657850	none	3601	2ac9fa4a	512	224	0	3601
3675	2	11247804905410	none	3602	2ac9fa4a	512	224	0	3602
3676	3	11247818122300	none	3603	2ac9fa4a	512	224	0	3603
3677	4	11247835360220	none	3604	2ac9fa4a	512	224	0	3604
3678	5	11247852605790	none	3605	2ac9fa4a	512	224	0	3605
3679	6	11247869883690	none	3606	2ac9fa4a	512	224	0	3606
3680	7	11247887167840	none	3607	2ac9fa4a	512	224	0	3607
3681	0	11247904474940	none	3608	2ac9fa4a	512	224	0	3608
3682	1	11247917661190	none	3609	2ac9fa4a	512	224	0	3609
3683	2	11247934929780	none	3610	2ac9fa4a	512	224	0	3610
3684	3	11247952155540	none	3611	2ac9fa4a	512	224	0	3611
3685	4	11247969398420	none	3612	2ac9fa4a	512	224	0	3612
3686	5	11247986730350	none	3613	2ac9fa4a	512	224	0	3613
3687	6	11248003965070	none	3614	2ac9fa4a	512	224	0	3614
3688	7	11248021231570	none	3615	2ac9fa4a	512	224	0	3615
3689	0	11248034420020	none	3616	2ac9fa4a	512	224	0	3616
3690	1	11248051632800	none	3617	2ac9fa4a	512	224	0	3617
3691	2	11248068841620	none	3618	2ac9fa4a	512	224	0	3618
3692	3	11248086215510	none	3619	2ac9fa4a	512	224	0	3619
3693	4	11248103472000	none	3620	2ac9fa4a	512	224	0	3620
3694	5	11248120709410	none	3621	2ac9fa4a	512	224	0	3621
3695	6	11248133982130	none	3622	2ac9fa4a	512	224	0	3622
3696	7	11248151298210	none	3623	2ac9fa4a	512	224	0	3623
3697	0	11248168549590	none	3624	2ac9fa4a	512	224	0	3624
3698	1	11248185791650	none	3625	2ac9fa4a	512	224	0	3625
3699	2	11248203039620	none	3626	2ac9fa4a	512	224	0	3626
3700	3	11248220293300	none	3627	2ac9fa4a	512	224	0	3627
3701	4	11248237544090	none	3628	2ac9fa4a	512	224	0	3628
3702	5	11248250815040	none	3629	2ac9fa4a	512	224	0	3629
3703	6	11248268049360	none	3630	2ac9fa4a	512	224	0	3630
3704	7	11248285445540	none	3631	2ac9fa4a	512	224	0	3631
3705	0	11248302677730	none	3632	2ac9fa4a	512	224	0	3632
3706	1	11248319892100	none	3633	2ac9fa4a	512	224	0	3633
3707	2	11248337164240	none	3634	2ac9fa4a	512	224	0	3634
3708	3	11248350381900	none	3635	2ac9fa4a	512	224	0	3635
3709	4	11248367724620	none	3636	2ac9fa4a	512	224	0	3636
3710	5	11248385360340	none	3637	2ac9fa4a	512	224	0	3637
3711	6	11248403013490	none	3638	2ac9fa4a	512	224	0	3638
3712	7	11248420378400	none	3639	2ac9fa4a	512	224	0	3639
3713	0	11248433871530	none	3640	2ac9fa4a	512	224	0	3640
3714	1	11248451347200	none	3641	2ac9fa4a	512	224	0	3641
3715	2	11248468655460	none	3642	2ac9fa4a	512	224	0	3642
3716	3	11248486061790	none	3643	2ac9fa4a	512	224	0	3643
3717	4	11248503662160	none	3644	2ac9fa4a	512	224	0	3644
3718	5	11248516825140	none	3645	2ac9fa4a	512	224	0	3645
3719	6	11248534050850	none	3646	2ac9fa4a	512	224	0	3646
3720	7	11248551316600	none	3647	2ac9fa4a	512	224	0	3647
3721	0	11248568768460	none	3648	2ac9fa4a	512	224	0	3648
3722	1	11248586238660	none	3649	2ac9fa4a	512	224	0	3649
3723	2	11248603861180	none	3650	2ac9fa4a	512	224	0	3650
3724	3	11248617179840	none	3651	2ac9fa4a	512	224	0	3651
3725	4	11248634850530	none	3652	2ac9fa4a	512	224	0	3652
3726	5	11248652198670	none	3653	2ac9fa4a	512	224	0	3653
3727	6	11248670142690	none	3654	2ac9fa4a	512	224	0	3654
3728	7	11248683495170	none	3655	2ac9fa4a	512	224	0	3655
3729	0	11248701157000	none	3656	2ac9fa4a	512	224	0	3656
3730	1	11248718524890	none	3657	2ac9fa4a	512	224	0	3657
3731	2	11248735749820	none	3658	2ac9fa4a	512	224	0	3658
3732	3	11248753040420	none	3659	2ac9fa4a	512	224	0	3659
3733	4	11248766272990	none	3660	2ac9fa4a	512	224	0	3660
3734	5	11248783512130	none	3661	2ac9fa4a	512	224	0	3661
3735	6	11248800722600	none	3662	2ac9fa4a	512	224	0	3662
3736	7	11248817964920	none	3663	2ac9fa4a	512	224	0	3663
3737	0	11248835224400	none	3664	2ac9fa4a	512	224	0	3664
3738	1	11248852468190	none	3665	2ac9fa4a	512	224	0	3665
3739	2	11248869702680	none	3666	2ac9fa4a	512	224	0	3666
3740	3	11248882963060	none	3667	2ac9fa4a	512	224	0	3667
3741	4	11248900211190	none	3668	2ac9fa4a	512	224	0	3668
3742	5	11248917439630	none	3669	2ac9fa4a	512	224	0	3669
3743	6	11248934753330	none	3670	2ac9fa4a	512	224	0	3670
3744	7	11248951981370	none	3671	2ac9fa4a	512	224	0	3671
3745	0	11248969219630	none	3672	2ac9fa4a	512	224	0	3672
3746	1	11248986450500	none	3673	2ac9fa4a	512	224	0	3673
3747	2	11248999719880	none	3674	2ac9fa4a	512	224	0	3674
3748	3	11249016950180	none	3675	2ac9fa4a	512	224	0	3675
3749	4	11249034224620	none	3676	2ac9fa4a	512	224	0	3676
3750	5	11249051468920	none	3677	2ac9fa4a	512	224	0	3677
3751	6	11249068697040	none	3678	2ac9fa4a	512	224	0	3678
3752	7	11249085959820	none	3679	2ac9fa4a	512	224	0	3679
3753	0	11249099404820	none	3680	2ac9fa4a	512	224	0	3680
3754	1	11249116634760	none	3681	2ac9fa4a	512	224	0	3681
3755	2	11249133926100	none	3682	2ac9fa4a	512	224	0	3682
3756	3	11249151176020	none	3683	2ac9fa4a	512	224	0	3683
3757	4	11249168436910	none	3684	2ac9fa4a	512	224	0	3684
3758	5	11249185654620	none	3685	2ac9fa4a	512	224	0	3685
3759	6	11249202856250	none	3686	2ac9fa4a	512	224	0	3686
3760	7	11249216065290	none	3687	2ac9fa4a	512	224	0	3687
3761	0	11249233467810	none	3688	2ac9fa4a	512	224	0	3688
3762	1	11249250676220	none	3689	2ac9fa4a	512	224	0	3689
3763	2	11249267920350	none	3690	2ac9fa4a	512	224	0	3690
3764	3	11249285192170	none	3691	2ac9fa4a	512	224	0	3691
3765	4	11249302452500	none	3692	2ac9fa4a	512	224	0	3692
3766	5	11249315640010	none	3693	2ac9fa4a	512	224	0	3693
3767	6	11249332872390	none	3694	2ac9fa4a	512	224	0	3694
3768	7	11249350138310	none	3695	2ac9fa4a	512	224	0	3695
3769	0	11249367359850	none	3696	2ac9fa4a	512	224	0	3696
3770	1	11249384614820	none	3697	2ac9fa4a	512	224	0	3697
3771	2	11249401845240	none	3698	2ac9fa4a	512	224	0	3698
3772	3	11249419089490	none	3699	2ac9fa4a	512	224	0	3699
3773	4	11249432283620	none	3700	2ac9fa4a	512	224	0	3700
3774	5	11249449513110	none	3701	2ac9fa4a	512	224	0	3701
3775	6	11249466743200	none	3702	2ac9fa4a	512	224	0	3702
3776	7	11249484004260	none	3703	2ac9fa4a	512	224	0	3703
3777	0	11249501270940	none	3704	2ac9fa4a	512	224	0	3704
3778	1	11249518506780	none	3705	2ac9fa4a	512	224	0	3705
3779	2	11249531691270	none	3706	2ac9fa4a	512	224	0	3706
3780	3	11249548906360	none	3707	2ac9fa4a	512	224	0	3707
3781	4	11249566149820	none	3708	2ac9fa4a	512	224	0	3708
3782	5	11249583436930	none	3709	2ac9fa4a	512	224	0	3709
3783	6	11249600666260	none	3710	2ac9fa4a	512	224	0	3710
3784	7	11249617941770	none	3711	2ac9fa4a	512	224	0	3711
3785	0	11249635181880	none	3712	2ac9fa4a	512	224	0	3712
3786	1	11249648507740	none	3713	2ac9fa4a	512	224	0	3713
3787	2	11249665716990	none	3714	2ac9fa4a	512	224	0	3714
3788	3	11249683004980	none	3715	2ac9fa4a	512	224	0	3715
3789	4	11249700271830	none	3716	82a48ded	512	224	0	3716
3790	5	11249717508150	none	3717	82a48ded	512	224	0	3717
3791	6	11249734732040	none	3718	a1621345	512	224	0	3718
3792	7	11249751947270	none	3719	a1621345	512	224	0	3719
3793	0	11249765155190	none	3720	090f64e2	512	224	0	3720
3794	1	11249782424270	none	3721	090f64e2	512	224	0	3721
3795	2	11249799644770	none	3722	e6ef2e15	512	224	0	3722
3796	3	11249816860460	none	3723	e6ef2e15	512	224	0	3723
3797	4	11249834097190	none	3724	4e8259b2	512	224	0	3724
3798	5	11249851471590	none	3725	4e8259b2	512	224	0	3725
3799	6	11249864664060	none	3726	6d44c71a	512	224	0	3726
3800	7	11249882028970	none	3727	6d44c71a	512	224	0	3727
3801	0	11249899304960	none	3728	c529b0bd	512	224	0	3728
3802	1	11249916581610	none	3729	c529b0bd	512	224	0	3729
3803	2	11249933782350	none	3730	69f554b5	512	224	0	3730
3804	3	11249951172860	none	3731	69f554b5	512	224	0	3731
3805	4	11249964365510	none	3732	c1982312	512	224	0	3732
3806	5	11249981714250	none	3733	c1982312	512	224	0	3733
3807	6	11249998957750	none	3734	e25ebdba	512	224	0	3734
3808	7	11250016206290	none	3735	e25ebdba	512	224	0	3735
3809	0	11250033442490	none	3736	4a33ca1d	512	224	0	3736
3810	1	11250050659740	none	3737	4a33ca1d	512	224	0	3737
3811	2	11250067919090	none	3738	a5d380ea	512	224	0	3738
3812	3	11250081132730	none	3739	a5d380ea	512	224	0	3739
3813	4	11250098361810	none	3740	0dbef74d	512	224	0	3740
3814	5	11250115632660	none	3741	0dbef74d	512	224	0	3741
3815	6	11250133007030	none	3742	2e7869e5	512	224	0	3742
3816	7	11250150283540	none	3743	2e7869e5	512	224	0	3743
3817	0	11250167576410	none	3744	61605322	512	224	0	3744
3818	1	11250180768720	none	3745	61605322	512	224	0	3745
3819	2	11250198004840	none	3746	61605322	512	224	0	3746
3820	3	11250215241250	none	3747	61605322	512	224	0	3747
3821	4	11250232507520	none	3748	61605322	512	224	0	3748
3822	5	11250249716020	none	3749	61605322	512	224	0	3749
3823	6	11250266935930	none	3750	fd8422f5	512	224	0	3750
3824	7	11250284254300	none	3751	fd8422f5	512	224	0	3751
3825	0	11250297688090	none	3752	06923e2b	512	224	0	3752
3826	1	11250315038620	none	3753	06923e2b	512	224	0	3753
3827	2	11250332280970	none	3754	e6b0c85e	512	224	0	3754
3828	3	11250349555830	none	3755	e6b0c85e	512	224	0	3755
3829	4	11250366769420	none	3756	2bcf01d6	512	224	0	3756
3830	5	11250384022080	none	3757	2bcf01d6	512	224	0	3757
3831	6	11250397256080	none	3758	cbedf7a3	512	224	0	3758
3832	7	11250414536600	none	3759	cbedf7a3	512	224	0	3759
3833	0	11250431760920	none	3760	30fbeb7d	512	224	0	3760
3834	1	11250449000670	none	3761	30fbeb7d	512	224	0	3761
3835	2	11250466262150	none	3762	d0d91d08	512	224	0	3762
3836	3	11250483521540	none	3763	d0d91d08	512	224	0	3763
3837	4	11250496770740	none	3764	71757e2c	512	224	0	3764
3838	5	11250514016040	none	3765	71757e2c	512	224	0	3765
3839	6	11250531260130	none	3766	91578859	512	224	0	3766
3840	7	11250548533220	none	3767	91578859	512	224	0	3767
3841	0	11250565749860	none	3768	6a419487	512	224	0	3768
3842	1	11250583001950	none	3769	6a419487	512	224	0	3769
3843	2	11250600249740	none	3770	8a6362f2	512	224	0	3770
3844	3	11250613458050	none	3771	8a6362f2	512	224	0	3771
3845	4	11250630697210	none	3772	471cab7a	512	224	0	3772
3846	5	11250647929880	none	3773	471cab7a	512	224	0	3773
3847	6	11250665188390	none	3774	a73e5d0f	512	224	0	3774
3848	7	11250682491230	none	3775	a73e5d0f	512	224	0	3775
3849	0	11250700000700	none	3776	5c2841d1	512	224	0	3776
3850	1	11250713226590	none	3777	5c2841d1	512	224	0	3777
3851	2	11250730522080	none	3778	bc0ab7a4	512	224	0	3778
3852	3	11250747738370	none	3779	bc0ab7a4	512	224	0	3779
3853	4	11250765126440	none	3780	bc0ab7a4	512	224	0	3780
3854	5	11250782361650	none	3781	bc0ab7a4	512	224	0	3781
3855	6	11250799696630	none	3782	bc0ab7a4	512	224	0	3782
3856	7	11250812920880	none	3783	bc0ab7a4	512	224	0	3783
3857	0	11250830171150	none	3784	bc0ab7a4	512	224	0	3784
3858	1	11250847423500	none	3785	bc0ab7a4	512	224	0	3785
3859	2	11250864647050	none	3786	bc0ab7a4	512	224	0	3786
3860	3	11250881850060	none	3787	bc0ab7a4	512	224	0	3787
3861	4	11250899218580	none	3788	bc0ab7a4	512	224	0	3788
3862	5	11250916469700	none	3789	bc0ab7a4	512	224	0	3789
3863	6	11250929639830	none	3790	bc0ab7a4	512	224	0	3790
3864	7	11250946956930	none	3791	bc0ab7a4	512	224	0	3791
3865	0	11250964174780	none	3792	bc0ab7a4	512	224	0	3792
3866	1	11250981447200	none	3793	bc0ab7a4	512	224	0	3793
3867	2	11250998734160	none	3794	bc0ab7a4	512	224	0	3794
3868	3	11251015969640	none	3795	bc0ab7a4	512	224	0	3795
3869	4	11251029192730	none	3796	bc0ab7a4	512	224	0	3796
3870	5	11251046442310	none	3797	bc0ab7a4	512	224	0	3797
3871	6	11251063654060	none	3798	bc0ab7a4	512	224	0	3798
3872	7	11251080875640	none	3799	bc0ab7a4	512	224	0	3799
3873	0	11251098337600	none	3800	bc0ab7a4	512	224	0	3800
3874	1	11251115599300	none	3801	bc0ab7a4	512	224	0	3801
3875	2	11251132819830	none	3802	bc0ab7a4	512	224	0	3802
3876	3	11251146044270	none	3803	bc0ab7a4	512	224	0	3803
3877	4	11251163304200	none	3804	bc0ab7a4	512	224	0	3804
3878	5	11251180569020	none	3805	bc0ab7a4	512	224	0	3805
3879	6	11251197823450	none	3806	bc0ab7a4	512	224	0	3806
3880	7	11251215091180	none	3807	bc0ab7a4	512	224	0	3807
3881	0	11251232320590	none	3808	bc0ab7a4	512	224	0	3808
3882	1	11251245548070	none	3809	bc0ab7a4	512	224	0	3809
3883	2	11251262780100	none	3810	bc0ab7a4	512	224	0	3810
3884	3	11251280011360	none	3811	bc0ab7a4	512	224	0	3811
3885	4	11251297259790	none	3812	bc0ab7a4	512	224	0	3812
3886	5	11251314526160	none	3813	bc0ab7a4	512	224	0	3813
3887	6	11251331735710	none	3814	bc0ab7a4	512	224	0	3814
3888	7	11251349051830	none	3815	bc0ab7a4	512	224	0	3815
3889	0	11251362253270	none	3816	bc0ab7a4	512	224	0	3816
3890	1	11251379528630	none	3817	bc0ab7a4	512	224	0	3817
3891	2	11251396734030	none	3818	bc0ab7a4	512	224	0	3818
3892	3	11251413977670	none	3819	bc0ab7a4	512	224	0	3819
3893	4	11251431243900	none	3820	bc0ab7a4	512	224	0	3820
3894	5	11251448478880	none	3821	bc0ab7a4	512	224	0	3821
3895	6	11251465693820	none	3822	bc0ab7a4	512	224	0	3822
3896	7	11251479051640	none	3823	bc0ab7a4	512	224	0	3823
3897	0	11251496333440	none	3824	bc0ab7a4	512	224	0	3824
3898	1	11251513584810	none	3825	bc0ab7a4	512	224	0	3825
3899	2	11251530879300	none	3826	bc0ab7a4	512	224	0	3826
3900	3	11251548143090	none	3827	bc0ab7a4	512	224	0	3827
3901	4	11251565411310	none	3828	bc0ab7a4	512	224	0	3828
3902	5	11251578597600	none	3829	bc0ab7a4	512	224	0	3829
3903	6	11251595813480	none	3830	bc0ab7a4	512	224	0	3830
3904	7	11251613125710	none	3831	bc0ab7a4	512	224	0	3831
3905	0	11251630380970	none	3832	bc0ab7a4	512	224	0	3832
3906	1	11251647676400	none	3833	bc0ab7a4	512	224	0	3833
3907	2	11251664943810	none	3834	bc0ab7a4	512	224	0	3834
3908	3	11251678164370	none	3835	bc0ab7a4	512	224	0	3835
3909	4	11251695457570	none	3836	bc0ab7a4	512	224	0	3836
3910	5	11251712665340	none	3837	bc0ab7a4	512	224	0	3837
3911	6	11251729882220	none	3838	bc0ab7a4	512	224	0	3838
3912	7	11251747282130	none	3839	bc0ab7a4	512	224	0	3839
3913	0	11251764544490	none	3840	bc0ab7a4	512	224	0	3840
3914	1	11251781768900	none	3841	bc0ab7a4	512	224	0	3841
3915	2	11251794964580	none	3842	bc0ab7a4	512	224	0	3842
3916	3	11251812199450	none	3843	bc0ab7a4	512	224	0	3843
3917	4	11251829443200	none	3844	bc0ab7a4	512	224	0	3844
3918	5	11251846757710	none	3845	bc0ab7a4	512	224	0	3845
3919	6	11251863993300	none	3846	bc0ab7a4	512	224	0	3846
3920	7	11251881244930	none	3847	bc0ab7a4	512	224	0	3847
3921	0	11251894471680	none	3848	bc0ab7a4	512	224	0	3848
3922	1	11251911674360	none	3849	bc0ab7a4	512	224	0	3849
3923	2	11251928899510	none	3850	bc0ab7a4	512	224	0	3850
3924	3	11251946271340	none	3851	bc0ab7a4	512	224	0	3851
3925	4	11251963543890	none	3852	bc0ab7a4	512	224	0	3852
3926	5	11251980790210	none	3853	bc0ab7a4	512	224	0	3853
3927	6	11251998047480	none	3854	bc0ab7a4	512	224	0	3854
3928	7	11252011310330	none	3855	bc0ab7a4	512	224	0	3855
3929	0	11252028574520	none	3856	bc0ab7a4	512	224	0	3856
3930	1	11252045819070	none	3857	bc0ab7a4	512	224	0	3857
3931	2	11252063081400	none	3858	bc0ab7a4	512	224	0	3858
3932	3	11252080311920	none	3859	bc0ab7a4	512	224	0	3859
3933	4	11252097555570	none	3860	bc0ab7a4	512	224	0	3860
3934	5	11252110733500	none	3861	bc0ab7a4	512	224	0	3861
3935	6	11252128000670	none	3862	bc0ab7a4	512	224	0	3862
3936	7	11252145246480	none	3863	bc0ab7a4	512	224	0	3863
3937	0	11252162514240	none	3864	bc0ab7a4	512	224	0	3864
3938	1	11252179720650	none	3865	bc0ab7a4	512	224	0	3865
3939	2	11252197017630	none	3866	bc0ab7a4	512	224	0	3866
3940	3	11252214272890	none	3867	bc0ab7a4	512	224	0	3867
3941	4	11252227470400	none	3868	bc0ab7a4	512	224	0	3868
3942	5	11252244691550	none	3869	bc0ab7a4	512	224	0	3869
3943	6	11252261923350	none	3870	bc0ab7a4	512	224	0	3870
3944	7	11252279213950	none	3871	bc0ab7a4	512	224	0	3871
3945	0	11252296457570	none	3872	bc0ab7a4	512	224	0	3872
3946	1	11252313676260	none	3873	bc0ab7a4	512	224	0	3873
3947	2	11252327048540	none	3874	bc0ab7a4	512	224	0	3874
3948	3	11252344291620	none	3875	bc0ab7a4	512	224	0	3875
3949	4	11252361537410	none	3876	bc0ab7a4	512	224	0	3876
3950	5	11252378753570	none	3877	bc0ab7a4	512	224	0	3877
3951	6	11252396080190	none	3878	bc0ab7a4	512	224	0	3878
3952	7	11252413306940	none	3879	bc0ab7a4	512	224	0	3879
3953	0	11252430565670	none	3880	bc0ab7a4	512	224	0	3880
3954	1	11252443750340	none	3881	bc0ab7a4	512	224	0	3881
3955	2	11252461116050	none	3882	bc0ab7a4	512	224	0	3882
3956	3	11252478369540	none	3883	bc0ab7a4	512	224	0	3883
3957	4	11252495686620	none	3884	bc0ab7a4	512	224	0	3884
3958	5	11252512951920	none	3885	bc0ab7a4	512	224	0	3885
3959	6	11252530200330	none	3886	bc0ab7a4	512	224	0	3886
3960	7	11252543489180	none	3887	bc0ab7a4	512	224	0	3887
3961	0	11252560690650	none	3888	bc0ab7a4	512	224	0	3888
3962	1	11252577913330	none	3889	bc0ab7a4	512	224	0	3889
3963	2	11252595277380	none	3890	bc0ab7a4	512	224	0	3890
3964	3	11252612551960	none	3891	bc0ab7a4	512	224	0	3891
3965	4	11252629784730	none	3892	bc0ab7a4	512	224	0	3892
3966	5	11252647023050	none	3893	bc0ab7a4	512	224	0	3893
3967	6	11252660367000	none	3894	bc0ab7a4	512	224	0	3894
3968	7	11252677591100	none	3895	bc0ab7a4	512	224	0	3895
3969	0	11252694873470	none	3896	bc0ab7a4	512	224	0	3896
3970	1	11252712145020	none	3897	bc0ab7a4	512	224	0	3897
3971	2	11252729402220	none	3898	bc0ab7a4	512	224	0	3898
3972	3	11252746627530	none	3899	bc0ab7a4	512	224	0	3899
3973	4	11252759851510	none	3900	bc0ab7a4	512	224	0	3900
3974	5	11252777127470	none	3901	bc0ab7a4	512	224	0	3901
3975	6	11252794497430	none	3902	bc0ab7a4	512	224	0	3902
3976	7	11252811793260	none	3903	bc0ab7a4	512	224	0	3903
3977	0	11252829068570	none	3904	bc0ab7a4	512	224	0	3904
3978	1	11252846314610	none	3905	bc0ab7a4	512	224	0	3905
3979	2	11252859524180	none	3906	bc0ab7a4	512	224	0	3906
3980	3	11252876751110	none	3907	bc0ab7a4	512	224	0	3907
3981	4	11252894154330	none	3908	bc0ab7a4	512	224	0	3908
3982	5	11252911408380	none	3909	bc0ab7a4	512	224	0	3909
3983	6	11252928630450	none	3910	bc0ab7a4	512	224	0	3910
3984	7	11252945992560	none	3911	bc0ab7a4	512	224	0	3911
3985	0	11252963248200	none	3912	bc0ab7a4	512	224	0	3912
3986	1	11252976503960	none	3913	bc0ab7a4	512	224	0	3913
3987	2	11252993838960	none	3914	bc0ab7a4	512	224	0	3914
3988	3	11253011113850	none	3915	bc0ab7a4	512	224	0	3915
3989	4	11253028363920	none	3916	bc0ab7a4	512	224	0	3916
3990	5	11253045592190	none	3917	bc0ab7a4	512	224	0	3917
3991	6	11253062812540	none	3918	bc0ab7a4	512	224	0	3918
3992	7	11253076045670	none	3919	bc0ab7a4	512	224	0	3919
3993	0	11253093481950	none	3920	bc0ab7a4	512	224	0	3920
3994	1	11253110757200	none	3921	bc0ab7a4	512	224	0	3921
3995	2	11253128052390	none	3922	bc0ab7a4	512	224	0	3922
3996	3	11253145286520	none	3923	bc0ab7a4	512	224	0	3923
3997	4	11253162543190	none	3924	bc0ab7a4	512	224	0	3924
3998	5	11253175735300	none	3925	bc0ab7a4	512	224	0	3925
3999	6	11253193191440	none	3926	bc0ab7a4	512	224	0	3926
4000	7	11253210448850	none	3927	bc0ab7a4	512	224	0	3927
4001	0	11253227695540	none	3928	bc0ab7a4	512	224	0	3928
4002	1	11253245004270	none	3929	bc0ab7a4	512	224	0	3929
4003	2	11253262296150	none	3930	bc0ab7a4	512	224	0	3930
4004	3	11253275519820	none	3931	bc0ab7a4	512	224	0	3931
4005	4	11253292841590	none	3932	bc0ab7a4	512	224	0	3932
4006	5	11253310141360	none	3933	bc0ab7a4	512	224	0	3933
4007	6	11253327397070	none	3934	bc0ab7a4	512	224	0	3934
4008	7	11253344650790	none	3935	bc0ab7a4	512	224	0	3935
4009	0	11253361864950	none	3936	bc0ab7a4	512	224	0	3936
4010	1	11253379108240	none	3937	bc0ab7a4	512	224	0	3937
4011	2	11253392315540	none	3938	bc0ab7a4	512	224	0	3938
4012	3	11253409661050	none	3939	bc0ab7a4	512	224	0	3939
4013	4	11253426922730	none	3940	bc0ab7a4	512	224	0	3940
4014	5	11253444173380	none	3941	bc0ab7a4	512	224	0	3941
4015	6	11253461445170	none	3942	bc0ab7a4	512	224	0	3942
4016	7	11253478681880	none	3943	bc0ab7a4	512	224	0	3943
4017	0	11253491869460	none	3944	bc0ab7a4	512	224	0	3944
4018	1	11253509154430	none	3945	bc0ab7a4	512	224	0	3945
4019	2	11253526437250	none	3946	bc0ab7a4	512	224	0	3946
4020	3	11253543673040	none	3947	bc0ab7a4	512	224	0	3947
4021	4	11253560910470	none	3948	bc0ab7a4	512	224	0	3948
4022	5	11253578162110	none	3949	bc0ab7a4	512	224	0	3949
4023	6	11253595410020	none	3950	bc0ab7a4	512	224	0	3950
4024	7	11253608709580	none	3951	bc0ab7a4	512	224	0	3951
4025	0	11253626050070	none	3952	bc0ab7a4	512	224	0	3952
4026	1	11253643318590	none	3953	bc0ab7a4	512	224	0	3953
4027	2	11253660582780	none	3954	bc0ab7a4	512	224	0	3954
4028	3	11253677816230	none	3955	bc0ab7a4	512	224	0	3955
4029	4	11253695062840	none	3956	bc0ab7a4	512	224	0	3956
4030	5	11253708402030	none	3957	bc0ab7a4	512	224	0	3957
4031	6	11253725596180	none	3958	bc0ab7a4	512	224	0	3958
4032	7	11253742990630	none	3959	bc0ab7a4	512	224	0	3959
4033	0	11253760277840	none	3960	bc0ab7a4	512	224	0	3960
4034	1	11253777507410	none	3961	bc0ab7a4	512	224	0	3961
4035	2	11253794721430	none	3962	bc0ab7a4	512	224	0	3962
4036	3	11253807988920	none	3963	bc0ab7a4	512	224	0	3963
4037	4	11253825229910	none	3964	bc0ab7a4	512	224	0	3964
4038	5	11253842488780	none	3965	bc0ab7a4	512	224	0	3965
4039	6	11253859844700	none	3966	bc0ab7a4	512	224	0	3966
4040	7	11253877149330	none	3967	bc0ab7a4	512	224	0	3967
4041	0	11253894398930	none	3968	bc0ab7a4	512	224	0	3968
4042	1	11253911717280	none	3969	bc0ab7a4	512	224	0	3969
4043	2	11253924937990	none	3970	bc0ab7a4	512	224	0	3970
4044	3	11253942211600	none	3971	bc0ab7a4	512	224	0	3971
4045	4	11253959579760	none	3972	bc0ab7a4	512	224	0	3972
4046	5	11253976835240	none	3973	bc0ab7a4	512	224	0	3973
4047	6	11253994092320	none	3974	bc0ab7a4	512	224	0	3974
4048	7	11254011459210	none	3975	bc0ab7a4	512	224	0	3975
4049	0	11254024645330	none	3976	bc0ab7a4	512	224	0	3976
4050	1	11254041959830	none	3977	bc0ab7a4	512	224	0	3977
4051	2	11254059206980	none	3978	bc0ab7a4	512	224	0	3978
4052	3	11254076533150	none	3979	bc0ab7a4	512	224	0	3979
4053	4	11254093776460	none	3980	bc0ab7a4	512	224	0	3980
4054	5	11254111184570	none	3981	bc0ab7a4	512	224	0	3981
4055	6	11254124421850	none	3982	bc0ab7a4	512	224	0	3982
4056	7	11254141685910	none	3983	bc0ab7a4	512	224	0	3983
4057	0	11254158921390	none	3984	bc0ab7a4	512	224	0	3984
4058	1	11254176235930	none	3985	bc0ab7a4	512	224	0	3985
4059	2	11254193545910	none	3986	bc0ab7a4	512	224	0	3986
4060	3	11254210869450	none	3987	bc0ab7a4	512	224	0	3987
4061	4	11254224089930	none	3988	bc0ab7a4	512	224	0	3988
4062	5	11254241339530	none	3989	bc0ab7a4	512	224	0	3989
4063	6	11254258575860	none	3990	bc0ab7a4	512	224	0	3990
4064	7	11254275796780	none	3991	bc0ab7a4	512	224	0	3991
4065	0	11254293101330	none	3992	bc0ab7a4	512	224	0	3992
4066	1	11254310537980	none	3993	bc0ab7a4	512	224	0	3993
4067	2	11254323727300	none	3994	bc0ab7a4	512	224	0	3994
4068	3	11254341083800	none	3995	bc0ab7a4	512	224	0	3995
4069	4	11254358335500	none	3996	bc0ab7a4	512	224	0	3996
4070	5	11254375545330	none	3997	bc0ab7a4	512	224	0	3997
4071	6	11254392859310	none	3998	bc0ab7a4	512	224	0	3998
4072	7	11254410355790	none	3999	bc0ab7a4	512	224	0	3999
4073	0	11254427566990	none	4000	bc0ab7a4	512	224	0	4000
4074	1	11254440768270	none	4001	bc0ab7a4	512	224	0	4001
4075	2	11254458028080	none	4002	bc0ab7a4	512	224	0	4002
4076	3	11254475281900	none	4003	bc0ab7a4	512	224	0	4003
4077	4	11254492525920	none	4004	5c2841d1	512	224	0	4004
4078	5	11254509841950	none	4005	5c2841d1	512	224	0	4005
4079	6	11254527134800	none	4006	a73e5d0f	512	224	0	4006
4080	7	11254540353530	none	4007	a73e5d0f	512	224	0	4007
4081	0	11254557568780	none	4008	471cab7a	512	224	0	4008
4082	1	11254574795400	none	4009	471cab7a	512	224	0	4009
4083	2	11254592055420	none	4010	8a6362f2	512	224	0	4010
4084	3	11254609518270	none	4011	8a6362f2	512	224	0	4011
4085	4	11254626774890	none	4012	6a419487	512	224	0	4012
4086	5	11254640002880	none	4013	6a419487	512	224	0	4013
4087	6	11254657255280	none	4014	91578859	512	224	0	4014
4088	7	11254674535930	none	4015	91578859	512	224	0	4015
4089	0	11254691727420	none	4016	71757e2c	512	224	0	4016
4090	1	11254709137110	none	4017	71757e2c	512	224	0	4017
4091	2	11254726455510	none	4018	d0d91d08	512	224	0	4018
4092	3	11254743754200	none	4019	d0d91d08	512	224	0	4019
4093	4	11254757000180	none	4020	30fbeb7d	512	224	0	4020
4094	5	11254774235990	none	4021	30fbeb7d	512	224	0	4021
4095	6	11254791499440	none	4022	cbedf7a3	512	224	0	4022
4096	7	11254808699100	none	4023	cbedf7a3	512	224	0	4023
4097	0	11254825928470	none	4024	2bcf01d6	512	224	0	4024
4098	1	11254843235250	none	4025	2bcf01d6	512	224	0	4025
4099	2	11254856536080	none	4026	e6b0c85e	512	224	0	4026
4100	3	11254873751390	none	4027	e6b0c85e	512	224	0	4027
4101	4	11254891012760	none	4028	06923e2b	512	224	0	4028
4102	5	11254908382140	none	4029	06923e2b	512	224	0	4029
4103	6	11254925592200	none	4030	fd8422f5	512	224	0	4030
4104	7	11254942917420	none	4031	fd8422f5	512	224	0	4031
4105	0	11254956173470	none	4032	61605322	512	224	0	4032
4106	1	11254973393310	none	4033	61605322	512	224	0	4033
4107	2	11254990623320	none	4034	61605322	512	224	0	4034
4108	3	11255007834960	none	4035	61605322	512	224	0	4035
4109	4	11255025140630	none	4036	61605322	512	224	0	4036
4110	5	11255042388880	none	4037	61605322	512	224	0	4037
4111	6	11255059685510	none	4038	7a4ff096	512	224	0	4038
4112	7	11255072904210	none	4039	7a4ff096	512	224	0	4039
4113	0	11255090140290	none	4040	f829a688	512	224	0	4040
4114	1	11255107383570	none	4041	f829a688	512	224	0	4041
4115	2	11255124666600	none	4042	860b9482	512	224	0	4042
4116	3	11255141895940	none	4043	860b9482	512	224	0	4043
4117	4	11255159166540	none	4044	27940cf5	512	224	0	4044
4118	5	11255172455890	none	4045	27940cf5	512	224	0	4045
4119	6	11255189661560	none	4046	59b63eff	512	224	0	4046
4120	7	11255206982190	none	4047	59b63eff	512	224	0	4047
4121	0	11255224203840	none	4048	dbd068e1	512	224	0	4048
4122	1	11255241476220	none	4049	dbd068e1	512	224	0	4049
4123	2	11255258789240	none	4050	a5f25aeb	512	224	0	4050
4124	3	11255276064120	none	4051	a5f25aeb	512	224	0	4051
4125	4	11255289351370	none	4052	439e5e4e	512	224	0	4052
4126	5	11255306670150	none	4053	439e5e4e	512	224	0	4053
4127	6	11255324159750	none	4054	3dbc6c44	512	224	0	4054
4128	7	11255341570850	none	4055	3dbc6c44	512	224	0	4055
4129	0	11255358813510	none	4056	bfda3a5a	512	224	0	4056
4130	1	11255372074130	none	4057	bfda3a5a	512	224	0	4057
4131	2	11255389316850	none	4058	c1f80850	512	224	0	4058
4132	3	11255406532080	none	4059	c1f80850	512	224	0	4059
4133	4	11255423744300	none	4060	60679027	512	224	0	4060
4134	5	11255440993220	none	4061	60679027	512	224	0	4061
4135	6	11255458237850	none	4062	1e45a22d	512	224	0	4062
4136	7	11255475638800	none	4063	1e45a22d	512	224	0	4063
4137	0	11255489173860	none	4064	9c23f433	512	224	0	4064
4138	1	11255506401770	none	4065	9c23f433	512	224	0	4065
4139	2	11255523617920	none	4066	e201c639	512	224	0	4066
4140	3	11255540916110	none	4067	e201c639	512	224	0	4067
4141	4	11255558204090	none	4068	e201c639	512	224	0	4068
4142	5	11255575456230	none	4069	e201c639	512	224	0	4069
4143	6	11255588697810	none	4070	e201c639	512	224	0	4070
4144	7	11255605911970	none	4071	e201c639	512	224	0	4071
4145	0	11255623160780	none	4072	e201c639	512	224	0	4072
4146	1	11255640395110	none	4073	e201c639	512	224	0	4073
4147	2	11255657618140	none	4074	e201c639	512	224	0	4074
4148	3	11255674851780	none	4075	e201c639	512	224	0	4075
4149	4	11255692113520	none	4076	e201c639	512	224	0	4076
4150	5	11255705390450	none	4077	e201c639	512	224	0	4077
4151	6	11255722616540	none	4078	e201c639	512	224	0	4078
4152	7	11255739905030	none	4079	e201c639	512	224	0	4079
4153	0	11255757157030	none	4080	e201c639	512	224	0	4080
4154	1	11255774401070	none	4081	e201c639	512	224	0	4081
4155	2	11255791610900	none	4082	e201c639	512	224	0	4082
4156	3	11255804798690	none	4083	e201c639	512	224	0	4083
4157	4	11255822138330	none	4084	e201c639	512	224	0	4084
4158	5	11255839391850	none	4085	e201c639	512	224	0	4085
4159	6	11255856693070	none	4086	e201c639	512	224	0	4086
4160	7	11255873954080	none	4087	e201c639	512	224	0	4087
4161	0	11255891193960	none	4088	e201c639	512	224	0	4088
4162	1	11255908454440	none	4089	e201c639	512	224	0	4089
4163	2	11255921646250	none	4090	e201c639	512	224	0	4090
4164	3	11255938856430	none	4091	e201c639	512	224	0	4091
4165	4	11255956225720	none	4092	e201c639	512	224	0	4092
4166	5	11255973481330	none	4093	e201c639	512	224	0	4093
4167	6	11255990713150	none	4094	e201c639	512	224	0	4094
4168	7	11256008023370	none	4095	e201c639	512	224	0	4095
4169	0	11256021205960	none	4096	e201c639	512	224	0	4096
4170	1	11256038446640	none	4097	e201c639	512	224	0	4097
4171	2	11256055724280	none	4098	e201c639	512	224	0	4098
4172	3	11256072990230	none	4099	e201c639	512	224	0	4099
4173	4	11256090228290	none	4100	e201c639	512	224	0	4100
4174	5	11256107505180	none	4101	e201c639	512	224	0	4101
4175	6	11256124779200	none	4102	e201c639	512	224	0	4102
4176	7	11256137986500	none	4103	e201c639	512	224	0	4103
4177	0	11256155390910	none	4104	e201c639	512	224	0	4104
4178	1	11256172623900	none	4105	e201c639	512	224	0	4105
4179	2	11256189846630	none	4106	e201c639	512	224	0	4106
4180	3	11256207119690	none	4107	e201c639	512	224	0	4107
4181	4	11256224429480	none	4108	e201c639	512	224	0	4108
4182	5	11256237618820	none	4109	e201c639	512	224	0	4109
4183	6	11256254866270	none	4110	e201c639	512	224	0	4110
4184	7	11256272133480	none	4111	e201c639	512	224	0	4111
4185	0	11256289361990	none	4112	e201c639	512	224	0	4112
4186	1	11256306590920	none	4113	e201c639	512	224	0	4113
4187	2	11256323807610	none	4114	e201c639	512	224	0	4114
4188	3	11256341114720	none	4115	e201c639	512	224	0	4115
4189	4	11256354340090	none	4116	e201c639	512	224	0	4116
4190	5	11256371549980	none	4117	e201c639	512	224	0	4117
4191	6	11256388883210	none	4118	e201c639	512	224	0	4118
4192	7	11256406137660	none	4119	e201c639	512	224	0	4119
4193	0	11256423380740	none	4120	e201c639	512	224	0	4120
4194	1	11256440609560	none	4121	e201c639	512	224	0	4121
4195	2	11256453774330	none	4122	e201c639	512	224	0	4122
4196	3	11256471023530	none	4123	e201c639	512	224	0	4123
4197	4	11256488289260	none	4124	e201c639	512	224	0	4124
4198	5	11256505526170	none	4125	e201c639	512	224	0	4125
4199	6	11256522731260	none	4126	e201c639	512	224	0	4126
4200	7	11256540088170	none	4127	e201c639	512	224	0	4127
4201	0	11256553422580	none	4128	e201c639	512	224	0	4128
4202	1	11256570645540	none	4129	e201c639	512	224	0	4129
4203	2	11256587885120	none	4130	e201c639	512	224	0	4130
4204	3	11256605146850	none	4131	e201c639	512	224	0	4131
4205	4	11256622378220	none	4132	e201c639	512	224	0	4132
4206	5	11256639593740	none	4133	e201c639	512	224	0	4133
4207	6	11256656879350	none	4134	e201c639	512	224	0	4134
4208	7	11256670221210	none	4135	e201c639	512	224	0	4135
4209	0	11256687469130	none	4136	e201c639	512	224	0	4136
4210	1	11256704799780	none	4137	e201c639	512	224	0	4137
4211	2	11256722055070	none	4138	e201c639	512	224	0	4138
4212	3	11256739293050	none	4139	e201c639	512	224	0	4139
4213	4	11256756538100	none	4140	e201c639	512	224	0	4140
4214	5	11256769728370	none	4141	e201c639	512	224	0	4141
4215	6	11256786948890	none	4142	e201c639	512	224	0	4142
4216	7	11256804208830	none	4143	e201c639	512	224	0	4143
4217	0	11256821462480	none	4144	e201c639	512	224	0	4144
4218	1	11256838699790	none	4145	e201c639	512	224	0	4145
4219	2	11256855930660	none	4146	e201c639	512	224	0	4146
4220	3	11256873319130	none	4147	e201c639	512	224	0	4147
4221	4	11256886507610	none	4148	e201c639	512	224	0	4148
4222	5	11256903828740	none	4149	e201c639	512	224	0	4149
4223	6	11256921071370	none	4150	e201c639	512	224	0	4150
4224	7	11256938327390	none	4151	e201c639	512	224	0	4151
4225	0	11256955539950	none	4152	e201c639	512	224	0	4152
4226	1	11256972763300	none	4153	e201c639	512	224	0	4153
4227	2	11256990023640	none	4154	e201c639	512	224	0	4154
4228	3	11257003226200	none	4155	e201c639	512	224	0	4155
4229	4	11257020453810	none	4156	e201c639	512	224	0	4156
4230	5	11257037656500	none	4157	e201c639	512	224	0	4157
4231	6	11257054994500	none	4158	e201c639	512	224	0	4158
4232	7	11257072274220	none	4159	e201c639	512	224	0	4159
4233	0	11257089502580	none	4160	e201c639	512	224	0	4160
4234	1	11257102669610	none	4161	e201c639	512	224	0	4161
4235	2	11257119903590	none	4162	e201c639	512	224	0	4162
4236	3	11257137147210	none	4163	e201c639	512	224	0	4163
4237	4	11257154423750	none	4164	e201c639	512	224	0	4164
4238	5	11257171641680	none	4165	e201c639	512	224	0	4165
4239	6	11257188854600	none	4166	e201c639	512	224	0	4166
4240	7	11257206198770	none	4167	e201c639	512	224	0	4167
4241	0	11257219421570	none	4168	e201c639	512	224	0	4168
4242	1	11257236630030	none	4169	e201c639	512	224	0	4169
4243	2	11257253981080	none	4170	e201c639	512	224	0	4170
4244	3	11257271231320	none	4171	e201c639	512	224	0	4171
4245	4	11257288460480	none	4172	e201c639	512	224	0	4172
4246	5	11257305652340	none	4173	e201c639	512	224	0	4173
4247	6	11257318931730	none	4174	e201c639	512	224	0	4174
4248	7	11257336225940	none	4175	e201c639	512	224	0	4175
4249	0	11257353465580	none	4176	e201c639	512	224	0	4176
4250	1	11257370663390	none	4177	e201c639	512	224	0	4177
4251	2	11257388036460	none	4178	e201c639	512	224	0	4178
4252	3	11257405335490	none	4179	e201c639	512	224	0	4179
4253	4	11257422640450	none	4180	e201c639	512	224	0	4180
4254	5	11257435908780	none	4181	e201c639	512	224	0	4181
4255	6	11257453167620	none	4182	e201c639	512	224	0	4182
4256	7	11257470410930	none	4183	e201c639	512	224	0	4183
4257	0	11257487624520	none	4184	e201c639	512	224	0	4184
4258	1	11257504829890	none	4185	e201c639	512	224	0	4185
4259	2	11257522222040	none	4186	e201c639	512	224	0	4186
4260	3	11257535410050	none	4187	e201c639	512	224	0	4187
4261	4	11257552632750	none	4188	e201c639	512	224	0	4188
4262	5	11257569859070	none	4189	e201c639	512	224	0	4189
4263	6	11257587106250	none	4190	e201c639	512	224	0	4190
4264	7	11257604365300	none	4191	e201c639	512	224	0	4191
4265	0	11257621692210	none	4192	e201c639	512	224	0	4192
4266	1	11257638952880	none	4193	e201c639	512	224	0	4193
4267	2	11257652138300	none	4194	e201c639	512	224	0	4194
4268	3	11257669402930	none	4195	e201c639	512	224	0	4195
4269	4	11257686609600	none	4196	e201c639	512	224	0	4196
4270	5	11257703847340	none	4197	e201c639	512	224	0	4197
4271	6	11257721224770	none	4198	e201c639	512	224	0	4198
4272	7	11257738458470	none	4199	e201c639	512	224	0	4199
4273	0	11257751641290	none	4200	e201c639	512	224	0	4200
4274	1	11257768954880	none	4201	e201c639	512	224	0	4201
4275	2	11257786188380	none	4202	e201c639	512	224	0	4202
4276	3	11257803446240	none	4203	e201c639	512	224	0	4203
4277	4	11257820668050	none	4204	e201c639	512	224	0	4204
4278	5	11257837895050	none	4205	e201c639	512	224	0	4205
4279	6	11257855133160	none	4206	e201c639	512	224	0	4206
4280	7	11257868383030	none	4207	e201c639	512	224	0	4207
4281	0	11257885634670	none	4208	e201c639	512	224	0	4208
4282	1	11257902964040	none	4209	e201c639	512	224	0	4209
4283	2	11257920197680	none	4210	e201c639	512	224	0	4210
4284	3	11257937446520	none	4211	e201c639	512	224	0	4211
4285	4	11257954652180	none	4212	e201c639	512	224	0	4212
4286	5	11257967946020	none	4213	e201c639	512	224	0	4213
4287	6	11257985177460	none	4214	e201c639	512	224	0	4214
4288	7	11258002444830	none	4215	e201c639	512	224	0	4215
4289	0	11258019647390	none	4216	e201c639	512	224	0	4216
4290	1	11258036910220	none	4217	e201c639	512	224	0	4217
4291	2	11258054158440	none	4218	e201c639	512	224	0	4218
4292	3	11258071419190	none	4219	e201c639	512	224	0	4219
4293	4	11258084638840	none	4220	e201c639	512	224	0	4220
4294	5	11258101979260	none	4221	e201c639	512	224	0	4221
4295	6	11258119221580	none	4222	e201c639	512	224	0	4222
4296	7	11258136493090	none	4223	e201c639	512	224	0	4223
4297	0	11258153689180	none	4224	e201c639	512	224	0	4224
4298	1	11258171001790	none	4225	e201c639	512	224	0	4225
4299	2	11258184203800	none	4226	e201c639	512	224	0	4226
4300	3	11258201469460	none	4227	e201c639	512	224	0	4227
4301	4	11258218672270	none	4228	e201c639	512	224	0	4228
4302	5	11258236066010	none	4229	e201c639	512	224	0	4229
4303	6	11258253331560	none	4230	e201c639	512	224	0	4230
4304	7	11258270660490	none	4231	e201c639	512	224	0	4231
4305	0	11258283913290	none	4232	e201c639	512	224	0	4232
4306	1	11258301164070	none	4233	e201c639	512	224	0	4233
4307	2	11258318442750	none	4234	e201c639	512	224	0	4234
4308	3	11258335662800	none	4235	e201c639	512	224	0	4235
4309	4	11258352922520	none	4236	e201c639	512	224	0	4236
4310	5	11258370173790	none	4237	e201c639	512	224	0	4237
4311	6	11258387426510	none	4238	e201c639	512	224	0	4238
4312	7	11258400766040	none	4239	e201c639	512	224	0	4239
4313	0	11258418026180	none	4240	e201c639	512	224	0	4240
4314	1	11258435279230	none	4241	e201c639	512	224	0	4241
4315	2	11258452504610	none	4242	e201c639	512	224	0	4242
4316	3	11258469804770	none	4243	e201c639	512	224	0	4243
4317	4	11258487066350	none	4244	e201c639	512	224	0	4244
4318	5	11258500274690	none	4245	e201c639	512	224	0	4245
4319	6	11258517486980	none	4246	e201c639	512	224	0	4246
4320	7	11258534716970	none	4247	e201c639	512	224	0	4247
4321	0	11258551950340	none	4248	e201c639	512	224	0	4248
4322	1	11258569338150	none	4249	e201c639	512	224	0	4249
4323	2	11258586572260	none	4250	e201c639	512	224	0	4250
4324	3	11258603774740	none	4251	e201c639	512	224	0	4251
4325	4	11258616980030	none	4252	e201c639	512	224	0	4252
4326	5	11258634199340	none	4253	e201c639	512	224	0	4253
4327	6	11258651445940	none	4254	e201c639	512	224	0	4254
4328	7	11258668708840	none	4255	e201c639	512	224	0	4255
4329	0	11258685960780	none	4256	e201c639	512	224	0	4256
4330	1	11258703214460	none	4257	e201c639	512	224	0	4257
4331	2	11258720457680	none	4258	e201c639	512	224	0	4258
4332	3	11258733609260	none	4259	e201c639	512	224	0	4259
4333	4	11258750832870	none	4260	e201c639	512	224	0	4260
4334	5	11258768204950	none	4261	e201c639	512	224	0	4261
4335	6	11258785461900	none	4262	e201c639	512	224	0	4262
4336	7	11258802676510	none	4263	e201c639	512	224	0	4263
4337	0	11258819996310	none	4264	e201c639	512	224	0	4264
4338	1	11258833193960	none	4265	e201c639	512	224	0	4265
4339	2	11258850437220	none	4266	e201c639	512	224	0	4266
4340	3	11258867677420	none	4267	e201c639	512	224	0	4267
4341	4	11258884903070	none	4268	e201c639	512	224	0	4268
4342	5	11258902137980	none	4269	e201c639	512	224	0	4269
4343	6	11258919408190	none	4270	e201c639	512	224	0	4270
4344	7	11258936651200	none	4271	e201c639	512	224	0	4271
4345	0	11258949839400	none	4272	e201c639	512	224	0	4272
4346	1	11258967078390	none	4273	e201c639	512	224	0	4273
4347	2	11258984316840	none	4274	e201c639	512	224	0	4274
4348	3	11259001535470	none	4275	e201c639	512	224	0	4275
4349	4	11259018860100	none	4276	e201c639	512	224	0	4276
4350	5	11259036109250	none	4277	e201c639	512	224	0	4277
4351	6	11259049324750	none	4278	e201c639	512	224	0	4278
4352	7	11259066536850	none	4279	e201c639	512	224	0	4279
4353	0	11259083752840	none	4280	e201c639	512	224	0	4280
4354	1	11259101005330	none	4281	e201c639	512	224	0	4281
4355	2	11259118243490	none	4282	e201c639	512	224	0	4282
4356	3	11259135488750	none	4283	e201c639	512	224	0	4283
4357	4	11259152834980	none	4284	e201c639	512	224	0	4284
4358	5	11259166044310	none	4285	e201c639	512	224	0	4285
4359	6	11259183279470	none	4286	e201c639	512	224	0	4286
4360	7	11259200508850	none	4287	e201c639	512	224	0	4287
4361	0	11259217870040	none	4288	e201c639	512	224	0	4288
4362	1	11259235147160	none	4289	e201c639	512	224	0	4289
4363	2	11259252407410	none	4290	e201c639	512	224	0	4290
4364	3	11259269620620	none	4291	e201c639	512	224	0	4291
4365	4	11259282819840	none	4292	9c23f433	512	224	0	4292
4366	5	11259300082130	none	4293	9c23f433	512	224	0	4293
4367	6	11259317438780	none	4294	1e45a22d	512	224	0	4294
4368	7	11259334650120	none	4295	1e45a22d	512	224	0	4295
4369	0	11259351928590	none	4296	60679027	512	224	0	4296
4370	1	11259369190670	none	4297	60679027	512	224	0	4297
4371	2	11259382397760	none	4298	c1f80850	512	224	0	4298
4372	3	11259399605590	none	4299	c1f80850	512	224	0	4299
4373	4	11259416856950	none	4300	bfda3a5a	512	224	0	4300
4374	5	11259434120670	none	4301	bfda3a5a	512	224	0	4301
4375	6	11259451385820	none	4302	3dbc6c44	512	224	0	4302
4376	7	11259468621670	none	4303	3dbc6c44	512	224	0	4303
4377	0	11259485847390	none	4304	439e5e4e	512	224	0	4304
4378	1	11259499059440	none	4305	439e5e4e	512	224	0	4305
4379	2	11259516447010	none	4306	a5f25aeb	512	224	0	4306
4380	3	11259533686180	none	4307	a5f25aeb	512	224	0	4307
4381	4	11259550955790	none	4308	dbd068e1	512	224	0	4308
4382	5	11259568207890	none	4309	dbd068e1	512	224	0	4309
4383	6	11259585451070	none	4310	59b63eff	512	224	0	4310
4384	7	11259598650160	none	4311	59b63eff	512	224	0	4311
4385	0	11259615906610	none	4312	27940cf5	512	224	0	4312
4386	1	11259633161100	none	4313	27940cf5	512	224	0	4313
4387	2	11259650417420	none	4314	860b9482	512	224	0	4314
4388	3	11259667640990	none	4315	860b9482	512	224	0	4315
4389	4	11259684870770	none	4316	f829a688	512	224	0	4316
4390	5	11259702100370	none	4317	f829a688	512	224	0	4317
4391	6	11259715313410	none	4318	7a4ff096	512	224	0	4318
4392	7	11259732562840	none	4319	7a4ff096	512	224	0	4319
4393	0	11259749889800	none	4320	61605322	512	224	0	4320
4394	1	11259767147230	none	4321	61605322	512	224	0	4321
4395	2	11259784425620	none	4322	61605322	512	224	0	4322
4396	3	11259801671740	none	4323	61605322	512	224	0	4323
4397	4	11259814884160	none	4324	61605322	512	224	0	4324
4398	5	11259832117220	none	4325	61605322	512	224	0	4325
4399	6	11259849370120	none	4326	98948c62	512	224	0	4326
4400	7	11259866607780	none	4327	98948c62	512	224	0	4327
4401	0	11259883838380	none	4328	1d1d4499	512	224	0	4328
4402	1	11259901121250	none	4329	1d1d4499	512	224	0	4329
4403	2	11259918392240	none	4330	dd9a5c38	512	224	0	4330
4404	3	11259931661490	none	4331	dd9a5c38	512	224	0	4331
4405	4	11259948917430	none	4332	88677fed	512	224	0	4332
4406	5	11259966178810	none	4333	88677fed	512	224	0	4333
4407	6	11259983428310	none	4334	a1bd98b6	512	224	0	4334
4408	7	11260000682190	none	4335	a1bd98b6	512	224	0	4335
4409	0	11260017965290	none	4336	d409ad71	512	224	0	4336
4410	1	11260031432350	none	4337	d409ad71	512	224	0	4337
4411	2	11260048612280	none	4338	d836e6c4	512	224	0	4338
4412	3	11260065937750	none	4339	d836e6c4	512	224	0	4339
4413	4	11260083194950	none	4340	1234bfc8	512	224	0	4340
4414	5	11260100430020	none	4341	1234bfc8	512	224	0	4341
4415	6	11260117633890	none	4342	cf184535	512	224	0	4342
4416	7	11260130843690	none	4343	cf184535	512	224	0	4343
4417	0	11260148079030	none	4344	48f0978c	512	224	0	4344
4418	1	11260165440730	none	4345	48f0978c	512	224	0	4345
4419	2	11260182667100	none	4346	ee280674	512	224	0	4346
4420	3	11260199915120	none	4347	ee280674	512	224	0	4347
4421	4	11260217174030	none	4348	d926c96c	512	224	0	4348
4422	5	11260234448250	none	4349	d926c96c	512	224	0	4349
4423	6	11260247601680	none	4350	7ff860cd	512	224	0	4350
4424	7	11260265035110	none	4351	7ff860cd	512	224	0	4351
4425	0	11260282323920	none	4352	280b0d56	512	224	0	4352
4426	1	11260299578450	none	4353	280b0d56	512	224	0	4353
4427	2	11260316809560	none	4354	4e35e8df	512	224	0	4354
4428	3	11260334226400	none	4355	4e35e8df	512	224	0	4355
4429	4	11260347488370	none	4356	4e35e8df	512	224	0	4356
4430	5	11260365045590	none	4357	4e35e8df	512	224	0	4357
4431	6	11260382515200	none	4358	4e35e8df	512	224	0	4358
4432	7	11260399738290	none	4359	4e35e8df	512	224	0	4359
4433	0	11260416986090	none	4360	4e35e8df	512	224	0	4360
4434	1	11260430337880	none	4361	4e35e8df	512	224	0	4361
4435	2	11260447538300	none	4362	4e35e8df	512	224	0	4362
4436	3	11260464934760	none	4363	4e35e8df	512	224	0	4363
4437	4	11260482171900	none	4364	4e35e8df	512	224	0	4364
4438	5	11260499408130	none	4365	4e35e8df	512	224	0	4365
4439	6	11260516640490	none	4366	4e35e8df	512	224	0	4366
4440	7	11260534118680	none	4367	4e35e8df	512	224	0	4367
4441	0	11260547341810	none	4368	4e35e8df	512	224	0	4368
4442	1	11260564724630	none	4369	4e35e8df	512	224	0	4369
4443	2	11260581989040	none	4370	4e35e8df	512	224	0	4370
4444	3	11260599240860	none	4371	4e35e8df	512	224	0	4371
4445	4	11260616460380	none	4372	4e35e8df	512	224	0	4372
4446	5	11260633783210	none	4373	4e35e8df	512	224	0	4373
4447	6	11260647010280	none	4374	4e35e8df	512	224	0	4374
4448	7	11260664262640	none	4375	4e35e8df	512	224	0	4375
4449	0	11260681477270	none	4376	4e35e8df	512	224	0	4376
4450	1	11260698676100	none	4377	4e35e8df	512	224	0	4377
4451	2	11260715937830	none	4378	4e35e8df	512	224	0	4378
4452	3	11260733299150	none	4379	4e35e8df	512	224	0	4379
4453	4	11260746485780	none	4380	4e35e8df	512	224	0	4380
4454	5	11260763860090	none	4381	4e35e8df	512	224	0	4381
4455	6	11260781110870	none	4382	4e35e8df	512	224	0	4382
4456	7	11260798477800	none	4383	4e35e8df	512	224	0	4383
4457	0	11260815741700	none	4384	4e35e8df	512	224	0	4384
4458	1	11260833145960	none	4385	4e35e8df	512	224	0	4385
4459	2	11260846360780	none	4386	4e35e8df	512	224	0	4386
4460	3	11260863690580	none	4387	4e35e8df	512	224	0	4387
4461	4	11260881001510	none	4388	4e35e8df	512	224	0	4388
4462	5	11260898253340	none	4389	4e35e8df	512	224	0	4389
4463	6	11260915499420	none	4390	4e35e8df	512	224	0	4390
4464	7	11260932722470	none	4391	4e35e8df	512	224	0	4391
4465	0	11260949973680	none	4392	4e35e8df	512	224	0	4392
4466	1	11260963166140	none	4393	4e35e8df	512	224	0	4393
4467	2	11260980412080	none	4394	4e35e8df	512	224	0	4394
4468	3	11260997625050	none	4395	4e35e8df	512	224	0	4395
4469	4	11261014856240	none	4396	4e35e8df	512	224	0	4396
4470	5	11261032240030	none	4397	4e35e8df	512	224	0	4397
4471	6	11261049449770	none	4398	4e35e8df	512	224	0	4398
4472	7	11261062676010	none	4399	4e35e8df	512	224	0	4399
4473	0	11261080066870	none	4400	4e35e8df	512	224	0	4400
4474	1	11261097335400	none	4401	4e35e8df	512	224	0	4401
4475	2	11261114556020	none	4402	4e35e8df	512	224	0	4402
4476	3	11261131785040	none	4403	4e35e8df	512	224	0	4403
4477	4	11261149037030	none	4404	4e35e8df	512	224	0	4404
4478	5	11261166294080	none	4405	4e35e8df	512	224	0	4405
4479	6	11261179479670	none	4406	4e35e8df	512	224	0	4406
4480	7	11261196695710	none	4407	4e35e8df	512	224	0	4407
4481	0	11261214000170	none	4408	4e35e8df	512	224	0	4408
4482	1	11261231246400	none	4409	4e35e8df	512	224	0	4409
4483	2	11261248469040	none	4410	4e35e8df	512	224	0	4410
4484	3	11261265722730	none	4411	4e35e8df	512	224	0	4411
4485	4	11261278996380	none	4412	4e35e8df	512	224	0	4412
4486	5	11261296235580	none	4413	4e35e8df	512	224	0	4413
4487	6	11261313457560	none	4414	4e35e8df	512	224	0	4414
4488	7	11261330714490	none	4415	4e35e8df	512	224	0	4415
4489	0	11261348072930	none	4416	4e35e8df	512	224	0	4416
4490	1	11261365383640	none	4417	4e35e8df	512	224	0	4417
4491	2	11261382700980	none	4418	4e35e8df	512	224	0	4418
4492	3	11261395913410	none	4419	4e35e8df	512	224	0	4419
4493	4	11261413159240	none	4420	4e35e8df	512	224	0	4420
4494	5	11261430388780	none	4421	4e35e8df	512	224	0	4421
4495	6	11261447602990	none	4422	4e35e8df	512	224	0	4422
4496	7	11261464893360	none	4423	4e35e8df	512	224	0	4423
4497	0	11261482144950	none	4424	4e35e8df	512	224	0	4424
4498	1	11261495350450	none	4425	4e35e8df	512	224	0	4425
4499	2	11261512570870	none	4426	4e35e8df	512	224	0	4426
4500	3	11261529805170	none	4427	4e35e8df	512	224	0	4427
4501	4	11261547084910	none	4428	4e35e8df	512	224	0	4428
4502	5	11261564357770	none	4429	4e35e8df	512	224	0	4429
4503	6	11261581673700	none	4430	4e35e8df	512	224	0	4430
4504	7	11261598956310	none	4431	4e35e8df	512	224	0	4431
4505	0	11261612198970	none	4432	4e35e8df	512	224	0	4432
4506	1	11261629419210	none	4433	4e35e8df	512	224	0	4433
4507	2	11261646628320	none	4434	4e35e8df	512	224	0	4434
4508	3	11261663886520	none	4435	4e35e8df	512	224	0	4435
4509	4	11261681284650	none	4436	4e35e8df	512	224	0	4436
4510	5	11261698499070	none	4437	4e35e8df	512	224	0	4437
4511	6	11261711753190	none	4438	4e35e8df	512	224	0	4438
4512	7	11261729003050	none	4439	4e35e8df	512	224	0	4439
4513	0	11261746256590	none	4440	4e35e8df	512	224	0	4440
4514	1	11261763467050	none	4441	4e35e8df	512	224	0	4441
4515	2	11261780777830	none	4442	4e35e8df	512	224	0	4442
4516	3	11261798026990	none	4443	4e35e8df	512	224	0	4443
4517	4	11261815297750	none	4444	4e35e8df	512	224	0	4444
4518	5	11261828461320	none	4445	4e35e8df	512	224	0	4445
4519	6	11261845713410	none	4446	4e35e8df	512	224	0	4446
4520	7	11261862988690	none	4447	4e35e8df	512	224	0	4447
4521	0	11261880391180	none	4448	4e35e8df	512	224	0	4448
4522	1	11261897602590	none	4449	4e35e8df	512	224	0	4449
4523	2	11261914870740	none	4450	4e35e8df	512	224	0	4450
4524	3	11261928077480	none	4451	4e35e8df	512	224	0	4451
4525	4	11261945329780	none	4452	4e35e8df	512	224	0	4452
4526	5	11261962548670	none	4453	4e35e8df	512	224	0	4453
4527	6	11261979779350	none	4454	4e35e8df	512	224	0	4454
4528	7	11261997037720	none	4455	4e35e8df	512	224	0	4455
4529	0	11262014281130	none	4456	4e35e8df	512	224	0	4456
4530	1	11262031511300	none	4457	4e35e8df	512	224	0	4457
4531	2	11262044700620	none	4458	4e35e8df	512	224	0	4458
4532	3	11262062014380	none	4459	4e35e8df	512	224	0	4459
4533	4	11262079278180	none	4460	4e35e8df	512	224	0	4460
4534	5	11262096490140	none	4461	4e35e8df	512	224	0	4461
4535	6	11262113708960	none	4462	4e35e8df	512	224	0	4462
4536	7	11262131056080	none	4463	4e35e8df	512	224	0	4463
4537	0	11262144358500	none	4464	4e35e8df	512	224	0	4464
4538	1	11262161683160	none	4465	4e35e8df	512	224	0	4465
4539	2	11262178933400	none	4466	4e35e8df	512	224	0	4466
4540	3	11262196186930	none	4467	4e35e8df	512	224	0	4467
4541	4	11262213415520	none	4468	4e35e8df	512	224	0	4468
4542	5	11262230642230	none	4469	4e35e8df	512	224	0	4469
4543	6	11262247881040	none	4470	4e35e8df	512	224	0	4470
4544	7	11262261070360	none	4471	4e35e8df	512	224	0	4471
4545	0	11262278328250	none	4472	4e35e8df	512	224	0	4472
4546	1	11262295548540	none	4473	4e35e8df	512	224	0	4473
4547	2	11262312881170	none	4474	4e35e8df	512	224	0	4474
4548	3	11262330146680	none	4475	4e35e8df	512	224	0	4475
4549	4	11262347390620	none	4476	4e35e8df	512	224	0	4476
4550	5	11262360565160	none	4477	4e35e8df	512	224	0	4477
4551	6	11262377780010	none	4478	4e35e8df	512	224	0	4478
4552	7	11262395064360	none	4479	4e35e8df	512	224	0	4479
4553	0	11262412363250	none	4480	4e35e8df	512	224	0	4480
4554	1	11262429687970	none	4481	4e35e8df	512	224	0	4481
4555	2	11262446951950	none	4482	4e35e8df	512	224	0	4482
4556	3	11262464205170	none	4483	4e35e8df	512	224	0	4483
4557	4	11262477379310	none	4484	4e35e8df	512	224	0	4484
4558	5	11262494619050	none	4485	4e35e8df	512	224	0	4485
4559	6	11262511886810	none	4486	4e35e8df	512	224	0	4486
4560	7	11262529127310	none	4487	4e35e8df	512	224	0	4487
4561	0	11262546369990	none	4488	4e35e8df	512	224	0	4488
4562	1	11262563579180	none	4489	4e35e8df	512	224	0	4489
4563	2	11262580827890	none	4490	4e35e8df	512	224	0	4490
4564	3	11262594183790	none	4491	4e35e8df	512	224	0	4491
4565	4	11262611409040	none	4492	4e35e8df	512	224	0	4492
4566	5	11262628743260	none	4493	4e35e8df	512	224	0	4493
4567	6	11262645999730	none	4494	4e35e8df	512	224	0	4494
4568	7	11262663287030	none	4495	4e35e8df	512	224	0	4495
4569	0	11262680540640	none	4496	4e35e8df	512	224	0	4496
4570	1	11262693759790	none	4497	4e35e8df	512	224	0	4497
4571	2	11262711007370	none	4498	4e35e8df	512	224	0	4498
4572	3	11262728366660	none	4499	4e35e8df	512	224	0	4499
4573	4	11262745589230	none	4500	4e35e8df	512	224	0	4500
4574	5	11262762813820	none	4501	4e35e8df	512	224	0	4501
4575	6	11262780063680	none	4502	4e35e8df	512	224	0	4502
4576	7	11262793281240	none	4503	4e35e8df	512	224	0	4503
4577	0	11262810480520	none	4504	4e35e8df	512	224	0	4504
4578	1	11262827726390	none	4505	4e35e8df	512	224	0	4505
4579	2	11262844985490	none	4506	4e35e8df	512	224	0	4506
4580	3	11262862239210	none	4507	4e35e8df	512	224	0	4507
4581	4	11262879493700	none	4508	4e35e8df	512	224	0	4508
4582	5	11262896701480	none	4509	4e35e8df	512	224	0	4509
4583	6	11262909918600	none	4510	4e35e8df	512	224	0	4510
4584	7	11262927409280	none	4511	4e35e8df	512	224	0	4511
4585	0	11262944638510	none	4512	4e35e8df	512	224	0	4512
4586	1	11262961904810	none	4513	4e35e8df	512	224	0	4513
4587	2	11262979140590	none	4514	4e35e8df	512	224	0	4514
4588	3	11262996382720	none	4515	4e35e8df	512	224	0	4515
4589	4	11263009564550	none	4516	4e35e8df	512	224	0	4516
4590	5	11263026853480	none	4517	4e35e8df	512	224	0	4517
4591	6	11263044100650	none	4518	4e35e8df	512	224	0	4518
4592	7	11263061355530	none	4519	4e35e8df	512	224	0	4519
4593	0	11263078578250	none	4520	4e35e8df	512	224	0	4520
4594	1	11263095812250	none	4521	4e35e8df	512	224	0	4521
4595	2	11263113161300	none	4522	4e35e8df	512	224	0	4522
4596	3	11263126367700	none	4523	4e35e8df	512	224	0	4523
4597	4	11263143603650	none	4524	4e35e8df	512	224	0	4524
4598	5	11263160897720	none	4525	4e35e8df	512	224	0	4525
4599	6	11263178170080	none	4526	4e35e8df	512	224	0	4526
4600	7	11263195416280	none	4527	4e35e8df	512	224	0	4527
4601	0	11263212736690	none	4528	4e35e8df	512	224	0	4528
4602	1	11263225967940	none	4529	4e35e8df	512	224	0	4529
4603	2	11263243256510	none	4530	4e35e8df	512	224	0	4530
4604	3	11263260492750	none	4531	4e35e8df	512	224	0	4531
4605	4	11263277741050	none	4532	4e35e8df	512	224	0	4532
4606	5	11263294996460	none	4533	4e35e8df	512	224	0	4533
4607	6	11263312228370	none	4534	4e35e8df	512	224	0	4534
4608	7	11263329467590	none	4535	4e35e8df	512	224	0	4535
4609	0	11263342799500	none	4536	4e35e8df	512	224	0	4536
4610	1	11263360064460	none	4537	4e35e8df	512	224	0	4537
4611	2	11263377333020	none	4538	4e35e8df	512	224	0	4538
4612	3	11263394559630	none	4539	4e35e8df	512	224	0	4539
4613	4	11263411793370	none	4540	4e35e8df	512	224	0	4540
4614	5	11263429042480	none	4541	4e35e8df	512	224	0	4541
4615	6	11263442367930	none	4542	4e35e8df	512	224	0	4542
4616	7	11263459756340	none	4543	4e35e8df	512	224	0	4543
4617	0	11263477180620	none	4544	4e35e8df	512	224	0	4544
4618	1	11263494416910	none	4545	4e35e8df	512	224	0	4545
4619	2	11263511649190	none	4546	4e35e8df	512	224	0	4546
4620	3	11263528896770	none	4547	4e35e8df	512	224	0	4547
4621	4	11263542258900	none	4548	4e35e8df	512	224	0	4548
4622	5	11263559558030	none	4549	4e35e8df	512	224	0	4549
4623	6	11263576979050	none	4550	4e35e8df	512	224	0	4550
4624	7	11263594248650	none	4551	4e35e8df	512	224	0	4551
4625	0	11263611497570	none	4552	280b0d56	512	224	0	4552
4626	1	11263628743100	none	4553	280b0d56	512	224	0	4553
4627	2	11263642029430	none	4554	7ff860cd	512	224	0	4554
4628	3	11263659294020	none	4555	7ff860cd	512	224	0	4555
4629	4	11263676594920	none	4556	d926c96c	512	224	0	4556
4630	5	11263693865030	none	4557	d926c96c	512	224	0	4557
4631	6	11263711089950	none	4558	ee280674	512	224	0	4558
4632	7	11263728373500	none	4559	ee280674	512	224	0	4559
4633	0	11263741687930	none	4560	48f0978c	512	224	0	4560
4634	1	11263758940130	none	4561	48f0978c	512	224	0	4561
4635	2	11263776305870	none	4562	cf184535	512	224	0	4562
4636	3	11263793563960	none	4563	cf184535	512	224	0	4563
4637	4	11263810824680	none	4564	1234bfc8	512	224	0	4564
4638	5	11263828107840	none	4565	1234bfc8	512	224	0	4565
4639	6	11263841424610	none	4566	d836e6c4	512	224	0	4566
4640	7	11263858644260	none	4567	d836e6c4	512	224	0	4567
4641	0	11263875968460	none	4568	d409ad71	512	224	0	4568
4642	1	11263893283130	none	4569	d409ad71	512	224	0	4569
4643	2	11263910494430	none	4570	a1bd98b6	512	224	0	4570
4644	3	11263927727880	none	4571	a1bd98b6	512	224	0	4571
4645	4	11263945122240	none	4572	88677fed	512	224	0	4572
4646	5	11263958328370	none	4573	88677fed	512	224	0	4573
4647	6	11263975665930	none	4574	dd9a5c38	512	224	0	4574
4648	7	11263992998060	none	4575	dd9a5c38	512	224	0	4575
4649	0	11264010378550	none	4576	1d1d4499	512	224	0	4576
4650	1	11264027623540	none	4577	1d1d4499	512	224	0	4577
4651	2	11264044967200	none	4578	98948c62	512	224	0	4578
4652	3	11264058177630	none	4579	98948c62	512	224	0	4579
4653	4	11264075431110	none	4580	61605322	512	224	0	4580
4654	5	11264092660460	none	4581	61605322	512	224	0	4581
4655	6	11264110081710	none	4582	61605322	512	224	0	4582
4656	7	11264127336630	none	4583	61605322	512	224	0	4583
4657	0	11264144648800	none	4584	61605322	512	224	0	4584
4658	1	11264157913950	none	4585	61605322	512	224	0	4585
4659	2	11264175201030	none	4586	1dc4fbfe	512	224	0	4586
4660	3	11264192422870	none	4587	1dc4fbfe	512	224	0	4587
4661	4	11264209730930	none	4588	856c04ec	512	224	0	4588
4662	5	11264227005020	none	4589	856c04ec	512	224	0	4589
4663	6	11264244366480	none	4590	fcbecb94	512	224	0	4590
4664	7	11264257613430	none	4591	fcbecb94	512	224	0	4591
4665	0	11264274994140	none	4592	81b5e66f	512	224	0	4592
4666	1	11264292254070	none	4593	81b5e66f	512	224	0	4593
4667	2	11264309585710	none	4594	b20af5cb	512	224	0	4594
4668	3	11264326881960	none	4595	b20af5cb	512	224	0	4595
4669	4	11264344296760	none	4596	3b6064c1	512	224	0	4596
4670	5	11264357466490	none	4597	3b6064c1	512	224	0	4597
4671	6	11264374833790	none	4598	c9c34381	512	224	0	4598
4672	7	11264392068250	none	4599	c9c34381	512	224	0	4599
4673	0	11264409312450	none	4600	fd22b5dd	512	224	0	4600
4674	1	11264426594990	none	4601	fd22b5dd	512	224	0	4601
4675	2	11264443931690	none	4602	21c528ad	512	224	0	4602
4676	3	11264457148570	none	4603	21c528ad	512	224	0	4603
4677	4	11264474372330	none	4604	604e80c3	512	224	0	4604
4678	5	11264491585540	none	4605	604e80c3	512	224	0	4605
4679	6	11264508829970	none	4606	afb5df4f	512	224	0	4606
4680	7	11264526155080	none	4607	afb5df4f	512	224	0	4607
4681	0	11264543569330	none	4608	6b082683	512	224	0	4608
4682	1	11264556905380	none	4609	6b082683	512	224	0	4609
4683	2	11264574164940	none	4610	ab48c52a	512	224	0	4610
4684	3	11264591397160	none	4611	ab48c52a	512	224	0	4611
4685	4	11264608652630	none	4612	e410dba3	512	224	0	4612
4686	5	11264625900980	none	4613	e410dba3	512	224	0	4613
4687	6	11264643341870	none	4614	5374f01f	512	224	0	4614
4688	7	11264660563160	none	4615	5374f01f	512	224	0	4615
4689	0	11264673791700	none	4616	5374f01f	512	224	0	4616
4690	1	11264691036040	none	4617	5374f01f	512	224	0	4617
4691	2	11264708291970	none	4618	5374f01f	512	224	0	4618
4692	3	11264725485860	none	4619	5374f01f	512	224	0	4619
4693	4	11264742752850	none	4620	5374f01f	512	224	0	4620
4694	5	11264760057830	none	4621	5374f01f	512	224	0	4621
4695	6	11264773268540	none	4622	5374f01f	512	224	0	4622
4696	7	11264790499750	none	4623	5374f01f	512	224	0	4623
4697	0	11264807736990	none	4624	5374f01f	512	224	0	4624
4698	1	11264824996630	none	4625	5374f01f	512	224	0	4625
4699	2	11264842400930	none	4626	5374f01f	512	224	0	4626
4700	3	11264859742580	none	4627	5374f01f	512	224	0	4627
4701	4	11264877054600	none	4628	5374f01f	512	224	0	4628
4702	5	11264890281600	none	4629	5374f01f	512	224	0	4629
4703	6	11264907491950	none	4630	5374f01f	512	224	0	4630
4704	7	11264924722800	none	4631	5374f01f	512	224	0	4631
4705	0	11264942136150	none	4632	5374f01f	512	224	0	4632
4706	1	11264959414970	none	4633	5374f01f	512	224	0	4633
4707	2	11264976696470	none	4634	5374f01f	512	224	0	4634
4708	3	11264989966820	none	4635	5374f01f	512	224	0	4635
4709	4	11265007211020	none	4636	5374f01f	512	224	0	4636
4710	5	11265024418520	none	4637	5374f01f	512	224	0	4637
4711	6	11265041626740	none	4638	5374f01f	512	224	0	4638
4712	7	11265058982810	none	4639	5374f01f	512	224	0	4639
4713	0	11265076326250	none	4640	5374f01f	512	224	0	4640
4714	1	11265089551300	none	4641	5374f01f	512	224	0	4641
4715	2	11265106779930	none	4642	5374f01f	512	224	0	4642
4716	3	11265124030880	none	4643	5374f01f	512	224	0	4643
4717	4	11265141303600	none	4644	5374f01f	512	224	0	4644
4718	5	11265158543040	none	4645	5374f01f	512	224	0	4645
4719	6	11265175861350	none	4646	5374f01f	512	224	0	4646
4720	7	11265193180690	none	4647	5374f01f	512	224	0	4647
4721	0	11265206375120	none	4648	5374f01f	512	224	0	4648
4722	1	11265223586360	none	4649	5374f01f	512	224	0	4649
4723	2	11265240809940	none	4650	5374f01f	512	224	0	4650
4724	3	11265258059110	none	4651	5374f01f	512	224	0	4651
4725	4	11265275303770	none	4652	5374f01f	512	224	0	4652
4726	5	11265292515610	none	4653	5374f01f	512	224	0	4653
4727	6	11265305798190	none	4654	5374f01f	512	224	0	4654
4728	7	11265323087120	none	4655	5374f01f	512	224	0	4655
4729	0	11265340316140	none	4656	5374f01f	512	224	0	4656
4730	1	11265357513440	none	4657	5374f01f	512	224	0	4657
4731	2	11265374943060	none	4658	5374f01f	512	224	0	4658
4732	3	11265392658420	none	4659	5374f01f	512	224	0	4659
4733	4	11265406000000	none	4660	5374f01f	512	224	0	4660
4734	5	11265423257640	none	4661	5374f01f	512	224	0	4661
4735	6	11265440476050	none	4662	5374f01f	512	224	0	4662
4736	7	11265457716660	none	4663	5374f01f	512	224	0	4663
4737	0	11265474986230	none	4664	5374f01f	512	224	0	4664
4738	1	11265492266360	none	4665	5374f01f	512	224	0	4665
4739	2	11265505542570	none	4666	5374f01f	512	224	0	4666
4740	3	11265522798310	none	4667	5374f01f	512	224	0	4667
4741	4	11265540192960	none	4668	5374f01f	512	224	0	4668
4742	5	11265557411020	none	4669	5374f01f	512	224	0	4669
4743	6	11265574644640	none	4670	5374f01f	512	224	0	4670
4744	7	11265592033410	none	4671	5374f01f	512	224	0	4671
4745	0	11265605260260	none	4672	5374f01f	512	224	0	4672
4746	1	11265622464770	none	4673	5374f01f	512	224	0	4673
4747	2	11265639680730	none	4674	5374f01f	512	224	0	4674
4748	3	11265656936700	none	4675	5374f01f	512	224	0	4675
4749	4	11265674184150	none	4676	5374f01f	512	224	0	4676
4750	5	11265691416940	none	4677	5374f01f	512	224	0	4677
4751	6	11265708668300	none	4678	5374f01f	512	224	0	4678
4752	7	11265722016460	none	4679	5374f01f	512	224	0	4679
4753	0	11265739267490	none	4680	5374f01f	512	224	0	4680
4754	1	11265756473140	none	4681	5374f01f	512	224	0	4681
4755	2	11265773689450	none	4682	5374f01f	512	224	0	4682
4756	3	11265791023010	none	4683	5374f01f	512	224	0	4683
4757	4	11265808284270	none	4684	5374f01f	512	224	0	4684
4758	5	11265821465410	none	4685	5374f01f	512	224	0	4685
4759	6	11265838681550	none	4686	5374f01f	512	224	0	4686
4760	7	11265856072860	none	4687	5374f01f	512	224	0	4687
4761	0	11265873311180	none	4688	5374f01f	512	224	0	4688
4762	1	11265890638590	none	4689	5374f01f	512	224	0	4689
4763	2	11265907882050	none	4690	5374f01f	512	224	0	4690
4764	3	11265925119600	none	4691	5374f01f	512	224	0	4691
4765	4	11265938302630	none	4692	5374f01f	512	224	0	4692
4766	5	11265955505230	none	4693	5374f01f	512	224	0	4693
4767	6	11265972739190	none	4694	5374f01f	512	224	0	4694
4768	7	11265990043370	none	4695	5374f01f	512	224	0	4695
4769	0	11266007303250	none	4696	5374f01f	512	224	0	4696
4770	1	11266024513540	none	4697	5374f01f	512	224	0	4697
4771	2	11266041735360	none	4698	5374f01f	512	224	0	4698
4772	3	11266055114910	none	4699	5374f01f	512	224	0	4699
4773	4	11266072329480	none	4700	5374f01f	512	224	0	4700
4774	5	11266089642340	none	4701	5374f01f	512	224	0	4701
4775	6	11266106961320	none	4702	5374f01f	512	224	0	4702
4776	7	11266124256270	none	4703	5374f01f	512	224	0	4703
4777	0	11266141478040	none	4704	5374f01f	512	224	0	4704
4778	1	11266154665190	none	4705	5374f01f	512	224	0	4705
4779	2	11266171952820	none	4706	5374f01f	512	224	0	4706
4780	3	11266189339170	none	4707	5374f01f	512	224	0	4707
4781	4	11266206574140	none	4708	5374f01f	512	224	0	4708
4782	5	11266223833240	none	4709	5374f01f	512	224	0	4709
4783	6	11266241102950	none	4710	5374f01f	512	224	0	4710
4784	7	11266254298260	none	4711	5374f01f	512	224	0	4711
4785	0	11266271504600	none	4712	5374f01f	512	224	0	4712
4786	1	11266288707570	none	4713	5374f01f	512	224	0	4713
4787	2	11266305961450	none	4714	5374f01f	512	224	0	4714
4788	3	11266323198240	none	4715	5374f01f	512	224	0	4715
4789	4	11266340406000	none	4716	5374f01f	512	224	0	4716
4790	5	11266357650330	none	4717	5374f01f	512	224	0	4717
4791	6	11266370865850	none	4718	5374f01f	512	224	0	4718
4792	7	11266388278300	none	4719	5374f01f	512	224	0	4719
4793	0	11266405490860	none	4720	5374f01f	512	224	0	4720
4794	1	11266422725210	none	4721	5374f01f	512	224	0	4721
4795	2	11266439995600	none	4722	5374f01f	512	224	0	4722
4796	3	11266457250350	none	4723	5374f01f	512	224	0	4723
4797	4	11266470424140	none	4724	5374f01f	512	224	0	4724
4798	5	11266487632780	none	4725	5374f01f	512	224	0	4725
4799	6	11266504884800	none	4726	5374f01f	512	224	0	4726
4800	7	11266522148130	none	4727	5374f01f	512	224	0	4727
4801	0	11266539362690	none	4728	5374f01f	512	224	0	4728
4802	1	11266556586620	none	4729	5374f01f	512	224	0	4729
4803	2	11266573840920	none	4730	5374f01f	512	224	0	4730
4804	3	11266587048970	none	4731	5374f01f	512	224	0	4731
4805	4	11266604288230	none	4732	5374f01f	512	224	0	4732
4806	5	11266621479710	none	4733	5374f01f	512	224	0	4733
4807	6	11266638817510	none	4734	5374f01f	512	224	0	4734
4808	7	11266656092210	none	4735	5374f01f	512	224	0	4735
4809	0	11266673324050	none	4736	5374f01f	512	224	0	4736
4810	1	11266690547020	none	4737	5374f01f	512	224	0	4737
4811	2	11266703832540	none	4738	5374f01f	512	224	0	4738
4812	3	11266721061630	none	4739	5374f01f	512	224	0	4739
4813	4	11266738295360	none	4740	5374f01f	512	224	0	4740
4814	5	11266755503110	none	4741	5374f01f	512	224	0	4741
4815	6	11266772728950	none	4742	5374f01f	512	224	0	4742
4816	7	11266790114350	none	4743	5374f01f	512	224	0	4743
4817	0	11266803487470	none	4744	5374f01f	512	224	0	4744
4818	1	11266820730760	none	4745	5374f01f	512	224	0	4745
4819	2	11266838052840	none	4746	5374f01f	512	224	0	4746
4820	3	11266855340090	none	4747	5374f01f	512	224	0	4747
4821	4	11266872571770	none	4748	5374f01f	512	224	0	4748
4822	5	11266889818980	none	4749	5374f01f	512	224	0	4749
4823	6	11266903182100	none	4750	5374f01f	512	224	0	4750
4824	7	11266920436110	none	4751	5374f01f	512	224	0	4751
4825	0	11266937799830	none	4752	5374f01f	512	224	0	4752
4826	1	11266955033940	none	4753	5374f01f	512	224	0	4753
4827	2	11266972268920	none	4754	5374f01f	512	224	0	4754
4828	3	11266989480010	none	4755	5374f01f	512	224	0	4755
4829	4	11267006703890	none	4756	5374f01f	512	224	0	4756
4830	5	11267019913300	none	4757	5374f01f	512	224	0	4757
4831	6	11267037303350	none	4758	5374f01f	512	224	0	4758
4832	7	11267054538090	none	4759	5374f01f	512	224	0	4759
4833	0	11267071803390	none	4760	5374f01f	512	224	0	4760
4834	1	11267089024720	none	4761	5374f01f	512	224	0	4761
4835	2	11267106378410	none	4762	5374f01f	512	224	0	4762
4836	3	11267119544610	none	4763	5374f01f	512	224	0	4763
4837	4	11267136906840	none	4764	5374f01f	512	224	0	4764
4838	5	11267154134370	none	4765	5374f01f	512	224	0	4765
4839	6	11267171354300	none	4766	5374f01f	512	224	0	4766
4840	7	11267188593700	none	4767	5374f01f	512	224	0	4767
4841	0	11267205845850	none	4768	5374f01f	512	224	0	4768
4842	1	11267223110380	none	4769	5374f01f	512	224	0	4769
4843	2	11267236288240	none	4770	5374f01f	512	224	0	4770
4844	3	11267253507590	none	4771	5374f01f	512	224	0	4771
4845	4	11267270795340	none	4772	5374f01f	512	224	0	4772
4846	5	11267288045300	none	4773	5374f01f	512	224	0	4773
4847	6	11267305334040	none	4774	5374f01f	512	224	0	4774
4848	7	11267322546930	none	4775	5374f01f	512	224	0	4775
4849	0	11267335768220	none	4776	5374f01f	512	224	0	4776
4850	1	11267353008580	none	4777	5374f01f	512	224	0	4777
4851	2	11267370305380	none	4778	5374f01f	512	224	0	4778
4852	3	11267387560820	none	4779	5374f01f	512	224	0	4779
4853	4	11267404825620	none	4780	5374f01f	512	224	0	4780
4854	5	11267422132060	none	4781	5374f01f	512	224	0	4781
4855	6	11267439356450	none	4782	5374f01f	512	224	0	4782
4856	7	11267452647840	none	4783	5374f01f	512	224	0	4783
4857	0	11267469929860	none	4784	5374f01f	512	224	0	4784
4858	1	11267487178860	none	4785	5374f01f	512	224	0	4785
4859	2	11267504409390	none	4786	5374f01f	512	224	0	4786
4860	3	11267521643020	none	4787	5374f01f	512	224	0	4787
4861	4	11267538889470	none	4788	5374f01f	512	224	0	4788
4862	5	11267552121400	none	4789	5374f01f	512	224	0	4789
4863	6	11267569336820	none	4790	5374f01f	512	224	0	4790
4864	7	11267586562070	none	4791	5374f01f	512	224	0	4791
4865	0	11267603820840	none	4792	5374f01f	512	224	0	4792
4866	1	11267621127720	none	4793	5374f01f	512	224	0	4793
4867	2	11267638371490	none	4794	5374f01f	512	224	0	4794
4868	3	11267655708150	none	4795	5374f01f	512	224	0	4795
4869	4	11267668924630	none	4796	5374f01f	512	224	0	4796
4870	5	11267686177310	none	4797	5374f01f	512	224	0	4797
4871	6	11267703396750	none	4798	5374f01f	512	224	0	4798
4872	7	11267720697970	none	4799	5374f01f	512	224	0	4799
4873	0	11267737946700	none	4800	5374f01f	512	224	0	4800
4874	1	11267755364900	none	4801	5374f01f	512	224	0	4801
4875	2	11267768538320	none	4802	5374f01f	512	224	0	4802
4876	3	11267785901500	none	4803	5374f01f	512	224	0	4803
4877	4	11267803152490	none	4804	5374f01f	512	224	0	4804
4878	5	11267820354570	none	4805	5374f01f	512	224	0	4805
4879	6	11267837559180	none	4806	5374f01f	512	224	0	4806
4880	7	11267854896570	none	4807	5374f01f	512	224	0	4807
4881	0	11267868124440	none	4808	5374f01f	512	224	0	4808
4882	1	11267885354920	none	4809	5374f01f	512	224	0	4809
4883	2	11267902573400	none	4810	e410dba3	512	224	0	4810
4884	3	11267919834370	none	4811	e410dba3	512	224	0	4811
4885	4	11267937078140	none	4812	ab48c52a	512	224	0	4812
4886	5	11267954413350	none	4813	ab48c52a	512	224	0	4813
4887	6	11267971671590	none	4814	6b082683	512	224	0	4814
4888	7	11267984893780	none	4815	6b082683	512	224	0	4815
4889	0	11268002167900	none	4816	afb5df4f	512	224	0	4816
4890	1	11268019385320	none	4817	afb5df4f	512	224	0	4817
4891	2	11268036602610	none	4818	604e80c3	512	224	0	4818
4892	3	11268053845390	none	4819	604e80c3	512	224	0	4819
4893	4	11268071112330	none	4820	21c528ad	512	224	0	4820
4894	5	11268088325110	none	4821	21c528ad	512	224	0	4821
4895	6	11268101528180	none	4822	fd22b5dd	512	224	0	4822
4896	7	11268118774660	none	4823	fd22b5dd	512	224	0	4823
4897	0	11268136008110	none	4824	c9c34381	512	224	0	4824
4898	1	11268153383640	none	4825	c9c34381	512	224	0	4825
4899	2	11268170964340	none	4826	3b6064c1	512	224	0	4826
4900	3	11268184652550	none	4827	3b6064c1	512	224	0	4827
4901	4	11268202144970	none	4828	b20af5cb	512	224	0	4828
4902	5	11268219596730	none	4829	b20af5cb	512	224	0	4829
4903	6	11268237317990	none	4830	81b5e66f	512	224	0	4830
4904	7	11268254786860	none	4831	81b5e66f	512	224	0	4831
4905	0	11268268201060	none	4832	fcbecb94	512	224	0	4832
4906	1	11268285495950	none	4833	fcbecb94	512	224	0	4833
4907	2	11268302737690	none	4834	856c04ec	512	224	0	4834
4908	3	11268319993530	none	4835	856c04ec	512	224	0	4835
4909	4	11268337327780	none	4836	1dc4fbfe	512	224	0	4836
4910	5	11268351188720	none	4837	1dc4fbfe	512	224	0	4837
4911	6	11268368488760	none	4838	61605322	512	224	0	4838
4912	7	11268385986660	none	4839	61605322	512	224	0	4839
4913	0	11268403721420	none	4840	61605322	512	224	0	4840
4914	1	11268421116630	none	4841	61605322	512	224	0	4841
4915	2	11268434693770	none	4842	61605322	512	224	0	4842
4916	3	11268452135460	none	4843	61605322	512	224	0	4843
4917	4	11268469692780	none	4844	a25f1ab9	512	224	0	4844
4918	5	11268486965510	none	4845	f9f1ab87	512	224	0	4845
4919	6	11268504223220	none	4846	1dcc972a	512	224	0	4846
4920	7	11268517474510	none	4847	900d1192	512	224	0	4847
4921	0	11268534774880	none	4848	945d81c9	512	224	0	4848
4922	1	11268552010880	none	4849	8d7a7887	512	224	0	4849
4923	2	11268569222990	none	4850	ad93ec6f	512	224	0	4850
4924	3	11268586435090	none	4851	a8fafb6b	512	224	0	4851
4925	4	11268603706410	none	4852	02807123	512	224	0	4852
4926	5	11268616900520	none	4853	747b083e	512	224	0	4853
4927	6	11268634157610	none	4854	2682118b	512	224	0	4854
4928	7	11268651378870	none	4855	ebc7a9ee	512	224	0	4855
4929	0	11268668583590	none	4856	6f3ea73b	512	224	0	4856
4930	1	11268685896840	none	4857	8f27029b	512	224	0	4857
4931	2	11268703203900	none	4858	253ac43e	512	224	0	4858
4932	3	11268720509240	none	4859	5fb94c2e	512	224	0	4859
4933	4	11268733719380	none	4860	749999c5	512	224	0	4860
4934	5	11268750956870	none	4861	2653b98b	512	224	0	4861
4935	6	11268768186220	none	4862	0ebccaa1	512	224	0	4862
4936	7	11268785453670	none	4863	4f953a97	512	224	0	4863
4937	0	11268802897080	none	4864	20075b69	512	224	0	4864
4938	1	11268820149870	none	4865	a5c3db70	512	224	0	4865
4939	2	11268833337610	none	4866	5fde5f6e	512	224	0	4866
4940	3	11268850533950	none	4867	3a1355f6	512	224	0	4867
4941	4	11268867782430	none	4868	b69c6cdf	512	224	0	4868
4942	5	11268885058910	none	4869	8c6ebfd8	512	224	0	4869
4943	6	11268902431340	none	4870	d196cfae	512	224	0	4870
4944	7	11268919668180	none	4871	deec227f	512	224	0	4871
4945	0	11268933015770	none	4872	8c003cef	512	224	0	4872
4946	1	11268950263370	none	4873	f8aee5f4	512	224	0	4873
4947	2	11268967464460	none	4874	62e1928b	512	224	0	4874
4948	3	11268984689070	none	4875	cad9b4fc	512	224	0	4875
4949	4	11269002026950	none	4876	7f5ad6b8	512	224	0	4876
4950	5	11269019277420	none	4877	a252fe26	512	224	0	4877
4951	6	11269036480400	none	4878	95149c60	512	224	0	4878
4952	7	11269049890460	none	4879	12d16b7f	512	224	0	4879
4953	0	11269067236380	none	4880	976b1b37	512	224	0	4880
4954	1	11269084482870	none	4881	7c858c4c	512	224	0	4881
4955	2	11269101886680	none	4882	be70804f	512	224	0	4882
4956	3	11269119170560	none	4883	9656da65	512	224	0	4883
4957	4	11269136397570	none	4884	efa7c177	512	224	0	4884
4958	5	11269149601040	none	4885	6f86e37b	512	224	0	4885
4959	6	11269166858930	none	4886	584b1705	512	224	0	4886
4960	7	11269184128300	none	4887	c84d4aea	512	224	0	4887
4961	0	11269201493420	none	4888	e2ef3c9b	512	224	0	4888
4962	1	11269218735320	none	4889	8f1167bd	512	224	0	4889
4963	2	11269235982040	none	4890	65ef4e00	512	224	0	4890
4964	3	11269249206230	none	4891	964a831e	512	224	0	4891
4965	4	11269266414530	none	4892	fb3c450a	512	224	0	4892
4966	5	11269283686390	none	4893	12563ab6	512	224	0	4893
4967	6	11269300961570	none	4894	55e345b7	512	224	0	4894
4968	7	11269318249320	none	4895	b261a7dd	512	224	0	4895
4969	0	11269335505490	none	4896	36e2ad51	512	224	0	4896
4970	1	11269352820180	none	4897	d0b99194	512	224	0	4897
4971	2	11269366255050	none	4898	6d5dc0da	512	224	0	4898
4972	3	11269383469370	none	4899	eca2c5be	512	224	0	4899
4973	4	11269400827790	none	4900	d8aefd75	512	224	0	4900
4974	5	11269418105630	none	4901	462f5b65	512	224	0	4901
4975	6	11269435353170	none	4902	8428ca40	512	224	0	4902
4976	7	11269452561530	none	4903	2677e4a3	512	224	0	4903
4977	0	11269465787640	none	4904	72629900	512	224	0	4904
4978	1	11269483001800	none	4905	72629900	512	224	0	4905
4979	2	11269500426700	none	4906	72629900	512	224	0	4906
4980	3	11269517782530	none	4907	72629900	512	224	0	4907
4981	4	11269535053430	none	4908	72629900	512	224	0	4908
4982	5	11269552324120	none	4909	72629900	512	224	0	4909
4983	6	11269565505320	none	4910	592c1014	512	224	0	4910
4984	7	11269582762880	none	4911	592c1014	512	224	0	4911
4985	0	11269600174000	none	4912	592c1014	512	224	0	4912
4986	1	11269617396170	none	4913	592c1014	512	224	0	4913
4987	2	11269634622980	none	4914	592c1014	512	224	0	4914
4988	3	11269651974490	none	4915	592c1014	512	224	0	4915
4989	4	11269665176700	none	4916	592c1014	512	224	0	4916
4990	5	11269682426800	none	4917	592c1014	512	224	0	4917
4991	6	11269699767910	none	4918	d6a98320	512	224	0	4918
4992	7	11269717012080	none	4919	d6a98320	512	224	0	4919
4993	0	11269734261710	none	4920	e1989714	512	224	0	4920
4994	1	11269751487320	none	4921	e1989714	512	224	0	4921
4995	2	11269768757190	none	4922	e1989714	512	224	0	4922
4996	3	11269782046250	none	4923	e1989714	512	224	0	4923
4997	4	11269799406620	none	4924	e1989714	512	224	0	4924
4998	5	11269816631440	none	4925	e1989714	512	224	0	4925
4999	6	11269833878390	none	4926	e1989714	512	224	0	4926
5000	7	11269851123850	none	4927	e1989714	512	224	0	4927
5001	0	11269868336460	none	4928	e1989714	512	224	0	4928
5002	1	11269881534330	none	4929	e1989714	512	224	0	4929
5003	2	11269898791450	none	4930	e1989714	512	224	0	4930
5004	3	11269916010220	none	4931	e1989714	512	224	0	4931
5005	4	11269933236860	none	4932	e1989714	512	224	0	4932
5006	5	11269950460580	none	4933	e1989714	512	224	0	4933
5007	6	11269967691070	none	4934	e1989714	512	224	0	4934
5008	7	11269985072480	none	4935	e1989714	512	224	0	4935
5009	0	11269998247690	none	4936	e1989714	512	224	0	4936
5010	1	11270015449580	none	4937	e1989714	512	224	0	4937
5011	2	11270032701150	none	4938	e1989714	512	224	0	4938
5012	3	11270050062710	none	4939	e1989714	512	224	0	4939
5013	4	11270067280320	none	4940	e1989714	512	224	0	4940
5014	5	11270084469270	none	4941	e1989714	512	224	0	4941
5015	6	11270101716890	none	4942	e1989714	512	224	0	4942
5016	7	11270114983660	none	4943	e1989714	512	224	0	4943
5017	0	11270132233500	none	4944	e1989714	512	224	0	4944
5018	1	11270149434340	none	4945	e1989714	512	224	0	4945
5019	2	11270166692610	none	4946	e1989714	512	224	0	4946
5020	3	11270184080640	none	4947	e1989714	512	224	0	4947
5021	4	11270201291880	none	4948	e1989714	512	224	0	4948
5022	5	11270214598190	none	4949	e1989714	512	224	0	4949
5023	6	11270231952260	none	4950	e1989714	512	224	0	4950
5024	7	11270249238210	none	4951	e1989714	512	224	0	4951
5025	0	11270266446600	none	4952	e1989714	512	224	0	4952
5026	1	11270283679100	none	4953	e1989714	512	224	0	4953
5027	2	11270300919050	none	4954	e1989714	512	224	0	4954
5028	3	11270314291590	none	4955	e1989714	512	224	0	4955
5029	4	11270331504810	none	4956	e1989714	512	224	0	4956
5030	5	11270348832360	none	4957	e1989714	512	224	0	4957
5031	6	11270366076270	none	4958	e1989714	512	224	0	4958
5032	7	11270383298200	none	4959	e1989714	512	224	0	4959
5033	0	11270400520360	none	4960	e1989714	512	224	0	4960
5034	1	11270414327530	none	4961	e1989714	512	224	0	4961
5035	2	11270431958130	none	4962	e1989714	512	224	0	4962
5036	3	11270449216090	none	4963	e1989714	512	224	0	4963
5037	4	11270466425860	none	4964	e1989714	512	224	0	4964
5038	5	11270483686270	none	4965	e1989714	512	224	0	4965
5039	6	11270500914430	none	4966	e1989714	512	224	0	4966
5040	7	11270514134590	none	4967	e1989714	512	224	0	4967
5041	0	11270531343510	none	4968	e1989714	512	224	0	4968
5042	1	11270548566400	none	4969	e1989714	512	224	0	4969
5043	2	11270565835650	none	4970	e1989714	512	224	0	4970
5044	3	11270583107110	none	4971	e1989714	512	224	0	4971
5045	4	11270600332280	none	4972	e1989714	512	224	0	4972
5046	5	11270613624720	none	4973	e1989714	512	224	0	4973
5047	6	11270630895810	none	4974	e1989714	512	224	0	4974
5048	7	11270648118370	none	4975	e1989714	512	224	0	4975
5049	0	11270665328220	none	4976	e1989714	512	224	0	4976
5050	1	11270682529020	none	4977	e1989714	512	224	0	4977
5051	2	11270699782070	none	4978	e1989714	512	224	0	4978
5052	3	11270717199420	none	4979	e1989714	512	224	0	4979
5053	4	11270730368920	none	4980	e1989714	512	224	0	4980
5054	5	11270747753330	none	4981	e1989714	512	224	0	4981
5055	6	11270765081340	none	4982	e1989714	512	224	0	4982
5056	7	11270782299630	none	4983	e1989714	512	224	0	4983
5057	0	11270799516820	none	4984	e1989714	512	224	0	4984
5058	1	11270816769380	none	4985	e1989714	512	224	0	4985
5059	2	11270829983310	none	4986	e1989714	512	224	0	4986
5060	3	11270847227500	none	4987	e1989714	512	224	0	4987
5061	4	11270864438510	none	4988	e1989714	512	224	0	4988
5062	5	11270881682480	none	4989	e1989714	512	224	0	4989
5063	6	11270898912420	none	4990	e1989714	512	224	0	4990
5064	7	11270916287730	none	4991	e1989714	512	224	0	4991
5065	0	11270933523330	none	4992	e1989714	512	224	0	4992
5066	1	11270946727580	none	4993	e1989714	512	224	0	4993
5067	2	11270963977450	none	4994	e1989714	512	224	0	4994
5068	3	11270981195680	none	4995	e1989714	512	224	0	4995
5069	4	11270998403990	none	4996	e1989714	512	224	0	4996
5070	5	11271015627020	none	4997	e1989714	512	224	0	4997
5071	6	11271032890630	none	4998	e1989714	512	224	0	4998
5072	7	11271050141120	none	4999	e1989714	512	224	0	4999
5073	0	11271063328140	none	5000	e1989714	512	224	0	5000
5074	1	11271080557330	none	5001	e1989714	512	224	0	5001
5075	2	11271097844690	none	5002	e1989714	512	224	0	5002
5076	3	11271115085230	none	5003	e1989714	512	224	0	5003
5077	4	11271132303850	none	5004	e1989714	512	224	0	5004
5078	5	11271149506820	none	5005	e1989714	512	224	0	5005
5079	6	11271162801590	none	5006	e1989714	512	224	0	5006
5080	7	11271180045560	none	5007	e1989714	512	224	0	5007
5081	0	11271197278980	none	5008	e1989714	512	224	0	5008
5082	1	11271214495540	none	5009	e1989714	512	224	0	5009
5083	2	11271231750180	none	5010	e1989714	512	224	0	5010
5084	3	11271248975460	none	5011	e1989714	512	224	0	5011
5085	4	11271266230530	none	5012	e1989714	512	224	0	5012
5086	5	11271279417310	none	5013	e1989714	512	224	0	5013
5087	6	11271296648250	none	5014	e1989714	512	224	0	5014
5088	7	11271313909730	none	5015	e1989714	512	224	0	5015
5089	0	11271331145440	none	5016	e1989714	512	224	0	5016
5090	1	11271348357930	none	5017	e1989714	512	224	0	5017
5091	2	11271365724570	none	5018	e1989714	512	224	0	5018
5092	3	11271382973140	none	5019	e1989714	512	224	0	5019
5093	4	11271396176960	none	5020	e1989714	512	224	0	5020
5094	5	11271413380620	none	5021	e1989714	512	224	0	5021
5095	6	11271430599280	none	5022	e1989714	512	224	0	5022
5096	7	11271447846860	none	5023	e1989714	512	224	0	5023
5097	0	11271465230910	none	5024	e1989714	512	224	0	5024
5098	1	11271482453440	none	5025	e1989714	512	224	0	5025
5099	2	11271495667170	none	5026	e1989714	512	224	0	5026
5100	3	11271512952140	none	5027	e1989714	512	224	0	5027
5101	4	11271530193850	none	5028	e1989714	512	224	0	5028
5102	5	11271547394400	none	5029	e1989714	512	224	0	5029
5103	6	11271564617290	none	5030	e1989714	512	224	0	5030
5104	7	11271581937990	none	5031	e1989714	512	224	0	5031
5105	0	11271599187450	none	5032	e1989714	512	224	0	5032
5106	1	11271612361120	none	5033	e1989714	512	224	0	5033
5107	2	11271629595090	none	5034	e1989714	512	224	0	5034
5108	3	11271646949110	none	5035	e1989714	512	224	0	5035
5109	4	11271664329910	none	5036	e1989714	512	224	0	5036
5110	5	11271681550490	none	5037	e1989714	512	224	0	5037
5111	6	11271698825660	none	5038	e1989714	512	224	0	5038
5112	7	11271712030360	none	5039	e1989714	512	224	0	5039
5113	0	11271729241170	none	5040	e1989714	512	224	0	5040
5114	1	11271746426560	none	5041	e1989714	512	224	0	5041
5115	2	11271763684520	none	5042	e1989714	512	224	0	5042
5116	3	11271780934960	none	5043	e1989714	512	224	0	5043
5117	4	11271798159000	none	5044	e1989714	512	224	0	5044
5118	5	11271815390160	none	5045	e1989714	512	224	0	5045
5119	6	11271828564450	none	5046	e1989714	512	224	0	5046
5120	7	11271845798940	none	5047	e1989714	512	224	0	5047
5121	0	11271863050680	none	5048	e1989714	512	224	0	5048
5122	1	11271880257090	none	5049	e1989714	512	224	0	5049
5123	2	11271897522680	none	5050	e1989714	512	224	0	5050
5124	3	11271914857660	none	5051	e1989714	512	224	0	5051
5125	4	11271932101210	none	5052	e1989714	512	224	0	5052
5126	5	11271945258140	none	5053	e1989714	512	224	0	5053
5127	6	11271962465970	none	5054	e1989714	512	224	0	5054
5128	7	11271979711120	none	5055	e1989714	512	224	0	5055
5129	0	11271996950360	none	5056	e1989714	512	224	0	5056
5130	1	11272014193230	none	5057	e1989714	512	224	0	5057
5131	2	11272031413750	none	5058	e1989714	512	224	0	5058
5132	3	11272044603380	none	5059	e1989714	512	224	0	5059
5133	4	11272061829110	none	5060	e1989714	512	224	0	5060
5134	5	11272079129430	none	5061	e1989714	512	224	0	5061
5135	6	11272096348930	none	5062	e1989714	512	224	0	5062
5136	7	11272113699700	none	5063	e1989714	512	224	0	5063
5137	0	11272130950650	none	5064	e1989714	512	224	0	5064
5138	1	11272148204120	none	5065	e1989714	512	224	0	5065
5139	2	11272161392840	none	5066	e1989714	512	224	0	5066
5140	3	11272178663790	none	5067	e1989714	512	224	0	5067
5141	4	11272195908320	none	5068	e1989714	512	224	0	5068
5142	5	11272213283410	none	5069	e1989714	512	224	0	5069
5143	6	11272230544360	none	5070	e1989714	512	224	0	5070
5144	7	11272247792340	none	5071	e1989714	512	224	0	5071
5145	0	11272261002750	none	5072	e1989714	512	224	0	5072
5146	1	11272278218450	none	5073	e1989714	512	224	0	5073
5147	2	11272295405260	none	5074	e1989714	512	224	0	5074
5148	3	11272312648550	none	5075	e1989714	512	224	0	5075
5149	4	11272329896960	none	5076	e1989714	512	224	0	5076
5150	5	11272347194460	none	5077	e1989714	512	224	0	5077
5151	6	11272364413910	none	5078	e1989714	512	224	0	5078
5152	7	11272377608970	none	5079	e1989714	512	224	0	5079
5153	0	11272394853170	none	5080	e1989714	512	224	0	5080
5154	1	11272412247680	none	5081	e1989714	512	224	0	5081
5155	2	11272429566440	none	5082	e1989714	512	224	0	5082
5156	3	11272446814010	none	5083	e1989714	512	224	0	5083
5157	4	11272464065690	none	5084	e1989714	512	224	0	5084
5158	5	11272477297380	none	5085	e1989714	512	224	0	5085
5159	6	11272494526090	none	5086	e1989714	512	224	0	5086
5160	7	11272511773870	none	5087	e1989714	512	224	0	5087
5161	0	11272529022060	none	5088	e1989714	512	224	0	5088
5162	1	11272546250700	none	5089	e1989714	512	224	0	5089
5163	2	11272563476420	none	5090	e1989714	512	224	0	5090
5164	3	11272580720020	none	5091	e1989714	512	224	0	5091
5165	4	11272594087190	none	5092	e1989714	512	224	0	5092
5166	5	11272611307270	none	5093	e1989714	512	224	0	5093
5167	6	11272628519330	none	5094	e1989714	512	224	0	5094
5168	7	11272645756550	none	5095	e1989714	512	224	0	5095
5169	0	11272663052720	none	5096	e1989714	512	224	0	5096
5170	1	11272680268930	none	5097	e1989714	512	224	0	5097
5171	2	11272693526100	none	5098	e1989714	512	224	0	5098
5172	3	11272710788660	none	5099	e1989714	512	224	0	5099
5173	4	11272728121340	none	5100	e1989714	512	224	0	5100
5174	5	11272745336490	none	5101	e1989714	512	224	0	5101
5175	6	11272762692540	none	5102	e1989714	512	224	0	5102
5176	7	11272779988750	none	5103	e1989714	512	224	0	5103
5177	0	11272797230470	none	5104	e1989714	512	224	0	5104
5178	1	11272810418370	none	5105	e1989714	512	224	0	5105
5179	2	11272827690530	none	5106	e1989714	512	224	0	5106
5180	3	11272844924610	none	5107	e1989714	512	224	0	5107
5181	4	11272862172210	none	5108	e1989714	512	224	0	5108
5182	5	11272879374290	none	5109	e1989714	512	224	0	5109
5183	6	11272896607090	none	5110	e1989714	512	224	0	5110
5184	7	11272909851290	none	5111	e1989714	512	224	0	5111
5185	0	11272927133270	none	5112	e1989714	512	224	0	5112
5186	1	11272944347250	none	5113	e1989714	512	224	0	5113
5187	2	11272961738580	none	5114	e1989714	512	224	0	5114
5188	3	11272979026680	none	5115	e1989714	512	224	0	5115
5189	4	11272996269320	none	5116	e1989714	512	224	0	5116
5190	5	11273013496080	none	5117	e1989714	512	224	0	5117
5191	6	11273026706710	none	5118	e1989714	512	224	0	5118
5192	7	11273043979910	none	5119	e1989714	512	224	0	5119
5193	0	11273061318570	none	5120	e1989714	512	224	0	5120
5194	1	11273078543990	none	5121	e1989714	512	224	0	5121
5195	2	11273095808730	none	5122	e1989714	512	224	0	5122
5196	3	11273113067030	none	5123	e1989714	512	224	0	5123
5197	4	11273126237370	none	5124	e1989714	512	224	0	5124
5198	5	11273143474570	none	5125	e1989714	512	224	0	5125
5199	6	11273160804850	none	5126	e1989714	512	224	0	5126
5200	7	11273178053720	none	5127	e1989714	512	224	0	5127
5201	0	11273195271430	none	5128	e1989714	512	224	0	5128
5202	1	11273212494870	none	5129	e1989714	512	224	0	5129
5203	2	11273229753220	none	5130	e1989714	512	224	0	5130
5204	3	11273242984360	none	5131	e1989714	512	224	0	5131
5205	4	11273260363570	none	5132	e1989714	512	224	0	5132
5206	5	11273277587840	none	5133	e1989714	512	224	0	5133
5207	6	11273294832060	none	5134	e1989714	512	224	0	5134
5208	7	11273312069690	none	5135	e1989714	512	224	0	5135
5209	0	11273329284740	none	5136	e1989714	512	224	0	5136
5210	1	11273342470140	none	5137	e1989714	512	224	0	5137
5211	2	11273359768680	none	5138	e1989714	512	224	0	5138
5212	3	11273377013660	none	5139	e1989714	512	224	0	5139
5213	4	11273394223900	none	5140	e1989714	512	224	0	5140
5214	5	11273411449130	none	5141	e1989714	512	224	0	5141
5215	6	11273428690360	none	5142	e1989714	512	224	0	5142
5216	7	11273446088670	none	5143	e1989714	512	224	0	5143
5217	0	11273459278170	none	5144	e1989714	512	224	0	5144
5218	1	11273476592510	none	5145	e1989714	512	224	0	5145
5219	2	11273493904510	none	5146	e1989714	512	224	0	5146
5220	3	11273511174990	none	5147	e1989714	512	224	0	5147
5221	4	11273528377110	none	5148	e1989714	512	224	0	5148
5222	5	11273545600830	none	5149	e1989714	512	224	0	5149
5223	6	11273558789330	none	5150	e1989714	512	224	0	5150
5224	7	11273576118100	none	5151	e1989714	512	224	0	5151
5225	0	11273593373450	none	5152	e1989714	512	224	0	5152
5226	1	11273610641510	none	5153	e1989714	512	224	0	5153
5227	2	11273627886800	none	5154	e1989714	512	224	0	5154
5228	3	11273645126460	none	5155	e1989714	512	224	0	5155
5229	4	11273662349670	none	5156	e1989714	512	224	0	5156
5230	5	11273675659730	none	5157	e1989714	512	224	0	5157
5231	6	11273692978970	none	5158	e1989714	512	224	0	5158
5232	7	11273710250310	none	5159	e1989714	512	224	0	5159
5233	0	11273727483730	none	5160	e1989714	512	224	0	5160
5234	1	11273744743460	none	5161	e1989714	512	224	0	5161
5235	2	11273762008100	none	5162	e1989714	512	224	0	5162
5236	3	11273775340500	none	5163	e1989714	512	224	0	5163
5237	4	11273792567250	none	5164	e1989714	512	224	0	5164
5238	5	11273809992880	none	5165	e1989714	512	224	0	5165
5239	6	11273827225610	none	5166	e1989714	512	224	0	5166
5240	7	11273844469010	none	5167	e1989714	512	224	0	5167
5241	0	11273861708060	none	5168	e1989714	512	224	0	5168
5242	1	11273874915570	none	5169	e1989714	512	224	0	5169
5243	2	11273892134880	none	5170	e1989714	512	224	0	5170
5244	3	11273909568810	none	5171	e1989714	512	224	0	5171
5245	4	11273926846170	none	5172	e1989714	512	224	0	5172
5246	5	11273944124100	none	5173	e1989714	512	224	0	5173
5247	6	11273961349340	none	5174	e1989714	512	224	0	5174
5248	7	11273978695790	none	5175	e1989714	512	224	0	5175
5249	0	11273991908720	none	5176	e1989714	512	224	0	5176
5250	1	11274009158840	none	5177	e1989714	512	224	0	5177
5251	2	11274026621840	none	5178	e1989714	512	224	0	5178
5252	3	11274044087310	none	5179	e1989714	512	224	0	5179
5253	4	11274061295900	none	5180	e1989714	512	224	0	5180
5254	5	11274074640730	none	5181	e1989714	512	224	0	5181
5255	6	11274091885050	none	5182	e1989714	512	224	0	5182
5256	7	11274109135980	none	5183	e1989714	512	224	0	5183
5257	0	11274126502700	none	5184	e1989714	512	224	0	5184
5258	1	11274143767420	none	5185	e1989714	512	224	0	5185
5259	2	11274161040600	none	5186	e1989714	512	224	0	5186
5260	3	11274178384940	none	5187	e1989714	512	224	0	5187
5261	4	11274191598820	none	5188	e1989714	512	224	0	5188
5262	5	11274208910660	none	5189	e1989714	512	224	0	5189
5263	6	11274226298600	none	5190	e1989714	512	224	0	5190
5264	7	11274243547330	none	5191	e1989714	512	224	0	5191
5265	0	11274260797250	none	5192	e1989714	512	224	0	5192
5266	1	11274278201100	none	5193	e1989714	512	224	0	5193
5267	2	11274291408030	none	5194	e1989714	512	224	0	5194
5268	3	11274308640890	none	5195	e1989714	512	224	0	5195
5269	4	11274325959920	none	5196	e1989714	512	224	0	5196
5270	5	11274343221570	none	5197	e1989714	512	224	0	5197
5271	6	11274360451260	none	5198	e1989714	512	224	0	5198
5272	7	11274377784690	none	5199	e1989714	512	224	0	5199
5273	0	11274390995570	none	5200	e1989714	512	224	0	5200
5274	1	11274408217310	none	5201	e1989714	512	224	0	5201
5275	2	11274425433310	none	5202	e1989714	512	224	0	5202
5276	3	11274442718850	none	5203	e1989714	512	224	0	5203
5277	4	11274459988750	none	5204	e1989714	512	224	0	5204
5278	5	11274477358760	none	5205	e1989714	512	224	0	5205
5279	6	11274490570330	none	5206	e1989714	512	224	0	5206
5280	7	11274507916040	none	5207	e1989714	512	224	0	5207
5281	0	11274525143510	none	5208	e1989714	512	224	0	5208
5282	1	11274542354860	none	5209	e1989714	512	224	0	5209
5283	2	11274559689290	none	5210	e1989714	512	224	0	5210
5284	3	11274577167770	none	5211	e1989714	512	224	0	5211
5285	4	11274590365940	none	5212	e1989714	512	224	0	5212
5286	5	11274607741580	none	5213	e1989714	512	224	0	5213
5287	6	11274624993230	none	5214	e1989714	512	224	0	5214
5288	7	11274642211600	none	5215	e1989714	512	224	0	5215
5289	0	11274659493030	none	5216	e1989714	512	224	0	5216
5290	1	11274676805530	none	5217	e1989714	512	224	0	5217
5291	2	11274694048080	none	5218	e1989714	512	224	0	5218
5292	3	11274707233260	none	5219	e1989714	512	224	0	5219
5293	4	11274724438310	none	5220	e1989714	512	224	0	5220
5294	5	11274741681290	none	5221	e1989714	512	224	0	5221
5295	6	11274758908830	none	5222	e1989714	512	224	0	5222
5296	7	11274776408630	none	5223	e1989714	512	224	0	5223
5297	0	11274793678800	none	5224	e1989714	512	224	0	5224
5298	1	11274806879950	none	5225	e1989714	512	224	0	5225
5299	2	11274824137930	none	5226	e1989714	512	224	0	5226
5300	3	11274841353970	none	5227	e1989714	512	224	0	5227
5301	4	11274858611080	none	5228	e1989714	512	224	0	5228
5302	5	11274875848820	none	5229	e1989714	512	224	0	5229
5303	6	11274893170560	none	5230	e1989714	512	224	0	5230
5304	7	11274910414020	none	5231	e1989714	512	224	0	5231
5305	0	11274923620450	none	5232	e1989714	512	224	0	5232
5306	1	11274940846870	none	5233	e1989714	512	224	0	5233
5307	2	11274958101320	none	5234	e1989714	512	224	0	5234
5308	3	11274975343840	none	5235	e1989714	512	224	0	5235
5309	4	11274992560310	none	5236	e1989714	512	224	0	5236
5310	5	11275009908440	none	5237	e1989714	512	224	0	5237
5311	6	11275023149360	none	5238	e1989714	512	224	0	5238
5312	7	11275040358460	none	5239	e1989714	512	224	0	5239
5313	0	11275057590540	none	5240	e1989714	512	224	0	5240
5314	1	11275074814520	none	5241	e1989714	512	224	0	5241
5315	2	11275092080410	none	5242	e1989714	512	224	0	5242
5316	3	11275109291520	none	5243	e1989714	512	224	0	5243
5317	4	11275126657510	none	5244	e1989714	512	224	0	5244
5318	5	11275139859330	none	5245	e1989714	512	224	0	5245
5319	6	11275157100810	none	5246	e1989714	512	224	0	5246
5320	7	11275174302400	none	5247	e1989714	512	224	0	5247
5321	0	11275191530450	none	5248	e1989714	512	224	0	5248
5322	1	11275208769860	none	5249	e1989714	512	224	0	5249
5323	2	11275226187860	none	5250	e1989714	512	224	0	5250
5324	3	11275239400120	none	5251	e1989714	512	224	0	5251
5325	4	11275256641060	none	5252	e1989714	512	224	0	5252
5326	5	11275273847570	none	5253	e1989714	512	224	0	5253
5327	6	11275291120160	none	5254	e1989714	512	224	0	5254
5328	7	11275308330120	none	5255	e1989714	512	224	0	5255
5329	0	11275325688110	none	5256	e1989714	512	224	0	5256
5330	1	11275343013050	none	5257	e1989714	512	224	0	5257
5331	2	11275356312940	none	5258	e1989714	512	224	0	5258
5332	3	11275373600850	none	5259	e1989714	512	224	0	5259
5333	4	11275390831470	none	5260	e1989714	512	224	0	5260
5334	5	11275408092450	none	5261	e1989714	512	224	0	5261
5335	6	11275425460210	none	5262	e1989714	512	224	0	5262
5336	7	11275442954700	none	5263	e1989714	512	224	0	5263
5337	0	11275456500740	none	5264	e1989714	512	224	0	5264
5338	1	11275473718760	none	5265	e1989714	512	224	0	5265
5339	2	11275490990740	none	5266	e1989714	512	224	0	5266
5340	3	11275508210950	none	5267	e1989714	512	224	0	5267
5341	4	11275525425400	none	5268	e1989714	512	224	0	5268
5342	5	11275542725700	none	5269	e1989714	512	224	0	5269
5343	6	11275556083060	none	5270	e1989714	512	224	0	5270
5344	7	11275573277050	none	5271	e1989714	512	224	0	5271
5345	0	11275590498160	none	5272	e1989714	512	224	0	5272
5346	1	11275607742840	none	5273	e1989714	512	224	0	5273
5347	2	11275625103350	none	5274	e1989714	512	224	0	5274
5348	3	11275642312710	none	5275	e1989714	512	224	0	5275
5349	4	11275655590700	none	5276	e1989714	512	224	0	5276
5350	5	11275672820160	none	5277	e1989714	512	224	0	5277
5351	6	11275690177250	none	5278	e1989714	512	224	0	5278
5352	7	11275707374690	none	5279	e1989714	512	224	0	5279
5353	0	11275724710640	none	5280	e1989714	512	224	0	5280
5354	1	11275741992670	none	5281	e1989714	512	224	0	5281
5355	2	11275755171800	none	5282	e1989714	512	224	0	5282
5356	3	11275772365980	none	5283	e1989714	512	224	0	5283
5357	4	11275789584620	none	5284	e1989714	512	224	0	5284
5358	5	11275806893370	none	5285	e1989714	512	224	0	5285
5359	6	11275824140400	none	5286	e1989714	512	224	0	5286
5360	7	11275841343840	none	5287	e1989714	512	224	0	5287
5361	0	11275858582760	none	5288	e1989714	512	224	0	5288
5362	1	11275871769690	none	5289	e1989714	512	224	0	5289
5363	2	11275889147710	none	5290	e1989714	512	224	0	5290
5364	3	11275906342780	none	5291	e1989714	512	224	0	5291
5365	4	11275923699500	none	5292	e1989714	512	224	0	5292
5366	5	11275940972410	none	5293	e1989714	512	224	0	5293
5367	6	11275958213050	none	5294	e1989714	512	224	0	5294
5368	7	11275975427370	none	5295	e1989714	512	224	0	5295
5369	0	11275988696490	none	5296	e1989714	512	224	0	5296
5370	1	11276005958010	none	5297	e1989714	512	224	0	5297
5371	2	11276023358400	none	5298	e1989714	512	224	0	5298
5372	3	11276040590600	none	5299	e1989714	512	224	0	5299
5373	4	11276057816400	none	5300	e1989714	512	224	0	5300
5374	5	11276075080380	none	5301	e1989714	512	224	0	5301
5375	6	11276088255790	none	5302	e1989714	512	224	0	5302
5376	7	11276105452050	none	5303	e1989714	512	224	0	5303
5377	0	11276122756300	none	5304	e1989714	512	224	0	5304
5378	1	11276139990470	none	5305	e1989714	512	224	0	5305
5379	2	11276157254760	none	5306	e1989714	512	224	0	5306
5380	3	11276174473640	none	5307	e1989714	512	224	0	5307
5381	4	11276191726910	none	5308	e1989714	512	224	0	5308
5382	5	11276204955210	none	5309	e1989714	512	224	0	5309
5383	6	11276222323950	none	5310	e1989714	512	224	0	5310
5384	7	11276239591230	none	5311	e1989714	512	224	0	5311
5385	0	11276256832640	none	5312	e1989714	512	224	0	5312
5386	1	11276274080370	none	5313	e1989714	512	224	0	5313
5387	2	11276291299340	none	5314	e1989714	512	224	0	5314
5388	3	11276304494410	none	5315	e1989714	512	224	0	5315
5389	4	11276321793540	none	5316	e1989714	512	224	0	5316
5390	5	11276339000880	none	5317	e1989714	512	224	0	5317
5391	6	11276356220460	none	5318	e1989714	512	224	0	5318
5392	7	11276373446240	none	5319	e1989714	512	224	0	5319
5393	0	11276390693460	none	5320	e1989714	512	224	0	5320
5394	1	11276404053900	none	5321	e1989714	512	224	0	5321
5395	2	11276421297630	none	5322	e1989714	512	224	0	5322
5396	3	11276438518720	none	5323	e1989714	512	224	0	5323
5397	4	11276455770300	none	5324	e1989714	512	224	0	5324
5398	5	11276473124920	none	5325	e1989714	512	224	0	5325
5399	6	11276490353810	none	5326	e1989714	512	224	0	5326
5400	7	11276507628220	none	5327	e1989714	512	224	0	5327
5401	0	11276520805080	none	5328	e1989714	512	224	0	5328
5402	1	11276538127200	none	5329	e1989714	512	224	0	5329
5403	2	11276555358590	none	5330	e1989714	512	224	0	5330
5404	3	11276572597430	none	5331	e1989714	512	224	0	5331
5405	4	11276589832690	none	5332	e1989714	512	224	0	5332
5406	5	11276607126790	none	5333	e1989714	512	224	0	5333
5407	6	11276624348350	none	5334	e1989714	512	224	0	5334
5408	7	11276637645860	none	5335	e1989714	512	224	0	5335
5409	0	11276654906970	none	5336	e1989714	512	224	0	5336
5410	1	11276672132020	none	5337	e1989714	512	224	0	5337
5411	2	11276689452090	none	5338	e1989714	512	224	0	5338
5412	3	11276706692200	none	5339	e1989714	512	224	0	5339
5413	4	11276723946620	none	5340	e1989714	512	224	0	5340
5414	5	11276737262450	none	5341	e1989714	512	224	0	5341
5415	6	11276754503020	none	5342	e1989714	512	224	0	5342
5416	7	11276771821430	none	5343	e1989714	512	224	0	5343
5417	0	11276789117800	none	5344	e1989714	512	224	0	5344
5418	1	11276806341720	none	5345	e1989714	512	224	0	5345
5419	2	11276823576550	none	5346	e1989714	512	224	0	5346
5420	3	11276836768410	none	5347	e1989714	512	224	0	5347
5421	4	11276854003380	none	5348	e1989714	512	224	0	5348
5422	5	11276871362590	none	5349	e1989714	512	224	0	5349
5423	6	11276888666770	none	5350	e1989714	512	224	0	5350
5424	7	11276905908290	none	5351	e1989714	512	224	0	5351
5425	0	11276923123820	none	5352	e1989714	512	224	0	5352
5426	1	11276940339090	none	5353	21949ca2	512	224	0	5353
5427	2	11276953648640	none	5354	21949ca2	512	224	0	5354
5428	3	11276970994360	none	5355	eca536d8	512	224	0	5355
5429	4	11276988233640	none	5356	eca536d8	512	224	0	5356
5430	5	11277005470220	none	5357	7757c3fb	512	224	0	5357
5431	6	11277022716890	none	5358	7757c3fb	512	224	0	5358
5432	7	11277039957830	none	5359	73edc89f	512	224	0	5359
5433	0	11277053197240	none	5360	73edc89f	512	224	0	5360
5434	1	11277070566030	none	5361	66f36a9d	512	224	0	5361
5435	2	11277087955470	none	5362	66f36a9d	512	224	0	5362
5436	3	11277105237860	none	5363	feb9bb0d	512	224	0	5363
5437	4	11277122532910	none	5364	feb9bb0d	512	224	0	5364
5438	5	11277139773390	none	5365	0d3505df	512	224	0	5365
5439	6	11277153000790	none	5366	0d3505df	512	224	0	5366
5440	7	11277170374510	none	5367	3ce762fa	512	224	0	5367
5441	0	11277187619240	none	5368	3ce762fa	512	224	0	5368
5442	1	11277204856800	none	5369	3fae09a9	512	224	0	5369
5443	2	11277222172360	none	5370	3fae09a9	512	224	0	5370
5444	3	11277239451560	none	5371	a4330b5e	512	224	0	5371
5445	4	11277252697170	none	5372	a4330b5e	512	224	0	5372
5446	5	11277270057750	none	5373	4e5c546e	512	224	0	5373
5447	6	11277287270320	none	5374	4e5c546e	512	224	0	5374
5448	7	11277304498290	none	5375	fd0b6175	512	224	0	5375
5449	0	11277321807150	none	5376	fd0b6175	512	224	0	5376
5450	1	11277339210720	none	5377	e8b3c8a1	512	224	0	5377
5451	2	11277356424510	none	5378	e8b3c8a1	512	224	0	5378
5452	3	11277369631410	none	5379	857c0223	512	224	0	5379
5453	4	11277386974470	none	5380	857c0223	512	224	0	5380
5454	5	11277404179450	none	5381	61605322	512	224	0	5381
5455	6	11277421449560	none	5382	61605322	512	224	0	5382
5456	7	11277438698040	none	5383	61605322	512	224	0	5383
5457	0	11277455934430	none	5384	61605322	512	224	0	5384
5458	1	11277469111920	none	5385	61605322	512	224	0	5385
5459	2	11277486349630	none	5386	61605322	512	224	0	5386
5460	3	11277503625080	none	5387	61605322	512	224	0	5387
5461	4	11277521059990	none	5388	61605322	512	224	0	5388
5462	5	11277538418740	none	5389	61605322	512	224	0	5389
5463	6	11277555668550	none	5390	61605322	512	224	0	5390
5464	7	11277568847690	none	5391	61605322	512	224	0	5391
5465	0	11277586072650	none	5392	61605322	512	224	0	5392
5466	1	11277603303230	none	5393	61605322	512	224	0	5393
5467	2	11277620551350	none	5394	61605322	512	224	0	5394
5468	3	11277637793960	none	5395	61605322	512	224	0	5395
5469	4	11277655133520	none	5396	61605322	512	224	0	5396
5470	5	11277672340270	none	5397	61605322	512	224	0	5397
5471	6	11277685651000	none	5398	61605322	512	224	0	5398
5472	7	11277702886160	none	5399	61605322	512	224	0	5399
5473	0	11277720104190	none	5400	61605322	512	224	0	5400
5474	1	11277737323770	none	5401	61605322	512	224	0	5401
5475	2	11277754610620	none	5402	61605322	512	224	0	5402
5476	3	11277771916160	none	5403	61605322	512	224	0	5403
5477	4	11277785112190	none	5404	61605322	512	224	0	5404
5478	5	11277802318350	none	5405	61605322	512	224	0	5405
5479	6	11277819554850	none	5406	61605322	512	224	0	5406
5480	7	11277836793490	none	5407	61605322	512	224	0	5407
5481	0	11277854120940	none	5408	61605322	512	224	0	5408
5482	1	11277871358050	none	5409	61605322	512	224	0	5409
5483	2	11277888700610	none	5410	61605322	512	224	0	5410
5484	3	11277901977120	none	5411	61605322	512	224	0	5411
5485	4	11277919191460	none	5412	61605322	512	224	0	5412
5486	5	11277936458400	none	5413	61605322	512	224	0	5413
5487	6	11277953697220	none	5414	61605322	512	224	0	5414
5488	7	11277970952050	none	5415	61605322	512	224	0	5415
5489	0	11277988307570	none	5416	61605322	512	224	0	5416
5490	1	11278001520170	none	5417	61605322	512	224	0	5417
5491	2	11278018855850	none	5418	61605322	512	224	0	5418
5492	3	11278036086910	none	5419	61605322	512	224	0	5419
5493	4	11278053276970	none	5420	61605322	512	224	0	5420
5494	5	11278070513840	none	5421	61605322	512	224	0	5421
5495	6	11278087838620	none	5422	61605322	512	224	0	5422
5496	7	11278105076270	none	5423	61605322	512	224	0	5423
5497	0	11278118287290	none	5424	61605322	512	224	0	5424
5498	1	11278135508030	none	5425	61605322	512	224	0	5425
5499	2	11278152752130	none	5426	61605322	512	224	0	5426
5500	3	11278170000140	none	5427	61605322	512	224	0	5427
5501	4	11278187364930	none	5428	61605322	512	224	0	5428
5502	5	11278204616940	none	5429	61605322	512	224	0	5429
5503	6	11278217799460	none	5430	61605322	512	224	0	5430
5504	7	11278235043680	none	5431	61605322	512	224	0	5431
5505	0	11278252267240	none	5432	61605322	512	224	0	5432
5506	1	11278269498300	none	5433	61605322	512	224	0	5433
5507	2	11278286852290	none	5434	61605322	512	224	0	5434
5508	3	11278304089220	none	5435	61605322	512	224	0	5435
5509	4	11278321310190	none	5436	61605322	512	224	0	5436
5510	5	11278334529930	none	5437	61605322	512	224	0	5437
5511	6	11278351760500	none	5438	61605322	512	224	0	5438
5512	7	11278369018070	none	5439	7bcdd18e	512	224	0	5439
5513	0	11278386295230	none	5440	fba09187	512	224	0	5440
5514	1	11278403553380	none	5441	241ce1ef	512	224	0	5441
5515	2	11278420920160	none	5442	61605322	512	224	0	5442
5516	3	11278434116490	none	5443	c20075bc	512	224	0	5443
5517	4	11278451340250	none	5444	61605322	512	224	0	5444
5518	5	11278468596240	none	5445	c20075bc	512	224	0	5445
5519	6	11278485844260	none	5446	61605322	512	224	0	5446
5520	7	11278503067210	none	5447	8a36bdbe	512	224	0	5447
5521	0	11278520278550	none	5448	61605322	512	224	0	5448
5522	1	11278537560300	none	5449	8a36bdbe	512	224	0	5449
5523	2	11278550777110	none	5450	8a36bdbe	512	224	0	5450
5524	3	11278568082060	none	5451	ed38afdd	512	224	0	5451
5525	4	11278585346030	none	5452	ed38afdd	512	224	0	5452
5526	5	11278602641520	none	5453	ed38afdd	512	224	0	5453
5527	6	11278619902330	none	5454	ed38afdd	512	224	0	5454
5528	7	11278637139240	none	5455	18932e84	512	224	0	5455
5529	0	11278654361360	none	5456	18932e84	512	224	0	5456
5530	1	11278667588460	none	5457	18932e84	512	224	0	5457
5531	2	11278684820970	none	5458	18932e84	512	224	0	5458
5532	3	11278702133570	none	5459	09b1e42f	512	224	0	5459
5533	4	11278719424850	none	5460	09b1e42f	512	224	0	5460
5534	5	11278737117580	none	5461	09b1e42f	512	224	0	5461
5535	6	11278750444750	none	5462	09b1e42f	512	224	0	5462
5536	7	11278768100380	none	5463	bd046e4a	512	224	0	5463
5537	0	11278785703770	none	5464	bd046e4a	512	224	0	5464
5538	1	11278803321440	none	5465	bd046e4a	512	224	0	5465
5539	2	11278820736020	none	5466	bd046e4a	512	224	0	5466
5540	3	11278834649870	none	5467	3eb1d5e3	512	224	0	5467
5541	4	11278851932570	none	5468	3eb1d5e3	512	224	0	5468
5542	5	11278869172850	none	5469	3eb1d5e3	512	224	0	5469
5543	6	11278886424160	none	5470	3eb1d5e3	512	224	0	5470
5544	7	11278903728110	none	5471	545afebd	512	224	0	5471
5545	0	11278917108880	none	5472	545afebd	512	224	0	5472
5546	1	11278934384950	none	5473	545afebd	512	224	0	5473
5547	2	11278952294880	none	5474	545afebd	512	224	0	5474
5548	3	11278969659400	none	5475	85e623aa	512	224	0	5475
5549	4	11278987123220	none	5476	85e623aa	512	224	0	5476
5550	5	11279000476580	none	5477	85e623aa	512	224	0	5477
5551	6	11279017891750	none	5478	85e623aa	512	224	0	5478
5552	7	11279035497780	none	5479	51a012d4	512	224	0	5479
5553	0	11279053068430	none	5480	51a012d4	512	224	0	5480
5554	1	11279070302070	none	5481	51a012d4	512	224	0	5481
5555	2	11279083530960	none	5482	51a012d4	512	224	0	5482
5556	3	11279100783320	none	5483	a433b3cb	512	224	0	5483
5557	4	11279118053450	none	5484	a433b3cb	512	224	0	5484
5558	5	11279135421220	none	5485	a433b3cb	512	224	0	5485
5559	6	11279152670700	none	5486	a433b3cb	512	224	0	5486
5560	7	11279169909860	none	5487	57025bb3	512	224	0	5487
5561	0	11279183100660	none	5488	57025bb3	512	224	0	5488
5562	1	11279200297010	none	5489	57025bb3	512	224	0	5489
5563	2	11279217562210	none	5490	57025bb3	512	224	0	5490
5564	3	11279234960390	none	5491	92b63be3	512	224	0	5491
5565	4	11279252185800	none	5492	d53a75db	512	224	0	5492
5566	5	11279269430710	none	5493	d53a75db	512	224	0	5493
5567	6	11279282646350	none	5494	d53a75db	512	224	0	5494
5568	7	11279299893570	none	5495	fe1555b0	512	224	0	5495
5569	0	11279317128130	none	5496	fe1555b0	512	224	0	5496
5570	1	11279334496790	none	5497	fe1555b0	512	224	0	5497
5571	2	11279351771900	none	5498	fe1555b0	512	224	0	5498
5572	3	11279369031320	none	5499	fe1555b0	512	224	0	5499
5573	4	11279386244420	none	5500	fe1555b0	512	224	0	5500
5574	5	11279399448550	none	5501	dbf27f5b	512	224	0	5501
5575	6	11279416679390	none	5502	dbf27f5b	512	224	0	5502
5576	7	11279433931490	none	5503	dbf27f5b	512	224	0	5503
5577	0	11279451163670	none	5504	dbf27f5b	512	224	0	5504
5578	1	11279468377920	none	5505	dbf27f5b	512	224	0	5505
5579	2	11279485631680	none	5506	dbf27f5b	512	224	0	5506
5580	3	11279502877710	none	5507	dbf27f5b	512	224	0	5507
5581	4	11279516092390	none	5508	dbf27f5b	512	224	0	5508
5582	5	11279533309680	none	5509	f908e554	512	224	0	5509
5583	6	11279550545850	none	5510	f908e554	512	224	0	5510
5584	7	11279567786750	none	5511	f908e554	512	224	0	5511
5585	0	11279585058330	none	5512	f908e554	512	224	0	5512
5586	1	11279602277950	none	5513	f908e554	512	224	0	5513
5587	2	11279615546800	none	5514	f908e554	512	224	0	5514
5588	3	11279632797710	none	5515	f908e554	512	224	0	5515
5589	4	11279650066140	none	5516	f908e554	512	224	0	5516
5590	5	11279667272480	none	5517	5bc9ae2e	512	224	0	5517
5591	6	11279684522720	none	5518	5bc9ae2e	512	224	0	5518
5592	7	11279701754170	none	5519	5bc9ae2e	512	224	0	5519
5593	0	11279719124450	none	5520	5bc9ae2e	512	224	0	5520
5594	1	11279732322320	none	5521	5bc9ae2e	512	224	0	5521
5595	2	11279749559040	none	5522	5bc9ae2e	512	224	0	5522
5596	3	11279766894340	none	5523	5bc9ae2e	512	224	0	5523
5597	4	11279784127910	none	5524	5bc9ae2e	512	224	0	5524
5598	5	11279801401140	none	5525	f9f0938c	512	224	0	5525
5599	6	11279818661030	none	5526	f9f0938c	512	224	0	5526
5600	7	11279831895560	none	5527	f9f0938c	512	224	0	5527
5601	0	11279849139300	none	5528	f9f0938c	512	224	0	5528
5602	1	11279866352000	none	5529	f9f0938c	512	224	0	5529
5603	2	11279883721280	none	5530	f9f0938c	512	224	0	5530
5604	3	11279900988440	none	5531	f9f0938c	512	224	0	5531
5605	4	11279918227410	none	5532	f9f0938c	512	224	0	5532
5606	5	11279935462650	none	5533	459a7557	512	224	0	5533
5607	6	11279948658400	none	5534	459a7557	512	224	0	5534
5608	7	11279965908100	none	5535	459a7557	512	224	0	5535
5609	0	11279983147240	none	5536	459a7557	512	224	0	5536
5610	1	11280000378090	none	5537	459a7557	512	224	0	5537
5611	2	11280017643450	none	5538	459a7557	512	224	0	5538
5612	3	11280034885900	none	5539	459a7557	512	224	0	5539
5613	4	11280048211420	none	5540	459a7557	512	224	0	5540
5614	5	11280065443720	none	5541	855100ec	512	224	0	5541
5615	6	11280082771090	none	5542	855100ec	512	224	0	5542
5616	7	11280100025070	none	5543	30cc94d6	512	224	0	5543
5617	0	11280117263390	none	5544	30cc94d6	512	224	0	5544
5618	1	11280134502700	none	5545	efed2d68	512	224	0	5545
5619	2	11280151808030	none	5546	efed2d68	512	224	0	5546
5620	3	11280165026640	none	5547	c615391a	512	224	0	5547
5621	4	11280182372990	none	5548	5c193f92	512	224	0	5548
5622	5	11280199675510	none	5549	75e12be0	512	224	0	5549
5623	6	11280216930930	none	5550	75e12be0	512	224	0	5550
5624	7	11280234193460	none	5551	aac0925e	512	224	0	5551
5625	0	11280251428880	none	5552	36c0b952	512	224	0	5552
5626	1	11280264631210	none	5553	835d2d68	512	224	0	5553
5627	2	11280281879070	none	5554	835d2d68	512	224	0	5554
5628	3	11280299098340	none	5555	835d2d68	512	224	0	5555
5629	4	11280316342870	none	5556	f9200dc6	512	224	0	5556
5630	5	11280333605930	none	5557	f9200dc6	512	224	0	5557
5631	6	11280350864750	none	5558	f9200dc6	512	224	0	5558
5632	7	11280368092330	none	5559	f9200dc6	512	224	0	5559
5633	0	11280381276750	none	5560	8eae07f7	512	224	0	5560
5634	1	11280398530010	none	5561	8eae07f7	512	224	0	5561
5635	2	11280415781640	none	5562	8eae07f7	512	224	0	5562
5636	3	11280433026730	none	5563	8eae07f7	512	224	0	5563
5637	4	11280450248840	none	5564	f9200dc6	512	224	0	5564
5638	5	11280467554220	none	5565	f9200dc6	512	224	0	5565
5639	6	11280480896200	none	5566	f9200dc6	512	224	0	5566
5640	7	11280498172460	none	5567	f9200dc6	512	224	0	5567
5641	0	11280515397640	none	5568	db97caae	512	224	0	5568
5642	1	11280532654070	none	5569	db97caae	512	224	0	5569
5643	2	11280549893440	none	5570	db97caae	512	224	0	5570
5644	3	11280567131670	none	5571	db97caae	512	224	0	5571
5645	4	11280584341100	none	5572	4797e1a2	512	224	0	5572
5646	5	11280597655940	none	5573	4797e1a2	512	224	0	5573
5647	6	11280614919790	none	5574	4797e1a2	512	224	0	5574
5648	7	11280632167820	none	5575	4797e1a2	512	224	0	5575
5649	0	11280649407370	none	5576	dd9be72a	512	224	0	5576
5650	1	11280666652430	none	5577	dd9be72a	512	224	0	5577
5651	2	11280684078130	none	5578	dd9be72a	512	224	0	5578
5652	3	11280697410190	none	5579	dd9be72a	512	224	0	5579
5653	4	11280714659010	none	5580	dd9be72a	512	224	0	5580
5654	5	11280732008940	none	5581	dd9be72a	512	224	0	5581
5655	6	11280749226700	none	5582	dd9be72a	512	224	0	5582
5656	7	11280766470490	none	5583	dd9be72a	512	224	0	5583
5657	0	11280783710600	none	5584	dd9be72a	512	224	0	5584
5658	1	11280796984510	none	5585	68067310	512	224	0	5585
5659	2	11280814202210	none	5586	68067310	512	224	0	5586
5660	3	11280831487110	none	5587	b727caae	512	224	0	5587
5661	4	11280848733540	none	5588	b727caae	512	224	0	5588
5662	5	11280866124780	none	5589	9edfdedc	512	224	0	5589
5663	6	11280883344490	none	5590	9edfdedc	512	224	0	5590
5664	7	11280896677860	none	5591	b727caae	512	224	0	5591
5665	0	11280913925290	none	5592	abb38588	512	224	0	5592
5666	1	11280931236460	none	5593	74923c36	512	224	0	5593
5667	2	11280948512730	none	5594	74923c36	512	224	0	5594
5668	3	11280965748650	none	5595	c10fa80c	512	224	0	5595
5669	4	11280983023790	none	5596	dc059701	512	224	0	5596
5670	5	11281000392160	none	5597	dc059701	512	224	0	5597
5671	6	11281013612870	none	5598	dc059701	512	224	0	5598
5672	7	11281030964320	none	5599	dc059701	512	224	0	5599
5673	0	11281048193860	none	5600	7ff7cc3a	512	224	0	5600
5674	1	11281065433930	none	5601	7ff7cc3a	512	224	0	5601
5675	2	11281082689180	none	5602	7ff7cc3a	512	224	0	5602
5676	3	11281099913990	none	5603	7ff7cc3a	512	224	0	5603
5677	4	11281113100880	none	5604	7ff7cc3a	512	224	0	5604
5678	5	11281130333920	none	5605	7ff7cc3a	512	224	0	5605
5679	6	11281147589680	none	5606	7ff7cc3a	512	224	0	5606
5680	7	11281164860630	none	5607	7ff7cc3a	512	224	0	5607
5681	0	11281182082110	none	5608	dc059701	512	224	0	5608
5682	1	11281199419890	none	5609	dc059701	512	224	0	5609
5683	2	11281216736920	none	5610	dc059701	512	224	0	5610
5684	3	11281229950430	none	5611	dc059701	512	224	0	5611
5685	4	11281247195630	none	5612	c10fa80c	512	224	0	5612
5686	5	11281264417160	none	5613	c10fa80c	512	224	0	5613
5687	6	11281281680660	none	5614	c10fa80c	512	224	0	5614
5688	7	11281298950040	none	5615	c10fa80c	512	224	0	5615
5689	0	11281316181220	none	5616	dd9be72a	512	224	0	5616
5690	1	11281329375390	none	5617	dd9be72a	512	224	0	5617
5691	2	11281346608300	none	5618	dd9be72a	512	224	0	5618
5692	3	11281363893900	none	5619	dd9be72a	512	224	0	5619
5693	4	11281381116870	none	5620	dd9be72a	512	224	0	5620
5694	5	11281398322860	none	5621	dd9be72a	512	224	0	5621
5695	6	11281415575410	none	5622	dd9be72a	512	224	0	5622
5696	7	11281432927220	none	5623	dd9be72a	512	224	0	5623
5697	0	11281446133260	none	5624	dd9be72a	512	224	0	5624
5698	1	11281463366570	none	5625	dd9be72a	512	224	0	5625
5699	2	11281480659340	none	5626	dd9be72a	512	224	0	5626
5700	3	11281497917980	none	5627	68067310	512	224	0	5627
5701	4	11281515158710	none	5628	68067310	512	224	0	5628
5702	5	11281532402360	none	5629	b727caae	512	224	0	5629
5703	6	11281545620350	none	5630	b727caae	512	224	0	5630
5704	7	11281562862410	none	5631	9edfdedc	512	224	0	5631
5705	0	11281580082510	none	5632	04d3d854	512	224	0	5632
5706	1	11281597320510	none	5633	2d2bcc26	512	224	0	5633
5707	2	11281614565240	none	5634	2d2bcc26	512	224	0	5634
5708	3	11281631906720	none	5635	f20a7598	512	224	0	5635
5709	4	11281649194770	none	5636	6e0a5e94	512	224	0	5636
5710	5	11281662410240	none	5637	db97caae	512	224	0	5637
5711	6	11281679650900	none	5638	db97caae	512	224	0	5638
5712	7	11281696896930	none	5639	db97caae	512	224	0	5639
5713	0	11281714162070	none	5640	f9200dc6	512	224	0	5640
5714	1	11281731407040	none	5641	f9200dc6	512	224	0	5641
5715	2	11281748767200	none	5642	f9200dc6	512	224	0	5642
5716	3	11281761978990	none	5643	f9200dc6	512	224	0	5643
5717	4	11281779196110	none	5644	8eae07f7	512	224	0	5644
5718	5	11281796416970	none	5645	8eae07f7	512	224	0	5645
5719	6	11281813662630	none	5646	8eae07f7	512	224	0	5646
5720	7	11281830937710	none	5647	8eae07f7	512	224	0	5647
5721	0	11281848321180	none	5648	f9200dc6	512	224	0	5648
5722	1	11281865580660	none	5649	f9200dc6	512	224	0	5649
5723	2	11281878778730	none	5650	f9200dc6	512	224	0	5650
5724	3	11281896014040	none	5651	f9200dc6	512	224	0	5651
5725	4	11281913218500	none	5652	bc814c7b	512	224	0	5652
5726	5	11281930547970	none	5653	bc814c7b	512	224	0	5653
5727	6	11281947876360	none	5654	bc814c7b	512	224	0	5654
5728	7	11281965103040	none	5655	bc814c7b	512	224	0	5655
5729	0	11281978346060	none	5656	20816777	512	224	0	5656
5730	1	11281995608160	none	5657	20816777	512	224	0	5657
5731	2	11282013084830	none	5658	20816777	512	224	0	5658
5732	3	11282030293900	none	5659	20816777	512	224	0	5659
5733	4	11282047653590	none	5660	ba8d61ff	512	224	0	5660
5734	5	11282064964790	none	5661	ba8d61ff	512	224	0	5661
5735	6	11282078200530	none	5662	ba8d61ff	512	224	0	5662
5736	7	11282095428680	none	5663	ba8d61ff	512	224	0	5663
5737	0	11282112665370	none	5664	ba8d61ff	512	224	0	5664
5738	1	11282129934810	none	5665	ba8d61ff	512	224	0	5665
5739	2	11282147340290	none	5666	ba8d61ff	512	224	0	5666
5740	3	11282164599810	none	5667	ba8d61ff	512	224	0	5667
5741	4	11282181869860	none	5668	ba8d61ff	512	224	0	5668
5742	5	11282195073420	none	5669	0f10f5c5	512	224	0	5669
5743	6	11282212329980	none	5670	0f10f5c5	512	224	0	5670
5744	7	11282229576790	none	5671	d0314c7b	512	224	0	5671
5745	0	11282246839270	none	5672	d0314c7b	512	224	0	5672
5746	1	11282264060550	none	5673	f9c95809	512	224	0	5673
5747	2	11282281304750	none	5674	f9c95809	512	224	0	5674
5748	3	11282294522040	none	5675	d0314c7b	512	224	0	5675
5749	4	11282311761850	none	5676	cca5035d	512	224	0	5676
5750	5	11282329009910	none	5677	1384bae3	512	224	0	5677
5751	6	11282346367720	none	5678	1384bae3	512	224	0	5678
5752	7	11282363623890	none	5679	a6192ed9	512	224	0	5679
5753	0	11282380884070	none	5680	bb1311d4	512	224	0	5680
5754	1	11282398128510	none	5681	bb1311d4	512	224	0	5681
5755	2	11282411317070	none	5682	bb1311d4	512	224	0	5682
5756	3	11282428550370	none	5683	bb1311d4	512	224	0	5683
5757	4	11282445811470	none	5684	fdc4a019	512	224	0	5684
5758	5	11282463037980	none	5685	2d2b04e9	512	224	0	5685
5759	6	11282480246600	none	5686	c0ec970d	512	224	0	5686
5760	7	11282497495460	none	5687	a0571eb2	512	224	0	5687
5761	0	11282510724310	none	5688	a0571eb2	512	224	0	5688
5762	1	11282528013200	none	5689	6e345d9e	512	224	0	5689
5763	2	11282545326990	none	5690	7a8d0e45	512	224	0	5690
5764	3	11282562595610	none	5691	cad9230a	512	224	0	5691
5765	4	11282579901390	none	5692	0e7dac70	512	224	0	5692
5766	5	11282597121960	none	5693	0e7dac70	512	224	0	5693
5767	6	11282614339630	none	5694	ea2dfeb6	512	224	0	5694
5768	7	11282627557100	none	5695	ea2dfeb6	512	224	0	5695
5769	0	11282644824280	none	5696	ea2dfeb6	512	224	0	5696
5770	1	11282662048440	none	5697	eeb6d472	512	224	0	5697
5771	2	11282679261000	none	5698	fb22f40b	512	224	0	5698
5772	3	11282696509690	none	5699	3206b742	512	224	0	5699
5773	4	11282713755250	none	5700	3ffcb671	512	224	0	5700
5774	5	11282727086010	none	5701	3ffcb671	512	224	0	5701
5775	6	11282744304890	none	5702	ff134509	512	224	0	5702
5776	7	11282761554150	none	5703	ff134509	512	224	0	5703
5777	0	11282778900090	none	5704	6c75ac15	512	224	0	5704
5778	1	11282796109890	none	5705	ccbd03f0	512	224	0	5705
5779	2	11282813351670	none	5706	8262b86e	512	224	0	5706
5780	3	11282830606620	none	5707	8262b86e	512	224	0	5707
5781	4	11282843824790	none	5708	8262b86e	512	224	0	5708
5782	5	11282861120860	none	5709	dab62733	512	224	0	5709
5783	6	11282878354190	none	5710	50b16a96	512	224	0	5710
5784	7	11282895667960	none	5711	50b16a96	512	224	0	5711
5785	0	11282912962530	none	5712	50b16a96	512	224	0	5712
5786	1	11282930170930	none	5713	8a113bb1	512	224	0	5713
5787	2	11282943376540	none	5714	1efefcba	512	224	0	5714
5788	3	11282960616070	none	5715	1efefcba	512	224	0	5715
5789	4	11282977872050	none	5716	1efefcba	512	224	0	5716
5790	5	11282995227670	none	5717	1efefcba	512	224	0	5717
5791	6	11283012481350	none	5718	311cc3cb	512	224	0	5718
5792	7	11283029727120	none	5719	45ec4634	512	224	0	5719
5793	0	11283046995680	none	5720	b7acba24	512	224	0	5720
5794	1	11283060349190	none	5721	518d8ba8	512	224	0	5721
5795	2	11283077638710	none	5722	45aeb24b	512	224	0	5722
5796	3	11283094948000	none	5723	45aeb24b	512	224	0	5723
5797	4	11283112178690	none	5724	493ee4ac	512	224	0	5724
5798	5	11283129445270	none	5725	493ee4ac	512	224	0	5725
5799	6	11283146689910	none	5726	881ed24e	512	224	0	5726
5800	7	11283159905200	none	5727	881ed24e	512	224	0	5727
5801	0	11283177119770	none	5728	881ed24e	512	224	0	5728
5802	1	11283194480410	none	5729	3add8e97	512	224	0	5729
5803	2	11283211732370	none	5730	7c2255c7	512	224	0	5730
5804	3	11283228983060	none	5731	7c2255c7	512	224	0	5731
5805	4	11283246200680	none	5732	7c2255c7	512	224	0	5732
5806	5	11283259423010	none	5733	7c2255c7	512	224	0	5733
5807	6	11283276683860	none	5734	66cd2ee9	512	224	0	5734
5808	7	11283293950380	none	5735	b9ec9757	512	224	0	5735
5809	0	11283311178840	none	5736	b9ec9757	512	224	0	5736
5810	1	11283328428280	none	5737	c97c8cc1	512	224	0	5737
5811	2	11283345753230	none	5738	d65f1e66	512	224	0	5738
5812	3	11283363030860	none	5739	7993555f	512	224	0	5739
5813	4	11283376227790	none	5740	44db3a04	512	224	0	5740
5814	5	11283393524180	none	5741	44db3a04	512	224	0	5741
5815	6	11283410784490	none	5742	e0db9e38	512	224	0	5742
5816	7	11283428017980	none	5743	e0db9e38	512	224	0	5743
5817	0	11283445255820	none	5744	f79f553d	512	224	0	5744
5818	1	11283462513480	none	5745	2057594c	512	224	0	5745
5819	2	11283479727320	none	5746	4b6c39d6	512	224	0	5746
5820	3	11283492930010	none	5747	4b6c39d6	512	224	0	5747
5821	4	11283510170100	none	5748	4b6c39d6	512	224	0	5748
5822	5	11283527416280	none	5749	dffea334	512	224	0	5749
5823	6	11283544661130	none	5750	41ed2cd5	512	224	0	5750
5824	7	11283561917360	none	5751	41ed2cd5	512	224	0	5751
5825	0	11283579134610	none	5752	41ed2cd5	512	224	0	5752
5826	1	11283592314500	none	5753	52491549	512	224	0	5753
5827	2	11283609729450	none	5754	bc49fba1	512	224	0	5754
5828	3	11283627040430	none	5755	bc49fba1	512	224	0	5755
5829	4	11283644272150	none	5756	78ed74db	512	224	0	5756
5830	5	11283661518410	none	5757	78ed74db	512	224	0	5757
5831	6	11283678772030	none	5758	b3ad1136	512	224	0	5758
5832	7	11283696015570	none	5759	9ba5af73	512	224	0	5759
5833	0	11283709335870	none	5760	68ad203c	512	224	0	5760
5834	1	11283726611420	none	5761	db9ee2a3	512	224	0	5761
5835	2	11283743939850	none	5762	fcef7a9e	512	224	0	5762
5836	3	11283761163720	none	5763	fcef7a9e	512	224	0	5763
5837	4	11283778382550	none	5764	c349f309	512	224	0	5764
5838	5	11283795615720	none	5765	c349f309	512	224	0	5765
5839	6	11283808900250	none	5766	03ce857c	512	224	0	5766
5840	7	11283826192540	none	5767	03ce857c	512	224	0	5767
5841	0	11283843478660	none	5768	03ce857c	512	224	0	5768
5842	1	11283860730430	none	5769	c9d8fbdf	512	224	0	5769
5843	2	11283878093690	none	5770	9f04bbd2	512	224	0	5770
5844	3	11283895347250	none	5771	9f04bbd2	512	224	0	5771
5845	4	11283908646950	none	5772	9f04bbd2	512	224	0	5772
5846	5	11283925948720	none	5773	9f04bbd2	512	224	0	5773
5847	6	11283943229080	none	5774	98c5100f	512	224	0	5774
5848	7	11283960493820	none	5775	98c5100f	512	224	0	5775
5849	0	11283977742470	none	5776	98c5100f	512	224	0	5776
5850	1	11283994978260	none	5777	9c5e3acb	512	224	0	5777
5851	2	11284008291710	none	5778	bac6e147	512	224	0	5778
5852	3	11284025532770	none	5779	34392da1	512	224	0	5779
5853	4	11284042944520	none	5780	98944074	512	224	0	5780
5854	5	11284060186540	none	5781	98944074	512	224	0	5781
5855	6	11284077443940	none	5782	e2b9059f	512	224	0	5782
5856	7	11284094691210	none	5783	e2b9059f	512	224	0	5783
5857	0	11284111951870	none	5784	9dde361f	512	224	0	5784
5858	1	11284125131730	none	5785	a9f25c19	512	224	0	5785
5859	2	11284142536640	none	5786	a9f25c19	512	224	0	5786
5860	3	11284159892650	none	5787	a9f25c19	512	224	0	5787
5861	4	11284177170200	none	5788	a9f25c19	512	224	0	5788
5862	5	11284194386900	none	5789	8bc83250	512	224	0	5789
5863	6	11284211725040	none	5790	cee0d9e6	512	224	0	5790
5864	7	11284225029020	none	5791	cee0d9e6	512	224	0	5791
5865	0	11284242256620	none	5792	cee0d9e6	512	224	0	5792
5866	1	11284259532830	none	5793	491894a7	512	224	0	5793
5867	2	11284276801700	none	5794	e1d2bb7d	512	224	0	5794
5868	3	11284294026900	none	5795	e1d2bb7d	512	224	0	5795
5869	4	11284311392430	none	5796	e1d2bb7d	512	224	0	5796
5870	5	11284324613740	none	5797	e1d2bb7d	512	224	0	5797
5871	6	11284341946940	none	5798	2a28378b	512	224	0	5798
5872	7	11284359174340	none	5799	c199d7f6	512	224	0	5799
5873	0	11284376506890	none	5800	fca9f7e9	512	224	0	5800
5874	1	11284393768490	none	5801	b423a610	512	224	0	5801
5875	2	11284411165480	none	5802	b423a610	512	224	0	5802
5876	3	11284424365010	none	5803	b423a610	512	224	0	5803
5877	4	11284441714720	none	5804	b423a610	512	224	0	5804
5878	5	11284458965810	none	5805	4d763e70	512	224	0	5805
5879	6	11284476297650	none	5806	fe8fee62	512	224	0	5806
5880	7	11284493556910	none	5807	fe8fee62	512	224	0	5807
5881	0	11284510799570	none	5808	fe8fee62	512	224	0	5808
5882	1	11284524004430	none	5809	fa14c4a6	512	224	0	5809
5883	2	11284541234420	none	5810	7ed89558	512	224	0	5810
5884	3	11284558467270	none	5811	2e011985	512	224	0	5811
5885	4	11284575696880	none	5812	74f75c78	512	224	0	5812
5886	5	11284593026090	none	5813	74f75c78	512	224	0	5813
5887	6	11284610429890	none	5814	b37a335c	512	224	0	5814
5888	7	11284627678700	none	5815	b37a335c	512	224	0	5815
5889	0	11284640891650	none	5816	50729e99	512	224	0	5816
5890	1	11284658126040	none	5817	4dddad6d	512	224	0	5817
5891	2	11284675360180	none	5818	d28247ce	512	224	0	5818
5892	3	11284692612860	none	5819	d28247ce	512	224	0	5819
5893	4	11284710154310	none	5820	d28247ce	512	224	0	5820
5894	5	11284727479950	none	5821	f47767e4	512	224	0	5821
5895	6	11284740677980	none	5822	bb1cdef7	512	224	0	5822
5896	7	11284757947390	none	5823	bb1cdef7	512	224	0	5823
5897	0	11284775155030	none	5824	bb1cdef7	512	224	0	5824
5898	1	11284792422210	none	5825	f0132ae8	512	224	0	5825
5899	2	11284809711350	none	5826	4bf5c364	512	224	0	5826
5900	3	11284826973580	none	5827	b7c6694f	512	224	0	5827
5901	4	11284840168780	none	5828	44cee600	512	224	0	5828
5902	5	11284857434740	none	5829	44cee600	512	224	0	5829
5903	6	11284874667300	none	5830	2a81524d	512	224	0	5830
5904	7	11284891996570	none	5831	2a81524d	512	224	0	5831
5905	0	11284909242060	none	5832	ec891283	512	224	0	5832
5906	1	11284926539780	none	5833	704eeaed	512	224	0	5833
5907	2	11284943825930	none	5834	b39097ab	512	224	0	5834
5908	3	11284957055390	none	5835	b39097ab	512	224	0	5835
5909	4	11284974284640	none	5836	7c34f03e	512	224	0	5836
5910	5	11284991520980	none	5837	3d54d153	512	224	0	5837
5911	6	11285008790430	none	5838	d5cb5efa	512	224	0	5838
5912	7	11285026093360	none	5839	d5cb5efa	512	224	0	5839
5913	0	11285043384390	none	5840	d5cb5efa	512	224	0	5840
5914	1	11285056603690	none	5841	4e1229b6	512	224	0	5841
5915	2	11285073837770	none	5842	20becd13	512	224	0	5842
5916	3	11285091071740	none	5843	20becd13	512	224	0	5843
5917	4	11285108328390	none	5844	20becd13	512	224	0	5844
5918	5	11285125587630	none	5845	20becd13	512	224	0	5845
5919	6	11285142921660	none	5846	1d70a8e1	512	224	0	5846
5920	7	11285160198470	none	5847	d2d7cf27	512	224	0	5847
5921	0	11285173413280	none	5848	3b4722ca	512	224	0	5848
5922	1	11285190657220	none	5849	6b698e55	512	224	0	5849
5923	2	11285207954120	none	5850	66794689	512	224	0	5850
5924	3	11285225173030	none	5851	66794689	512	224	0	5851
5925	4	11285242415240	none	5852	241ca030	512	224	0	5852
5926	5	11285259840590	none	5853	241ca030	512	224	0	5853
5927	6	11285273048820	none	5854	81eea1dd	512	224	0	5854
5928	7	11285290260600	none	5855	81eea1dd	512	224	0	5855
5929	0	11285307512780	none	5856	81eea1dd	512	224	0	5856
5930	1	11285324751240	none	5857	fe976b87	512	224	0	5857
5931	2	11285341996070	none	5858	ac8978bd	512	224	0	5858
5932	3	11285359210560	none	5859	ac8978bd	512	224	0	5859
5933	4	11285376516960	none	5860	ac8978bd	512	224	0	5860
5934	5	11285389751510	none	5861	ac8978bd	512	224	0	5861
5935	6	11285406968630	none	5862	8770092e	512	224	0	5862
5936	7	11285424173340	none	5863	8770092e	512	224	0	5863
5937	0	11285441430110	none	5864	8770092e	512	224	0	5864
5938	1	11285458769860	none	5865	664fb780	512	224	0	5865
5939	2	11285476077760	none	5866	22da55f8	512	224	0	5866
5940	3	11285489373420	none	5867	6c00fc69	512	224	0	5867
5941	4	11285507012930	none	5868	e5880b7b	512	224	0	5868
5942	5	11285524391100	none	5869	e5880b7b	512	224	0	5869
5943	6	11285541659850	none	5870	8c32bd7f	512	224	0	5870
5944	7	11285559066470	none	5871	8c32bd7f	512	224	0	5871
5945	0	11285572343360	none	5872	a2fc75a8	512	224	0	5872
5946	1	11285589593980	none	5873	a5e2fa8a	512	224	0	5873
5947	2	11285606863620	none	5874	f4e39707	512	224	0	5874
5948	3	11285624102860	none	5875	f4e39707	512	224	0	5875
5949	4	11285641319700	none	5876	f4e39707	512	224	0	5876
5950	5	11285658648420	none	5877	80dfc986	512	224	0	5877
5951	6	11285675951030	none	5878	3f6fe25d	512	224	0	5878
5952	7	11285689185590	none	5879	3f6fe25d	512	224	0	5879
5953	0	11285706399060	none	5880	3f6fe25d	512	224	0	5880
5954	1	11285723690850	none	5881	b712ac8d	512	224	0	5881
5955	2	11285740986840	none	5882	9abd7536	512	224	0	5882
5956	3	11285758295720	none	5883	9abd7536	512	224	0	5883
5957	4	11285775557420	none	5884	9abd7536	512	224	0	5884
5958	5	11285788999060	none	5885	9abd7536	512	224	0	5885
5959	6	11285806226330	none	5886	5472cdc2	512	224	0	5886
5960	7	11285823480960	none	5887	1b4680a4	512	224	0	5887
5961	0	11285840736930	none	5888	1b4680a4	512	224	0	5888
5962	1	11285858032040	none	5889	f106f293	512	224	0	5889
5963	2	11285875238980	none	5890	65a917b6	512	224	0	5890
5964	3	11285888453080	none	5891	65a917b6	512	224	0	5891
5965	4	11285905669140	none	5892	5d1b609e	512	224	0	5892
5966	5	11285923050020	none	5893	5d1b609e	512	224	0	5893
5967	6	11285940279920	none	5894	7d85b21d	512	224	0	5894
5968	7	11285957612160	none	5895	7d85b21d	512	224	0	5895
5969	0	11285974946010	none	5896	7d85b21d	512	224	0	5896
5970	1	11285992171980	none	5897	f9589ae7	512	224	0	5897
5971	2	11286005437500	none	5898	fd1dd781	512	224	0	5898
5972	3	11286022685760	none	5899	fd1dd781	512	224	0	5899
5973	4	11286039970330	none	5900	fd1dd781	512	224	0	5900
5974	5	11286057208030	none	5901	fd1dd781	512	224	0	5901
5975	6	11286074457510	none	5902	4294757f	512	224	0	5902
5976	7	11286091691450	none	5903	4294757f	512	224	0	5903
5977	0	11286104906460	none	5904	4294757f	512	224	0	5904
5978	1	11286122155650	none	5905	a3abcbd1	512	224	0	5905
5979	2	11286139392550	none	5906	3e913250	512	224	0	5906
5980	3	11286156735200	none	5907	88db3662	512	224	0	5907
5981	4	11286173974570	none	5908	7a373eac	512	224	0	5908
5982	5	11286191214940	none	5909	7a373eac	512	224	0	5909
5983	6	11286208460260	none	5910	8a004bfd	512	224	0	5910
5984	7	11286221666450	none	5911	7eac4ffb	512	224	0	5911
5985	0	11286238915800	none	5912	f9dd2579	512	224	0	5912
5986	1	11286256271570	none	5913	e9fcb903	512	224	0	5913
5987	2	11286273568660	none	5914	a88446ef	512	224	0	5914
5988	3	11286290843090	none	5915	045c73d0	512	224	0	5915
5989	4	11286308067930	none	5916	045c73d0	512	224	0	5916
5990	5	11286321253470	none	5917	d445334e	512	224	0	5917
5991	6	11286338504020	none	5918	da8c3e2e	512	224	0	5918
5992	7	11286355767120	none	5919	183f796b	512	224	0	5919
5993	0	11286373062950	none	5920	183f796b	512	224	0	5920
5994	1	11286390308690	none	5921	649002fc	512	224	0	5921
5995	2	11286407550430	none	5922	2d153333	512	224	0	5922
5996	3	11286424809370	none	5923	a2278823	512	224	0	5923
5997	4	11286437999450	none	5924	a2278823	512	224	0	5924
5998	5	11286455393480	none	5925	a2278823	512	224	0	5925
5999	6	11286472636320	none	5926	80174637	512	224	0	5926
6000	7	11286489894150	none	5927	97d0a86d	512	224	0	5927
6001	0	11286507124720	none	5928	97d0a86d	512	224	0	5928
6002	1	11286524345080	none	5929	afcae202	512	224	0	5929
6003	2	11286537634350	none	5930	0284b76d	512	224	0	5930
6004	3	11286554949340	none	5931	0807baf9	512	224	0	5931
6005	4	11286572175310	none	5932	fc626140	512	224	0	5932
6006	5	11286589429710	none	5933	fc626140	512	224	0	5933
6007	6	11286606744750	none	5934	f15067bb	512	224	0	5934
6008	7	11286623979830	none	5935	f15067bb	512	224	0	5935
6009	0	11286637199210	none	5936	f15067bb	512	224	0	5936
6010	1	11286654447490	none	5937	9788cda5	512	224	0	5937
6011	2	11286671683310	none	5938	d2a1f6c1	512	224	0	5938
6012	3	11286688924380	none	5939	d2a1f6c1	512	224	0	5939
6013	4	11286706197350	none	5940	d2a1f6c1	512	224	0	5940
6014	5	11286723451620	none	5941	d2a1f6c1	512	224	0	5941
6015	6	11286740740220	none	5942	f63580db	512	224	0	5942
6016	7	11286753921960	none	5943	f63580db	512	224	0	5943
6017	0	11286771116280	none	5944	f63580db	512	224	0	5944
6018	1	11286788319030	none	5945	7e48ce0b	512	224	0	5945
6019	2	11286805669550	none	5946	3df38b7a	512	224	0	5946
6020	3	11286822917470	none	5947	eedf5c27	512	224	0	5947
6021	4	11286840112420	none	5948	b7a0904d	512	224	0	5948
6022	5	11286857338310	none	5949	b7a0904d	512	224	0	5949
6023	6	11286870687840	none	5950	3a31dcbf	512	224	0	5950
6024	7	11286887931460	none	5951	3a31dcbf	512	224	0	5951
6025	0	11286905180360	none	5952	7b6bac0c	512	224	0	5952
6026	1	11286922418030	none	5953	a3384e43	512	224	0	5953
6027	2	11286939662480	none	5954	49a80200	512	224	0	5954
6028	3	11286956908470	none	5955	49a80200	512	224	0	5955
6029	4	11286970229010	none	5956	49a80200	512	224	0	5956
6030	5	11286987461080	none	5957	a8350c9a	512	224	0	5957
6031	6	11287004777050	none	5958	2acb2c6c	512	224	0	5958
6032	7	11287022026950	none	5959	2acb2c6c	512	224	0	5959
6033	0	11287039237370	none	5960	2acb2c6c	512	224	0	5960
6034	1	11287056483280	none	5961	dda37abb	512	224	0	5961
6035	2	11287073783230	none	5962	10064b50	512	224	0	5962
6036	3	11287086979640	none	5963	10064b50	512	224	0	5963
6037	4	11287104381230	none	5964	10064b50	512	224	0	5964
6038	5	11287121624800	none	5965	10064b50	512	224	0	5965
6039	6	11287138866210	none	5966	5b375cb6	512	224	0	5966
6040	7	11287156079570	none	5967	bf2ad9cd	512	224	0	5967
6041	0	11287173319200	none	5968	1387b418	512	224	0	5968
6042	1	11287186540230	none	5969	c927e53f	512	224	0	5969
6043	2	11287203898550	none	5970	7d28fe19	512	224	0	5970
6044	3	11287221123130	none	5971	7d28fe19	512	224	0	5971
6045	4	11287238376300	none	5972	aa15de44	512	224	0	5972
6046	5	11287255605570	none	5973	aa15de44	512	224	0	5973
6047	6	11287272866220	none	5974	7bd25e2c	512	224	0	5974
6048	7	11287290063550	none	5975	7bd25e2c	512	224	0	5975
6049	0	11287303246380	none	5976	7bd25e2c	512	224	0	5976
6050	1	11287320500310	none	5977	3046db39	512	224	0	5977
6051	2	11287337766020	none	5978	83f77e12	512	224	0	5978
6052	3	11287355008510	none	5979	83f77e12	512	224	0	5979
6053	4	11287372211820	none	5980	83f77e12	512	224	0	5980
6054	5	11287389464720	none	5981	83f77e12	512	224	0	5981
6055	6	11287402658740	none	5982	0a63c7c0	512	224	0	5982
6056	7	11287419901000	none	5983	0a63c7c0	512	224	0	5983
6057	0	11287437128030	none	5984	0a63c7c0	512	224	0	5984
6058	1	11287454411460	none	5985	91bab08c	512	224	0	5985
6059	2	11287471646060	none	5986	3bb0b7c1	512	224	0	5986
6060	3	11287488876520	none	5987	c900ff87	512	224	0	5987
6061	4	11287506082890	none	5988	c900ff87	512	224	0	5988
6062	5	11287519424380	none	5989	c900ff87	512	224	0	5989
6063	6	11287536712040	none	5990	9aa3c567	512	224	0	5990
6064	7	11287553996350	none	5991	9aa3c567	512	224	0	5991
6065	0	11287571212300	none	5992	f5c4021e	512	224	0	5992
6066	1	11287588467400	none	5993	e2fb1146	512	224	0	5993
6067	2	11287605906310	none	5994	69fa1bc0	512	224	0	5994
6068	3	11287619101230	none	5995	69fa1bc0	512	224	0	5995
6069	4	11287636352050	none	5996	69fa1bc0	512	224	0	5996
6070	5	11287653581110	none	5997	05ed96b9	512	224	0	5997
6071	6	11287670836850	none	5998	54a78b4e	512	224	0	5998
6072	7	11287688088870	none	5999	54a78b4e	512	224	0	5999
6073	0	11287705333210	none	6000	54a78b4e	512	224	0	6000
6074	1	11287722713020	none	6001	42aff9fa	512	224	0	6001
6075	2	11287735916660	none	6002	61185f89	512	224	0	6002
6076	3	11287753139210	none	6003	61185f89	512	224	0	6003
6077	4	11287770379450	none	6004	61185f89	512	224	0	6004
6078	5	11287787615530	none	6005	ca7e2199	512	224	0	6005
6079	6	11287804884770	none	6006	ea9e664c	512	224	0	6006
6080	7	11287822237980	none	6007	ea9e664c	512	224	0	6007
6081	0	11287835444530	none	6008	ea9e664c	512	224	0	6008
6082	1	11287852813790	none	6009	b5a162d5	512	224	0	6009
6083	2	11287870169660	none	6010	17ffafae	512	224	0	6010
6084	3	11287887446210	none	6011	17ffafae	512	224	0	6011
6085	4	11287904670590	none	6012	17ffafae	512	224	0	6012
6086	5	11287921956270	none	6013	a98f3d90	512	224	0	6013
6087	6	11287935147220	none	6014	4048ec8c	512	224	0	6014
6088	7	11287952405830	none	6015	4048ec8c	512	224	0	6015
6089	0	11287969628430	none	6016	4048ec8c	512	224	0	6016
6090	1	11287987064070	none	6017	c4f067d0	512	224	0	6017
6091	2	11288004315960	none	6018	28060d08	512	224	0	6018
6092	3	11288021659350	none	6019	28060d08	512	224	0	6019
6093	4	11288034908790	none	6020	d40e01bf	512	224	0	6020
6094	5	11288052135640	none	6021	e8b0cc75	512	224	0	6021
6095	6	11288069395440	none	6022	3ba3dfa5	512	224	0	6022
6096	7	11288086639210	none	6023	3ba3dfa5	512	224	0	6023
6097	0	11288103882060	none	6024	3ba3dfa5	512	224	0	6024
6098	1	11288121294430	none	6025	a13333d9	512	224	0	6025
6099	2	11288138660680	none	6026	470c113c	512	224	0	6026
6100	3	11288151873790	none	6027	470c113c	512	224	0	6027
6101	4	11288169106560	none	6028	470c113c	512	224	0	6028
6102	5	11288186371000	none	6029	aa005450	512	224	0	6029
6103	6	11288203609900	none	6030	9a4ea593	512	224	0	6030
6104	7	11288220878540	none	6031	9a4ea593	512	224	0	6031
6105	0	11288238106470	none	6032	9a4ea593	512	224	0	6032
6106	1	11288251328740	none	6033	95a23394	512	224	0	6033
6107	2	11288268561720	none	6034	8d3e6d2f	512	224	0	6034
6108	3	11288285860070	none	6035	8d3e6d2f	512	224	0	6035
6109	4	11288303077180	none	6036	8d3e6d2f	512	224	0	6036
6110	5	11288320446480	none	6037	b01120ac	512	224	0	6037
6111	6	11288337718780	none	6038	413e76af	512	224	0	6038
6112	7	11288354936430	none	6039	413e76af	512	224	0	6039
6113	0	11288368120050	none	6040	413e76af	512	224	0	6040
6114	1	11288385356140	none	6041	23fff12d	512	224	0	6041
6115	2	11288402727930	none	6042	0c20a824	512	224	0	6042
6116	3	11288420109800	none	6043	0c20a824	512	224	0	6043
6117	4	11288437414990	none	6044	5c6399d9	512	224	0	6044
6118	5	11288454660370	none	6045	dbba207e	512	224	0	6045
6119	6	11288467958080	none	6046	6dc51f82	512	224	0	6046
6120	7	11288485169730	none	6047	6dc51f82	512	224	0	6047
6121	0	11288502397360	none	6048	6dc51f82	512	224	0	6048
6122	1	11288519641010	none	6049	0184a079	512	224	0	6049
6123	2	11288536895660	none	6050	8c69a98d	512	224	0	6050
6124	3	11288554117020	none	6051	8c69a98d	512	224	0	6051
6125	4	11288571364050	none	6052	8c69a98d	512	224	0	6052
6126	5	11288584626660	none	6053	dd52e669	512	224	0	6053
6127	6	11288601977510	none	6054	7f44e084	512	224	0	6054
6128	7	11288619210850	none	6055	7f44e084	512	224	0	6055
6129	0	11288636470860	none	6056	7f44e084	512	224	0	6056
6130	1	11288653709100	none	6057	55745107	512	224	0	6057
6131	2	11288671112920	none	6058	55745107	512	224	0	6058
6132	3	11288684368210	none	6059	55745107	512	224	0	6059
6133	4	11288701592750	none	6060	55745107	512	224	0	6060
6134	5	11288718852410	none	6061	0eceee74	512	224	0	6061
6135	6	11288736070880	none	6062	fd9bae0a	512	224	0	6062
6136	7	11288753319380	none	6063	fd9bae0a	512	224	0	6063
6137	0	11288770549560	none	6064	fd9bae0a	512	224	0	6064
6138	1	11288783804430	none	6065	628a7064	512	224	0	6065
6139	2	11288801020930	none	6066	02101dfc	512	224	0	6066
6140	3	11288818230680	none	6067	02101dfc	512	224	0	6067
6141	4	11288835495040	none	6068	02101dfc	512	224	0	6068
6142	5	11288852736830	none	6069	88666634	512	224	0	6069
6143	6	11288870002520	none	6070	ab909bf8	512	224	0	6070
6144	7	11288887218070	none	6071	ab909bf8	512	224	0	6071
6145	0	11288900436430	none	6072	ab909bf8	512	224	0	6072
6146	1	11288917693540	none	6073	85f01fa2	512	224	0	6073
6147	2	11288935048810	none	6074	cc993667	512	224	0	6074
6148	3	11288952266200	none	6075	cc993667	512	224	0	6075
6149	4	11288969623330	none	6076	cc993667	512	224	0	6076
6150	5	11288986948170	none	6077	562ebe97	512	224	0	6077
6151	6	11289000128260	none	6078	ef254aac	512	224	0	6078
6152	7	11289017400870	none	6079	ef254aac	512	224	0	6079
6153	0	11289034684490	none	6080	ef254aac	512	224	0	6080
6154	1	11289051906050	none	6081	89a9f766	512	224	0	6081
6155	2	11289069135980	none	6082	c342204a	512	224	0	6082
6156	3	11289086386390	none	6083	c342204a	512	224	0	6083
6157	4	11289103732040	none	6084	c342204a	512	224	0	6084
6158	5	11289116912560	none	6085	6ecc35b2	512	224	0	6085
6159	6	11289134114730	none	6086	c92fc7c5	512	224	0	6086
6160	7	11289151347470	none	6087	c92fc7c5	512	224	0	6087
6161	0	11289168674330	none	6088	c92fc7c5	512	224	0	6088
6162	1	11289185947260	none	6089	42e31e4c	512	224	0	6089
6163	2	11289203201760	none	6090	07b723d4	512	224	0	6090
6164	3	11289216405570	none	6091	07b723d4	512	224	0	6091
6165	4	11289233636640	none	6092	07b723d4	512	224	0	6092
6166	5	11289250878200	none	6093	aea7d726	512	224	0	6093
6167	6	11289268244480	none	6094	fc1bc728	512	224	0	6094
6168	7	11289285494040	none	6095	fc1bc728	512	224	0	6095
6169	0	11289302744310	none	6096	fc1bc728	512	224	0	6096
6170	1	11289319998690	none	6097	3472c650	512	224	0	6097
6171	2	11289333192770	none	6098	9bb9be15	512	224	0	6098
6172	3	11289350438650	none	6099	9bb9be15	512	224	0	6099
6173	4	11289367673630	none	6100	9bb9be15	512	224	0	6100
6174	5	11289384909890	none	6101	58fcd72e	512	224	0	6101
6175	6	11289402126260	none	6102	8763775b	512	224	0	6102
6176	7	11289419378320	none	6103	8763775b	512	224	0	6103
6177	0	11289432577480	none	6104	8763775b	512	224	0	6104
6178	1	11289449837780	none	6105	0e553748	512	224	0	6105
6179	2	11289467202340	none	6106	e1df7177	512	224	0	6106
6180	3	11289484441480	none	6107	e1df7177	512	224	0	6107
6181	4	11289501713300	none	6108	e1df7177	512	224	0	6108
6182	5	11289518992460	none	6109	f11bd557	512	224	0	6109
6183	6	11289536205180	none	6110	ce411d9c	512	224	0	6110
6184	7	11289549411220	none	6111	ce411d9c	512	224	0	6111
6185	0	11289566636770	none	6112	ce411d9c	512	224	0	6112
6186	1	11289583868340	none	6113	b6689c6d	512	224	0	6113
6187	2	11289601087400	none	6114	1cfcdebf	512	224	0	6114
6188	3	11289618344640	none	6115	1cfcdebf	512	224	0	6115
6189	4	11289635593290	none	6116	1cfcdebf	512	224	0	6116
6190	5	11289652865690	none	6117	e40a8ef2	512	224	0	6117
6191	6	11289666041050	none	6118	528e7001	512	224	0	6118
6192	7	11289683270360	none	6119	528e7001	512	224	0	6119
6193	0	11289700514940	none	6120	528e7001	512	224	0	6120
6194	1	11289717838790	none	6121	c3e0f052	512	224	0	6121
6195	2	11289735088910	none	6122	8164176e	512	224	0	6122
6196	3	11289752450240	none	6123	8164176e	512	224	0	6123
6197	4	11289765663600	none	6124	8164176e	512	224	0	6124
6198	5	11289783027010	none	6125	705e83b7	512	224	0	6125
6199	6	11289800246820	none	6126	aeaea961	512	224	0	6126
6200	7	11289817607420	none	6127	aeaea961	512	224	0	6127
6201	0	11289834860770	none	6128	aeaea961	512	224	0	6128
6202	1	11289852103020	none	6129	c11c2bad	512	224	0	6129
6203	2	11289865318300	none	6130	bbfe0bb5	512	224	0	6130
6204	3	11289882569720	none	6131	bbfe0bb5	512	224	0	6131
6205	4	11289899880970	none	6132	bbfe0bb5	512	224	0	6132
6206	5	11289917117100	none	6133	d97da8ad	512	224	0	6133
6207	6	11289934378620	none	6134	bb71f123	512	224	0	6134
6208	7	11289951616720	none	6135	bb71f123	512	224	0	6135
6209	0	11289968856020	none	6136	bb71f123	512	224	0	6136
6210	1	11289982175200	none	6137	2dbbae8e	512	224	0	6137
6211	2	11289999453590	none	6138	4becef18	512	224	0	6138
6212	3	11290016787240	none	6139	4becef18	512	224	0	6139
6213	4	11290034022950	none	6140	4becef18	512	224	0	6140
6214	5	11290051267840	none	6141	5d8b2a3b	512	224	0	6141
6215	6	11290068523020	none	6142	64eb0f5c	512	224	0	6142
6216	7	11290081740740	none	6143	64eb0f5c	512	224	0	6143
6217	0	11290098948300	none	6144	64eb0f5c	512	224	0	6144
6218	1	11290116346610	none	6145	fb26a62c	512	224	0	6145
6219	2	11290133584970	none	6146	0998547a	512	224	0	6146
6220	3	11290150832740	none	6147	0998547a	512	224	0	6147
6221	4	11290168051260	none	6148	0998547a	512	224	0	6148
6222	5	11290185279070	none	6149	7633fa85	512	224	0	6149
6223	6	11290198496010	none	6150	304be812	512	224	0	6150
6224	7	11290215849180	none	6151	304be812	512	224	0	6151
6225	0	11290233069980	none	6152	304be812	512	224	0	6152
6226	1	11290250336180	none	6153	1bf8fe28	512	224	0	6153
6227	2	11290267690880	none	6154	c7723e88	512	224	0	6154
6228	3	11290284982420	none	6155	c7723e88	512	224	0	6155
6229	4	11290298168360	none	6156	c7723e88	512	224	0	6156
6230	5	11290315536760	none	6157	ab0c7e8f	512	224	0	6157
6231	6	11290332788340	none	6158	fbfe0c2e	512	224	0	6158
6232	7	11290350012230	none	6159	fbfe0c2e	512	224	0	6159
6233	0	11290367255560	none	6160	fbfe0c2e	512	224	0	6160
6234	1	11290384495640	none	6161	b483b656	512	224	0	6161
6235	2	11290397699570	none	6162	c38b5d3d	512	224	0	6162
6236	3	11290414927490	none	6163	c38b5d3d	512	224	0	6163
6237	4	11290432142970	none	6164	93c86cc0	512	224	0	6164
6238	5	11290449401210	none	6165	c08affde	512	224	0	6165
6239	6	11290466653130	none	6166	79f322d7	512	224	0	6166
6240	7	11290483876750	none	6167	79f322d7	512	224	0	6167
6241	0	11290501106240	none	6168	79f322d7	512	224	0	6168
6242	1	11290514330190	none	6169	3fe12907	512	224	0	6169
6243	2	11290531737300	none	6170	a86731c2	512	224	0	6170
6244	3	11290549201580	none	6171	a86731c2	512	224	0	6171
6245	4	11290566566070	none	6172	a86731c2	512	224	0	6172
6246	5	11290583820190	none	6173	2af73c25	512	224	0	6173
6247	6	11290601018930	none	6174	d90f56fe	512	224	0	6174
6248	7	11290614208520	none	6175	d90f56fe	512	224	0	6175
6249	0	11290631444540	none	6176	d90f56fe	512	224	0	6176
6250	1	11290648736450	none	6177	fb9f0806	512	224	0	6177
6251	2	11290666006200	none	6178	04ba276a	512	224	0	6178
6252	3	11290683249050	none	6179	04ba276a	512	224	0	6179
6253	4	11290700506520	none	6180	f8a96bba	512	224	0	6180
6254	5	11290717761170	none	6181	84189458	512	224	0	6181
6255	6	11290731181840	none	6182	78df2e15	512	224	0	6182
6256	7	11290748439960	none	6183	78df2e15	512	224	0	6183
6257	0	11290765686850	none	6184	78df2e15	512	224	0	6184
6258	1	11290782910410	none	6185	0a9e6e2d	512	224	0	6185
6259	2	11290800145300	none	6186	69dc1863	512	224	0	6186
6260	3	11290817399820	none	6187	69dc1863	512	224	0	6187
6261	4	11290830698580	none	6188	69dc1863	512	224	0	6188
6262	5	11290847906270	none	6189	c17e93fa	512	224	0	6189
6263	6	11290865152880	none	6190	15574513	512	224	0	6190
6264	7	11290882411710	none	6191	15574513	512	224	0	6191
6265	0	11290899668150	none	6192	15574513	512	224	0	6192
6266	1	11290916888280	none	6193	e9b0fc16	512	224	0	6193
6267	2	11290930240410	none	6194	64f58f85	512	224	0	6194
6268	3	11290947475160	none	6195	64f58f85	512	224	0	6195
6269	4	11290964810010	none	6196	64f58f85	512	224	0	6196
6270	5	11290982036650	none	6197	2476adf4	512	224	0	6197
6271	6	11290999357530	none	6198	eab7d25e	512	224	0	6198
6272	7	11291016607840	none	6199	eab7d25e	512	224	0	6199
6273	0	11291033937910	none	6200	eab7d25e	512	224	0	6200
6274	1	11291047131030	none	6201	70ab3b4a	512	224	0	6201
6275	2	11291064424780	none	6202	4f78dea9	512	224	0	6202
6276	3	11291081798300	none	6203	4f78dea9	512	224	0	6203
6277	4	11291099111400	none	6204	4f78dea9	512	224	0	6204
6278	5	11291116366990	none	6205	42463198	512	224	0	6205
6279	6	11291133699080	none	6206	c7711423	512	224	0	6206
6280	7	11291146921900	none	6207	c7711423	512	224	0	6207
6281	0	11291164162470	none	6208	c7711423	512	224	0	6208
6282	1	11291181424330	none	6209	c5e1c4a5	512	224	0	6209
6283	2	11291198668020	none	6210	598a85ae	512	224	0	6210
6284	3	11291215891710	none	6211	598a85ae	512	224	0	6211
6285	4	11291233284370	none	6212	598a85ae	512	224	0	6212
6286	5	11291246504280	none	6213	139b4130	512	224	0	6213
6287	6	11291263879090	none	6214	412804cf	512	224	0	6214
6288	7	11291281153430	none	6215	412804cf	512	224	0	6215
6289	0	11291298403730	none	6216	412804cf	512	224	0	6216
6290	1	11291315659390	none	6217	bbc4dccb	512	224	0	6217
6291	2	11291332891490	none	6218	10c108cc	512	224	0	6218
6292	3	11291346120320	none	6219	10c108cc	512	224	0	6219
6293	4	11291363510670	none	6220	10c108cc	512	224	0	6220
6294	5	11291380778550	none	6221	fd6916ed	512	224	0	6221
6295	6	11291398102050	none	6222	5316fd76	512	224	0	6222
6296	7	11291415359660	none	6223	5316fd76	512	224	0	6223
6297	0	11291432699160	none	6224	5316fd76	512	224	0	6224
6298	1	11291445937220	none	6225	65295edf	512	224	0	6225
6299	2	11291463165300	none	6226	dbe568ca	512	224	0	6226
6300	3	11291480414580	none	6227	dbe568ca	512	224	0	6227
6301	4	11291497669420	none	6228	dbe568ca	512	224	0	6228
6302	5	11291514912770	none	6229	2f93b62d	512	224	0	6229
6303	6	11291532378110	none	6230	5951d432	512	224	0	6230
6304	7	11291549636240	none	6231	5951d432	512	224	0	6231
6305	0	11291562808660	none	6232	5951d432	512	224	0	6232
6306	1	11291580032640	none	6233	f013ba10	512	224	0	6233
6307	2	11291597321020	none	6234	f3851184	512	224	0	6234
6308	3	11291614721440	none	6235	f3851184	512	224	0	6235
6309	4	11291631945180	none	6236	f3851184	512	224	0	6236
6310	5	11291649168660	none	6237	cb2ff5ba	512	224	0	6237
6311	6	11291662375730	none	6238	47a05103	512	224	0	6238
6312	7	11291679630890	none	6239	47a05103	512	224	0	6239
6313	0	11291696858470	none	6240	47a05103	512	224	0	6240
6314	1	11291714060170	none	6241	070097de	512	224	0	6241
6315	2	11291731307890	none	6242	4f2de5ea	512	224	0	6242
6316	3	11291748537680	none	6243	4f2de5ea	512	224	0	6243
6317	4	11291765794330	none	6244	4f2de5ea	512	224	0	6244
6318	5	11291778972280	none	6245	0847a46c	512	224	0	6245
6319	6	11291796187720	none	6246	17cd8c85	512	224	0	6246
6320	7	11291813420820	none	6247	17cd8c85	512	224	0	6247
6321	0	11291830693400	none	6248	17cd8c85	512	224	0	6248
6322	1	11291847947400	none	6249	cc2c561d	512	224	0	6249
6323	2	11291865294560	none	6250	51187105	512	224	0	6250
6324	3	11291878572930	none	6251	51187105	512	224	0	6251
6325	4	11291895815600	none	6252	51187105	512	224	0	6252
6326	5	11291913030330	none	6253	0421c74b	512	224	0	6253
6327	6	11291930264290	none	6254	6ae3859f	512	224	0	6254
6328	7	11291947510760	none	6255	6ae3859f	512	224	0	6255
6329	0	11291964863250	none	6256	6ae3859f	512	224	0	6256
6330	1	11291982099580	none	6257	1c6a8f97	512	224	0	6257
6331	2	11291995325450	none	6258	e30509fb	512	224	0	6258
6332	3	11292012562370	none	6259	e30509fb	512	224	0	6259
6333	4	11292029831380	none	6260	e30509fb	512	224	0	6260
6334	5	11292047090650	none	6261	1d1afcaa	512	224	0	6261
6335	6	11292064338830	none	6262	3199b851	512	224	0	6262
6336	7	11292081695200	none	6263	3199b851	512	224	0	6263
6337	0	11292094902360	none	6264	3199b851	512	224	0	6264
6338	1	11292112158680	none	6265	e5a83066	512	224	0	6265
6339	2	11292129443680	none	6266	1459a5fd	512	224	0	6266
6340	3	11292146715640	none	6267	1459a5fd	512	224	0	6267
6341	4	11292163956720	none	6268	1459a5fd	512	224	0	6268
6342	5	11292181190480	none	6269	e97fb37a	512	224	0	6269
6343	6	11292198446240	none	6270	e552baff	512	224	0	6270
6344	7	11292211658080	none	6271	e552baff	512	224	0	6271
6345	0	11292228879360	none	6272	e552baff	512	224	0	6272
6346	1	11292246108320	none	6273	73d12765	512	224	0	6273
6347	2	11292263351020	none	6274	55f89c35	512	224	0	6274
6348	3	11292280699100	none	6275	55f89c35	512	224	0	6275
6349	4	11292297942570	none	6276	55f89c35	512	224	0	6276
6350	5	11292315193480	none	6277	55f89c35	512	224	0	6277
6351	6	11292328395550	none	6278	c9a94a91	512	224	0	6278
6352	7	11292345645140	none	6279	c9a94a91	512	224	0	6279
6353	0	11292362864730	none	6280	c9a94a91	512	224	0	6280
6354	1	11292380280190	none	6281	52703ddd	512	224	0	6281
6355	2	11292397568420	none	6282	b09a17b2	512	224	0	6282
6356	3	11292414829010	none	6283	b09a17b2	512	224	0	6283
6357	4	11292428036180	none	6284	b09a17b2	512	224	0	6284
6358	5	11292445273150	none	6285	b09a17b2	512	224	0	6285
6359	6	11292462521570	none	6286	db7f3049	512	224	0	6286
6360	7	11292479770970	none	6287	bd233517	512	224	0	6287
6361	0	11292496988500	none	6288	bd233517	512	224	0	6288
6362	1	11292514219560	none	6289	26fa425b	512	224	0	6289
6363	2	11292531488920	none	6290	f535f7d8	512	224	0	6290
6364	3	11292544733400	none	6291	f535f7d8	512	224	0	6291
6365	4	11292561938060	none	6292	972b924b	512	224	0	6292
6366	5	11292579342480	none	6293	972b924b	512	224	0	6293
6367	6	11292596576330	none	6294	4795303e	512	224	0	6294
6368	7	11292613812560	none	6295	4795303e	512	224	0	6295
6369	0	11292631077780	none	6296	4795303e	512	224	0	6296
6370	1	11292644332880	none	6297	fafd7272	512	224	0	6297
6371	2	11292661667920	none	6298	2240ca42	512	224	0	6298
6372	3	11292678999150	none	6299	2240ca42	512	224	0	6299
6373	4	11292696275250	none	6300	2240ca42	512	224	0	6300
6374	5	11292713513530	none	6301	2240ca42	512	224	0	6301
6375	6	11292730786890	none	6302	ba1caad1	512	224	0	6302
6376	7	11292743969140	none	6303	f00f27f4	512	224	0	6303
6377	0	11292761214050	none	6304	f00f27f4	512	224	0	6304
6378	1	11292778472630	none	6305	a346512e	512	224	0	6305
6379	2	11292795738990	none	6306	c65a77e8	512	224	0	6306
6380	3	11292812961370	none	6307	10ec51e9	512	224	0	6307
6381	4	11292830203970	none	6308	ed3b2396	512	224	0	6308
6382	5	11292847449310	none	6309	ed3b2396	512	224	0	6309
6383	6	11292860650080	none	6310	729d872e	512	224	0	6310
6384	7	11292877874470	none	6311	729d872e	512	224	0	6311
6385	0	11292895101080	none	6312	0cce14c6	512	224	0	6312
6386	1	11292912382990	none	6313	1459f5c5	512	224	0	6313
6387	2	11292929803540	none	6314	042df052	512	224	0	6314
6388	3	11292947024210	none	6315	042df052	512	224	0	6315
6389	4	11292960209380	none	6316	042df052	512	224	0	6316
6390	5	11292977451530	none	6317	a2080c79	512	224	0	6317
6391	6	11292994685950	none	6318	3a126aa9	512	224	0	6318
6392	7	11293011914150	none	6319	3a126aa9	512	224	0	6319
6393	0	11293029148060	none	6320	3a126aa9	512	224	0	6320
6394	1	11293046419710	none	6321	3a126aa9	512	224	0	6321
6395	2	11293063688670	none	6322	3478cc2a	512	224	0	6322
6396	3	11293076857020	none	6323	3478cc2a	512	224	0	6323
6397	4	11293094114320	none	6324	3478cc2a	512	224	0	6324
6398	5	11293111362990	none	6325	3478cc2a	512	224	0	6325
6399	6	11293128719630	none	6326	8cd5260c	512	224	0	6326
6400	7	11293145953750	none	6327	e52f1df6	512	224	0	6327
6401	0	11293163175640	none	6328	e52f1df6	512	224	0	6328
6402	1	11293180419980	none	6329	3f8f4cd1	512	224	0	6329
6403	2	11293193684050	none	6330	fb96cc38	512	224	0	6330
6404	3	11293210923550	none	6331	fb96cc38	512	224	0	6331
6405	4	11293228439600	none	6332	f612d65d	512	224	0	6332
6406	5	11293245713940	none	6333	f612d65d	512	224	0	6333
6407	6	11293262946690	none	6334	3b32fb36	512	224	0	6334
6408	7	11293280198810	none	6335	3b32fb36	512	224	0	6335
6409	0	11293293411680	none	6336	3b32fb36	512	224	0	6336
6410	1	11293310669560	none	6337	66c2e6b8	512	224	0	6337
6411	2	11293327910720	none	6338	44702f8f	512	224	0	6338
6412	3	11293345137250	none	6339	44702f8f	512	224	0	6339
6413	4	11293362383270	none	6340	44702f8f	512	224	0	6340
6414	5	11293379635670	none	6341	44702f8f	512	224	0	6341
6415	6	11293392815910	none	6342	0f879f6e	512	224	0	6342
6416	7	11293410077990	none	6343	0f879f6e	512	224	0	6343
6417	0	11293427438380	none	6344	0f879f6e	512	224	0	6344
6418	1	11293444685630	none	6345	0f879f6e	512	224	0	6345
6419	2	11293461926920	none	6346	3b283db5	512	224	0	6346
6420	3	11293479154440	none	6347	200d0d77	512	224	0	6347
6421	4	11293496418340	none	6348	200d0d77	512	224	0	6348
6422	5	11293509633250	none	6349	200d0d77	512	224	0	6349
6423	6	11293526876240	none	6350	8bc2c5c8	512	224	0	6350
6424	7	11293544113240	none	6351	8bc2c5c8	512	224	0	6351
6425	0	11293561359280	none	6352	456c4fc8	512	224	0	6352
6426	1	11293578609390	none	6353	41f7650c	512	224	0	6353
6427	2	11293595834390	none	6354	e12d298c	512	224	0	6354
6428	3	11293609084300	none	6355	e12d298c	512	224	0	6355
6429	4	11293626380150	none	6356	e12d298c	512	224	0	6356
6430	5	11293643645610	none	6357	622e20b3	512	224	0	6357
6431	6	11293660895970	none	6358	d7f9565b	512	224	0	6358
6432	7	11293678128170	none	6359	d7f9565b	512	224	0	6359
6433	0	11293695372480	none	6360	d7f9565b	512	224	0	6360
6434	1	11293712623660	none	6361	5f84188b	512	224	0	6361
6435	2	11293725813460	none	6362	f13e9d7f	512	224	0	6362
6436	3	11293743176650	none	6363	f13e9d7f	512	224	0	6363
6437	4	11293760458490	none	6364	f13e9d7f	512	224	0	6364
6438	5	11293777732440	none	6365	f13e9d7f	512	224	0	6365
6439	6	11293794937310	none	6366	82debe32	512	224	0	6366
6440	7	11293812156980	none	6367	f88eb4a6	512	224	0	6367
6441	0	11293825361480	none	6368	f88eb4a6	512	224	0	6368
6442	1	11293842628280	none	6369	67cce92e	512	224	0	6369
6443	2	11293859914390	none	6370	e36cd7cf	512	224	0	6370
6444	3	11293877172630	none	6371	e36cd7cf	512	224	0	6371
6445	4	11293894439820	none	6372	a87538ca	512	224	0	6372
6446	5	11293911673940	none	6373	a87538ca	512	224	0	6373
6447	6	11293928874220	none	6374	08807598	512	224	0	6374
6448	7	11293942219530	none	6375	08807598	512	224	0	6375
6449	0	11293959520150	none	6376	08807598	512	224	0	6376
6450	1	11293976877400	none	6377	3b6e8719	512	224	0	6377
6451	2	11293994235520	none	6378	8adefc7f	512	224	0	6378
6452	3	11294011584110	none	6379	8adefc7f	512	224	0	6379
6453	4	11294028804790	none	6380	8adefc7f	512	224	0	6380
6454	5	11294042159090	none	6381	8adefc7f	512	224	0	6381
6455	6	11294059449000	none	6382	5b7f7799	512	224	0	6382
6456	7	11294076848470	none	6383	5b7f7799	512	224	0	6383
6457	0	11294094083280	none	6384	5b7f7799	512	224	0	6384
6458	1	11294111342620	none	6385	ac17214e	512	224	0	6385
6459	2	11294128584240	none	6386	ef001238	512	224	0	6386
6460	3	11294141855470	none	6387	6563508e	512	224	0	6387
6461	4	11294159082030	none	6388	58537091	512	224	0	6388
6462	5	11294176382420	none	6389	58537091	512	224	0	6389
6463	6	11294193642590	none	6390	755f990f	512	224	0	6390
6464	7	11294210877040	none	6391	755f990f	512	224	0	6391
6465	0	11294228097940	none	6392	ec16b475	512	224	0	6392
6466	1	11294241427160	none	6393	9c86afe3	512	224	0	6393
6467	2	11294258690190	none	6394	9e5bff89	512	224	0	6394
6468	3	11294275978170	none	6395	9e5bff89	512	224	0	6395
6469	4	11294293296630	none	6396	9e5bff89	512	224	0	6396
6470	5	11294310585560	none	6397	903c90fd	512	224	0	6397
6471	6	11294327811810	none	6398	375c76f7	512	224	0	6398
6472	7	11294345178430	none	6399	375c76f7	512	224	0	6399
6473	0	11294358380200	none	6400	375c76f7	512	224	0	6400
6474	1	11294375726690	none	6401	9d6c3c46	512	224	0	6401
6475	2	11294393065900	none	6402	cf006342	512	224	0	6402
6476	3	11294410335990	none	6403	cf006342	512	224	0	6403
6477	4	11294427589410	none	6404	cf006342	512	224	0	6404
6478	5	11294444831390	none	6405	cf006342	512	224	0	6405
6479	6	11294458019160	none	6406	0d4e626b	512	224	0	6406
6480	7	11294475392000	none	6407	bdbedfb1	512	224	0	6407
6481	0	11294492743340	none	6408	bdbedfb1	512	224	0	6408
6482	1	11294510099730	none	6409	5c81611f	512	224	0	6409
6483	2	11294527451180	none	6410	43d1b050	512	224	0	6410
6484	3	11294544796910	none	6411	43d1b050	512	224	0	6411
6485	4	11294557995750	none	6412	a4089ab7	512	224	0	6412
6486	5	11294575248000	none	6413	a4089ab7	512	224	0	6413
6487	6	11294592578170	none	6414	84413a93	512	224	0	6414
6488	7	11294609848580	none	6415	84413a93	512	224	0	6415
6489	0	11294627126540	none	6416	84413a93	512	224	0	6416
6490	1	11294644495420	none	6417	1b5fb5c4	512	224	0	6417
6491	2	11294657705400	none	6418	3a51ce54	512	224	0	6418
6492	3	11294675001850	none	6419	3a51ce54	512	224	0	6419
6493	4	11294692242340	none	6420	3a51ce54	512	224	0	6420
6494	5	11294709572000	none	6421	e43cab09	512	224	0	6421
6495	6	11294726812070	none	6422	61ff907c	512	224	0	6422
6496	7	11294744194550	none	6423	61ff907c	512	224	0	6423
6497	0	11294757470090	none	6424	61ff907c	512	224	0	6424
6498	1	11294774819350	none	6425	940851de	512	224	0	6425
6499	2	11294792074890	none	6426	8db1ab91	512	224	0	6426
6500	3	11294809370250	none	6427	8db1ab91	512	224	0	6427
6501	4	11294826690660	none	6428	ddf29a6c	512	224	0	6428
6502	5	11294843928710	none	6429	f9db7f58	512	224	0	6429
6503	6	11294857122750	none	6430	2ecfc2aa	512	224	0	6430
6504	7	11294874472490	none	6431	2ecfc2aa	512	224	0	6431
6505	0	11294891724420	none	6432	2ecfc2aa	512	224	0	6432
6506	1	11294909081220	none	6433	e0ac1e2e	512	224	0	6433
6507	2	11294926382850	none	6434	e2b05365	512	224	0	6434
6508	3	11294943800190	none	6435	e2b05365	512	224	0	6435
6509	4	11294957006450	none	6436	e2b05365	512	224	0	6436
6510	5	11294974266920	none	6437	bd4fc528	512	224	0	6437
6511	6	11294991511030	none	6438	15102762	512	224	0	6438
6512	7	11295008759300	none	6439	15102762	512	224	0	6439
6513	0	11295025968260	none	6440	15102762	512	224	0	6440
6514	1	11295043430170	none	6441	9f85159a	512	224	0	6441
6515	2	11295056664130	none	6442	ba320478	512	224	0	6442
6516	3	11295074081970	none	6443	ba320478	512	224	0	6443
6517	4	11295091381900	none	6444	462148a8	512	224	0	6444
6518	5	11295108630410	none	6445	0062adfe	512	224	0	6445
6519	6	11295125868950	none	6446	7a5d8b02	512	224	0	6446
6520	7	11295143354760	none	6447	7a5d8b02	512	224	0	6447
6521	0	11295156581510	none	6448	7a5d8b02	512	224	0	6448
6522	1	11295173919820	none	6449	dd0909f8	512	224	0	6449
6523	2	11295191142810	none	6450	7a4da026	512	224	0	6450
6524	3	11295208390520	none	6451	7a4da026	512	224	0	6451
6525	4	11295225642560	none	6452	7a4da026	512	224	0	6452
6526	5	11295242947330	none	6453	05a625f4	512	224	0	6453
6527	6	11295260235400	none	6454	d5e3108f	512	224	0	6454
6528	7	11295273438980	none	6455	d5e3108f	512	224	0	6455
6529	0	11295290684490	none	6456	d5e3108f	512	224	0	6456
6530	1	11295308055380	none	6457	aa6a3485	512	224	0	6457
6531	2	11295325354560	none	6458	819b519d	512	224	0	6458
6532	3	11295342760360	none	6459	819b519d	512	224	0	6459
6533	4	11295360029730	none	6460	819b519d	512	224	0	6460
6534	5	11295373259300	none	6461	854b0174	512	224	0	6461
6535	6	11295390485470	none	6462	ce30d080	512	224	0	6462
6536	7	11295407837700	none	6463	ce30d080	512	224	0	6463
6537	0	11295425037670	none	6464	ce30d080	512	224	0	6464
6538	1	11295442403430	none	6465	157dc412	512	224	0	6465
6539	2	11295459726410	none	6466	036d2303	512	224	0	6466
6540	3	11295472911200	none	6467	036d2303	512	224	0	6467
6541	4	11295490128530	none	6468	036d2303	512	224	0	6468
6542	5	11295507365420	none	6469	418755df	512	224	0	6469
6543	6	11295524621770	none	6470	5ea74409	512	224	0	6470
6544	7	11295541831500	none	6471	5ea74409	512	224	0	6471
6545	0	11295559118740	none	6472	5ea74409	512	224	0	6472
6546	1	11295572484410	none	6473	cf4fa095	512	224	0	6473
6547	2	11295590189430	none	6474	aeceb6d9	512	224	0	6474
6548	3	11295607423450	none	6475	aeceb6d9	512	224	0	6475
6549	4	11295624680300	none	6476	aeceb6d9	512	224	0	6476
6550	5	11295641916140	none	6477	64e18a64	512	224	0	6477
6551	6	11295659180000	none	6478	003f3001	512	224	0	6478
6552	7	11295672453220	none	6479	003f3001	512	224	0	6479
6553	0	11295689683970	none	6480	003f3001	512	224	0	6480
6554	1	11295707041960	none	6481	0afb6d34	512	224	0	6481
6555	2	11295724299660	none	6482	6637dc56	512	224	0	6482
6556	3	11295741632930	none	6483	6637dc56	512	224	0	6483
6557	4	11295758947310	none	6484	6637dc56	512	224	0	6484
6558	5	11295772205160	none	6485	cb0209d9	512	224	0	6485
6559	6	11295789448340	none	6486	5bda6276	512	224	0	6486
6560	7	11295806703500	none	6487	5bda6276	512	224	0	6487
6561	0	11295823896960	none	6488	5bda6276	512	224	0	6488
6562	1	11295841292620	none	6489	1d223262	512	224	0	6489
6563	2	11295858583440	none	6490	497bf946	512	224	0	6490
6564	3	11295875843480	none	6491	497bf946	512	224	0	6491
6565	4	11295889131090	none	6492	497bf946	512	224	0	6492
6566	5	11295906371280	none	6493	ab7000c2	512	224	0	6493
6567	6	11295923617360	none	6494	1add8c4d	512	224	0	6494
6568	7	11295940845260	none	6495	1add8c4d	512	224	0	6495
6569	0	11295958098560	none	6496	1add8c4d	512	224	0	6496
6570	1	11295975348200	none	6497	f09599ff	512	224	0	6497
6571	2	11295988588270	none	6498	e491f2e4	512	224	0	6498
6572	3	11296005801680	none	6499	e491f2e4	512	224	0	6499
6573	4	11296023011400	none	6500	e491f2e4	512	224	0	6500
6574	5	11296040255090	none	6501	0f9bb2ba	512	224	0	6501
6575	6	11296057476310	none	6502	0bb648d2	512	224	0	6502
6576	7	11296074716980	none	6503	0bb648d2	512	224	0	6503
6577	0	11296092005870	none	6504	0bb648d2	512	224	0	6504
6578	1	11296105218030	none	6505	d7aff889	512	224	0	6505
6579	2	11296122480140	none	6506	c2a752d1	512	224	0	6506
6580	3	11296139708780	none	6507	c2a752d1	512	224	0	6507
6581	4	11296156929980	none	6508	c2a752d1	512	224	0	6508
6582	5	11296174188110	none	6509	fed46f7d	512	224	0	6509
6583	6	11296191417810	none	6510	cf23aa4d	512	224	0	6510
6584	7	11296208699260	none	6511	cf23aa4d	512	224	0	6511
6585	0	11296222019880	none	6512	cf23aa4d	512	224	0	6512
6586	1	11296239268290	none	6513	7b13eecf	512	224	0	6513
6587	2	11296256508220	none	6514	869a255d	512	224	0	6514
6588	3	11296273738880	none	6515	869a255d	512	224	0	6515
6589	4	11296291009540	none	6516	869a255d	512	224	0	6516
6590	5	11296308274390	none	6517	2dbcfadb	512	224	0	6517
6591	6	11296321474540	none	6518	cee5f67f	512	224	0	6518
6592	7	11296338735030	none	6519	cee5f67f	512	224	0	6519
6593	0	11296356091000	none	6520	cee5f67f	512	224	0	6520
6594	1	11296373354280	none	6521	6123deba	512	224	0	6521
6595	2	11296390706850	none	6522	a17a3cfb	512	224	0	6522
6596	3	11296407950510	none	6523	a17a3cfb	512	224	0	6523
6597	4	11296421155230	none	6524	a17a3cfb	512	224	0	6524
6598	5	11296438393060	none	6525	fc4093ce	512	224	0	6525
6599	6	11296455623830	none	6526	b42d59e1	512	224	0	6526
6600	7	11296472883360	none	6527	b42d59e1	512	224	0	6527
6601	0	11296490147420	none	6528	b42d59e1	512	224	0	6528
6602	1	11296507394800	none	6529	b80e450f	512	224	0	6529
6603	2	11296524636270	none	6530	6eacf0af	512	224	0	6530
6604	3	11296537809240	none	6531	6eacf0af	512	224	0	6531
6605	4	11296555116780	none	6532	6eacf0af	512	224	0	6532
6606	5	11296572360900	none	6533	b86a95c0	512	224	0	6533
6607	6	11296589712150	none	6534	ff54ced1	512	224	0	6534
6608	7	11296606989130	none	6535	ff54ced1	512	224	0	6535
6609	0	11296624255800	none	6536	ff54ced1	512	224	0	6536
6610	1	11296637455190	none	6537	80bd5207	512	224	0	6537
6611	2	11296654736690	none	6538	24cb6db0	512	224	0	6538
6612	3	11296672001080	none	6539	24cb6db0	512	224	0	6539
6613	4	11296689371070	none	6540	24cb6db0	512	224	0	6540
6614	5	11296706612350	none	6541	09b92104	512	224	0	6541
6615	6	11296723844790	none	6542	c9e3bed5	512	224	0	6542
6616	7	11296741059190	none	6543	c9e3bed5	512	224	0	6543
6617	0	11296754317430	none	6544	c9e3bed5	512	224	0	6544
6618	1	11296771569020	none	6545	89f8e000	512	224	0	6545
6619	2	11296788787190	none	6546	5c34a5b5	512	224	0	6546
6620	3	11296806008710	none	6547	5c34a5b5	512	224	0	6547
6621	4	11296823290610	none	6548	5c34a5b5	512	224	0	6548
6622	5	11296840540210	none	6549	831e3b37	512	224	0	6549
6623	6	11296853730120	none	6550	f12f38b8	512	224	0	6550
6624	7	11296870962800	none	6551	f12f38b8	512	224	0	6551
6625	0	11296888345690	none	6552	f12f38b8	512	224	0	6552
6626	1	11296905563500	none	6553	7c257754	512	224	0	6553
6627	2	11296922916130	none	6554	e593f924	512	224	0	6554
6628	3	11296940169700	none	6555	e593f924	512	224	0	6555
6629	4	11296957441720	none	6556	e593f924	512	224	0	6556
6630	5	11296970656050	none	6557	63405541	512	224	0	6557
6631	6	11296987862990	none	6558	81007e81	512	224	0	6558
6632	7	11297005145550	none	6559	81007e81	512	224	0	6559
6633	0	11297022405810	none	6560	81007e81	512	224	0	6560
6634	1	11297039671130	none	6561	08db6fba	512	224	0	6561
6635	2	11297056889690	none	6562	555b82ac	512	224	0	6562
6636	3	11297070093010	none	6563	555b82ac	512	224	0	6563
6637	4	11297087329490	none	6564	555b82ac	512	224	0	6564
6638	5	11297104567760	none	6565	e171a938	512	224	0	6565
6639	6	11297121884730	none	6566	c1ddb824	512	224	0	6566
6640	7	11297139115030	none	6567	c1ddb824	512	224	0	6567
6641	0	11297156356060	none	6568	c1ddb824	512	224	0	6568
6642	1	11297173608520	none	6569	0b989b46	512	224	0	6569
6643	2	11297186811690	none	6570	a30464ef	512	224	0	6570
6644	3	11297204129800	none	6571	a30464ef	512	224	0	6571
6645	4	11297221365350	none	6572	a30464ef	512	224	0	6572
6646	5	11297238669610	none	6573	a0dda03f	512	224	0	6573
6647	6	11297255883500	none	6574	dcbe9ad5	512	224	0	6574
6648	7	11297273105200	none	6575	dcbe9ad5	512	224	0	6575
6649	0	11297286309490	none	6576	dcbe9ad5	512	224	0	6576
6650	1	11297303539100	none	6577	0650bcc9	512	224	0	6577
6651	2	11297320888570	none	6578	169bd360	512	224	0	6578
6652	3	11297338117010	none	6579	169bd360	512	224	0	6579
6653	4	11297355363910	none	6580	169bd360	512	224	0	6580
6654	5	11297372606060	none	6581	d7a4cd2f	512	224	0	6581
6655	6	11297389814680	none	6582	ed0e0a09	512	224	0	6582
6656	7	11297403171590	none	6583	ed0e0a09	512	224	0	6583
6657	0	11297420400250	none	6584	ed0e0a09	512	224	0	6584
6658	1	11297437732760	none	6585	327c8c03	512	224	0	6585
6659	2	11297454995380	none	6586	843e7cb0	512	224	0	6586
6660	3	11297472262710	none	6587	843e7cb0	512	224	0	6587
6661	4	11297489519770	none	6588	843e7cb0	512	224	0	6588
6662	5	11297502692820	none	6589	ebea487e	512	224	0	6589
6663	6	11297519904140	none	6590	bd6cde5f	512	224	0	6590
6664	7	11297537313620	none	6591	bd6cde5f	512	224	0	6591
6665	0	11297554585390	none	6592	bd6cde5f	512	224	0	6592
6666	1	11297571812310	none	6593	3896df9d	512	224	0	6593
6667	2	11297589032690	none	6594	05fb402e	512	224	0	6594
6668	3	11297606279340	none	6595	05fb402e	512	224	0	6595
6669	4	11297619483090	none	6596	05fb402e	512	224	0	6596
6670	5	11297636833380	none	6597	c8656796	512	224	0	6597
6671	6	11297654082750	none	6598	98c76bfa	512	224	0	6598
6672	7	11297671328880	none	6599	98c76bfa	512	224	0	6599
6673	0	11297688584780	none	6600	98c76bfa	512	224	0	6600
6674	1	11297705801070	none	6601	92ee323e	512	224	0	6601
6675	2	11297719019170	none	6602	7d0c512f	512	224	0	6602
6676	3	11297736411350	none	6603	7d0c512f	512	224	0	6603
6677	4	11297753652350	none	6604	7d0c512f	512	224	0	6604
6678	5	11297770873820	none	6605	f6581797	512	224	0	6605
6679	6	11297788108140	none	6606	07aae950	512	224	0	6606
6680	7	11297805352060	none	6607	07aae950	512	224	0	6607
6681	0	11297822586830	none	6608	07aae950	512	224	0	6608
6682	1	11297835753280	none	6609	e7048272	512	224	0	6609
6683	2	11297852969200	none	6610	919a0aea	512	224	0	6610
6684	3	11297870226600	none	6611	919a0aea	512	224	0	6611
6685	4	11297887465120	none	6612	919a0aea	512	224	0	6612
6686	5	11297904707670	none	6613	ea9d82d0	512	224	0	6613
6687	6	11297922099810	none	6614	009eabfa	512	224	0	6614
6688	7	11297935302820	none	6615	009eabfa	512	224	0	6615
6689	0	11297952554820	none	6616	009eabfa	512	224	0	6616
6690	1	11297969754270	none	6617	cee7037d	512	224	0	6617
6691	2	11297987042740	none	6618	7663b5ab	512	224	0	6618
6692	3	11298004292430	none	6619	7663b5ab	512	224	0	6619
6693	4	11298021522940	none	6620	7663b5ab	512	224	0	6620
6694	5	11298038743100	none	6621	60e024cf	512	224	0	6621
6695	6	11298052002160	none	6622	e8447b1a	512	224	0	6622
6696	7	11298069248560	none	6623	e8447b1a	512	224	0	6623
6697	0	11298086500110	none	6624	e8447b1a	512	224	0	6624
6698	1	11298103713880	none	6625	86c012ab	512	224	0	6625
6699	2	11298121088410	none	6626	cb15e5ae	512	224	0	6626
6700	3	11298138341210	none	6627	cb15e5ae	512	224	0	6627
6701	4	11298151658290	none	6628	cb15e5ae	512	224	0	6628
6702	5	11298168904870	none	6629	2085e499	512	224	0	6629
6703	6	11298186166350	none	6630	f0b76d89	512	224	0	6630
6704	7	11298203421250	none	6631	f0b76d89	512	224	0	6631
6705	0	11298220671480	none	6632	f0b76d89	512	224	0	6632
6706	1	11298237878250	none	6633	c268ab30	512	224	0	6633
6707	2	11298255332540	none	6634	ae1a35c4	512	224	0	6634
6708	3	11298268570170	none	6635	ae1a35c4	512	224	0	6635
6709	4	11298285886350	none	6636	ae1a35c4	512	224	0	6636
6710	5	11298303134650	none	6637	a8d2b294	512	224	0	6637
6711	6	11298320376990	none	6638	17f8a327	512	224	0	6638
6712	7	11298337686970	none	6639	17f8a327	512	224	0	6639
6713	0	11298354912530	none	6640	17f8a327	512	224	0	6640
6714	1	11298368122330	none	6641	152151a2	512	224	0	6641
6715	2	11298385524830	none	6642	c29eb3df	512	224	0	6642
6716	3	11298402764960	none	6643	c29eb3df	512	224	0	6643
6717	4	11298420142670	none	6644	c29eb3df	512	224	0	6644
6718	5	11298437387850	none	6645	a6c34b65	512	224	0	6645
6719	6	11298454723700	none	6646	71cf2fbb	512	224	0	6646
6720	7	11298467953160	none	6647	71cf2fbb	512	224	0	6647
6721	0	11298485209780	none	6648	71cf2fbb	512	224	0	6648
6722	1	11298502443310	none	6649	a1cc240c	512	224	0	6649
6723	2	11298519718900	none	6650	e0c11b38	512	224	0	6650
6724	3	11298536933080	none	6651	df387ae7	512	224	0	6651
6725	4	11298554309900	none	6652	df387ae7	512	224	0	6652
6726	5	11298571558010	none	6653	867bf1e6	512	224	0	6653
6727	6	11298584731220	none	6654	63afd876	512	224	0	6654
6728	7	11298601965090	none	6655	63afd876	512	224	0	6655
6729	0	11298619199910	none	6656	63afd876	512	224	0	6656
6730	1	11298636448120	none	6657	d2d67e02	512	224	0	6657
6731	2	11298653695130	none	6658	f465733e	512	224	0	6658
6732	3	11298670918040	none	6659	f465733e	512	224	0	6659
6733	4	11298684142270	none	6660	f465733e	512	224	0	6660
6734	5	11298701400090	none	6661	dc38a096	512	224	0	6661
6735	6	11298718647780	none	6662	e3d84f1e	512	224	0	6662
6736	7	11298735980440	none	6663	e3d84f1e	512	224	0	6663
6737	0	11298753246420	none	6664	e3d84f1e	512	224	0	6664
6738	1	11298770491800	none	6665	c1305090	512	224	0	6665
6739	2	11298787900130	none	6666	dd1ee823	512	224	0	6666
6740	3	11298801175550	none	6667	dd1ee823	512	224	0	6667
6741	4	11298818429820	none	6668	dd1ee823	512	224	0	6668
6742	5	11298835699040	none	6669	dc7acfcd	512	224	0	6669
6743	6	11298852912260	none	6670	d43ca598	512	224	0	6670
6744	7	11298870175330	none	6671	d43ca598	512	224	0	6671
6745	0	11298887415120	none	6672	d43ca598	512	224	0	6672
6746	1	11298900631860	none	6673	f3182918	512	224	0	6673
6747	2	11298917842160	none	6674	4c9ac6c4	512	224	0	6674
6748	3	11298935080880	none	6675	4c9ac6c4	512	224	0	6675
6749	4	11298952371290	none	6676	b0898a14	512	224	0	6676
6750	5	11298969621030	none	6677	3378112e	512	224	0	6677
6751	6	11298986897130	none	6678	98127fdf	512	224	0	6678
6752	7	11299004158830	none	6679	98127fdf	512	224	0	6679
6753	0	11299017365520	none	6680	98127fdf	512	224	0	6680
6754	1	11299034632450	none	6681	941b0ae1	512	224	0	6681
6755	2	11299051862940	none	6682	6bb07637	512	224	0	6682
6756	3	11299069135690	none	6683	26584724	512	224	0	6683
6757	4	11299086387360	none	6684	c6b2e76d	512	224	0	6684
6758	5	11299103738360	none	6685	5288d2a7	512	224	0	6685
6759	6	11299116937330	none	6686	43890686	512	224	0	6686
6760	7	11299134201980	none	6687	c31a6321	512	224	0	6687
6761	0	11299151482320	none	6688	c31a6321	512	224	0	6688
6762	1	11299168699950	none	6689	c31a6321	512	224	0	6689
6763	2	11299185921270	none	6690	ed5b029b	512	224	0	6690
6764	3	11299203182290	none	6691	ed5b029b	512	224	0	6691
6765	4	11299220433040	none	6692	d9e1319b	512	224	0	6692
6766	5	11299233659370	none	6693	d9e1319b	512	224	0	6693
6767	6	11299250880550	none	6694	35400962	512	224	0	6694
6768	7	11299268142240	none	6695	35400962	512	224	0	6695
6769	0	11299285382550	none	6696	c317c511	512	224	0	6696
6770	1	11299302724950	none	6697	c317c511	512	224	0	6697
6771	2	11299320009350	none	6698	d60fb1af	512	224	0	6698
6772	3	11299333300440	none	6699	a37b7171	512	224	0	6699
6773	4	11299350578450	none	6700	a37b7171	512	224	0	6700
6774	5	11299367793980	none	6701	e4b2820f	512	224	0	6701
6775	6	11299385016310	none	6702	4d0b21e2	512	224	0	6702
6776	7	11299402400700	none	6703	7e0688b7	512	224	0	6703
6777	0	11299419650660	none	6704	7e0688b7	512	224	0	6704
6778	1	11299432844920	none	6705	731096de	512	224	0	6705
6779	2	11299450099860	none	6706	812118b9	512	224	0	6706
6780	3	11299467346940	none	6707	812118b9	512	224	0	6707
6781	4	11299484639040	none	6708	46ef5f0d	512	224	0	6708
6782	5	11299501880800	none	6709	46ef5f0d	512	224	0	6709
6783	6	11299519095900	none	6710	be431b9e	512	224	0	6710
6784	7	11299536335310	none	6711	be431b9e	512	224	0	6711
6785	0	11299549532720	none	6712	61605322	512	224	0	6712
6786	1	11299566768210	none	6713	61605322	512	224	0	6713
6787	2	11299584017840	none	6714	61605322	512	224	0	6714
6788	3	11299601479340	none	6715	61605322	512	224	0	6715
6789	4	11299618703210	none	6716	61605322	512	224	0	6716
6790	5	11299635945640	none	6717	61605322	512	224	0	6717
6791	6	11299649161400	none	6718	61605322	512	224	0	6718
6792	7	11299666400400	none	6719	61605322	512	224	0	6719
6793	0	11299683630520	none	6720	61605322	512	224	0	6720
6794	1	11299700845220	none	6721	61605322	512	224	0	6721
6795	2	11299718106750	none	6722	61605322	512	224	0	6722
6796	3	11299735344340	none	6723	61605322	512	224	0	6723
6797	4	11299752613440	none	6724	61605322	512	224	0	6724
6798	5	11299765813060	none	6725	61605322	512	224	0	6725
6799	6	11299783056680	none	6726	61605322	512	224	0	6726
6800	7	11299800291230	none	6727	61605322	512	224	0	6727
6801	0	11299817540930	none	6728	61605322	512	224	0	6728
6802	1	11299834752770	none	6729	61605322	512	224	0	6729
6803	2	11299852068580	none	6730	61605322	512	224	0	6730
6804	3	11299869342180	none	6731	61605322	512	224	0	6731
6805	4	11299882563040	none	6732	61605322	512	224	0	6732
6806	5	11299899792970	none	6733	61605322	512	224	0	6733
6807	6	11299917109080	none	6734	61605322	512	224	0	6734
6808	7	11299934356990	none	6735	61605322	512	224	0	6735
6809	0	11299951703620	none	6736	61605322	512	224	0	6736
6810	1	11299968957450	none	6737	61605322	512	224	0	6737
6811	2	11299982174610	none	6738	61605322	512	224	0	6738
6812	3	11299999409710	none	6739	61605322	512	224	0	6739
6813	4	11300016632530	none	6740	61605322	512	224	0	6740
6814	5	11300033891500	none	6741	61605322	512	224	0	6741
6815	6	11300051170140	none	6742	61605322	512	224	0	6742
6816	7	11300068409320	none	6743	61605322	512	224	0	6743
6817	0	11300085658730	none	6744	2e7869e5	512	224	0	6744
6818	1	11300098840700	none	6745	2e7869e5	512	224	0	6745
6819	2	11300116165310	none	6746	0dbef74d	512	224	0	6746
6820	3	11300133437200	none	6747	0dbef74d	512	224	0	6747
6821	4	11300150776930	none	6748	a5d380ea	512	224	0	6748
6822	5	11300168000590	none	6749	a5d380ea	512	224	0	6749
6823	6	11300185242240	none	6750	4a33ca1d	512	224	0	6750
6824	7	11300198469720	none	6751	4a33ca1d	512	224	0	6751
6825	0	11300215701330	none	6752	e25ebdba	512	224	0	6752
6826	1	11300232964510	none	6753	e25ebdba	512	224	0	6753
6827	2	11300250342370	none	6754	c1982312	512	224	0	6754
6828	3	11300267589260	none	6755	c1982312	512	224	0	6755
6829	4	11300284808420	none	6756	69f554b5	512	224	0	6756
6830	5	11300302032370	none	6757	69f554b5	512	224	0	6757
6831	6	11300315253110	none	6758	c529b0bd	512	224	0	6758
6832	7	11300332492780	none	6759	c529b0bd	512	224	0	6759
6833	0	11300349826020	none	6760	6d44c71a	512	224	0	6760
6834	1	11300367053120	none	6761	6d44c71a	512	224	0	6761
6835	2	11300384341260	none	6762	4e8259b2	512	224	0	6762
6836	3	11300401630920	none	6763	4e8259b2	512	224	0	6763
6837	4	11300414799890	none	6764	e6ef2e15	512	224	0	6764
6838	5	11300432016260	none	6765	e6ef2e15	512	224	0	6765
6839	6	11300449372030	none	6766	090f64e2	512	224	0	6766
6840	7	11300466633570	none	6767	090f64e2	512	224	0	6767
6841	0	11300483851120	none	6768	a1621345	512	224	0	6768
6842	1	11300501096510	none	6769	a1621345	512	224	0	6769
6843	2	11300518329220	none	6770	82a48ded	512	224	0	6770
6844	3	11300531543780	none	6771	82a48ded	512	224	0	6771
6845	4	11300548767860	none	6772	2ac9fa4a	512	224	0	6772
6846	5	11300565971690	none	6773	2ac9fa4a	512	224	0	6773
6847	6	11300583241690	none	6774	2ac9fa4a	512	224	0	6774
6848	7	11300601136090	none	6775	2ac9fa4a	512	224	0	6775
6849	0	11300614598810	none	6776	2ac9fa4a	512	224	0	6776
6850	1	11300631816870	none	6777	2ac9fa4a	512	224	0	6777
6851	2	11300649252680	none	6778	2ac9fa4a	512	224	0	6778
6852	3	11300666549790	none	6779	2ac9fa4a	512	224	0	6779
6853	4	11300683769690	none	6780	2ac9fa4a	512	224	0	6780
6854	5	11300701025860	none	6781	2ac9fa4a	512	224	0	6781
6855	6	11300714237260	none	6782	2ac9fa4a	512	224	0	6782
6856	7	11300731487740	none	6783	2ac9fa4a	512	224	0	6783
6857	0	11300748773140	none	6784	2ac9fa4a	512	224	0	6784
6858	1	11300765993900	none	6785	2ac9fa4a	512	224	0	6785
6859	2	11300783244160	none	6786	2ac9fa4a	512	224	0	6786
6860	3	11300800489690	none	6787	2ac9fa4a	512	224	0	6787
6861	4	11300817722280	none	6788	2ac9fa4a	512	224	0	6788
6862	5	11300830910460	none	6789	2ac9fa4a	512	224	0	6789
6863	6	11300848336570	none	6790	2ac9fa4a	512	224	0	6790
6864	7	11300865617500	none	6791	2ac9fa4a	512	224	0	6791
6865	0	11300882865930	none	6792	2ac9fa4a	512	224	0	6792
6866	1	11300900127050	none	6793	2ac9fa4a	512	224	0	6793
6867	2	11300917391410	none	6794	2ac9fa4a	512	224	0	6794
6868	3	11300930600160	none	6795	2ac9fa4a	512	224	0	6795
6869	4	11300947875030	none	6796	2ac9fa4a	512	224	0	6796
6870	5	11300965125630	none	6797	2ac9fa4a	512	224	0	6797
6871	6	11300982358670	none	6798	2ac9fa4a	512	224	0	6798
6872	7	11300999622010	none	6799	2ac9fa4a	512	224	0	6799
6873	0	11301016834890	none	6800	2ac9fa4a	512	224	0	6800
6874	1	11301034143670	none	6801	2ac9fa4a	512	224	0	6801
6875	2	11301047340770	none	6802	2ac9fa4a	512	224	0	6802
6876	3	11301064589480	none	6803	2ac9fa4a	512	224	0	6803
6877	4	11301081892590	none	6804	2ac9fa4a	512	224	0	6804
6878	5	11301099158800	none	6805	2ac9fa4a	512	224	0	6805
6879	6	11301116408590	none	6806	2ac9fa4a	512	224	0	6806
6880	7	11301133648640	none	6807	2ac9fa4a	512	224	0	6807
6881	0	11301146836790	none	6808	2ac9fa4a	512	224	0	6808
6882	1	11301164218220	none	6809	2ac9fa4a	512	224	0	6809
6883	2	11301181610450	none	6810	2ac9fa4a	512	224	0	6810
6884	3	11301199018370	none	6811	2ac9fa4a	512	224	0	6811
6885	4	11301216279120	none	6812	2ac9fa4a	512	224	0	6812
6886	5	11301233519090	none	6813	2ac9fa4a	512	224	0	6813
6887	6	11301246727440	none	6814	2ac9fa4a	512	224	0	6814
6888	7	11301263941390	none	6815	2ac9fa4a	512	224	0	6815
6889	0	11301281200050	none	6816	2ac9fa4a	512	224	0	6816
6890	1	11301298486790	none	6817	2ac9fa4a	512	224	0	6817
6891	2	11301315714950	none	6818	2ac9fa4a	512	224	0	6818
6892	3	11301333102110	none	6819	2ac9fa4a	512	224	0	6819
6893	4	11301346318770	none	6820	2ac9fa4a	512	224	0	6820
6894	5	11301363573310	none	6821	2ac9fa4a	512	224	0	6821
6895	6	11301380885890	none	6822	2ac9fa4a	512	224	0	6822
6896	7	11301398186370	none	6823	2ac9fa4a	512	224	0	6823
6897	0	11301415447200	none	6824	2ac9fa4a	512	224	0	6824
6898	1	11301432673750	none	6825	2ac9fa4a	512	224	0	6825
6899	2	11301450036050	none	6826	2ac9fa4a	512	224	0	6826
6900	3	11301463387500	none	6827	2ac9fa4a	512	224	0	6827
6901	4	11301480633690	none	6828	2ac9fa4a	512	224	0	6828
6902	5	11301498006670	none	6829	2ac9fa4a	512	224	0	6829
6903	6	11301515263500	none	6830	2ac9fa4a	512	224	0	6830
6904	7	11301532524210	none	6831	2ac9fa4a	512	224	0	6831
6905	0	11301549758030	none	6832	2ac9fa4a	512	224	0	6832
6906	1	11301563018540	none	6833	2ac9fa4a	512	224	0	6833
6907	2	11301580246450	none	6834	2ac9fa4a	512	224	0	6834
6908	3	11301597482690	none	6835	2ac9fa4a	512	224	0	6835
6909	4	11301614717170	none	6836	2ac9fa4a	512	224	0	6836
6910	5	11301632117950	none	6837	2ac9fa4a	512	224	0	6837
6911	6	11301649389070	none	6838	2ac9fa4a	512	224	0	6838
6912	7	11301662687000	none	6839	2ac9fa4a	512	224	0	6839
6913	0	11301679923150	none	6840	2ac9fa4a	512	224	0	6840
6914	1	11301697216430	none	6841	2ac9fa4a	512	224	0	6841
6915	2	11301714517880	none	6842	2ac9fa4a	512	224	0	6842
6916	3	11301731742830	none	6843	2ac9fa4a	512	224	0	6843
6917	4	11301749001110	none	6844	2ac9fa4a	512	224	0	6844
6918	5	11301762325100	none	6845	2ac9fa4a	512	224	0	6845
6919	6	11301779549670	none	6846	2ac9fa4a	512	224	0	6846
6920	7	11301796840180	none	6847	2ac9fa4a	512	224	0	6847
6921	0	11301814083700	none	6848	2ac9fa4a	512	224	0	6848
6922	1	11301831322250	none	6849	2ac9fa4a	512	224	0	6849
6923	2	11301848630870	none	6850	2ac9fa4a	512	224	0	6850
6924	3	11301865828300	none	6851	2ac9fa4a	512	224	0	6851
6925	4	11301879041950	none	6852	2ac9fa4a	512	224	0	6852
6926	5	11301896274010	none	6853	2ac9fa4a	512	224	0	6853
6927	6	11301913517820	none	6854	2ac9fa4a	512	224	0	6854
6928	7	11301930749230	none	6855	2ac9fa4a	512	224	0	6855
6929	0	11301947960020	none	6856	2ac9fa4a	512	224	0	6856
6930	1	11301965329690	none	6857	2ac9fa4a	512	224	0	6857
6931	2	11301978581100	none	6858	2ac9fa4a	512	224	0	6858
6932	3	11301995905460	none	6859	2ac9fa4a	512	224	0	6859
6933	4	11302013145080	none	6860	2ac9fa4a	512	224	0	6860
6934	5	11302030392450	none	6861	2ac9fa4a	512	224	0	6861
6935	6	11302047632300	none	6862	2ac9fa4a	512	224	0	6862
6936	7	11302064837520	none	6863	2ac9fa4a	512	224	0	6863
6937	0	11302082074270	none	6864	2ac9fa4a	512	224	0	6864
6938	1	11302095314370	none	6865	2ac9fa4a	512	224	0	6865
6939	2	11302112571940	none	6866	2ac9fa4a	512	224	0	6866
6940	3	11302129796250	none	6867	2ac9fa4a	512	224	0	6867
6941	4	11302147028400	none	6868	2ac9fa4a	512	224	0	6868
6942	5	11302164288320	none	6869	2ac9fa4a	512	224	0	6869
6943	6	11302181538230	none	6870	2ac9fa4a	512	224	0	6870
6944	7	11302198749560	none	6871	2ac9fa4a	512	224	0	6871
6945	0	11302212013740	none	6872	2ac9fa4a	512	224	0	6872
6946	1	11302229277710	none	6873	2ac9fa4a	512	224	0	6873
6947	2	11302246542720	none	6874	2ac9fa4a	512	224	0	6874
6948	3	11302263779220	none	6875	2ac9fa4a	512	224	0	6875
6949	4	11302281009890	none	6876	2ac9fa4a	512	224	0	6876
6950	5	11302298276480	none	6877	2ac9fa4a	512	224	0	6877
6951	6	11302311472720	none	6878	2ac9fa4a	512	224	0	6878
6952	7	11302328702610	none	6879	2ac9fa4a	512	224	0	6879
6953	0	11302346003490	none	6880	2ac9fa4a	512	224	0	6880
6954	1	11302363245520	none	6881	2ac9fa4a	512	224	0	6881
6955	2	11302380543560	none	6882	2ac9fa4a	512	224	0	6882
6956	3	11302397750320	none	6883	2ac9fa4a	512	224	0	6883
6957	4	11302415040220	none	6884	2ac9fa4a	512	224	0	6884
6958	5	11302428249920	none	6885	2ac9fa4a	512	224	0	6885
6959	6	11302445575820	none	6886	2ac9fa4a	512	224	0	6886
6960	7	11302462782830	none	6887	2ac9fa4a	512	224	0	6887
6961	0	11302480128700	none	6888	2ac9fa4a	512	224	0	6888
6962	1	11302497373080	none	6889	2ac9fa4a	512	224	0	6889
6963	2	11302514817810	none	6890	2ac9fa4a	512	224	0	6890
6964	3	11302528055760	none	6891	2ac9fa4a	512	224	0	6891
6965	4	11302545307230	none	6892	2ac9fa4a	512	224	0	6892
6966	5	11302562564660	none	6893	2ac9fa4a	512	224	0	6893
6967	6	11302579781980	none	6894	2ac9fa4a	512	224	0	6894
6968	7	11302597015960	none	6895	2ac9fa4a	512	224	0	6895
6969	0	11302614386530	none	6896	2ac9fa4a	512	224	0	6896
6970	1	11302627599000	none	6897	2ac9fa4a	512	224	0	6897
6971	2	11302644909940	none	6898	2ac9fa4a	512	224	0	6898
6972	3	11302662150780	none	6899	2ac9fa4a	512	224	0	6899
6973	4	11302679374510	none	6900	2ac9fa4a	512	224	0	6900
6974	5	11302696619600	none	6901	2ac9fa4a	512	224	0	6901
6975	6	11302713939050	none	6902	2ac9fa4a	512	224	0	6902
6976	7	11302731198410	none	6903	2ac9fa4a	512	224	0	6903
6977	0	11302744419010	none	6904	2ac9fa4a	512	224	0	6904
6978	1	11302761642820	none	6905	2ac9fa4a	512	224	0	6905
6979	2	11302779160500	none	6906	2ac9fa4a	512	224	0	6906
6980	3	11302796435560	none	6907	2ac9fa4a	512	224	0	6907
6981	4	11302813783350	none	6908	2ac9fa4a	512	224	0	6908
6982	5	11302831025180	none	6909	2ac9fa4a	512	224	0	6909
6983	6	11302844229280	none	6910	2ac9fa4a	512	224	0	6910
6984	7	11302861485780	none	6911	2ac9fa4a	512	224	0	6911
6985	0	11302878694530	none	6912	2ac9fa4a	512	224	0	6912
6986	1	11302895902700	none	6913	2ac9fa4a	512	224	0	6913
6987	2	11302913265050	none	6914	2ac9fa4a	512	224	0	6914
6988	3	11302930556810	none	6915	2ac9fa4a	512	224	0	6915
6989	4	11302943751280	none	6916	2ac9fa4a	512	224	0	6916
6990	5	11302961006970	none	6917	2ac9fa4a	512	224	0	6917
6991	6	11302978245530	none	6918	2ac9fa4a	512	224	0	6918
6992	7	11302995495470	none	6919	2ac9fa4a	512	224	0	6919
6993	0	11303012718640	none	6920	2ac9fa4a	512	224	0	6920
6994	1	11303029955570	none	6921	2ac9fa4a	512	224	0	6921
6995	2	11303047247400	none	6922	2ac9fa4a	512	224	0	6922
6996	3	11303060466680	none	6923	2ac9fa4a	512	224	0	6923
6997	4	11303077696040	none	6924	2ac9fa4a	512	224	0	6924
6998	5	11303094923500	none	6925	2ac9fa4a	512	224	0	6925
6999	6	11303112322710	none	6926	2ac9fa4a	512	224	0	6926
7000	7	11303129575880	none	6927	2ac9fa4a	512	224	0	6927
7001	0	11303146798630	none	6928	2ac9fa4a	512	224	0	6928
7002	1	11303160032200	none	6929	2ac9fa4a	512	224	0	6929
7003	2	11303177275390	none	6930	2ac9fa4a	512	224	0	6930
7004	3	11303194548190	none	6931	2ac9fa4a	512	224	0	6931
7005	4	11303211777420	none	6932	2ac9fa4a	512	224	0	6932
7006	5	11303229001240	none	6933	2ac9fa4a	512	224	0	6933
7007	6	11303246326390	none	6934	2ac9fa4a	512	224	0	6934
7008	7	11303263591850	none	6935	2ac9fa4a	512	224	0	6935
7009	0	11303276780450	none	6936	2ac9fa4a	512	224	0	6936
7010	1	11303294019960	none	6937	2ac9fa4a	512	224	0	6937
7011	2	11303311277860	none	6938	2ac9fa4a	512	224	0	6938
7012	3	11303328555270	none	6939	2ac9fa4a	512	224	0	6939
7013	4	11303345893720	none	6940	2ac9fa4a	512	224	0	6940
7014	5	11303363147870	none	6941	2ac9fa4a	512	224	0	6941
7015	6	11303376341700	none	6942	2ac9fa4a	512	224	0	6942
7016	7	11303393596820	none	6943	2ac9fa4a	512	224	0	6943
7017	0	11303410805900	none	6944	2ac9fa4a	512	224	0	6944
7018	1	11303428067930	none	6945	2ac9fa4a	512	224	0	6945
7019	2	11303445320240	none	6946	2ac9fa4a	512	224	0	6946
7020	3	11303462588500	none	6947	2ac9fa4a	512	224	0	6947
7021	4	11303479795540	none	6948	2ac9fa4a	512	224	0	6948
7022	5	11303493080850	none	6949	2ac9fa4a	512	224	0	6949
7023	6	11303510350680	none	6950	2ac9fa4a	512	224	0	6950
7024	7	11303527604500	none	6951	2ac9fa4a	512	224	0	6951
7025	0	11303544884240	none	6952	2ac9fa4a	512	224	0	6952
7026	1	11303562142550	none	6953	2ac9fa4a	512	224	0	6953
7027	2	11303579519520	none	6954	2ac9fa4a	512	224	0	6954
7028	3	11303592674600	none	6955	2ac9fa4a	512	224	0	6955
7029	4	11303609960640	none	6956	2ac9fa4a	512	224	0	6956
7030	5	11303627234490	none	6957	2ac9fa4a	512	224	0	6957
7031	6	11303644468540	none	6958	2ac9fa4a	512	224	0	6958
7032	7	11303661787310	none	6959	2ac9fa4a	512	224	0	6959
7033	0	11303679051130	none	6960	2ac9fa4a	512	224	0	6960
7034	1	11303696305800	none	6961	2ac9fa4a	512	224	0	6961
7035	2	11303709547510	none	6962	2ac9fa4a	512	224	0	6962
7036	3	11303726806030	none	6963	2ac9fa4a	512	224	0	6963
7037	4	11303744049190	none	6964	2ac9fa4a	512	224	0	6964
7038	5	11303761420600	none	6965	2ac9fa4a	512	224	0	6965
7039	6	11303778651930	none	6966	2ac9fa4a	512	224	0	6966
7040	7	11303796062010	none	6967	2ac9fa4a	512	224	0	6967
7041	0	11303809254990	none	6968	2ac9fa4a	512	224	0	6968
7042	1	11303826529990	none	6969	2ac9fa4a	512	224	0	6969
7043	2	11303843910150	none	6970	2ac9fa4a	512	224	0	6970
7044	3	11303861172330	none	6971	2ac9fa4a	512	224	0	6971
7045	4	11303878423280	none	6972	2ac9fa4a	512	224	0	6972
7046	5	11303895651570	none	6973	2ac9fa4a	512	224	0	6973
7047	6	11303908835440	none	6974	2ac9fa4a	512	224	0	6974
7048	7	11303926136170	none	6975	2ac9fa4a	512	224	0	6975
7049	0	11303943400120	none	6976	2ac9fa4a	512	224	0	6976
7050	1	11303960728680	none	6977	2ac9fa4a	512	224	0	6977
7051	2	11303977970030	none	6978	2ac9fa4a	512	224	0	6978
7052	3	11303995223510	none	6979	2ac9fa4a	512	224	0	6979
7053	4	11304012484380	none	6980	2ac9fa4a	512	224	0	6980
7054	5	11304025660700	none	6981	2ac9fa4a	512	224	0	6981
7055	6	11304042961360	none	6982	2ac9fa4a	512	224	0	6982
7056	7	11304060352170	none	6983	2ac9fa4a	512	224	0	6983
7057	0	11304077600900	none	6984	2ac9fa4a	512	224	0	6984
7058	1	11304094802350	none	6985	2ac9fa4a	512	224	0	6985
7059	2	11304112065540	none	6986	2ac9fa4a	512	224	0	6986
7060	3	11304125287590	none	6987	2ac9fa4a	512	224	0	6987
7061	4	11304142553840	none	6988	2ac9fa4a	512	224	0	6988
7062	5	11304159858160	none	6989	2ac9fa4a	512	224	0	6989
7063	6	11304177143750	none	6990	2ac9fa4a	512	224	0	6990
7064	7	11304194389300	none	6991	2ac9fa4a	512	224	0	6991
7065	0	11304211629810	none	6992	2ac9fa4a	512	224	0	6992
7066	1	11304228857920	none	6993	2ac9fa4a	512	224	0	6993
7067	2	11304242082480	none	6994	2ac9fa4a	512	224	0	6994
7068	3	11304259568030	none	6995	2ac9fa4a	512	224	0	6995
7069	4	11304276952720	none	6996	2ac9fa4a	512	224	0	6996
7070	5	11304294201740	none	6997	2ac9fa4a	512	224	0	6997
7071	6	11304311462390	none	6998	2ac9fa4a	512	224	0	6998
7072	7	11304328686730	none	6999	2ac9fa4a	512	224	0	6999
7073	0	11304341868810	none	7000	82a48ded	512	224	0	7000
7074	1	11304359262640	none	7001	82a48ded	512	224	0	7001
7075	2	11304376573590	none	7002	a1621345	512	224	0	7002
7076	3	11304393808430	none	7003	a1621345	512	224	0	7003
7077	4	11304411081280	none	7004	090f64e2	512	224	0	7004
7078	5	11304428330170	none	7005	090f64e2	512	224	0	7005
7079	6	11304441553840	none	7006	e6ef2e15	512	224	0	7006
7080	7	11304458782940	none	7007	e6ef2e15	512	224	0	7007
7081	0	11304476102090	none	7008	4e8259b2	512	224	0	7008
7082	1	11304493398690	none	7009	4e8259b2	512	224	0	7009
7083	2	11304510627600	none	7010	6d44c71a	512	224	0	7010
7084	3	11304527859940	none	7011	6d44c71a	512	224	0	7011
7085	4	11304541078390	none	7012	c529b0bd	512	224	0	7012
7086	5	11304558463970	none	7013	c529b0bd	512	224	0	7013
7087	6	11304575673600	none	7014	69f554b5	512	224	0	7014
7088	7	11304593017410	none	7015	69f554b5	512	224	0	7015
7089	0	11304610289040	none	7016	c1982312	512	224	0	7016
7090	1	11304627560650	none	7017	c1982312	512	224	0	7017
7091	2	11304640862800	none	7018	e25ebdba	512	224	0	7018
7092	3	11304658325020	none	7019	e25ebdba	512	224	0	7019
7093	4	11304675562550	none	7020	4a33ca1d	512	224	0	7020
7094	5	11304692885660	none	7021	4a33ca1d	512	224	0	7021
7095	6	11304710196220	none	7022	a5d380ea	512	224	0	7022
7096	7	11304727460640	none	7023	a5d380ea	512	224	0	7023
7097	0	11304744680130	none	7024	0dbef74d	512	224	0	7024
7098	1	11304757877700	none	7025	0dbef74d	512	224	0	7025
7099	2	11304775124970	none	7026	2e7869e5	512	224	0	7026
7100	3	11304792380630	none	7027	2e7869e5	512	224	0	7027
7101	4	11304809682470	none	7028	61605322	512	224	0	7028
7102	5	11304826929610	none	7029	61605322	512	224	0	7029
7103	6	11304844182250	none	7030	61605322	512	224	0	7030
7104	7	11304857406150	none	7031	61605322	512	224	0	7031
7105	0	11304874634640	none	7032	61605322	512	224	0	7032
7106	1	11304891886380	none	7033	61605322	512	224	0	7033
7107	2	11304909192000	none	7034	fd8422f5	512	224	0	7034
7108	3	11304926519060	none	7035	fd8422f5	512	224	0	7035
7109	4	11304943752840	none	7036	06923e2b	512	224	0	7036
7110	5	11304960982610	none	7037	06923e2b	512	224	0	7037
7111	6	11304974209170	none	7038	e6b0c85e	512	224	0	7038
7112	7	11304991461570	none	7039	e6b0c85e	512	224	0	7039
7113	0	11305008678460	none	7040	2bcf01d6	512	224	0	7040
7114	1	11305025897750	none	7041	2bcf01d6	512	224	0	7041
7115	2	11305043193520	none	7042	cbedf7a3	512	224	0	7042
7116	3	11305060452840	none	7043	cbedf7a3	512	224	0	7043
7117	4	11305073728350	none	7044	30fbeb7d	512	224	0	7044
7118	5	11305090945780	none	7045	30fbeb7d	512	224	0	7045
7119	6	11305108192810	none	7046	d0d91d08	512	224	0	7046
7120	7	11305125448960	none	7047	d0d91d08	512	224	0	7047
7121	0	11305142734610	none	7048	71757e2c	512	224	0	7048
7122	1	11305160047660	none	7049	71757e2c	512	224	0	7049
7123	2	11305173415690	none	7050	91578859	512	224	0	7050
7124	3	11305190717550	none	7051	91578859	512	224	0	7051
7125	4	11305208068650	none	7052	6a419487	512	224	0	7052
7126	5	11305225314590	none	7053	6a419487	512	224	0	7053
7127	6	11305242566320	none	7054	8a6362f2	512	224	0	7054
7128	7	11305259873510	none	7055	8a6362f2	512	224	0	7055
7129	0	11305273229240	none	7056	471cab7a	512	224	0	7056
7130	1	11305290447760	none	7057	471cab7a	512	224	0	7057
7131	2	11305307754540	none	7058	a73e5d0f	512	224	0	7058
7132	3	11305324996240	none	7059	a73e5d0f	512	224	0	7059
7133	4	11305342300740	none	7060	5c2841d1	512	224	0	7060
7134	5	11305359630620	none	7061	5c2841d1	512	224	0	7061
7135	6	11305376979560	none	7062	bc0ab7a4	512	224	0	7062
7136	7	11305390194070	none	7063	bc0ab7a4	512	224	0	7063
7137	0	11305407436570	none	7064	bc0ab7a4	512	224	0	7064
7138	1	11305424658220	none	7065	bc0ab7a4	512	224	0	7065
7139	2	11305441991950	none	7066	bc0ab7a4	512	224	0	7066
7140	3	11305459250090	none	7067	bc0ab7a4	512	224	0	7067
7141	4	11305476673850	none	7068	bc0ab7a4	512	224	0	7068
7142	5	11305489914460	none	7069	bc0ab7a4	512	224	0	7069
7143	6	11305507167270	none	7070	bc0ab7a4	512	224	0	7070
7144	7	11305524454840	none	7071	bc0ab7a4	512	224	0	7071
7145	0	11305541681700	none	7072	bc0ab7a4	512	224	0	7072
7146	1	11305558903150	none	7073	bc0ab7a4	512	224	0	7073
7147	2	11305576310190	none	7074	bc0ab7a4	512	224	0	7074
7148	3	11305589534960	none	7075	bc0ab7a4	512	224	0	7075
7149	4	11305606871100	none	7076	bc0ab7a4	512	224	0	7076
7150	5	11305624243510	none	7077	bc0ab7a4	512	224	0	7077
7151	6	11305641909930	none	7078	bc0ab7a4	512	224	0	7078
7152	7	11305659132090	none	7079	bc0ab7a4	512	224	0	7079
7153	0	11305672534110	none	7080	bc0ab7a4	512	224	0	7080
7154	1	11305689749760	none	7081	bc0ab7a4	512	224	0	7081
7155	2	11305707013220	none	7082	bc0ab7a4	512	224	0	7082
7156	3	11305724257400	none	7083	bc0ab7a4	512	224	0	7083
7157	4	11305741503050	none	7084	bc0ab7a4	512	224	0	7084
7158	5	11305758713510	none	7085	bc0ab7a4	512	224	0	7085
7159	6	11305776074950	none	7086	bc0ab7a4	512	224	0	7086
7160	7	11305789323290	none	7087	bc0ab7a4	512	224	0	7087
7161	0	11305806589930	none	7088	bc0ab7a4	512	224	0	7088
7162	1	11305823812220	none	7089	bc0ab7a4	512	224	0	7089
7163	2	11305841122850	none	7090	bc0ab7a4	512	224	0	7090
7164	3	11305858383280	none	7091	bc0ab7a4	512	224	0	7091
7165	4	11305875707260	none	7092	bc0ab7a4	512	224	0	7092
7166	5	11305889002820	none	7093	bc0ab7a4	512	224	0	7093
7167	6	11305906248020	none	7094	bc0ab7a4	512	224	0	7094
7168	7	11305923495630	none	7095	bc0ab7a4	512	224	0	7095
7169	0	11305940741390	none	7096	bc0ab7a4	512	224	0	7096
7170	1	11305957974600	none	7097	bc0ab7a4	512	224	0	7097
7171	2	11305975388970	none	7098	bc0ab7a4	512	224	0	7098
7172	3	11305992612930	none	7099	bc0ab7a4	512	224	0	7099
7173	4	11306005864160	none	7100	bc0ab7a4	512	224	0	7100
7174	5	11306023118210	none	7101	bc0ab7a4	512	224	0	7101
7175	6	11306040373060	none	7102	bc0ab7a4	512	224	0	7102
7176	7	11306057580210	none	7103	bc0ab7a4	512	224	0	7103
7177	0	11306074809900	none	7104	bc0ab7a4	512	224	0	7104
7178	1	11306092060870	none	7105	bc0ab7a4	512	224	0	7105
7179	2	11306105268290	none	7106	bc0ab7a4	512	224	0	7106
7180	3	11306122518990	none	7107	bc0ab7a4	512	224	0	7107
7181	4	11306139724970	none	7108	bc0ab7a4	512	224	0	7108
7182	5	11306156953790	none	7109	bc0ab7a4	512	224	0	7109
7183	6	11306174349750	none	7110	bc0ab7a4	512	224	0	7110
7184	7	11306191580140	none	7111	bc0ab7a4	512	224	0	7111
7185	0	11306208803430	none	7112	bc0ab7a4	512	224	0	7112
7186	1	11306222047870	none	7113	bc0ab7a4	512	224	0	7113
7187	2	11306239319390	none	7114	bc0ab7a4	512	224	0	7114
7188	3	11306256543890	none	7115	bc0ab7a4	512	224	0	7115
7189	4	11306273787920	none	7116	bc0ab7a4	512	224	0	7116
7190	5	11306291048430	none	7117	bc0ab7a4	512	224	0	7117
7191	6	11306308288040	none	7118	bc0ab7a4	512	224	0	7118
7192	7	11306321507030	none	7119	bc0ab7a4	512	224	0	7119
7193	0	11306338715370	none	7120	bc0ab7a4	512	224	0	7120
7194	1	11306355999730	none	7121	bc0ab7a4	512	224	0	7121
7195	2	11306373247610	none	7122	bc0ab7a4	512	224	0	7122
7196	3	11306390503910	none	7123	bc0ab7a4	512	224	0	7123
7197	4	11306407725310	none	7124	bc0ab7a4	512	224	0	7124
7198	5	11306425041110	none	7125	bc0ab7a4	512	224	0	7125
7199	6	11306438237520	none	7126	bc0ab7a4	512	224	0	7126
7200	7	11306455503310	none	7127	bc0ab7a4	512	224	0	7127
7201	0	11306472715950	none	7128	bc0ab7a4	512	224	0	7128
7202	1	11306489936170	none	7129	bc0ab7a4	512	224	0	7129
7203	2	11306507223770	none	7130	bc0ab7a4	512	224	0	7130
7204	3	11306524485050	none	7131	bc0ab7a4	512	224	0	7131
7205	4	11306541724210	none	7132	bc0ab7a4	512	224	0	7132
7206	5	11306555053460	none	7133	bc0ab7a4	512	224	0	7133
7207	6	11306572277510	none	7134	bc0ab7a4	512	224	0	7134
7208	7	11306589526560	none	7135	bc0ab7a4	512	224	0	7135
7209	0	11306606766780	none	7136	bc0ab7a4	512	224	0	7136
7210	1	11306624146420	none	7137	bc0ab7a4	512	224	0	7137
7211	2	11306641393190	none	7138	bc0ab7a4	512	224	0	7138
7212	3	11306654591140	none	7139	bc0ab7a4	512	224	0	7139
7213	4	11306671813940	none	7140	bc0ab7a4	512	224	0	7140
7214	5	11306689100670	none	7141	bc0ab7a4	512	224	0	7141
7215	6	11306706351100	none	7142	bc0ab7a4	512	224	0	7142
7216	7	11306723680740	none	7143	bc0ab7a4	512	224	0	7143
7217	0	11306740953380	none	7144	bc0ab7a4	512	224	0	7144
7218	1	11306754154340	none	7145	bc0ab7a4	512	224	0	7145
7219	2	11306771429010	none	7146	bc0ab7a4	512	224	0	7146
7220	3	11306788706050	none	7147	bc0ab7a4	512	224	0	7147
7221	4	11306805942410	none	7148	bc0ab7a4	512	224	0	7148
7222	5	11306823304110	none	7149	bc0ab7a4	512	224	0	7149
7223	6	11306840593090	none	7150	bc0ab7a4	512	224	0	7150
7224	7	11306857827670	none	7151	bc0ab7a4	512	224	0	7151
7225	0	11306871047220	none	7152	bc0ab7a4	512	224	0	7152
7226	1	11306888269700	none	7153	bc0ab7a4	512	224	0	7153
7227	2	11306905539370	none	7154	bc0ab7a4	512	224	0	7154
7228	3	11306922840550	none	7155	bc0ab7a4	512	224	0	7155
7229	4	11306940106050	none	7156	bc0ab7a4	512	224	0	7156
7230	5	11306957342340	none	7157	bc0ab7a4	512	224	0	7157
7231	6	11306970532960	none	7158	bc0ab7a4	512	224	0	7158
7232	7	11306987738690	none	7159	bc0ab7a4	512	224	0	7159
7233	0	11307005007740	none	7160	bc0ab7a4	512	224	0	7160
7234	1	11307022375500	none	7161	bc0ab7a4	512	224	0	7161
7235	2	11307039927140	none	7162	bc0ab7a4	512	224	0	7162
7236	3	11307057181320	none	7163	bc0ab7a4	512	224	0	7163
7237	4	11307070400700	none	7164	bc0ab7a4	512	224	0	7164
7238	5	11307087620180	none	7165	bc0ab7a4	512	224	0	7165
7239	6	11307104869680	none	7166	bc0ab7a4	512	224	0	7166
7240	7	11307122247340	none	7167	bc0ab7a4	512	224	0	7167
7241	0	11307139501110	none	7168	bc0ab7a4	512	224	0	7168
7242	1	11307156711710	none	7169	bc0ab7a4	512	224	0	7169
7243	2	11307174000500	none	7170	bc0ab7a4	512	224	0	7170
7244	3	11307187206490	none	7171	bc0ab7a4	512	224	0	7171
7245	4	11307204479440	none	7172	bc0ab7a4	512	224	0	7172
7246	5	11307221693020	none	7173	bc0ab7a4	512	224	0	7173
7247	6	11307238962510	none	7174	bc0ab7a4	512	224	0	7174
7248	7	11307256226340	none	7175	bc0ab7a4	512	224	0	7175
7249	0	11307273498130	none	7176	bc0ab7a4	512	224	0	7176
7250	1	11307286684090	none	7177	bc0ab7a4	512	224	0	7177
7251	2	11307303937440	none	7178	bc0ab7a4	512	224	0	7178
7252	3	11307321330310	none	7179	bc0ab7a4	512	224	0	7179
7253	4	11307338554570	none	7180	bc0ab7a4	512	224	0	7180
7254	5	11307355772900	none	7181	bc0ab7a4	512	224	0	7181
7255	6	11307373023830	none	7182	bc0ab7a4	512	224	0	7182
7256	7	11307390266240	none	7183	bc0ab7a4	512	224	0	7183
7257	0	11307403482720	none	7184	bc0ab7a4	512	224	0	7184
7258	1	11307420695090	none	7185	bc0ab7a4	512	224	0	7185
7259	2	11307437928900	none	7186	bc0ab7a4	512	224	0	7186
7260	3	11307455195990	none	7187	bc0ab7a4	512	224	0	7187
7261	4	11307472450540	none	7188	bc0ab7a4	512	224	0	7188
7262	5	11307489658620	none	7189	bc0ab7a4	512	224	0	7189
7263	6	11307503026160	none	7190	bc0ab7a4	512	224	0	7190
7264	7	11307520252420	none	7191	bc0ab7a4	512	224	0	7191
7265	0	11307537487890	none	7192	bc0ab7a4	512	224	0	7192
7266	1	11307554702720	none	7193	bc0ab7a4	512	224	0	7193
7267	2	11307572090220	none	7194	bc0ab7a4	512	224	0	7194
7268	3	11307589346230	none	7195	bc0ab7a4	512	224	0	7195
7269	4	11307606574350	none	7196	bc0ab7a4	512	224	0	7196
7270	5	11307619755670	none	7197	bc0ab7a4	512	224	0	7197
7271	6	11307637008150	none	7198	bc0ab7a4	512	224	0	7198
7272	7	11307654261080	none	7199	bc0ab7a4	512	224	0	7199
7273	0	11307671531720	none	7200	bc0ab7a4	512	224	0	7200
7274	1	11307688741690	none	7201	bc0ab7a4	512	224	0	7201
7275	2	11307706082630	none	7202	bc0ab7a4	512	224	0	7202
7276	3	11307719292360	none	7203	bc0ab7a4	512	224	0	7203
7277	4	11307736539280	none	7204	bc0ab7a4	512	224	0	7204
7278	5	11307753878070	none	7205	bc0ab7a4	512	224	0	7205
7279	6	11307771137440	none	7206	bc0ab7a4	512	224	0	7206
7280	7	11307788398510	none	7207	bc0ab7a4	512	224	0	7207
7281	0	11307805626320	none	7208	bc0ab7a4	512	224	0	7208
7282	1	11307822839350	none	7209	bc0ab7a4	512	224	0	7209
7283	2	11307836183770	none	7210	bc0ab7a4	512	224	0	7210
7284	3	11307853501900	none	7211	bc0ab7a4	512	224	0	7211
7285	4	11307870808340	none	7212	bc0ab7a4	512	224	0	7212
7286	5	11307888072490	none	7213	bc0ab7a4	512	224	0	7213
7287	6	11307905373970	none	7214	bc0ab7a4	512	224	0	7214
7288	7	11307922595770	none	7215	bc0ab7a4	512	224	0	7215
7289	0	11307935776900	none	7216	bc0ab7a4	512	224	0	7216
7290	1	11307953032980	none	7217	bc0ab7a4	512	224	0	7217
7291	2	11307970261740	none	7218	bc0ab7a4	512	224	0	7218
7292	3	11307987555440	none	7219	bc0ab7a4	512	224	0	7219
7293	4	11308004763520	none	7220	bc0ab7a4	512	224	0	7220
7294	5	11308022044120	none	7221	bc0ab7a4	512	224	0	7221
7295	6	11308035412550	none	7222	bc0ab7a4	512	224	0	7222
7296	7	11308052632060	none	7223	bc0ab7a4	512	224	0	7223
7297	0	11308069940740	none	7224	bc0ab7a4	512	224	0	7224
7298	1	11308087206830	none	7225	bc0ab7a4	512	224	0	7225
7299	2	11308104509770	none	7226	bc0ab7a4	512	224	0	7226
7300	3	11308121759730	none	7227	bc0ab7a4	512	224	0	7227
7301	4	11308139145450	none	7228	bc0ab7a4	512	224	0	7228
7302	5	11308152355430	none	7229	bc0ab7a4	512	224	0	7229
7303	6	11308169707050	none	7230	bc0ab7a4	512	224	0	7230
7304	7	11308186945640	none	7231	bc0ab7a4	512	224	0	7231
7305	0	11308204224860	none	7232	bc0ab7a4	512	224	0	7232
7306	1	11308221490580	none	7233	bc0ab7a4	512	224	0	7233
7307	2	11308238682760	none	7234	bc0ab7a4	512	224	0	7234
7308	3	11308251873000	none	7235	bc0ab7a4	512	224	0	7235
7309	4	11308269261210	none	7236	bc0ab7a4	512	224	0	7236
7310	5	11308286509380	none	7237	bc0ab7a4	512	224	0	7237
7311	6	11308303725400	none	7238	bc0ab7a4	512	224	0	7238
7312	7	11308320990080	none	7239	bc0ab7a4	512	224	0	7239
7313	0	11308338371090	none	7240	bc0ab7a4	512	224	0	7240
7314	1	11308351562150	none	7241	bc0ab7a4	512	224	0	7241
7315	2	11308368909480	none	7242	bc0ab7a4	512	224	0	7242
7316	3	11308386166350	none	7243	bc0ab7a4	512	224	0	7243
7317	4	11308403401880	none	7244	bc0ab7a4	512	224	0	7244
7318	5	11308420633650	none	7245	bc0ab7a4	512	224	0	7245
7319	6	11308437838420	none	7246	bc0ab7a4	512	224	0	7246
7320	7	11308455085530	none	7247	bc0ab7a4	512	224	0	7247
7321	0	11308468263500	none	7248	bc0ab7a4	512	224	0	7248
7322	1	11308485512730	none	7249	bc0ab7a4	512	224	0	7249
7323	2	11308502721630	none	7250	bc0ab7a4	512	224	0	7250
7324	3	11308519991840	none	7251	bc0ab7a4	512	224	0	7251
7325	4	11308537236510	none	7252	bc0ab7a4	512	224	0	7252
7326	5	11308554492100	none	7253	bc0ab7a4	512	224	0	7253
7327	6	11308571702920	none	7254	bc0ab7a4	512	224	0	7254
7328	7	11308585005560	none	7255	bc0ab7a4	512	224	0	7255
7329	0	11308602238490	none	7256	bc0ab7a4	512	224	0	7256
7330	1	11308619487540	none	7257	bc0ab7a4	512	224	0	7257
7331	2	11308636777590	none	7258	bc0ab7a4	512	224	0	7258
7332	3	11308654105460	none	7259	bc0ab7a4	512	224	0	7259
7333	4	11308671342810	none	7260	bc0ab7a4	512	224	0	7260
7334	5	11308684657620	none	7261	bc0ab7a4	512	224	0	7261
7335	6	11308701886270	none	7262	bc0ab7a4	512	224	0	7262
7336	7	11308719134160	none	7263	bc0ab7a4	512	224	0	7263
7337	0	11308736386780	none	7264	bc0ab7a4	512	224	0	7264
7338	1	11308753610930	none	7265	bc0ab7a4	512	224	0	7265
7339	2	11308770887010	none	7266	bc0ab7a4	512	224	0	7266
7340	3	11308784148560	none	7267	bc0ab7a4	512	224	0	7267
7341	4	11308801435420	none	7268	bc0ab7a4	512	224	0	7268
7342	5	11308818663680	none	7269	bc0ab7a4	512	224	0	7269
7343	6	11308835978400	none	7270	bc0ab7a4	512	224	0	7270
7344	7	11308853213660	none	7271	bc0ab7a4	512	224	0	7271
7345	0	11308870471330	none	7272	bc0ab7a4	512	224	0	7272
7346	1	11308887782830	none	7273	bc0ab7a4	512	224	0	7273
7347	2	11308901046060	none	7274	bc0ab7a4	512	224	0	7274
7348	3	11308918296820	none	7275	bc0ab7a4	512	224	0	7275
7349	4	11308935511820	none	7276	bc0ab7a4	512	224	0	7276
7350	5	11308952733560	none	7277	bc0ab7a4	512	224	0	7277
7351	6	11308969967570	none	7278	bc0ab7a4	512	224	0	7278
7352	7	11308987341140	none	7279	bc0ab7a4	512	224	0	7279
7353	0	11309000583500	none	7280	bc0ab7a4	512	224	0	7280
7354	1	11309017933580	none	7281	bc0ab7a4	512	224	0	7281
7355	2	11309035182000	none	7282	bc0ab7a4	512	224	0	7282
7356	3	11309052453560	none	7283	bc0ab7a4	512	224	0	7283
7357	4	11309069681520	none	7284	bc0ab7a4	512	224	0	7284
7358	5	11309087460160	none	7285	bc0ab7a4	512	224	0	7285
7359	6	11309100943310	none	7286	bc0ab7a4	512	224	0	7286
7360	7	11309118317450	none	7287	bc0ab7a4	512	224	0	7287
7361	0	11309135722260	none	7288	5c2841d1	512	224	0	7288
7362	1	11309153489040	none	7289	5c2841d1	512	224	0	7289
7363	2	11309166823620	none	7290	a73e5d0f	512	224	0	7290
7364	3	11309184300930	none	7291	a73e5d0f	512	224	0	7291
7365	4	11309201733800	none	7292	471cab7a	512	224	0	7292
7366	5	11309218997440	none	7293	471cab7a	512	224	0	7293
7367	6	11309236362980	none	7294	8a6362f2	512	224	0	7294
7368	7	11309253597310	none	7295	8a6362f2	512	224	0	7295
7369	0	11309266800070	none	7296	6a419487	512	224	0	7296
7370	1	11309284192510	none	7297	6a419487	512	224	0	7297
7371	2	11309301525680	none	7298	91578859	512	224	0	7298
7372	3	11309318892190	none	7299	91578859	512	224	0	7299
7373	4	11309336438550	none	7300	71757e2c	512	224	0	7300
7374	5	11309353802530	none	7301	71757e2c	512	224	0	7301
7375	6	11309367169890	none	7302	d0d91d08	512	224	0	7302
7376	7	11309384669320	none	7303	d0d91d08	512	224	0	7303
7377	0	11309402162310	none	7304	30fbeb7d	512	224	0	7304
7378	1	11309419512310	none	7305	30fbeb7d	512	224	0	7305
7379	2	11309436916500	none	7306	cbedf7a3	512	224	0	7306
7380	3	11309450142270	none	7307	cbedf7a3	512	224	0	7307
7381	4	11309467408450	none	7308	2bcf01d6	512	224	0	7308
7382	5	11309484624970	none	7309	2bcf01d6	512	224	0	7309
7383	6	11309501850840	none	7310	e6b0c85e	512	224	0	7310
7384	7	11309519101130	none	7311	e6b0c85e	512	224	0	7311
7385	0	11309536351570	none	7312	06923e2b	512	224	0	7312
7386	1	11309549543440	none	7313	06923e2b	512	224	0	7313
7387	2	11309566767870	none	7314	fd8422f5	512	224	0	7314
7388	3	11309584005990	none	7315	fd8422f5	512	224	0	7315
7389	4	11309601293270	none	7316	61605322	512	224	0	7316
7390	5	11309618537300	none	7317	61605322	512	224	0	7317
7391	6	11309635855770	none	7318	61605322	512	224	0	7318
7392	7	11309653104790	none	7319	61605322	512	224	0	7319
7393	0	11309666308480	none	7320	61605322	512	224	0	7320
7394	1	11309683530150	none	7321	61605322	512	224	0	7321
7395	2	11309700769440	none	7322	7a4ff096	512	224	0	7322
7396	3	11309718042520	none	7323	7a4ff096	512	224	0	7323
7397	4	11309735442870	none	7324	f829a688	512	224	0	7324
7398	5	11309752654740	none	7325	f829a688	512	224	0	7325
7399	6	11309765847540	none	7326	860b9482	512	224	0	7326
7400	7	11309783100190	none	7327	860b9482	512	224	0	7327
7401	0	11309800353350	none	7328	27940cf5	512	224	0	7328
7402	1	11309817546550	none	7329	27940cf5	512	224	0	7329
7403	2	11309834768690	none	7330	59b63eff	512	224	0	7330
7404	3	11309852020770	none	7331	59b63eff	512	224	0	7331
7405	4	11309869294450	none	7332	dbd068e1	512	224	0	7332
7406	5	11309882490480	none	7333	dbd068e1	512	224	0	7333
7407	6	11309899695970	none	7334	a5f25aeb	512	224	0	7334
7408	7	11309916949420	none	7335	a5f25aeb	512	224	0	7335
7409	0	11309934328940	none	7336	439e5e4e	512	224	0	7336
7410	1	11309951553010	none	7337	439e5e4e	512	224	0	7337
7411	2	11309968800450	none	7338	3dbc6c44	512	224	0	7338
7412	3	11309986048450	none	7339	3dbc6c44	512	224	0	7339
7413	4	11309999242310	none	7340	bfda3a5a	512	224	0	7340
7414	5	11310016473180	none	7341	bfda3a5a	512	224	0	7341
7415	6	11310033678520	none	7342	c1f80850	512	224	0	7342
7416	7	11310050939030	none	7343	c1f80850	512	224	0	7343
7417	0	11310068167330	none	7344	60679027	512	224	0	7344
7418	1	11310085417110	none	7345	60679027	512	224	0	7345
7419	2	11310098589580	none	7346	1e45a22d	512	224	0	7346
7420	3	11310115797330	none	7347	1e45a22d	512	224	0	7347
7421	4	11310133035850	none	7348	9c23f433	512	224	0	7348
7422	5	11310150396310	none	7349	9c23f433	512	224	0	7349
7423	6	11310167622450	none	7350	e201c639	512	224	0	7350
7424	7	11310185022830	none	7351	e201c639	512	224	0	7351
7425	0	11310202278340	none	7352	e201c639	512	224	0	7352
7426	1	11310215466270	none	7353	e201c639	512	224	0	7353
7427	2	11310232743740	none	7354	e201c639	512	224	0	7354
7428	3	11310250121650	none	7355	e201c639	512	224	0	7355
7429	4	11310267361940	none	7356	e201c639	512	224	0	7356
7430	5	11310284608400	none	7357	e201c639	512	224	0	7357
7431	6	11310301865880	none	7358	e201c639	512	224	0	7358
7432	7	11310315069280	none	7359	e201c639	512	224	0	7359
7433	0	11310332314350	none	7360	e201c639	512	224	0	7360
7434	1	11310349525160	none	7361	e201c639	512	224	0	7361
7435	2	11310366756940	none	7362	e201c639	512	224	0	7362
7436	3	11310384061720	none	7363	e201c639	512	224	0	7363
7437	4	11310401315300	none	7364	e201c639	512	224	0	7364
7438	5	11310418559140	none	7365	e201c639	512	224	0	7365
7439	6	11310431819560	none	7366	e201c639	512	224	0	7366
7440	7	11310449092820	none	7367	e201c639	512	224	0	7367
7441	0	11310466340330	none	7368	e201c639	512	224	0	7368
7442	1	11310483671720	none	7369	e201c639	512	224	0	7369
7443	2	11310500952480	none	7370	e201c639	512	224	0	7370
7444	3	11310518154380	none	7371	e201c639	512	224	0	7371
7445	4	11310531378820	none	7372	e201c639	512	224	0	7372
7446	5	11310548591250	none	7373	e201c639	512	224	0	7373
7447	6	11310565823460	none	7374	e201c639	512	224	0	7374
7448	7	11310583211230	none	7375	e201c639	512	224	0	7375
7449	0	11310600457120	none	7376	e201c639	512	224	0	7376
7450	1	11310617671400	none	7377	e201c639	512	224	0	7377
7451	2	11310634992150	none	7378	e201c639	512	224	0	7378
7452	3	11310648340330	none	7379	e201c639	512	224	0	7379
7453	4	11310665760640	none	7380	e201c639	512	224	0	7380
7454	5	11310683143200	none	7381	e201c639	512	224	0	7381
7455	6	11310700411320	none	7382	e201c639	512	224	0	7382
7456	7	11310717627470	none	7383	e201c639	512	224	0	7383
7457	0	11310734863020	none	7384	e201c639	512	224	0	7384
7458	1	11310748198740	none	7385	e201c639	512	224	0	7385
7459	2	11310765494560	none	7386	e201c639	512	224	0	7386
7460	3	11310782826140	none	7387	e201c639	512	224	0	7387
7461	4	11310800075100	none	7388	e201c639	512	224	0	7388
7462	5	11310817342500	none	7389	e201c639	512	224	0	7389
7463	6	11310834585990	none	7390	e201c639	512	224	0	7390
7464	7	11310847755430	none	7391	e201c639	512	224	0	7391
7465	0	11310865001350	none	7392	e201c639	512	224	0	7392
7466	1	11310882361820	none	7393	e201c639	512	224	0	7393
7467	2	11310899576490	none	7394	e201c639	512	224	0	7394
7468	3	11310916793380	none	7395	e201c639	512	224	0	7395
7469	4	11310934058600	none	7396	e201c639	512	224	0	7396
7470	5	11310947266360	none	7397	e201c639	512	224	0	7397
7471	6	11310964491530	none	7398	e201c639	512	224	0	7398
7472	7	11310981691020	none	7399	e201c639	512	224	0	7399
7473	0	11310998937150	none	7400	e201c639	512	224	0	7400
7474	1	11311016179450	none	7401	e201c639	512	224	0	7401
7475	2	11311033507870	none	7402	e201c639	512	224	0	7402
7476	3	11311050723850	none	7403	e201c639	512	224	0	7403
7477	4	11311064051150	none	7404	e201c639	512	224	0	7404
7478	5	11311081436330	none	7405	e201c639	512	224	0	7405
7479	6	11311098648640	none	7406	e201c639	512	224	0	7406
7480	7	11311115879500	none	7407	e201c639	512	224	0	7407
7481	0	11311133130630	none	7408	e201c639	512	224	0	7408
7482	1	11311150380670	none	7409	e201c639	512	224	0	7409
7483	2	11311163558480	none	7410	e201c639	512	224	0	7410
7484	3	11311180754760	none	7411	e201c639	512	224	0	7411
7485	4	11311198000450	none	7412	e201c639	512	224	0	7412
7486	5	11311215252660	none	7413	e201c639	512	224	0	7413
7487	6	11311232472720	none	7414	e201c639	512	224	0	7414
7488	7	11311249697470	none	7415	e201c639	512	224	0	7415
7489	0	11311267069170	none	7416	e201c639	512	224	0	7416
7490	1	11311280276680	none	7417	e201c639	512	224	0	7417
7491	2	11311297498430	none	7418	e201c639	512	224	0	7418
7492	3	11311314706670	none	7419	e201c639	512	224	0	7419
7493	4	11311332041930	none	7420	e201c639	512	224	0	7420
7494	5	11311349305910	none	7421	e201c639	512	224	0	7421
7495	6	11311366589630	none	7422	e201c639	512	224	0	7422
7496	7	11311379963000	none	7423	e201c639	512	224	0	7423
7497	0	11311397400840	none	7424	e201c639	512	224	0	7424
7498	1	11311414983130	none	7425	e201c639	512	224	0	7425
7499	2	11311432447700	none	7426	e201c639	512	224	0	7426
7500	3	11311449828110	none	7427	e201c639	512	224	0	7427
7501	4	11311463174990	none	7428	e201c639	512	224	0	7428
7502	5	11311480762170	none	7429	e201c639	512	224	0	7429
7503	6	11311498139170	none	7430	e201c639	512	224	0	7430
7504	7	11311515809960	none	7431	e201c639	512	224	0	7431
7505	0	11311533193660	none	7432	e201c639	512	224	0	7432
7506	1	11311546630730	none	7433	e201c639	512	224	0	7433
7507	2	11311564333590	none	7434	e201c639	512	224	0	7434
7508	3	11311581798610	none	7435	e201c639	512	224	0	7435
7509	4	11311599432560	none	7436	e201c639	512	224	0	7436
7510	5	11311613053340	none	7437	e201c639	512	224	0	7437
7511	6	11311630611100	none	7438	e201c639	512	224	0	7438
7512	7	11311648037540	none	7439	e201c639	512	224	0	7439
7513	0	11311665677790	none	7440	e201c639	512	224	0	7440
7514	1	11311682971790	none	7441	e201c639	512	224	0	7441
7515	2	11311696298500	none	7442	e201c639	512	224	0	7442
7516	3	11311713514660	none	7443	e201c639	512	224	0	7443
7517	4	11311730839490	none	7444	e201c639	512	224	0	7444
7518	5	11311748097510	none	7445	e201c639	512	224	0	7445
7519	6	11311765336720	none	7446	e201c639	512	224	0	7446
7520	7	11311782557540	none	7447	e201c639	512	224	0	7447
7521	0	11311795756730	none	7448	e201c639	512	224	0	7448
7522	1	11311813030120	none	7449	e201c639	512	224	0	7449
7523	2	11311830485500	none	7450	e201c639	512	224	0	7450
7524	3	11311847725240	none	7451	e201c639	512	224	0	7451
7525	4	11311864989030	none	7452	e201c639	512	224	0	7452
7526	5	11311882246250	none	7453	e201c639	512	224	0	7453
7527	6	11311899594080	none	7454	e201c639	512	224	0	7454
7528	7	11311912895940	none	7455	e201c639	512	224	0	7455
7529	0	11311930183920	none	7456	e201c639	512	224	0	7456
7530	1	11311947430720	none	7457	e201c639	512	224	0	7457
7531	2	11311964637490	none	7458	e201c639	512	224	0	7458
7532	3	11311981862120	none	7459	e201c639	512	224	0	7459
7533	4	11311999270060	none	7460	e201c639	512	224	0	7460
7534	5	11312012466350	none	7461	e201c639	512	224	0	7461
7535	6	11312029803520	none	7462	e201c639	512	224	0	7462
7536	7	11312047056930	none	7463	e201c639	512	224	0	7463
7537	0	11312064308270	none	7464	e201c639	512	224	0	7464
7538	1	11312081678830	none	7465	e201c639	512	224	0	7465
7539	2	11312098931590	none	7466	e201c639	512	224	0	7466
7540	3	11312112143720	none	7467	e201c639	512	224	0	7467
7541	4	11312129522520	none	7468	e201c639	512	224	0	7468
7542	5	11312146749750	none	7469	e201c639	512	224	0	7469
7543	6	11312164008020	none	7470	e201c639	512	224	0	7470
7544	7	11312181269020	none	7471	e201c639	512	224	0	7471
7545	0	11312198499450	none	7472	e201c639	512	224	0	7472
7546	1	11312215710190	none	7473	e201c639	512	224	0	7473
7547	2	11312228923110	none	7474	e201c639	512	224	0	7474
7548	3	11312246167510	none	7475	e201c639	512	224	0	7475
7549	4	11312263411580	none	7476	e201c639	512	224	0	7476
7550	5	11312280636870	none	7477	e201c639	512	224	0	7477
7551	6	11312297869440	none	7478	e201c639	512	224	0	7478
7552	7	11312315122540	none	7479	e201c639	512	224	0	7479
7553	0	11312328354310	none	7480	e201c639	512	224	0	7480
7554	1	11312345662370	none	7481	e201c639	512	224	0	7481
7555	2	11312362919710	none	7482	e201c639	512	224	0	7482
7556	3	11312380183300	none	7483	e201c639	512	224	0	7483
7557	4	11312397429040	none	7484	e201c639	512	224	0	7484
7558	5	11312414633990	none	7485	e201c639	512	224	0	7485
7559	6	11312431890450	none	7486	e201c639	512	224	0	7486
7560	7	11312445109970	none	7487	e201c639	512	224	0	7487
7561	0	11312462361830	none	7488	e201c639	512	224	0	7488
7562	1	11312479587130	none	7489	e201c639	512	224	0	7489
7563	2	11312496836600	none	7490	e201c639	512	224	0	7490
7564	3	11312514091500	none	7491	e201c639	512	224	0	7491
7565	4	11312531360930	none	7492	e201c639	512	224	0	7492
7566	5	11312544635560	none	7493	e201c639	512	224	0	7493
7567	6	11312561884080	none	7494	e201c639	512	224	0	7494
7568	7	11312579135820	none	7495	e201c639	512	224	0	7495
7569	0	11312596429730	none	7496	e201c639	512	224	0	7496
7570	1	11312613666850	none	7497	e201c639	512	224	0	7497
7571	2	11312630922150	none	7498	e201c639	512	224	0	7498
7572	3	11312648329000	none	7499	e201c639	512	224	0	7499
7573	4	11312661509900	none	7500	e201c639	512	224	0	7500
7574	5	11312678837510	none	7501	e201c639	512	224	0	7501
7575	6	11312696128230	none	7502	e201c639	512	224	0	7502
7576	7	11312713389110	none	7503	e201c639	512	224	0	7503
7577	0	11312730613650	none	7504	e201c639	512	224	0	7504
7578	1	11312747961230	none	7505	e201c639	512	224	0	7505
7579	2	11312761166050	none	7506	e201c639	512	224	0	7506
7580	3	11312778414740	none	7507	e201c639	512	224	0	7507
7581	4	11312795610220	none	7508	e201c639	512	224	0	7508
7582	5	11312812835930	none	7509	e201c639	512	224	0	7509
7583	6	11312830102000	none	7510	e201c639	512	224	0	7510
7584	7	11312847485210	none	7511	e201c639	512	224	0	7511
7585	0	11312860672340	none	7512	e201c639	512	224	0	7512
7586	1	11312878032480	none	7513	e201c639	512	224	0	7513
7587	2	11312895270580	none	7514	e201c639	512	224	0	7514
7588	3	11312912513380	none	7515	e201c639	512	224	0	7515
7589	4	11312929729980	none	7516	e201c639	512	224	0	7516
7590	5	11312947141250	none	7517	e201c639	512	224	0	7517
7591	6	11312964401710	none	7518	e201c639	512	224	0	7518
7592	7	11312977575980	none	7519	e201c639	512	224	0	7519
7593	0	11312994789310	none	7520	e201c639	512	224	0	7520
7594	1	11313012035370	none	7521	e201c639	512	224	0	7521
7595	2	11313029285210	none	7522	e201c639	512	224	0	7522
7596	3	11313046494030	none	7523	e201c639	512	224	0	7523
7597	4	11313063715320	none	7524	e201c639	512	224	0	7524
7598	5	11313080989940	none	7525	e201c639	512	224	0	7525
7599	6	11313094226230	none	7526	e201c639	512	224	0	7526
7600	7	11313111446460	none	7527	e201c639	512	224	0	7527
7601	0	11313128674030	none	7528	e201c639	512	224	0	7528
7602	1	11313146062930	none	7529	e201c639	512	224	0	7529
7603	2	11313163353340	none	7530	e201c639	512	224	0	7530
7604	3	11313180579770	none	7531	e201c639	512	224	0	7531
7605	4	11313193799770	none	7532	e201c639	512	224	0	7532
7606	5	11313211062930	none	7533	e201c639	512	224	0	7533
7607	6	11313228308840	none	7534	e201c639	512	224	0	7534
7608	7	11313245527160	none	7535	e201c639	512	224	0	7535
7609	0	11313262736430	none	7536	e201c639	512	224	0	7536
7610	1	11313279989070	none	7537	e201c639	512	224	0	7537
7611	2	11313297254190	none	7538	e201c639	512	224	0	7538
7612	3	11313310438290	none	7539	e201c639	512	224	0	7539
7613	4	11313327668340	none	7540	e201c639	512	224	0	7540
7614	5	11313344923270	none	7541	e201c639	512	224	0	7541
7615	6	11313362163710	none	7542	e201c639	512	224	0	7542
7616	7	11313379435710	none	7543	e201c639	512	224	0	7543
7617	0	11313396740150	none	7544	e201c639	512	224	0	7544
7618	1	11313410068430	none	7545	e201c639	512	224	0	7545
7619	2	11313427334950	none	7546	e201c639	512	224	0	7546
7620	3	11313444559960	none	7547	e201c639	512	224	0	7547
7621	4	11313461806780	none	7548	e201c639	512	224	0	7548
7622	5	11313479050120	none	7549	e201c639	512	224	0	7549
7623	6	11313496419420	none	7550	e201c639	512	224	0	7550
7624	7	11313509604750	none	7551	e201c639	512	224	0	7551
7625	0	11313526993730	none	7552	e201c639	512	224	0	7552
7626	1	11313544245970	none	7553	e201c639	512	224	0	7553
7627	2	11313561468120	none	7554	e201c639	512	224	0	7554
7628	3	11313578701380	none	7555	e201c639	512	224	0	7555
7629	4	11313596014640	none	7556	e201c639	512	224	0	7556
7630	5	11313613269510	none	7557	e201c639	512	224	0	7557
7631	6	11313626459650	none	7558	e201c639	512	224	0	7558
7632	7	11313643745200	none	7559	e201c639	512	224	0	7559
7633	0	11313661087460	none	7560	e201c639	512	224	0	7560
7634	1	11313678364270	none	7561	e201c639	512	224	0	7561
7635	2	11313695691930	none	7562	e201c639	512	224	0	7562
7636	3	11313712961530	none	7563	e201c639	512	224	0	7563
7637	4	11313726163390	none	7564	e201c639	512	224	0	7564
7638	5	11313743450860	none	7565	e201c639	512	224	0	7565
7639	6	11313760679190	none	7566	e201c639	512	224	0	7566
7640	7	11313777914200	none	7567	e201c639	512	224	0	7567
7641	0	11313795287450	none	7568	e201c639	512	224	0	7568
7642	1	11313812512230	none	7569	e201c639	512	224	0	7569
7643	2	11313829734920	none	7570	e201c639	512	224	0	7570
7644	3	11313842976930	none	7571	e201c639	512	224	0	7571
7645	4	11313860250760	none	7572	e201c639	512	224	0	7572
7646	5	11313877466650	none	7573	e201c639	512	224	0	7573
7647	6	11313894671100	none	7574	e201c639	512	224	0	7574
7648	7	11313911947570	none	7575	e201c639	512	224	0	7575
7649	0	11313929204620	none	7576	9c23f433	512	224	0	7576
7650	1	11313942417640	none	7577	9c23f433	512	224	0	7577
7651	2	11313959747350	none	7578	1e45a22d	512	224	0	7578
7652	3	11313977018070	none	7579	1e45a22d	512	224	0	7579
7653	4	11313994410560	none	7580	60679027	512	224	0	7580
7654	5	11314011628460	none	7581	60679027	512	224	0	7581
7655	6	11314028884460	none	7582	c1f80850	512	224	0	7582
7656	7	11314042095420	none	7583	c1f80850	512	224	0	7583
7657	0	11314059397210	none	7584	bfda3a5a	512	224	0	7584
7658	1	11314076651500	none	7585	bfda3a5a	512	224	0	7585
7659	2	11314093913090	none	7586	3dbc6c44	512	224	0	7586
7660	3	11314111162100	none	7587	3dbc6c44	512	224	0	7587
7661	4	11314128418200	none	7588	439e5e4e	512	224	0	7588
7662	5	11314145657390	none	7589	439e5e4e	512	224	0	7589
7663	6	11314158895100	none	7590	a5f25aeb	512	224	0	7590
7664	7	11314176225220	none	7591	a5f25aeb	512	224	0	7591
7665	0	11314193491670	none	7592	dbd068e1	512	224	0	7592
7666	1	11314210845490	none	7593	dbd068e1	512	224	0	7593
7667	2	11314228115310	none	7594	59b63eff	512	224	0	7594
7668	3	11314245420330	none	7595	59b63eff	512	224	0	7595
7669	4	11314258686470	none	7596	27940cf5	512	224	0	7596
7670	5	11314276001230	none	7597	27940cf5	512	224	0	7597
7671	6	11314293321450	none	7598	860b9482	512	224	0	7598
7672	7	11314310547490	none	7599	860b9482	512	224	0	7599
7673	0	11314327783950	none	7600	f829a688	512	224	0	7600
7674	1	11314345057200	none	7601	f829a688	512	224	0	7601
7675	2	11314358292160	none	7602	7a4ff096	512	224	0	7602
7676	3	11314375485340	none	7603	7a4ff096	512	224	0	7603
7677	4	11314392809140	none	7604	61605322	512	224	0	7604
7678	5	11314410084330	none	7605	61605322	512	224	0	7605
7679	6	11314427333950	none	7606	61605322	512	224	0	7606
7680	7	11314444565030	none	7607	61605322	512	224	0	7607
7681	0	11314461807200	none	7608	61605322	512	224	0	7608
7682	1	11314475060850	none	7609	61605322	512	224	0	7609
7683	2	11314492327050	none	7610	98948c62	512	224	0	7610
7684	3	11314509683830	none	7611	98948c62	512	224	0	7611
7685	4	11314526967140	none	7612	1d1d4499	512	224	0	7612
7686	5	11314544231040	none	7613	1d1d4499	512	224	0	7613
7687	6	11314561502220	none	7614	dd9a5c38	512	224	0	7614
7688	7	11314574686310	none	7615	dd9a5c38	512	224	0	7615
7689	0	11314591945160	none	7616	88677fed	512	224	0	7616
7690	1	11314609264780	none	7617	88677fed	512	224	0	7617
7691	2	11314626583510	none	7618	a1bd98b6	512	224	0	7618
7692	3	11314643934380	none	7619	a1bd98b6	512	224	0	7619
7693	4	11314661197990	none	7620	d409ad71	512	224	0	7620
7694	5	11314674407520	none	7621	d409ad71	512	224	0	7621
7695	6	11314691638890	none	7622	d836e6c4	512	224	0	7622
7696	7	11314708899330	none	7623	d836e6c4	512	224	0	7623
7697	0	11314726226370	none	7624	1234bfc8	512	224	0	7624
7698	1	11314743657430	none	7625	1234bfc8	512	224	0	7625
7699	2	11314760958560	none	7626	cf184535	512	224	0	7626
7700	3	11314778208570	none	7627	cf184535	512	224	0	7627
7701	4	11314791409250	none	7628	48f0978c	512	224	0	7628
7702	5	11314808648580	none	7629	48f0978c	512	224	0	7629
7703	6	11314825905160	none	7630	ee280674	512	224	0	7630
7704	7	11314843233480	none	7631	ee280674	512	224	0	7631
7705	0	11314860479980	none	7632	d926c96c	512	224	0	7632
7706	1	11314877708460	none	7633	d926c96c	512	224	0	7633
7707	2	11314890927540	none	7634	7ff860cd	512	224	0	7634
7708	3	11314908140970	none	7635	7ff860cd	512	224	0	7635
7709	4	11314925386960	none	7636	280b0d56	512	224	0	7636
7710	5	11314942785390	none	7637	280b0d56	512	224	0	7637
7711	6	11314960116410	none	7638	4e35e8df	512	224	0	7638
7712	7	11314977379640	none	7639	4e35e8df	512	224	0	7639
7713	0	11314990553860	none	7640	4e35e8df	512	224	0	7640
7714	1	11315007891980	none	7641	4e35e8df	512	224	0	7641
7715	2	11315025149870	none	7642	4e35e8df	512	224	0	7642
7716	3	11315042515890	none	7643	4e35e8df	512	224	0	7643
7717	4	11315059947890	none	7644	4e35e8df	512	224	0	7644
7718	5	11315077264740	none	7645	4e35e8df	512	224	0	7645
7719	6	11315090472420	none	7646	4e35e8df	512	224	0	7646
7720	7	11315107680430	none	7647	4e35e8df	512	224	0	7647
7721	0	11315124947490	none	7648	4e35e8df	512	224	0	7648
7722	1	11315142202680	none	7649	4e35e8df	512	224	0	7649
7723	2	11315159571260	none	7650	4e35e8df	512	224	0	7650
7724	3	11315176863610	none	7651	4e35e8df	512	224	0	7651
7725	4	11315194116620	none	7652	4e35e8df	512	224	0	7652
7726	5	11315207437860	none	7653	4e35e8df	512	224	0	7653
7727	6	11315224653590	none	7654	4e35e8df	512	224	0	7654
7728	7	11315241970850	none	7655	4e35e8df	512	224	0	7655
7729	0	11315259218900	none	7656	4e35e8df	512	224	0	7656
7730	1	11315276540030	none	7657	4e35e8df	512	224	0	7657
7731	2	11315293816150	none	7658	4e35e8df	512	224	0	7658
7732	3	11315307178090	none	7659	4e35e8df	512	224	0	7659
7733	4	11315324386640	none	7660	4e35e8df	512	224	0	7660
7734	5	11315341701500	none	7661	4e35e8df	512	224	0	7661
7735	6	11315358977070	none	7662	4e35e8df	512	224	0	7662
7736	7	11315376335910	none	7663	4e35e8df	512	224	0	7663
7737	0	11315393555510	none	7664	4e35e8df	512	224	0	7664
7738	1	11315406748820	none	7665	4e35e8df	512	224	0	7665
7739	2	11315423978560	none	7666	4e35e8df	512	224	0	7666
7740	3	11315441342070	none	7667	4e35e8df	512	224	0	7667
7741	4	11315458566880	none	7668	4e35e8df	512	224	0	7668
7742	5	11315475782920	none	7669	4e35e8df	512	224	0	7669
7743	6	11315493096690	none	7670	4e35e8df	512	224	0	7670
7744	7	11315506500000	none	7671	4e35e8df	512	224	0	7671
7745	0	11315523716860	none	7672	4e35e8df	512	224	0	7672
7746	1	11315541138330	none	7673	4e35e8df	512	224	0	7673
7747	2	11315558375750	none	7674	4e35e8df	512	224	0	7674
7748	3	11315575585110	none	7675	4e35e8df	512	224	0	7675
7749	4	11315592870670	none	7676	4e35e8df	512	224	0	7676
7750	5	11315606313630	none	7677	4e35e8df	512	224	0	7677
7751	6	11315623545620	none	7678	4e35e8df	512	224	0	7678
7752	7	11315640881040	none	7679	4e35e8df	512	224	0	7679
7753	0	11315658118400	none	7680	4e35e8df	512	224	0	7680
7754	1	11315675433710	none	7681	4e35e8df	512	224	0	7681
7755	2	11315693218240	none	7682	4e35e8df	512	224	0	7682
7756	3	11315706623280	none	7683	4e35e8df	512	224	0	7683
7757	4	11315723882530	none	7684	4e35e8df	512	224	0	7684
7758	5	11315741121170	none	7685	4e35e8df	512	224	0	7685
7759	6	11315758364590	none	7686	4e35e8df	512	224	0	7686
7760	7	11315775570150	none	7687	4e35e8df	512	224	0	7687
7761	0	11315792877180	none	7688	4e35e8df	512	224	0	7688
7762	1	11315806300680	none	7689	4e35e8df	512	224	0	7689
7763	2	11315823545180	none	7690	4e35e8df	512	224	0	7690
7764	3	11315840902340	none	7691	4e35e8df	512	224	0	7691
7765	4	11315858165580	none	7692	4e35e8df	512	224	0	7692
7766	5	11315875391260	none	7693	4e35e8df	512	224	0	7693
7767	6	11315892613900	none	7694	4e35e8df	512	224	0	7694
7768	7	11315905967070	none	7695	4e35e8df	512	224	0	7695
7769	0	11315923213150	none	7696	4e35e8df	512	224	0	7696
7770	1	11315940436380	none	7697	4e35e8df	512	224	0	7697
7771	2	11315957657940	none	7698	4e35e8df	512	224	0	7698
7772	3	11315975029930	none	7699	4e35e8df	512	224	0	7699
7773	4	11315992285440	none	7700	4e35e8df	512	224	0	7700
7774	5	11316005678320	none	7701	4e35e8df	512	224	0	7701
7775	6	11316022916330	none	7702	4e35e8df	512	224	0	7702
7776	7	11316040166240	none	7703	4e35e8df	512	224	0	7703
7777	0	11316057379850	none	7704	4e35e8df	512	224	0	7704
7778	1	11316074634790	none	7705	4e35e8df	512	224	0	7705
7779	2	11316091877890	none	7706	4e35e8df	512	224	0	7706
7780	3	11316109277860	none	7707	4e35e8df	512	224	0	7707
7781	4	11316122521240	none	7708	4e35e8df	512	224	0	7708
7782	5	11316139879160	none	7709	4e35e8df	512	224	0	7709
7783	6	11316157124890	none	7710	4e35e8df	512	224	0	7710
7784	7	11316174394410	none	7711	4e35e8df	512	224	0	7711
7785	0	11316191618160	none	7712	4e35e8df	512	224	0	7712
7786	1	11316208881710	none	7713	4e35e8df	512	224	0	7713
7787	2	11316222160770	none	7714	4e35e8df	512	224	0	7714
7788	3	11316239492980	none	7715	4e35e8df	512	224	0	7715
7789	4	11316256733230	none	7716	4e35e8df	512	224	0	7716
7790	5	11316273985430	none	7717	4e35e8df	512	224	0	7717
7791	6	11316291220130	none	7718	4e35e8df	512	224	0	7718
7792	7	11316308442590	none	7719	4e35e8df	512	224	0	7719
7793	0	11316325664230	none	7720	4e35e8df	512	224	0	7720
7794	1	11316338932200	none	7721	4e35e8df	512	224	0	7721
7795	2	11316356204480	none	7722	4e35e8df	512	224	0	7722
7796	3	11316373407490	none	7723	4e35e8df	512	224	0	7723
7797	4	11316390633650	none	7724	4e35e8df	512	224	0	7724
7798	5	11316407883250	none	7725	4e35e8df	512	224	0	7725
7799	6	11316425123510	none	7726	4e35e8df	512	224	0	7726
7800	7	11316438331330	none	7727	4e35e8df	512	224	0	7727
7801	0	11316455541250	none	7728	4e35e8df	512	224	0	7728
7802	1	11316472755130	none	7729	4e35e8df	512	224	0	7729
7803	2	11316490007870	none	7730	4e35e8df	512	224	0	7730
7804	3	11316507240090	none	7731	4e35e8df	512	224	0	7731
7805	4	11316524461640	none	7732	4e35e8df	512	224	0	7732
7806	5	11316541656740	none	7733	4e35e8df	512	224	0	7733
7807	6	11316554950100	none	7734	4e35e8df	512	224	0	7734
7808	7	11316572187410	none	7735	4e35e8df	512	224	0	7735
7809	0	11316589410110	none	7736	4e35e8df	512	224	0	7736
7810	1	11316606745900	none	7737	4e35e8df	512	224	0	7737
7811	2	11316624087830	none	7738	4e35e8df	512	224	0	7738
7812	3	11316641351590	none	7739	4e35e8df	512	224	0	7739
7813	4	11316654650440	none	7740	4e35e8df	512	224	0	7740
7814	5	11316671895460	none	7741	4e35e8df	512	224	0	7741
7815	6	11316689125930	none	7742	4e35e8df	512	224	0	7742
7816	7	11316706397970	none	7743	4e35e8df	512	224	0	7743
7817	0	11316723618910	none	7744	4e35e8df	512	224	0	7744
7818	1	11316740887030	none	7745	4e35e8df	512	224	0	7745
7819	2	11316758145870	none	7746	4e35e8df	512	224	0	7746
7820	3	11316771331500	none	7747	4e35e8df	512	224	0	7747
7821	4	11316788550530	none	7748	4e35e8df	512	224	0	7748
7822	5	11316805780300	none	7749	4e35e8df	512	224	0	7749
7823	6	11316823076200	none	7750	4e35e8df	512	224	0	7750
7824	7	11316840324550	none	7751	4e35e8df	512	224	0	7751
7825	0	11316857645340	none	7752	4e35e8df	512	224	0	7752
7826	1	11316870907050	none	7753	4e35e8df	512	224	0	7753
7827	2	11316888157960	none	7754	4e35e8df	512	224	0	7754
7828	3	11316905402270	none	7755	4e35e8df	512	224	0	7755
7829	4	11316922607340	none	7756	4e35e8df	512	224	0	7756
7830	5	11316939842150	none	7757	4e35e8df	512	224	0	7757
7831	6	11316957216350	none	7758	4e35e8df	512	224	0	7758
7832	7	11316974514260	none	7759	4e35e8df	512	224	0	7759
7833	0	11316987707320	none	7760	4e35e8df	512	224	0	7760
7834	1	11317004962620	none	7761	4e35e8df	512	224	0	7761
7835	2	11317022199990	none	7762	4e35e8df	512	224	0	7762
7836	3	11317039407410	none	7763	4e35e8df	512	224	0	7763
7837	4	11317056611800	none	7764	4e35e8df	512	224	0	7764
7838	5	11317073852310	none	7765	4e35e8df	512	224	0	7765
7839	6	11317087059700	none	7766	4e35e8df	512	224	0	7766
7840	7	11317104309760	none	7767	4e35e8df	512	224	0	7767
7841	0	11317121515330	none	7768	4e35e8df	512	224	0	7768
7842	1	11317138779150	none	7769	4e35e8df	512	224	0	7769
7843	2	11317156183350	none	7770	4e35e8df	512	224	0	7770
7844	3	11317173389330	none	7771	4e35e8df	512	224	0	7771
7845	4	11317190615240	none	7772	4e35e8df	512	224	0	7772
7846	5	11317203958860	none	7773	4e35e8df	512	224	0	7773
7847	6	11317221194220	none	7774	4e35e8df	512	224	0	7774
7848	7	11317238405710	none	7775	4e35e8df	512	224	0	7775
7849	0	11317255626030	none	7776	4e35e8df	512	224	0	7776
7850	1	11317272870810	none	7777	4e35e8df	512	224	0	7777
7851	2	11317290146470	none	7778	4e35e8df	512	224	0	7778
7852	3	11317307378630	none	7779	4e35e8df	512	224	0	7779
7853	4	11317320576760	none	7780	4e35e8df	512	224	0	7780
7854	5	11317337825120	none	7781	4e35e8df	512	224	0	7781
7855	6	11317355072930	none	7782	4e35e8df	512	224	0	7782
7856	7	11317372313850	none	7783	4e35e8df	512	224	0	7783
7857	0	11317389543400	none	7784	4e35e8df	512	224	0	7784
7858	1	11317406928750	none	7785	4e35e8df	512	224	0	7785
7859	2	11317420199790	none	7786	4e35e8df	512	224	0	7786
7860	3	11317437446370	none	7787	4e35e8df	512	224	0	7787
7861	4	11317454644880	none	7788	4e35e8df	512	224	0	7788
7862	5	11317472053660	none	7789	4e35e8df	512	224	0	7789
7863	6	11317489306450	none	7790	4e35e8df	512	224	0	7790
7864	7	11317506627430	none	7791	4e35e8df	512	224	0	7791
7865	0	11317519850000	none	7792	4e35e8df	512	224	0	7792
7866	1	11317537210580	none	7793	4e35e8df	512	224	0	7793
7867	2	11317554424080	none	7794	4e35e8df	512	224	0	7794
7868	3	11317571630860	none	7795	4e35e8df	512	224	0	7795
7869	4	11317588897520	none	7796	4e35e8df	512	224	0	7796
7870	5	11317606221740	none	7797	4e35e8df	512	224	0	7797
7871	6	11317623459690	none	7798	4e35e8df	512	224	0	7798
7872	7	11317636648920	none	7799	4e35e8df	512	224	0	7799
7873	0	11317653898440	none	7800	4e35e8df	512	224	0	7800
7874	1	11317671162420	none	7801	4e35e8df	512	224	0	7801
7875	2	11317688390450	none	7802	4e35e8df	512	224	0	7802
7876	3	11317705709600	none	7803	4e35e8df	512	224	0	7803
7877	4	11317722971320	none	7804	4e35e8df	512	224	0	7804
7878	5	11317736182760	none	7805	4e35e8df	512	224	0	7805
7879	6	11317753382980	none	7806	4e35e8df	512	224	0	7806
7880	7	11317770596150	none	7807	4e35e8df	512	224	0	7807
7881	0	11317787853290	none	7808	4e35e8df	512	224	0	7808
7882	1	11317805322020	none	7809	4e35e8df	512	224	0	7809
7883	2	11317822530320	none	7810	4e35e8df	512	224	0	7810
7884	3	11317839780770	none	7811	4e35e8df	512	224	0	7811
7885	4	11317853001840	none	7812	4e35e8df	512	224	0	7812
7886	5	11317870215720	none	7813	4e35e8df	512	224	0	7813
7887	6	11317887429000	none	7814	4e35e8df	512	224	0	7814
7888	7	11317904779450	none	7815	4e35e8df	512	224	0	7815
7889	0	11317922025280	none	7816	4e35e8df	512	224	0	7816
7890	1	11317939284800	none	7817	4e35e8df	512	224	0	7817
7891	2	11317952432850	none	7818	4e35e8df	512	224	0	7818
7892	3	11317969638950	none	7819	4e35e8df	512	224	0	7819
7893	4	11317986869600	none	7820	4e35e8df	512	224	0	7820
7894	5	11318004286780	none	7821	4e35e8df	512	224	0	7821
7895	6	11318021499800	none	7822	4e35e8df	512	224	0	7822
7896	7	11318038711930	none	7823	4e35e8df	512	224	0	7823
7897	0	11318056056910	none	7824	4e35e8df	512	224	0	7824
7898	1	11318069265550	none	7825	4e35e8df	512	224	0	7825
7899	2	11318086475450	none	7826	4e35e8df	512	224	0	7826
7900	3	11318103697160	none	7827	4e35e8df	512	224	0	7827
7901	4	11318120942080	none	7828	4e35e8df	512	224	0	7828
7902	5	11318138201060	none	7829	4e35e8df	512	224	0	7829
7903	6	11318155434800	none	7830	4e35e8df	512	224	0	7830
7904	7	11318168598310	none	7831	4e35e8df	512	224	0	7831
7905	0	11318185962740	none	7832	4e35e8df	512	224	0	7832
7906	1	11318203247900	none	7833	4e35e8df	512	224	0	7833
7907	2	11318220470140	none	7834	4e35e8df	512	224	0	7834
7908	3	11318237704880	none	7835	4e35e8df	512	224	0	7835
7909	4	11318255020220	none	7836	280b0d56	512	224	0	7836
7910	5	11318272278260	none	7837	280b0d56	512	224	0	7837
7911	6	11318285441830	none	7838	7ff860cd	512	224	0	7838
7912	7	11318302651320	none	7839	7ff860cd	512	224	0	7839
7913	0	11318319891120	none	7840	d926c96c	512	224	0	7840
7914	1	11318337179980	none	7841	d926c96c	512	224	0	7841
7915	2	11318354398850	none	7842	ee280674	512	224	0	7842
7916	3	11318371618880	none	7843	ee280674	512	224	0	7843
7917	4	11318384993660	none	7844	48f0978c	512	224	0	7844
7918	5	11318402256880	none	7845	48f0978c	512	224	0	7845
7919	6	11318419462900	none	7846	cf184535	512	224	0	7846
7920	7	11318436707620	none	7847	cf184535	512	224	0	7847
7921	0	11318454035420	none	7848	1234bfc8	512	224	0	7848
7922	1	11318471289020	none	7849	1234bfc8	512	224	0	7849
7923	2	11318488531650	none	7850	d836e6c4	512	224	0	7850
7924	3	11318501750490	none	7851	d836e6c4	512	224	0	7851
7925	4	11318519082050	none	7852	d409ad71	512	224	0	7852
7926	5	11318536309450	none	7853	d409ad71	512	224	0	7853
7927	6	11318553632150	none	7854	a1bd98b6	512	224	0	7854
7928	7	11318570948780	none	7855	a1bd98b6	512	224	0	7855
7929	0	11318588187980	none	7856	88677fed	512	224	0	7856
7930	1	11318601412260	none	7857	88677fed	512	224	0	7857
7931	2	11318618649940	none	7858	dd9a5c38	512	224	0	7858
7932	3	11318635889980	none	7859	dd9a5c38	512	224	0	7859
7933	4	11318653289530	none	7860	1d1d4499	512	224	0	7860
7934	5	11318670512760	none	7861	1d1d4499	512	224	0	7861
7935	6	11318687756120	none	7862	98948c62	512	224	0	7862
7936	7	11318705004730	none	7863	98948c62	512	224	0	7863
7937	0	11318718328160	none	7864	61605322	512	224	0	7864
7938	1	11318735624290	none	7865	61605322	512	224	0	7865
7939	2	11318752977860	none	7866	61605322	512	224	0	7866
7940	3	11318770269620	none	7867	61605322	512	224	0	7867
7941	4	11318787468800	none	7868	61605322	512	224	0	7868
7942	5	11318804689400	none	7869	61605322	512	224	0	7869
7943	6	11318817944180	none	7870	1dc4fbfe	512	224	0	7870
7944	7	11318835187390	none	7871	1dc4fbfe	512	224	0	7871
7945	0	11318852510060	none	7872	856c04ec	512	224	0	7872
7946	1	11318869735620	none	7873	856c04ec	512	224	0	7873
7947	2	11318886996140	none	7874	fcbecb94	512	224	0	7874
7948	3	11318904254960	none	7875	fcbecb94	512	224	0	7875
7949	4	11318917445440	none	7876	81b5e66f	512	224	0	7876
7950	5	11318934666840	none	7877	81b5e66f	512	224	0	7877
7951	6	11318951910190	none	7878	b20af5cb	512	224	0	7878
7952	7	11318969146440	none	7879	b20af5cb	512	224	0	7879
7953	0	11318986369220	none	7880	3b6064c1	512	224	0	7880
7954	1	11319003608640	none	7881	3b6064c1	512	224	0	7881
7955	2	11319020915590	none	7882	c9c34381	512	224	0	7882
7956	3	11319034112930	none	7883	c9c34381	512	224	0	7883
7957	4	11319051332210	none	7884	fd22b5dd	512	224	0	7884
7958	5	11319068544540	none	7885	fd22b5dd	512	224	0	7885
7959	6	11319085783290	none	7886	21c528ad	512	224	0	7886
7960	7	11319103037150	none	7887	21c528ad	512	224	0	7887
7961	0	11319120290670	none	7888	604e80c3	512	224	0	7888
7962	1	11319137503570	none	7889	604e80c3	512	224	0	7889
7963	2	11319150725270	none	7890	afb5df4f	512	224	0	7890
7964	3	11319167970660	none	7891	afb5df4f	512	224	0	7891
7965	4	11319185216760	none	7892	6b082683	512	224	0	7892
7966	5	11319202443530	none	7893	6b082683	512	224	0	7893
7967	6	11319219671470	none	7894	ab48c52a	512	224	0	7894
7968	7	11319237060460	none	7895	ab48c52a	512	224	0	7895
7969	0	11319250253690	none	7896	e410dba3	512	224	0	7896
7970	1	11319267492100	none	7897	e410dba3	512	224	0	7897
7971	2	11319284704550	none	7898	5374f01f	512	224	0	7898
7972	3	11319302044860	none	7899	5374f01f	512	224	0	7899
7973	4	11319319300200	none	7900	5374f01f	512	224	0	7900
7974	5	11319336515560	none	7901	5374f01f	512	224	0	7901
7975	6	11319353746360	none	7902	5374f01f	512	224	0	7902
7976	7	11319367108770	none	7903	5374f01f	512	224	0	7903
7977	0	11319384334250	none	7904	5374f01f	512	224	0	7904
7978	1	11319401651620	none	7905	5374f01f	512	224	0	7905
7979	2	11319418948000	none	7906	5374f01f	512	224	0	7906
7980	3	11319436207640	none	7907	5374f01f	512	224	0	7907
7981	4	11319453440150	none	7908	5374f01f	512	224	0	7908
7982	5	11319466640210	none	7909	5374f01f	512	224	0	7909
7983	6	11319483899500	none	7910	5374f01f	512	224	0	7910
7984	7	11319501142770	none	7911	5374f01f	512	224	0	7911
7985	0	11319518382500	none	7912	5374f01f	512	224	0	7912
7986	1	11319535625070	none	7913	5374f01f	512	224	0	7913
7987	2	11319552876470	none	7914	5374f01f	512	224	0	7914
7988	3	11319570272050	none	7915	5374f01f	512	224	0	7915
7989	4	11319583444720	none	7916	5374f01f	512	224	0	7916
7990	5	11319600814320	none	7917	5374f01f	512	224	0	7917
7991	6	11319618097050	none	7918	5374f01f	512	224	0	7918
7992	7	11319635323650	none	7919	5374f01f	512	224	0	7919
7993	0	11319652551140	none	7920	5374f01f	512	224	0	7920
7994	1	11319669806900	none	7921	5374f01f	512	224	0	7921
7995	2	11319683013530	none	7922	5374f01f	512	224	0	7922
7996	3	11319700402160	none	7923	5374f01f	512	224	0	7923
7997	4	11319717655060	none	7924	5374f01f	512	224	0	7924
7998	5	11319734909790	none	7925	5374f01f	512	224	0	7925
7999	6	11319752194050	none	7926	5374f01f	512	224	0	7926
8000	7	11319769426930	none	7927	5374f01f	512	224	0	7927
8001	0	11319782638330	none	7928	5374f01f	512	224	0	7928
8002	1	11319799910260	none	7929	5374f01f	512	224	0	7929
8003	2	11319817179310	none	7930	5374f01f	512	224	0	7930
8004	3	11319834418990	none	7931	5374f01f	512	224	0	7931
8005	4	11319851653890	none	7932	5374f01f	512	224	0	7932
8006	5	11319868911140	none	7933	5374f01f	512	224	0	7933
8007	6	11319886157700	none	7934	5374f01f	512	224	0	7934
8008	7	11319899335920	none	7935	5374f01f	512	224	0	7935
8009	0	11319916558730	none	7936	5374f01f	512	224	0	7936
8010	1	11319933801060	none	7937	5374f01f	512	224	0	7937
8011	2	11319951056300	none	7938	5374f01f	512	224	0	7938
8012	3	11319968298190	none	7939	5374f01f	512	224	0	7939
8013	4	11319985554210	none	7940	5374f01f	512	224	0	7940
8014	5	11320002897210	none	7941	5374f01f	512	224	0	7941
8015	6	11320016129510	none	7942	5374f01f	512	224	0	7942
8016	7	11320033336170	none	7943	5374f01f	512	224	0	7943
8017	0	11320050562990	none	7944	5374f01f	512	224	0	7944
8018	1	11320067853910	none	7945	5374f01f	512	224	0	7945
8019	2	11320085114480	none	7946	5374f01f	512	224	0	7946
8020	3	11320102333800	none	7947	5374f01f	512	224	0	7947
8021	4	11320115656430	none	7948	5374f01f	512	224	0	7948
8022	5	11320132916060	none	7949	5374f01f	512	224	0	7949
8023	6	11320150160980	none	7950	5374f01f	512	224	0	7950
8024	7	11320167395620	none	7951	5374f01f	512	224	0	7951
8025	0	11320184639530	none	7952	5374f01f	512	224	0	7952
8026	1	11320201885920	none	7953	5374f01f	512	224	0	7953
8027	2	11320215246410	none	7954	5374f01f	512	224	0	7954
8028	3	11320232456110	none	7955	5374f01f	512	224	0	7955
8029	4	11320249797470	none	7956	5374f01f	512	224	0	7956
8030	5	11320267057850	none	7957	5374f01f	512	224	0	7957
8031	6	11320284325940	none	7958	5374f01f	512	224	0	7958
8032	7	11320301565160	none	7959	5374f01f	512	224	0	7959
8033	0	11320318896010	none	7960	5374f01f	512	224	0	7960
8034	1	11320332150110	none	7961	5374f01f	512	224	0	7961
8035	2	11320349376750	none	7962	5374f01f	512	224	0	7962
8036	3	11320366591080	none	7963	5374f01f	512	224	0	7963
8037	4	11320383837440	none	7964	5374f01f	512	224	0	7964
8038	5	11320401090650	none	7965	5374f01f	512	224	0	7965
8039	6	11320418438050	none	7966	5374f01f	512	224	0	7966
8040	7	11320431660520	none	7967	5374f01f	512	224	0	7967
8041	0	11320449017430	none	7968	5374f01f	512	224	0	7968
8042	1	11320466265280	none	7969	5374f01f	512	224	0	7969
8043	2	11320483481710	none	7970	5374f01f	512	224	0	7970
8044	3	11320500743730	none	7971	5374f01f	512	224	0	7971
8045	4	11320518160190	none	7972	5374f01f	512	224	0	7972
8046	5	11320535380440	none	7973	5374f01f	512	224	0	7973
8047	6	11320548577210	none	7974	5374f01f	512	224	0	7974
8048	7	11320565937780	none	7975	5374f01f	512	224	0	7975
8049	0	11320583195920	none	7976	5374f01f	512	224	0	7976
8050	1	11320600430810	none	7977	5374f01f	512	224	0	7977
8051	2	11320617644740	none	7978	5374f01f	512	224	0	7978
8052	3	11320634905590	none	7979	5374f01f	512	224	0	7979
8053	4	11320648124740	none	7980	5374f01f	512	224	0	7980
8054	5	11320665345470	none	7981	5374f01f	512	224	0	7981
8055	6	11320682566850	none	7982	5374f01f	512	224	0	7982
8056	7	11320699910970	none	7983	5374f01f	512	224	0	7983
8057	0	11320717596060	none	7984	5374f01f	512	224	0	7984
8058	1	11320734939830	none	7985	5374f01f	512	224	0	7985
8059	2	11320748175600	none	7986	5374f01f	512	224	0	7986
8060	3	11320765395010	none	7987	5374f01f	512	224	0	7987
8061	4	11320782613230	none	7988	5374f01f	512	224	0	7988
8062	5	11320799865350	none	7989	5374f01f	512	224	0	7989
8063	6	11320817268570	none	7990	5374f01f	512	224	0	7990
8064	7	11320834480550	none	7991	5374f01f	512	224	0	7991
8065	0	11320847691360	none	7992	5374f01f	512	224	0	7992
8066	1	11320865011870	none	7993	5374f01f	512	224	0	7993
8067	2	11320882248000	none	7994	5374f01f	512	224	0	7994
8068	3	11320899453210	none	7995	5374f01f	512	224	0	7995
8069	4	11320916708050	none	7996	5374f01f	512	224	0	7996
8070	5	11320933947500	none	7997	5374f01f	512	224	0	7997
8071	6	11320951267440	none	7998	5374f01f	512	224	0	7998
8072	7	11320964469840	none	7999	5374f01f	512	224	0	7999
8073	0	11320981698360	none	8000	5374f01f	512	224	0	8000
8074	1	11320999001830	none	8001	5374f01f	512	224	0	8001
8075	2	11321016266980	none	8002	5374f01f	512	224	0	8002
8076	3	11321033473170	none	8003	5374f01f	512	224	0	8003
8077	4	11321050731220	none	8004	5374f01f	512	224	0	8004
8078	5	11321064006880	none	8005	5374f01f	512	224	0	8005
8079	6	11321081241820	none	8006	5374f01f	512	224	0	8006
8080	7	11321098474650	none	8007	5374f01f	512	224	0	8007
8081	0	11321115710990	none	8008	5374f01f	512	224	0	8008
8082	1	11321132991710	none	8009	5374f01f	512	224	0	8009
8083	2	11321150244630	none	8010	5374f01f	512	224	0	8010
8084	3	11321167529620	none	8011	5374f01f	512	224	0	8011
8085	4	11321180741110	none	8012	5374f01f	512	224	0	8012
8086	5	11321197995050	none	8013	5374f01f	512	224	0	8013
8087	6	11321215256650	none	8014	5374f01f	512	224	0	8014
8088	7	11321232463430	none	8015	5374f01f	512	224	0	8015
8089	0	11321249694080	none	8016	5374f01f	512	224	0	8016
8090	1	11321267016860	none	8017	5374f01f	512	224	0	8017
8091	2	11321280220390	none	8018	5374f01f	512	224	0	8018
8092	3	11321297448090	none	8019	5374f01f	512	224	0	8019
8093	4	11321314743080	none	8020	5374f01f	512	224	0	8020
8094	5	11321332108980	none	8021	5374f01f	512	224	0	8021
8095	6	11321349330800	none	8022	5374f01f	512	224	0	8022
8096	7	11321366751000	none	8023	5374f01f	512	224	0	8023
8097	0	11321379973700	none	8024	5374f01f	512	224	0	8024
8098	1	11321397330930	none	8025	5374f01f	512	224	0	8025
8099	2	11321414572840	none	8026	5374f01f	512	224	0	8026
8100	3	11321431821620	none	8027	5374f01f	512	224	0	8027
8101	4	11321449061170	none	8028	5374f01f	512	224	0	8028
8102	5	11321466556380	none	8029	5374f01f	512	224	0	8029
8103	6	11321483803310	none	8030	5374f01f	512	224	0	8030
8104	7	11321497062600	none	8031	5374f01f	512	224	0	8031
8105	0	11321514266810	none	8032	5374f01f	512	224	0	8032
8106	1	11321531479470	none	8033	5374f01f	512	224	0	8033
8107	2	11321548740390	none	8034	5374f01f	512	224	0	8034
8108	3	11321566066220	none	8035	5374f01f	512	224	0	8035
8109	4	11321583277890	none	8036	5374f01f	512	224	0	8036
8110	5	11321596455020	none	8037	5374f01f	512	224	0	8037
8111	6	11321613670990	none	8038	5374f01f	512	224	0	8038
8112	7	11321631061230	none	8039	5374f01f	512	224	0	8039
8113	0	11321648297480	none	8040	5374f01f	512	224	0	8040
8114	1	11321665713030	none	8041	5374f01f	512	224	0	8041
8115	2	11321682970880	none	8042	5374f01f	512	224	0	8042
8116	3	11321696193740	none	8043	5374f01f	512	224	0	8043
8117	4	11321713400190	none	8044	5374f01f	512	224	0	8044
8118	5	11321730618620	none	8045	5374f01f	512	224	0	8045
8119	6	11321747871010	none	8046	5374f01f	512	224	0	8046
8120	7	11321765303020	none	8047	5374f01f	512	224	0	8047
8121	0	11321782512210	none	8048	5374f01f	512	224	0	8048
8122	1	11321799767510	none	8049	5374f01f	512	224	0	8049
8123	2	11321813028200	none	8050	5374f01f	512	224	0	8050
8124	3	11321830259310	none	8051	5374f01f	512	224	0	8051
8125	4	11321847474720	none	8052	5374f01f	512	224	0	8052
8126	5	11321864716020	none	8053	5374f01f	512	224	0	8053
8127	6	11321881999090	none	8054	5374f01f	512	224	0	8054
8128	7	11321899245550	none	8055	5374f01f	512	224	0	8055
8129	0	11321916452980	none	8056	5374f01f	512	224	0	8056
8130	1	11321929750320	none	8057	5374f01f	512	224	0	8057
8131	2	11321947108690	none	8058	5374f01f	512	224	0	8058
8132	3	11321964429720	none	8059	5374f01f	512	224	0	8059
8133	4	11321981659020	none	8060	5374f01f	512	224	0	8060
8134	5	11321998907210	none	8061	5374f01f	512	224	0	8061
8135	6	11322016184240	none	8062	5374f01f	512	224	0	8062
8136	7	11322029347330	none	8063	5374f01f	512	224	0	8063
8137	0	11322046551110	none	8064	5374f01f	512	224	0	8064
8138	1	11322063788690	none	8065	5374f01f	512	224	0	8065
8139	2	11322081010650	none	8066	5374f01f	512	224	0	8066
8140	3	11322098252320	none	8067	5374f01f	512	224	0	8067
8141	4	11322115563880	none	8068	5374f01f	512	224	0	8068
8142	5	11322128787460	none	8069	5374f01f	512	224	0	8069
8143	6	11322146019430	none	8070	5374f01f	512	224	0	8070
8144	7	11322163247950	none	8071	5374f01f	512	224	0	8071
8145	0	11322180457370	none	8072	5374f01f	512	224	0	8072
8146	1	11322197909690	none	8073	5374f01f	512	224	0	8073
8147	2	11322215189250	none	8074	5374f01f	512	224	0	8074
8148	3	11322232410070	none	8075	5374f01f	512	224	0	8075
8149	4	11322245598470	none	8076	5374f01f	512	224	0	8076
8150	5	11322262834080	none	8077	5374f01f	512	224	0	8077
8151	6	11322280075150	none	8078	5374f01f	512	224	0	8078
8152	7	11322297307010	none	8079	5374f01f	512	224	0	8079
8153	0	11322314520090	none	8080	5374f01f	512	224	0	8080
8154	1	11322331761710	none	8081	5374f01f	512	224	0	8081
8155	2	11322345070320	none	8082	5374f01f	512	224	0	8082
8156	3	11322362289290	none	8083	5374f01f	512	224	0	8083
8157	4	11322379508850	none	8084	5374f01f	512	224	0	8084
8158	5	11322396757890	none	8085	5374f01f	512	224	0	8085
8159	6	11322414116440	none	8086	5374f01f	512	224	0	8086
8160	7	11322431341340	none	8087	5374f01f	512	224	0	8087
8161	0	11322448582010	none	8088	5374f01f	512	224	0	8088
8162	1	11322461868660	none	8089	5374f01f	512	224	0	8089
8163	2	11322479165370	none	8090	5374f01f	512	224	0	8090
8164	3	11322496403880	none	8091	5374f01f	512	224	0	8091
8165	4	11322513750550	none	8092	5374f01f	512	224	0	8092
8166	5	11322530992910	none	8093	5374f01f	512	224	0	8093
8167	6	11322548233810	none	8094	e410dba3	512	224	0	8094
8168	7	11322561395620	none	8095	e410dba3	512	224	0	8095
8169	0	11322578612600	none	8096	ab48c52a	512	224	0	8096
8170	1	11322595858640	none	8097	ab48c52a	512	224	0	8097
8171	2	11322613236860	none	8098	6b082683	512	224	0	8098
8172	3	11322630434760	none	8099	6b082683	512	224	0	8099
8173	4	11322647663490	none	8100	afb5df4f	512	224	0	8100
8174	5	11322664998870	none	8101	afb5df4f	512	224	0	8101
8175	6	11322678331190	none	8102	604e80c3	512	224	0	8102
8176	7	11322695537080	none	8103	604e80c3	512	224	0	8103
8177	0	11322712873350	none	8104	21c528ad	512	224	0	8104
8178	1	11322730167380	none	8105	21c528ad	512	224	0	8105
8179	2	11322747553850	none	8106	fd22b5dd	512	224	0	8106
8180	3	11322764813740	none	8107	fd22b5dd	512	224	0	8107
8181	4	11322778192560	none	8108	c9c34381	512	224	0	8108
8182	5	11322795406260	none	8109	c9c34381	512	224	0	8109
8183	6	11322812773960	none	8110	3b6064c1	512	224	0	8110
8184	7	11322830039960	none	8111	3b6064c1	512	224	0	8111
8185	0	11322847270030	none	8112	b20af5cb	512	224	0	8112
8186	1	11322864495510	none	8113	b20af5cb	512	224	0	8113
8187	2	11322877701390	none	8114	81b5e66f	512	224	0	8114
8188	3	11322894946970	none	8115	81b5e66f	512	224	0	8115
8189	4	11322912298610	none	8116	fcbecb94	512	224	0	8116
8190	5	11322929515320	none	8117	fcbecb94	512	224	0	8117
8191	6	11322946780800	none	8118	856c04ec	512	224	0	8118
8192	7	11322964042100	none	8119	856c04ec	512	224	0	8119
8193	0	11322981265460	none	8120	1dc4fbfe	512	224	0	8120
8194	1	11322994470020	none	8121	1dc4fbfe	512	224	0	8121
8195	2	11323011758910	none	8122	61605322	512	224	0	8122
8196	3	11323029071020	none	8123	61605322	512	224	0	8123
8197	4	11323046295300	none	8124	61605322	512	224	0	8124
8198	5	11323063527100	none	8125	61605322	512	224	0	8125
8199	6	11323080788860	none	8126	61605322	512	224	0	8126
8200	7	11323093991370	none	8127	61605322	512	224	0	8127
8201	0	11323111396230	none	8128	a25f1ab9	512	224	0	8128
8202	1	11323128645120	none	8129	f9f1ab87	512	224	0	8129
8203	2	11323145882470	none	8130	1dcc972a	512	224	0	8130
8204	3	11323163134280	none	8131	900d1192	512	224	0	8131
8205	4	11323180375430	none	8132	945d81c9	512	224	0	8132
8206	5	11323197599090	none	8133	8d7a7887	512	224	0	8133
8207	6	11323210818740	none	8134	ad93ec6f	512	224	0	8134
8208	7	11323228057130	none	8135	a8fafb6b	512	224	0	8135
8209	0	11323245294640	none	8136	02807123	512	224	0	8136
8210	1	11323262587890	none	8137	747b083e	512	224	0	8137
8211	2	11323279849530	none	8138	2682118b	512	224	0	8138
8212	3	11323297126070	none	8139	ebc7a9ee	512	224	0	8139
8213	4	11323310317200	none	8140	6f3ea73b	512	224	0	8140
8214	5	11323327541770	none	8141	8f27029b	512	224	0	8141
8215	6	11323344888820	none	8142	253ac43e	512	224	0	8142
8216	7	11323362169210	none	8143	5fb94c2e	512	224	0	8143
8217	0	11323379385710	none	8144	749999c5	512	224	0	8144
8218	1	11323396612350	none	8145	2653b98b	512	224	0	8145
8219	2	11323413878560	none	8146	0ebccaa1	512	224	0	8146
8220	3	11323427217490	none	8147	4f953a97	512	224	0	8147
8221	4	11323444441650	none	8148	20075b69	512	224	0	8148
8222	5	11323461787680	none	8149	a5c3db70	512	224	0	8149
8223	6	11323479060570	none	8150	5fde5f6e	512	224	0	8150
8224	7	11323496275130	none	8151	3a1355f6	512	224	0	8151
8225	0	11323513501230	none	8152	b69c6cdf	512	224	0	8152
8226	1	11323526835050	none	8153	8c6ebfd8	512	224	0	8153
8227	2	11323544193570	none	8154	d196cfae	512	224	0	8154
8228	3	11323561483980	none	8155	deec227f	512	224	0	8155
8229	4	11323578757370	none	8156	8c003cef	512	224	0	8156
8230	5	11323596143520	none	8157	f8aee5f4	512	224	0	8157
8231	6	11323613369980	none	8158	62e1928b	512	224	0	8158
8232	7	11323626700920	none	8159	cad9b4fc	512	224	0	8159
8233	0	11323643972040	none	8160	7f5ad6b8	512	224	0	8160
8234	1	11323661231580	none	8161	a252fe26	512	224	0	8161
8235	2	11323678449860	none	8162	95149c60	512	224	0	8162
8236	3	11323695704670	none	8163	12d16b7f	512	224	0	8163
8237	4	11323713042770	none	8164	976b1b37	512	224	0	8164
8238	5	11323726385640	none	8165	7c858c4c	512	224	0	8165
8239	6	11323743633250	none	8166	be70804f	512	224	0	8166
8240	7	11323760963510	none	8167	9656da65	512	224	0	8167
8241	0	11323778214300	none	8168	efa7c177	512	224	0	8168
8242	1	11323795457390	none	8169	6f86e37b	512	224	0	8169
8243	2	11323812757350	none	8170	584b1705	512	224	0	8170
8244	3	11323826149000	none	8171	c84d4aea	512	224	0	8171
8245	4	11323843424520	none	8172	e2ef3c9b	512	224	0	8172
8246	5	11323860828260	none	8173	8f1167bd	512	224	0	8173
8247	6	11323878166400	none	8174	65ef4e00	512	224	0	8174
8248	7	11323895425740	none	8175	964a831e	512	224	0	8175
8249	0	11323912693060	none	8176	fb3c450a	512	224	0	8176
8250	1	11323925983590	none	8177	12563ab6	512	224	0	8177
8251	2	11323943283240	none	8178	55e345b7	512	224	0	8178
8252	3	11323960521310	none	8179	b261a7dd	512	224	0	8179
8253	4	11323977847420	none	8180	36e2ad51	512	224	0	8180
8254	5	11323995124030	none	8181	d0b99194	512	224	0	8181
8255	6	11324012459290	none	8182	6d5dc0da	512	224	0	8182
8256	7	11324025798400	none	8183	eca2c5be	512	224	0	8183
8257	0	11324043170900	none	8184	d8aefd75	512	224	0	8184
8258	1	11324060467400	none	8185	462f5b65	512	224	0	8185
8259	2	11324077727730	none	8186	8428ca40	512	224	0	8186
8260	3	11324095200130	none	8187	2677e4a3	512	224	0	8187
8261	4	11324112412180	none	8188	72629900	512	224	0	8188
8262	5	11324125752850	none	8189	72629900	512	224	0	8189
8263	6	11324143086430	none	8190	72629900	512	224	0	8190
8264	7	11324160330950	none	8191	72629900	512	224	0	8191
8265	0	11324177563400	none	8192	72629900	512	224	0	8192
8266	1	11324194822830	none	8193	72629900	512	224	0	8193
8267	2	11324212057680	none	8194	592c1014	512	224	0	8194
8268	3	11324225385590	none	8195	592c1014	512	224	0	8195
8269	4	11324242626330	none	8196	592c1014	512	224	0	8196
8270	5	11324260007450	none	8197	592c1014	512	224	0	8197
8271	6	11324277408490	none	8198	592c1014	512	224	0	8198
8272	7	11324294694630	none	8199	592c1014	512	224	0	8199
8273	0	11324311944380	none	8200	592c1014	512	224	0	8200
8274	1	11324325185680	none	8201	592c1014	512	224	0	8201
8275	2	11324342396530	none	8202	d6a98320	512	224	0	8202
8276	3	11324359706170	none	8203	d6a98320	512	224	0	8203
8277	4	11324376957200	none	8204	e1989714	512	224	0	8204
8278	5	11324394196850	none	8205	e1989714	512	224	0	8205
8279	6	11324411415910	none	8206	e1989714	512	224	0	8206
8280	7	11324428790130	none	8207	e1989714	512	224	0	8207
8281	0	11324442001090	none	8208	e1989714	512	224	0	8208
8282	1	11324459219060	none	8209	e1989714	512	224	0	8209
8283	2	11324476520370	none	8210	e1989714	512	224	0	8210
8284	3	11324493788760	none	8211	e1989714	512	224	0	8211
8285	4	11324511040210	none	8212	e1989714	512	224	0	8212
8286	5	11324528395880	none	8213	e1989714	512	224	0	8213
8287	6	11324541605300	none	8214	e1989714	512	224	0	8214
8288	7	11324559013350	none	8215	e1989714	512	224	0	8215
8289	0	11324576300320	none	8216	e1989714	512	224	0	8216
8290	1	11324593555470	none	8217	e1989714	512	224	0	8217
8291	2	11324610798580	none	8218	e1989714	512	224	0	8218
8292	3	11324628192280	none	8219	e1989714	512	224	0	8219
8293	4	11324641366820	none	8220	e1989714	512	224	0	8220
8294	5	11324658735060	none	8221	e1989714	512	224	0	8221
8295	6	11324675961230	none	8222	e1989714	512	224	0	8222
8296	7	11324693235490	none	8223	e1989714	512	224	0	8223
8297	0	11324710490740	none	8224	e1989714	512	224	0	8224
8298	1	11324727821130	none	8225	e1989714	512	224	0	8225
8299	2	11324745082280	none	8226	e1989714	512	224	0	8226
8300	3	11324758297650	none	8227	e1989714	512	224	0	8227
8301	4	11324775502990	none	8228	e1989714	512	224	0	8228
8302	5	11324792803080	none	8229	e1989714	512	224	0	8229
8303	6	11324810162340	none	8230	e1989714	512	224	0	8230
8304	7	11324827507110	none	8231	e1989714	512	224	0	8231
8305	0	11324844755770	none	8232	e1989714	512	224	0	8232
8306	1	11324857965000	none	8233	e1989714	512	224	0	8233
8307	2	11324875189280	none	8234	e1989714	512	224	0	8234
8308	3	11324892395430	none	8235	e1989714	512	224	0	8235
8309	4	11324909701830	none	8236	e1989714	512	224	0	8236
8310	5	11324926933660	none	8237	e1989714	512	224	0	8237
8311	6	11324944186210	none	8238	e1989714	512	224	0	8238
8312	7	11324961410130	none	8239	e1989714	512	224	0	8239
8313	0	11324974613280	none	8240	e1989714	512	224	0	8240
8314	1	11324991859270	none	8241	e1989714	512	224	0	8241
8315	2	11325009100020	none	8242	e1989714	512	224	0	8242
8316	3	11325026402890	none	8243	e1989714	512	224	0	8243
8317	4	11325043663940	none	8244	e1989714	512	224	0	8244
8318	5	11325060897780	none	8245	e1989714	512	224	0	8245
8319	6	11325074130850	none	8246	e1989714	512	224	0	8246
8320	7	11325091335740	none	8247	e1989714	512	224	0	8247
8321	0	11325108583150	none	8248	e1989714	512	224	0	8248
8322	1	11325125828650	none	8249	e1989714	512	224	0	8249
8323	2	11325143178370	none	8250	e1989714	512	224	0	8250
8324	3	11325160426950	none	8251	e1989714	512	224	0	8251
8325	4	11325177682590	none	8252	e1989714	512	224	0	8252
8326	5	11325190873350	none	8253	e1989714	512	224	0	8253
8327	6	11325208122790	none	8254	e1989714	512	224	0	8254
8328	7	11325225352200	none	8255	e1989714	512	224	0	8255
8329	0	11325242600110	none	8256	e1989714	512	224	0	8256
8330	1	11325259914560	none	8257	e1989714	512	224	0	8257
8331	2	11325277190350	none	8258	e1989714	512	224	0	8258
8332	3	11325290393250	none	8259	e1989714	512	224	0	8259
8333	4	11325307646030	none	8260	e1989714	512	224	0	8260
8334	5	11325324878650	none	8261	e1989714	512	224	0	8261
8335	6	11325342157010	none	8262	e1989714	512	224	0	8262
8336	7	11325359481950	none	8263	e1989714	512	224	0	8263
8337	0	11325376870070	none	8264	e1989714	512	224	0	8264
8338	1	11325390092010	none	8265	e1989714	512	224	0	8265
8339	2	11325407312560	none	8266	e1989714	512	224	0	8266
8340	3	11325424521240	none	8267	e1989714	512	224	0	8267
8341	4	11325441759020	none	8268	e1989714	512	224	0	8268
8342	5	11325459010670	none	8269	e1989714	512	224	0	8269
8343	6	11325476316760	none	8270	e1989714	512	224	0	8270
8344	7	11325493590340	none	8271	e1989714	512	224	0	8271
8345	0	11325506877720	none	8272	e1989714	512	224	0	8272
8346	1	11325524156300	none	8273	e1989714	512	224	0	8273
8347	2	11325541367830	none	8274	e1989714	512	224	0	8274
8348	3	11325558615980	none	8275	e1989714	512	224	0	8275
8349	4	11325575931050	none	8276	e1989714	512	224	0	8276
8350	5	11325593226670	none	8277	e1989714	512	224	0	8277
8351	6	11325606507610	none	8278	e1989714	512	224	0	8278
8352	7	11325623766470	none	8279	e1989714	512	224	0	8279
8353	0	11325641118420	none	8280	e1989714	512	224	0	8280
8354	1	11325658321210	none	8281	e1989714	512	224	0	8281
8355	2	11325675690480	none	8282	e1989714	512	224	0	8282
8356	3	11325693012940	none	8283	e1989714	512	224	0	8283
8357	4	11325706205210	none	8284	e1989714	512	224	0	8284
8358	5	11325723482090	none	8285	e1989714	512	224	0	8285
8359	6	11325740837810	none	8286	e1989714	512	224	0	8286
8360	7	11325758238410	none	8287	e1989714	512	224	0	8287
8361	0	11325775579270	none	8288	e1989714	512	224	0	8288
8362	1	11325792942150	none	8289	e1989714	512	224	0	8289
8363	2	11325806186470	none	8290	e1989714	512	224	0	8290
8364	3	11325823405970	none	8291	e1989714	512	224	0	8291
8365	4	11325840638940	none	8292	e1989714	512	224	0	8292
8366	5	11325857888630	none	8293	e1989714	512	224	0	8293
8367	6	11325875150740	none	8294	e1989714	512	224	0	8294
8368	7	11325892359860	none	8295	e1989714	512	224	0	8295
8369	0	11325909680410	none	8296	e1989714	512	224	0	8296
8370	1	11325922935600	none	8297	e1989714	512	224	0	8297
8371	2	11325940167940	none	8298	e1989714	512	224	0	8298
8372	3	11325957395150	none	8299	e1989714	512	224	0	8299
8373	4	11325974739720	none	8300	e1989714	512	224	0	8300
8374	5	11325991979570	none	8301	e1989714	512	224	0	8301
8375	6	11326009214840	none	8302	e1989714	512	224	0	8302
8376	7	11326022451140	none	8303	e1989714	512	224	0	8303
8377	0	11326039685340	none	8304	e1989714	512	224	0	8304
8378	1	11326056910610	none	8305	e1989714	512	224	0	8305
8379	2	11326074306790	none	8306	e1989714	512	224	0	8306
8380	3	11326091565760	none	8307	e1989714	512	224	0	8307
8381	4	11326108800850	none	8308	e1989714	512	224	0	8308
8382	5	11326126146360	none	8309	e1989714	512	224	0	8309
8383	6	11326139437540	none	8310	e1989714	512	224	0	8310
8384	7	11326156665010	none	8311	e1989714	512	224	0	8311
8385	0	11326173912780	none	8312	e1989714	512	224	0	8312
8386	1	11326191161650	none	8313	e1989714	512	224	0	8313
8387	2	11326208368810	none	8314	e1989714	512	224	0	8314
8388	3	11326225607820	none	8315	e1989714	512	224	0	8315
8389	4	11326238882770	none	8316	e1989714	512	224	0	8316
8390	5	11326256134230	none	8317	e1989714	512	224	0	8317
8391	6	11326273493880	none	8318	e1989714	512	224	0	8318
8392	7	11326290749060	none	8319	e1989714	512	224	0	8319
8393	0	11326308007710	none	8320	e1989714	512	224	0	8320
8394	1	11326325232310	none	8321	e1989714	512	224	0	8321
8395	2	11326342468770	none	8322	e1989714	512	224	0	8322
8396	3	11326355747860	none	8323	e1989714	512	224	0	8323
8397	4	11326373138260	none	8324	e1989714	512	224	0	8324
8398	5	11326390336980	none	8325	e1989714	512	224	0	8325
8399	6	11326407594100	none	8326	e1989714	512	224	0	8326
8400	7	11326424968740	none	8327	e1989714	512	224	0	8327
8401	0	11326442186170	none	8328	e1989714	512	224	0	8328
8402	1	11326455436900	none	8329	e1989714	512	224	0	8329
8403	2	11326472675970	none	8330	e1989714	512	224	0	8330
8404	3	11326489906490	none	8331	e1989714	512	224	0	8331
8405	4	11326507144530	none	8332	e1989714	512	224	0	8332
8406	5	11326524390780	none	8333	e1989714	512	224	0	8333
8407	6	11326541625510	none	8334	e1989714	512	224	0	8334
8408	7	11326554817820	none	8335	e1989714	512	224	0	8335
8409	0	11326572052100	none	8336	e1989714	512	224	0	8336
8410	1	11326589275390	none	8337	e1989714	512	224	0	8337
8411	2	11326606501030	none	8338	e1989714	512	224	0	8338
8412	3	11326623864030	none	8339	e1989714	512	224	0	8339
8413	4	11326641114010	none	8340	e1989714	512	224	0	8340
8414	5	11326658324740	none	8341	e1989714	512	224	0	8341
8415	6	11326671566920	none	8342	e1989714	512	224	0	8342
8416	7	11326688808720	none	8343	e1989714	512	224	0	8343
8417	0	11326706031180	none	8344	e1989714	512	224	0	8344
8418	1	11326723254990	none	8345	e1989714	512	224	0	8345
8419	2	11326740464380	none	8346	e1989714	512	224	0	8346
8420	3	11326757736170	none	8347	e1989714	512	224	0	8347
8421	4	11326774990120	none	8348	e1989714	512	224	0	8348
8422	5	11326788296990	none	8349	e1989714	512	224	0	8349
8423	6	11326805494070	none	8350	e1989714	512	224	0	8350
8424	7	11326822815510	none	8351	e1989714	512	224	0	8351
8425	0	11326840064590	none	8352	e1989714	512	224	0	8352
8426	1	11326857315650	none	8353	e1989714	512	224	0	8353
8427	2	11326874541100	none	8354	e1989714	512	224	0	8354
8428	3	11326887744790	none	8355	e1989714	512	224	0	8355
8429	4	11326905102550	none	8356	e1989714	512	224	0	8356
8430	5	11326922421850	none	8357	e1989714	512	224	0	8357
8431	6	11326939694010	none	8358	e1989714	512	224	0	8358
8432	7	11326957076580	none	8359	e1989714	512	224	0	8359
8433	0	11326974290620	none	8360	e1989714	512	224	0	8360
8434	1	11326987458930	none	8361	e1989714	512	224	0	8361
8435	2	11327004702250	none	8362	e1989714	512	224	0	8362
8436	3	11327021999580	none	8363	e1989714	512	224	0	8363
8437	4	11327039212230	none	8364	e1989714	512	224	0	8364
8438	5	11327056423750	none	8365	e1989714	512	224	0	8365
8439	6	11327073664790	none	8366	e1989714	512	224	0	8366
8440	7	11327090891170	none	8367	e1989714	512	224	0	8367
8441	0	11327104091320	none	8368	e1989714	512	224	0	8368
8442	1	11327121517690	none	8369	e1989714	512	224	0	8369
8443	2	11327138745460	none	8370	e1989714	512	224	0	8370
8444	3	11327156004670	none	8371	e1989714	512	224	0	8371
8445	4	11327173206620	none	8372	e1989714	512	224	0	8372
8446	5	11327190421460	none	8373	e1989714	512	224	0	8373
8447	6	11327203724260	none	8374	e1989714	512	224	0	8374
8448	7	11327221137630	none	8375	e1989714	512	224	0	8375
8449	0	11327238342230	none	8376	e1989714	512	224	0	8376
8450	1	11327255561050	none	8377	e1989714	512	224	0	8377
8451	2	11327272815300	none	8378	e1989714	512	224	0	8378
8452	3	11327290040910	none	8379	e1989714	512	224	0	8379
8453	4	11327307261360	none	8380	e1989714	512	224	0	8380
8454	5	11327320437900	none	8381	e1989714	512	224	0	8381
8455	6	11327337677060	none	8382	e1989714	512	224	0	8382
8456	7	11327354900470	none	8383	e1989714	512	224	0	8383
8457	0	11327372138300	none	8384	e1989714	512	224	0	8384
8458	1	11327389352970	none	8385	e1989714	512	224	0	8385
8459	2	11327406575920	none	8386	e1989714	512	224	0	8386
8460	3	11327423825860	none	8387	e1989714	512	224	0	8387
8461	4	11327437181870	none	8388	e1989714	512	224	0	8388
8462	5	11327454395020	none	8389	e1989714	512	224	0	8389
8463	6	11327471656730	none	8390	e1989714	512	224	0	8390
8464	7	11327488880570	none	8391	e1989714	512	224	0	8391
8465	0	11327506109080	none	8392	e1989714	512	224	0	8392
8466	1	11327523345450	none	8393	e1989714	512	224	0	8393
8467	2	11327536675490	none	8394	e1989714	512	224	0	8394
8468	3	11327553893510	none	8395	e1989714	512	224	0	8395
8469	4	11327571134140	none	8396	e1989714	512	224	0	8396
8470	5	11327588346140	none	8397	e1989714	512	224	0	8397
8471	6	11327605564840	none	8398	e1989714	512	224	0	8398
8472	7	11327622814280	none	8399	e1989714	512	224	0	8399
8473	0	11327640196420	none	8400	e1989714	512	224	0	8400
8474	1	11327653368880	none	8401	e1989714	512	224	0	8401
8475	2	11327670760990	none	8402	e1989714	512	224	0	8402
8476	3	11327687987610	none	8403	e1989714	512	224	0	8403
8477	4	11327705220000	none	8404	e1989714	512	224	0	8404
8478	5	11327722423630	none	8405	e1989714	512	224	0	8405
8479	6	11327739712660	none	8406	e1989714	512	224	0	8406
8480	7	11327752917460	none	8407	e1989714	512	224	0	8407
8481	0	11327770357130	none	8408	e1989714	512	224	0	8408
8482	1	11327787610390	none	8409	e1989714	512	224	0	8409
8483	2	11327804835900	none	8410	e1989714	512	224	0	8410
8484	3	11327822089880	none	8411	e1989714	512	224	0	8411
8485	4	11327839299080	none	8412	e1989714	512	224	0	8412
8486	5	11327856526500	none	8413	e1989714	512	224	0	8413
8487	6	11327869729500	none	8414	e1989714	512	224	0	8414
8488	7	11327886976100	none	8415	e1989714	512	224	0	8415
8489	0	11327904196440	none	8416	e1989714	512	224	0	8416
8490	1	11327921403470	none	8417	e1989714	512	224	0	8417
8491	2	11327938693540	none	8418	e1989714	512	224	0	8418
8492	3	11327955938210	none	8419	e1989714	512	224	0	8419
8493	4	11327969128750	none	8420	e1989714	512	224	0	8420
8494	5	11327986342730	none	8421	e1989714	512	224	0	8421
8495	6	11328003639180	none	8422	e1989714	512	224	0	8422
8496	7	11328021014260	none	8423	e1989714	512	224	0	8423
8497	0	11328038212930	none	8424	e1989714	512	224	0	8424
8498	1	11328055428940	none	8425	e1989714	512	224	0	8425
8499	2	11328072673400	none	8426	e1989714	512	224	0	8426
8500	3	11328085943960	none	8427	e1989714	512	224	0	8427
8501	4	11328103153320	none	8428	e1989714	512	224	0	8428
8502	5	11328120379840	none	8429	e1989714	512	224	0	8429
8503	6	11328137624030	none	8430	e1989714	512	224	0	8430
8504	7	11328154848630	none	8431	e1989714	512	224	0	8431
8505	0	11328172079310	none	8432	e1989714	512	224	0	8432
8506	1	11328189421610	none	8433	e1989714	512	224	0	8433
8507	2	11328202624430	none	8434	e1989714	512	224	0	8434
8508	3	11328219984490	none	8435	e1989714	512	224	0	8435
8509	4	11328237204540	none	8436	e1989714	512	224	0	8436
8510	5	11328254403240	none	8437	e1989714	512	224	0	8437
8511	6	11328271712340	none	8438	e1989714	512	224	0	8438
8512	7	11328289129030	none	8439	e1989714	512	224	0	8439
8513	0	11328302291930	none	8440	e1989714	512	224	0	8440
8514	1	11328319516820	none	8441	e1989714	512	224	0	8441
8515	2	11328336758550	none	8442	e1989714	512	224	0	8442
8516	3	11328354124240	none	8443	e1989714	512	224	0	8443
8517	4	11328371361670	none	8444	e1989714	512	224	0	8444
8518	5	11328388696580	none	8445	e1989714	512	224	0	8445
8519	6	11328401935990	none	8446	e1989714	512	224	0	8446
8520	7	11328419159230	none	8447	e1989714	512	224	0	8447
8521	0	11328436359690	none	8448	e1989714	512	224	0	8448
8522	1	11328453616550	none	8449	e1989714	512	224	0	8449
8523	2	11328470921690	none	8450	e1989714	512	224	0	8450
8524	3	11328488519720	none	8451	e1989714	512	224	0	8451
8525	4	11328502002940	none	8452	e1989714	512	224	0	8452
8526	5	11328519438470	none	8453	e1989714	512	224	0	8453
8527	6	11328537084390	none	8454	e1989714	512	224	0	8454
8528	7	11328554428320	none	8455	e1989714	512	224	0	8455
8529	0	11328572053110	none	8456	e1989714	512	224	0	8456
8530	1	11328585363110	none	8457	e1989714	512	224	0	8457
8531	2	11328602937840	none	8458	e1989714	512	224	0	8458
8532	3	11328620157310	none	8459	e1989714	512	224	0	8459
8533	4	11328637409400	none	8460	e1989714	512	224	0	8460
8534	5	11328654693060	none	8461	e1989714	512	224	0	8461
8535	6	11328668026650	none	8462	e1989714	512	224	0	8462
8536	7	11328685294440	none	8463	e1989714	512	224	0	8463
8537	0	11328702615250	none	8464	e1989714	512	224	0	8464
8538	1	11328720342530	none	8465	e1989714	512	224	0	8465
8539	2	11328737885090	none	8466	e1989714	512	224	0	8466
8540	3	11328751181680	none	8467	e1989714	512	224	0	8467
8541	4	11328768747840	none	8468	e1989714	512	224	0	8468
8542	5	11328786429710	none	8469	e1989714	512	224	0	8469
8543	6	11328803863120	none	8470	e1989714	512	224	0	8470
8544	7	11328821335120	none	8471	e1989714	512	224	0	8471
8545	0	11328834613910	none	8472	e1989714	512	224	0	8472
8546	1	11328851840390	none	8473	e1989714	512	224	0	8473
8547	2	11328869092840	none	8474	e1989714	512	224	0	8474
8548	3	11328886298240	none	8475	e1989714	512	224	0	8475
8549	4	11328903513100	none	8476	e1989714	512	224	0	8476
8550	5	11328920757040	none	8477	e1989714	512	224	0	8477
8551	6	11328938078890	none	8478	e1989714	512	224	0	8478
8552	7	11328951298840	none	8479	e1989714	512	224	0	8479
8553	0	11328968540740	none	8480	e1989714	512	224	0	8480
8554	1	11328985786590	none	8481	e1989714	512	224	0	8481
8555	2	11329003122030	none	8482	e1989714	512	224	0	8482
8556	3	11329020349000	none	8483	e1989714	512	224	0	8483
8557	4	11329037716120	none	8484	e1989714	512	224	0	8484
8558	5	11329050938960	none	8485	e1989714	512	224	0	8485
8559	6	11329068170360	none	8486	e1989714	512	224	0	8486
8560	7	11329085388820	none	8487	e1989714	512	224	0	8487
8561	0	11329102630870	none	8488	e1989714	512	224	0	8488
8562	1	11329119890570	none	8489	e1989714	512	224	0	8489
8563	2	11329137152940	none	8490	e1989714	512	224	0	8490
8564	3	11329154359460	none	8491	e1989714	512	224	0	8491
8565	4	11329167682990	none	8492	e1989714	512	224	0	8492
8566	5	11329184922030	none	8493	e1989714	512	224	0	8493
8567	6	11329202139390	none	8494	e1989714	512	224	0	8494
8568	7	11329219373110	none	8495	e1989714	512	224	0	8495
8569	0	11329236719390	none	8496	e1989714	512	224	0	8496
8570	1	11329253965070	none	8497	e1989714	512	224	0	8497
8571	2	11329267143560	none	8498	e1989714	512	224	0	8498
8572	3	11329284370970	none	8499	e1989714	512	224	0	8499
8573	4	11329301618550	none	8500	e1989714	512	224	0	8500
8574	5	11329318856920	none	8501	e1989714	512	224	0	8501
8575	6	11329336290740	none	8502	e1989714	512	224	0	8502
8576	7	11329353561670	none	8503	e1989714	512	224	0	8503
8577	0	11329366831100	none	8504	e1989714	512	224	0	8504
8578	1	11329384071570	none	8505	e1989714	512	224	0	8505
8579	2	11329401299250	none	8506	e1989714	512	224	0	8506
8580	3	11329418508260	none	8507	e1989714	512	224	0	8507
8581	4	11329435763170	none	8508	e1989714	512	224	0	8508
8582	5	11329453005610	none	8509	e1989714	512	224	0	8509
8583	6	11329470223050	none	8510	e1989714	512	224	0	8510
8584	7	11329483406440	none	8511	e1989714	512	224	0	8511
8585	0	11329500647840	none	8512	e1989714	512	224	0	8512
8586	1	11329517937700	none	8513	e1989714	512	224	0	8513
8587	2	11329535314150	none	8514	e1989714	512	224	0	8514
8588	3	11329552559620	none	8515	e1989714	512	224	0	8515
8589	4	11329569815420	none	8516	e1989714	512	224	0	8516
8590	5	11329587061470	none	8517	e1989714	512	224	0	8517
8591	6	11329600266050	none	8518	e1989714	512	224	0	8518
8592	7	11329617480930	none	8519	e1989714	512	224	0	8519
8593	0	11329634760750	none	8520	e1989714	512	224	0	8520
8594	1	11329652028620	none	8521	e1989714	512	224	0	8521
8595	2	11329669249210	none	8522	e1989714	512	224	0	8522
8596	3	11329686494830	none	8523	e1989714	512	224	0	8523
8597	4	11329699707400	none	8524	e1989714	512	224	0	8524
8598	5	11329717022130	none	8525	e1989714	512	224	0	8525
8599	6	11329734251830	none	8526	e1989714	512	224	0	8526
8600	7	11329751493210	none	8527	e1989714	512	224	0	8527
8601	0	11329768729160	none	8528	e1989714	512	224	0	8528
8602	1	11329786054690	none	8529	e1989714	512	224	0	8529
8603	2	11329803289900	none	8530	e1989714	512	224	0	8530
8604	3	11329816519210	none	8531	e1989714	512	224	0	8531
8605	4	11329833759130	none	8532	e1989714	512	224	0	8532
8606	5	11329851150060	none	8533	e1989714	512	224	0	8533
8607	6	11329868467850	none	8534	e1989714	512	224	0	8534
8608	7	11329885711180	none	8535	e1989714	512	224	0	8535
8609	0	11329902961550	none	8536	e1989714	512	224	0	8536
8610	1	11329916163560	none	8537	e1989714	512	224	0	8537
8611	2	11329933355610	none	8538	e1989714	512	224	0	8538
8612	3	11329950583270	none	8539	e1989714	512	224	0	8539
8613	4	11329967903500	none	8540	e1989714	512	224	0	8540
8614	5	11329985135800	none	8541	e1989714	512	224	0	8541
8615	6	11330002348440	none	8542	e1989714	512	224	0	8542
8616	7	11330019599390	none	8543	e1989714	512	224	0	8543
8617	0	11330032792490	none	8544	e1989714	512	224	0	8544
8618	1	11330050121770	none	8545	e1989714	512	224	0	8545
8619	2	11330067339570	none	8546	e1989714	512	224	0	8546
8620	3	11330084682580	none	8547	e1989714	512	224	0	8547
8621	4	11330101964820	none	8548	e1989714	512	224	0	8548
8622	5	11330119184240	none	8549	e1989714	512	224	0	8549
8623	6	11330132379530	none	8550	e1989714	512	224	0	8550
8624	7	11330149643060	none	8551	e1989714	512	224	0	8551
8625	0	11330166865780	none	8552	e1989714	512	224	0	8552
8626	1	11330184244220	none	8553	e1989714	512	224	0	8553
8627	2	11330201475550	none	8554	e1989714	512	224	0	8554
8628	3	11330218702960	none	8555	e1989714	512	224	0	8555
8629	4	11330236029340	none	8556	e1989714	512	224	0	8556
8630	5	11330249197820	none	8557	e1989714	512	224	0	8557
8631	6	11330266417040	none	8558	e1989714	512	224	0	8558
8632	7	11330283734650	none	8559	e1989714	512	224	0	8559
8633	0	11330300986290	none	8560	e1989714	512	224	0	8560
8634	1	11330318212300	none	8561	e1989714	512	224	0	8561
8635	2	11330335422280	none	8562	e1989714	512	224	0	8562
8636	3	11330348628390	none	8563	e1989714	512	224	0	8563
8637	4	11330365851590	none	8564	e1989714	512	224	0	8564
8638	5	11330383241320	none	8565	e1989714	512	224	0	8565
8639	6	11330400489270	none	8566	e1989714	512	224	0	8566
8640	7	11330417717520	none	8567	e1989714	512	224	0	8567
8641	0	11330435015760	none	8568	e1989714	512	224	0	8568
8642	1	11330452229970	none	8569	e1989714	512	224	0	8569
8643	2	11330465410790	none	8570	e1989714	512	224	0	8570
8644	3	11330482641970	none	8571	e1989714	512	224	0	8571
8645	4	11330499886830	none	8572	e1989714	512	224	0	8572
8646	5	11330517111970	none	8573	e1989714	512	224	0	8573
8647	6	11330534338070	none	8574	e1989714	512	224	0	8574
8648	7	11330551596520	none	8575	e1989714	512	224	0	8575
8649	0	11330568853240	none	8576	e1989714	512	224	0	8576
8650	1	11330582051460	none	8577	e1989714	512	224	0	8577
8651	2	11330599248700	none	8578	e1989714	512	224	0	8578
8652	3	11330616465970	none	8579	e1989714	512	224	0	8579
8653	4	11330633779290	none	8580	e1989714	512	224	0	8580
8654	5	11330651030120	none	8581	e1989714	512	224	0	8581
8655	6	11330668329630	none	8582	e1989714	512	224	0	8582
8656	7	11330681558660	none	8583	e1989714	512	224	0	8583
8657	0	11330698811070	none	8584	e1989714	512	224	0	8584
8658	1	11330716048140	none	8585	e1989714	512	224	0	8585
8659	2	11330733283690	none	8586	e1989714	512	224	0	8586
8660	3	11330750546070	none	8587	e1989714	512	224	0	8587
8661	4	11330768273830	none	8588	e1989714	512	224	0	8588
8662	5	11330781619360	none	8589	e1989714	512	224	0	8589
8663	6	11330798850950	none	8590	e1989714	512	224	0	8590
8664	7	11330816088070	none	8591	e1989714	512	224	0	8591
8665	0	11330833317050	none	8592	e1989714	512	224	0	8592
8666	1	11330850550600	none	8593	e1989714	512	224	0	8593
8667	2	11330867769230	none	8594	e1989714	512	224	0	8594
8668	3	11330885018690	none	8595	e1989714	512	224	0	8595
8669	4	11330898327590	none	8596	e1989714	512	224	0	8596
8670	5	11330915561810	none	8597	e1989714	512	224	0	8597
8671	6	11330932989340	none	8598	e1989714	512	224	0	8598
8672	7	11330950206460	none	8599	e1989714	512	224	0	8599
8673	0	11330967418700	none	8600	e1989714	512	224	0	8600
8674	1	11330984656320	none	8601	e1989714	512	224	0	8601
8675	2	11330997842080	none	8602	e1989714	512	224	0	8602
8676	3	11331015078840	none	8603	e1989714	512	224	0	8603
8677	4	11331032419530	none	8604	e1989714	512	224	0	8604
8678	5	11331049667000	none	8605	e1989714	512	224	0	8605
8679	6	11331067076950	none	8606	e1989714	512	224	0	8606
8680	7	11331084287190	none	8607	e1989714	512	224	0	8607
8681	0	11331097603610	none	8608	e1989714	512	224	0	8608
8682	1	11331114909230	none	8609	e1989714	512	224	0	8609
8683	2	11331132136580	none	8610	e1989714	512	224	0	8610
8684	3	11331149397010	none	8611	e1989714	512	224	0	8611
8685	4	11331166638520	none	8612	e1989714	512	224	0	8612
8686	5	11331183870980	none	8613	e1989714	512	224	0	8613
8687	6	11331197224700	none	8614	e1989714	512	224	0	8614
8688	7	11331214546880	none	8615	e1989714	512	224	0	8615
8689	0	11331231879100	none	8616	e1989714	512	224	0	8616
8690	1	11331249104220	none	8617	e1989714	512	224	0	8617
8691	2	11331266330230	none	8618	e1989714	512	224	0	8618
8692	3	11331283554960	none	8619	e1989714	512	224	0	8619
8693	4	11331300790380	none	8620	e1989714	512	224	0	8620
8694	5	11331313996120	none	8621	e1989714	512	224	0	8621
8695	6	11331331413430	none	8622	e1989714	512	224	0	8622
8696	7	11331348635580	none	8623	e1989714	512	224	0	8623
8697	0	11331365946750	none	8624	e1989714	512	224	0	8624
8698	1	11331383153480	none	8625	e1989714	512	224	0	8625
8699	2	11331400353770	none	8626	e1989714	512	224	0	8626
8700	3	11331413565470	none	8627	e1989714	512	224	0	8627
8701	4	11331430789580	none	8628	e1989714	512	224	0	8628
8702	5	11331448032080	none	8629	e1989714	512	224	0	8629
8703	6	11331465279380	none	8630	e1989714	512	224	0	8630
8704	7	11331482489830	none	8631	e1989714	512	224	0	8631
8705	0	11331499736250	none	8632	e1989714	512	224	0	8632
8706	1	11331516992810	none	8633	e1989714	512	224	0	8633
8707	2	11331530191280	none	8634	e1989714	512	224	0	8634
8708	3	11331547410430	none	8635	e1989714	512	224	0	8635
8709	4	11331564648920	none	8636	e1989714	512	224	0	8636
8710	5	11331582019490	none	8637	21949ca2	512	224	0	8637
8711	6	11331599224630	none	8638	21949ca2	512	224	0	8638
8712	7	11331616449560	none	8639	eca536d8	512	224	0	8639
8713	0	11331633689380	none	8640	eca536d8	512	224	0	8640
8714	1	11331646977520	none	8641	7757c3fb	512	224	0	8641
8715	2	11331664187730	none	8642	7757c3fb	512	224	0	8642
8716	3	11331681445610	none	8643	73edc89f	512	224	0	8643
8717	4	11331698709640	none	8644	73edc89f	512	224	0	8644
8718	5	11331716113830	none	8645	66f36a9d	512	224	0	8645
8719	6	11331733377820	none	8646	66f36a9d	512	224	0	8646
8720	7	11331746727760	none	8647	feb9bb0d	512	224	0	8647
8721	0	11331764007010	none	8648	feb9bb0d	512	224	0	8648
8722	1	11331781273530	none	8649	0d3505df	512	224	0	8649
8723	2	11331798528420	none	8650	0d3505df	512	224	0	8650
8724	3	11331815770250	none	8651	3ce762fa	512	224	0	8651
8725	4	11331833022970	none	8652	3ce762fa	512	224	0	8652
8726	5	11331846322480	none	8653	3fae09a9	512	224	0	8653
8727	6	11331863561130	none	8654	3fae09a9	512	224	0	8654
8728	7	11331880792700	none	8655	a4330b5e	512	224	0	8655
8729	0	11331898044050	none	8656	a4330b5e	512	224	0	8656
8730	1	11331915258380	none	8657	4e5c546e	512	224	0	8657
8731	2	11331932484290	none	8658	4e5c546e	512	224	0	8658
8732	3	11331949829080	none	8659	fd0b6175	512	224	0	8659
8733	4	11331963071800	none	8660	fd0b6175	512	224	0	8660
8734	5	11331980310090	none	8661	e8b3c8a1	512	224	0	8661
8735	6	11331997598740	none	8662	e8b3c8a1	512	224	0	8662
8736	7	11332014876580	none	8663	857c0223	512	224	0	8663
8737	0	11332032108220	none	8664	857c0223	512	224	0	8664
8738	1	11332049503210	none	8665	61605322	512	224	0	8665
8739	2	11332062722500	none	8666	61605322	512	224	0	8666
8740	3	11332080044870	none	8667	61605322	512	224	0	8667
8741	4	11332097274830	none	8668	61605322	512	224	0	8668
8742	5	11332114510480	none	8669	61605322	512	224	0	8669
8743	6	11332131757740	none	8670	61605322	512	224	0	8670
8744	7	11332149145140	none	8671	61605322	512	224	0	8671
8745	0	11332162334860	none	8672	61605322	512	224	0	8672
8746	1	11332179707520	none	8673	61605322	512	224	0	8673
8747	2	11332196969170	none	8674	61605322	512	224	0	8674
8748	3	11332214191430	none	8675	61605322	512	224	0	8675
8749	4	11332231409050	none	8676	61605322	512	224	0	8676
8750	5	11332248653600	none	8677	61605322	512	224	0	8677
8751	6	11332265991590	none	8678	61605322	512	224	0	8678
8752	7	11332279257420	none	8679	61605322	512	224	0	8679
8753	0	11332296523020	none	8680	61605322	512	224	0	8680
8754	1	11332313796370	none	8681	61605322	512	224	0	8681
8755	2	11332331052250	none	8682	61605322	512	224	0	8682
8756	3	11332348404130	none	8683	61605322	512	224	0	8683
8757	4	11332365666380	none	8684	61605322	512	224	0	8684
8758	5	11332378864040	none	8685	61605322	512	224	0	8685
8759	6	11332396082290	none	8686	61605322	512	224	0	8686
8760	7	11332413283390	none	8687	61605322	512	224	0	8687
8761	0	11332430550840	none	8688	61605322	512	224	0	8688
8762	1	11332447782170	none	8689	61605322	512	224	0	8689
8763	2	11332465022360	none	8690	61605322	512	224	0	8690
8764	3	11332482233250	none	8691	61605322	512	224	0	8691
8765	4	11332495431670	none	8692	61605322	512	224	0	8692
8766	5	11332512676100	none	8693	61605322	512	224	0	8693
8767	6	11332530040470	none	8694	61605322	512	224	0	8694
8768	7	11332547278120	none	8695	61605322	512	224	0	8695
8769	0	11332564532480	none	8696	61605322	512	224	0	8696
8770	1	11332581757800	none	8697	61605322	512	224	0	8697
8771	2	11332595036310	none	8698	61605322	512	224	0	8698
8772	3	11332612255470	none	8699	61605322	512	224	0	8699
8773	4	11332629519760	none	8700	61605322	512	224	0	8700
8774	5	11332646761300	none	8701	61605322	512	224	0	8701
8775	6	11332664126930	none	8702	61605322	512	224	0	8702
8776	7	11332681353140	none	8703	61605322	512	224	0	8703
8777	0	11332698595580	none	8704	61605322	512	224	0	8704
8778	1	11332711803580	none	8705	61605322	512	224	0	8705
8779	2	11332729065070	none	8706	61605322	512	224	0	8706
8780	3	11332746283950	none	8707	61605322	512	224	0	8707
8781	4	11332763561550	none	8708	61605322	512	224	0	8708
8782	5	11332780899770	none	8709	61605322	512	224	0	8709
8783	6	11332798147020	none	8710	61605322	512	224	0	8710
8784	7	11332811378480	none	8711	61605322	512	224	0	8711
8785	0	11332828635940	none	8712	61605322	512	224	0	8712
8786	1	11332845885670	none	8713	61605322	512	224	0	8713
8787	2	11332863125460	none	8714	61605322	512	224	0	8714
8788	3	11332880361080	none	8715	61605322	512	224	0	8715
8789	4	11332897714020	none	8716	61605322	512	224	0	8716
8790	5	11332914981030	none	8717	61605322	512	224	0	8717
8791	6	11332928154930	none	8718	61605322	512	224	0	8718
8792	7	11332945376190	none	8719	61605322	512	224	0	8719
8793	0	11332962597990	none	8720	61605322	512	224	0	8720
8794	1	11332979845030	none	8721	61605322	512	224	0	8721
8795	2	11332997270890	none	8722	61605322	512	224	0	8722
8796	3	11333014523450	none	8723	7bcdd18e	512	224	0	8723
8797	4	11333027731520	none	8724	fba09187	512	224	0	8724
8798	5	11333044994860	none	8725	241ce1ef	512	224	0	8725
8799	6	11333062215640	none	8726	61605322	512	224	0	8726
8800	7	11333079428760	none	8727	c20075bc	512	224	0	8727
8801	0	11333096756080	none	8728	61605322	512	224	0	8728
8802	1	11333114023060	none	8729	c20075bc	512	224	0	8729
8803	2	11333131227110	none	8730	61605322	512	224	0	8730
8804	3	11333144432320	none	8731	8a36bdbe	512	224	0	8731
8805	4	11333161684070	none	8732	61605322	512	224	0	8732
8806	5	11333178932900	none	8733	8a36bdbe	512	224	0	8733
8807	6	11333196298470	none	8734	8a36bdbe	512	224	0	8734
8808	7	11333213562210	none	8735	ed38afdd	512	224	0	8735
8809	0	11333230803390	none	8736	ed38afdd	512	224	0	8736
8810	1	11333244011720	none	8737	ed38afdd	512	224	0	8737
8811	2	11333261247390	none	8738	ed38afdd	512	224	0	8738
8812	3	11333278490830	none	8739	18932e84	512	224	0	8739
8813	4	11333295727260	none	8740	18932e84	512	224	0	8740
8814	5	11333313056400	none	8741	18932e84	512	224	0	8741
8815	6	11333330322730	none	8742	18932e84	512	224	0	8742
8816	7	11333347603830	none	8743	09b1e42f	512	224	0	8743
8817	0	11333360955990	none	8744	09b1e42f	512	224	0	8744
8818	1	11333378258700	none	8745	09b1e42f	512	224	0	8745
8819	2	11333395510960	none	8746	09b1e42f	512	224	0	8746
8820	3	11333412746680	none	8747	bd046e4a	512	224	0	8747
8821	4	11333430018850	none	8748	bd046e4a	512	224	0	8748
8822	5	11333447250610	none	8749	bd046e4a	512	224	0	8749
8823	6	11333460468570	none	8750	bd046e4a	512	224	0	8750
8824	7	11333477702690	none	8751	3eb1d5e3	512	224	0	8751
8825	0	11333494953490	none	8752	3eb1d5e3	512	224	0	8752
8826	1	11333512193840	none	8753	3eb1d5e3	512	224	0	8753
8827	2	11333529425480	none	8754	3eb1d5e3	512	224	0	8754
8828	3	11333546665960	none	8755	545afebd	512	224	0	8755
8829	4	11333563937870	none	8756	545afebd	512	224	0	8756
8830	5	11333577109770	none	8757	545afebd	512	224	0	8757
8831	6	11333594425950	none	8758	545afebd	512	224	0	8758
8832	7	11333611713420	none	8759	85e623aa	512	224	0	8759
8833	0	11333629006510	none	8760	85e623aa	512	224	0	8760
8834	1	11333646242780	none	8761	85e623aa	512	224	0	8761
8835	2	11333663469000	none	8762	85e623aa	512	224	0	8762
8836	3	11333676662360	none	8763	51a012d4	512	224	0	8763
8837	4	11333693915800	none	8764	51a012d4	512	224	0	8764
8838	5	11333711158660	none	8765	51a012d4	512	224	0	8765
8839	6	11333728379490	none	8766	51a012d4	512	224	0	8766
8840	7	11333745721030	none	8767	a433b3cb	512	224	0	8767
8841	0	11333762979990	none	8768	a433b3cb	512	224	0	8768
8842	1	11333780213370	none	8769	a433b3cb	512	224	0	8769
8843	2	11333793398320	none	8770	a433b3cb	512	224	0	8770
8844	3	11333810651340	none	8771	57025bb3	512	224	0	8771
8845	4	11333827909010	none	8772	57025bb3	512	224	0	8772
8846	5	11333845326230	none	8773	57025bb3	512	224	0	8773
8847	6	11333862614250	none	8774	57025bb3	512	224	0	8774
8848	7	11333879971340	none	8775	92b63be3	512	224	0	8775
8849	0	11333893175280	none	8776	d53a75db	512	224	0	8776
8850	1	11333910403060	none	8777	d53a75db	512	224	0	8777
8851	2	11333927653580	none	8778	d53a75db	512	224	0	8778
8852	3	11333944976870	none	8779	fe1555b0	512	224	0	8779
8853	4	11333962195770	none	8780	fe1555b0	512	224	0	8780
8854	5	11333979443090	none	8781	fe1555b0	512	224	0	8781
8855	6	11333992647360	none	8782	fe1555b0	512	224	0	8782
8856	7	11334010078290	none	8783	fe1555b0	512	224	0	8783
8857	0	11334027295870	none	8784	fe1555b0	512	224	0	8784
8858	1	11334044654360	none	8785	dbf27f5b	512	224	0	8785
8859	2	11334061968120	none	8786	dbf27f5b	512	224	0	8786
8860	3	11334079193620	none	8787	dbf27f5b	512	224	0	8787
8861	4	11334092391670	none	8788	dbf27f5b	512	224	0	8788
8862	5	11334109661840	none	8789	dbf27f5b	512	224	0	8789
8863	6	11334126942410	none	8790	dbf27f5b	512	224	0	8790
8864	7	11334144335780	none	8791	dbf27f5b	512	224	0	8791
8865	0	11334161611770	none	8792	dbf27f5b	512	224	0	8792
8866	1	11334178870450	none	8793	f908e554	512	224	0	8793
8867	2	11334196080130	none	8794	f908e554	512	224	0	8794
8868	3	11334209269960	none	8795	f908e554	512	224	0	8795
8869	4	11334226580150	none	8796	f908e554	512	224	0	8796
8870	5	11334243874400	none	8797	f908e554	512	224	0	8797
8871	6	11334261170430	none	8798	f908e554	512	224	0	8798
8872	7	11334278389510	none	8799	f908e554	512	224	0	8799
8873	0	11334295623680	none	8800	f908e554	512	224	0	8800
8874	1	11334308828060	none	8801	5bc9ae2e	512	224	0	8801
8875	2	11334326151410	none	8802	5bc9ae2e	512	224	0	8802
8876	3	11334343573630	none	8803	5bc9ae2e	512	224	0	8803
8877	4	11334360940680	none	8804	5bc9ae2e	512	224	0	8804
8878	5	11334378189460	none	8805	5bc9ae2e	512	224	0	8805
8879	6	11334395445270	none	8806	5bc9ae2e	512	224	0	8806
8880	7	11334408648530	none	8807	5bc9ae2e	512	224	0	8807
8881	0	11334425886800	none	8808	5bc9ae2e	512	224	0	8808
8882	1	11334443302870	none	8809	f9f0938c	512	224	0	8809
8883	2	11334460565130	none	8810	f9f0938c	512	224	0	8810
8884	3	11334477814610	none	8811	f9f0938c	512	224	0	8811
8885	4	11334495038760	none	8812	f9f0938c	512	224	0	8812
8886	5	11334512230550	none	8813	f9f0938c	512	224	0	8813
8887	6	11334525435670	none	8814	f9f0938c	512	224	0	8814
8888	7	11334542713490	none	8815	f9f0938c	512	224	0	8815
8889	0	11334559991110	none	8816	f9f0938c	512	224	0	8816
8890	1	11334577214720	none	8817	459a7557	512	224	0	8817
8891	2	11334594457870	none	8818	459a7557	512	224	0	8818
8892	3	11334611714600	none	8819	459a7557	512	224	0	8819
8893	4	11334625049200	none	8820	459a7557	512	224	0	8820
8894	5	11334642252950	none	8821	459a7557	512	224	0	8821
8895	6	11334659678330	none	8822	459a7557	512	224	0	8822
8896	7	11334676988860	none	8823	459a7557	512	224	0	8823
8897	0	11334694238750	none	8824	459a7557	512	224	0	8824
8898	1	11334711476940	none	8825	855100ec	512	224	0	8825
8899	2	11334724683310	none	8826	855100ec	512	224	0	8826
8900	3	11334741902140	none	8827	30cc94d6	512	224	0	8827
8901	4	11334759118410	none	8828	30cc94d6	512	224	0	8828
8902	5	11334776513180	none	8829	efed2d68	512	224	0	8829
8903	6	11334793782190	none	8830	efed2d68	512	224	0	8830
8904	7	11334811036200	none	8831	c615391a	512	224	0	8831
8905	0	11334828244610	none	8832	5c193f92	512	224	0	8832
8906	1	11334841505520	none	8833	75e12be0	512	224	0	8833
8907	2	11334858722300	none	8834	75e12be0	512	224	0	8834
8908	3	11334876087080	none	8835	aac0925e	512	224	0	8835
8909	4	11334893373980	none	8836	36c0b952	512	224	0	8836
8910	5	11334910626900	none	8837	835d2d68	512	224	0	8837
8911	6	11334927916370	none	8838	835d2d68	512	224	0	8838
8912	7	11334941143720	none	8839	835d2d68	512	224	0	8839
8913	0	11334958343200	none	8840	f9200dc6	512	224	0	8840
8914	1	11334975601450	none	8841	f9200dc6	512	224	0	8841
8915	2	11334992997320	none	8842	f9200dc6	512	224	0	8842
8916	3	11335010242480	none	8843	f9200dc6	512	224	0	8843
8917	4	11335027487220	none	8844	8eae07f7	512	224	0	8844
8918	5	11335044738730	none	8845	8eae07f7	512	224	0	8845
8919	6	11335057964500	none	8846	8eae07f7	512	224	0	8846
8920	7	11335075173480	none	8847	8eae07f7	512	224	0	8847
8921	0	11335092415940	none	8848	f9200dc6	512	224	0	8848
8922	1	11335109722630	none	8849	f9200dc6	512	224	0	8849
8923	2	11335127124100	none	8850	f9200dc6	512	224	0	8850
8924	3	11335144351740	none	8851	f9200dc6	512	224	0	8851
8925	4	11335157649850	none	8852	db97caae	512	224	0	8852
8926	5	11335174902920	none	8853	db97caae	512	224	0	8853
8927	6	11335192294140	none	8854	db97caae	512	224	0	8854
8928	7	11335209608190	none	8855	db97caae	512	224	0	8855
8929	0	11335227085310	none	8856	4797e1a2	512	224	0	8856
8930	1	11335244280020	none	8857	4797e1a2	512	224	0	8857
8931	2	11335257590030	none	8858	4797e1a2	512	224	0	8858
8932	3	11335274886850	none	8859	4797e1a2	512	224	0	8859
8933	4	11335292121420	none	8860	dd9be72a	512	224	0	8860
8934	5	11335309400940	none	8861	dd9be72a	512	224	0	8861
8935	6	11335326738080	none	8862	dd9be72a	512	224	0	8862
8936	7	11335343992460	none	8863	dd9be72a	512	224	0	8863
8937	0	11335357314420	none	8864	dd9be72a	512	224	0	8864
8938	1	11335374540380	none	8865	dd9be72a	512	224	0	8865
8939	2	11335391849630	none	8866	dd9be72a	512	224	0	8866
8940	3	11335409070320	none	8867	dd9be72a	512	224	0	8867
8941	4	11335426403200	none	8868	dd9be72a	512	224	0	8868
8942	5	11335443636890	none	8869	68067310	512	224	0	8869
8943	6	11335456882250	none	8870	68067310	512	224	0	8870
8944	7	11335474120680	none	8871	b727caae	512	224	0	8871
8945	0	11335491347180	none	8872	b727caae	512	224	0	8872
8946	1	11335508599690	none	8873	9edfdedc	512	224	0	8873
8947	2	11335525825890	none	8874	9edfdedc	512	224	0	8874
8948	3	11335543100600	none	8875	b727caae	512	224	0	8875
8949	4	11335560501150	none	8876	abb38588	512	224	0	8876
8950	5	11335573711520	none	8877	74923c36	512	224	0	8877
8951	6	11335591026700	none	8878	74923c36	512	224	0	8878
8952	7	11335608253510	none	8879	c10fa80c	512	224	0	8879
8953	0	11335625489840	none	8880	dc059701	512	224	0	8880
8954	1	11335642823900	none	8881	dc059701	512	224	0	8881
8955	2	11335660212530	none	8882	dc059701	512	224	0	8882
8956	3	11335673473690	none	8883	dc059701	512	224	0	8883
8957	4	11335690818620	none	8884	7ff7cc3a	512	224	0	8884
8958	5	11335708042520	none	8885	7ff7cc3a	512	224	0	8885
8959	6	11335725274170	none	8886	7ff7cc3a	512	224	0	8886
8960	7	11335742526570	none	8887	7ff7cc3a	512	224	0	8887
8961	0	11335759843070	none	8888	7ff7cc3a	512	224	0	8888
8962	1	11335773135580	none	8889	7ff7cc3a	512	224	0	8889
8963	2	11335791019360	none	8890	7ff7cc3a	512	224	0	8890
8964	3	11335808453470	none	8891	7ff7cc3a	512	224	0	8891
8965	4	11335825709830	none	8892	dc059701	512	224	0	8892
8966	5	11335843026090	none	8893	dc059701	512	224	0	8893
8967	6	11335856240160	none	8894	dc059701	512	224	0	8894
8968	7	11335873500490	none	8895	dc059701	512	224	0	8895
8969	0	11335890751850	none	8896	c10fa80c	512	224	0	8896
8970	1	11335907995800	none	8897	c10fa80c	512	224	0	8897
8971	2	11335925185930	none	8898	c10fa80c	512	224	0	8898
8972	3	11335942416260	none	8899	c10fa80c	512	224	0	8899
8973	4	11335959843270	none	8900	dd9be72a	512	224	0	8900
8974	5	11335973050360	none	8901	dd9be72a	512	224	0	8901
8975	6	11335990350170	none	8902	dd9be72a	512	224	0	8902
8976	7	11336007613740	none	8903	dd9be72a	512	224	0	8903
8977	0	11336024855870	none	8904	dd9be72a	512	224	0	8904
8978	1	11336042069360	none	8905	dd9be72a	512	224	0	8905
8979	2	11336059473410	none	8906	dd9be72a	512	224	0	8906
8980	3	11336072717620	none	8907	dd9be72a	512	224	0	8907
8981	4	11336090033650	none	8908	dd9be72a	512	224	0	8908
8982	5	11336107264020	none	8909	dd9be72a	512	224	0	8909
8983	6	11336124523450	none	8910	dd9be72a	512	224	0	8910
8984	7	11336141783100	none	8911	68067310	512	224	0	8911
8985	0	11336159157880	none	8912	68067310	512	224	0	8912
8986	1	11336172445990	none	8913	b727caae	512	224	0	8913
8987	2	11336189789800	none	8914	b727caae	512	224	0	8914
8988	3	11336207011030	none	8915	9edfdedc	512	224	0	8915
8989	4	11336224231790	none	8916	04d3d854	512	224	0	8916
8990	5	11336241469130	none	8917	2d2bcc26	512	224	0	8917
8991	6	11336258825790	none	8918	2d2bcc26	512	224	0	8918
8992	7	11336276113800	none	8919	f20a7598	512	224	0	8919
8993	0	11336289348580	none	8920	6e0a5e94	512	224	0	8920
8994	1	11336306602210	none	8921	db97caae	512	224	0	8921
8995	2	11336323825390	none	8922	db97caae	512	224	0	8922
8996	3	11336341029960	none	8923	db97caae	512	224	0	8923
8997	4	11336358385690	none	8924	f9200dc6	512	224	0	8924
8998	5	11336375626420	none	8925	f9200dc6	512	224	0	8925
8999	6	11336388932580	none	8926	f9200dc6	512	224	0	8926
9000	7	11336406143340	none	8927	f9200dc6	512	224	0	8927
9001	0	11336423375630	none	8928	8eae07f7	512	224	0	8928
9002	1	11336440630910	none	8929	8eae07f7	512	224	0	8929
9003	2	11336457862520	none	8930	8eae07f7	512	224	0	8930
9004	3	11336475077220	none	8931	8eae07f7	512	224	0	8931
9005	4	11336492299050	none	8932	f9200dc6	512	224	0	8932
9006	5	11336505551880	none	8933	f9200dc6	512	224	0	8933
9007	6	11336522791840	none	8934	f9200dc6	512	224	0	8934
9008	7	11336540051640	none	8935	f9200dc6	512	224	0	8935
9009	0	11336557260720	none	8936	bc814c7b	512	224	0	8936
9010	1	11336574508140	none	8937	bc814c7b	512	224	0	8937
9011	2	11336591745440	none	8938	bc814c7b	512	224	0	8938
9012	3	11336605043270	none	8939	bc814c7b	512	224	0	8939
9013	4	11336622264790	none	8940	20816777	512	224	0	8940
9014	5	11336639543280	none	8941	20816777	512	224	0	8941
9015	6	11336656778390	none	8942	20816777	512	224	0	8942
9016	7	11336674006880	none	8943	20816777	512	224	0	8943
9017	0	11336691234480	none	8944	ba8d61ff	512	224	0	8944
9018	1	11336708500070	none	8945	ba8d61ff	512	224	0	8945
9019	2	11336721699380	none	8946	ba8d61ff	512	224	0	8946
9020	3	11336738999260	none	8947	ba8d61ff	512	224	0	8947
9021	4	11336756199630	none	8948	ba8d61ff	512	224	0	8948
9022	5	11336773434870	none	8949	ba8d61ff	512	224	0	8949
9023	6	11336790883050	none	8950	ba8d61ff	512	224	0	8950
9024	7	11336808100810	none	8951	ba8d61ff	512	224	0	8951
9025	0	11336821277560	none	8952	ba8d61ff	512	224	0	8952
9026	1	11336838528810	none	8953	0f10f5c5	512	224	0	8953
9027	2	11336855764900	none	8954	0f10f5c5	512	224	0	8954
9028	3	11336873089110	none	8955	d0314c7b	512	224	0	8955
9029	4	11336890273850	none	8956	d0314c7b	512	224	0	8956
9030	5	11336907607190	none	8957	f9c95809	512	224	0	8957
9031	6	11336924944990	none	8958	f9c95809	512	224	0	8958
9032	7	11336938116610	none	8959	d0314c7b	512	224	0	8959
9033	0	11336955355880	none	8960	cca5035d	512	224	0	8960
9034	1	11336972596240	none	8961	1384bae3	512	224	0	8961
9035	2	11336989857180	none	8962	1384bae3	512	224	0	8962
9036	3	11337007227590	none	8963	a6192ed9	512	224	0	8963
9037	4	11337024543160	none	8964	bb1311d4	512	224	0	8964
9038	5	11337037737490	none	8965	bb1311d4	512	224	0	8965
9039	6	11337055111540	none	8966	bb1311d4	512	224	0	8966
9040	7	11337072351930	none	8967	bb1311d4	512	224	0	8967
9041	0	11337089590320	none	8968	fdc4a019	512	224	0	8968
9042	1	11337106915490	none	8969	2d2b04e9	512	224	0	8969
9043	2	11337124160780	none	8970	c0ec970d	512	224	0	8970
9044	3	11337141370330	none	8971	a0571eb2	512	224	0	8971
9045	4	11337154572480	none	8972	a0571eb2	512	224	0	8972
9046	5	11337171793760	none	8973	6e345d9e	512	224	0	8973
9047	6	11337189000480	none	8974	7a8d0e45	512	224	0	8974
9048	7	11337206340820	none	8975	cad9230a	512	224	0	8975
9049	0	11337223593630	none	8976	0e7dac70	512	224	0	8976
9050	1	11337240834800	none	8977	0e7dac70	512	224	0	8977
9051	2	11337254042290	none	8978	ea2dfeb6	512	224	0	8978
9052	3	11337271246230	none	8979	ea2dfeb6	512	224	0	8979
9053	4	11337288517110	none	8980	ea2dfeb6	512	224	0	8980
9054	5	11337305733730	none	8981	eeb6d472	512	224	0	8981
9055	6	11337323006780	none	8982	fb22f40b	512	224	0	8982
9056	7	11337340214220	none	8983	3206b742	512	224	0	8983
9057	0	11337357463840	none	8984	3ffcb671	512	224	0	8984
9058	1	11337370673700	none	8985	3ffcb671	512	224	0	8985
9059	2	11337387990890	none	8986	ff134509	512	224	0	8986
9060	3	11337405212020	none	8987	ff134509	512	224	0	8987
9061	4	11337422448870	none	8988	6c75ac15	512	224	0	8988
9062	5	11337439685010	none	8989	ccbd03f0	512	224	0	8989
9063	6	11337456998100	none	8990	8262b86e	512	224	0	8990
9064	7	11337470186610	none	8991	8262b86e	512	224	0	8991
9065	0	11337487409000	none	8992	8262b86e	512	224	0	8992
9066	1	11337504637380	none	8993	dab62733	512	224	0	8993
9067	2	11337521908430	none	8994	50b16a96	512	224	0	8994
9068	3	11337539131110	none	8995	50b16a96	512	224	0	8995
9069	4	11337556350820	none	8996	50b16a96	512	224	0	8996
9070	5	11337573600960	none	8997	8a113bb1	512	224	0	8997
9071	6	11337586819020	none	8998	1efefcba	512	224	0	8998
9072	7	11337604062850	none	8999	1efefcba	512	224	0	8999
9073	0	11337621333560	none	-1	1efefcba	512	224	0	9000
9074	1	11337638695680	none	-1	1efefcba	512	224	0	9001
