core_frame	header_ctr	capture_ns	dup_reason	movie_frame	hash	width	height	segment	avi_frame
219	2	12272016854290	none	0	61605322	512	224	0	0
220	3	12272034354070	none	1	61605322	512	224	0	1
221	4	12272051601950	none	2	61605322	512	224	0	2
222	5	12272069098490	none	3	61605322	512	224	0	3
223	6	12272082460490	none	4	61605322	512	224	0	4
224	7	12272099812720	none	5	61605322	512	224	0	5
225	0	12272117061790	none	6	61605322	512	224	0	6
226	1	12272134372570	none	7	61605322	512	224	0	7
227	2	12272151625740	none	8	61605322	512	224	0	8
228	3	12272169018990	none	9	61605322	512	224	0	9
229	4	12272182208930	none	10	61605322	512	224	0	10
230	5	12272199396670	none	11	61605322	512	224	0	11
231	6	12272216627130	none	12	61605322	512	224	0	12
232	7	12272233946020	none	13	61605322	512	224	0	13
233	0	12272251185390	none	14	61605322	512	224	0	14
234	1	12272268420140	none	15	61605322	512	224	0	15
235	2	12272285645710	none	16	61605322	512	224	0	16
236	3	12272298882800	none	17	61605322	512	224	0	17
237	4	12272316114500	none	18	61605322	512	224	0	18
238	5	12272333469140	none	19	61605322	512	224	0	19
239	6	12272350694790	none	20	61605322	512	224	0	20
240	7	12272367949040	none	21	61605322	512	224	0	21
241	0	12272385177210	none	22	61605322	512	224	0	22
242	1	12272398354490	none	23	61605322	512	224	0	23
243	2	12272415587570	none	24	61605322	512	224	0	24
244	3	12272432820010	none	25	61605322	512	224	0	25
245	4	12272450079650	none	26	61605322	512	224	0	26
246	5	12272467318130	none	27	61605322	512	224	0	27
247	6	12272484547620	none	28	61605322	512	224	0	28
248	7	12272501795890	none	29	61605322	512	224	0	29
249	0	12272515035280	none	30	61605322	512	224	0	30
250	1	12272532237520	none	31	61605322	512	224	0	31
251	2	12272549438830	none	32	61605322	512	224	0	32
252	3	12272566662280	none	33	61605322	512	224	0	33
253	4	12272583991760	none	34	61605322	512	224	0	34
254	5	12272601226530	none	35	61605322	512	224	0	35
255	6	12272618453510	none	36	61605322	512	224	0	36
256	7	12272631628630	none	37	61605322	512	224	0	37
257	0	12272648871020	none	38	61605322	512	224	0	38
258	1	12272666106950	none	39	61605322	512	224	0	39
259	2	12272683322230	none	40	61605322	512	224	0	40
260	3	12272700556710	none	41	61605322	512	224	0	41
261	4	12272717810400	none	42	61605322	512	224	0	42
262	5	12272735034540	none	43	61605322	512	224	0	43
263	6	12272748338640	none	44	61605322	512	224	0	44
264	7	12272765556590	none	45	61605322	512	224	0	45
265	0	12272782897560	none	46	61605322	512	224	0	46
266	1	12272800124570	none	47	61605322	512	224	0	47
267	2	12272817338850	none	48	61605322	512	224	0	48
268	3	12272834655180	none	49	61605322	512	224	0	49
269	4	12272847852420	none	50	61605322	512	224	0	50
270	5	12272865122780	none	51	61605322	512	224	0	51
271	6	12272882475930	none	52	61605322	512	224	0	52
272	7	12272899700590	none	53	61605322	512	224	0	53
273	0	12272916948270	none	54	61605322	512	224	0	54
274	1	12272934180040	none	55	61605322	512	224	0	55
275	2	12272951399170	none	56	61605322	512	224	0	56
276	3	12272964581960	none	57	61605322	512	224	0	57
277	4	12272981918640	none	58	61605322	512	224	0	58
278	5	12272999142110	none	59	61605322	512	224	0	59
279	6	12273016358870	none	60	61605322	512	224	0	60
280	7	12273033600820	none	61	61605322	512	224	0	61
281	0	12273050890870	none	62	61605322	512	224	0	62
282	1	12273064085990	none	63	61605322	512	224	0	63
283	2	12273081415070	none	64	61605322	512	224	0	64
284	3	12273098616290	none	65	61605322	512	224	0	65
285	4	12273115882070	none	66	61605322	512	224	0	66
286	5	12273133137670	none	67	61605322	512	224	0	67
287	6	12273150358180	none	68	61605322	512	224	0	68
288	7	12273167573410	none	69	61605322	512	224	0	69
289	0	12273180775410	none	70	61605322	512	224	0	70
290	1	12273198012150	none	71	61605322	512	224	0	71
291	2	12273215229490	none	72	61605322	512	224	0	72
292	3	12273232445670	none	73	61605322	512	224	0	73
293	4	12273249671650	none	74	61605322	512	224	0	74
294	5	12273267082580	none	75	61605322	512	224	0	75
295	6	12273280254350	none	76	61605322	512	224	0	76
296	7	12273297463910	none	77	61605322	512	224	0	77
297	0	12273314685630	none	78	61605322	512	224	0	78
298	1	12273331995360	none	79	61605322	512	224	0	79
299	2	12273349234360	none	80	61605322	512	224	0	80
300	3	12273366463610	none	81	61605322	512	224	0	81
301	4	12273383691940	none	82	61605322	512	224	0	82
302	5	12273396986680	none	83	61605322	512	224	0	83
303	6	12273414240300	none	84	61605322	512	224	0	84
304	7	12273431441600	none	85	61605322	512	224	0	85
305	0	12273448662660	none	86	61605322	512	224	0	86
306	1	12273466058800	none	87	61605322	512	224	0	87
307	2	12273483278310	none	88	61605322	512	224	0	88
308	3	12273496578580	none	89	61605322	512	224	0	89
309	4	12273513895590	none	90	61605322	512	224	0	90
310	5	12273531163250	none	91	61605322	512	224	0	91
311	6	12273548394650	none	92	61605322	512	224	0	92
312	7	12273565613030	none	93	61605322	512	224	0	93
313	0	12273582844660	none	94	61605322	512	224	0	94
314	1	12273600204250	none	95	61605322	512	224	0	95
315	2	12273613369260	none	96	61605322	512	224	0	96
316	3	12273630786930	none	97	61605322	512	224	0	97
317	4	12273648018600	none	98	61605322	512	224	0	98
318	5	12273665264710	none	99	61605322	512	224	0	99
319	6	12273682525030	none	100	d5b66886	512	224	0	100
320	7	12273699902840	none	101	c530cf8e	512	224	0	101
321	0	12273713075230	none	102	8fd54971	512	224	0	102
322	1	12273730458470	none	103	97ba1666	512	224	0	103
323	2	12273747672820	none	104	c0a8e292	512	224	0	104
324	3	12273764913120	none	105	b93f722a	512	224	0	105
325	4	12273782153220	none	106	f3085531	512	224	0	106
326	5	12273799357320	none	107	e091b019	512	224	0	107
327	6	12273816587810	none	108	5417ada8	512	224	0	108
328	7	12273829803300	none	109	db3cc2a3	512	224	0	109
329	0	12273847038830	none	110	34ec6ac7	512	224	0	110
330	1	12273864242310	none	111	23c19574	512	224	0	111
331	2	12273881486190	none	112	128dfcbc	512	224	0	112
332	3	12273898745550	none	113	d1e19bee	512	224	0	113
333	4	12273915990750	none	114	d1e19bee	512	224	0	114
334	5	12273929200010	none	115	d1e19bee	512	224	0	115
335	6	12273946491050	none	116	d1e19bee	512	224	0	116
336	7	12273963753130	none	117	d1e19bee	512	224	0	117
337	0	12273981007130	none	118	d1e19bee	512	224	0	118
338	1	12273998227960	none	119	d1e19bee	512	224	0	119
339	2	12274015492860	none	120	d1e19bee	512	224	0	120
340	3	12274032721160	none	121	d1e19bee	512	224	0	121
341	4	12274045998170	none	122	d1e19bee	512	224	0	122
342	5	12274063220710	none	123	d1e19bee	512	224	0	123
343	6	12274080455830	none	124	d1e19bee	512	224	0	124
344	7	12274097691980	none	125	d1e19bee	512	224	0	125
345	0	12274115042320	none	126	d1e19bee	512	224	0	126
346	1	12274132255630	none	127	d1e19bee	512	224	0	127
347	2	12274145575050	none	128	d1e19bee	512	224	0	128
348	3	12274162897750	none	129	d1e19bee	512	224	0	129
349	4	12274180135860	none	130	d1e19bee	512	224	0	130
350	5	12274197397200	none	131	d1e19bee	512	224	0	131
351	6	12274214617430	none	132	d1e19bee	512	224	0	132
352	7	12274231894720	none	133	d1e19bee	512	224	0	133
353	0	12274249117750	none	134	d1e19bee	512	224	0	134
354	1	12274262294460	none	135	d1e19bee	512	224	0	135
355	2	12274279580780	none	136	d1e19bee	512	224	0	136
356	3	12274296834040	none	137	d1e19bee	512	224	0	137
357	4	12274314090190	none	138	d1e19bee	512	224	0	138
358	5	12274331301750	none	139	d1e19bee	512	224	0	139
359	6	12274348652050	none	140	d1e19bee	512	224	0	140
360	7	12274361911740	none	141	d1e19bee	512	224	0	141
361	0	12274379225950	none	142	d1e19bee	512	224	0	142
362	1	12274396467850	none	143	d1e19bee	512	224	0	143
363	2	12274413706820	none	144	d1e19bee	512	224	0	144
364	3	12274430953860	none	145	d1e19bee	512	224	0	145
365	4	12274448310340	none	146	d1e19bee	512	224	0	146
366	5	12274465547290	none	147	d1e19bee	512	224	0	147
367	6	12274478860770	none	148	d1e19bee	512	224	0	148
368	7	12274496156280	none	149	d1e19bee	512	224	0	149
369	0	12274513406410	none	150	d1e19bee	512	224	0	150
370	1	12274530629330	none	151	d1e19bee	512	224	0	151
371	2	12274547876400	none	152	d1e19bee	512	224	0	152
372	3	12274565100000	none	153	d1e19bee	512	224	0	153
373	4	12274578306800	none	154	d1e19bee	512	224	0	154
374	5	12274595558230	none	155	d1e19bee	512	224	0	155
375	6	12274612849930	none	156	d1e19bee	512	224	0	156
376	7	12274630075570	none	157	d1e19bee	512	224	0	157
377	0	12274647418800	none	158	d1e19bee	512	224	0	158
378	1	12274664652320	none	159	d1e19bee	512	224	0	159
379	2	12274681889260	none	160	d1e19bee	512	224	0	160
380	3	12274695087170	none	161	d1e19bee	512	224	0	161
381	4	12274712382580	none	162	d1e19bee	512	224	0	162
382	5	12274729663420	none	163	d1e19bee	512	224	0	163
383	6	12274746900430	none	164	d1e19bee	512	224	0	164
384	7	12274764179400	none	165	d1e19bee	512	224	0	165
385	0	12274781443680	none	166	d1e19bee	512	224	0	166
386	1	12274794631080	none	167	d1e19bee	512	224	0	167
387	2	12274811862180	none	168	d1e19bee	512	224	0	168
388	3	12274829201940	none	169	d1e19bee	512	224	0	169
389	4	12274846436540	none	170	d1e19bee	512	224	0	170
390	5	12274863661220	none	171	d1e19bee	512	224	0	171
391	6	12274880898620	none	172	d1e19bee	512	224	0	172
392	7	12274898146380	none	173	d1e19bee	512	224	0	173
393	0	12274911300810	none	174	d1e19bee	512	224	0	174
394	1	12274928580710	none	175	d1e19bee	512	224	0	175
395	2	12274945857510	none	176	d1e19bee	512	224	0	176
396	3	12274963097850	none	177	d1e19bee	512	224	0	177
397	4	12274980319300	none	178	d1e19bee	512	224	0	178
398	5	12274997743580	none	179	d1e19bee	512	224	0	179
399	6	12275010955500	none	180	d1e19bee	512	224	0	180
400	7	12275028212820	none	181	d1e19bee	512	224	0	181
401	0	12275045453710	none	182	d1e19bee	512	224	0	182
402	1	12275062772470	none	183	d1e19bee	512	224	0	183
403	2	12275080024860	none	184	d1e19bee	512	224	0	184
404	3	12275097270930	none	185	d1e19bee	512	224	0	185
405	4	12275114513520	none	186	d1e19bee	512	224	0	186
406	5	12275127723390	none	187	d1e19bee	512	224	0	187
407	6	12275144955350	none	188	d1e19bee	512	224	0	188
408	7	12275162170550	none	189	d1e19bee	512	224	0	189
409	0	12275179486170	none	190	d1e19bee	512	224	0	190
410	1	12275196834600	none	191	d1e19bee	512	224	0	191
411	2	12275214072900	none	192	d1e19bee	512	224	0	192
412	3	12275227246190	none	193	d1e19bee	512	224	0	193
413	4	12275244464000	none	194	d1e19bee	512	224	0	194
414	5	12275261713710	none	195	d1e19bee	512	224	0	195
415	6	12275279047490	none	196	d1e19bee	512	224	0	196
416	7	12275296432830	none	197	d1e19bee	512	224	0	197
417	0	12275313675660	none	198	d1e19bee	512	224	0	198
418	1	12275326904830	none	199	d1e19bee	512	224	0	199
419	2	12275344119440	none	200	d1e19bee	512	224	0	200
420	3	12275361329320	none	201	d1e19bee	512	224	0	201
421	4	12275378554270	none	202	d1e19bee	512	224	0	202
422	5	12275395834130	none	203	d1e19bee	512	224	0	203
423	6	12275413094090	none	204	d1e19bee	512	224	0	204
424	7	12275430325800	none	205	d1e19bee	512	224	0	205
425	0	12275443517140	none	206	d1e19bee	512	224	0	206
426	1	12275460743550	none	207	d1e19bee	512	224	0	207
427	2	12275477975320	none	208	d1e19bee	512	224	0	208
428	3	12275495309050	none	209	d1e19bee	512	224	0	209
429	4	12275512657320	none	210	d1e19bee	512	224	0	210
430	5	12275529969480	none	211	d1e19bee	512	224	0	211
431	6	12275543157570	none	212	d1e19bee	512	224	0	212
432	7	12275560383140	none	213	d1e19bee	512	224	0	213
433	0	12275577594090	none	214	d1e19bee	512	224	0	214
434	1	12275594858750	none	215	d1e19bee	512	224	0	215
435	2	12275612082920	none	216	d1e19bee	512	224	0	216
436	3	12275629426200	none	217	d1e19bee	512	224	0	217
437	4	12275646693070	none	218	d1e19bee	512	224	0	218
438	5	12275659913230	none	219	d1e19bee	512	224	0	219
439	6	12275677132220	none	220	d1e19bee	512	224	0	220
440	7	12275694326460	none	221	d1e19bee	512	224	0	221
441	0	12275711539500	none	222	d1e19bee	512	224	0	222
442	1	12275728876000	none	223	d1e19bee	512	224	0	223
443	2	12275746144210	none	224	d1e19bee	512	224	0	224
444	3	12275763380580	none	225	d1e19bee	512	224	0	225
445	4	12275776589970	none	226	d1e19bee	512	224	0	226
446	5	12275793844410	none	227	d1e19bee	512	224	0	227
447	6	12275811109400	none	228	d1e19bee	512	224	0	228
448	7	12275828327650	none	229	d1e19bee	512	224	0	229
449	0	12275845659850	none	230	d1e19bee	512	224	0	230
450	1	12275862942520	none	231	d1e19bee	512	224	0	231
451	2	12275876115050	none	232	d1e19bee	512	224	0	232
452	3	12275893310870	none	233	d1e19bee	512	224	0	233
453	4	12275910534450	none	234	d1e19bee	512	224	0	234
454	5	12275927869000	none	235	d1e19bee	512	224	0	235
455	6	12275945110220	none	236	d1e19bee	512	224	0	236
456	7	12275962447760	none	237	d1e19bee	512	224	0	237
457	0	12275975750650	none	238	d1e19bee	512	224	0	238
458	1	12275992986190	none	239	d1e19bee	512	224	0	239
459	2	12276010199090	none	240	d1e19bee	512	224	0	240
460	3	12276027412220	none	241	d1e19bee	512	224	0	241
461	4	12276044779010	none	242	d1e19bee	512	224	0	242
462	5	12276062045770	none	243	d1e19bee	512	224	0	243
463	6	12276079400590	none	244	d1e19bee	512	224	0	244
464	7	12276092624230	none	245	d1e19bee	512	224	0	245
465	0	12276109864320	none	246	d1e19bee	512	224	0	246
466	1	12276127091430	none	247	d1e19bee	512	224	0	247
467	2	12276144469920	none	248	d1e19bee	512	224	0	248
468	3	12276161721500	none	249	d1e19bee	512	224	0	249
469	4	12276179015740	none	250	d1e19bee	512	224	0	250
470	5	12276192229860	none	251	d1e19bee	512	224	0	251
471	6	12276209432680	none	252	d1e19bee	512	224	0	252
472	7	12276226658040	none	253	d1e19bee	512	224	0	253
473	0	12276243976860	none	254	d1e19bee	512	224	0	254
474	1	12276261191370	none	255	d1e19bee	512	224	0	255
475	2	12276278413260	none	256	d1e19bee	512	224	0	256
476	3	12276295720950	none	257	d1e19bee	512	224	0	257
477	4	12276309112270	none	258	d1e19bee	512	224	0	258
478	5	12276326349390	none	259	d1e19bee	512	224	0	259
479	6	12276343698730	none	260	d1e19bee	512	224	0	260
480	7	12276360946670	none	261	d1e19bee	512	224	0	261
481	0	12276378175370	none	262	d1e19bee	512	224	0	262
482	1	12276395399080	none	263	d1e19bee	512	224	0	263
483	2	12276408703960	none	264	d1e19bee	512	224	0	264
484	3	12276425936080	none	265	d1e19bee	512	224	0	265
485	4	12276443291340	none	266	d1e19bee	512	224	0	266
486	5	12276460514230	none	267	d1e19bee	512	224	0	267
487	6	12276477755900	none	268	d1e19bee	512	224	0	268
488	7	12276495010730	none	269	d1e19bee	512	224	0	269
489	0	12276508308060	none	270	d1e19bee	512	224	0	270
490	1	12276525519550	none	271	d1e19bee	512	224	0	271
491	2	12276542758980	none	272	d1e19bee	512	224	0	272
492	3	12276560008880	none	273	d1e19bee	512	224	0	273
493	4	12276577230020	none	274	d1e19bee	512	224	0	274
494	5	12276594472790	none	275	d1e19bee	512	224	0	275
495	6	12276611731880	none	276	d1e19bee	512	224	0	276
496	7	12276625060650	none	277	d1e19bee	512	224	0	277
497	0	12276642267480	none	278	d1e19bee	512	224	0	278
498	1	12276659501590	none	279	d1e19bee	512	224	0	279
499	2	12276676747490	none	280	d1e19bee	512	224	0	280
500	3	12276693999860	none	281	d1e19bee	512	224	0	281
501	4	12276711209570	none	282	d1e19bee	512	224	0	282
502	5	12276728413650	none	283	d1e19bee	512	224	0	283
503	6	12276741658730	none	284	d1e19bee	512	224	0	284
504	7	12276758888240	none	285	d1e19bee	512	224	0	285
505	0	12276776090490	none	286	d1e19bee	512	224	0	286
506	1	12276793332320	none	287	d1e19bee	512	224	0	287
507	2	12276810543600	none	288	d1e19bee	512	224	0	288
508	3	12276827785970	none	289	d1e19bee	512	224	0	289
509	4	12276845018630	none	290	d1e19bee	512	224	0	290
510	5	12276858466930	none	291	d1e19bee	512	224	0	291
511	6	12276875693740	none	292	d1e19bee	512	224	0	292
512	7	12276892998100	none	293	d1e19bee	512	224	0	293
513	0	12276910214570	none	294	d1e19bee	512	224	0	294
514	1	12276927423480	none	295	d1e19bee	512	224	0	295
515	2	12276944647090	none	296	d1e19bee	512	224	0	296
516	3	12276957859100	none	297	d1e19bee	512	224	0	297
517	4	12276975160330	none	298	d1e19bee	512	224	0	298
518	5	12276992503040	none	299	d1e19bee	512	224	0	299
519	6	12277009749770	none	300	128dfcbc	512	224	0	300
520	7	12277027080650	none	301	23c19574	512	224	0	301
521	0	12277044473070	none	302	34ec6ac7	512	224	0	302
522	1	12277057826980	none	303	db3cc2a3	512	224	0	303
523	2	12277075050850	none	304	5417ada8	512	224	0	304
524	3	12277092272380	none	305	e091b019	512	224	0	305
525	4	12277109520830	none	306	f3085531	512	224	0	306
526	5	12277126795980	none	307	b93f722a	512	224	0	307
527	6	12277144061960	none	308	c0a8e292	512	224	0	308
528	7	12277157430960	none	309	97ba1666	512	224	0	309
529	0	12277174642810	none	310	8fd54971	512	224	0	310
530	1	12277191960920	none	311	c530cf8e	512	224	0	311
531	2	12277209201260	none	312	d5b66886	512	224	0	312
532	3	12277226446640	none	313	3d645a96	512	224	0	313
533	4	12277243706520	none	314	61605322	512	224	0	314
534	5	12277260937290	none	315	61605322	512	224	0	315
535	6	12277274128300	none	316	61605322	512	224	0	316
536	7	12277291540740	none	317	61605322	512	224	0	317
537	0	12277308779100	none	318	61605322	512	224	0	318
538	1	12277325997490	none	319	61605322	512	224	0	319
539	2	12277343208490	none	320	61605322	512	224	0	320
540	3	12277360441580	none	321	61605322	512	224	0	321
541	4	12277373634830	none	322	61605322	512	224	0	322
542	5	12277391080780	none	323	61605322	512	224	0	323
543	6	12277408341080	none	324	61605322	512	224	0	324
544	7	12277425552060	none	325	61605322	512	224	0	325
545	0	12277442807530	none	326	61605322	512	224	0	326
546	1	12277460028080	none	327	bf5d2289	512	224	0	327
547	2	12277477231120	none	328	a18daf56	512	224	0	328
548	3	12277490447730	none	329	52397d0d	512	224	0	329
549	4	12277507680360	none	330	59234402	512	224	0	330
550	5	12277524902890	none	331	31cba8a7	512	224	0	331
551	6	12277542124660	none	332	2a0fc207	512	224	0	332
552	7	12277559363680	none	333	5694233b	512	224	0	333
553	0	12277576602240	none	334	761b7394	512	224	0	334
554	1	12277589811670	none	335	5eda0227	512	224	0	335
555	2	12277607049780	none	336	1144f808	512	224	0	336
556	3	12277624243210	none	337	94656f10	512	224	0	337
557	4	12277641519560	none	338	c10c086e	512	224	0	338
558	5	12277658832050	none	339	a3edba50	512	224	0	339
559	6	12277676082110	none	340	721b099b	512	224	0	340
560	7	12277693284190	none	341	5ada7828	512	224	0	341
561	0	12277706579500	none	342	5ada7828	512	224	0	342
562	1	12277723885480	none	343	5ada7828	512	224	0	343
563	2	12277741148920	none	344	5ada7828	512	224	0	344
564	3	12277758409920	none	345	5ada7828	512	224	0	345
565	4	12277775637850	none	346	5ada7828	512	224	0	346
566	5	12277792876430	none	347	5ada7828	512	224	0	347
567	6	12277806208230	none	348	5ada7828	512	224	0	348
568	7	12277823472440	none	349	5ada7828	512	224	0	349
569	0	12277840795410	none	350	5ada7828	512	224	0	350
570	1	12277858074460	none	351	5ada7828	512	224	0	351
571	2	12277875268030	none	352	5ada7828	512	224	0	352
572	3	12277892485930	none	353	5ada7828	512	224	0	353
573	4	12277909804950	none	354	5ada7828	512	224	0	354
574	5	12277923043880	none	355	5ada7828	512	224	0	355
575	6	12277940311530	none	356	5ada7828	512	224	0	356
576	7	12277957533990	none	357	5ada7828	512	224	0	357
577	0	12277974776910	none	358	5ada7828	512	224	0	358
578	1	12277991990700	none	359	5ada7828	512	224	0	359
579	2	12278009340640	none	360	5ada7828	512	224	0	360
580	3	12278022553710	none	361	5ada7828	512	224	0	361
581	4	12278039875280	none	362	5ada7828	512	224	0	362
582	5	12278057098270	none	363	5ada7828	512	224	0	363
583	6	12278074289240	none	364	5ada7828	512	224	0	364
584	7	12278091556310	none	365	5ada7828	512	224	0	365
585	0	12278108813730	none	366	5ada7828	512	224	0	366
586	1	12278126033260	none	367	5ada7828	512	224	0	367
587	2	12278139207060	none	368	5ada7828	512	224	0	368
588	3	12278156504180	none	369	5ada7828	512	224	0	369
589	4	12278173749020	none	370	5ada7828	512	224	0	370
590	5	12278191027630	none	371	5ada7828	512	224	0	371
591	6	12278208276540	none	372	5ada7828	512	224	0	372
592	7	12278225496280	none	373	5ada7828	512	224	0	373
593	0	12278238687600	none	374	5ada7828	512	224	0	374
594	1	12278255912530	none	375	5ada7828	512	224	0	375
595	2	12278273116910	none	376	5ada7828	512	224	0	376
596	3	12278290334320	none	377	5ada7828	512	224	0	377
597	4	12278307648680	none	378	5ada7828	512	224	0	378
598	5	12278324896030	none	379	5ada7828	512	224	0	379
599	6	12278342115290	none	380	5ada7828	512	224	0	380
600	7	12278355308850	none	381	5ada7828	512	224	0	381
601	0	12278372522610	none	382	5ada7828	512	224	0	382
602	1	12278389810260	none	383	5ada7828	512	224	0	383
603	2	12278407040720	none	384	5ada7828	512	224	0	384
604	3	12278424247390	none	385	5ada7828	512	224	0	385
605	4	12278441514690	none	386	5ada7828	512	224	0	386
606	5	12278458857200	none	387	5ada7828	512	224	0	387
607	6	12278472032560	none	388	5ada7828	512	224	0	388
608	7	12278489261290	none	389	5ada7828	512	224	0	389
609	0	12278506489160	none	390	5ada7828	512	224	0	390
610	1	12278523725370	none	391	5ada7828	512	224	0	391
611	2	12278540956540	none	392	5ada7828	512	224	0	392
612	3	12278558276030	none	393	5ada7828	512	224	0	393
613	4	12278571465620	none	394	5ada7828	512	224	0	394
614	5	12278588842750	none	395	5ada7828	512	224	0	395
615	6	12278606084170	none	396	5ada7828	512	224	0	396
616	7	12278623303930	none	397	5ada7828	512	224	0	397
617	0	12278640504510	none	398	5ada7828	512	224	0	398
618	1	12278657746060	none	399	5ada7828	512	224	0	399
619	2	12278674965400	none	400	5ada7828	512	224	0	400
620	3	12278688137300	none	401	5ada7828	512	224	0	401
621	4	12278705347290	none	402	5ada7828	512	224	0	402
622	5	12278722603100	none	403	5ada7828	512	224	0	403
623	6	12278739847580	none	404	5ada7828	512	224	0	404
624	7	12278757248390	none	405	5ada7828	512	224	0	405
625	0	12278774474450	none	406	5ada7828	512	224	0	406
626	1	12278791724450	none	407	5ada7828	512	224	0	407
627	2	12278804964920	none	408	5ada7828	512	224	0	408
628	3	12278822179680	none	409	5ada7828	512	224	0	409
629	4	12278839387390	none	410	5ada7828	512	224	0	410
630	5	12278856643790	none	411	5ada7828	512	224	0	411
631	6	12278873872330	none	412	5ada7828	512	224	0	412
632	7	12278891095040	none	413	5ada7828	512	224	0	413
633	0	12278904268220	none	414	5ada7828	512	224	0	414
634	1	12278921481430	none	415	5ada7828	512	224	0	415
635	2	12278938732850	none	416	5ada7828	512	224	0	416
636	3	12278955955170	none	417	5ada7828	512	224	0	417
637	4	12278973160020	none	418	5ada7828	512	224	0	418
638	5	12278990413950	none	419	5ada7828	512	224	0	419
639	6	12279007759230	none	420	5ada7828	512	224	0	420
640	7	12279020937580	none	421	5ada7828	512	224	0	421
641	0	12279038149060	none	422	5ada7828	512	224	0	422
642	1	12279055362700	none	423	5ada7828	512	224	0	423
643	2	12279072627090	none	424	5ada7828	512	224	0	424
644	3	12279089858180	none	425	5ada7828	512	224	0	425
645	4	12279107236090	none	426	5ada7828	512	224	0	426
646	5	12279124474050	none	427	5ada7828	512	224	0	427
647	6	12279137678450	none	428	5ada7828	512	224	0	428
648	7	12279154906730	none	429	5ada7828	512	224	0	429
649	0	12279172168580	none	430	5ada7828	512	224	0	430
650	1	12279189416540	none	431	5ada7828	512	224	0	431
651	2	12279206749550	none	432	5ada7828	512	224	0	432
652	3	12279223985540	none	433	5ada7828	512	224	0	433
653	4	12279237165620	none	434	5ada7828	512	224	0	434
654	5	12279254403730	none	435	5ada7828	512	224	0	435
655	6	12279271669280	none	436	5ada7828	512	224	0	436
656	7	12279288905770	none	437	5ada7828	512	224	0	437
657	0	12279306260430	none	438	5ada7828	512	224	0	438
658	1	12279323495160	none	439	5ada7828	512	224	0	439
659	2	12279340748200	none	440	5ada7828	512	224	0	440
660	3	12279353968390	none	441	5ada7828	512	224	0	441
661	4	12279371163360	none	442	5ada7828	512	224	0	442
662	5	12279388387750	none	443	5ada7828	512	224	0	443
663	6	12279405659420	none	444	5ada7828	512	224	0	444
664	7	12279422885540	none	445	5ada7828	512	224	0	445
665	0	12279440104190	none	446	5ada7828	512	224	0	446
666	1	12279457332100	none	447	5ada7828	512	224	0	447
667	2	12279470501200	none	448	5ada7828	512	224	0	448
668	3	12279487752030	none	449	5ada7828	512	224	0	449
669	4	12279504978770	none	450	5ada7828	512	224	0	450
670	5	12279522217370	none	451	5ada7828	512	224	0	451
671	6	12279539452690	none	452	5ada7828	512	224	0	452
672	7	12279556713110	none	453	5ada7828	512	224	0	453
673	0	12279569913030	none	454	5ada7828	512	224	0	454
674	1	12279587135770	none	455	5ada7828	512	224	0	455
675	2	12279604443870	none	456	5ada7828	512	224	0	456
676	3	12279621688900	none	457	5ada7828	512	224	0	457
677	4	12279638918310	none	458	5ada7828	512	224	0	458
678	5	12279656134740	none	459	5ada7828	512	224	0	459
679	6	12279673378370	none	460	5ada7828	512	224	0	460
680	7	12279686592540	none	461	5ada7828	512	224	0	461
681	0	12279703823500	none	462	5ada7828	512	224	0	462
682	1	12279721091810	none	463	5ada7828	512	224	0	463
683	2	12279738318710	none	464	5ada7828	512	224	0	464
684	3	12279755685420	none	465	5ada7828	512	224	0	465
685	4	12279772948910	none	466	5ada7828	512	224	0	466
686	5	12279786146030	none	467	5ada7828	512	224	0	467
687	6	12279803389980	none	468	5ada7828	512	224	0	468
688	7	12279820622430	none	469	5ada7828	512	224	0	469
689	0	12279837868590	none	470	5ada7828	512	224	0	470
690	1	12279855216250	none	471	5ada7828	512	224	0	471
691	2	12279872451210	none	472	5ada7828	512	224	0	472
692	3	12279889710610	none	473	5ada7828	512	224	0	473
693	4	12279902963450	none	474	5ada7828	512	224	0	474
694	5	12279920172310	none	475	5ada7828	512	224	0	475
695	6	12279937375760	none	476	5ada7828	512	224	0	476
696	7	12279954723260	none	477	5ada7828	512	224	0	477
697	0	12279971955010	none	478	5ada7828	512	224	0	478
698	1	12279989165750	none	479	5ada7828	512	224	0	479
699	2	12280006425140	none	480	5ada7828	512	224	0	480
700	3	12280019642100	none	481	5ada7828	512	224	0	481
701	4	12280036870170	none	482	5ada7828	512	224	0	482
702	5	12280054370680	none	483	5ada7828	512	224	0	483
703	6	12280072049280	none	484	5ada7828	512	224	0	484
704	7	12280089530100	none	485	5ada7828	512	224	0	485
705	0	12280102822270	none	486	5ada7828	512	224	0	486
706	1	12280120340450	none	487	5ada7828	512	224	0	487
707	2	12280137704130	none	488	5ada7828	512	224	0	488
708	3	12280155351120	none	489	5ada7828	512	224	0	489
709	4	12280172621080	none	490	5ada7828	512	224	0	490
710	5	12280185839510	none	491	5ada7828	512	224	0	491
711	6	12280203171670	none	492	5ada7828	512	224	0	492
712	7	12280220418010	none	493	5ada7828	512	224	0	493
713	0	12280237727460	none	494	5ada7828	512	224	0	494
714	1	12280255512750	none	495	5ada7828	512	224	0	495
715	2	12280268746260	none	496	5ada7828	512	224	0	496
716	3	12280286202030	none	497	5ada7828	512	224	0	497
717	4	12280303626060	none	498	5ada7828	512	224	0	498
718	5	12280321045970	none	499	5ada7828	512	224	0	499
719	6	12280338662640	none	500	5ada7828	512	224	0	500
720	7	12280352374210	none	501	5ada7828	512	224	0	501
721	0	12280370055920	none	502	5ada7828	512	224	0	502
722	1	12280387440450	none	503	5ada7828	512	224	0	503
723	2	12280404766400	none	504	5ada7828	512	224	0	504
724	3	12280421985420	none	505	5ada7828	512	224	0	505
725	4	12280435154240	none	506	5ada7828	512	224	0	506
726	5	12280452399190	none	507	5ada7828	512	224	0	507
727	6	12280469649760	none	508	5ada7828	512	224	0	508
728	7	12280486893110	none	509	5ada7828	512	224	0	509
729	0	12280504163630	none	510	5ada7828	512	224	0	510
730	1	12280521440170	none	511	5ada7828	512	224	0	511
731	2	12280538692390	none	512	5ada7828	512	224	0	512
732	3	12280551894010	none	513	5ada7828	512	224	0	513
733	4	12280569106170	none	514	5ada7828	512	224	0	514
734	5	12280586380200	none	515	5ada7828	512	224	0	515
735	6	12280603752820	none	516	5ada7828	512	224	0	516
736	7	12280621041920	none	517	5ada7828	512	224	0	517
737	0	12280638292060	none	518	5ada7828	512	224	0	518
738	1	12280651458700	none	519	5ada7828	512	224	0	519
739	2	12280668710740	none	520	5ada7828	512	224	0	520
740	3	12280685951080	none	521	5ada7828	512	224	0	521
741	4	12280703313590	none	522	5ada7828	512	224	0	522
742	5	12280720633410	none	523	5ada7828	512	224	0	523
743	6	12280737876170	none	524	768a4d37	512	224	0	524
744	7	12280755106170	none	525	768a4d37	512	224	0	525
745	0	12280768430000	none	526	027a1216	512	224	0	526
746	1	12280785691270	none	527	027a1216	512	224	0	527
747	2	12280803006060	none	528	57c36b01	512	224	0	528
748	3	12280820238320	none	529	57c36b01	512	224	0	529
749	4	12280837497110	none	530	37f30487	512	224	0	530
750	5	12280854778360	none	531	37f30487	512	224	0	531
751	6	12280868125210	none	532	1ba33198	512	224	0	532
752	7	12280885353650	none	533	1ba33198	512	224	0	533
753	0	12280902703490	none	534	47f45541	512	224	0	534
754	1	12280919948380	none	535	47f45541	512	224	0	535
755	2	12280937164230	none	536	6ba4605e	512	224	0	536
756	3	12280954413020	none	537	6ba4605e	512	224	0	537
757	4	12280967637140	none	538	22146e96	512	224	0	538
758	5	12280984868350	none	539	22146e96	512	224	0	539
759	6	12281002223040	none	540	0e445b89	512	224	0	540
760	7	12281019453150	none	541	44440861	512	224	0	541
761	0	12281036707740	none	542	30b45740	512	224	0	542
762	1	12281053996030	none	543	30b45740	512	224	0	543
763	2	12281071226340	none	544	1ce4625f	512	224	0	544
764	3	12281084427180	none	545	1ce4625f	512	224	0	545
765	4	12281101710560	none	546	7cd40dd9	512	224	0	546
766	5	12281118963520	none	547	54733621	512	224	0	547
767	6	12281136195100	none	548	7823033e	512	224	0	548
768	7	12281153449230	none	549	7823033e	512	224	0	549
769	0	12281170695190	none	550	0cd35c1f	512	224	0	550
770	1	12281183897930	none	551	0cd35c1f	512	224	0	551
771	2	12281201265370	none	552	20836900	512	224	0	552
772	3	12281218465790	none	553	596a2508	512	224	0	553
773	4	12281235713130	none	554	596a2508	512	224	0	554
774	5	12281252998770	none	555	43dae95c	512	224	0	555
775	6	12281270225450	none	556	43dae95c	512	224	0	556
776	7	12281287482170	none	557	6f8adc43	512	224	0	557
777	0	12281300693650	none	558	6f8adc43	512	224	0	558
778	1	12281317907360	none	559	1b7a8362	512	224	0	559
779	2	12281335139210	none	560	33ddb89a	512	224	0	560
780	3	12281352406350	none	561	1f8d8d85	512	224	0	561
781	4	12281369650160	none	562	1f8d8d85	512	224	0	562
782	5	12281387080030	none	563	7fbde203	512	224	0	563
783	6	12281400277400	none	564	7fbde203	512	224	0	564
784	7	12281417493580	none	565	53edd71c	512	224	0	565
785	0	12281434748820	none	566	8d8c938b	512	224	0	566
786	1	12281452036770	none	567	f97cccaa	512	224	0	567
787	2	12281469287540	none	568	f97cccaa	512	224	0	568
788	3	12281486523170	none	569	d52cf9b5	512	224	0	569
789	4	12281503776350	none	570	d52cf9b5	512	224	0	570
790	5	12281517121930	none	571	9c9cf77d	512	224	0	571
791	6	12281534408070	none	572	9c9cf77d	512	224	0	572
792	7	12281551676550	none	573	986bf99a	512	224	0	573
793	0	12281568914030	none	574	986bf99a	512	224	0	574
794	1	12281586127950	none	575	ec9ba6bb	512	224	0	575
795	2	12281603412280	none	576	ec9ba6bb	512	224	0	576
796	3	12281616775360	none	577	c0cb93a4	512	224	0	577
797	4	12281634068480	none	578	c0cb93a4	512	224	0	578
798	5	12281651347770	none	579	d912b02a	512	224	0	579
799	6	12281668631040	none	580	d912b02a	512	224	0	580
800	7	12281685865090	none	581	f5428535	512	224	0	581
801	0	12281703095070	none	582	f5428535	512	224	0	582
802	1	12281716417880	none	583	81b2da14	512	224	0	583
803	2	12281733665710	none	584	81b2da14	512	224	0	584
804	3	12281750977290	none	585	8545d4f3	512	224	0	585
805	4	12281768194730	none	586	8545d4f3	512	224	0	586
806	5	12281785443030	none	587	8faf01fc	512	224	0	587
807	6	12281802692480	none	588	8faf01fc	512	224	0	588
808	7	12281819922690	none	589	583a878a	512	224	0	589
809	0	12281833112320	none	590	fa6ca99a	512	224	0	590
810	1	12281850663800	none	591	78e079df	512	224	0	591
811	2	12281867947310	none	592	fdb8e763	512	224	0	592
812	3	12281885243190	none	593	0527341b	512	224	0	593
813	4	12281902462480	none	594	c0f19fd8	512	224	0	594
814	5	12281919802650	none	595	b742a45b	512	224	0	595
815	6	12281932993360	none	596	76618ef2	512	224	0	596
816	7	12281950252560	none	597	dc98ad5f	512	224	0	597
817	0	12281967469260	none	598	3ea0d698	512	224	0	598
818	1	12281984750090	none	599	8195df58	512	224	0	599
819	2	12282001979340	none	600	17be1436	512	224	0	600
820	3	12282019341980	none	601	98fb6947	512	224	0	601
821	4	12282032565480	none	602	adf089e6	512	224	0	602
822	5	12282049968230	none	603	a2100115	512	224	0	603
823	6	12282067360380	none	604	70da9dc2	512	224	0	604
824	7	12282084801520	none	605	e6ea2c7a	512	224	0	605
825	0	12282102018350	none	606	d4cde500	512	224	0	606
826	1	12282119405240	none	607	38f8313c	512	224	0	607
827	2	12282132620850	none	608	3d80fede	512	224	0	608
828	3	12282149936800	none	609	93d5d761	512	224	0	609
829	4	12282167169500	none	610	9819e126	512	224	0	610
830	5	12282184527960	none	611	6c1cd826	512	224	0	611
831	6	12282201798780	none	612	7df3d1c2	512	224	0	612
832	7	12282219211210	none	613	6609e950	512	224	0	613
833	0	12282232429580	none	614	0ca270b4	512	224	0	614
834	1	12282249777260	none	615	603d5e54	512	224	0	615
835	2	12282267015800	none	616	1f2969ea	512	224	0	616
836	3	12282284244800	none	617	10cedc5c	512	224	0	617
837	4	12282301471410	none	618	10cedc5c	512	224	0	618
838	5	12282318727950	none	619	46f5cd4d	512	224	0	619
839	6	12282331940940	none	620	85c61fc5	512	224	0	620
840	7	12282349157160	none	621	fed498dc	512	224	0	621
841	0	12282366412780	none	622	7f015185	512	224	0	622
842	1	12282383663040	none	623	c45e34eb	512	224	0	623
843	2	12282400906800	none	624	111f12e8	512	224	0	624
844	3	12282418280790	none	625	427c7fac	512	224	0	625
845	4	12282435517580	none	626	5247b54b	512	224	0	626
846	5	12282448750650	none	627	43e54ec0	512	224	0	627
847	6	12282465998330	none	628	b13895ed	512	224	0	628
848	7	12282483270320	none	629	466703c8	512	224	0	629
849	0	12282500491380	none	630	6756bca8	512	224	0	630
850	1	12282517744470	none	631	96359e6b	512	224	0	631
851	2	12282535022510	none	632	b50082f5	512	224	0	632
852	3	12282552255200	none	633	d2419edd	512	224	0	633
853	4	12282565477940	none	634	346090b3	512	224	0	634
854	5	12282582721580	none	635	3917270d	512	224	0	635
855	6	12282600000780	none	636	02eede71	512	224	0	636
856	7	12282617241850	none	637	46d748b0	512	224	0	637
857	0	12282634487000	none	638	3f467bc0	512	224	0	638
858	1	12282651740450	none	639	5e92a5cb	512	224	0	639
859	2	12282664998320	none	640	f1c4c161	512	224	0	640
860	3	12282682231240	none	641	e38f62d6	512	224	0	641
861	4	12282699452170	none	642	f764d70c	512	224	0	642
862	5	12282716713200	none	643	19e49b1e	512	224	0	643
863	6	12282733960990	none	644	df091514	512	224	0	644
864	7	12282751232460	none	645	4ee42e85	512	224	0	645
865	0	12282768493480	none	646	eb396832	512	224	0	646
866	1	12282781709800	none	647	c3298b2b	512	224	0	647
867	2	12282799004900	none	648	229d336d	512	224	0	648
868	3	12282816233590	none	649	229d336d	512	224	0	649
869	4	12282833454530	none	650	229d336d	512	224	0	650
870	5	12282850712980	none	651	229d336d	512	224	0	651
871	6	12282868009300	none	652	229d336d	512	224	0	652
872	7	12282881319900	none	653	229d336d	512	224	0	653
873	0	12282898601930	none	654	229d336d	512	224	0	654
874	1	12282915845720	none	655	229d336d	512	224	0	655
875	2	12282933088490	none	656	229d336d	512	224	0	656
876	3	12282950314960	none	657	229d336d	512	224	0	657
877	4	12282967679990	none	658	229d336d	512	224	0	658
878	5	12282980921100	none	659	229d336d	512	224	0	659
879	6	12282998174790	none	660	229d336d	512	224	0	660
880	7	12283015405540	none	661	229d336d	512	224	0	661
881	0	12283032714550	none	662	229d336d	512	224	0	662
882	1	12283049962010	none	663	229d336d	512	224	0	663
883	2	12283067341660	none	664	229d336d	512	224	0	664
884	3	12283084597350	none	665	229d336d	512	224	0	665
885	4	12283097806950	none	666	229d336d	512	224	0	666
886	5	12283115039110	none	667	229d336d	512	224	0	667
887	6	12283132267040	none	668	229d336d	512	224	0	668
888	7	12283149498310	none	669	229d336d	512	224	0	669
889	0	12283166826460	none	670	229d336d	512	224	0	670
890	1	12283184055570	none	671	229d336d	512	224	0	671
891	2	12283197246060	none	672	229d336d	512	224	0	672
892	3	12283214480920	none	673	229d336d	512	224	0	673
893	4	12283231705750	none	674	229d336d	512	224	0	674
894	5	12283248961570	none	675	229d336d	512	224	0	675
895	6	12283266359140	none	676	229d336d	512	224	0	676
896	7	12283283616820	none	677	229d336d	512	224	0	677
897	0	12283300866970	none	678	229d336d	512	224	0	678
898	1	12283314054320	none	679	229d336d	512	224	0	679
899	2	12283331263840	none	680	229d336d	512	224	0	680
900	3	12283348485330	none	681	229d336d	512	224	0	681
901	4	12283365737200	none	682	229d336d	512	224	0	682
902	5	12283382967550	none	683	229d336d	512	224	0	683
903	6	12283400180720	none	684	229d336d	512	224	0	684
904	7	12283417420350	none	685	229d336d	512	224	0	685
905	0	12283430640840	none	686	229d336d	512	224	0	686
906	1	12283447987110	none	687	229d336d	512	224	0	687
907	2	12283465212400	none	688	229d336d	512	224	0	688
908	3	12283482421460	none	689	229d336d	512	224	0	689
909	4	12283499680270	none	690	229d336d	512	224	0	690
910	5	12283517047440	none	691	229d336d	512	224	0	691
911	6	12283530246100	none	692	229d336d	512	224	0	692
912	7	12283547466910	none	693	229d336d	512	224	0	693
913	0	12283564724880	none	694	229d336d	512	224	0	694
914	1	12283581988100	none	695	229d336d	512	224	0	695
915	2	12283599215700	none	696	229d336d	512	224	0	696
916	3	12283616476640	none	697	229d336d	512	224	0	697
917	4	12283633731450	none	698	229d336d	512	224	0	698
918	5	12283647047400	none	699	229d336d	512	224	0	699
919	6	12283664252590	none	700	229d336d	512	224	0	700
920	7	12283681479790	none	701	229d336d	512	224	0	701
921	0	12283698726770	none	702	229d336d	512	224	0	702
922	1	12283716025860	none	703	229d336d	512	224	0	703
923	2	12283733259850	none	704	229d336d	512	224	0	704
924	3	12283746451090	none	705	229d336d	512	224	0	705
925	4	12283763697470	none	706	229d336d	512	224	0	706
926	5	12283781091740	none	707	229d336d	512	224	0	707
927	6	12283798353220	none	708	229d336d	512	224	0	708
928	7	12283815713880	none	709	229d336d	512	224	0	709
929	0	12283832951250	none	710	229d336d	512	224	0	710
930	1	12283846137320	none	711	229d336d	512	224	0	711
931	2	12283863390690	none	712	229d336d	512	224	0	712
932	3	12283880667200	none	713	229d336d	512	224	0	713
933	4	12283897900400	none	714	229d336d	512	224	0	714
934	5	12283915278600	none	715	229d336d	512	224	0	715
935	6	12283932508550	none	716	229d336d	512	224	0	716
936	7	12283949746610	none	717	229d336d	512	224	0	717
937	0	12283962943930	none	718	229d336d	512	224	0	718
938	1	12283980159560	none	719	229d336d	512	224	0	719
939	2	12283997412290	none	720	229d336d	512	224	0	720
940	3	12284014755070	none	721	229d336d	512	224	0	721
941	4	12284031986680	none	722	229d336d	512	224	0	722
942	5	12284049274490	none	723	229d336d	512	224	0	723
943	6	12284062470530	none	724	229d336d	512	224	0	724
944	7	12284079736800	none	725	229d336d	512	224	0	725
945	0	12284096977600	none	726	229d336d	512	224	0	726
946	1	12284114366440	none	727	229d336d	512	224	0	727
947	2	12284131645630	none	728	229d336d	512	224	0	728
948	3	12284148908780	none	729	229d336d	512	224	0	729
949	4	12284166136330	none	730	229d336d	512	224	0	730
950	5	12284179331710	none	731	229d336d	512	224	0	731
951	6	12284196580250	none	732	229d336d	512	224	0	732
952	7	12284213831840	none	733	229d336d	512	224	0	733
953	0	12284231078700	none	734	229d336d	512	224	0	734
954	1	12284248327610	none	735	229d336d	512	224	0	735
955	2	12284265590950	none	736	229d336d	512	224	0	736
956	3	12284278787460	none	737	229d336d	512	224	0	737
957	4	12284296066810	none	738	229d336d	512	224	0	738
958	5	12284313325070	none	739	229d336d	512	224	0	739
959	6	12284330574910	none	740	229d336d	512	224	0	740
960	7	12284347821830	none	741	229d336d	512	224	0	741
961	0	12284365057360	none	742	229d336d	512	224	0	742
962	1	12284382281080	none	743	229d336d	512	224	0	743
963	2	12284395492460	none	744	229d336d	512	224	0	744
964	3	12284412786870	none	745	229d336d	512	224	0	745
965	4	12284430029530	none	746	229d336d	512	224	0	746
966	5	12284447277860	none	747	229d336d	512	224	0	747
967	6	12284464536780	none	748	229d336d	512	224	0	748
968	7	12284481785360	none	749	229d336d	512	224	0	749
969	0	12284495057940	none	750	229d336d	512	224	0	750
970	1	12284512368260	none	751	229d336d	512	224	0	751
971	2	12284529650290	none	752	229d336d	512	224	0	752
972	3	12284546892090	none	753	229d336d	512	224	0	753
973	4	12284564128310	none	754	229d336d	512	224	0	754
974	5	12284581389380	none	755	229d336d	512	224	0	755
975	6	12284598648300	none	756	229d336d	512	224	0	756
976	7	12284611855750	none	757	229d336d	512	224	0	757
977	0	12284629155080	none	758	229d336d	512	224	0	758
978	1	12284646460640	none	759	229d336d	512	224	0	759
979	2	12284663777010	none	760	229d336d	512	224	0	760
980	3	12284681022360	none	761	229d336d	512	224	0	761
981	4	12284698246320	none	762	229d336d	512	224	0	762
982	5	12284711442620	none	763	229d336d	512	224	0	763
983	6	12284728694920	none	764	229d336d	512	224	0	764
984	7	12284746000550	none	765	229d336d	512	224	0	765
985	0	12284763397610	none	766	229d336d	512	224	0	766
986	1	12284780659400	none	767	229d336d	512	224	0	767
987	2	12284798020490	none	768	229d336d	512	224	0	768
988	3	12284811215470	none	769	229d336d	512	224	0	769
989	4	12284828419350	none	770	229d336d	512	224	0	770
990	5	12284845716500	none	771	229d336d	512	224	0	771
991	6	12284863101930	none	772	229d336d	512	224	0	772
992	7	12284880357270	none	773	229d336d	512	224	0	773
993	0	12284897630400	none	774	229d336d	512	224	0	774
994	1	12284914857960	none	775	229d336d	512	224	0	775
995	2	12284928225730	none	776	229d336d	512	224	0	776
996	3	12284945457740	none	777	229d336d	512	224	0	777
997	4	12284962877720	none	778	229d336d	512	224	0	778
998	5	12284980100530	none	779	229d336d	512	224	0	779
999	6	12284997360460	none	780	229d336d	512	224	0	780
1000	7	12285014626850	none	781	229d336d	512	224	0	781
1001	0	12285027822130	none	782	229d336d	512	224	0	782
1002	1	12285045051990	none	783	229d336d	512	224	0	783
1003	2	12285062462560	none	784	229d336d	512	224	0	784
1004	3	12285079750710	none	785	229d336d	512	224	0	785
1005	4	12285097008250	none	786	229d336d	512	224	0	786
1006	5	12285114272720	none	787	229d336d	512	224	0	787
1007	6	12285127483540	none	788	229d336d	512	224	0	788
1008	7	12285144742130	none	789	229d336d	512	224	0	789
1009	0	12285162134680	none	790	229d336d	512	224	0	790
1010	1	12285179422540	none	791	229d336d	512	224	0	791
1011	2	12285196684120	none	792	229d336d	512	224	0	792
1012	3	12285213944510	none	793	229d336d	512	224	0	793
1013	4	12285227332460	none	794	229d336d	512	224	0	794
1014	5	12285244583560	none	795	229d336d	512	224	0	795
1015	6	12285261886100	none	796	229d336d	512	224	0	796
1016	7	12285279260690	none	797	229d336d	512	224	0	797
1017	0	12285296508000	none	798	229d336d	512	224	0	798
1018	1	12285313744240	none	799	229d336d	512	224	0	799
1019	2	12285327113980	none	800	229d336d	512	224	0	800
1020	3	12285344359650	none	801	229d336d	512	224	0	801
1021	4	12285361697570	none	802	229d336d	512	224	0	802
1022	5	12285379031290	none	803	229d336d	512	224	0	803
1023	6	12285396335110	none	804	229d336d	512	224	0	804
1024	7	12285413613970	none	805	229d336d	512	224	0	805
1025	0	12285426849110	none	806	229d336d	512	224	0	806
1026	1	12285444060470	none	807	229d336d	512	224	0	807
1027	2	12285461410220	none	808	229d336d	512	224	0	808
1028	3	12285478659630	none	809	229d336d	512	224	0	809
1029	4	12285495958540	none	810	229d336d	512	224	0	810
1030	5	12285513219490	none	811	229d336d	512	224	0	811
1031	6	12285530514640	none	812	229d336d	512	224	0	812
1032	7	12285543717530	none	813	229d336d	512	224	0	813
1033	0	12285560944750	none	814	229d336d	512	224	0	814
1034	1	12285578175470	none	815	229d336d	512	224	0	815
1035	2	12285595377030	none	816	229d336d	512	224	0	816
1036	3	12285612678880	none	817	229d336d	512	224	0	817
1037	4	12285629949850	none	818	229d336d	512	224	0	818
1038	5	12285643308850	none	819	229d336d	512	224	0	819
1039	6	12285660658630	none	820	229d336d	512	224	0	820
1040	7	12285677946590	none	821	229d336d	512	224	0	821
1041	0	12285695181440	none	822	229d336d	512	224	0	822
1042	1	12285712470580	none	823	229d336d	512	224	0	823
1043	2	12285729741470	none	824	229d336d	512	224	0	824
1044	3	12285746978160	none	825	229d336d	512	224	0	825
1045	4	12285760178700	none	826	229d336d	512	224	0	826
1046	5	12285777400740	none	827	229d336d	512	224	0	827
1047	6	12285794674060	none	828	229d336d	512	224	0	828
1048	7	12285811993280	none	829	229d336d	512	224	0	829
1049	0	12285829308250	none	830	229d336d	512	224	0	830
1050	1	12285846584910	none	831	229d336d	512	224	0	831
1051	2	12285859792330	none	832	684bc63a	512	224	0	832
1052	3	12285877010390	none	833	684bc63a	512	224	0	833
1053	4	12285894250310	none	834	86b4830e	512	224	0	834
1054	5	12285911525420	none	835	b791fc37	512	224	0	835
1055	6	12285928765450	none	836	b601bad9	512	224	0	836
1056	7	12285946088950	none	837	1971a619	512	224	0	837
1057	0	12285963329240	none	838	4af1ab07	512	224	0	838
1058	1	12285976663520	none	839	3a57fb67	512	224	0	839
1059	2	12285993914280	none	840	ee8e3254	512	224	0	840
1060	3	12286011127460	none	841	87158cff	512	224	0	841
1061	4	12286028355230	none	842	99ac4ed6	512	224	0	842
1062	5	12286045666040	none	843	8497e688	512	224	0	843
1063	6	12286062955120	none	844	9ae61083	512	224	0	844
1064	7	12286076175980	none	845	5002cc19	512	224	0	845
1065	0	12286093409930	none	846	372acf2f	512	224	0	846
1066	1	12286110671940	none	847	0411ea69	512	224	0	847
1067	2	12286127899060	none	848	e985b9b5	512	224	0	848
1068	3	12286145111200	none	849	a190eac6	512	224	0	849
1069	4	12286162417280	none	850	a58c73ca	512	224	0	850
1070	5	12286175895290	none	851	97326939	512	224	0	851
1071	6	12286193204220	none	852	736c91dc	512	224	0	852
1072	7	12286210448980	none	853	531f612e	512	224	0	853
1073	0	12286227701750	none	854	36333cfe	512	224	0	854
1074	1	12286245086330	none	855	4b352fb2	512	224	0	855
1075	2	12286262377770	none	856	ba7bb611	512	224	0	856
1076	3	12286275716070	none	857	5da4c929	512	224	0	857
1077	4	12286292925990	none	858	162a40c1	512	224	0	858
1078	5	12286310163160	none	859	09ca9810	512	224	0	859
1079	6	12286327389250	none	860	b1a7a995	512	224	0	860
1080	7	12286344651490	none	861	5b71f85c	512	224	0	861
1081	0	12286361890700	none	862	381f6bf8	512	224	0	862
1082	1	12286375306640	none	863	381f6bf8	512	224	0	863
1083	2	12286392558160	none	864	ce8782e6	512	224	0	864
1084	3	12286409785250	none	865	00f09ebf	512	224	0	865
1085	4	12286427004510	none	866	d9935d76	512	224	0	866
1086	5	12286444293500	none	867	04ce01f0	512	224	0	867
1087	6	12286461698150	none	868	05dd60ef	512	224	0	868
1088	7	12286479084200	none	869	c18b6bc0	512	224	0	869
1089	0	12286492317900	none	870	c259cd5d	512	224	0	870
1090	1	12286509566720	none	871	da2f22a2	512	224	0	871
1091	2	12286526805530	none	872	097ba57a	512	224	0	872
1092	3	12286544093800	none	873	cbc2f2e4	512	224	0	873
1093	4	12286561326600	none	874	19c13ca2	512	224	0	874
1094	5	12286578676160	none	875	f3ca395f	512	224	0	875
1095	6	12286591928210	none	876	a2303f0d	512	224	0	876
1096	7	12286609155050	none	877	9f75c312	512	224	0	877
1097	0	12286626402810	none	878	7b5aa318	512	224	0	878
1098	1	12286643657880	none	879	cfc7e457	512	224	0	879
1099	2	12286660886380	none	880	53ebdde3	512	224	0	880
1100	3	12286678302560	none	881	8883d9e7	512	224	0	881
1101	4	12286691581690	none	882	dcea7899	512	224	0	882
1102	5	12286708972130	none	883	12301517	512	224	0	883
1103	6	12286726329950	none	884	05e0a937	512	224	0	884
1104	7	12286743604130	none	885	b3809653	512	224	0	885
1105	0	12286760853940	none	886	842d03cd	512	224	0	886
1106	1	12286778236790	none	887	0a6f4c8b	512	224	0	887
1107	2	12286791450540	none	888	ee649df2	512	224	0	888
1108	3	12286808707570	none	889	6e8a038f	512	224	0	889
1109	4	12286825925360	none	890	776af7eb	512	224	0	890
1110	5	12286843126680	none	891	9e639f80	512	224	0	891
1111	6	12286860377550	none	892	69b1de48	512	224	0	892
1112	7	12286877724340	none	893	667a9721	512	224	0	893
1113	0	12286894967060	none	894	667a9721	512	224	0	894
1114	1	12286908154060	none	895	667a9721	512	224	0	895
1115	2	12286925360590	none	896	667a9721	512	224	0	896
1116	3	12286942615790	none	897	667a9721	512	224	0	897
1117	4	12286959844710	none	898	667a9721	512	224	0	898
1118	5	12286977239130	none	899	667a9721	512	224	0	899
1119	6	12286994493820	none	900	667a9721	512	224	0	900
1120	7	12287007701850	none	901	667a9721	512	224	0	901
1121	0	12287024950150	none	902	32683817	512	224	0	902
1122	1	12287042169750	none	903	32683817	512	224	0	903
1123	2	12287059575340	none	904	32683817	512	224	0	904
1124	3	12287076811090	none	905	32683817	512	224	0	905
1125	4	12287094396830	none	906	32683817	512	224	0	906
1126	5	12287108007610	none	907	32683817	512	224	0	907
1127	6	12287125248550	none	908	32683817	512	224	0	908
1128	7	12287142502510	none	909	32683817	512	224	0	909
1129	0	12287159735420	none	910	32683817	512	224	0	910
1130	1	12287177119280	none	911	32683817	512	224	0	911
1131	2	12287194357770	none	912	32683817	512	224	0	912
1132	3	12287207579220	none	913	32683817	512	224	0	913
1133	4	12287224859790	none	914	32683817	512	224	0	914
1134	5	12287242102780	none	915	32683817	512	224	0	915
1135	6	12287259335520	none	916	32683817	512	224	0	916
1136	7	12287276682200	none	917	32683817	512	224	0	917
1137	0	12287293949600	none	918	32683817	512	224	0	918
1138	1	12287307149340	none	919	32683817	512	224	0	919
1139	2	12287324390270	none	920	32683817	512	224	0	920
1140	3	12287341629640	none	921	32683817	512	224	0	921
1141	4	12287358852310	none	922	32683817	512	224	0	922
1142	5	12287376227700	none	923	32683817	512	224	0	923
1143	6	12287393479870	none	924	32683817	512	224	0	924
1144	7	12287410730060	none	925	32683817	512	224	0	925
1145	0	12287423964170	none	926	32683817	512	224	0	926
1146	1	12287441184150	none	927	32683817	512	224	0	927
1147	2	12287458445330	none	928	32683817	512	224	0	928
1148	3	12287475687800	none	929	32683817	512	224	0	929
1149	4	12287492920900	none	930	32683817	512	224	0	930
1150	5	12287510176580	none	931	32683817	512	224	0	931
1151	6	12287523485610	none	932	32683817	512	224	0	932
1152	7	12287540736820	none	933	32683817	512	224	0	933
1153	0	12287558002590	none	934	32683817	512	224	0	934
1154	1	12287575217320	none	935	32683817	512	224	0	935
1155	2	12287592471500	none	936	32683817	512	224	0	936
1156	3	12287609708880	none	937	32683817	512	224	0	937
1157	4	12287627010310	none	938	32683817	512	224	0	938
1158	5	12287640224560	none	939	32683817	512	224	0	939
1159	6	12287657470370	none	940	32683817	512	224	0	940
1160	7	12287674714560	none	941	32683817	512	224	0	941
1161	0	12287691973190	none	942	32683817	512	224	0	942
1162	1	12287709210650	none	943	32683817	512	224	0	943
1163	2	12287726464490	none	944	32683817	512	224	0	944
1164	3	12287743697660	none	945	32683817	512	224	0	945
1165	4	12287757022180	none	946	32683817	512	224	0	946
1166	5	12287774300130	none	947	32683817	512	224	0	947
1167	6	12287791564620	none	948	32683817	512	224	0	948
1168	7	12287808875270	none	949	32683817	512	224	0	949
1169	0	12287826096140	none	950	32683817	512	224	0	950
1170	1	12287843327550	none	951	32683817	512	224	0	951
1171	2	12287856545490	none	952	32683817	512	224	0	952
1172	3	12287873775260	none	953	32683817	512	224	0	953
1173	4	12287891095750	none	954	32683817	512	224	0	954
1174	5	12287908321960	none	955	32683817	512	224	0	955
1175	6	12287925682050	none	956	32683817	512	224	0	956
1176	7	12287942945090	none	957	32683817	512	224	0	957
1177	0	12287956139140	none	958	32683817	512	224	0	958
1178	1	12287973358640	none	959	32683817	512	224	0	959
1179	2	12287990606310	none	960	32683817	512	224	0	960
1180	3	12288007854640	none	961	32683817	512	224	0	961
1181	4	12288025253520	none	962	32683817	512	224	0	962
1182	5	12288042588880	none	963	32683817	512	224	0	963
1183	6	12288059831460	none	964	32683817	512	224	0	964
1184	7	12288073016790	none	965	32683817	512	224	0	965
1185	0	12288090253270	none	966	32683817	512	224	0	966
1186	1	12288107499740	none	967	32683817	512	224	0	967
1187	2	12288124858260	none	968	32683817	512	224	0	968
1188	3	12288142071480	none	969	32683817	512	224	0	969
1189	4	12288159316890	none	970	32683817	512	224	0	970
1190	5	12288172528930	none	971	32683817	512	224	0	971
1191	6	12288189805930	none	972	32683817	512	224	0	972
1192	7	12288207015940	none	973	32683817	512	224	0	973
1193	0	12288224393470	none	974	32683817	512	224	0	974
1194	1	12288241632610	none	975	32683817	512	224	0	975
1195	2	12288258872180	none	976	32683817	512	224	0	976
1196	3	12288276125010	none	977	32683817	512	224	0	977
1197	4	12288289317030	none	978	32683817	512	224	0	978
1198	5	12288306576400	none	979	32683817	512	224	0	979
1199	6	12288323795890	none	980	32683817	512	224	0	980
1200	7	12288341033100	none	981	32683817	512	224	0	981
1201	0	12288358284190	none	982	32683817	512	224	0	982
1202	1	12288375531310	none	983	32683817	512	224	0	983
1203	2	12288388734480	none	984	32683817	512	224	0	984
1204	3	12288405996720	none	985	32683817	512	224	0	985
1205	4	12288423216580	none	986	32683817	512	224	0	986
1206	5	12288440499430	none	987	32683817	512	224	0	987
1207	6	12288457741630	none	988	32683817	512	224	0	988
1208	7	12288475020590	none	989	32683817	512	224	0	989
1209	0	12288492252150	none	990	32683817	512	224	0	990
1210	1	12288505464240	none	991	32683817	512	224	0	991
1211	2	12288522684460	none	992	32683817	512	224	0	992
1212	3	12288539945950	none	993	32683817	512	224	0	993
1213	4	12288557206020	none	994	32683817	512	224	0	994
1214	5	12288574483330	none	995	32683817	512	224	0	995
1215	6	12288591729810	none	996	32683817	512	224	0	996
1216	7	12288605037110	none	997	32683817	512	224	0	997
1217	0	12288622288720	none	998	32683817	512	224	0	998
1218	1	12288639538530	none	999	32683817	512	224	0	999
1219	2	12288656871660	none	1000	32683817	512	224	0	1000
1220	3	12288674094630	none	1001	32683817	512	224	0	1001
1221	4	12288691353830	none	1002	32683817	512	224	0	1002
1222	5	12288708613030	none	1003	32683817	512	224	0	1003
1223	6	12288721816990	none	1004	32683817	512	224	0	1004
1224	7	12288739091520	none	1005	32683817	512	224	0	1005
1225	0	12288756328340	none	1006	32683817	512	224	0	1006
1226	1	12288773663240	none	1007	32683817	512	224	0	1007
1227	2	12288790967040	none	1008	32683817	512	224	0	1008
1228	3	12288808264940	none	1009	32683817	512	224	0	1009
1229	4	12288821466980	none	1010	32683817	512	224	0	1010
1230	5	12288838853150	none	1011	32683817	512	224	0	1011
1231	6	12288856164700	none	1012	32683817	512	224	0	1012
1232	7	12288873566850	none	1013	32683817	512	224	0	1013
1233	0	12288890809510	none	1014	32683817	512	224	0	1014
1234	1	12288908110530	none	1015	32683817	512	224	0	1015
1235	2	12288921294030	none	1016	32683817	512	224	0	1016
1236	3	12288938545110	none	1017	32683817	512	224	0	1017
1237	4	12288955880840	none	1018	32683817	512	224	0	1018
1238	5	12288973114930	none	1019	32683817	512	224	0	1019
1239	6	12288990395280	none	1020	32683817	512	224	0	1020
1240	7	12289007644730	none	1021	32683817	512	224	0	1021
1241	0	12289024904310	none	1022	32683817	512	224	0	1022
1242	1	12289038265070	none	1023	32683817	512	224	0	1023
1243	2	12289055510360	none	1024	32683817	512	224	0	1024
1244	3	12289072830390	none	1025	32683817	512	224	0	1025
1245	4	12289090153130	none	1026	32683817	512	224	0	1026
1246	5	12289107504180	none	1027	32683817	512	224	0	1027
1247	6	12289124749870	none	1028	32683817	512	224	0	1028
1248	7	12289138125990	none	1029	32683817	512	224	0	1029
1249	0	12289155373690	none	1030	32683817	512	224	0	1030
1250	1	12289172712360	none	1031	32683817	512	224	0	1031
1251	2	12289189949540	none	1032	32683817	512	224	0	1032
1252	3	12289207184180	none	1033	32683817	512	224	0	1033
1253	4	12289224443640	none	1034	32683817	512	224	0	1034
1254	5	12289237643300	none	1035	32683817	512	224	0	1035
1255	6	12289254867010	none	1036	32683817	512	224	0	1036
1256	7	12289272258570	none	1037	32683817	512	224	0	1037
1257	0	12289289517580	none	1038	32683817	512	224	0	1038
1258	1	12289306742970	none	1039	32683817	512	224	0	1039
1259	2	12289323970070	none	1040	32683817	512	224	0	1040
1260	3	12289337320300	none	1041	32683817	512	224	0	1041
1261	4	12289354572460	none	1042	32683817	512	224	0	1042
1262	5	12289371993540	none	1043	32683817	512	224	0	1043
1263	6	12289389231310	none	1044	32683817	512	224	0	1044
1264	7	12289406495870	none	1045	32683817	512	224	0	1045
1265	0	12289423728780	none	1046	32683817	512	224	0	1046
1266	1	12289437072080	none	1047	32683817	512	224	0	1047
1267	2	12289454286980	none	1048	32683817	512	224	0	1048
1268	3	12289471633010	none	1049	32683817	512	224	0	1049
1269	4	12289488946190	none	1050	32683817	512	224	0	1050
1270	5	12289506247550	none	1051	32683817	512	224	0	1051
1271	6	12289523495200	none	1052	32683817	512	224	0	1052
1272	7	12289540767140	none	1053	ca44863e	512	224	0	1053
1273	0	12289553962800	none	1054	ca44863e	512	224	0	1054
1274	1	12289571353940	none	1055	ca44863e	512	224	0	1055
1275	2	12289588613490	none	1056	ca44863e	512	224	0	1056
1276	3	12289605862090	none	1057	ca44863e	512	224	0	1057
1277	4	12289623098560	none	1058	ca44863e	512	224	0	1058
1278	5	12289640458510	none	1059	ca44863e	512	224	0	1059
1279	6	12289653662840	none	1060	ca44863e	512	224	0	1060
1280	7	12289670890030	none	1061	ca44863e	512	224	0	1061
1281	0	12289688137020	none	1062	ca44863e	512	224	0	1062
1282	1	12289705382890	none	1063	ca44863e	512	224	0	1063
1283	2	12289722634220	none	1064	ca44863e	512	224	0	1064
1284	3	12289739865770	none	1065	ca44863e	512	224	0	1065
1285	4	12289757101110	none	1066	ca44863e	512	224	0	1066
1286	5	12289770292700	none	1067	ca44863e	512	224	0	1067
1287	6	12289787536600	none	1068	ca44863e	512	224	0	1068
1288	7	12289804763070	none	1069	ca44863e	512	224	0	1069
1289	0	12289821996720	none	1070	ca44863e	512	224	0	1070
1290	1	12289839254660	none	1071	ca44863e	512	224	0	1071
1291	2	12289856492030	none	1072	ca44863e	512	224	0	1072
1292	3	12289869697050	none	1073	ca44863e	512	224	0	1073
1293	4	12289886915920	none	1074	ca44863e	512	224	0	1074
1294	5	12289904194480	none	1075	ca44863e	512	224	0	1075
1295	6	12289921447190	none	1076	ca44863e	512	224	0	1076
1296	7	12289938736040	none	1077	ca44863e	512	224	0	1077
1297	0	12289956138720	none	1078	ca44863e	512	224	0	1078
1298	1	12289973367520	none	1079	ca44863e	512	224	0	1079
1299	2	12289986679340	none	1080	ca44863e	512	224	0	1080
1300	3	12290003901170	none	1081	ca44863e	512	224	0	1081
1301	4	12290021132420	none	1082	ca44863e	512	224	0	1082
1302	5	12290038363710	none	1083	ca44863e	512	224	0	1083
1303	6	12290055614560	none	1084	ca44863e	512	224	0	1084
1304	7	12290072842190	none	1085	ca44863e	512	224	0	1085
1305	0	12290086211540	none	1086	ca44863e	512	224	0	1086
1306	1	12290103455020	none	1087	ca44863e	512	224	0	1087
1307	2	12290120808890	none	1088	ca44863e	512	224	0	1088
1308	3	12290138028630	none	1089	ca44863e	512	224	0	1089
1309	4	12290155250630	none	1090	ca44863e	512	224	0	1090
1310	5	12290172623470	none	1091	ca44863e	512	224	0	1091
1311	6	12290185906220	none	1092	ca44863e	512	224	0	1092
1312	7	12290203159270	none	1093	ca44863e	512	224	0	1093
1313	0	12290220410460	none	1094	ca44863e	512	224	0	1094
1314	1	12290237676580	none	1095	ca44863e	512	224	0	1095
1315	2	12290255042760	none	1096	ca44863e	512	224	0	1096
1316	3	12290272292460	none	1097	ca44863e	512	224	0	1097
1317	4	12290285621920	none	1098	ca44863e	512	224	0	1098
1318	5	12290302891010	none	1099	ca44863e	512	224	0	1099
1319	6	12290320125430	none	1100	ca44863e	512	224	0	1100
1320	7	12290337367630	none	1101	ca44863e	512	224	0	1101
1321	0	12290354610020	none	1102	ca44863e	512	224	0	1102
1322	1	12290371845320	none	1103	ca44863e	512	224	0	1103
1323	2	12290389241210	none	1104	ca44863e	512	224	0	1104
1324	3	12290402470460	none	1105	ca44863e	512	224	0	1105
1325	4	12290419801710	none	1106	ca44863e	512	224	0	1106
1326	5	12290437044490	none	1107	ca44863e	512	224	0	1107
1327	6	12290454301660	none	1108	ca44863e	512	224	0	1108
1328	7	12290471583550	none	1109	ca44863e	512	224	0	1109
1329	0	12290488812170	none	1110	ca44863e	512	224	0	1110
1330	1	12290502002090	none	1111	ca44863e	512	224	0	1111
1331	2	12290519399590	none	1112	ca44863e	512	224	0	1112
1332	3	12290536640000	none	1113	ca44863e	512	224	0	1113
1333	4	12290553882190	none	1114	ca44863e	512	224	0	1114
1334	5	12290571107400	none	1115	ca44863e	512	224	0	1115
1335	6	12290588494810	none	1116	ca44863e	512	224	0	1116
1336	7	12290601715090	none	1117	ca44863e	512	224	0	1117
1337	0	12290619009130	none	1118	ca44863e	512	224	0	1118
1338	1	12290636249660	none	1119	ca44863e	512	224	0	1119
1339	2	12290653494900	none	1120	ca44863e	512	224	0	1120
1340	3	12290670735210	none	1121	ca44863e	512	224	0	1121
1341	4	12290687940010	none	1122	ca44863e	512	224	0	1122
1342	5	12290705274920	none	1123	ca44863e	512	224	0	1123
1343	6	12290718486740	none	1124	ca44863e	512	224	0	1124
1344	7	12290735720550	none	1125	ca44863e	512	224	0	1125
1345	0	12290752934110	none	1126	ca44863e	512	224	0	1126
1346	1	12290770198680	none	1127	ca44863e	512	224	0	1127
1347	2	12290787500630	none	1128	ca44863e	512	224	0	1128
1348	3	12290804738480	none	1129	ca44863e	512	224	0	1129
1349	4	12290821966490	none	1130	ca44863e	512	224	0	1130
1350	5	12290835181290	none	1131	ca44863e	512	224	0	1131
1351	6	12290852422460	none	1132	ca44863e	512	224	0	1132
1352	7	12290869667420	none	1133	ca44863e	512	224	0	1133
1353	0	12290886894310	none	1134	ca44863e	512	224	0	1134
1354	1	12290904155600	none	1135	ca44863e	512	224	0	1135
1355	2	12290921408830	none	1136	ca44863e	512	224	0	1136
1356	3	12290934693950	none	1137	ca44863e	512	224	0	1137
1357	4	12290951910030	none	1138	ca44863e	512	224	0	1138
1358	5	12290969188030	none	1139	ca44863e	512	224	0	1139
1359	6	12290986457490	none	1140	ca44863e	512	224	0	1140
1360	7	12291003691510	none	1141	ca44863e	512	224	0	1141
1361	0	12291020917380	none	1142	ca44863e	512	224	0	1142
1362	1	12291038241810	none	1143	ca44863e	512	224	0	1143
1363	2	12291051464540	none	1144	ca44863e	512	224	0	1144
1364	3	12291068693340	none	1145	ca44863e	512	224	0	1145
1365	4	12291085922890	none	1146	ca44863e	512	224	0	1146
1366	5	12291103137470	none	1147	ca44863e	512	224	0	1147
1367	6	12291120363180	none	1148	ca44863e	512	224	0	1148
1368	7	12291137699770	none	1149	ca44863e	512	224	0	1149
1369	0	12291150912100	none	1150	ca44863e	512	224	0	1150
1370	1	12291168155980	none	1151	ca44863e	512	224	0	1151
1371	2	12291185398000	none	1152	ca44863e	512	224	0	1152
1372	3	12291202636300	none	1153	ca44863e	512	224	0	1153
1373	4	12291219879090	none	1154	ca44863e	512	224	0	1154
1374	5	12291237258430	none	1155	ca44863e	512	224	0	1155
1375	6	12291254504380	none	1156	ca44863e	512	224	0	1156
1376	7	12291267707130	none	1157	ca44863e	512	224	0	1157
1377	0	12291284944800	none	1158	ca44863e	512	224	0	1158
1378	1	12291302164170	none	1159	ca44863e	512	224	0	1159
1379	2	12291319418640	none	1160	ca44863e	512	224	0	1160
1380	3	12291336663110	none	1161	ca44863e	512	224	0	1161
1381	4	12291353907980	none	1162	ca44863e	512	224	0	1162
1382	5	12291367099980	none	1163	ca44863e	512	224	0	1163
1383	6	12291384318710	none	1164	ca44863e	512	224	0	1164
1384	7	12291401562190	none	1165	ca44863e	512	224	0	1165
1385	0	12291418787960	none	1166	ca44863e	512	224	0	1166
1386	1	12291436165710	none	1167	ca44863e	512	224	0	1167
1387	2	12291453413440	none	1168	ca44863e	512	224	0	1168
1388	3	12291470664300	none	1169	ca44863e	512	224	0	1169
1389	4	12291483948260	none	1170	ca44863e	512	224	0	1170
1390	5	12291501215530	none	1171	ca44863e	512	224	0	1171
1391	6	12291518586660	none	1172	ca44863e	512	224	0	1172
1392	7	12291535818490	none	1173	ca44863e	512	224	0	1173
1393	0	12291553033100	none	1174	ca44863e	512	224	0	1174
1394	1	12291570259680	none	1175	ca44863e	512	224	0	1175
1395	2	12291583506140	none	1176	ca44863e	512	224	0	1176
1396	3	12291600739760	none	1177	ca44863e	512	224	0	1177
1397	4	12291618001670	none	1178	ca44863e	512	224	0	1178
1398	5	12291635255100	none	1179	ca44863e	512	224	0	1179
1399	6	12291652512120	none	1180	ca44863e	512	224	0	1180
1400	7	12291669748710	none	1181	ca44863e	512	224	0	1181
1401	0	12291687019700	none	1182	ca44863e	512	224	0	1182
1402	1	12291700217330	none	1183	ca44863e	512	224	0	1183
1403	2	12291717487710	none	1184	ca44863e	512	224	0	1184
1404	3	12291734735940	none	1185	ca44863e	512	224	0	1185
1405	4	12291752100610	none	1186	ca44863e	512	224	0	1186
1406	5	12291769346300	none	1187	ca44863e	512	224	0	1187
1407	6	12291786686620	none	1188	ca44863e	512	224	0	1188
1408	7	12291799911040	none	1189	ca44863e	512	224	0	1189
1409	0	12291817143450	none	1190	ca44863e	512	224	0	1190
1410	1	12291834396750	none	1191	ca44863e	512	224	0	1191
1411	2	12291851652740	none	1192	ca44863e	512	224	0	1192
1412	3	12291868887270	none	1193	ca44863e	512	224	0	1193
1413	4	12291886136200	none	1194	ca44863e	512	224	0	1194
1414	5	12291903370750	none	1195	ca44863e	512	224	0	1195
1415	6	12291916616230	none	1196	ca44863e	512	224	0	1196
1416	7	12291933841820	none	1197	ca44863e	512	224	0	1197
1417	0	12291951098660	none	1198	ca44863e	512	224	0	1198
1418	1	12291968329950	none	1199	ca44863e	512	224	0	1199
1419	2	12291985663850	none	1200	ca44863e	512	224	0	1200
1420	3	12292002944770	none	1201	ca44863e	512	224	0	1201
1421	4	12292016165420	none	1202	ca44863e	512	224	0	1202
1422	5	12292033438060	none	1203	ca44863e	512	224	0	1203
1423	6	12292050680650	none	1204	ca44863e	512	224	0	1204
1424	7	12292067895740	none	1205	ca44863e	512	224	0	1205
1425	0	12292085285110	none	1206	ca44863e	512	224	0	1206
1426	1	12292102540990	none	1207	ca44863e	512	224	0	1207
1427	2	12292115910290	none	1208	ca44863e	512	224	0	1208
1428	3	12292133369820	none	1209	ca44863e	512	224	0	1209
1429	4	12292150675740	none	1210	ca44863e	512	224	0	1210
1430	5	12292167912090	none	1211	ca44863e	512	224	0	1211
1431	6	12292185290880	none	1212	ca44863e	512	224	0	1212
1432	7	12292202535930	none	1213	ca44863e	512	224	0	1213
1433	0	12292215727000	none	1214	ca44863e	512	224	0	1214
1434	1	12292232967220	none	1215	ca44863e	512	224	0	1215
1435	2	12292250405900	none	1216	ca44863e	512	224	0	1216
1436	3	12292267633630	none	1217	ca44863e	512	224	0	1217
1437	4	12292284939830	none	1218	ca44863e	512	224	0	1218
1438	5	12292302250070	none	1219	ca44863e	512	224	0	1219
1439	6	12292319513700	none	1220	ca44863e	512	224	0	1220
1440	7	12292332711390	none	1221	ca44863e	512	224	0	1221
1441	0	12292350106170	none	1222	ca44863e	512	224	0	1222
1442	1	12292367334800	none	1223	ca44863e	512	224	0	1223
1443	2	12292384656780	none	1224	ca44863e	512	224	0	1224
1444	3	12292401944480	none	1225	ab1ab475	512	224	0	1225
1445	4	12292419238580	none	1226	ab1ab475	512	224	0	1226
1446	5	12292432459130	none	1227	ab1ab475	512	224	0	1227
1447	6	12292449692940	none	1228	ab1ab475	512	224	0	1228
1448	7	12292466901140	none	1229	ab1ab475	512	224	0	1229
1449	0	12292484288340	none	1230	ab1ab475	512	224	0	1230
1450	1	12292501542570	none	1231	ab1ab475	512	224	0	1231
1451	2	12292518768750	none	1232	ab1ab475	512	224	0	1232
1452	3	12292531961420	none	1233	ab1ab475	512	224	0	1233
1453	4	12292549186960	none	1234	ab1ab475	512	224	0	1234
1454	5	12292566455040	none	1235	ab1ab475	512	224	0	1235
1455	6	12292583686940	none	1236	ab1ab475	512	224	0	1236
1456	7	12292600930170	none	1237	ab1ab475	512	224	0	1237
1457	0	12292618191160	none	1238	ab1ab475	512	224	0	1238
1458	1	12292635437290	none	1239	ab1ab475	512	224	0	1239
1459	2	12292648632890	none	1240	ab1ab475	512	224	0	1240
1460	3	12292665976110	none	1241	ab1ab475	512	224	0	1241
1461	4	12292683235710	none	1242	ab1ab475	512	224	0	1242
1462	5	12292700500170	none	1243	ab1ab475	512	224	0	1243
1463	6	12292717735550	none	1244	ab1ab475	512	224	0	1244
1464	7	12292735000740	none	1245	ab1ab475	512	224	0	1245
1465	0	12292748193370	none	1246	ab1ab475	512	224	0	1246
1466	1	12292765437070	none	1247	ab1ab475	512	224	0	1247
1467	2	12292782661160	none	1248	ab1ab475	512	224	0	1248
1468	3	12292799872340	none	1249	ab1ab475	512	224	0	1249
1469	4	12292817116890	none	1250	ab1ab475	512	224	0	1250
1470	5	12292834399990	none	1251	ab1ab475	512	224	0	1251
1471	6	12292851645920	none	1252	ab1ab475	512	224	0	1252
1472	7	12292864838150	none	1253	ab1ab475	512	224	0	1253
1473	0	12292882048460	none	1254	ab1ab475	512	224	0	1254
1474	1	12292899269150	none	1255	ab1ab475	512	224	0	1255
1475	2	12292916526820	none	1256	ab1ab475	512	224	0	1256
1476	3	12292933852480	none	1257	ab1ab475	512	224	0	1257
1477	4	12292951115080	none	1258	ab1ab475	512	224	0	1258
1478	5	12292968356810	none	1259	ab1ab475	512	224	0	1259
1479	6	12292981561570	none	1260	ab1ab475	512	224	0	1260
1480	7	12292998797510	none	1261	ab1ab475	512	224	0	1261
1481	0	12293016010950	none	1262	ab1ab475	512	224	0	1262
1482	1	12293033443800	none	1263	ab1ab475	512	224	0	1263
1483	2	12293050688110	none	1264	ab1ab475	512	224	0	1264
1484	3	12293067913100	none	1265	ab1ab475	512	224	0	1265
1485	4	12293081137100	none	1266	ab1ab475	512	224	0	1266
1486	5	12293098388010	none	1267	ab1ab475	512	224	0	1267
1487	6	12293115644250	none	1268	ab1ab475	512	224	0	1268
1488	7	12293132938170	none	1269	ab1ab475	512	224	0	1269
1489	0	12293150178910	none	1270	ab1ab475	512	224	0	1270
1490	1	12293167427890	none	1271	ab1ab475	512	224	0	1271
1491	2	12293184666800	none	1272	ab1ab475	512	224	0	1272
1492	3	12293197860460	none	1273	ab1ab475	512	224	0	1273
1493	4	12293215167200	none	1274	ab1ab475	512	224	0	1274
1494	5	12293232566670	none	1275	ab1ab475	512	224	0	1275
1495	6	12293249931280	none	1276	ab1ab475	512	224	0	1276
1496	7	12293267174390	none	1277	ab1ab475	512	224	0	1277
1497	0	12293284447680	none	1278	ab1ab475	512	224	0	1278
1498	1	12293297646360	none	1279	ab1ab475	512	224	0	1279
1499	2	12293314876870	none	1280	ab1ab475	512	224	0	1280
1500	3	12293332260750	none	1281	ab1ab475	512	224	0	1281
1501	4	12293349512940	none	1282	ab1ab475	512	224	0	1282
1502	5	12293366797990	none	1283	ab1ab475	512	224	0	1283
1503	6	12293384042770	none	1284	ab1ab475	512	224	0	1284
1504	7	12293397229560	none	1285	ab1ab475	512	224	0	1285
1505	0	12293414528920	none	1286	ab1ab475	512	224	0	1286
1506	1	12293431756470	none	1287	ab1ab475	512	224	0	1287
1507	2	12293448984020	none	1288	ab1ab475	512	224	0	1288
1508	3	12293466222730	none	1289	ab1ab475	512	224	0	1289
1509	4	12293483502280	none	1290	ab1ab475	512	224	0	1290
1510	5	12293500742160	none	1291	ab1ab475	512	224	0	1291
1511	6	12293514073360	none	1292	ab1ab475	512	224	0	1292
1512	7	12293531291050	none	1293	ab1ab475	512	224	0	1293
1513	0	12293548545650	none	1294	ab1ab475	512	224	0	1294
1514	1	12293565787790	none	1295	ab1ab475	512	224	0	1295
1515	2	12293583032960	none	1296	ab1ab475	512	224	0	1296
1516	3	12293600255120	none	1297	ab1ab475	512	224	0	1297
1517	4	12293613481240	none	1298	ab1ab475	512	224	0	1298
1518	5	12293630751820	none	1299	ab1ab475	512	224	0	1299
1519	6	12293647976860	none	1300	ab1ab475	512	224	0	1300
1520	7	12293665214560	none	1301	ab1ab475	512	224	0	1301
1521	0	12293682470680	none	1302	ab1ab475	512	224	0	1302
1522	1	12293699703180	none	1303	ab1ab475	512	224	0	1303
1523	2	12293717073550	none	1304	ab1ab475	512	224	0	1304
1524	3	12293730307150	none	1305	ab1ab475	512	224	0	1305
1525	4	12293747562540	none	1306	ab1ab475	512	224	0	1306
1526	5	12293764875020	none	1307	ab1ab475	512	224	0	1307
1527	6	12293782141040	none	1308	ab1ab475	512	224	0	1308
1528	7	12293799419650	none	1309	ab1ab475	512	224	0	1309
1529	0	12293816660480	none	1310	ab1ab475	512	224	0	1310
1530	1	12293829849540	none	1311	ab1ab475	512	224	0	1311
1531	2	12293847116250	none	1312	ab1ab475	512	224	0	1312
1532	3	12293864348990	none	1313	ab1ab475	512	224	0	1313
1533	4	12293881687800	none	1314	ab1ab475	512	224	0	1314
1534	5	12293898944160	none	1315	ab1ab475	512	224	0	1315
1535	6	12293916183630	none	1316	ab1ab475	512	224	0	1316
1536	7	12293933444780	none	1317	ab1ab475	512	224	0	1317
1537	0	12293946645970	none	1318	ab1ab475	512	224	0	1318
1538	1	12293963882230	none	1319	ab1ab475	512	224	0	1319
1539	2	12293981113300	none	1320	ab1ab475	512	224	0	1320
1540	3	12293998353470	none	1321	ab1ab475	512	224	0	1321
1541	4	12294015596670	none	1322	ab1ab475	512	224	0	1322
1542	5	12294032815240	none	1323	ab1ab475	512	224	0	1323
1543	6	12294046188680	none	1324	ab1ab475	512	224	0	1324
1544	7	12294063450610	none	1325	ab1ab475	512	224	0	1325
1545	0	12294080771270	none	1326	ab1ab475	512	224	0	1326
1546	1	12294097984030	none	1327	ab1ab475	512	224	0	1327
1547	2	12294115225430	none	1328	ab1ab475	512	224	0	1328
1548	3	12294132889760	none	1329	ab1ab475	512	224	0	1329
1549	4	12294146445550	none	1330	ab1ab475	512	224	0	1330
1550	5	12294163765920	none	1331	ab1ab475	512	224	0	1331
1551	6	12294181234870	none	1332	ab1ab475	512	224	0	1332
1552	7	12294198703830	none	1333	ab1ab475	512	224	0	1333
1553	0	12294216207820	none	1334	ab1ab475	512	224	0	1334
1554	1	12294229469810	none	1335	ab1ab475	512	224	0	1335
1555	2	12294246791390	none	1336	ab1ab475	512	224	0	1336
1556	3	12294264233050	none	1337	ab1ab475	512	224	0	1337
1557	4	12294281537440	none	1338	ab1ab475	512	224	0	1338
1558	5	12294298808080	none	1339	ab1ab475	512	224	0	1339
1559	6	12294316184140	none	1340	ab1ab475	512	224	0	1340
1560	7	12294329469200	none	1341	ab1ab475	512	224	0	1341
1561	0	12294346874790	none	1342	ab1ab475	512	224	0	1342
1562	1	12294364185540	none	1343	ab1ab475	512	224	0	1343
1563	2	12294382111540	none	1344	ab1ab475	512	224	0	1344
1564	3	12294395912000	none	1345	ab1ab475	512	224	0	1345
1565	4	12294413431460	none	1346	ab1ab475	512	224	0	1346
1566	5	12294431107070	none	1347	ab1ab475	512	224	0	1347
1567	6	12294448482430	none	1348	ab1ab475	512	224	0	1348
1568	7	12294465843610	none	1349	ab1ab475	512	224	0	1349
1569	0	12294479186560	none	1350	ab1ab475	512	224	0	1350
1570	1	12294496506090	none	1351	ab1ab475	512	224	0	1351
1571	2	12294513748470	none	1352	ab1ab475	512	224	0	1352
1572	3	12294531016980	none	1353	ab1ab475	512	224	0	1353
1573	4	12294548234980	none	1354	ab1ab475	512	224	0	1354
1574	5	12294565487280	none	1355	ab1ab475	512	224	0	1355
1575	6	12294578709400	none	1356	ab1ab475	512	224	0	1356
1576	7	12294596057920	none	1357	ab1ab475	512	224	0	1357
1577	0	12294613302840	none	1358	ab1ab475	512	224	0	1358
1578	1	12294630592870	none	1359	ab1ab475	512	224	0	1359
1579	2	12294647830610	none	1360	ab1ab475	512	224	0	1360
1580	3	12294665131720	none	1361	ab1ab475	512	224	0	1361
1581	4	12294678357020	none	1362	ab1ab475	512	224	0	1362
1582	5	12294695654220	none	1363	ab1ab475	512	224	0	1363
1583	6	12294713064290	none	1364	ab1ab475	512	224	0	1364
1584	7	12294730294190	none	1365	ab1ab475	512	224	0	1365
1585	0	12294747562500	none	1366	ab1ab475	512	224	0	1366
1586	1	12294764778500	none	1367	ab1ab475	512	224	0	1367
1587	2	12294782005040	none	1368	ab1ab475	512	224	0	1368
1588	3	12294795359580	none	1369	ab1ab475	512	224	0	1369
1589	4	12294812657460	none	1370	ab1ab475	512	224	0	1370
1590	5	12294830010750	none	1371	ab1ab475	512	224	0	1371
1591	6	12294847235480	none	1372	ab1ab475	512	224	0	1372
1592	7	12294864597960	none	1373	ab1ab475	512	224	0	1373
1593	0	12294881891050	none	1374	ab1ab475	512	224	0	1374
1594	1	12294895108150	none	1375	ab1ab475	512	224	0	1375
1595	2	12294912397450	none	1376	ab1ab475	512	224	0	1376
1596	3	12294929663700	none	1377	ab1ab475	512	224	0	1377
1597	4	12294946899250	none	1378	ab1ab475	512	224	0	1378
1598	5	12294964156710	none	1379	ab1ab475	512	224	0	1379
1599	6	12294981421780	none	1380	ab1ab475	512	224	0	1380
1600	7	12294994722880	none	1381	ab1ab475	512	224	0	1381
1601	0	12295011934050	none	1382	ab1ab475	512	224	0	1382
1602	1	12295029277150	none	1383	ab1ab475	512	224	0	1383
1603	2	12295046536980	none	1384	ab1ab475	512	224	0	1384
1604	3	12295063768200	none	1385	ab1ab475	512	224	0	1385
1605	4	12295080976860	none	1386	ab1ab475	512	224	0	1386
1606	5	12295094341180	none	1387	ab1ab475	512	224	0	1387
1607	6	12295111583330	none	1388	ab1ab475	512	224	0	1388
1608	7	12295128870860	none	1389	ab1ab475	512	224	0	1389
1609	0	12295146189410	none	1390	ab1ab475	512	224	0	1390
1610	1	12295163464880	none	1391	ab1ab475	512	224	0	1391
1611	2	12295180692600	none	1392	ab1ab475	512	224	0	1392
1612	3	12295197908470	none	1393	ab1ab475	512	224	0	1393
1613	4	12295211129310	none	1394	ab1ab475	512	224	0	1394
1614	5	12295228504890	none	1395	ab1ab475	512	224	0	1395
1615	6	12295245895080	none	1396	ab1ab475	512	224	0	1396
1616	7	12295263144530	none	1397	ab1ab475	512	224	0	1397
1617	0	12295280387920	none	1398	ab1ab475	512	224	0	1398
1618	1	12295297732410	none	1399	ab1ab475	512	224	0	1399
1619	2	12295310923710	none	1400	ab1ab475	512	224	0	1400
1620	3	12295328174890	none	1401	ab1ab475	512	224	0	1401
1621	4	12295345472910	none	1402	ab1ab475	512	224	0	1402
1622	5	12295362767740	none	1403	ab1ab475	512	224	0	1403
1623	6	12295380024060	none	1404	ab1ab475	512	224	0	1404
1624	7	12295397417410	none	1405	ab1ab475	512	224	0	1405
1625	0	12295410633470	none	1406	ab1ab475	512	224	0	1406
1626	1	12295427929060	none	1407	ab1ab475	512	224	0	1407
1627	2	12295445171830	none	1408	ab1ab475	512	224	0	1408
1628	3	12295462445800	none	1409	ab1ab475	512	224	0	1409
1629	4	12295479698980	none	1410	ab1ab475	512	224	0	1410
1630	5	12295496940540	none	1411	ab1ab475	512	224	0	1411
1631	6	12295514213210	none	1412	7da26197	512	224	0	1412
1632	7	12295527431310	none	1413	b66e63c8	512	224	0	1413
1633	0	12295544667200	none	1414	b843464b	512	224	0	1414
1634	1	12295561905010	none	1415	aa5329a8	512	224	0	1415
1635	2	12295579226720	none	1416	5d640f20	512	224	0	1416
1636	3	12295596501850	none	1417	3a7b2c92	512	224	0	1417
1637	4	12295613743760	none	1418	7e4eaf8c	512	224	0	1418
1638	5	12295626931280	none	1419	69cf9d01	512	224	0	1419
1639	6	12295644173530	none	1420	5d18c166	512	224	0	1420
1640	7	12295661441310	none	1421	83c7e896	512	224	0	1421
1641	0	12295678696080	none	1422	74eba5de	512	224	0	1422
1642	1	12295696176500	none	1423	f3609a96	512	224	0	1423
1643	2	12295713441720	none	1424	db072180	512	224	0	1424
1644	3	12295726651000	none	1425	d4b19c8c	512	224	0	1425
1645	4	12295743945750	none	1426	61605322	512	224	0	1426
1646	5	12295761187050	none	1427	61605322	512	224	0	1427
1647	6	12295778519050	none	1428	61605322	512	224	0	1428
1648	7	12295796190650	none	1429	61605322	512	224	0	1429
1649	0	12295813459730	none	1430	61605322	512	224	0	1430
1650	1	12295826659670	none	1431	61605322	512	224	0	1431
1651	2	12295843950280	none	1432	61605322	512	224	0	1432
1652	3	12295861192290	none	1433	5a741fe3	512	224	0	1433
1653	4	12295878444250	none	1434	c248ac76	512	224	0	1434
1654	5	12295895811170	none	1435	baf18922	512	224	0	1435
1655	6	12295913053980	none	1436	759b4fc8	512	224	0	1436
1656	7	12295926259000	none	1437	f690836c	512	224	0	1437
1657	0	12295943512490	none	1438	d91fc550	512	224	0	1438
1658	1	12295960768130	none	1439	496ce5c1	512	224	0	1439
1659	2	12295978016330	none	1440	b314979a	512	224	0	1440
1660	3	12295995332700	none	1441	22672d6e	512	224	0	1441
1661	4	12296012646520	none	1442	1720e7cd	512	224	0	1442
1662	5	12296029892990	none	1443	243327fb	512	224	0	1443
1663	6	12296043108020	none	1444	2b630df6	512	224	0	1444
1664	7	12296060402970	none	1445	0a84191e	512	224	0	1445
1665	0	12296077679580	none	1446	7cc3d34c	512	224	0	1446
1666	1	12296095041670	none	1447	e01f2199	512	224	0	1447
1667	2	12296112343350	none	1448	e01f2199	512	224	0	1448
1668	3	12296129611230	none	1449	e01f2199	512	224	0	1449
1669	4	12296142931740	none	1450	e01f2199	512	224	0	1450
1670	5	12296160172570	none	1451	e01f2199	512	224	0	1451
1671	6	12296177416350	none	1452	e01f2199	512	224	0	1452
1672	7	12296194658240	none	1453	e01f2199	512	224	0	1453
1673	0	12296211886950	none	1454	e01f2199	512	224	0	1454
1674	1	12296229231040	none	1455	e01f2199	512	224	0	1455
1675	2	12296242514430	none	1456	e01f2199	512	224	0	1456
1676	3	12296259744950	none	1457	e01f2199	512	224	0	1457
1677	4	12296277018700	none	1458	e01f2199	512	224	0	1458
1678	5	12296294237080	none	1459	e01f2199	512	224	0	1459
1679	6	12296311552410	none	1460	e01f2199	512	224	0	1460
1680	7	12296328896060	none	1461	e01f2199	512	224	0	1461
1681	0	12296342277420	none	1462	e01f2199	512	224	0	1462
1682	1	12296359524590	none	1463	e01f2199	512	224	0	1463
1683	2	12296376748660	none	1464	e01f2199	512	224	0	1464
1684	3	12296393954620	none	1465	e01f2199	512	224	0	1465
1685	4	12296411186290	none	1466	e01f2199	512	224	0	1466
1686	5	12296428428020	none	1467	e01f2199	512	224	0	1467
1687	6	12296445831070	none	1468	e01f2199	512	224	0	1468
1688	7	12296459096590	none	1469	e01f2199	512	224	0	1469
1689	0	12296476347200	none	1470	e01f2199	512	224	0	1470
1690	1	12296493581630	none	1471	e01f2199	512	224	0	1471
1691	2	12296510826390	none	1472	e01f2199	512	224	0	1472
1692	3	12296528065560	none	1473	e01f2199	512	224	0	1473
1693	4	12296545326540	none	1474	e01f2199	512	224	0	1474
1694	5	12296558592600	none	1475	e01f2199	512	224	0	1475
1695	6	12296575996180	none	1476	e01f2199	512	224	0	1476
1696	7	12296593239470	none	1477	e01f2199	512	224	0	1477
1697	0	12296610489960	none	1478	e01f2199	512	224	0	1478
1698	1	12296627710660	none	1479	e01f2199	512	224	0	1479
1699	2	12296645011090	none	1480	e01f2199	512	224	0	1480
1700	3	12296662284050	none	1481	e01f2199	512	224	0	1481
1701	4	12296675508830	none	1482	e01f2199	512	224	0	1482
1702	5	12296692734660	none	1483	e01f2199	512	224	0	1483
1703	6	12296710109580	none	1484	e01f2199	512	224	0	1484
1704	7	12296727386060	none	1485	e01f2199	512	224	0	1485
1705	0	12296744731520	none	1486	e01f2199	512	224	0	1486
1706	1	12296761975040	none	1487	e01f2199	512	224	0	1487
1707	2	12296775271920	none	1488	e01f2199	512	224	0	1488
1708	3	12296792494070	none	1489	e01f2199	512	224	0	1489
1709	4	12296809698360	none	1490	e01f2199	512	224	0	1490
1710	5	12296826930750	none	1491	e01f2199	512	224	0	1491
1711	6	12296844457310	none	1492	e01f2199	512	224	0	1492
1712	7	12296861681480	none	1493	e01f2199	512	224	0	1493
1713	0	12296874925280	none	1494	e01f2199	512	224	0	1494
1714	1	12296892146240	none	1495	e01f2199	512	224	0	1495
1715	2	12296909395870	none	1496	e01f2199	512	224	0	1496
1716	3	12296926632770	none	1497	e01f2199	512	224	0	1497
1717	4	12296943866460	none	1498	e01f2199	512	224	0	1498
1718	5	12296961109150	none	1499	e01f2199	512	224	0	1499
1719	6	12296978358030	none	1500	e01f2199	512	224	0	1500
1720	7	12296991626070	none	1501	e01f2199	512	224	0	1501
1721	0	12297008839720	none	1502	e01f2199	512	224	0	1502
1722	1	12297026053950	none	1503	e01f2199	512	224	0	1503
1723	2	12297043441300	none	1504	e01f2199	512	224	0	1504
1724	3	12297060673390	none	1505	e01f2199	512	224	0	1505
1725	4	12297077902610	none	1506	e01f2199	512	224	0	1506
1726	5	12297091114450	none	1507	e01f2199	512	224	0	1507
1727	6	12297108380530	none	1508	e01f2199	512	224	0	1508
1728	7	12297125598740	none	1509	e01f2199	512	224	0	1509
1729	0	12297142895620	none	1510	e01f2199	512	224	0	1510
1730	1	12297160416180	none	1511	e01f2199	512	224	0	1511
1731	2	12297177840900	none	1512	e01f2199	512	224	0	1512
1732	3	12297191059750	none	1513	e01f2199	512	224	0	1513
1733	4	12297208279680	none	1514	e01f2199	512	224	0	1514
1734	5	12297225503140	none	1515	e01f2199	512	224	0	1515
1735	6	12297242733230	none	1516	e01f2199	512	224	0	1516
1736	7	12297259965070	none	1517	e01f2199	512	224	0	1517
1737	0	12297277189330	none	1518	e01f2199	512	224	0	1518
1738	1	12297294436010	none	1519	e01f2199	512	224	0	1519
1739	2	12297307634750	none	1520	e01f2199	512	224	0	1520
1740	3	12297324999780	none	1521	e01f2199	512	224	0	1521
1741	4	12297342258600	none	1522	e01f2199	512	224	0	1522
1742	5	12297359509510	none	1523	e01f2199	512	224	0	1523
1743	6	12297376803510	none	1524	e01f2199	512	224	0	1524
1744	7	12297394037980	none	1525	e01f2199	512	224	0	1525
1745	0	12297407235970	none	1526	e01f2199	512	224	0	1526
1746	1	12297424479150	none	1527	e01f2199	512	224	0	1527
1747	2	12297441715260	none	1528	e01f2199	512	224	0	1528
1748	3	12297458959970	none	1529	e01f2199	512	224	0	1529
1749	4	12297476183180	none	1530	e01f2199	512	224	0	1530
1750	5	12297493425140	none	1531	e01f2199	512	224	0	1531
1751	6	12297510659860	none	1532	e01f2199	512	224	0	1532
1752	7	12297523837980	none	1533	e01f2199	512	224	0	1533
1753	0	12297541091590	none	1534	e01f2199	512	224	0	1534
1754	1	12297558326500	none	1535	e01f2199	512	224	0	1535
1755	2	12297575580800	none	1536	e01f2199	512	224	0	1536
1756	3	12297592879620	none	1537	e01f2199	512	224	0	1537
1757	4	12297610148260	none	1538	e01f2199	512	224	0	1538
1758	5	12297627398940	none	1539	e01f2199	512	224	0	1539
1759	6	12297640627760	none	1540	e01f2199	512	224	0	1540
1760	7	12297657883870	none	1541	e01f2199	512	224	0	1541
1761	0	12297675093820	none	1542	e01f2199	512	224	0	1542
1762	1	12297692450150	none	1543	e01f2199	512	224	0	1543
1763	2	12297709694290	none	1544	e01f2199	512	224	0	1544
1764	3	12297726911240	none	1545	e01f2199	512	224	0	1545
1765	4	12297740130500	none	1546	e01f2199	512	224	0	1546
1766	5	12297757384670	none	1547	e01f2199	512	224	0	1547
1767	6	12297774606460	none	1548	e01f2199	512	224	0	1548
1768	7	12297791846700	none	1549	e01f2199	512	224	0	1549
1769	0	12297809097930	none	1550	e01f2199	512	224	0	1550
1770	1	12297826345670	none	1551	e01f2199	512	224	0	1551
1771	2	12297843562710	none	1552	e01f2199	512	224	0	1552
1772	3	12297856749000	none	1553	e01f2199	512	224	0	1553
1773	4	12297873989000	none	1554	e01f2199	512	224	0	1554
1774	5	12297891387350	none	1555	e01f2199	512	224	0	1555
1775	6	12297908653190	none	1556	e01f2199	512	224	0	1556
1776	7	12297925868970	none	1557	e01f2199	512	224	0	1557
1777	0	12297943131910	none	1558	e01f2199	512	224	0	1558
1778	1	12297956354590	none	1559	e01f2199	512	224	0	1559
1779	2	12297973590370	none	1560	e01f2199	512	224	0	1560
1780	3	12297990873000	none	1561	e01f2199	512	224	0	1561
1781	4	12298008118240	none	1562	e01f2199	512	224	0	1562
1782	5	12298025384210	none	1563	e01f2199	512	224	0	1563
1783	6	12298042619650	none	1564	e01f2199	512	224	0	1564
1784	7	12298059853220	none	1565	e01f2199	512	224	0	1565
1785	0	12298073102630	none	1566	e01f2199	512	224	0	1566
1786	1	12298090349700	none	1567	e01f2199	512	224	0	1567
1787	2	12298107590850	none	1568	e01f2199	512	224	0	1568
1788	3	12298124887700	none	1569	e01f2199	512	224	0	1569
1789	4	12298142130600	none	1570	e01f2199	512	224	0	1570
1790	5	12298159385720	none	1571	e01f2199	512	224	0	1571
1791	6	12298172588560	none	1572	e01f2199	512	224	0	1572
1792	7	12298189899520	none	1573	e01f2199	512	224	0	1573
1793	0	12298207130250	none	1574	e01f2199	512	224	0	1574
1794	1	12298224399260	none	1575	e01f2199	512	224	0	1575
1795	2	12298241627020	none	1576	e01f2199	512	224	0	1576
1796	3	12298258842070	none	1577	e01f2199	512	224	0	1577
1797	4	12298276138920	none	1578	e01f2199	512	224	0	1578
1798	5	12298289362370	none	1579	e01f2199	512	224	0	1579
1799	6	12298306609630	none	1580	e01f2199	512	224	0	1580
1800	7	12298323891420	none	1581	e01f2199	512	224	0	1581
1801	0	12298341134730	none	1582	e01f2199	512	224	0	1582
1802	1	12298358394170	none	1583	e01f2199	512	224	0	1583
1803	2	12298375620060	none	1584	e01f2199	512	224	0	1584
1804	3	12298392837290	none	1585	e01f2199	512	224	0	1585
1805	4	12298406199770	none	1586	e01f2199	512	224	0	1586
1806	5	12298423450110	none	1587	e01f2199	512	224	0	1587
1807	6	12298440792880	none	1588	e01f2199	512	224	0	1588
1808	7	12298458117290	none	1589	e01f2199	512	224	0	1589
1809	0	12298475396390	none	1590	e01f2199	512	224	0	1590
1810	1	12298492616610	none	1591	e01f2199	512	224	0	1591
1811	2	12298505794180	none	1592	e01f2199	512	224	0	1592
1812	3	12298523007910	none	1593	e01f2199	512	224	0	1593
1813	4	12298540382150	none	1594	e01f2199	512	224	0	1594
1814	5	12298557643880	none	1595	e01f2199	512	224	0	1595
1815	6	12298574910960	none	1596	e01f2199	512	224	0	1596
1816	7	12298592179240	none	1597	e01f2199	512	224	0	1597
1817	0	12298605399370	none	1598	e01f2199	512	224	0	1598
1818	1	12298622628560	none	1599	e01f2199	512	224	0	1599
1819	2	12298639910920	none	1600	e01f2199	512	224	0	1600
1820	3	12298657136020	none	1601	e01f2199	512	224	0	1601
1821	4	12298674395870	none	1602	e01f2199	512	224	0	1602
1822	5	12298691620730	none	1603	e01f2199	512	224	0	1603
1823	6	12298708855910	none	1604	e01f2199	512	224	0	1604
1824	7	12298722083520	none	1605	e01f2199	512	224	0	1605
1825	0	12298739468860	none	1606	e01f2199	512	224	0	1606
1826	1	12298756690800	none	1607	e01f2199	512	224	0	1607
1827	2	12298773937760	none	1608	e01f2199	512	224	0	1608
1828	3	12298791160890	none	1609	e01f2199	512	224	0	1609
1829	4	12298808447210	none	1610	e01f2199	512	224	0	1610
1830	5	12298821640760	none	1611	e01f2199	512	224	0	1611
1831	6	12298838847080	none	1612	e01f2199	512	224	0	1612
1832	7	12298856094190	none	1613	e01f2199	512	224	0	1613
1833	0	12298873353580	none	1614	e01f2199	512	224	0	1614
1834	1	12298890587530	none	1615	e01f2199	512	224	0	1615
1835	2	12298907812580	none	1616	e01f2199	512	224	0	1616
1836	3	12298925137180	none	1617	e01f2199	512	224	0	1617
1837	4	12298938343800	none	1618	e01f2199	512	224	0	1618
1838	5	12298955577070	none	1619	e01f2199	512	224	0	1619
1839	6	12298972894450	none	1620	e01f2199	512	224	0	1620
1840	7	12298990166910	none	1621	e01f2199	512	224	0	1621
1841	0	12299007419300	none	1622	e01f2199	512	224	0	1622
1842	1	12299024647110	none	1623	e01f2199	512	224	0	1623
1843	2	12299037819210	none	1624	e01f2199	512	224	0	1624
1844	3	12299055061950	none	1625	e01f2199	512	224	0	1625
1845	4	12299072321080	none	1626	e01f2199	512	224	0	1626
1846	5	12299089558980	none	1627	e01f2199	512	224	0	1627
1847	6	12299106794080	none	1628	e01f2199	512	224	0	1628
1848	7	12299124136640	none	1629	e01f2199	512	224	0	1629
1849	0	12299141387750	none	1630	e01f2199	512	224	0	1630
1850	1	12299154680310	none	1631	e01f2199	512	224	0	1631
1851	2	12299171936740	none	1632	e01f2199	512	224	0	1632
1852	3	12299189165160	none	1633	e01f2199	512	224	0	1633
1853	4	12299206421160	none	1634	e01f2199	512	224	0	1634
1854	5	12299223654050	none	1635	e01f2199	512	224	0	1635
1855	6	12299240887230	none	1636	e01f2199	512	224	0	1636
1856	7	12299254289160	none	1637	e01f2199	512	224	0	1637
1857	0	12299271517190	none	1638	e01f2199	512	224	0	1638
1858	1	12299288810320	none	1639	e01f2199	512	224	0	1639
1859	2	12299306022960	none	1640	e01f2199	512	224	0	1640
1860	3	12299323244020	none	1641	e01f2199	512	224	0	1641
1861	4	12299340483930	none	1642	e01f2199	512	224	0	1642
1862	5	12299357708430	none	1643	e01f2199	512	224	0	1643
1863	6	12299370896720	none	1644	e01f2199	512	224	0	1644
1864	7	12299388300860	none	1645	e01f2199	512	224	0	1645
1865	0	12299405528880	none	1646	e01f2199	512	224	0	1646
1866	1	12299422751930	none	1647	e01f2199	512	224	0	1647
1867	2	12299439984300	none	1648	e01f2199	512	224	0	1648
1868	3	12299457371570	none	1649	e01f2199	512	224	0	1649
1869	4	12299470586800	none	1650	e01f2199	512	224	0	1650
1870	5	12299487888850	none	1651	e01f2199	512	224	0	1651
1871	6	12299505157590	none	1652	e01f2199	512	224	0	1652
1872	7	12299522412700	none	1653	e01f2199	512	224	0	1653
1873	0	12299539781220	none	1654	e01f2199	512	224	0	1654
1874	1	12299557178650	none	1655	e01f2199	512	224	0	1655
1875	2	12299570420560	none	1656	e01f2199	512	224	0	1656
1876	3	12299587820790	none	1657	e01f2199	512	224	0	1657
1877	4	12299605065890	none	1658	e01f2199	512	224	0	1658
1878	5	12299622336390	none	1659	e01f2199	512	224	0	1659
1879	6	12299639573070	none	1660	e01f2199	512	224	0	1660
1880	7	12299656784940	none	1661	e01f2199	512	224	0	1661
1881	0	12299674003870	none	1662	e01f2199	512	224	0	1662
1882	1	12299687225620	none	1663	e01f2199	512	224	0	1663
1883	2	12299704460970	none	1664	e01f2199	512	224	0	1664
1884	3	12299721668800	none	1665	e01f2199	512	224	0	1665
1885	4	12299739009400	none	1666	e01f2199	512	224	0	1666
1886	5	12299756269990	none	1667	e01f2199	512	224	0	1667
1887	6	12299773518080	none	1668	e01f2199	512	224	0	1668
1888	7	12299786707190	none	1669	e01f2199	512	224	0	1669
1889	0	12299803945260	none	1670	e01f2199	512	224	0	1670
1890	1	12299821162550	none	1671	e01f2199	512	224	0	1671
1891	2	12299838423680	none	1672	e01f2199	512	224	0	1672
1892	3	12299855647140	none	1673	e01f2199	512	224	0	1673
1893	4	12299872878820	none	1674	e01f2199	512	224	0	1674
1894	5	12299890120770	none	1675	e01f2199	512	224	0	1675
1895	6	12299903338520	none	1676	e01f2199	512	224	0	1676
1896	7	12299920580670	none	1677	e01f2199	512	224	0	1677
1897	0	12299937803230	none	1678	e01f2199	512	224	0	1678
1898	1	12299955047370	none	1679	e01f2199	512	224	0	1679
1899	2	12299972291550	none	1680	7cc3d34c	512	224	0	1680
1900	3	12299989534770	none	1681	0a84191e	512	224	0	1681
1901	4	12300006826180	none	1682	2b630df6	512	224	0	1682
1902	5	12300020030610	none	1683	243327fb	512	224	0	1683
1903	6	12300037303080	none	1684	1720e7cd	512	224	0	1684
1904	7	12300054569040	none	1685	22672d6e	512	224	0	1685
1905	0	12300071798540	none	1686	b314979a	512	224	0	1686
1906	1	12300089060210	none	1687	496ce5c1	512	224	0	1687
1907	2	12300106430030	none	1688	d91fc550	512	224	0	1688
1908	3	12300119627420	none	1689	f690836c	512	224	0	1689
1909	4	12300136954460	none	1690	759b4fc8	512	224	0	1690
1910	5	12300154201880	none	1691	baf18922	512	224	0	1691
1911	6	12300171467690	none	1692	c248ac76	512	224	0	1692
1912	7	12300188700060	none	1693	5a741fe3	512	224	0	1693
1913	0	12300205929390	none	1694	61605322	512	224	0	1694
1914	1	12300223140350	none	1695	61605322	512	224	0	1695
1915	2	12300236364690	none	1696	61605322	512	224	0	1696
1916	3	12300253602670	none	1697	61605322	512	224	0	1697
1917	4	12300270833760	none	1698	61605322	512	224	0	1698
1918	5	12300288078230	none	1699	61605322	512	224	0	1699
1919	6	12300305519010	none	1700	61605322	512	224	0	1700
1920	7	12300322780230	none	1701	61605322	512	224	0	1701
1921	0	12300336140770	none	1702	61605322	512	224	0	1702
1922	1	12300353392020	none	1703	61605322	512	224	0	1703
1923	2	12300370626410	none	1704	61605322	512	224	0	1704
1924	3	12300387850980	none	1705	61605322	512	224	0	1705
1925	4	12300405251590	none	1706	61605322	512	224	0	1706
1926	5	12300422493520	none	1707	61605322	512	224	0	1707
1927	6	12300435697670	none	1708	61605322	512	224	0	1708
1928	7	12300452966030	none	1709	eed8e777	512	224	0	1709
1929	0	12300470200560	none	1710	c3c301b2	512	224	0	1710
1930	1	12300487479280	none	1711	f66ddb2f	512	224	0	1711
1931	2	12300504725380	none	1712	5e044e9f	512	224	0	1712
1932	3	12300521947560	none	1713	3d89d49b	512	224	0	1713
1933	4	12300539200920	none	1714	7c6fb7bf	512	224	0	1714
1934	5	12300552433580	none	1715	c27803cb	512	224	0	1715
1935	6	12300569696840	none	1716	a87de68b	512	224	0	1716
1936	7	12300587099060	none	1717	9e2752f7	512	224	0	1717
1937	0	12300604448650	none	1718	c690f8f3	512	224	0	1718
1938	1	12300621715650	none	1719	cfad4c24	512	224	0	1719
1939	2	12300639005810	none	1720	ae4b23b4	512	224	0	1720
1940	3	12300652225320	none	1721	59fbd40c	512	224	0	1721
1941	4	12300669466790	none	1722	d20bcbe9	512	224	0	1722
1942	5	12300686723760	none	1723	914d3cd2	512	224	0	1723
1943	6	12300703974710	none	1724	914d3cd2	512	224	0	1724
1944	7	12300721216870	none	1725	6cc207ba	512	224	0	1725
1945	0	12300738452990	none	1726	6cc207ba	512	224	0	1726
1946	1	12300751665400	none	1727	03b27103	512	224	0	1727
1947	2	12300768896220	none	1728	03b27103	512	224	0	1728
1948	3	12300786128780	none	1729	03b27103	512	224	0	1729
1949	4	12300803371660	none	1730	a584b9c6	512	224	0	1730
1950	5	12300820608110	none	1731	a584b9c6	512	224	0	1731
1951	6	12300837926940	none	1732	a584b9c6	512	224	0	1732
1952	7	12300855251970	none	1733	584b667a	512	224	0	1733
1953	0	12300868537270	none	1734	584b667a	512	224	0	1734
1954	1	12300886050560	none	1735	584b667a	512	224	0	1735
1955	2	12300903341010	none	1736	0b8a93c2	512	224	0	1736
1956	3	12300920629790	none	1737	0b8a93c2	512	224	0	1737
1957	4	12300937908330	none	1738	0b8a93c2	512	224	0	1738
1958	5	12300955143110	none	1739	0b8a93c2	512	224	0	1739
1959	6	12300968402350	none	1740	a873e902	512	224	0	1740
1960	7	12300985652130	none	1741	a873e902	512	224	0	1741
1961	0	12301002891290	none	1742	a873e902	512	224	0	1742
1962	1	12301020150050	none	1743	a873e902	512	224	0	1743
1963	2	12301037385810	none	1744	83d40c94	512	224	0	1744
1964	3	12301054713650	none	1745	83d40c94	512	224	0	1745
1965	4	12301067923240	none	1746	83d40c94	512	224	0	1746
1966	5	12301085134330	none	1747	83d40c94	512	224	0	1747
1967	6	12301102408320	none	1748	6afbf2fa	512	224	0	1748
1968	7	12301119615200	none	1749	6afbf2fa	512	224	0	1749
1969	0	12301136913170	none	1750	6afbf2fa	512	224	0	1750
1970	1	12301154162570	none	1751	5c4b422b	512	224	0	1751
1971	2	12301171421210	none	1752	5c4b422b	512	224	0	1752
1972	3	12301184629890	none	1753	5c4b422b	512	224	0	1753
1973	4	12301201856370	none	1754	ef26021f	512	224	0	1754
1974	5	12301219143480	none	1755	ef26021f	512	224	0	1755
1975	6	12301236392810	none	1756	ef26021f	512	224	0	1756
1976	7	12301253718200	none	1757	4bcf85e3	512	224	0	1757
1977	0	12301270980410	none	1758	4bcf85e3	512	224	0	1758
1978	1	12301284189450	none	1759	9c050649	512	224	0	1759
1979	2	12301301419060	none	1760	9c050649	512	224	0	1760
1980	3	12301318641480	none	1761	9c050649	512	224	0	1761
1981	4	12301335862290	none	1762	9c050649	512	224	0	1762
1982	5	12301353271790	none	1763	9c050649	512	224	0	1763
1983	6	12301370536450	none	1764	9c050649	512	224	0	1764
1984	7	12301387803810	none	1765	9c050649	512	224	0	1765
1985	0	12301401008560	none	1766	b3188be6	512	224	0	1766
1986	1	12301418256050	none	1767	b3188be6	512	224	0	1767
1987	2	12301435486640	none	1768	b3188be6	512	224	0	1768
1988	3	12301452716900	none	1769	b3188be6	512	224	0	1769
1989	4	12301469977900	none	1770	b3188be6	512	224	0	1770
1990	5	12301487233490	none	1771	b3188be6	512	224	0	1771
1991	6	12301500436500	none	1772	b3188be6	512	224	0	1772
1992	7	12301517673670	none	1773	b3188be6	512	224	0	1773
1993	0	12301534893590	none	1774	003890bb	512	224	0	1774
1994	1	12301552311720	none	1775	003890bb	512	224	0	1775
1995	2	12301569561640	none	1776	003890bb	512	224	0	1776
1996	3	12301586783900	none	1777	003890bb	512	224	0	1777
1997	4	12301604082430	none	1778	003890bb	512	224	0	1778
1998	5	12301617288420	none	1779	003890bb	512	224	0	1779
1999	6	12301634544410	none	1780	003890bb	512	224	0	1780
2000	7	12301651768120	none	1781	003890bb	512	224	0	1781
2001	0	12301669029640	none	1782	7d8c6174	512	224	0	1782
2002	1	12301686302210	none	1783	7d8c6174	512	224	0	1783
2003	2	12301703530200	none	1784	7d8c6174	512	224	0	1784
2004	3	12301716760680	none	1785	7d8c6174	512	224	0	1785
2005	4	12301734030760	none	1786	7d8c6174	512	224	0	1786
2006	5	12301751303710	none	1787	7d8c6174	512	224	0	1787
2007	6	12301768550490	none	1788	7d8c6174	512	224	0	1788
2008	7	12301785767780	none	1789	7d8c6174	512	224	0	1789
2009	0	12301803131060	none	1790	4ef1c29f	512	224	0	1790
2010	1	12301820384430	none	1791	4ef1c29f	512	224	0	1791
2011	2	12301833577280	none	1792	4ef1c29f	512	224	0	1792
2012	3	12301850852850	none	1793	4ef1c29f	512	224	0	1793
2013	4	12301868093650	none	1794	4ef1c29f	512	224	0	1794
2014	5	12301885354430	none	1795	4ef1c29f	512	224	0	1795
2015	6	12301902638180	none	1796	4ef1c29f	512	224	0	1796
2016	7	12301919903850	none	1797	30b7b3a4	512	224	0	1797
2017	0	12301933114410	none	1798	30b7b3a4	512	224	0	1798
2018	1	12301950363090	none	1799	30b7b3a4	512	224	0	1799
2019	2	12301967588680	none	1800	30b7b3a4	512	224	0	1800
2020	3	12301984918070	none	1801	30b7b3a4	512	224	0	1801
2021	4	12302002157400	none	1802	30b7b3a4	512	224	0	1802
2022	5	12302019403930	none	1803	30b7b3a4	512	224	0	1803
2023	6	12302036633190	none	1804	30b7b3a4	512	224	0	1804
2024	7	12302049821250	none	1805	99d37de0	512	224	0	1805
2025	0	12302067154930	none	1806	99d37de0	512	224	0	1806
2026	1	12302084405720	none	1807	99d37de0	512	224	0	1807
2027	2	12302101769610	none	1808	99d37de0	512	224	0	1808
2028	3	12302119049550	none	1809	99d37de0	512	224	0	1809
2029	4	12302136329360	none	1810	99d37de0	512	224	0	1810
2030	5	12302149529790	none	1811	99d37de0	512	224	0	1811
2031	6	12302166883420	none	1812	99d37de0	512	224	0	1812
2032	7	12302184251450	none	1813	99d37de0	512	224	0	1813
2033	0	12302201785120	none	1814	99d37de0	512	224	0	1814
2034	1	12302219043090	none	1815	99d37de0	512	224	0	1815
2035	2	12302236303830	none	1816	99d37de0	512	224	0	1816
2036	3	12302249518810	none	1817	99d37de0	512	224	0	1817
2037	4	12302266777000	none	1818	99d37de0	512	224	0	1818
2038	5	12302284030230	none	1819	99d37de0	512	224	0	1819
2039	6	12302301326330	none	1820	99d37de0	512	224	0	1820
2040	7	12302318560900	none	1821	99d37de0	512	224	0	1821
2041	0	12302335778190	none	1822	99d37de0	512	224	0	1822
2042	1	12302348992580	none	1823	99d37de0	512	224	0	1823
2043	2	12302366287910	none	1824	99d37de0	512	224	0	1824
2044	3	12302383510190	none	1825	99d37de0	512	224	0	1825
2045	4	12302400817510	none	1826	99d37de0	512	224	0	1826
2046	5	12302418060690	none	1827	99d37de0	512	224	0	1827
2047	6	12302435363250	none	1828	99d37de0	512	224	0	1828
2048	7	12302452610510	none	1829	99d37de0	512	224	0	1829
2049	0	12302465792630	none	1830	99d37de0	512	224	0	1830
2050	1	12302483040550	none	1831	99d37de0	512	224	0	1831
2051	2	12302500416520	none	1832	99d37de0	512	224	0	1832
2052	3	12302517654270	none	1833	99d37de0	512	224	0	1833
2053	4	12302534946700	none	1834	99d37de0	512	224	0	1834
2054	5	12302552239510	none	1835	99d37de0	512	224	0	1835
2055	6	12302565429430	none	1836	99d37de0	512	224	0	1836
2056	7	12302582652060	none	1837	99d37de0	512	224	0	1837
2057	0	12302599886720	none	1838	99d37de0	512	224	0	1838
2058	1	12302617120180	none	1839	99d37de0	512	224	0	1839
2059	2	12302634372300	none	1840	99d37de0	512	224	0	1840
2060	3	12302651656150	none	1841	99d37de0	512	224	0	1841
2061	4	12302668891580	none	1842	99d37de0	512	224	0	1842
2062	5	12302682090330	none	1843	99d37de0	512	224	0	1843
2063	6	12302699472920	none	1844	99d37de0	512	224	0	1844
2064	7	12302716706880	none	1845	99d37de0	512	224	0	1845
2065	0	12302733932870	none	1846	99d37de0	512	224	0	1846
2066	1	12302751165470	none	1847	99d37de0	512	224	0	1847
2067	2	12302768411890	none	1848	99d37de0	512	224	0	1848
2068	3	12302781603220	none	1849	99d37de0	512	224	0	1849
2069	4	12302798836450	none	1850	99d37de0	512	224	0	1850
2070	5	12302816061490	none	1851	99d37de0	512	224	0	1851
2071	6	12302833303250	none	1852	99d37de0	512	224	0	1852
2072	7	12302850532800	none	1853	99d37de0	512	224	0	1853
2073	0	12302867812960	none	1854	99d37de0	512	224	0	1854
2074	1	12302885137220	none	1855	99d37de0	512	224	0	1855
2075	2	12302898357440	none	1856	99d37de0	512	224	0	1856
2076	3	12302915610570	none	1857	99d37de0	512	224	0	1857
2077	4	12302932904330	none	1858	99d37de0	512	224	0	1858
2078	5	12302950156300	none	1859	99d37de0	512	224	0	1859
2079	6	12302967485250	none	1860	99d37de0	512	224	0	1860
2080	7	12302984715660	none	1861	99d37de0	512	224	0	1861
2081	0	12302997968110	none	1862	99d37de0	512	224	0	1862
2082	1	12303015204930	none	1863	99d37de0	512	224	0	1863
2083	2	12303032445440	none	1864	99d37de0	512	224	0	1864
2084	3	12303049774140	none	1865	535b97a2	512	224	0	1865
2085	4	12303067033540	none	1866	20f1fa23	512	224	0	1866
2086	5	12303084300320	none	1867	ce0ea565	512	224	0	1867
2087	6	12303101553930	none	1868	f4db5321	512	224	0	1868
2088	7	12303114865880	none	1869	6046adc4	512	224	0	1869
2089	0	12303132098890	none	1870	43982cbd	512	224	0	1870
2090	1	12303149363600	none	1871	34ca8105	512	224	0	1871
2091	2	12303166602970	none	1872	3d56e167	512	224	0	1872
2092	3	12303183868210	none	1873	f9a44205	512	224	0	1873
2093	4	12303201082560	none	1874	99da5dbf	512	224	0	1874
2094	5	12303214422860	none	1875	1826d5f5	512	224	0	1875
2095	6	12303231677040	none	1876	fd7b6a3f	512	224	0	1876
2096	7	12303249029640	none	1877	8fd438cf	512	224	0	1877
2097	0	12303266309110	none	1878	00c03a81	512	224	0	1878
2098	1	12303283584330	none	1879	61605322	512	224	0	1879
2099	2	12303300815700	none	1880	61605322	512	224	0	1880
2100	3	12303314248350	none	1881	61605322	512	224	0	1881
2101	4	12303331515060	none	1882	61605322	512	224	0	1882
2102	5	12303348848610	none	1883	61605322	512	224	0	1883
2103	6	12303366077700	none	1884	61605322	512	224	0	1884
2104	7	12303383358050	none	1885	61605322	512	224	0	1885
2105	0	12303400582130	none	1886	61605322	512	224	0	1886
2106	1	12303417803060	none	1887	61605322	512	224	0	1887
2107	2	12303431003160	none	1888	61605322	512	224	0	1888
2108	3	12303448373980	none	1889	61605322	512	224	0	1889
2109	4	12303465612460	none	1890	61605322	512	224	0	1890
2110	5	12303482819740	none	1891	61605322	512	224	0	1891
2111	6	12303500127070	none	1892	61605322	512	224	0	1892
2112	7	12303517503090	none	1893	61605322	512	224	0	1893
2113	0	12303530704090	none	1894	2270fda0	512	224	0	1894
2114	1	12303548030620	none	1895	33e0a2f6	512	224	0	1895
2115	2	12303565276430	none	1896	73a41b98	512	224	0	1896
2116	3	12303582544630	none	1897	60ffce4b	512	224	0	1897
2117	4	12303599800130	none	1898	81f3286e	512	224	0	1898
2118	5	12303617228280	none	1899	1058b7b6	512	224	0	1899
2119	6	12303630455990	none	1900	082f280b	512	224	0	1900
2120	7	12303647789760	none	1901	b654c4a5	512	224	0	1901
2121	0	12303665033080	none	1902	e1022574	512	224	0	1902
2122	1	12303682310820	none	1903	5f4a3144	512	224	0	1903
2123	2	12303699551660	none	1904	5de0d7e2	512	224	0	1904
2124	3	12303716927790	none	1905	c5624833	512	224	0	1905
2125	4	12303730134460	none	1906	7f8a9108	512	224	0	1906
2126	5	12303747561030	none	1907	36870f78	512	224	0	1907
2127	6	12303764956400	none	1908	0ac39b9b	512	224	0	1908
2128	7	12303782273140	none	1909	3d54ab04	512	224	0	1909
2129	0	12303799534050	none	1910	3d54ab04	512	224	0	1910
2130	1	12303816763620	none	1911	3d54ab04	512	224	0	1911
2131	2	12303829974150	none	1912	3d54ab04	512	224	0	1912
2132	3	12303847341600	none	1913	3d54ab04	512	224	0	1913
2133	4	12303864567400	none	1914	8abb5f8d	512	224	0	1914
2134	5	12303881796460	none	1915	8abb5f8d	512	224	0	1915
2135	6	12303899028960	none	1916	8abb5f8d	512	224	0	1916
2136	7	12303916396580	none	1917	8abb5f8d	512	224	0	1917
2137	0	12303933606280	none	1918	82b88d34	512	224	0	1918
2138	1	12303946776510	none	1919	82b88d34	512	224	0	1919
2139	2	12303964003710	none	1920	82b88d34	512	224	0	1920
2140	3	12303981382770	none	1921	82b88d34	512	224	0	1921
2141	4	12303998614520	none	1922	f6107f1c	512	224	0	1922
2142	5	12304015867360	none	1923	f6107f1c	512	224	0	1923
2143	6	12304033120870	none	1924	f6107f1c	512	224	0	1924
2144	7	12304046313220	none	1925	f6107f1c	512	224	0	1925
2145	0	12304063544670	none	1926	f6107f1c	512	224	0	1926
2146	1	12304080748170	none	1927	f6107f1c	512	224	0	1927
2147	2	12304098028270	none	1928	f6107f1c	512	224	0	1928
2148	3	12304115266980	none	1929	f6107f1c	512	224	0	1929
2149	4	12304132509170	none	1930	f6107f1c	512	224	0	1930
2150	5	12304149723670	none	1931	f6107f1c	512	224	0	1931
2151	6	12304163002960	none	1932	f6107f1c	512	224	0	1932
2152	7	12304180241000	none	1933	71519de5	512	224	0	1933
2153	0	12304197524360	none	1934	71519de5	512	224	0	1934
2154	1	12304214798850	none	1935	71519de5	512	224	0	1935
2155	2	12304232152280	none	1936	71519de5	512	224	0	1936
2156	3	12304249543540	none	1937	71519de5	512	224	0	1937
2157	4	12304262847570	none	1938	71519de5	512	224	0	1938
2158	5	12304280059590	none	1939	71519de5	512	224	0	1939
2159	6	12304297316040	none	1940	71519de5	512	224	0	1940
2160	7	12304314556050	none	1941	71519de5	512	224	0	1941
2161	0	12304331757890	none	1942	71519de5	512	224	0	1942
2162	1	12304349010620	none	1943	71519de5	512	224	0	1943
2163	2	12304366273010	none	1944	71519de5	512	224	0	1944
2164	3	12304379466380	none	1945	71519de5	512	224	0	1945
2165	4	12304396696120	none	1946	71519de5	512	224	0	1946
2166	5	12304413930520	none	1947	71519de5	512	224	0	1947
2167	6	12304431191250	none	1948	71519de5	512	224	0	1948
2168	7	12304448520900	none	1949	62610be9	512	224	0	1949
2169	0	12304465842100	none	1950	62610be9	512	224	0	1950
2170	1	12304479010700	none	1951	62610be9	512	224	0	1951
2171	2	12304496280560	none	1952	62610be9	512	224	0	1952
2172	3	12304513534760	none	1953	62610be9	512	224	0	1953
2173	4	12304530760300	none	1954	62610be9	512	224	0	1954
2174	5	12304548016910	none	1955	62610be9	512	224	0	1955
2175	6	12304565391120	none	1956	9b2c902b	512	224	0	1956
2176	7	12304582607270	none	1957	9b2c902b	512	224	0	1957
2177	0	12304595785970	none	1958	9b2c902b	512	224	0	1958
2178	1	12304613045300	none	1959	9b2c902b	512	224	0	1959
2179	2	12304630349040	none	1960	9b2c902b	512	224	0	1960
2180	3	12304647573650	none	1961	9b2c902b	512	224	0	1961
2181	4	12304664779600	none	1962	9b2c902b	512	224	0	1962
2182	5	12304682005090	none	1963	6d487191	512	224	0	1963
2183	6	12304695264260	none	1964	6d487191	512	224	0	1964
2184	7	12304712563040	none	1965	6d487191	512	224	0	1965
2185	0	12304729795100	none	1966	6d487191	512	224	0	1966
2186	1	12304747028090	none	1967	6d487191	512	224	0	1967
2187	2	12304764385250	none	1968	6d487191	512	224	0	1968
2188	3	12304781638850	none	1969	6d487191	512	224	0	1969
2189	4	12304798867150	none	1970	e473853f	512	224	0	1970
2190	5	12304812044830	none	1971	e473853f	512	224	0	1971
2191	6	12304829333110	none	1972	e473853f	512	224	0	1972
2192	7	12304846548350	none	1973	e473853f	512	224	0	1973
2193	0	12304863764440	none	1974	e473853f	512	224	0	1974
2194	1	12304881026080	none	1975	e473853f	512	224	0	1975
2195	2	12304898267780	none	1976	e473853f	512	224	0	1976
2196	3	12304911476510	none	1977	5c3e1ce3	512	224	0	1977
2197	4	12304928687190	none	1978	5c3e1ce3	512	224	0	1978
2198	5	12304946055230	none	1979	5c3e1ce3	512	224	0	1979
2199	6	12304963302520	none	1980	5c3e1ce3	512	224	0	1980
2200	7	12304980547770	none	1981	5c3e1ce3	512	224	0	1981
2201	0	12304997901050	none	1982	5c3e1ce3	512	224	0	1982
2202	1	12305015139500	none	1983	bf1ca1cc	512	224	0	1983
2203	2	12305028351480	none	1984	bf1ca1cc	512	224	0	1984
2204	3	12305045662730	none	1985	bf1ca1cc	512	224	0	1985
2205	4	12305062923480	none	1986	bf1ca1cc	512	224	0	1986
2206	5	12305080177530	none	1987	bf1ca1cc	512	224	0	1987
2207	6	12305097402410	none	1988	bf1ca1cc	512	224	0	1988
2208	7	12305114701660	none	1989	bf1ca1cc	512	224	0	1989
2209	0	12305127965910	none	1990	14319347	512	224	0	1990
2210	1	12305145223970	none	1991	14319347	512	224	0	1991
2211	2	12305162516300	none	1992	14319347	512	224	0	1992
2212	3	12305179766460	none	1993	14319347	512	224	0	1993
2213	4	12305197005050	none	1994	14319347	512	224	0	1994
2214	5	12305214251380	none	1995	14319347	512	224	0	1995
2215	6	12305231490820	none	1996	14319347	512	224	0	1996
2216	7	12305244669360	none	1997	14319347	512	224	0	1997
2217	0	12305261896080	none	1998	14319347	512	224	0	1998
2218	1	12305279169410	none	1999	14319347	512	224	0	1999
2219	2	12305296428480	none	2000	14319347	512	224	0	2000
2220	3	12305313765100	none	2001	14319347	512	224	0	2001
2221	4	12305330999180	none	2002	14319347	512	224	0	2002
2222	5	12305344206510	none	2003	14319347	512	224	0	2003
2223	6	12305361456250	none	2004	14319347	512	224	0	2004
2224	7	12305378676320	none	2005	14319347	512	224	0	2005
2225	0	12305395996360	none	2006	14319347	512	224	0	2006
2226	1	12305413362150	none	2007	14319347	512	224	0	2007
2227	2	12305430600840	none	2008	14319347	512	224	0	2008
2228	3	12305447847170	none	2009	14319347	512	224	0	2009
2229	4	12305461032270	none	2010	14319347	512	224	0	2010
2230	5	12305478276520	none	2011	14319347	512	224	0	2011
2231	6	12305495507840	none	2012	14319347	512	224	0	2012
2232	7	12305512775690	none	2013	14319347	512	224	0	2013
2233	0	12305530024620	none	2014	14319347	512	224	0	2014
2234	1	12305547271460	none	2015	14319347	512	224	0	2015
2235	2	12305560476680	none	2016	14319347	512	224	0	2016
2236	3	12305577730610	none	2017	14319347	512	224	0	2017
2237	4	12305595044770	none	2018	14319347	512	224	0	2018
2238	5	12305612468950	none	2019	14319347	512	224	0	2019
2239	6	12305629727660	none	2020	14319347	512	224	0	2020
2240	7	12305646968740	none	2021	14319347	512	224	0	2021
2241	0	12305664216130	none	2022	14319347	512	224	0	2022
2242	1	12305677422280	none	2023	14319347	512	224	0	2023
2243	2	12305694648120	none	2024	14319347	512	224	0	2024
2244	3	12305711868030	none	2025	14319347	512	224	0	2025
2245	4	12305729163150	none	2026	14319347	512	224	0	2026
2246	5	12305746436020	none	2027	14319347	512	224	0	2027
2247	6	12305763667200	none	2028	14319347	512	224	0	2028
2248	7	12305776868140	none	2029	14319347	512	224	0	2029
2249	0	12305794088290	none	2030	14319347	512	224	0	2030
2250	1	12305811329040	none	2031	14319347	512	224	0	2031
2251	2	12305828551750	none	2032	14319347	512	224	0	2032
2252	3	12305845929350	none	2033	14319347	512	224	0	2033
2253	4	12305863197400	none	2034	14319347	512	224	0	2034
2254	5	12305880436760	none	2035	14319347	512	224	0	2035
2255	6	12305893624610	none	2036	14319347	512	224	0	2036
2256	7	12305910834300	none	2037	14319347	512	224	0	2037
2257	0	12305928150490	none	2038	14319347	512	224	0	2038
2258	1	12305945398390	none	2039	14319347	512	224	0	2039
2259	2	12305962765370	none	2040	14319347	512	224	0	2040
2260	3	12305980013430	none	2041	14319347	512	224	0	2041
2261	4	12305993216480	none	2042	14319347	512	224	0	2042
2262	5	12306010452150	none	2043	14319347	512	224	0	2043
2263	6	12306027650940	none	2044	14319347	512	224	0	2044
2264	7	12306044900510	none	2045	14319347	512	224	0	2045
2265	0	12306062182240	none	2046	14319347	512	224	0	2046
2266	1	12306079494410	none	2047	14319347	512	224	0	2047
2267	2	12306096728120	none	2048	14319347	512	224	0	2048
2268	3	12306109954090	none	2049	14319347	512	224	0	2049
2269	4	12306127200460	none	2050	e4ce4e71	512	224	0	2050
2270	5	12306144446270	none	2051	480cd318	512	224	0	2051
2271	6	12306161858520	none	2052	ae6b7fcc	512	224	0	2052
2272	7	12306179151340	none	2053	77d02242	512	224	0	2053
2273	0	12306196469300	none	2054	3880a982	512	224	0	2054
2274	1	12306209668810	none	2055	0ffc4aa2	512	224	0	2055
2275	2	12306226909120	none	2056	4e1431b9	512	224	0	2056
2276	3	12306244156970	none	2057	b3f1d48e	512	224	0	2057
2277	4	12306261516910	none	2058	a276b92d	512	224	0	2058
2278	5	12306278735510	none	2059	6f676923	512	224	0	2059
2279	6	12306296071560	none	2060	53a8ac72	512	224	0	2060
2280	7	12306309325840	none	2061	e2b7d51c	512	224	0	2061
2281	0	12306326579550	none	2062	50992953	512	224	0	2062
2282	1	12306343871310	none	2063	66d8b0d8	512	224	0	2063
2283	2	12306361454070	none	2064	61605322	512	224	0	2064
2284	3	12306378711480	none	2065	61605322	512	224	0	2065
2285	4	12306396163150	none	2066	61605322	512	224	0	2066
2286	5	12306409404320	none	2067	61605322	512	224	0	2067
2287	6	12306426577260	none	2068	61605322	512	224	0	2068
2288	7	12306443883040	none	2069	61605322	512	224	0	2069
2289	0	12306461162050	none	2070	61605322	512	224	0	2070
2290	1	12306478417270	none	2071	61605322	512	224	0	2071
2291	2	12306495726640	none	2072	61605322	512	224	0	2072
2292	3	12306508969690	none	2073	61605322	512	224	0	2073
2293	4	12306526205010	none	2074	61605322	512	224	0	2074
2294	5	12306543432400	none	2075	61605322	512	224	0	2075
2295	6	12306560740020	none	2076	61605322	512	224	0	2076
2296	7	12306578081160	none	2077	61605322	512	224	0	2077
2297	0	12306595334300	none	2078	61605322	512	224	0	2078
2298	1	12306612641360	none	2079	bb0e1040	512	224	0	2079
2299	2	12306625866440	none	2080	18054430	512	224	0	2080
2300	3	12306643090870	none	2081	fb8302a1	512	224	0	2081
2301	4	12306660469970	none	2082	3ec4ef27	512	224	0	2082
2302	5	12306677741320	none	2083	e66494ac	512	224	0	2083
2303	6	12306695005860	none	2084	01964a21	512	224	0	2084
2304	7	12306712313340	none	2085	dedd10f4	512	224	0	2085
2305	0	12306725573120	none	2086	9d088db4	512	224	0	2086
2306	1	12306742820370	none	2087	26aced5d	512	224	0	2087
2307	2	12306760229740	none	2088	80ff737b	512	224	0	2088
2308	3	12306777487230	none	2089	677dacbc	512	224	0	2089
2309	4	12306794847630	none	2090	ac31b983	512	224	0	2090
2310	5	12306812279830	none	2091	5eb4efd5	512	224	0	2091
2311	6	12306825571970	none	2092	b4634742	512	224	0	2092
2312	7	12306842896470	none	2093	0b2eeb19	512	224	0	2093
2313	0	12306860358650	none	2094	0b2eeb19	512	224	0	2094
2314	1	12306877643590	none	2095	0b2eeb19	512	224	0	2095
2315	2	12306894885820	none	2096	bc4e5b38	512	224	0	2096
2316	3	12306912132280	none	2097	bc4e5b38	512	224	0	2097
2317	4	12306925512470	none	2098	bc4e5b38	512	224	0	2098
2318	5	12306942714880	none	2099	bc4e5b38	512	224	0	2099
2319	6	12306960059810	none	2100	bc4e5b38	512	224	0	2100
2320	7	12306977311370	none	2101	bc4e5b38	512	224	0	2101
2321	0	12306994536280	none	2102	bc4e5b38	512	224	0	2102
2322	1	12307011744790	none	2103	bc4e5b38	512	224	0	2103
2323	2	12307025135440	none	2104	70527297	512	224	0	2104
2324	3	12307042364410	none	2105	70527297	512	224	0	2105
2325	4	12307059688280	none	2106	70527297	512	224	0	2106
2326	5	12307077003080	none	2107	70527297	512	224	0	2107
2327	6	12307094282500	none	2108	70527297	512	224	0	2108
2328	7	12307111512920	none	2109	e5f5e2e1	512	224	0	2109
2329	0	12307124689840	none	2110	e5f5e2e1	512	224	0	2110
2330	1	12307141884440	none	2111	e5f5e2e1	512	224	0	2111
2331	2	12307159247430	none	2112	e5f5e2e1	512	224	0	2112
2332	3	12307176524430	none	2113	b1ab47d6	512	224	0	2113
2333	4	12307193729060	none	2114	b1ab47d6	512	224	0	2114
2334	5	12307211136200	none	2115	b1ab47d6	512	224	0	2115
2335	6	12307224430590	none	2116	b1ab47d6	512	224	0	2116
2336	7	12307241805990	none	2117	b1ab47d6	512	224	0	2117
2337	0	12307259198850	none	2118	b1ab47d6	512	224	0	2118
2338	1	12307276481530	none	2119	b1ab47d6	512	224	0	2119
2339	2	12307293700840	none	2120	b1ab47d6	512	224	0	2120
2340	3	12307310938380	none	2121	b1ab47d6	512	224	0	2121
2341	4	12307324330060	none	2122	b1ab47d6	512	224	0	2122
2342	5	12307341586300	none	2123	b1ab47d6	512	224	0	2123
2343	6	12307358870670	none	2124	b1ab47d6	512	224	0	2124
2344	7	12307376131020	none	2125	b1ab47d6	512	224	0	2125
2345	0	12307393371850	none	2126	b1ab47d6	512	224	0	2126
2346	1	12307410611530	none	2127	b1ab47d6	512	224	0	2127
2347	2	12307427822510	none	2128	b1ab47d6	512	224	0	2128
2348	3	12307441003190	none	2129	b1ab47d6	512	224	0	2129
2349	4	12307458371510	none	2130	b1ab47d6	512	224	0	2130
2350	5	12307475598830	none	2131	b1ab47d6	512	224	0	2131
2351	6	12307492895180	none	2132	b1ab47d6	512	224	0	2132
2352	7	12307510227450	none	2133	b1ab47d6	512	224	0	2133
2353	0	12307527467620	none	2134	b1ab47d6	512	224	0	2134
2354	1	12307540655410	none	2135	b1ab47d6	512	224	0	2135
2355	2	12307557864730	none	2136	b1ab47d6	512	224	0	2136
2356	3	12307575086870	none	2137	b1ab47d6	512	224	0	2137
2357	4	12307592334930	none	2138	b1ab47d6	512	224	0	2138
2358	5	12307609572960	none	2139	b1ab47d6	512	224	0	2139
2359	6	12307626800750	none	2140	b1ab47d6	512	224	0	2140
2360	7	12307644137280	none	2141	b1ab47d6	512	224	0	2141
2361	0	12307657366210	none	2142	b1ab47d6	512	224	0	2142
2362	1	12307674577480	none	2143	b1ab47d6	512	224	0	2143
2363	2	12307691880310	none	2144	b1ab47d6	512	224	0	2144
2364	3	12307709116510	none	2145	b1ab47d6	512	224	0	2145
2365	4	12307726351950	none	2146	b1ab47d6	512	224	0	2146
2366	5	12307743614940	none	2147	b1ab47d6	512	224	0	2147
2367	6	12307756773860	none	2148	b1ab47d6	512	224	0	2148
2368	7	12307773980590	none	2149	b1ab47d6	512	224	0	2149
2369	0	12307791228410	none	2150	b1ab47d6	512	224	0	2150
2370	1	12307808487890	none	2151	b1ab47d6	512	224	0	2151
2371	2	12307825688670	none	2152	b1ab47d6	512	224	0	2152
2372	3	12307843095630	none	2153	b1ab47d6	512	224	0	2153
2373	4	12307860365900	none	2154	b1ab47d6	512	224	0	2154
2374	5	12307873692320	none	2155	c7f2703e	512	224	0	2155
2375	6	12307890928830	none	2156	c7f2703e	512	224	0	2156
2376	7	12307908221010	none	2157	c7f2703e	512	224	0	2157
2377	0	12307925457450	none	2158	c7f2703e	512	224	0	2158
2378	1	12307942659660	none	2159	c7f2703e	512	224	0	2159
2379	2	12307959896470	none	2160	11f70272	512	224	0	2160
2380	3	12307973228950	none	2161	11f70272	512	224	0	2161
2381	4	12307990444330	none	2162	11f70272	512	224	0	2162
2382	5	12308007732640	none	2163	11f70272	512	224	0	2163
2383	6	12308024965840	none	2164	11f70272	512	224	0	2164
2384	7	12308042215250	none	2165	8f13b043	512	224	0	2165
2385	0	12308059455670	none	2166	8f13b043	512	224	0	2166
2386	1	12308076661440	none	2167	8f13b043	512	224	0	2167
2387	2	12308089856230	none	2168	8f13b043	512	224	0	2168
2388	3	12308107263560	none	2169	8f13b043	512	224	0	2169
2389	4	12308124494520	none	2170	8f13b043	512	224	0	2170
2390	5	12308141732330	none	2171	8f13b043	512	224	0	2171
2391	6	12308158965120	none	2172	0553ccd7	512	224	0	2172
2392	7	12308176321070	none	2173	0553ccd7	512	224	0	2173
2393	0	12308189503210	none	2174	0553ccd7	512	224	0	2174
2394	1	12308206953780	none	2175	0553ccd7	512	224	0	2175
2395	2	12308224205540	none	2176	0553ccd7	512	224	0	2176
2396	3	12308241432800	none	2177	0553ccd7	512	224	0	2177
2397	4	12308258649130	none	2178	8f13b043	512	224	0	2178
2398	5	12308275856240	none	2179	8f13b043	512	224	0	2179
2399	6	12308293091400	none	2180	8f13b043	512	224	0	2180
2400	7	12308306292670	none	2181	8f13b043	512	224	0	2181
2401	0	12308323502680	none	2182	8f13b043	512	224	0	2182
2402	1	12308340803950	none	2183	8f13b043	512	224	0	2183
2403	2	12308358039190	none	2184	0553ccd7	512	224	0	2184
2404	3	12308375293410	none	2185	0553ccd7	512	224	0	2185
2405	4	12308392551090	none	2186	0553ccd7	512	224	0	2186
2406	5	12308405715250	none	2187	0553ccd7	512	224	0	2187
2407	6	12308422953470	none	2188	0553ccd7	512	224	0	2188
2408	7	12308440207920	none	2189	0553ccd7	512	224	0	2189
2409	0	12308457442360	none	2190	11f70272	512	224	0	2190
2410	1	12308474672270	none	2191	11f70272	512	224	0	2191
2411	2	12308492042560	none	2192	11f70272	512	224	0	2192
2412	3	12308509269780	none	2193	11f70272	512	224	0	2193
2413	4	12308522547030	none	2194	11f70272	512	224	0	2194
2414	5	12308539761480	none	2195	11f70272	512	224	0	2195
2415	6	12308557115730	none	2196	11f70272	512	224	0	2196
2416	7	12308574362170	none	2197	8f13b043	512	224	0	2197
2417	0	12308591596850	none	2198	8f13b043	512	224	0	2198
2418	1	12308608898500	none	2199	8f13b043	512	224	0	2199
2419	2	12308622124470	none	2200	8f13b043	512	224	0	2200
2420	3	12308639352150	none	2201	8f13b043	512	224	0	2201
2421	4	12308656813400	none	2202	8f13b043	512	224	0	2202
2422	5	12308674056620	none	2203	11f70272	512	224	0	2203
2423	6	12308691313220	none	2204	11f70272	512	224	0	2204
2424	7	12308708525680	none	2205	11f70272	512	224	0	2205
2425	0	12308725815990	none	2206	11f70272	512	224	0	2206
2426	1	12308739006700	none	2207	11f70272	512	224	0	2207
2427	2	12308756245150	none	2208	11f70272	512	224	0	2208
2428	3	12308773491090	none	2209	8f13b043	512	224	0	2209
2429	4	12308790711220	none	2210	8f13b043	512	224	0	2210
2430	5	12308807951660	none	2211	8f13b043	512	224	0	2211
2431	6	12308825311810	none	2212	8f13b043	512	224	0	2212
2432	7	12308838497310	none	2213	8f13b043	512	224	0	2213
2433	0	12308855805610	none	2214	8f13b043	512	224	0	2214
2434	1	12308873023830	none	2215	11f70272	512	224	0	2215
2435	2	12308890361500	none	2216	11f70272	512	224	0	2216
2436	3	12308907621170	none	2217	11f70272	512	224	0	2217
2437	4	12308924910140	none	2218	11f70272	512	224	0	2218
2438	5	12308942160540	none	2219	11f70272	512	224	0	2219
2439	6	12308955355240	none	2220	11f70272	512	224	0	2220
2440	7	12308972570980	none	2221	11f70272	512	224	0	2221
2441	0	12308989792560	none	2222	8f13b043	512	224	0	2222
2442	1	12309007071770	none	2223	8f13b043	512	224	0	2223
2443	2	12309024419670	none	2224	8f13b043	512	224	0	2224
2444	3	12309041630090	none	2225	8f13b043	512	224	0	2225
2445	4	12309054802150	none	2226	8f13b043	512	224	0	2226
2446	5	12309072030490	none	2227	8f13b043	512	224	0	2227
2447	6	12309089271300	none	2228	11f70272	512	224	0	2228
2448	7	12309106510590	none	2229	11f70272	512	224	0	2229
2449	0	12309123722820	none	2230	11f70272	512	224	0	2230
2450	1	12309140951350	none	2231	11f70272	512	224	0	2231
2451	2	12309158255020	none	2232	11f70272	512	224	0	2232
2452	3	12309171438550	none	2233	11f70272	512	224	0	2233
2453	4	12309188656450	none	2234	8f13b043	512	224	0	2234
2454	5	12309206003030	none	2235	8f13b043	512	224	0	2235
2455	6	12309223250650	none	2236	8f13b043	512	224	0	2236
2456	7	12309240458780	none	2237	8f13b043	512	224	0	2237
2457	0	12309257672080	none	2238	8f13b043	512	224	0	2238
2458	1	12309270929020	none	2239	8f13b043	512	224	0	2239
2459	2	12309288154750	none	2240	11f70272	512	224	0	2240
2460	3	12309305403350	none	2241	11f70272	512	224	0	2241
2461	4	12309322614540	none	2242	11f70272	512	224	0	2242
2462	5	12309339830570	none	2243	11f70272	512	224	0	2243
2463	6	12309357128390	none	2244	11f70272	512	224	0	2244
2464	7	12309374472200	none	2245	11f70272	512	224	0	2245
2465	0	12309387640080	none	2246	11f70272	512	224	0	2246
2466	1	12309404956270	none	2247	8f13b043	512	224	0	2247
2467	2	12309422205430	none	2248	8f13b043	512	224	0	2248
2468	3	12309439460700	none	2249	8f13b043	512	224	0	2249
2469	4	12309456685880	none	2250	8f13b043	512	224	0	2250
2470	5	12309474009900	none	2251	8f13b043	512	224	0	2251
2471	6	12309487227140	none	2252	8f13b043	512	224	0	2252
2472	7	12309504461000	none	2253	11f70272	512	224	0	2253
2473	0	12309521668320	none	2254	11f70272	512	224	0	2254
2474	1	12309539069780	none	2255	11f70272	512	224	0	2255
2475	2	12309556313540	none	2256	11f70272	512	224	0	2256
2476	3	12309573627010	none	2257	11f70272	512	224	0	2257
2477	4	12309590970490	none	2258	11f70272	512	224	0	2258
2478	5	12309604205570	none	2259	8f13b043	512	224	0	2259
2479	6	12309621440910	none	2260	8f13b043	512	224	0	2260
2480	7	12309638638780	none	2261	8f13b043	512	224	0	2261
2481	0	12309655867110	none	2262	8f13b043	512	224	0	2262
2482	1	12309673257670	none	2263	c76d17cd	512	224	0	2263
2483	2	12309690510390	none	2264	0ac97ce0	512	224	0	2264
2484	3	12309703739760	none	2265	6e8e2c7b	512	224	0	2265
2485	4	12309721013990	none	2266	a645442b	512	224	0	2266
2486	5	12309738295670	none	2267	ab672466	512	224	0	2267
2487	6	12309755549270	none	2268	2c9c1172	512	224	0	2268
2488	7	12309772783470	none	2269	c3c96f13	512	224	0	2269
2489	0	12309790023030	none	2270	56a127d1	512	224	0	2270
2490	1	12309807334980	none	2271	9431d8d0	512	224	0	2271
2491	2	12309820543200	none	2272	4afeb81f	512	224	0	2272
2492	3	12309837772580	none	2273	d84124f5	512	224	0	2273
2493	4	12309855013740	none	2274	cf13840f	512	224	0	2274
2494	5	12309872361600	none	2275	9a1ac452	512	224	0	2275
2495	6	12309889592180	none	2276	aa6bc9cd	512	224	0	2276
2496	7	12309906855210	none	2277	61605322	512	224	0	2277
2497	0	12309920157550	none	2278	61605322	512	224	0	2278
2498	1	12309937611210	none	2279	61605322	512	224	0	2279
2499	2	12309954972020	none	2280	61605322	512	224	0	2280
2500	3	12309972358810	none	2281	61605322	512	224	0	2281
2501	4	12309989593230	none	2282	61605322	512	224	0	2282
2502	5	12310006830800	none	2283	61605322	512	224	0	2283
2503	6	12310020080400	none	2284	61605322	512	224	0	2284
2504	7	12310037311620	none	2285	61605322	512	224	0	2285
2505	0	12310054535740	none	2286	61605322	512	224	0	2286
2506	1	12310071776790	none	2287	61605322	512	224	0	2287
2507	2	12310089027600	none	2288	61605322	512	224	0	2288
2508	3	12310106296520	none	2289	61605322	512	224	0	2289
2509	4	12310123527090	none	2290	61605322	512	224	0	2290
2510	5	12310136723910	none	2291	61605322	512	224	0	2291
2511	6	12310154052210	none	2292	f086f767	512	224	0	2292
2512	7	12310171316740	none	2293	0cc19972	512	224	0	2293
2513	0	12310188582210	none	2294	f70ab594	512	224	0	2294
2514	1	12310205906000	none	2295	ff3e453c	512	224	0	2295
2515	2	12310223192660	none	2296	31eefa10	512	224	0	2296
2516	3	12310236394600	none	2297	c5411863	512	224	0	2297
2517	4	12310253690890	none	2298	067040d7	512	224	0	2298
2518	5	12310270928630	none	2299	4a29c642	512	224	0	2299
2519	6	12310288230760	none	2300	e02a002f	512	224	0	2300
2520	7	12310305473610	none	2301	9960728f	512	224	0	2301
2521	0	12310322739350	none	2302	505b7e80	512	224	0	2302
2522	1	12310335942980	none	2303	a1b94aa0	512	224	0	2303
2523	2	12310353226780	none	2304	84894418	512	224	0	2304
2524	3	12310370491330	none	2305	de4fd7da	512	224	0	2305
2525	4	12310387783330	none	2306	81f27618	512	224	0	2306
2526	5	12310405124470	none	2307	81f27618	512	224	0	2307
2527	6	12310422782480	none	2308	81f27618	512	224	0	2308
2528	7	12310436136010	none	2309	9ea81ab0	512	224	0	2309
2529	0	12310453490220	none	2310	9ea81ab0	512	224	0	2310
2530	1	12310470975660	none	2311	9ea81ab0	512	224	0	2311
2531	2	12310488368630	none	2312	9ea81ab0	512	224	0	2312
2532	3	12310505850890	none	2313	9ea81ab0	512	224	0	2313
2533	4	12310519247180	none	2314	625dda7c	512	224	0	2314
2534	5	12310536856540	none	2315	625dda7c	512	224	0	2315
2535	6	12310554187720	none	2316	625dda7c	512	224	0	2316
2536	7	12310571568250	none	2317	625dda7c	512	224	0	2317
2537	0	12310588955720	none	2318	625dda7c	512	224	0	2318
2538	1	12310602253410	none	2319	625dda7c	512	224	0	2319
2539	2	12310619881620	none	2320	625dda7c	512	224	0	2320
2540	3	12310637258280	none	2321	fd072c1f	512	224	0	2321
2541	4	12310654613990	none	2322	fd072c1f	512	224	0	2322
2542	5	12310672450650	none	2323	fd072c1f	512	224	0	2323
2543	6	12310685816350	none	2324	fd072c1f	512	224	0	2324
2544	7	12310703187140	none	2325	ccbddbeb	512	224	0	2325
2545	0	12310720671190	none	2326	ccbddbeb	512	224	0	2326
2546	1	12310738311840	none	2327	ccbddbeb	512	224	0	2327
2547	2	12310755589740	none	2328	ccbddbeb	512	224	0	2328
2548	3	12310768808620	none	2329	ccbddbeb	512	224	0	2329
2549	4	12310786111480	none	2330	74dbe6ea	512	224	0	2330
2550	5	12310803339910	none	2331	74dbe6ea	512	224	0	2331
2551	6	12310820640910	none	2332	74dbe6ea	512	224	0	2332
2552	7	12310837951860	none	2333	74dbe6ea	512	224	0	2333
2553	0	12310855187250	none	2334	531431b3	512	224	0	2334
2554	1	12310868413300	none	2335	531431b3	512	224	0	2335
2555	2	12310885639120	none	2336	531431b3	512	224	0	2336
2556	3	12310902910940	none	2337	531431b3	512	224	0	2337
2557	4	12310920282300	none	2338	76d0cf6b	512	224	0	2338
2558	5	12310937513200	none	2339	76d0cf6b	512	224	0	2339
2559	6	12310954750010	none	2340	76d0cf6b	512	224	0	2340
2560	7	12310971997430	none	2341	76d0cf6b	512	224	0	2341
2561	0	12310985210360	none	2342	76d0cf6b	512	224	0	2342
2562	1	12311002444880	none	2343	76d0cf6b	512	224	0	2343
2563	2	12311019664140	none	2344	76d0cf6b	512	224	0	2344
2564	3	12311036904550	none	2345	542e2c45	512	224	0	2345
2565	4	12311054168010	none	2346	542e2c45	512	224	0	2346
2566	5	12311071400620	none	2347	542e2c45	512	224	0	2347
2567	6	12311088627130	none	2348	542e2c45	512	224	0	2348
2568	7	12311102015680	none	2349	542e2c45	512	224	0	2349
2569	0	12311119250850	none	2350	542e2c45	512	224	0	2350
2570	1	12311136509600	none	2351	542e2c45	512	224	0	2351
2571	2	12311153777120	none	2352	60701fba	512	224	0	2352
2572	3	12311171009470	none	2353	60701fba	512	224	0	2353
2573	4	12311188251050	none	2354	60701fba	512	224	0	2354
2574	5	12311201449150	none	2355	60701fba	512	224	0	2355
2575	6	12311218667200	none	2356	60701fba	512	224	0	2356
2576	7	12311235896770	none	2357	60701fba	512	224	0	2357
2577	0	12311253154660	none	2358	60701fba	512	224	0	2358
2578	1	12311270399320	none	2359	60701fba	512	224	0	2359
2579	2	12311287619630	none	2360	60701fba	512	224	0	2360
2580	3	12311301037570	none	2361	60701fba	512	224	0	2361
2581	4	12311318277860	none	2362	60701fba	512	224	0	2362
2582	5	12311335494920	none	2363	60701fba	512	224	0	2363
2583	6	12311352727590	none	2364	60701fba	512	224	0	2364
2584	7	12311370050170	none	2365	60701fba	512	224	0	2365
2585	0	12311387327080	none	2366	542e2c45	512	224	0	2366
2586	1	12311404580880	none	2367	542e2c45	512	224	0	2367
2587	2	12311417800990	none	2368	542e2c45	512	224	0	2368
2588	3	12311435128370	none	2369	542e2c45	512	224	0	2369
2589	4	12311452384230	none	2370	542e2c45	512	224	0	2370
2590	5	12311469714280	none	2371	542e2c45	512	224	0	2371
2591	6	12311486945070	none	2372	542e2c45	512	224	0	2372
2592	7	12311504196260	none	2373	60701fba	512	224	0	2373
2593	0	12311517418570	none	2374	60701fba	512	224	0	2374
2594	1	12311534635670	none	2375	60701fba	512	224	0	2375
2595	2	12311551894080	none	2376	60701fba	512	224	0	2376
2596	3	12311569164920	none	2377	60701fba	512	224	0	2377
2597	4	12311586415500	none	2378	60701fba	512	224	0	2378
2598	5	12311603708270	none	2379	60701fba	512	224	0	2379
2599	6	12311620917100	none	2380	60701fba	512	224	0	2380
2600	7	12311634263920	none	2381	60701fba	512	224	0	2381
2601	0	12311651492450	none	2382	60701fba	512	224	0	2382
2602	1	12311668819950	none	2383	60701fba	512	224	0	2383
2603	2	12311686088440	none	2384	60701fba	512	224	0	2384
2604	3	12311703343640	none	2385	60701fba	512	224	0	2385
2605	4	12311720562860	none	2386	542e2c45	512	224	0	2386
2606	5	12311733747450	none	2387	542e2c45	512	224	0	2387
2607	6	12311750959140	none	2388	542e2c45	512	224	0	2388
2608	7	12311768325540	none	2389	542e2c45	512	224	0	2389
2609	0	12311785589200	none	2390	542e2c45	512	224	0	2390
2610	1	12311802838620	none	2391	542e2c45	512	224	0	2391
2611	2	12311820085780	none	2392	542e2c45	512	224	0	2392
2612	3	12311837325600	none	2393	542e2c45	512	224	0	2393
2613	4	12311850507270	none	2394	542e2c45	512	224	0	2394
2614	5	12311867745170	none	2395	542e2c45	512	224	0	2395
2615	6	12311884969090	none	2396	542e2c45	512	224	0	2396
2616	7	12311902216570	none	2397	542e2c45	512	224	0	2397
2617	0	12311919456420	none	2398	542e2c45	512	224	0	2398
2618	1	12311936732380	none	2399	542e2c45	512	224	0	2399
2619	2	12311950110360	none	2400	542e2c45	512	224	0	2400
2620	3	12311967377270	none	2401	542e2c45	512	224	0	2401
2621	4	12311984595290	none	2402	542e2c45	512	224	0	2402
2622	5	12312001851820	none	2403	542e2c45	512	224	0	2403
2623	6	12312019114990	none	2404	542e2c45	512	224	0	2404
2624	7	12312036361280	none	2405	542e2c45	512	224	0	2405
2625	0	12312053566890	none	2406	60701fba	512	224	0	2406
2626	1	12312066781980	none	2407	60701fba	512	224	0	2407
2627	2	12312084031020	none	2408	60701fba	512	224	0	2408
2628	3	12312101289400	none	2409	60701fba	512	224	0	2409
2629	4	12312118523090	none	2410	60701fba	512	224	0	2410
2630	5	12312135752880	none	2411	60701fba	512	224	0	2411
2631	6	12312153101810	none	2412	60701fba	512	224	0	2412
2632	7	12312166293440	none	2413	60701fba	512	224	0	2413
2633	0	12312183508210	none	2414	60701fba	512	224	0	2414
2634	1	12312200907150	none	2415	60701fba	512	224	0	2415
2635	2	12312218302760	none	2416	60701fba	512	224	0	2416
2636	3	12312235651350	none	2417	60701fba	512	224	0	2417
2637	4	12312253162290	none	2418	60701fba	512	224	0	2418
2638	5	12312266421100	none	2419	60701fba	512	224	0	2419
2639	6	12312283628560	none	2420	60701fba	512	224	0	2420
2640	7	12312300887810	none	2421	60701fba	512	224	0	2421
2641	0	12312318144620	none	2422	60701fba	512	224	0	2422
2642	1	12312335383790	none	2423	60701fba	512	224	0	2423
2643	2	12312352693490	none	2424	60701fba	512	224	0	2424
2644	3	12312365895210	none	2425	60701fba	512	224	0	2425
2645	4	12312383136060	none	2426	60701fba	512	224	0	2426
2646	5	12312400372150	none	2427	60701fba	512	224	0	2427
2647	6	12312417689310	none	2428	60701fba	512	224	0	2428
2648	7	12312434909980	none	2429	60701fba	512	224	0	2429
2649	0	12312452152480	none	2430	60701fba	512	224	0	2430
2650	1	12312469459430	none	2431	60701fba	512	224	0	2431
2651	2	12312482820990	none	2432	60701fba	512	224	0	2432
2652	3	12312500113270	none	2433	60701fba	512	224	0	2433
2653	4	12312517372230	none	2434	60701fba	512	224	0	2434
2654	5	12312534617830	none	2435	60701fba	512	224	0	2435
2655	6	12312551845560	none	2436	60701fba	512	224	0	2436
2656	7	12312569087580	none	2437	60701fba	512	224	0	2437
2657	0	12312582419530	none	2438	60701fba	512	224	0	2438
2658	1	12312599639970	none	2439	60701fba	512	224	0	2439
2659	2	12312616954250	none	2440	60701fba	512	224	0	2440
2660	3	12312634224360	none	2441	60701fba	512	224	0	2441
2661	4	12312651467750	none	2442	60701fba	512	224	0	2442
2662	5	12312668715860	none	2443	60701fba	512	224	0	2443
2663	6	12312685948390	none	2444	60701fba	512	224	0	2444
2664	7	12312699169600	none	2445	60701fba	512	224	0	2445
2665	0	12312716522680	none	2446	46f48c85	512	224	0	2446
2666	1	12312733932600	none	2447	9e0e6fe3	512	224	0	2447
2667	2	12312751187750	none	2448	3ceb7fb6	512	224	0	2448
2668	3	12312768497960	none	2449	972e7c15	512	224	0	2449
2669	4	12312785726050	none	2450	0a050a17	512	224	0	2450
2670	5	12312798925120	none	2451	14fa48d9	512	224	0	2451
2671	6	12312816367190	none	2452	2bfb41bd	512	224	0	2452
2672	7	12312833589610	none	2453	31c6ccae	512	224	0	2453
2673	0	12312851112420	none	2454	3d5caeb7	512	224	0	2454
2674	1	12312868352540	none	2455	29c91461	512	224	0	2455
2675	2	12312881646730	none	2456	fc97c62e	512	224	0	2456
2676	3	12312898913100	none	2457	93f7fbe1	512	224	0	2457
2677	4	12312916202870	none	2458	282db377	512	224	0	2458
2678	5	12312933472840	none	2459	2bc28b41	512	224	0	2459
2679	6	12312950788860	none	2460	61605322	512	224	0	2460
2680	7	12312968108460	none	2461	61605322	512	224	0	2461
2681	0	12312981478080	none	2462	61605322	512	224	0	2462
2682	1	12312998720730	none	2463	61605322	512	224	0	2463
2683	2	12313016067460	none	2464	61605322	512	224	0	2464
2684	3	12313033296760	none	2465	61605322	512	224	0	2465
2685	4	12313050539000	none	2466	61605322	512	224	0	2466
2686	5	12313067817570	none	2467	61605322	512	224	0	2467
2687	6	12313085200840	none	2468	61605322	512	224	0	2468
2688	7	12313098409490	none	2469	61605322	512	224	0	2469
2689	0	12313115753780	none	2470	61605322	512	224	0	2470
2690	1	12313132994800	none	2471	61605322	512	224	0	2471
2691	2	12313150250960	none	2472	61605322	512	224	0	2472
2692	3	12313167543600	none	2473	61605322	512	224	0	2473
2693	4	12313184867020	none	2474	61605322	512	224	0	2474
2694	5	12313198113660	none	2475	846d9b6f	512	224	0	2475
2695	6	12313215611710	none	2476	f1bd1dca	512	224	0	2476
2696	7	12313232954800	none	2477	fff2ede4	512	224	0	2477
2697	0	12313250205080	none	2478	be8ba881	512	224	0	2478
2698	1	12313267444020	none	2479	39a024a2	512	224	0	2479
2699	2	12313284808600	none	2480	a61c0e1d	512	224	0	2480
2700	3	12313298030690	none	2481	0ed131e6	512	224	0	2481
2701	4	12313315287830	none	2482	e90c36b0	512	224	0	2482
2702	5	12313332556750	none	2483	2d961a62	512	224	0	2483
2703	6	12313349815910	none	2484	e56829b2	512	224	0	2484
2704	7	12313367091510	none	2485	a71d40fa	512	224	0	2485
2705	0	12313384536320	none	2486	c4cb681e	512	224	0	2486
2706	1	12313397759560	none	2487	d86e6e6b	512	224	0	2487
2707	2	12313415199560	none	2488	e97830b3	512	224	0	2488
2708	3	12313432508700	none	2489	f6e38841	512	224	0	2489
2709	4	12313449772070	none	2490	f6e38841	512	224	0	2490
2710	5	12313467064170	none	2491	f6e38841	512	224	0	2491
2711	6	12313484436940	none	2492	d39d8d9a	512	224	0	2492
2712	7	12313497659910	none	2493	d39d8d9a	512	224	0	2493
2713	0	12313514976900	none	2494	d39d8d9a	512	224	0	2494
2714	1	12313532215790	none	2495	d39d8d9a	512	224	0	2495
2715	2	12313549457800	none	2496	8bc36b9c	512	224	0	2496
2716	3	12313566690090	none	2497	8bc36b9c	512	224	0	2497
2717	4	12313583927100	none	2498	8bc36b9c	512	224	0	2498
2718	5	12313597152810	none	2499	8bc36b9c	512	224	0	2499
2719	6	12313614525980	none	2500	8bc36b9c	512	224	0	2500
2720	7	12313631757640	none	2501	fbddf965	512	224	0	2501
2721	0	12313649021610	none	2502	fbddf965	512	224	0	2502
2722	1	12313666289100	none	2503	fbddf965	512	224	0	2503
2723	2	12313683658960	none	2504	fbddf965	512	224	0	2504
2724	3	12313696973700	none	2505	910b73d3	512	224	0	2505
2725	4	12313714231190	none	2506	910b73d3	512	224	0	2506
2726	5	12313731470890	none	2507	910b73d3	512	224	0	2507
2727	6	12313748699530	none	2508	910b73d3	512	224	0	2508
2728	7	12313765941500	none	2509	910b73d3	512	224	0	2509
2729	0	12313783328540	none	2510	62c7b00b	512	224	0	2510
2730	1	12313800560790	none	2511	62c7b00b	512	224	0	2511
2731	2	12313813767630	none	2512	62c7b00b	512	224	0	2512
2732	3	12313831018510	none	2513	c0fe59a8	512	224	0	2513
2733	4	12313848250200	none	2514	c0fe59a8	512	224	0	2514
2734	5	12313865499330	none	2515	c0fe59a8	512	224	0	2515
2735	6	12313882741900	none	2516	c0fe59a8	512	224	0	2516
2736	7	12313899973490	none	2517	87c24fcc	512	224	0	2517
2737	0	12313917282140	none	2518	87c24fcc	512	224	0	2518
2738	1	12313930500220	none	2519	87c24fcc	512	224	0	2519
2739	2	12313947720410	none	2520	87c24fcc	512	224	0	2520
2740	3	12313965001170	none	2521	87c24fcc	512	224	0	2521
2741	4	12313982240370	none	2522	533e422b	512	224	0	2522
2742	5	12313999485970	none	2523	533e422b	512	224	0	2523
2743	6	12314016751900	none	2524	533e422b	512	224	0	2524
2744	7	12314030018240	none	2525	533e422b	512	224	0	2525
2745	0	12314047238870	none	2526	719b1fc9	512	224	0	2526
2746	1	12314064483280	none	2527	719b1fc9	512	224	0	2527
2747	2	12314081863160	none	2528	719b1fc9	512	224	0	2528
2748	3	12314099105370	none	2529	9899d38c	512	224	0	2529
2749	4	12314116349540	none	2530	9899d38c	512	224	0	2530
2750	5	12314133584990	none	2531	9899d38c	512	224	0	2531
2751	6	12314146802530	none	2532	590978a9	512	224	0	2532
2752	7	12314164061190	none	2533	590978a9	512	224	0	2533
2753	0	12314181322840	none	2534	79d057ab	512	224	0	2534
2754	1	12314198552170	none	2535	79d057ab	512	224	0	2535
2755	2	12314215883450	none	2536	79d057ab	512	224	0	2536
2756	3	12314233150580	none	2537	686f2ad9	512	224	0	2537
2757	4	12314246364900	none	2538	686f2ad9	512	224	0	2538
2758	5	12314263611180	none	2539	686f2ad9	512	224	0	2539
2759	6	12314280849090	none	2540	a1dc5b91	512	224	0	2540
2760	7	12314298105950	none	2541	a1dc5b91	512	224	0	2541
2761	0	12314315360040	none	2542	a1dc5b91	512	224	0	2542
2762	1	12314332692210	none	2543	b11bd54e	512	224	0	2543
2763	2	12314345911610	none	2544	b11bd54e	512	224	0	2544
2764	3	12314363183730	none	2545	b11bd54e	512	224	0	2545
2765	4	12314380420280	none	2546	9ddfed19	512	224	0	2546
2766	5	12314397624790	none	2547	9ddfed19	512	224	0	2547
2767	6	12314414860550	none	2548	9ddfed19	512	224	0	2548
2768	7	12314432301070	none	2549	9ddfed19	512	224	0	2549
2769	0	12314449576700	none	2550	9ddfed19	512	224	0	2550
2770	1	12314462922470	none	2551	c17fd457	512	224	0	2551
2771	2	12314480188240	none	2552	c17fd457	512	224	0	2552
2772	3	12314497411150	none	2553	c17fd457	512	224	0	2553
2773	4	12314514648040	none	2554	c17fd457	512	224	0	2554
2774	5	12314531968040	none	2555	1428b6da	512	224	0	2555
2775	6	12314549232350	none	2556	1428b6da	512	224	0	2556
2776	7	12314562428140	none	2557	1428b6da	512	224	0	2557
2777	0	12314579690690	none	2558	1428b6da	512	224	0	2558
2778	1	12314597064160	none	2559	bc594b57	512	224	0	2559
2779	2	12314614299770	none	2560	bc594b57	512	224	0	2560
2780	3	12314631649090	none	2561	bc594b57	512	224	0	2561
2781	4	12314648947270	none	2562	bc594b57	512	224	0	2562
2782	5	12314662156560	none	2563	bc594b57	512	224	0	2563
2783	6	12314679425780	none	2564	bc594b57	512	224	0	2564
2784	7	12314696664520	none	2565	bc594b57	512	224	0	2565
2785	0	12314713887810	none	2566	bc594b57	512	224	0	2566
2786	1	12314731301550	none	2567	bc594b57	512	224	0	2567
2787	2	12314748536220	none	2568	bc594b57	512	224	0	2568
2788	3	12314765783460	none	2569	bc594b57	512	224	0	2569
2789	4	12314779042140	none	2570	bc594b57	512	224	0	2570
2790	5	12314796302600	none	2571	bc594b57	512	224	0	2571
2791	6	12314813546750	none	2572	bc594b57	512	224	0	2572
2792	7	12314830790250	none	2573	bc594b57	512	224	0	2573
2793	0	12314848051330	none	2574	bc594b57	512	224	0	2574
2794	1	12314865306480	none	2575	bc594b57	512	224	0	2575
2795	2	12314878497230	none	2576	bc594b57	512	224	0	2576
2796	3	12314895826940	none	2577	bc594b57	512	224	0	2577
2797	4	12314913090540	none	2578	bc594b57	512	224	0	2578
2798	5	12314930439750	none	2579	bc594b57	512	224	0	2579
2799	6	12314947679390	none	2580	bc594b57	512	224	0	2580
2800	7	12314964924830	none	2581	bc594b57	512	224	0	2581
2801	0	12314982194340	none	2582	bc594b57	512	224	0	2582
2802	1	12314995444340	none	2583	bc594b57	512	224	0	2583
2803	2	12315012793350	none	2584	bc594b57	512	224	0	2584
2804	3	12315030193530	none	2585	bc594b57	512	224	0	2585
2805	4	12315047440820	none	2586	bc594b57	512	224	0	2586
2806	5	12315064679650	none	2587	bc594b57	512	224	0	2587
2807	6	12315081996540	none	2588	cdc574e8	512	224	0	2588
2808	7	12315095202110	none	2589	cdc574e8	512	224	0	2589
2809	0	12315112528340	none	2590	cdc574e8	512	224	0	2590
2810	1	12315129786850	none	2591	cdc574e8	512	224	0	2591
2811	2	12315147053610	none	2592	cdc574e8	512	224	0	2592
2812	3	12315164297000	none	2593	cdc574e8	512	224	0	2593
2813	4	12315181538490	none	2594	cdc574e8	512	224	0	2594
2814	5	12315194750880	none	2595	3e0e5f67	512	224	0	2595
2815	6	12315212060140	none	2596	3e0e5f67	512	224	0	2596
2816	7	12315229340730	none	2597	3e0e5f67	512	224	0	2597
2817	0	12315246658790	none	2598	3e0e5f67	512	224	0	2598
2818	1	12315263933450	none	2599	3e0e5f67	512	224	0	2599
2819	2	12315281190070	none	2600	3e0e5f67	512	224	0	2600
2820	3	12315294389580	none	2601	821d4456	512	224	0	2601
2821	4	12315311605970	none	2602	821d4456	512	224	0	2602
2822	5	12315328821690	none	2603	821d4456	512	224	0	2603
2823	6	12315346141710	none	2604	821d4456	512	224	0	2604
2824	7	12315363391800	none	2605	821d4456	512	224	0	2605
2825	0	12315380636160	none	2606	821d4456	512	224	0	2606
2826	1	12315397853940	none	2607	821d4456	512	224	0	2607
2827	2	12315411069370	none	2608	821d4456	512	224	0	2608
2828	3	12315428297190	none	2609	821d4456	512	224	0	2609
2829	4	12315445513970	none	2610	821d4456	512	224	0	2610
2830	5	12315462886780	none	2611	821d4456	512	224	0	2611
2831	6	12315480195130	none	2612	821d4456	512	224	0	2612
2832	7	12315497424410	none	2613	1592d1ec	512	224	0	2613
2833	0	12315510679840	none	2614	1592d1ec	512	224	0	2614
2834	1	12315527942440	none	2615	1592d1ec	512	224	0	2615
2835	2	12315545187890	none	2616	1592d1ec	512	224	0	2616
2836	3	12315562527630	none	2617	1592d1ec	512	224	0	2617
2837	4	12315579906030	none	2618	1592d1ec	512	224	0	2618
2838	5	12315597149420	none	2619	1592d1ec	512	224	0	2619
2839	6	12315614378930	none	2620	c829fd93	512	224	0	2620
2840	7	12315627568150	none	2621	c829fd93	512	224	0	2621
2841	0	12315644804780	none	2622	c829fd93	512	224	0	2622
2842	1	12315662049970	none	2623	c829fd93	512	224	0	2623
2843	2	12315679436400	none	2624	c829fd93	512	224	0	2624
2844	3	12315696663990	none	2625	c829fd93	512	224	0	2625
2845	4	12315714063970	none	2626	3f3ff86f	512	224	0	2626
2846	5	12315727269120	none	2627	3f3ff86f	512	224	0	2627
2847	6	12315744505080	none	2628	3f3ff86f	512	224	0	2628
2848	7	12315761737120	none	2629	3f3ff86f	512	224	0	2629
2849	0	12315779183910	none	2630	3f3ff86f	512	224	0	2630
2850	1	12315796463690	none	2631	3f3ff86f	512	224	0	2631
2851	2	12315813725900	none	2632	ee7e3c1d	512	224	0	2632
2852	3	12315826951100	none	2633	ee7e3c1d	512	224	0	2633
2853	4	12315844192330	none	2634	ee7e3c1d	512	224	0	2634
2854	5	12315861408110	none	2635	ee7e3c1d	512	224	0	2635
2855	6	12315878725310	none	2636	ee7e3c1d	512	224	0	2636
2856	7	12315896061980	none	2637	ee7e3c1d	512	224	0	2637
2857	0	12315913310850	none	2638	48b2c906	512	224	0	2638
2858	1	12315930537680	none	2639	48b2c906	512	224	0	2639
2859	2	12315943754840	none	2640	48b2c906	512	224	0	2640
2860	3	12315960986220	none	2641	48b2c906	512	224	0	2641
2861	4	12315978335670	none	2642	48b2c906	512	224	0	2642
2862	5	12315995631770	none	2643	48b2c906	512	224	0	2643
2863	6	12316012986230	none	2644	48b2c906	512	224	0	2644
2864	7	12316030245940	none	2645	a87c1668	512	224	0	2645
2865	0	12316043515890	none	2646	a87c1668	512	224	0	2646
2866	1	12316060763230	none	2647	a87c1668	512	224	0	2647
2867	2	12316078167290	none	2648	a87c1668	512	224	0	2648
2868	3	12316095418990	none	2649	a87c1668	512	224	0	2649
2869	4	12316112805350	none	2650	a87c1668	512	224	0	2650
2870	5	12316130067390	none	2651	a87c1668	512	224	0	2651
2871	6	12316143381200	none	2652	a87c1668	512	224	0	2652
2872	7	12316160585460	none	2653	a87c1668	512	224	0	2653
2873	0	12316177966270	none	2654	a87c1668	512	224	0	2654
2874	1	12316195204800	none	2655	a87c1668	512	224	0	2655
2875	2	12316212504880	none	2656	a87c1668	512	224	0	2656
2876	3	12316229777190	none	2657	74602af4	512	224	0	2657
2877	4	12316243130720	none	2658	74602af4	512	224	0	2658
2878	5	12316260357730	none	2659	74602af4	512	224	0	2659
2879	6	12316277684630	none	2660	74602af4	512	224	0	2660
2880	7	12316294950720	none	2661	74602af4	512	224	0	2661
2881	0	12316312293900	none	2662	74602af4	512	224	0	2662
2882	1	12316329551540	none	2663	74602af4	512	224	0	2663
2883	2	12316342746080	none	2664	74602af4	512	224	0	2664
2884	3	12316359984900	none	2665	74602af4	512	224	0	2665
2885	4	12316377344770	none	2666	74602af4	512	224	0	2666
2886	5	12316394572370	none	2667	74602af4	512	224	0	2667
2887	6	12316411810520	none	2668	74602af4	512	224	0	2668
2888	7	12316429102960	none	2669	74602af4	512	224	0	2669
2889	0	12316446367870	none	2670	74602af4	512	224	0	2670
2890	1	12316459553130	none	2671	74602af4	512	224	0	2671
2891	2	12316476778070	none	2672	74602af4	512	224	0	2672
2892	3	12316494088170	none	2673	74602af4	512	224	0	2673
2893	4	12316511351700	none	2674	74602af4	512	224	0	2674
2894	5	12316528622780	none	2675	74602af4	512	224	0	2675
2895	6	12316545945470	none	2676	74602af4	512	224	0	2676
2896	7	12316559219490	none	2677	74602af4	512	224	0	2677
2897	0	12316576617550	none	2678	74602af4	512	224	0	2678
2898	1	12316593955740	none	2679	74602af4	512	224	0	2679
2899	2	12316611190170	none	2680	74602af4	512	224	0	2680
2900	3	12316628419410	none	2681	74602af4	512	224	0	2681
2901	4	12316645788920	none	2682	74602af4	512	224	0	2682
2902	5	12316659022860	none	2683	74602af4	512	224	0	2683
2903	6	12316676393470	none	2684	74602af4	512	224	0	2684
2904	7	12316693617660	none	2685	74602af4	512	224	0	2685
2905	0	12316710833620	none	2686	74602af4	512	224	0	2686
2906	1	12316728085340	none	2687	74602af4	512	224	0	2687
2907	2	12316745316400	none	2688	74602af4	512	224	0	2688
2908	3	12316758582680	none	2689	74602af4	512	224	0	2689
2909	4	12316775810170	none	2690	74602af4	512	224	0	2690
2910	5	12316793046090	none	2691	74602af4	512	224	0	2691
2911	6	12316810275920	none	2692	74602af4	512	224	0	2692
2912	7	12316827513700	none	2693	74602af4	512	224	0	2693
2913	0	12316844846990	none	2694	74602af4	512	224	0	2694
2914	1	12316862112970	none	2695	74602af4	512	224	0	2695
2915	2	12316875340680	none	2696	74602af4	512	224	0	2696
2916	3	12316892546870	none	2697	74602af4	512	224	0	2697
2917	4	12316909769290	none	2698	74602af4	512	224	0	2698
2918	5	12316927127610	none	2699	d4923ff2	512	224	0	2699
2919	6	12316944389090	none	2700	b5cc2caf	512	224	0	2700
2920	7	12316961634490	none	2701	ae735507	512	224	0	2701
2921	0	12316974905560	none	2702	d2f2822d	512	224	0	2702
2922	1	12316992133470	none	2703	ed62be30	512	224	0	2703
2923	2	12317009364640	none	2704	20b53e13	512	224	0	2704
2924	3	12317026634680	none	2705	16a8de9e	512	224	0	2705
2925	4	12317043890630	none	2706	a8e1b696	512	224	0	2706
2926	5	12317061141150	none	2707	36a98d7a	512	224	0	2707
2927	6	12317078387630	none	2708	45db108a	512	224	0	2708
2928	7	12317091822690	none	2709	4094e50d	512	224	0	2709
2929	0	12317109114110	none	2710	c2cad633	512	224	0	2710
2930	1	12317126405820	none	2711	9f415d14	512	224	0	2711
2931	2	12317143682900	none	2712	a8107db4	512	224	0	2712
2932	3	12317161113790	none	2713	61605322	512	224	0	2713
2933	4	12317178366810	none	2714	61605322	512	224	0	2714
2934	5	12317191834650	none	2715	61605322	512	224	0	2715
2935	6	12317209137490	none	2716	61605322	512	224	0	2716
2936	7	12317226388680	none	2717	61605322	512	224	0	2717
2937	0	12317243624870	none	2718	61605322	512	224	0	2718
2938	1	12317260894930	none	2719	61605322	512	224	0	2719
2939	2	12317278377650	none	2720	61605322	512	224	0	2720
2940	3	12317291974500	none	2721	61605322	512	224	0	2721
2941	4	12317309212860	none	2722	61605322	512	224	0	2722
2942	5	12317326465440	none	2723	61605322	512	224	0	2723
2943	6	12317343719840	none	2724	61605322	512	224	0	2724
2944	7	12317360965620	none	2725	61605322	512	224	0	2725
2945	0	12317378269170	none	2726	61605322	512	224	0	2726
2946	1	12317391666060	none	2727	61605322	512	224	0	2727
2947	2	12317408923080	none	2728	a671e0d2	512	224	0	2728
2948	3	12317426216390	none	2729	f5fba6d6	512	224	0	2729
2949	4	12317443448600	none	2730	65b20de7	512	224	0	2730
2950	5	12317460695380	none	2731	3b86bbfb	512	224	0	2731
2951	6	12317477990740	none	2732	16c485a0	512	224	0	2732
2952	7	12317491230390	none	2733	7f1fe1c0	512	224	0	2733
2953	0	12317508483950	none	2734	12ff981f	512	224	0	2734
2954	1	12317525727890	none	2735	7bdda50f	512	224	0	2735
2955	2	12317543038580	none	2736	60094370	512	224	0	2736
2956	3	12317560304380	none	2737	d1235586	512	224	0	2737
2957	4	12317577537310	none	2738	9b915251	512	224	0	2738
2958	5	12317590877850	none	2739	271a7292	512	224	0	2739
2959	6	12317608205280	none	2740	69ddf058	512	224	0	2740
2960	7	12317625477120	none	2741	7a9b8f75	512	224	0	2741
2961	0	12317642791950	none	2742	d5073922	512	224	0	2742
2962	1	12317660101550	none	2743	d5073922	512	224	0	2743
2963	2	12317677391600	none	2744	d5073922	512	224	0	2744
2964	3	12317690706890	none	2745	d5073922	512	224	0	2745
2965	4	12317707954800	none	2746	d5ba87eb	512	224	0	2746
2966	5	12317725191150	none	2747	d5ba87eb	512	224	0	2747
2967	6	12317742418180	none	2748	d5ba87eb	512	224	0	2748
2968	7	12317759664120	none	2749	c1fc4e79	512	224	0	2749
2969	0	12317776897700	none	2750	c1fc4e79	512	224	0	2750
2970	1	12317794151880	none	2751	c1fc4e79	512	224	0	2751
2971	2	12317807341020	none	2752	c1fc4e79	512	224	0	2752
2972	3	12317824585330	none	2753	b579e148	512	224	0	2753
2973	4	12317841801250	none	2754	b579e148	512	224	0	2754
2974	5	12317859213400	none	2755	b579e148	512	224	0	2755
2975	6	12317876471630	none	2756	65c33578	512	224	0	2756
2976	7	12317893834070	none	2757	65c33578	512	224	0	2757
2977	0	12317907069920	none	2758	65c33578	512	224	0	2758
2978	1	12317924300210	none	2759	6a07147c	512	224	0	2759
2979	2	12317941593890	none	2760	6a07147c	512	224	0	2760
2980	3	12317958827280	none	2761	6a07147c	512	224	0	2761
2981	4	12317976073370	none	2762	b0eb169d	512	224	0	2762
2982	5	12317993403090	none	2763	b0eb169d	512	224	0	2763
2983	6	12318006595100	none	2764	b0eb169d	512	224	0	2764
2984	7	12318023945380	none	2765	d5073922	512	224	0	2765
2985	0	12318041206710	none	2766	d5073922	512	224	0	2766
2986	1	12318058437730	none	2767	d5073922	512	224	0	2767
2987	2	12318075684630	none	2768	d5073922	512	224	0	2768
2988	3	12318092943820	none	2769	d5073922	512	224	0	2769
2989	4	12318110179260	none	2770	d5073922	512	224	0	2770
2990	5	12318123402180	none	2771	25dc7dac	512	224	0	2771
2991	6	12318140671000	none	2772	25dc7dac	512	224	0	2772
2992	7	12318158051100	none	2773	25dc7dac	512	224	0	2773
2993	0	12318175275870	none	2774	25dc7dac	512	224	0	2774
2994	1	12318192606520	none	2775	25dc7dac	512	224	0	2775
2995	2	12318209943600	none	2776	25dc7dac	512	224	0	2776
2996	3	12318223136370	none	2777	25dc7dac	512	224	0	2777
2997	4	12318240368980	none	2778	25dc7dac	512	224	0	2778
2998	5	12318257589450	none	2779	25dc7dac	512	224	0	2779
2999	6	12318274853690	none	2780	25dc7dac	512	224	0	2780
3000	7	12318292212080	none	2781	25dc7dac	512	224	0	2781
3001	0	12318309447470	none	2782	25dc7dac	512	224	0	2782
3002	1	12318326671950	none	2783	25dc7dac	512	224	0	2783
3003	2	12318339959310	none	2784	25dc7dac	512	224	0	2784
3004	3	12318357198540	none	2785	25dc7dac	512	224	0	2785
3005	4	12318374431150	none	2786	25dc7dac	512	224	0	2786
3006	5	12318391790980	none	2787	25dc7dac	512	224	0	2787
3007	6	12318409036370	none	2788	25dc7dac	512	224	0	2788
3008	7	12318426275560	none	2789	25dc7dac	512	224	0	2789
3009	0	12318439473000	none	2790	25dc7dac	512	224	0	2790
3010	1	12318456707550	none	2791	25dc7dac	512	224	0	2791
3011	2	12318474026300	none	2792	25dc7dac	512	224	0	2792
3012	3	12318491268320	none	2793	25dc7dac	512	224	0	2793
3013	4	12318508479560	none	2794	25dc7dac	512	224	0	2794
3014	5	12318525760520	none	2795	25dc7dac	512	224	0	2795
3015	6	12318539079430	none	2796	25dc7dac	512	224	0	2796
3016	7	12318556305560	none	2797	25dc7dac	512	224	0	2797
3017	0	12318573524600	none	2798	25dc7dac	512	224	0	2798
3018	1	12318590779860	none	2799	25dc7dac	512	224	0	2799
3019	2	12318608043920	none	2800	25dc7dac	512	224	0	2800
3020	3	12318625281380	none	2801	25dc7dac	512	224	0	2801
3021	4	12318642487820	none	2802	25dc7dac	512	224	0	2802
3022	5	12318655709710	none	2803	25dc7dac	512	224	0	2803
3023	6	12318672995420	none	2804	25dc7dac	512	224	0	2804
3024	7	12318690236880	none	2805	25dc7dac	512	224	0	2805
3025	0	12318707456080	none	2806	df7f82f2	512	224	0	2806
3026	1	12318724661600	none	2807	df7f82f2	512	224	0	2807
3027	2	12318741997620	none	2808	df7f82f2	512	224	0	2808
3028	3	12318759227610	none	2809	df7f82f2	512	224	0	2809
3029	4	12318772404540	none	2810	df7f82f2	512	224	0	2810
3030	5	12318789625780	none	2811	df7f82f2	512	224	0	2811
3031	6	12318806846380	none	2812	df7f82f2	512	224	0	2812
3032	7	12318824087540	none	2813	df7f82f2	512	224	0	2813
3033	0	12318841413060	none	2814	df7f82f2	512	224	0	2814
3034	1	12318858657680	none	2815	1d20f519	512	224	0	2815
3035	2	12318871863600	none	2816	1d20f519	512	224	0	2816
3036	3	12318889115670	none	2817	1d20f519	512	224	0	2817
3037	4	12318906337970	none	2818	1d20f519	512	224	0	2818
3038	5	12318923576460	none	2819	e9500139	512	224	0	2819
3039	6	12318940830790	none	2820	e9500139	512	224	0	2820
3040	7	12318958186710	none	2821	e9500139	512	224	0	2821
3041	0	12318975412600	none	2822	e9500139	512	224	0	2822
3042	1	12318988604140	none	2823	519434ba	512	224	0	2823
3043	2	12319005831800	none	2824	519434ba	512	224	0	2824
3044	3	12319023060610	none	2825	519434ba	512	224	0	2825
3045	4	12319040398170	none	2826	519434ba	512	224	0	2826
3046	5	12319057648230	none	2827	519434ba	512	224	0	2827
3047	6	12319074998740	none	2828	6b35e849	512	224	0	2828
3048	7	12319088214840	none	2829	6b35e849	512	224	0	2829
3049	0	12319105448050	none	2830	6b35e849	512	224	0	2830
3050	1	12319122692210	none	2831	6b35e849	512	224	0	2831
3051	2	12319139954660	none	2832	6b35e849	512	224	0	2832
3052	3	12319157218300	none	2833	6b35e849	512	224	0	2833
3053	4	12319174442960	none	2834	6b35e849	512	224	0	2834
3054	5	12319191724530	none	2835	6b35e849	512	224	0	2835
3055	6	12319204944700	none	2836	6b35e849	512	224	0	2836
3056	7	12319222173490	none	2837	6b35e849	512	224	0	2837
3057	0	12319239408320	none	2838	6b35e849	512	224	0	2838
3058	1	12319256625250	none	2839	6b35e849	512	224	0	2839
3059	2	12319273879370	none	2840	6b35e849	512	224	0	2840
3060	3	12319291137160	none	2841	6b35e849	512	224	0	2841
3061	4	12319308385270	none	2842	6b35e849	512	224	0	2842
3062	5	12319321600340	none	2843	6b35e849	512	224	0	2843
3063	6	12319338830450	none	2844	6b35e849	512	224	0	2844
3064	7	12319356082700	none	2845	6b35e849	512	224	0	2845
3065	0	12319373314350	none	2846	6b35e849	512	224	0	2846
3066	1	12319390562930	none	2847	6b35e849	512	224	0	2847
3067	2	12319407789920	none	2848	6b35e849	512	224	0	2848
3068	3	12319421042860	none	2849	6b35e849	512	224	0	2849
3069	4	12319438265850	none	2850	6b35e849	512	224	0	2850
3070	5	12319455501460	none	2851	6b35e849	512	224	0	2851
3071	6	12319472744310	none	2852	6b35e849	512	224	0	2852
3072	7	12319490062750	none	2853	6b35e849	512	224	0	2853
3073	0	12319507290620	none	2854	6b35e849	512	224	0	2854
3074	1	12319524511640	none	2855	6b35e849	512	224	0	2855
3075	2	12319537705470	none	2856	6b35e849	512	224	0	2856
3076	3	12319555070390	none	2857	6b35e849	512	224	0	2857
3077	4	12319572297980	none	2858	6b35e849	512	224	0	2858
3078	5	12319589632090	none	2859	6b35e849	512	224	0	2859
3079	6	12319606945030	none	2860	6b35e849	512	224	0	2860
3080	7	12319624184610	none	2861	6b35e849	512	224	0	2861
3081	0	12319637502300	none	2862	6b35e849	512	224	0	2862
3082	1	12319654739970	none	2863	6b35e849	512	224	0	2863
3083	2	12319671984860	none	2864	6b35e849	512	224	0	2864
3084	3	12319689362920	none	2865	6b35e849	512	224	0	2865
3085	4	12319706599300	none	2866	6b35e849	512	224	0	2866
3086	5	12319723950090	none	2867	6b35e849	512	224	0	2867
3087	6	12319737161040	none	2868	6b35e849	512	224	0	2868
3088	7	12319754368630	none	2869	6b35e849	512	224	0	2869
3089	0	12319771587700	none	2870	6b35e849	512	224	0	2870
3090	1	12319788913580	none	2871	6b35e849	512	224	0	2871
3091	2	12319806152750	none	2872	6b35e849	512	224	0	2872
3092	3	12319823397360	none	2873	6b35e849	512	224	0	2873
3093	4	12319840627520	none	2874	6b35e849	512	224	0	2874
3094	5	12319853824210	none	2875	6b35e849	512	224	0	2875
3095	6	12319871078230	none	2876	6b35e849	512	224	0	2876
3096	7	12319888419780	none	2877	6b35e849	512	224	0	2877
3097	0	12319905645510	none	2878	6b35e849	512	224	0	2878
3098	1	12319922885610	none	2879	6b35e849	512	224	0	2879
3099	2	12319940133050	none	2880	6b35e849	512	224	0	2880
3100	3	12319953321770	none	2881	6b35e849	512	224	0	2881
3101	4	12319970593560	none	2882	6b35e849	512	224	0	2882
3102	5	12319987919820	none	2883	6b35e849	512	224	0	2883
3103	6	12320005148850	none	2884	503c784a	512	224	0	2884
3104	7	12320022389490	none	2885	698250aa	512	224	0	2885
3105	0	12320039638410	none	2886	f994daa1	512	224	0	2886
3106	1	12320056933450	none	2887	6ab1afd5	512	224	0	2887
3107	2	12320070146160	none	2888	a51ebd73	512	224	0	2888
3108	3	12320087402870	none	2889	bfcb3f05	512	224	0	2889
3109	4	12320104649130	none	2890	f8f0786b	512	224	0	2890
3110	5	12320121908690	none	2891	d872d54c	512	224	0	2891
3111	6	12320139173850	none	2892	9ac3602f	512	224	0	2892
3112	7	12320156421410	none	2893	b72ff219	512	224	0	2893
3113	0	12320173654060	none	2894	9bba0d26	512	224	0	2894
3114	1	12320186881260	none	2895	790971de	512	224	0	2895
3115	2	12320204270670	none	2896	3ac4da04	512	224	0	2896
3116	3	12320221511930	none	2897	b29f835c	512	224	0	2897
3117	4	12320238833020	none	2898	61605322	512	224	0	2898
3118	5	12320256187640	none	2899	61605322	512	224	0	2899
3119	6	12320273404660	none	2900	61605322	512	224	0	2900
3120	7	12320286637840	none	2901	61605322	512	224	0	2901
3121	0	12320303872490	none	2902	9456ee5a	512	224	0	2902
3122	1	12320321112900	none	2903	3aa2c43f	512	224	0	2903
3123	2	12320338339740	none	2904	8a00f2bc	512	224	0	2904
3124	3	12320355588710	none	2905	e623560f	512	224	0	2905
3125	4	12320372840060	none	2906	2959a6ca	512	224	0	2906
3126	5	12320386040910	none	2907	1d12ec2d	512	224	0	2907
3127	6	12320403269080	none	2908	a74d88e7	512	224	0	2908
3128	7	12320420461360	none	2909	c52e35d7	512	224	0	2909
3129	0	12320437789780	none	2910	f61f46c6	512	224	0	2910
3130	1	12320455136250	none	2911	b08ac48b	512	224	0	2911
3131	2	12320472384490	none	2912	e0f2fb65	512	224	0	2912
3132	3	12320489676430	none	2913	206e3208	512	224	0	2913
3133	4	12320502967050	none	2914	0c4dd547	512	224	0	2914
3134	5	12320520205270	none	2915	7fbb6690	512	224	0	2915
3135	6	12320537547290	none	2916	c2f7d14c	512	224	0	2916
3136	7	12320554762270	none	2917	c2f7d14c	512	224	0	2917
3137	0	12320572059410	none	2918	c2f7d14c	512	224	0	2918
3138	1	12320589299370	none	2919	c2f7d14c	512	224	0	2919
3139	2	12320602650200	none	2920	c2f7d14c	512	224	0	2920
3140	3	12320619892140	none	2921	c2f7d14c	512	224	0	2921
3141	4	12320637147170	none	2922	c2f7d14c	512	224	0	2922
3142	5	12320654367600	none	2923	c2f7d14c	512	224	0	2923
3143	6	12320671601530	none	2924	c2f7d14c	512	224	0	2924
3144	7	12320688833940	none	2925	c2f7d14c	512	224	0	2925
3145	0	12320702155000	none	2926	c2f7d14c	512	224	0	2926
3146	1	12320719382800	none	2927	c2f7d14c	512	224	0	2927
3147	2	12320736722650	none	2928	c2f7d14c	512	224	0	2928
3148	3	12320754019320	none	2929	c2f7d14c	512	224	0	2929
3149	4	12320771253150	none	2930	c2f7d14c	512	224	0	2930
3150	5	12320788463380	none	2931	c2f7d14c	512	224	0	2931
3151	6	12320805698890	none	2932	c2f7d14c	512	224	0	2932
3152	7	12320818892930	none	2933	c2f7d14c	512	224	0	2933
3153	0	12320836260680	none	2934	c2f7d14c	512	224	0	2934
3154	1	12320853506640	none	2935	c2f7d14c	512	224	0	2935
3155	2	12320870726910	none	2936	c2f7d14c	512	224	0	2936
3156	3	12320887988550	none	2937	c2f7d14c	512	224	0	2937
3157	4	12320905206840	none	2938	c2f7d14c	512	224	0	2938
3158	5	12320922431080	none	2939	c2f7d14c	512	224	0	2939
3159	6	12320935609310	none	2940	c2f7d14c	512	224	0	2940
3160	7	12320952831840	none	2941	c2f7d14c	512	224	0	2941
3161	0	12320970090270	none	2942	c2f7d14c	512	224	0	2942
3162	1	12320987398910	none	2943	c2f7d14c	512	224	0	2943
3163	2	12321004618690	none	2944	c2f7d14c	512	224	0	2944
3164	3	12321021844750	none	2945	c2f7d14c	512	224	0	2945
3165	4	12321035040410	none	2946	c2f7d14c	512	224	0	2946
3166	5	12321052262170	none	2947	c2f7d14c	512	224	0	2947
3167	6	12321069464780	none	2948	c2f7d14c	512	224	0	2948
3168	7	12321086708140	none	2949	c2f7d14c	512	224	0	2949
3169	0	12321103973340	none	2950	c2f7d14c	512	224	0	2950
3170	1	12321121216290	none	2951	c2f7d14c	512	224	0	2951
3171	2	12321138418560	none	2952	c2f7d14c	512	224	0	2952
3172	3	12321151706360	none	2953	c2f7d14c	512	224	0	2953
3173	4	12321168943020	none	2954	c2f7d14c	512	224	0	2954
3174	5	12321186196130	none	2955	c2f7d14c	512	224	0	2955
3175	6	12321203423840	none	2956	c2f7d14c	512	224	0	2956
3176	7	12321220665800	none	2957	c2f7d14c	512	224	0	2957
3177	0	12321237915620	none	2958	c2f7d14c	512	224	0	2958
3178	1	12321251228770	none	2959	c2f7d14c	512	224	0	2959
3179	2	12321268444110	none	2960	c2f7d14c	512	224	0	2960
3180	3	12321285752710	none	2961	c2f7d14c	512	224	0	2961
3181	4	12321303005020	none	2962	c2f7d14c	512	224	0	2962
3182	5	12321320224410	none	2963	c2f7d14c	512	224	0	2963
3183	6	12321337479570	none	2964	c2f7d14c	512	224	0	2964
3184	7	12321354720380	none	2965	c2f7d14c	512	224	0	2965
3185	0	12321367939370	none	2966	c2f7d14c	512	224	0	2966
3186	1	12321385186780	none	2967	c2f7d14c	512	224	0	2967
3187	2	12321402426050	none	2968	c2f7d14c	512	224	0	2968
3188	3	12321419665530	none	2969	c2f7d14c	512	224	0	2969
3189	4	12321436905320	none	2970	c2f7d14c	512	224	0	2970
3190	5	12321454268960	none	2971	c2f7d14c	512	224	0	2971
3191	6	12321471483200	none	2972	c2f7d14c	512	224	0	2972
3192	7	12321484678040	none	2973	c2f7d14c	512	224	0	2973
3193	0	12321501943590	none	2974	c2f7d14c	512	224	0	2974
3194	1	12321519244740	none	2975	c2f7d14c	512	224	0	2975
3195	2	12321536464100	none	2976	c2f7d14c	512	224	0	2976
3196	3	12321553684520	none	2977	c2f7d14c	512	224	0	2977
3197	4	12321570921230	none	2978	c2f7d14c	512	224	0	2978
3198	5	12321584113810	none	2979	c2f7d14c	512	224	0	2979
3199	6	12321601312980	none	2980	c2f7d14c	512	224	0	2980
3200	7	12321618559280	none	2981	c2f7d14c	512	224	0	2981
3201	0	12321635781170	none	2982	c2f7d14c	512	224	0	2982
3202	1	12321653023740	none	2983	c2f7d14c	512	224	0	2983
3203	2	12321670271140	none	2984	c2f7d14c	512	224	0	2984
3204	3	12321687488690	none	2985	c2f7d14c	512	224	0	2985
3205	4	12321700817940	none	2986	c2f7d14c	512	224	0	2986
3206	5	12321718069270	none	2987	c2f7d14c	512	224	0	2987
3207	6	12321735302790	none	2988	c2f7d14c	512	224	0	2988
3208	7	12321752516120	none	2989	c2f7d14c	512	224	0	2989
3209	0	12321769732090	none	2990	c2f7d14c	512	224	0	2990
3210	1	12321786984090	none	2991	c2f7d14c	512	224	0	2991
3211	2	12321804220920	none	2992	c2f7d14c	512	224	0	2992
3212	3	12321817413720	none	2993	c2f7d14c	512	224	0	2993
3213	4	12321834641610	none	2994	c2f7d14c	512	224	0	2994
3214	5	12321851877920	none	2995	c2f7d14c	512	224	0	2995
3215	6	12321869110180	none	2996	c2f7d14c	512	224	0	2996
3216	7	12321886309270	none	2997	c2f7d14c	512	224	0	2997
3217	0	12321903642590	none	2998	c2f7d14c	512	224	0	2998
3218	1	12321916910670	none	2999	c2f7d14c	512	224	0	2999
3219	2	12321934149710	none	3000	c2f7d14c	512	224	0	3000
3220	3	12321951382230	none	3001	c2f7d14c	512	224	0	3001
3221	4	12321968632100	none	3002	c2f7d14c	512	224	0	3002
3222	5	12321985880610	none	3003	c2f7d14c	512	224	0	3003
3223	6	12322003241240	none	3004	c2f7d14c	512	224	0	3004
3224	7	12322020447520	none	3005	c2f7d14c	512	224	0	3005
3225	0	12322033644830	none	3006	c2f7d14c	512	224	0	3006
3226	1	12322050947210	none	3007	c2f7d14c	512	224	0	3007
3227	2	12322068198110	none	3008	c2f7d14c	512	224	0	3008
3228	3	12322085418280	none	3009	c2f7d14c	512	224	0	3009
3229	4	12322102714880	none	3010	c2f7d14c	512	224	0	3010
3230	5	12322119964200	none	3011	c2f7d14c	512	224	0	3011
3231	6	12322133147980	none	3012	c2f7d14c	512	224	0	3012
3232	7	12322150348630	none	3013	c2f7d14c	512	224	0	3013
3233	0	12322167551470	none	3014	c2f7d14c	512	224	0	3014
3234	1	12322184773390	none	3015	c2f7d14c	512	224	0	3015
3235	2	12322202150110	none	3016	c2f7d14c	512	224	0	3016
3236	3	12322219380070	none	3017	c2f7d14c	512	224	0	3017
3237	4	12322236601550	none	3018	c2f7d14c	512	224	0	3018
3238	5	12322249793240	none	3019	c2f7d14c	512	224	0	3019
3239	6	12322267038210	none	3020	c2f7d14c	512	224	0	3020
3240	7	12322284348540	none	3021	c2f7d14c	512	224	0	3021
3241	0	12322301744660	none	3022	c2f7d14c	512	224	0	3022
3242	1	12322319075080	none	3023	c2f7d14c	512	224	0	3023
3243	2	12322336297810	none	3024	c2f7d14c	512	224	0	3024
3244	3	12322349498340	none	3025	c2f7d14c	512	224	0	3025
3245	4	12322366706180	none	3026	c2f7d14c	512	224	0	3026
3246	5	12322383999220	none	3027	c2f7d14c	512	224	0	3027
3247	6	12322401224390	none	3028	c2f7d14c	512	224	0	3028
3248	7	12322418458200	none	3029	c2f7d14c	512	224	0	3029
3249	0	12322435686780	none	3030	c2f7d14c	512	224	0	3030
3250	1	12322452997280	none	3031	c2f7d14c	512	224	0	3031
3251	2	12322466189760	none	3032	c2f7d14c	512	224	0	3032
3252	3	12322483439210	none	3033	c2f7d14c	512	224	0	3033
3253	4	12322500685930	none	3034	c2f7d14c	512	224	0	3034
3254	5	12322518058680	none	3035	c2f7d14c	512	224	0	3035
3255	6	12322535277160	none	3036	c2f7d14c	512	224	0	3036
3256	7	12322552617160	none	3037	c2f7d14c	512	224	0	3037
3257	0	12322565832410	none	3038	c2f7d14c	512	224	0	3038
3258	1	12322583082460	none	3039	c2f7d14c	512	224	0	3039
3259	2	12322600288410	none	3040	c2f7d14c	512	224	0	3040
3260	3	12322617509180	none	3041	c2f7d14c	512	224	0	3041
3261	4	12322634723650	none	3042	c2f7d14c	512	224	0	3042
3262	5	12322652024690	none	3043	c2f7d14c	512	224	0	3043
3263	6	12322669256540	none	3044	c2f7d14c	512	224	0	3044
3264	7	12322682427680	none	3045	c2f7d14c	512	224	0	3045
3265	0	12322699670190	none	3046	c2f7d14c	512	224	0	3046
3266	1	12322717041290	none	3047	c2f7d14c	512	224	0	3047
3267	2	12322734256800	none	3048	c2f7d14c	512	224	0	3048
3268	3	12322751567090	none	3049	c2f7d14c	512	224	0	3049
3269	4	12322768942360	none	3050	c2f7d14c	512	224	0	3050
3270	5	12322782132410	none	3051	c2f7d14c	512	224	0	3051
3271	6	12322799337340	none	3052	c2f7d14c	512	224	0	3052
3272	7	12322816551840	none	3053	c2f7d14c	512	224	0	3053
3273	0	12322833770130	none	3054	c2f7d14c	512	224	0	3054
3274	1	12322851197430	none	3055	c2f7d14c	512	224	0	3055
3275	2	12322868551570	none	3056	c2f7d14c	512	224	0	3056
3276	3	12322885782740	none	3057	c2f7d14c	512	224	0	3057
3277	4	12322898987820	none	3058	c2f7d14c	512	224	0	3058
3278	5	12322916202730	none	3059	c2f7d14c	512	224	0	3059
3279	6	12322933432810	none	3060	c2f7d14c	512	224	0	3060
3280	7	12322950671150	none	3061	c2f7d14c	512	224	0	3061
3281	0	12322967944690	none	3062	c2f7d14c	512	224	0	3062
3282	1	12322985179050	none	3063	c2f7d14c	512	224	0	3063
3283	2	12322998358440	none	3064	c2f7d14c	512	224	0	3064
3284	3	12323015570700	none	3065	c2f7d14c	512	224	0	3065
3285	4	12323032777020	none	3066	c2f7d14c	512	224	0	3066
3286	5	12323050183840	none	3067	c2f7d14c	512	224	0	3067
3287	6	12323067397770	none	3068	c2f7d14c	512	224	0	3068
3288	7	12323084624200	none	3069	c2f7d14c	512	224	0	3069
3289	0	12323101984330	none	3070	c2f7d14c	512	224	0	3070
3290	1	12323115212760	none	3071	c2f7d14c	512	224	0	3071
3291	2	12323132445090	none	3072	c2f7d14c	512	224	0	3072
3292	3	12323149672540	none	3073	c2f7d14c	512	224	0	3073
3293	4	12323166915460	none	3074	c2f7d14c	512	224	0	3074
3294	5	12323184135760	none	3075	c2f7d14c	512	224	0	3075
3295	6	12323201362210	none	3076	c2f7d14c	512	224	0	3076
3296	7	12323218607700	none	3077	c2f7d14c	512	224	0	3077
3297	0	12323231819160	none	3078	c2f7d14c	512	224	0	3078
3298	1	12323249059850	none	3079	c2f7d14c	512	224	0	3079
3299	2	12323266269640	none	3080	c2f7d14c	512	224	0	3080
3300	3	12323283480500	none	3081	c2f7d14c	512	224	0	3081
3301	4	12323300800280	none	3082	c2f7d14c	512	224	0	3082
3302	5	12323318117760	none	3083	1d7b10f7	512	224	0	3083
3303	6	12323331287910	none	3084	1d7b10f7	512	224	0	3084
3304	7	12323348517530	none	3085	1d7b10f7	512	224	0	3085
3305	0	12323365719210	none	3086	1d7b10f7	512	224	0	3086
3306	1	12323383077450	none	3087	1d7b10f7	512	224	0	3087
3307	2	12323400310700	none	3088	1d7b10f7	512	224	0	3088
3308	3	12323417521080	none	3089	1d7b10f7	512	224	0	3089
3309	4	12323434745630	none	3090	1d7b10f7	512	224	0	3090
3310	5	12323447947630	none	3091	1d7b10f7	512	224	0	3091
3311	6	12323465166880	none	3092	1d7b10f7	512	224	0	3092
3312	7	12323482364460	none	3093	1d7b10f7	512	224	0	3093
3313	0	12323499690120	none	3094	1d7b10f7	512	224	0	3094
3314	1	12323516971160	none	3095	1d7b10f7	512	224	0	3095
3315	2	12323534253200	none	3096	1d7b10f7	512	224	0	3096
3316	3	12323547432390	none	3097	1d7b10f7	512	224	0	3097
3317	4	12323564661530	none	3098	1d7b10f7	512	224	0	3098
3318	5	12323581891060	none	3099	1d7b10f7	512	224	0	3099
3319	6	12323599275040	none	3100	1d7b10f7	512	224	0	3100
3320	7	12323617378530	none	3101	1d7b10f7	512	224	0	3101
3321	0	12323631114170	none	3102	1d7b10f7	512	224	0	3102
3322	1	12323648617370	none	3103	1d7b10f7	512	224	0	3103
3323	2	12323666104360	none	3104	1d7b10f7	512	224	0	3104
3324	3	12323683514560	none	3105	1d7b10f7	512	224	0	3105
3325	4	12323700832900	none	3106	1d7b10f7	512	224	0	3106
3326	5	12323714279830	none	3107	1d7b10f7	512	224	0	3107
3327	6	12323732115630	none	3108	1d7b10f7	512	224	0	3108
3328	7	12323749487370	none	3109	1d7b10f7	512	224	0	3109
3329	0	12323766760370	none	3110	1d7b10f7	512	224	0	3110
3330	1	12323784129080	none	3111	1d7b10f7	512	224	0	3111
3331	2	12323797591140	none	3112	1d7b10f7	512	224	0	3112
3332	3	12323814937030	none	3113	1d7b10f7	512	224	0	3113
3333	4	12323832289480	none	3114	1d7b10f7	512	224	0	3114
3334	5	12323849703900	none	3115	1d7b10f7	512	224	0	3115
3335	6	12323867429260	none	3116	1d7b10f7	512	224	0	3116
3336	7	12323880760020	none	3117	1d7b10f7	512	224	0	3117
3337	0	12323898562910	none	3118	1d7b10f7	512	224	0	3118
3338	1	12323916322340	none	3119	1d7b10f7	512	224	0	3119
3339	2	12323933690390	none	3120	1d7b10f7	512	224	0	3120
3340	3	12323946904220	none	3121	1d7b10f7	512	224	0	3121
3341	4	12323964142220	none	3122	1d7b10f7	512	224	0	3122
3342	5	12323981369060	none	3123	1d7b10f7	512	224	0	3123
3343	6	12323998723410	none	3124	1d7b10f7	512	224	0	3124
3344	7	12324015980090	none	3125	1d7b10f7	512	224	0	3125
3345	0	12324033209820	none	3126	1d7b10f7	512	224	0	3126
3346	1	12324050427300	none	3127	1d7b10f7	512	224	0	3127
3347	2	12324063624140	none	3128	1d7b10f7	512	224	0	3128
3348	3	12324080865570	none	3129	1d7b10f7	512	224	0	3129
3349	4	12324098234120	none	3130	1d7b10f7	512	224	0	3130
3350	5	12324115471440	none	3131	1d7b10f7	512	224	0	3131
3351	6	12324132718300	none	3132	1d7b10f7	512	224	0	3132
3352	7	12324149998350	none	3133	1d7b10f7	512	224	0	3133
3353	0	12324163220550	none	3134	1d7b10f7	512	224	0	3134
3354	1	12324180522840	none	3135	1d7b10f7	512	224	0	3135
3355	2	12324198021920	none	3136	1d7b10f7	512	224	0	3136
3356	3	12324215287800	none	3137	1d7b10f7	512	224	0	3137
3357	4	12324232511590	none	3138	1d7b10f7	512	224	0	3138
3358	5	12324249725660	none	3139	1d7b10f7	512	224	0	3139
3359	6	12324263075370	none	3140	1d7b10f7	512	224	0	3140
3360	7	12324280302120	none	3141	1d7b10f7	512	224	0	3141
3361	0	12324297643000	none	3142	1d7b10f7	512	224	0	3142
3362	1	12324314949400	none	3143	1d7b10f7	512	224	0	3143
3363	2	12324332194000	none	3144	1d7b10f7	512	224	0	3144
3364	3	12324349420480	none	3145	1d7b10f7	512	224	0	3145
3365	4	12324366660800	none	3146	1d7b10f7	512	224	0	3146
3366	5	12324379918340	none	3147	1d7b10f7	512	224	0	3147
3367	6	12324397301320	none	3148	1d7b10f7	512	224	0	3148
3368	7	12324414538920	none	3149	1d7b10f7	512	224	0	3149
3369	0	12324431881980	none	3150	1d7b10f7	512	224	0	3150
3370	1	12324449124440	none	3151	1d7b10f7	512	224	0	3151
3371	2	12324466347480	none	3152	1d7b10f7	512	224	0	3152
3372	3	12324479549760	none	3153	1d7b10f7	512	224	0	3153
3373	4	12324496914500	none	3154	1d7b10f7	512	224	0	3154
3374	5	12324514137850	none	3155	1d7b10f7	512	224	0	3155
3375	6	12324531370480	none	3156	1d7b10f7	512	224	0	3156
3376	7	12324548634320	none	3157	1d7b10f7	512	224	0	3157
3377	0	12324565900760	none	3158	1d7b10f7	512	224	0	3158
3378	1	12324579093840	none	3159	1d7b10f7	512	224	0	3159
3379	2	12324596511970	none	3160	1d7b10f7	512	224	0	3160
3380	3	12324613747270	none	3161	1d7b10f7	512	224	0	3161
3381	4	12324631015240	none	3162	1d7b10f7	512	224	0	3162
3382	5	12324648271070	none	3163	1d7b10f7	512	224	0	3163
3383	6	12324665503570	none	3164	1d7b10f7	512	224	0	3164
3384	7	12324682744730	none	3165	1d7b10f7	512	224	0	3165
3385	0	12324695964520	none	3166	1d7b10f7	512	224	0	3166
3386	1	12324713206440	none	3167	1d7b10f7	512	224	0	3167
3387	2	12324730431560	none	3168	1d7b10f7	512	224	0	3168
3388	3	12324747694000	none	3169	1d7b10f7	512	224	0	3169
3389	4	12324764956410	none	3170	1d7b10f7	512	224	0	3170
3390	5	12324782182490	none	3171	1d7b10f7	512	224	0	3171
3391	6	12324795366450	none	3172	1d7b10f7	512	224	0	3172
3392	7	12324812737600	none	3173	1d7b10f7	512	224	0	3173
3393	0	12324829984900	none	3174	1d7b10f7	512	224	0	3174
3394	1	12324847222400	none	3175	1d7b10f7	512	224	0	3175
3395	2	12324864464640	none	3176	1d7b10f7	512	224	0	3176
3396	3	12324881698840	none	3177	1d7b10f7	512	224	0	3177
3397	4	12324898960810	none	3178	1d7b10f7	512	224	0	3178
3398	5	12324912295120	none	3179	1d7b10f7	512	224	0	3179
3399	6	12324929553560	none	3180	1d7b10f7	512	224	0	3180
3400	7	12324946910580	none	3181	1d7b10f7	512	224	0	3181
3401	0	12324964246240	none	3182	1d7b10f7	512	224	0	3182
3402	1	12324981464180	none	3183	1d7b10f7	512	224	0	3183
3403	2	12324998675070	none	3184	1d7b10f7	512	224	0	3184
3404	3	12325011995750	none	3185	1d7b10f7	512	224	0	3185
3405	4	12325029280450	none	3186	1d7b10f7	512	224	0	3186
3406	5	12325046528240	none	3187	1d7b10f7	512	224	0	3187
3407	6	12325063787600	none	3188	1d7b10f7	512	224	0	3188
3408	7	12325081071080	none	3189	1d7b10f7	512	224	0	3189
3409	0	12325098314480	none	3190	1d7b10f7	512	224	0	3190
3410	1	12325111624650	none	3191	1d7b10f7	512	224	0	3191
3411	2	12325128937560	none	3192	1d7b10f7	512	224	0	3192
3412	3	12325146215280	none	3193	1d7b10f7	512	224	0	3193
3413	4	12325163476010	none	3194	1d7b10f7	512	224	0	3194
3414	5	12325180731950	none	3195	1d7b10f7	512	224	0	3195
3415	6	12325197974270	none	3196	1d7b10f7	512	224	0	3196
3416	7	12325215342440	none	3197	1d7b10f7	512	224	0	3197
3417	0	12325228580730	none	3198	1d7b10f7	512	224	0	3198
3418	1	12325245988520	none	3199	1d7b10f7	512	224	0	3199
3419	2	12325263227710	none	3200	1d7b10f7	512	224	0	3200
3420	3	12325280495050	none	3201	1d7b10f7	512	224	0	3201
3421	4	12325297719540	none	3202	1d7b10f7	512	224	0	3202
3422	5	12325315123580	none	3203	1d7b10f7	512	224	0	3203
3423	6	12325328302000	none	3204	1d7b10f7	512	224	0	3204
3424	7	12325345699790	none	3205	1d7b10f7	512	224	0	3205
3425	0	12325362979920	none	3206	1d7b10f7	512	224	0	3206
3426	1	12325380239480	none	3207	1d7b10f7	512	224	0	3207
3427	2	12325397481730	none	3208	1d7b10f7	512	224	0	3208
3428	3	12325414855400	none	3209	1d7b10f7	512	224	0	3209
3429	4	12325428065280	none	3210	1d7b10f7	512	224	0	3210
3430	5	12325445304530	none	3211	1d7b10f7	512	224	0	3211
3431	6	12325462630910	none	3212	1d7b10f7	512	224	0	3212
3432	7	12325480038050	none	3213	1d7b10f7	512	224	0	3213
3433	0	12325497376170	none	3214	1d7b10f7	512	224	0	3214
3434	1	12325514755240	none	3215	1d7b10f7	512	224	0	3215
3435	2	12325527959980	none	3216	1d7b10f7	512	224	0	3216
3436	3	12325545189630	none	3217	1d7b10f7	512	224	0	3217
3437	4	12325562548110	none	3218	1d7b10f7	512	224	0	3218
3438	5	12325579824080	none	3219	1d7b10f7	512	224	0	3219
3439	6	12325597074680	none	3220	1d7b10f7	512	224	0	3220
3440	7	12325614444960	none	3221	1d7b10f7	512	224	0	3221
3441	0	12325627630540	none	3222	1d7b10f7	512	224	0	3222
3442	1	12325644983680	none	3223	1d7b10f7	512	224	0	3223
3443	2	12325662265870	none	3224	1d7b10f7	512	224	0	3224
3444	3	12325679531510	none	3225	1d7b10f7	512	224	0	3225
3445	4	12325696800570	none	3226	1d7b10f7	512	224	0	3226
3446	5	12325714214170	none	3227	1d7b10f7	512	224	0	3227
3447	6	12325727408740	none	3228	1d7b10f7	512	224	0	3228
3448	7	12325744802350	none	3229	1d7b10f7	512	224	0	3229
3449	0	12325762050390	none	3230	1d7b10f7	512	224	0	3230
3450	1	12325779326780	none	3231	1d7b10f7	512	224	0	3231
3451	2	12325796596590	none	3232	1d7b10f7	512	224	0	3232
3452	3	12325814005010	none	3233	1d7b10f7	512	224	0	3233
3453	4	12325827225830	none	3234	1d7b10f7	512	224	0	3234
3454	5	12325844446470	none	3235	1d7b10f7	512	224	0	3235
3455	6	12325861654630	none	3236	1d7b10f7	512	224	0	3236
3456	7	12325879068920	none	3237	1d7b10f7	512	224	0	3237
3457	0	12325896348840	none	3238	1d7b10f7	512	224	0	3238
3458	1	12325913701250	none	3239	1d7b10f7	512	224	0	3239
3459	2	12325926925500	none	3240	1d7b10f7	512	224	0	3240
3460	3	12325944137430	none	3241	1d7b10f7	512	224	0	3241
3461	4	12325961365980	none	3242	1d7b10f7	512	224	0	3242
3462	5	12325978585780	none	3243	1d7b10f7	512	224	0	3243
3463	6	12325995867790	none	3244	1d7b10f7	512	224	0	3244
3464	7	12326013307020	none	3245	1d7b10f7	512	224	0	3245
3465	0	12326030655900	none	3246	1d7b10f7	512	224	0	3246
3466	1	12326043864010	none	3247	1d7b10f7	512	224	0	3247
3467	2	12326061089400	none	3248	1d7b10f7	512	224	0	3248
3468	3	12326078317270	none	3249	1d7b10f7	512	224	0	3249
3469	4	12326095555220	none	3250	1d7b10f7	512	224	0	3250
3470	5	12326112868600	none	3251	1d7b10f7	512	224	0	3251
3471	6	12326130120320	none	3252	1d7b10f7	512	224	0	3252
3472	7	12326143316950	none	3253	1d7b10f7	512	224	0	3253
3473	0	12326160552460	none	3254	1d7b10f7	512	224	0	3254
3474	1	12326177787640	none	3255	1d7b10f7	512	224	0	3255
3475	2	12326195063880	none	3256	1d7b10f7	512	224	0	3256
3476	3	12326212353070	none	3257	1d7b10f7	512	224	0	3257
3477	4	12326229623560	none	3258	1d7b10f7	512	224	0	3258
3478	5	12326246885640	none	3259	1d7b10f7	512	224	0	3259
3479	6	12326260080390	none	3260	1d7b10f7	512	224	0	3260
3480	7	12326277293300	none	3261	1d7b10f7	512	224	0	3261
3481	0	12326294535190	none	3262	1d7b10f7	512	224	0	3262
3482	1	12326311784690	none	3263	1d7b10f7	512	224	0	3263
3483	2	12326329096040	none	3264	1d7b10f7	512	224	0	3264
3484	3	12326346363530	none	3265	1d7b10f7	512	224	0	3265
3485	4	12326359588950	none	3266	1d7b10f7	512	224	0	3266
3486	5	12326376824790	none	3267	1d7b10f7	512	224	0	3267
3487	6	12326394052030	none	3268	1d7b10f7	512	224	0	3268
3488	7	12326411267330	none	3269	1d7b10f7	512	224	0	3269
3489	0	12326428473850	none	3270	24483dbc	512	224	0	3270
3490	1	12326445741930	none	3271	75dd9dfe	512	224	0	3271
3491	2	12326463106120	none	3272	88b627a7	512	224	0	3272
3492	3	12326476304730	none	3273	72d583fc	512	224	0	3273
3493	4	12326493558350	none	3274	c55ed3f3	512	224	0	3274
3494	5	12326510825830	none	3275	b31c8a7f	512	224	0	3275
3495	6	12326528081440	none	3276	ed9f5637	512	224	0	3276
3496	7	12326545306990	none	3277	4a7a09a4	512	224	0	3277
3497	0	12326562881880	none	3278	941e9661	512	224	0	3278
3498	1	12326576135640	none	3279	77763057	512	224	0	3279
3499	2	12326593506580	none	3280	332cf442	512	224	0	3280
3500	3	12326610765200	none	3281	325df4c7	512	224	0	3281
3501	4	12326628014440	none	3282	9d706805	512	224	0	3282
3502	5	12326645276480	none	3283	fc3a024c	512	224	0	3283
3503	6	12326662605630	none	3284	61605322	512	224	0	3284
3504	7	12326675846270	none	3285	61605322	512	224	0	3285
3505	0	12326693086430	none	3286	61605322	512	224	0	3286
3506	1	12326710304970	none	3287	61605322	512	224	0	3287
3507	2	12326727569250	none	3288	61605322	512	224	0	3288
3508	3	12326744888630	none	3289	61605322	512	224	0	3289
3509	4	12326762140480	none	3290	61605322	512	224	0	3290
3510	5	12326779433800	none	3291	61605322	512	224	0	3291
3511	6	12326792650090	none	3292	61605322	512	224	0	3292
3512	7	12326809908380	none	3293	61605322	512	224	0	3293
3513	0	12326827223320	none	3294	61605322	512	224	0	3294
3514	1	12326844466480	none	3295	61605322	512	224	0	3295
3515	2	12326861825250	none	3296	61605322	512	224	0	3296
3516	3	12326879146510	none	3297	61605322	512	224	0	3297
3517	4	12326892345860	none	3298	61605322	512	224	0	3298
3518	5	12326909605090	none	3299	26f79752	512	224	0	3299
3519	6	12326926860460	none	3300	d4f86803	512	224	0	3300
3520	7	12326944102450	none	3301	b3ac69ed	512	224	0	3301
3521	0	12326961465230	none	3302	cdffa70f	512	224	0	3302
3522	1	12326978702680	none	3303	791d5efe	512	224	0	3303
3523	2	12326991968310	none	3304	274dd8c8	512	224	0	3304
3524	3	12327009210610	none	3305	37a40bb0	512	224	0	3305
3525	4	12327026436180	none	3306	1758ad65	512	224	0	3306
3526	5	12327043651730	none	3307	58e8de65	512	224	0	3307
3527	6	12327060996230	none	3308	630e2e0f	512	224	0	3308
3528	7	12327078234430	none	3309	e72cd713	512	224	0	3309
3529	0	12327095539770	none	3310	e82fd6fc	512	224	0	3310
3530	1	12327108879700	none	3311	392f905a	512	224	0	3311
3531	2	12327126176900	none	3312	2a42d973	512	224	0	3312
3532	3	12327143502460	none	3313	2a42d973	512	224	0	3313
3533	4	12327160858820	none	3314	2a42d973	512	224	0	3314
3534	5	12327178224670	none	3315	2a42d973	512	224	0	3315
3535	6	12327191428500	none	3316	2a42d973	512	224	0	3316
3536	7	12327208627960	none	3317	2a42d973	512	224	0	3317
3537	0	12327225859660	none	3318	2a42d973	512	224	0	3318
3538	1	12327243098700	none	3319	2a42d973	512	224	0	3319
3539	2	12327260497520	none	3320	2a42d973	512	224	0	3320
3540	3	12327277775110	none	3321	2a42d973	512	224	0	3321
3541	4	12327295018830	none	3322	2a42d973	512	224	0	3322
3542	5	12327308271140	none	3323	2a42d973	512	224	0	3323
3543	6	12327325594570	none	3324	2a42d973	512	224	0	3324
3544	7	12327343149970	none	3325	2a42d973	512	224	0	3325
3545	0	12327360622650	none	3326	2a42d973	512	224	0	3326
3546	1	12327377955070	none	3327	2a42d973	512	224	0	3327
3547	2	12327391186770	none	3328	2a42d973	512	224	0	3328
3548	3	12327408415670	none	3329	2a42d973	512	224	0	3329
3549	4	12327425619170	none	3330	2a42d973	512	224	0	3330
3550	5	12327442904710	none	3331	2a42d973	512	224	0	3331
3551	6	12327460162060	none	3332	2a42d973	512	224	0	3332
3552	7	12327477408830	none	3333	2a42d973	512	224	0	3333
3553	0	12327494618980	none	3334	2a42d973	512	224	0	3334
3554	1	12327507829470	none	3335	2a42d973	512	224	0	3335
3555	2	12327525086320	none	3336	2a42d973	512	224	0	3336
3556	3	12327542290900	none	3337	2a42d973	512	224	0	3337
3557	4	12327559650280	none	3338	2a42d973	512	224	0	3338
3558	5	12327576949940	none	3339	2a42d973	512	224	0	3339
3559	6	12327594181330	none	3340	2a42d973	512	224	0	3340
3560	7	12327611431080	none	3341	2a42d973	512	224	0	3341
3561	0	12327624707930	none	3342	2a42d973	512	224	0	3342
3562	1	12327641992910	none	3343	2a42d973	512	224	0	3343
3563	2	12327659356580	none	3344	2a42d973	512	224	0	3344
3564	3	12327676588390	none	3345	2a42d973	512	224	0	3345
3565	4	12327693848350	none	3346	2a42d973	512	224	0	3346
3566	5	12327711100640	none	3347	2a42d973	512	224	0	3347
3567	6	12327724286560	none	3348	2a42d973	512	224	0	3348
3568	7	12327741566920	none	3349	2a42d973	512	224	0	3349
3569	0	12327758804740	none	3350	2a42d973	512	224	0	3350
3570	1	12327776045820	none	3351	2a42d973	512	224	0	3351
3571	2	12327793266720	none	3352	2a42d973	512	224	0	3352
3572	3	12327810504460	none	3353	2a42d973	512	224	0	3353
3573	4	12327823716820	none	3354	2a42d973	512	224	0	3354
3574	5	12327840964590	none	3355	2a42d973	512	224	0	3355
3575	6	12327858294100	none	3356	2a42d973	512	224	0	3356
3576	7	12327875523170	none	3357	2a42d973	512	224	0	3357
3577	0	12327892902350	none	3358	2a42d973	512	224	0	3358
3578	1	12327910149220	none	3359	2a42d973	512	224	0	3359
3579	2	12327927369510	none	3360	2a42d973	512	224	0	3360
3580	3	12327940577520	none	3361	2a42d973	512	224	0	3361
3581	4	12327957825710	none	3362	2a42d973	512	224	0	3362
3582	5	12327975055410	none	3363	2a42d973	512	224	0	3363
3583	6	12327992295370	none	3364	2a42d973	512	224	0	3364
3584	7	12328009574550	none	3365	2a42d973	512	224	0	3365
3585	0	12328026827440	none	3366	2a42d973	512	224	0	3366
3586	1	12328040041660	none	3367	2a42d973	512	224	0	3367
3587	2	12328057262170	none	3368	2a42d973	512	224	0	3368
3588	3	12328074484610	none	3369	2a42d973	512	224	0	3369
3589	4	12328091732790	none	3370	2a42d973	512	224	0	3370
3590	5	12328109052430	none	3371	2a42d973	512	224	0	3371
3591	6	12328126286860	none	3372	2a42d973	512	224	0	3372
3592	7	12328143565070	none	3373	2a42d973	512	224	0	3373
3593	0	12328156790900	none	3374	2a42d973	512	224	0	3374
3594	1	12328174075930	none	3375	2a42d973	512	224	0	3375
3595	2	12328191303940	none	3376	2a42d973	512	224	0	3376
3596	3	12328208632980	none	3377	2a42d973	512	224	0	3377
3597	4	12328225870790	none	3378	2a42d973	512	224	0	3378
3598	5	12328243114790	none	3379	2a42d973	512	224	0	3379
3599	6	12328260349460	none	3380	2a42d973	512	224	0	3380
3600	7	12328273647120	none	3381	2a42d973	512	224	0	3381
3601	0	12328291060460	none	3382	2a42d973	512	224	0	3382
3602	1	12328308601110	none	3383	2a42d973	512	224	0	3383
3603	2	12328326003630	none	3384	2a42d973	512	224	0	3384
3604	3	12328343358020	none	3385	2a42d973	512	224	0	3385
3605	4	12328356673310	none	3386	2a42d973	512	224	0	3386
3606	5	12328374058980	none	3387	2a42d973	512	224	0	3387
3607	6	12328391511150	none	3388	2a42d973	512	224	0	3388
3608	7	12328409033950	none	3389	2a42d973	512	224	0	3389
3609	0	12328426553710	none	3390	2a42d973	512	224	0	3390
3610	1	12328439795480	none	3391	2a42d973	512	224	0	3391
3611	2	12328457217420	none	3392	2a42d973	512	224	0	3392
3612	3	12328474459270	none	3393	2a42d973	512	224	0	3393
3613	4	12328491740240	none	3394	2a42d973	512	224	0	3394
3614	5	12328509059910	none	3395	2a42d973	512	224	0	3395
3615	6	12328526352950	none	3396	2a42d973	512	224	0	3396
3616	7	12328539955490	none	3397	2a42d973	512	224	0	3397
3617	0	12328557504790	none	3398	2a42d973	512	224	0	3398
3618	1	12328575072880	none	3399	2a42d973	512	224	0	3399
3619	2	12328592600240	none	3400	2a42d973	512	224	0	3400
3620	3	12328605977780	none	3401	2a42d973	512	224	0	3401
3621	4	12328623764660	none	3402	2a42d973	512	224	0	3402
3622	5	12328641071880	none	3403	2a42d973	512	224	0	3403
3623	6	12328658284640	none	3404	2a42d973	512	224	0	3404
3624	7	12328675529310	none	3405	2a42d973	512	224	0	3405
3625	0	12328692835270	none	3406	2a42d973	512	224	0	3406
3626	1	12328706020960	none	3407	2a42d973	512	224	0	3407
3627	2	12328723241270	none	3408	2a42d973	512	224	0	3408
3628	3	12328740478220	none	3409	2a42d973	512	224	0	3409
3629	4	12328757724860	none	3410	2a42d973	512	224	0	3410
3630	5	12328774956420	none	3411	2a42d973	512	224	0	3411
3631	6	12328792184620	none	3412	2a42d973	512	224	0	3412
3632	7	12328809443270	none	3413	2a42d973	512	224	0	3413
3633	0	12328822760760	none	3414	2a42d973	512	224	0	3414
3634	1	12328839993660	none	3415	2a42d973	512	224	0	3415
3635	2	12328857237800	none	3416	2a42d973	512	224	0	3416
3636	3	12328874474590	none	3417	2a42d973	512	224	0	3417
3637	4	12328891718130	none	3418	2a42d973	512	224	0	3418
3638	5	12328908953500	none	3419	2a42d973	512	224	0	3419
3639	6	12328922290560	none	3420	2a42d973	512	224	0	3420
3640	7	12328939539640	none	3421	2a42d973	512	224	0	3421
3641	0	12328956903120	none	3422	2a42d973	512	224	0	3422
3642	1	12328974168180	none	3423	2a42d973	512	224	0	3423
3643	2	12328991407210	none	3424	2a42d973	512	224	0	3424
3644	3	12329008621410	none	3425	2a42d973	512	224	0	3425
3645	4	12329021851080	none	3426	2a42d973	512	224	0	3426
3646	5	12329039083120	none	3427	2a42d973	512	224	0	3427
3647	6	12329056311390	none	3428	2a42d973	512	224	0	3428
3648	7	12329073571480	none	3429	2a42d973	512	224	0	3429
3649	0	12329090831410	none	3430	2a42d973	512	224	0	3430
3650	1	12329108065330	none	3431	2a42d973	512	224	0	3431
3651	2	12329125424460	none	3432	2a42d973	512	224	0	3432
3652	3	12329138612690	none	3433	2a42d973	512	224	0	3433
3653	4	12329155954320	none	3434	2a42d973	512	224	0	3434
3654	5	12329173186620	none	3435	2a42d973	512	224	0	3435
3655	6	12329190419530	none	3436	2a42d973	512	224	0	3436
3656	7	12329207636130	none	3437	2a42d973	512	224	0	3437
3657	0	12329224937650	none	3438	2a42d973	512	224	0	3438
3658	1	12329238128140	none	3439	2a42d973	512	224	0	3439
3659	2	12329255505200	none	3440	2a42d973	512	224	0	3440
3660	3	12329272751370	none	3441	2a42d973	512	224	0	3441
3661	4	12329290001780	none	3442	2a42d973	512	224	0	3442
3662	5	12329307246540	none	3443	2a42d973	512	224	0	3443
3663	6	12329324506380	none	3444	2a42d973	512	224	0	3444
3664	7	12329341753990	none	3445	2a42d973	512	224	0	3445
3665	0	12329354971140	none	3446	2a42d973	512	224	0	3446
3666	1	12329372188470	none	3447	2a42d973	512	224	0	3447
3667	2	12329389420190	none	3448	2a42d973	512	224	0	3448
3668	3	12329406664980	none	3449	2a42d973	512	224	0	3449
3669	4	12329423963860	none	3450	2a42d973	512	224	0	3450
3670	5	12329441183550	none	3451	2a42d973	512	224	0	3451
3671	6	12329454382680	none	3452	2a42d973	512	224	0	3452
3672	7	12329471605870	none	3453	2a42d973	512	224	0	3453
3673	0	12329488938040	none	3454	2a42d973	512	224	0	3454
3674	1	12329506182380	none	3455	2a42d973	512	224	0	3455
3675	2	12329523407030	none	3456	2a42d973	512	224	0	3456
3676	3	12329540640210	none	3457	2a42d973	512	224	0	3457
3677	4	12329557951770	none	3458	2a42d973	512	224	0	3458
3678	5	12329571161550	none	3459	2a42d973	512	224	0	3459
3679	6	12329588415350	none	3460	2a42d973	512	224	0	3460
3680	7	12329605673860	none	3461	2a42d973	512	224	0	3461
3681	0	12329622953460	none	3462	2a42d973	512	224	0	3462
3682	1	12329640176890	none	3463	2a42d973	512	224	0	3463
3683	2	12329657391300	none	3464	2a42d973	512	224	0	3464
3684	3	12329670814480	none	3465	2a42d973	512	224	0	3465
3685	4	12329688060150	none	3466	2a42d973	512	224	0	3466
3686	5	12329705276590	none	3467	2a42d973	512	224	0	3467
3687	6	12329722524770	none	3468	2a42d973	512	224	0	3468
3688	7	12329739827790	none	3469	2a42d973	512	224	0	3469
3689	0	12329757071400	none	3470	2a42d973	512	224	0	3470
3690	1	12329774512210	none	3471	2a42d973	512	224	0	3471
3691	2	12329787723130	none	3472	2a42d973	512	224	0	3472
3692	3	12329805051150	none	3473	2a42d973	512	224	0	3473
3693	4	12329822275310	none	3474	2a42d973	512	224	0	3474
3694	5	12329839526240	none	3475	2a42d973	512	224	0	3475
3695	6	12329856876630	none	3476	2a42d973	512	224	0	3476
3696	7	12329874114760	none	3477	2a42d973	512	224	0	3477
3697	0	12329887292690	none	3478	2a42d973	512	224	0	3478
3698	1	12329904531820	none	3479	2a42d973	512	224	0	3479
3699	2	12329921794060	none	3480	2a42d973	512	224	0	3480
3700	3	12329939082380	none	3481	2a42d973	512	224	0	3481
3701	4	12329956292560	none	3482	2a42d973	512	224	0	3482
3702	5	12329973638300	none	3483	2a42d973	512	224	0	3483
3703	6	12329986918970	none	3484	2a42d973	512	224	0	3484
3704	7	12330004159650	none	3485	2a42d973	512	224	0	3485
3705	0	12330021400160	none	3486	2a42d973	512	224	0	3486
3706	1	12330038637560	none	3487	2a42d973	512	224	0	3487
3707	2	12330055898370	none	3488	2a42d973	512	224	0	3488
3708	3	12330073258250	none	3489	2a42d973	512	224	0	3489
3709	4	12330090513400	none	3490	2a42d973	512	224	0	3490
3710	5	12330103733890	none	3491	2a42d973	512	224	0	3491
3711	6	12330120984620	none	3492	2a42d973	512	224	0	3492
3712	7	12330138206060	none	3493	2a42d973	512	224	0	3493
3713	0	12330155534390	none	3494	2a42d973	512	224	0	3494
3714	1	12330172824510	none	3495	2a42d973	512	224	0	3495
3715	2	12330190048520	none	3496	2a42d973	512	224	0	3496
3716	3	12330203235580	none	3497	2a42d973	512	224	0	3497
3717	4	12330220491730	none	3498	2a42d973	512	224	0	3498
3718	5	12330237750500	none	3499	2a42d973	512	224	0	3499
3719	6	12330254992580	none	3500	2a42d973	512	224	0	3500
3720	7	12330272222800	none	3501	2a42d973	512	224	0	3501
3721	0	12330289488190	none	3502	2a42d973	512	224	0	3502
3722	1	12330306897140	none	3503	2a42d973	512	224	0	3503
3723	2	12330320097290	none	3504	2a42d973	512	224	0	3504
3724	3	12330337308430	none	3505	2a42d973	512	224	0	3505
3725	4	12330354552250	none	3506	2a42d973	512	224	0	3506
3726	5	12330371802210	none	3507	2a42d973	512	224	0	3507
3727	6	12330389033170	none	3508	2a42d973	512	224	0	3508
3728	7	12330406255060	none	3509	2a42d973	512	224	0	3509
3729	0	12330419478390	none	3510	2a42d973	512	224	0	3510
3730	1	12330436720150	none	3511	2a42d973	512	224	0	3511
3731	2	12330453996160	none	3512	2a42d973	512	224	0	3512
3732	3	12330471197540	none	3513	2a42d973	512	224	0	3513
3733	4	12330488444760	none	3514	2a42d973	512	224	0	3514
3734	5	12330505677490	none	3515	2a42d973	512	224	0	3515
3735	6	12330522994710	none	3516	2a42d973	512	224	0	3516
3736	7	12330536185030	none	3517	2a42d973	512	224	0	3517
3737	0	12330553425420	none	3518	2a42d973	512	224	0	3518
3738	1	12330570677080	none	3519	2a42d973	512	224	0	3519
3739	2	12330588066120	none	3520	2a42d973	512	224	0	3520
3740	3	12330605300970	none	3521	2a42d973	512	224	0	3521
3741	4	12330622654530	none	3522	2a42d973	512	224	0	3522
3742	5	12330635908460	none	3523	2a42d973	512	224	0	3523
3743	6	12330653146840	none	3524	2a42d973	512	224	0	3524
3744	7	12330670379300	none	3525	2a42d973	512	224	0	3525
3745	0	12330687603050	none	3526	2a42d973	512	224	0	3526
3746	1	12330704886310	none	3527	2a42d973	512	224	0	3527
3747	2	12330722141950	none	3528	2a42d973	512	224	0	3528
3748	3	12330739416410	none	3529	2a42d973	512	224	0	3529
3749	4	12330752683320	none	3530	2a42d973	512	224	0	3530
3750	5	12330769922950	none	3531	2a42d973	512	224	0	3531
3751	6	12330787133560	none	3532	2a42d973	512	224	0	3532
3752	7	12330804353180	none	3533	2a42d973	512	224	0	3533
3753	0	12330821809560	none	3534	2a42d973	512	224	0	3534
3754	1	12330839047580	none	3535	2a42d973	512	224	0	3535
3755	2	12330852225310	none	3536	2a42d973	512	224	0	3536
3756	3	12330869475920	none	3537	2a42d973	512	224	0	3537
3757	4	12330886739790	none	3538	2a42d973	512	224	0	3538
3758	5	12330903959320	none	3539	2a42d973	512	224	0	3539
3759	6	12330921301680	none	3540	2a42d973	512	224	0	3540
3760	7	12330938570940	none	3541	2a42d973	512	224	0	3541
3761	0	12330955819910	none	3542	2a42d973	512	224	0	3542
3762	1	12330969033220	none	3543	2a42d973	512	224	0	3543
3763	2	12330986239170	none	3544	2a42d973	512	224	0	3544
3764	3	12331003490150	none	3545	2a42d973	512	224	0	3545
3765	4	12331020734600	none	3546	2a42d973	512	224	0	3546
3766	5	12331037964040	none	3547	2a42d973	512	224	0	3547
3767	6	12331055199640	none	3548	2a42d973	512	224	0	3548
3768	7	12331068401180	none	3549	2a42d973	512	224	0	3549
3769	0	12331085719470	none	3550	2a42d973	512	224	0	3550
3770	1	12331103015360	none	3551	2a42d973	512	224	0	3551
3771	2	12331120382870	none	3552	2a42d973	512	224	0	3552
3772	3	12331137607580	none	3553	2a42d973	512	224	0	3553
3773	4	12331154856090	none	3554	2a42d973	512	224	0	3554
3774	5	12331172114990	none	3555	2a42d973	512	224	0	3555
3775	6	12331185285590	none	3556	2a42d973	512	224	0	3556
3776	7	12331202527060	none	3557	2a42d973	512	224	0	3557
3777	0	12331219787840	none	3558	2a42d973	512	224	0	3558
3778	1	12331237015560	none	3559	2a42d973	512	224	0	3559
3779	2	12331254238580	none	3560	2a42d973	512	224	0	3560
3780	3	12331271517600	none	3561	2a42d973	512	224	0	3561
3781	4	12331284734310	none	3562	2a42d973	512	224	0	3562
3782	5	12331301994440	none	3563	2a42d973	512	224	0	3563
3783	6	12331319210000	none	3564	2a42d973	512	224	0	3564
3784	7	12331336431810	none	3565	2a42d973	512	224	0	3565
3785	0	12331353696010	none	3566	2a42d973	512	224	0	3566
3786	1	12331371007420	none	3567	2a42d973	512	224	0	3567
3787	2	12331388226270	none	3568	2a42d973	512	224	0	3568
3788	3	12331401429620	none	3569	2a42d973	512	224	0	3569
3789	4	12331418649860	none	3570	2a42d973	512	224	0	3570
3790	5	12331436030660	none	3571	2a42d973	512	224	0	3571
3791	6	12331453252230	none	3572	2a42d973	512	224	0	3572
3792	7	12331470595370	none	3573	2a42d973	512	224	0	3573
3793	0	12331487934560	none	3574	2a42d973	512	224	0	3574
3794	1	12331501128620	none	3575	2a42d973	512	224	0	3575
3795	2	12331518367640	none	3576	2a42d973	512	224	0	3576
3796	3	12331535603470	none	3577	2a42d973	512	224	0	3577
3797	4	12331552901820	none	3578	2a42d973	512	224	0	3578
3798	5	12331570153500	none	3579	2a42d973	512	224	0	3579
3799	6	12331587418020	none	3580	2a42d973	512	224	0	3580
3800	7	12331604666020	none	3581	2a42d973	512	224	0	3581
3801	0	12331617891480	none	3582	2a42d973	512	224	0	3582
3802	1	12331635116370	none	3583	2a42d973	512	224	0	3583
3803	2	12331652360490	none	3584	2a42d973	512	224	0	3584
3804	3	12331669712010	none	3585	2a42d973	512	224	0	3585
3805	4	12331686957810	none	3586	2a42d973	512	224	0	3586
3806	5	12331704180860	none	3587	2a42d973	512	224	0	3587
3807	6	12331717384650	none	3588	2a42d973	512	224	0	3588
3808	7	12331734626220	none	3589	2a42d973	512	224	0	3589
3809	0	12331751870360	none	3590	2a42d973	512	224	0	3590
3810	1	12331769273120	none	3591	2a42d973	512	224	0	3591
3811	2	12331786512600	none	3592	2a42d973	512	224	0	3592
3812	3	12331803765970	none	3593	2a42d973	512	224	0	3593
3813	4	12331821030540	none	3594	2a42d973	512	224	0	3594
3814	5	12331834208290	none	3595	2a42d973	512	224	0	3595
3815	6	12331851460600	none	3596	2a42d973	512	224	0	3596
3816	7	12331868702690	none	3597	2a42d973	512	224	0	3597
3817	0	12331886027540	none	3598	2a42d973	512	224	0	3598
3818	1	12331903289140	none	3599	2a42d973	512	224	0	3599
3819	2	12331920612360	none	3600	2a42d973	512	224	0	3600
3820	3	12331933814470	none	3601	2a42d973	512	224	0	3601
3821	4	12331951063120	none	3602	2a42d973	512	224	0	3602
3822	5	12331968371830	none	3603	2a42d973	512	224	0	3603
3823	6	12331985609590	none	3604	2a42d973	512	224	0	3604
3824	7	12332002862090	none	3605	2a42d973	512	224	0	3605
3825	0	12332020116250	none	3606	2a42d973	512	224	0	3606
3826	1	12332037348800	none	3607	2a42d973	512	224	0	3607
3827	2	12332050528290	none	3608	2a42d973	512	224	0	3608
3828	3	12332067782380	none	3609	2a42d973	512	224	0	3609
3829	4	12332085017160	none	3610	2a42d973	512	224	0	3610
3830	5	12332102339110	none	3611	2a42d973	512	224	0	3611
3831	6	12332119584180	none	3612	2a42d973	512	224	0	3612
3832	7	12332136840940	none	3613	2a42d973	512	224	0	3613
3833	0	12332150153460	none	3614	2a42d973	512	224	0	3614
3834	1	12332167371230	none	3615	2a42d973	512	224	0	3615
3835	2	12332184597030	none	3616	2a42d973	512	224	0	3616
3836	3	12332201889000	none	3617	2a42d973	512	224	0	3617
3837	4	12332219142040	none	3618	2a42d973	512	224	0	3618
3838	5	12332236376160	none	3619	2a42d973	512	224	0	3619
3839	6	12332253620180	none	3620	2a42d973	512	224	0	3620
3840	7	12332266818920	none	3621	2a42d973	512	224	0	3621
3841	0	12332284087260	none	3622	2a42d973	512	224	0	3622
3842	1	12332301286320	none	3623	2a42d973	512	224	0	3623
3843	2	12332318682820	none	3624	2a42d973	512	224	0	3624
3844	3	12332335946040	none	3625	2a42d973	512	224	0	3625
3845	4	12332353281640	none	3626	2a42d973	512	224	0	3626
3846	5	12332366960530	none	3627	2a42d973	512	224	0	3627
3847	6	12332384198340	none	3628	2a42d973	512	224	0	3628
3848	7	12332401449770	none	3629	2a42d973	512	224	0	3629
3849	0	12332418762850	none	3630	2a42d973	512	224	0	3630
3850	1	12332436000040	none	3631	2a42d973	512	224	0	3631
3851	2	12332453224160	none	3632	2a42d973	512	224	0	3632
3852	3	12332466422590	none	3633	2a42d973	512	224	0	3633
3853	4	12332483653700	none	3634	2a42d973	512	224	0	3634
3854	5	12332500896590	none	3635	2a42d973	512	224	0	3635
3855	6	12332518142890	none	3636	2a42d973	512	224	0	3636
3856	7	12332535457740	none	3637	2a42d973	512	224	0	3637
3857	0	12332552727110	none	3638	2a42d973	512	224	0	3638
3858	1	12332565935040	none	3639	2a42d973	512	224	0	3639
3859	2	12332583156630	none	3640	2a42d973	512	224	0	3640
3860	3	12332600367330	none	3641	2a42d973	512	224	0	3641
3861	4	12332617732220	none	3642	2a42d973	512	224	0	3642
3862	5	12332634992370	none	3643	2a42d973	512	224	0	3643
3863	6	12332652238320	none	3644	2a42d973	512	224	0	3644
3864	7	12332669491320	none	3645	2a42d973	512	224	0	3645
3865	0	12332682721140	none	3646	2a42d973	512	224	0	3646
3866	1	12332700098350	none	3647	2a42d973	512	224	0	3647
3867	2	12332717471470	none	3648	2a42d973	512	224	0	3648
3868	3	12332734738670	none	3649	2a42d973	512	224	0	3649
3869	4	12332751969850	none	3650	2a42d973	512	224	0	3650
3870	5	12332769214930	none	3651	2a42d973	512	224	0	3651
3871	6	12332782423170	none	3652	2a42d973	512	224	0	3652
3872	7	12332799663020	none	3653	2a42d973	512	224	0	3653
3873	0	12332816940170	none	3654	2a42d973	512	224	0	3654
3874	1	12332834171370	none	3655	2a42d973	512	224	0	3655
3875	2	12332851386720	none	3656	2a42d973	512	224	0	3656
3876	3	12332868644920	none	3657	2a42d973	512	224	0	3657
3877	4	12332885885300	none	3658	2a42d973	512	224	0	3658
3878	5	12332899083220	none	3659	2a42d973	512	224	0	3659
3879	6	12332916469550	none	3660	2a42d973	512	224	0	3660
3880	7	12332933921550	none	3661	2a42d973	512	224	0	3661
3881	0	12332951203900	none	3662	2a42d973	512	224	0	3662
3882	1	12332968455050	none	3663	2a42d973	512	224	0	3663
3883	2	12332985714860	none	3664	2a42d973	512	224	0	3664
3884	3	12332998910720	none	3665	2a42d973	512	224	0	3665
3885	4	12333016309660	none	3666	2a42d973	512	224	0	3666
3886	5	12333033521200	none	3667	2a42d973	512	224	0	3667
3887	6	12333050778830	none	3668	2a42d973	512	224	0	3668
3888	7	12333068027940	none	3669	2a42d973	512	224	0	3669
3889	0	12333085263170	none	3670	2a42d973	512	224	0	3670
3890	1	12333098451010	none	3671	2a42d973	512	224	0	3671
3891	2	12333115689670	none	3672	2a42d973	512	224	0	3672
3892	3	12333132918120	none	3673	2a42d973	512	224	0	3673
3893	4	12333150157720	none	3674	2a42d973	512	224	0	3674
3894	5	12333167398260	none	3675	2a42d973	512	224	0	3675
3895	6	12333184640590	none	3676	2a42d973	512	224	0	3676
3896	7	12333202020060	none	3677	2a42d973	512	224	0	3677
3897	0	12333215282500	none	3678	2a42d973	512	224	0	3678
3898	1	12333232540200	none	3679	2a42d973	512	224	0	3679
3899	2	12333249799490	none	3680	2a42d973	512	224	0	3680
3900	3	12333267047020	none	3681	2a42d973	512	224	0	3681
3901	4	12333284280470	none	3682	2a42d973	512	224	0	3682
3902	5	12333301505830	none	3683	2a42d973	512	224	0	3683
3903	6	12333314729220	none	3684	2a42d973	512	224	0	3684
3904	7	12333331973580	none	3685	2a42d973	512	224	0	3685
3905	0	12333349197990	none	3686	2a42d973	512	224	0	3686
3906	1	12333366454300	none	3687	2a42d973	512	224	0	3687
3907	2	12333383714620	none	3688	2a42d973	512	224	0	3688
3908	3	12333401085150	none	3689	2a42d973	512	224	0	3689
3909	4	12333418326710	none	3690	2a42d973	512	224	0	3690
3910	5	12333431664010	none	3691	2a42d973	512	224	0	3691
3911	6	12333448893260	none	3692	2a42d973	512	224	0	3692
3912	7	12333466140470	none	3693	2a42d973	512	224	0	3693
3913	0	12333483443200	none	3694	2a42d973	512	224	0	3694
3914	1	12333500699920	none	3695	2a42d973	512	224	0	3695
3915	2	12333517934780	none	3696	2a42d973	512	224	0	3696
3916	3	12333531252600	none	3697	2a42d973	512	224	0	3697
3917	4	12333548493960	none	3698	2a42d973	512	224	0	3698
3918	5	12333565820910	none	3699	2a42d973	512	224	0	3699
3919	6	12333583059950	none	3700	2a42d973	512	224	0	3700
3920	7	12333600298770	none	3701	2a42d973	512	224	0	3701
3921	0	12333617516180	none	3702	2a42d973	512	224	0	3702
3922	1	12333634767070	none	3703	2a42d973	512	224	0	3703
3923	2	12333647972620	none	3704	2a42d973	512	224	0	3704
3924	3	12333665367300	none	3705	2a42d973	512	224	0	3705
3925	4	12333682601300	none	3706	2a42d973	512	224	0	3706
3926	5	12333699849250	none	3707	2a42d973	512	224	0	3707
3927	6	12333717092320	none	3708	2a42d973	512	224	0	3708
3928	7	12333734477290	none	3709	2a42d973	512	224	0	3709
3929	0	12333747705230	none	3710	2a42d973	512	224	0	3710
3930	1	12333765043030	none	3711	2a42d973	512	224	0	3711
3931	2	12333782306840	none	3712	2a42d973	512	224	0	3712
3932	3	12333799535540	none	3713	2a42d973	512	224	0	3713
3933	4	12333816787190	none	3714	2a42d973	512	224	0	3714
3934	5	12333834187300	none	3715	2a42d973	512	224	0	3715
3935	6	12333847403480	none	3716	2a42d973	512	224	0	3716
3936	7	12333864752170	none	3717	2a42d973	512	224	0	3717
3937	0	12333881999880	none	3718	2a42d973	512	224	0	3718
3938	1	12333899207290	none	3719	2a42d973	512	224	0	3719
3939	2	12333916467910	none	3720	2a42d973	512	224	0	3720
3940	3	12333933727830	none	3721	2a42d973	512	224	0	3721
3941	4	12333950969550	none	3722	2a42d973	512	224	0	3722
3942	5	12333964149420	none	3723	2a42d973	512	224	0	3723
3943	6	12333981383810	none	3724	2a42d973	512	224	0	3724
3944	7	12333998620820	none	3725	2a42d973	512	224	0	3725
3945	0	12334016008970	none	3726	2a42d973	512	224	0	3726
3946	1	12334033290810	none	3727	2a42d973	512	224	0	3727
3947	2	12334050517380	none	3728	2a42d973	512	224	0	3728
3948	3	12334063741960	none	3729	2a42d973	512	224	0	3729
3949	4	12334080984230	none	3730	2a42d973	512	224	0	3730
3950	5	12334098198100	none	3731	2a42d973	512	224	0	3731
3951	6	12334115449270	none	3732	2a42d973	512	224	0	3732
3952	7	12334132708840	none	3733	2a42d973	512	224	0	3733
3953	0	12334149952230	none	3734	2a42d973	512	224	0	3734
3954	1	12334167169350	none	3735	2a42d973	512	224	0	3735
3955	2	12334180402730	none	3736	2a42d973	512	224	0	3736
3956	3	12334197653370	none	3737	2a42d973	512	224	0	3737
3957	4	12334214999000	none	3738	2a42d973	512	224	0	3738
3958	5	12334232222880	none	3739	2a42d973	512	224	0	3739
3959	6	12334249463860	none	3740	2a42d973	512	224	0	3740
3960	7	12334266758530	none	3741	2a42d973	512	224	0	3741
3961	0	12334280181650	none	3742	2a42d973	512	224	0	3742
3962	1	12334297528530	none	3743	2a42d973	512	224	0	3743
3963	2	12334314809370	none	3744	2a42d973	512	224	0	3744
3964	3	12334332041090	none	3745	2a42d973	512	224	0	3745
3965	4	12334349294620	none	3746	2a42d973	512	224	0	3746
3966	5	12334366523240	none	3747	2a42d973	512	224	0	3747
3967	6	12334379814000	none	3748	2a42d973	512	224	0	3748
3968	7	12334397047340	none	3749	2a42d973	512	224	0	3749
3969	0	12334414291090	none	3750	2a42d973	512	224	0	3750
3970	1	12334431488790	none	3751	2a42d973	512	224	0	3751
3971	2	12334448735680	none	3752	2a42d973	512	224	0	3752
3972	3	12334465975680	none	3753	2a42d973	512	224	0	3753
3973	4	12334483329070	none	3754	2a42d973	512	224	0	3754
3974	5	12334496531450	none	3755	2a42d973	512	224	0	3755
3975	6	12334513782180	none	3756	2a42d973	512	224	0	3756
3976	7	12334531041670	none	3757	2a42d973	512	224	0	3757
3977	0	12334548310970	none	3758	2a42d973	512	224	0	3758
3978	1	12334565547850	none	3759	2a42d973	512	224	0	3759
3979	2	12334582899050	none	3760	2a42d973	512	224	0	3760
3980	3	12334596103710	none	3761	2a42d973	512	224	0	3761
3981	4	12334613353520	none	3762	2a42d973	512	224	0	3762
3982	5	12334630636790	none	3763	2a42d973	512	224	0	3763
3983	6	12334647866610	none	3764	2a42d973	512	224	0	3764
3984	7	12334665105290	none	3765	2a42d973	512	224	0	3765
3985	0	12334682463910	none	3766	2a42d973	512	224	0	3766
3986	1	12334699728200	none	3767	2a42d973	512	224	0	3767
3987	2	12334712925700	none	3768	2a42d973	512	224	0	3768
3988	3	12334730160220	none	3769	2a42d973	512	224	0	3769
3989	4	12334747372640	none	3770	2a42d973	512	224	0	3770
3990	5	12334764625120	none	3771	2a42d973	512	224	0	3771
3991	6	12334781865280	none	3772	2a42d973	512	224	0	3772
3992	7	12334799097530	none	3773	2a42d973	512	224	0	3773
3993	0	12334812321050	none	3774	2a42d973	512	224	0	3774
3994	1	12334829687490	none	3775	2a42d973	512	224	0	3775
3995	2	12334846932720	none	3776	2a42d973	512	224	0	3776
3996	3	12334864175840	none	3777	2a42d973	512	224	0	3777
3997	4	12334881426060	none	3778	2a42d973	512	224	0	3778
3998	5	12334898689140	none	3779	2a42d973	512	224	0	3779
3999	6	12334915926140	none	3780	2a42d973	512	224	0	3780
4000	7	12334929106200	none	3781	2a42d973	512	224	0	3781
4001	0	12334946352820	none	3782	2a42d973	512	224	0	3782
4002	1	12334963610080	none	3783	2a42d973	512	224	0	3783
4003	2	12334980857060	none	3784	2a42d973	512	224	0	3784
4004	3	12334998083030	none	3785	2a42d973	512	224	0	3785
4005	4	12335015301570	none	3786	2a42d973	512	224	0	3786
4006	5	12335028520230	none	3787	2a42d973	512	224	0	3787
4007	6	12335045820310	none	3788	2a42d973	512	224	0	3788
4008	7	12335063063970	none	3789	2a42d973	512	224	0	3789
4009	0	12335080317400	none	3790	2a42d973	512	224	0	3790
4010	1	12335097568050	none	3791	2a42d973	512	224	0	3791
4011	2	12335114890990	none	3792	2a42d973	512	224	0	3792
4012	3	12335132133500	none	3793	2a42d973	512	224	0	3793
4013	4	12335145363700	none	3794	2a42d973	512	224	0	3794
4014	5	12335162670520	none	3795	2a42d973	512	224	0	3795
4015	6	12335179922470	none	3796	2a42d973	512	224	0	3796
4016	7	12335197137130	none	3797	2a42d973	512	224	0	3797
4017	0	12335214435040	none	3798	2a42d973	512	224	0	3798
4018	1	12335231777650	none	3799	2a42d973	512	224	0	3799
4019	2	12335244967170	none	3800	2a42d973	512	224	0	3800
4020	3	12335262187820	none	3801	2a42d973	512	224	0	3801
4021	4	12335279532900	none	3802	2a42d973	512	224	0	3802
4022	5	12335296805260	none	3803	2a42d973	512	224	0	3803
4023	6	12335314015960	none	3804	2a42d973	512	224	0	3804
4024	7	12335331391860	none	3805	2a42d973	512	224	0	3805
4025	0	12335348670100	none	3806	2a42d973	512	224	0	3806
4026	1	12335362006110	none	3807	2a42d973	512	224	0	3807
4027	2	12335379347320	none	3808	2a42d973	512	224	0	3808
4028	3	12335396649360	none	3809	2a42d973	512	224	0	3809
4029	4	12335413909960	none	3810	2a42d973	512	224	0	3810
4030	5	12335431144520	none	3811	2a42d973	512	224	0	3811
4031	6	12335448397260	none	3812	2a42d973	512	224	0	3812
4032	7	12335461630590	none	3813	2a42d973	512	224	0	3813
4033	0	12335478920930	none	3814	2a42d973	512	224	0	3814
4034	1	12335496157630	none	3815	2a42d973	512	224	0	3815
4035	2	12335513409730	none	3816	2a42d973	512	224	0	3816
4036	3	12335530754010	none	3817	2a42d973	512	224	0	3817
4037	4	12335548013230	none	3818	2a42d973	512	224	0	3818
4038	5	12335561200760	none	3819	2a42d973	512	224	0	3819
4039	6	12335578435810	none	3820	2a42d973	512	224	0	3820
4040	7	12335595712950	none	3821	2a42d973	512	224	0	3821
4041	0	12335613022880	none	3822	2a42d973	512	224	0	3822
4042	1	12335630427890	none	3823	2a42d973	512	224	0	3823
4043	2	12335647668640	none	3824	2a42d973	512	224	0	3824
4044	3	12335660880630	none	3825	2a42d973	512	224	0	3825
4045	4	12335678101620	none	3826	2a42d973	512	224	0	3826
4046	5	12335695391080	none	3827	2a42d973	512	224	0	3827
4047	6	12335712719670	none	3828	2a42d973	512	224	0	3828
4048	7	12335730141100	none	3829	2a42d973	512	224	0	3829
4049	0	12335747399680	none	3830	2a42d973	512	224	0	3830
4050	1	12335764658440	none	3831	2a42d973	512	224	0	3831
4051	2	12335777861840	none	3832	2a42d973	512	224	0	3832
4052	3	12335795086440	none	3833	2a42d973	512	224	0	3833
4053	4	12335812411050	none	3834	2a42d973	512	224	0	3834
4054	5	12335829845130	none	3835	2a42d973	512	224	0	3835
4055	6	12335847082720	none	3836	2a42d973	512	224	0	3836
4056	7	12335864305190	none	3837	2a42d973	512	224	0	3837
4057	0	12335877509060	none	3838	2a42d973	512	224	0	3838
4058	1	12335894758690	none	3839	2a42d973	512	224	0	3839
4059	2	12335911975130	none	3840	2a42d973	512	224	0	3840
4060	3	12335929639100	none	3841	2a42d973	512	224	0	3841
4061	4	12335946937110	none	3842	2a42d973	512	224	0	3842
4062	5	12335964289030	none	3843	2a42d973	512	224	0	3843
4063	6	12335977486630	none	3844	2a42d973	512	224	0	3844
4064	7	12335994724850	none	3845	2a42d973	512	224	0	3845
4065	0	12336011955690	none	3846	2a42d973	512	224	0	3846
4066	1	12336029413370	none	3847	2a42d973	512	224	0	3847
4067	2	12336046686810	none	3848	2a42d973	512	224	0	3848
4068	3	12336063927950	none	3849	2a42d973	512	224	0	3849
4069	4	12336077123030	none	3850	2a42d973	512	224	0	3850
4070	5	12336094345140	none	3851	2a42d973	512	224	0	3851
4071	6	12336111587490	none	3852	2a42d973	512	224	0	3852
4072	7	12336128825210	none	3853	2a42d973	512	224	0	3853
4073	0	12336146105390	none	3854	2a42d973	512	224	0	3854
4074	1	12336163415650	none	3855	2a42d973	512	224	0	3855
4075	2	12336176626600	none	3856	2a42d973	512	224	0	3856
4076	3	12336193856080	none	3857	2a42d973	512	224	0	3857
4077	4	12336211060090	none	3858	2a42d973	512	224	0	3858
4078	5	12336228425880	none	3859	2a42d973	512	224	0	3859
4079	6	12336245739340	none	3860	2a42d973	512	224	0	3860
4080	7	12336263002790	none	3861	2a42d973	512	224	0	3861
4081	0	12336280275280	none	3862	2a42d973	512	224	0	3862
4082	1	12336293470040	none	3863	2a42d973	512	224	0	3863
4083	2	12336310705300	none	3864	2a42d973	512	224	0	3864
4084	3	12336327948720	none	3865	2a42d973	512	224	0	3865
4085	4	12336345170950	none	3866	2a42d973	512	224	0	3866
4086	5	12336362498890	none	3867	2a42d973	512	224	0	3867
4087	6	12336379828890	none	3868	2a42d973	512	224	0	3868
4088	7	12336393027270	none	3869	2a42d973	512	224	0	3869
4089	0	12336410255970	none	3870	2a42d973	512	224	0	3870
4090	1	12336427456880	none	3871	2a42d973	512	224	0	3871
4091	2	12336444713700	none	3872	2a42d973	512	224	0	3872
4092	3	12336461940550	none	3873	2a42d973	512	224	0	3873
4093	4	12336479268050	none	3874	2a42d973	512	224	0	3874
4094	5	12336496530590	none	3875	2a42d973	512	224	0	3875
4095	6	12336509753350	none	3876	2a42d973	512	224	0	3876
4096	7	12336526987790	none	3877	2a42d973	512	224	0	3877
4097	0	12336544243080	none	3878	2a42d973	512	224	0	3878
4098	1	12336561460540	none	3879	2a42d973	512	224	0	3879
4099	2	12336578717630	none	3880	2a42d973	512	224	0	3880
4100	3	12336595991870	none	3881	2a42d973	512	224	0	3881
4101	4	12336613213320	none	3882	2a42d973	512	224	0	3882
4102	5	12336626476730	none	3883	2a42d973	512	224	0	3883
4103	6	12336643718660	none	3884	2a42d973	512	224	0	3884
4104	7	12336660960910	none	3885	2a42d973	512	224	0	3885
4105	0	12336678211390	none	3886	2a42d973	512	224	0	3886
4106	1	12336695455110	none	3887	2a42d973	512	224	0	3887
4107	2	12336712762130	none	3888	2a42d973	512	224	0	3888
4108	3	12336726047130	none	3889	2a42d973	512	224	0	3889
4109	4	12336743272310	none	3890	2a42d973	512	224	0	3890
4110	5	12336760507530	none	3891	2a42d973	512	224	0	3891
4111	6	12336777839280	none	3892	2a42d973	512	224	0	3892
4112	7	12336795085480	none	3893	2a42d973	512	224	0	3893
4113	0	12336812408880	none	3894	2a42d973	512	224	0	3894
4114	1	12336825663800	none	3895	2a42d973	512	224	0	3895
4115	2	12336843027220	none	3896	2a42d973	512	224	0	3896
4116	3	12336860249430	none	3897	2a42d973	512	224	0	3897
4117	4	12336877618420	none	3898	2a42d973	512	224	0	3898
4118	5	12336894946110	none	3899	2a42d973	512	224	0	3899
4119	6	12336912166890	none	3900	2a42d973	512	224	0	3900
4120	7	12336925429230	none	3901	2a42d973	512	224	0	3901
4121	0	12336942733340	none	3902	2a42d973	512	224	0	3902
4122	1	12336960006580	none	3903	2a42d973	512	224	0	3903
4123	2	12336977390920	none	3904	2a42d973	512	224	0	3904
4124	3	12336994654150	none	3905	2a42d973	512	224	0	3905
4125	4	12337012017660	none	3906	2a42d973	512	224	0	3906
4126	5	12337025293330	none	3907	2a42d973	512	224	0	3907
4127	6	12337042512380	none	3908	2a42d973	512	224	0	3908
4128	7	12337059878170	none	3909	2a42d973	512	224	0	3909
4129	0	12337077121330	none	3910	2a42d973	512	224	0	3910
4130	1	12337094368570	none	3911	2a42d973	512	224	0	3911
4131	2	12337111614160	none	3912	2a42d973	512	224	0	3912
4132	3	12337128856860	none	3913	2a42d973	512	224	0	3913
4133	4	12337142207690	none	3914	2a42d973	512	224	0	3914
4134	5	12337159436740	none	3915	2a42d973	512	224	0	3915
4135	6	12337176774030	none	3916	2a42d973	512	224	0	3916
4136	7	12337194007560	none	3917	2a42d973	512	224	0	3917
4137	0	12337211262510	none	3918	2a42d973	512	224	0	3918
4138	1	12337228508310	none	3919	2a42d973	512	224	0	3919
4139	2	12337241782040	none	3920	2a42d973	512	224	0	3920
4140	3	12337259007500	none	3921	2a42d973	512	224	0	3921
4141	4	12337276379130	none	3922	2a42d973	512	224	0	3922
4142	5	12337293625290	none	3923	2a42d973	512	224	0	3923
4143	6	12337310851130	none	3924	2a42d973	512	224	0	3924
4144	7	12337328102370	none	3925	2a42d973	512	224	0	3925
4145	0	12337345354030	none	3926	2a42d973	512	224	0	3926
4146	1	12337358617080	none	3927	2a42d973	512	224	0	3927
4147	2	12337375958520	none	3928	2a42d973	512	224	0	3928
4148	3	12337393316280	none	3929	2a42d973	512	224	0	3929
4149	4	12337410570150	none	3930	2a42d973	512	224	0	3930
4150	5	12337427810840	none	3931	2a42d973	512	224	0	3931
4151	6	12337445184840	none	3932	2a42d973	512	224	0	3932
4152	7	12337458479340	none	3933	2a42d973	512	224	0	3933
4153	0	12337475850380	none	3934	2a42d973	512	224	0	3934
4154	1	12337493090990	none	3935	2a42d973	512	224	0	3935
4155	2	12337510310020	none	3936	2a42d973	512	224	0	3936
4156	3	12337527553580	none	3937	2a42d973	512	224	0	3937
4157	4	12337544803500	none	3938	2a42d973	512	224	0	3938
4158	5	12337557991390	none	3939	2a42d973	512	224	0	3939
4159	6	12337575402480	none	3940	2a42d973	512	224	0	3940
4160	7	12337592667740	none	3941	2a42d973	512	224	0	3941
4161	0	12337609918140	none	3942	2a42d973	512	224	0	3942
4162	1	12337627128110	none	3943	2a42d973	512	224	0	3943
4163	2	12337644357450	none	3944	2a42d973	512	224	0	3944
4164	3	12337657584340	none	3945	2a42d973	512	224	0	3945
4165	4	12337674867810	none	3946	2a42d973	512	224	0	3946
4166	5	12337692094740	none	3947	2a42d973	512	224	0	3947
4167	6	12337709310330	none	3948	2a42d973	512	224	0	3948
4168	7	12337726561090	none	3949	2a42d973	512	224	0	3949
4169	0	12337743824240	none	3950	2a42d973	512	224	0	3950
4170	1	12337761089370	none	3951	2a42d973	512	224	0	3951
4171	2	12337774280480	none	3952	2a42d973	512	224	0	3952
4172	3	12337791543100	none	3953	2a42d973	512	224	0	3953
4173	4	12337808887510	none	3954	2a42d973	512	224	0	3954
4174	5	12337826145750	none	3955	2a42d973	512	224	0	3955
4175	6	12337843412200	none	3956	2a42d973	512	224	0	3956
4176	7	12337860664700	none	3957	2a42d973	512	224	0	3957
4177	0	12337873866050	none	3958	2a42d973	512	224	0	3958
4178	1	12337891098190	none	3959	2a42d973	512	224	0	3959
4179	2	12337908304370	none	3960	2a42d973	512	224	0	3960
4180	3	12337925562320	none	3961	2a42d973	512	224	0	3961
4181	4	12337942810890	none	3962	2a42d973	512	224	0	3962
4182	5	12337960088330	none	3963	2a42d973	512	224	0	3963
4183	6	12337977392660	none	3964	2a42d973	512	224	0	3964
4184	7	12337990703830	none	3965	2a42d973	512	224	0	3965
4185	0	12338007964900	none	3966	2a42d973	512	224	0	3966
4186	1	12338025183660	none	3967	2a42d973	512	224	0	3967
4187	2	12338042440010	none	3968	2a42d973	512	224	0	3968
4188	3	12338059682900	none	3969	2a42d973	512	224	0	3969
4189	4	12338076911380	none	3970	2a42d973	512	224	0	3970
4190	5	12338090245400	none	3971	2a42d973	512	224	0	3971
4191	6	12338107488410	none	3972	2a42d973	512	224	0	3972
4192	7	12338124860010	none	3973	2a42d973	512	224	0	3973
4193	0	12338142138790	none	3974	2a42d973	512	224	0	3974
4194	1	12338159388070	none	3975	2a42d973	512	224	0	3975
4195	2	12338176637780	none	3976	2a42d973	512	224	0	3976
4196	3	12338193876820	none	3977	2a42d973	512	224	0	3977
4197	4	12338207065820	none	3978	2a42d973	512	224	0	3978
4198	5	12338224471080	none	3979	2a42d973	512	224	0	3979
4199	6	12338241725380	none	3980	2a42d973	512	224	0	3980
4200	7	12338259078520	none	3981	2a42d973	512	224	0	3981
4201	0	12338276397320	none	3982	2a42d973	512	224	0	3982
4202	1	12338293747620	none	3983	2a42d973	512	224	0	3983
4203	2	12338306947200	none	3984	2a42d973	512	224	0	3984
4204	3	12338324175060	none	3985	2a42d973	512	224	0	3985
4205	4	12338341399740	none	3986	2a42d973	512	224	0	3986
4206	5	12338358664880	none	3987	2a42d973	512	224	0	3987
4207	6	12338375900350	none	3988	2a42d973	512	224	0	3988
4208	7	12338393256200	none	3989	2a42d973	512	224	0	3989
4209	0	12338406561090	none	3990	2a42d973	512	224	0	3990
4210	1	12338423883820	none	3991	2a42d973	512	224	0	3991
4211	2	12338441108230	none	3992	2a42d973	512	224	0	3992
4212	3	12338458350350	none	3993	2a42d973	512	224	0	3993
4213	4	12338475611770	none	3994	2a42d973	512	224	0	3994
4214	5	12338492845050	none	3995	2a42d973	512	224	0	3995
4215	6	12338510071940	none	3996	2a42d973	512	224	0	3996
4216	7	12338523260320	none	3997	2a42d973	512	224	0	3997
4217	0	12338540519590	none	3998	2a42d973	512	224	0	3998
4218	1	12338557766530	none	3999	2a42d973	512	224	0	3999
4219	2	12338575002090	none	4000	2a42d973	512	224	0	4000
4220	3	12338592252270	none	4001	2a42d973	512	224	0	4001
4221	4	12338609481610	none	4002	2a42d973	512	224	0	4002
4222	5	12338622684640	none	4003	2a42d973	512	224	0	4003
4223	6	12338639918680	none	4004	2a42d973	512	224	0	4004
4224	7	12338657130470	none	4005	2a42d973	512	224	0	4005
4225	0	12338674369770	none	4006	2a42d973	512	224	0	4006
4226	1	12338691628570	none	4007	2a42d973	512	224	0	4007
4227	2	12338708852590	none	4008	2a42d973	512	224	0	4008
4228	3	12338726087530	none	4009	2a42d973	512	224	0	4009
4229	4	12338739382610	none	4010	2a42d973	512	224	0	4010
4230	5	12338756638200	none	4011	2a42d973	512	224	0	4011
4231	6	12338773990650	none	4012	2a42d973	512	224	0	4012
4232	7	12338791205300	none	4013	2a42d973	512	224	0	4013
4233	0	12338808557760	none	4014	2a42d973	512	224	0	4014
4234	1	12338825876870	none	4015	2a42d973	512	224	0	4015
4235	2	12338839206870	none	4016	2a42d973	512	224	0	4016
4236	3	12338856427100	none	4017	2a42d973	512	224	0	4017
4237	4	12338873674700	none	4018	2a42d973	512	224	0	4018
4238	5	12338890907440	none	4019	2a42d973	512	224	0	4019
4239	6	12338908109720	none	4020	2a42d973	512	224	0	4020
4240	7	12338925345870	none	4021	2a42d973	512	224	0	4021
4241	0	12338942708670	none	4022	2a42d973	512	224	0	4022
4242	1	12338955915630	none	4023	2a42d973	512	224	0	4023
4243	2	12338973276450	none	4024	2a42d973	512	224	0	4024
4244	3	12338990509900	none	4025	2a42d973	512	224	0	4025
4245	4	12339007750320	none	4026	2a42d973	512	224	0	4026
4246	5	12339024968370	none	4027	2a42d973	512	224	0	4027
4247	6	12339042351840	none	4028	2a42d973	512	224	0	4028
4248	7	12339055585080	none	4029	2a42d973	512	224	0	4029
4249	0	12339072825440	none	4030	2a42d973	512	224	0	4030
4250	1	12339090053790	none	4031	2a42d973	512	224	0	4031
4251	2	12339107292030	none	4032	2a42d973	512	224	0	4032
4252	3	12339124544440	none	4033	2a42d973	512	224	0	4033
4253	4	12339141850470	none	4034	2a42d973	512	224	0	4034
4254	5	12339155033060	none	4035	2a42d973	512	224	0	4035
4255	6	12339172247940	none	4036	2a42d973	512	224	0	4036
4256	7	12339189473670	none	4037	2a42d973	512	224	0	4037
4257	0	12339206708730	none	4038	2a42d973	512	224	0	4038
4258	1	12339223973920	none	4039	2a42d973	512	224	0	4039
4259	2	12339241362300	none	4040	2a42d973	512	224	0	4040
4260	3	12339258626300	none	4041	2a42d973	512	224	0	4041
4261	4	12339271810830	none	4042	2a42d973	512	224	0	4042
4262	5	12339289025670	none	4043	2a42d973	512	224	0	4043
4263	6	12339306241140	none	4044	2a42d973	512	224	0	4044
4264	7	12339323467820	none	4045	2a42d973	512	224	0	4045
4265	0	12339340751440	none	4046	2a42d973	512	224	0	4046
4266	1	12339358038350	none	4047	2a42d973	512	224	0	4047
4267	2	12339375245090	none	4048	2a42d973	512	224	0	4048
4268	3	12339388433720	none	4049	2a42d973	512	224	0	4049
4269	4	12339405684510	none	4050	2a42d973	512	224	0	4050
4270	5	12339422992260	none	4051	2a42d973	512	224	0	4051
4271	6	12339440236200	none	4052	2a42d973	512	224	0	4052
4272	7	12339457469890	none	4053	2a42d973	512	224	0	4053
4273	0	12339474714920	none	4054	2a42d973	512	224	0	4054
4274	1	12339487961280	none	4055	2a42d973	512	224	0	4055
4275	2	12339505197410	none	4056	2a42d973	512	224	0	4056
4276	3	12339522419470	none	4057	2a42d973	512	224	0	4057
4277	4	12339539665270	none	4058	2a42d973	512	224	0	4058
4278	5	12339556895220	none	4059	2a42d973	512	224	0	4059
4279	6	12339574129400	none	4060	2a42d973	512	224	0	4060
4280	7	12339591389030	none	4061	2a42d973	512	224	0	4061
4281	0	12339604695280	none	4062	2a42d973	512	224	0	4062
4282	1	12339621994740	none	4063	2a42d973	512	224	0	4063
4283	2	12339639219140	none	4064	2a42d973	512	224	0	4064
4284	3	12339656448960	none	4065	2a42d973	512	224	0	4065
4285	4	12339673701730	none	4066	2a42d973	512	224	0	4066
4286	5	12339691012150	none	4067	2a42d973	512	224	0	4067
4287	6	12339704240160	none	4068	2a42d973	512	224	0	4068
4288	7	12339721463500	none	4069	2a42d973	512	224	0	4069
4289	0	12339738717000	none	4070	2a42d973	512	224	0	4070
4290	1	12339756114620	none	4071	2a42d973	512	224	0	4071
4291	2	12339773359170	none	4072	2a42d973	512	224	0	4072
4292	3	12339790700480	none	4073	2a42d973	512	224	0	4073
4293	4	12339807941490	none	4074	2a42d973	512	224	0	4074
4294	5	12339821104090	none	4075	2a42d973	512	224	0	4075
4295	6	12339838348030	none	4076	2a42d973	512	224	0	4076
4296	7	12339855619390	none	4077	2a42d973	512	224	0	4077
4297	0	12339872881400	none	4078	2a42d973	512	224	0	4078
4298	1	12339890282420	none	4079	2a42d973	512	224	0	4079
4299	2	12339907553900	none	4080	2a42d973	512	224	0	4080
4300	3	12339920748660	none	4081	2a42d973	512	224	0	4081
4301	4	12339937976910	none	4082	2a42d973	512	224	0	4082
4302	5	12339955191500	none	4083	2a42d973	512	224	0	4083
4303	6	12339972402360	none	4084	2a42d973	512	224	0	4084
4304	7	12339989741440	none	4085	2a42d973	512	224	0	4085
4305	0	12340006991330	none	4086	2a42d973	512	224	0	4086
4306	1	12340024237030	none	4087	2a42d973	512	224	0	4087
4307	2	12340037481670	none	4088	2a42d973	512	224	0	4088
4308	3	12340054704760	none	4089	2a42d973	512	224	0	4089
4309	4	12340071935420	none	4090	2a42d973	512	224	0	4090
4310	5	12340089337670	none	4091	2a42d973	512	224	0	4091
4311	6	12340106592050	none	4092	2a42d973	512	224	0	4092
4312	7	12340123831320	none	4093	2a42d973	512	224	0	4093
4313	0	12340137062250	none	4094	2a42d973	512	224	0	4094
4314	1	12340154266440	none	4095	2a42d973	512	224	0	4095
4315	2	12340171500590	none	4096	2a42d973	512	224	0	4096
4316	3	12340188744300	none	4097	2a42d973	512	224	0	4097
4317	4	12340205969770	none	4098	2a42d973	512	224	0	4098
4318	5	12340223210290	none	4099	2a42d973	512	224	0	4099
4319	6	12340240452660	none	4100	2a42d973	512	224	0	4100
4320	7	12340253676930	none	4101	2a42d973	512	224	0	4101
4321	0	12340270998920	none	4102	2a42d973	512	224	0	4102
4322	1	12340288300260	none	4103	2a42d973	512	224	0	4103
4323	2	12340305576120	none	4104	2a42d973	512	224	0	4104
4324	3	12340322814180	none	4105	2a42d973	512	224	0	4105
4325	4	12340340049810	none	4106	2a42d973	512	224	0	4106
4326	5	12340353236460	none	4107	2a42d973	512	224	0	4107
4327	6	12340370471750	none	4108	2a42d973	512	224	0	4108
4328	7	12340387711740	none	4109	2a42d973	512	224	0	4109
4329	0	12340404942490	none	4110	2a42d973	512	224	0	4110
4330	1	12340422187750	none	4111	2a42d973	512	224	0	4111
4331	2	12340439419100	none	4112	2a42d973	512	224	0	4112
4332	3	12340456663730	none	4113	2a42d973	512	224	0	4113
4333	4	12340469994860	none	4114	2a42d973	512	224	0	4114
4334	5	12340487214410	none	4115	2a42d973	512	224	0	4115
4335	6	12340504436090	none	4116	2a42d973	512	224	0	4116
4336	7	12340521681150	none	4117	2a42d973	512	224	0	4117
4337	0	12340538976770	none	4118	2a42d973	512	224	0	4118
4338	1	12340556217970	none	4119	2a42d973	512	224	0	4119
4339	2	12340569427470	none	4120	2a42d973	512	224	0	4120
4340	3	12340586667570	none	4121	2a42d973	512	224	0	4121
4341	4	12340604135840	none	4122	2a42d973	512	224	0	4122
4342	5	12340621403930	none	4123	2a42d973	512	224	0	4123
4343	6	12340638745450	none	4124	2a42d973	512	224	0	4124
4344	7	12340655973640	none	4125	2a42d973	512	224	0	4125
4345	0	12340673225010	none	4126	2a42d973	512	224	0	4126
4346	1	12340686420330	none	4127	2a42d973	512	224	0	4127
4347	2	12340703666350	none	4128	2a42d973	512	224	0	4128
4348	3	12340720908840	none	4129	2a42d973	512	224	0	4129
4349	4	12340738144540	none	4130	2a42d973	512	224	0	4130
4350	5	12340755386100	none	4131	2a42d973	512	224	0	4131
4351	6	12340772637330	none	4132	2a42d973	512	224	0	4132
4352	7	12340785823320	none	4133	2a42d973	512	224	0	4133
4353	0	12340803089050	none	4134	2a42d973	512	224	0	4134
4354	1	12340820327710	none	4135	2a42d973	512	224	0	4135
4355	2	12340837752790	none	4136	2a42d973	512	224	0	4136
4356	3	12340854994200	none	4137	2a42d973	512	224	0	4137
4357	4	12340872228800	none	4138	2a42d973	512	224	0	4138
4358	5	12340889472290	none	4139	2a42d973	512	224	0	4139
4359	6	12340902654050	none	4140	2a42d973	512	224	0	4140
4360	7	12340919878080	none	4141	2a42d973	512	224	0	4141
4361	0	12340937283800	none	4142	2a42d973	512	224	0	4142
4362	1	12340954578700	none	4143	2a42d973	512	224	0	4143
4363	2	12340971804180	none	4144	2a42d973	512	224	0	4144
4364	3	12340989026480	none	4145	2a42d973	512	224	0	4145
4365	4	12341002214590	none	4146	2a42d973	512	224	0	4146
4366	5	12341019445260	none	4147	2a42d973	512	224	0	4147
4367	6	12341036690860	none	4148	2a42d973	512	224	0	4148
4368	7	12341053928590	none	4149	2a42d973	512	224	0	4149
4369	0	12341071162590	none	4150	2a42d973	512	224	0	4150
4370	1	12341088423560	none	4151	2a42d973	512	224	0	4151
4371	2	12341105727430	none	4152	2a42d973	512	224	0	4152
4372	3	12341118953040	none	4153	2a42d973	512	224	0	4153
4373	4	12341136348420	none	4154	2a42d973	512	224	0	4154
4374	5	12341153615130	none	4155	2a42d973	512	224	0	4155
4375	6	12341170847650	none	4156	2a42d973	512	224	0	4156
4376	7	12341188077890	none	4157	2a42d973	512	224	0	4157
4377	0	12341205324540	none	4158	2a42d973	512	224	0	4158
4378	1	12341218535980	none	4159	2a42d973	512	224	0	4159
4379	2	12341235757790	none	4160	2a42d973	512	224	0	4160
4380	3	12341252969160	none	4161	2a42d973	512	224	0	4161
4381	4	12341270200460	none	4162	2a42d973	512	224	0	4162
4382	5	12341287477570	none	4163	2a42d973	512	224	0	4163
4383	6	12341304711410	none	4164	2a42d973	512	224	0	4164
4384	7	12341322070570	none	4165	2a42d973	512	224	0	4165
4385	0	12341335286960	none	4166	2a42d973	512	224	0	4166
4386	1	12341352528530	none	4167	2a42d973	512	224	0	4167
4387	2	12341369762170	none	4168	2a42d973	512	224	0	4168
4388	3	12341387190720	none	4169	2a42d973	512	224	0	4169
4389	4	12341404443330	none	4170	2a42d973	512	224	0	4170
4390	5	12341421688440	none	4171	2a42d973	512	224	0	4171
4391	6	12341434882740	none	4172	2a42d973	512	224	0	4172
4392	7	12341452103570	none	4173	2a42d973	512	224	0	4173
4393	0	12341469358980	none	4174	2a42d973	512	224	0	4174
4394	1	12341486709870	none	4175	2a42d973	512	224	0	4175
4395	2	12341503938900	none	4176	2a42d973	512	224	0	4176
4396	3	12341521153200	none	4177	2a42d973	512	224	0	4177
4397	4	12341538384120	none	4178	2a42d973	512	224	0	4178
4398	5	12341551688560	none	4179	2a42d973	512	224	0	4179
4399	6	12341568919240	none	4180	2a42d973	512	224	0	4180
4400	7	12341586161900	none	4181	2a42d973	512	224	0	4181
4401	0	12341603470900	none	4182	2a42d973	512	224	0	4182
4402	1	12341620723470	none	4183	2a42d973	512	224	0	4183
4403	2	12341637939730	none	4184	2a42d973	512	224	0	4184
4404	3	12341651309200	none	4185	2a42d973	512	224	0	4185
4405	4	12341668553110	none	4186	2a42d973	512	224	0	4186
4406	5	12341685873430	none	4187	2a42d973	512	224	0	4187
4407	6	12341703095760	none	4188	2a42d973	512	224	0	4188
4408	7	12341720335350	none	4189	2a42d973	512	224	0	4189
4409	0	12341737692180	none	4190	2a42d973	512	224	0	4190
4410	1	12341750886900	none	4191	2a42d973	512	224	0	4191
4411	2	12341768099790	none	4192	2a42d973	512	224	0	4192
4412	3	12341785479610	none	4193	2a42d973	512	224	0	4193
4413	4	12341802711380	none	4194	2a42d973	512	224	0	4194
4414	5	12341819946790	none	4195	2a42d973	512	224	0	4195
4415	6	12341837176430	none	4196	2a42d973	512	224	0	4196
4416	7	12341854406580	none	4197	2a42d973	512	224	0	4197
4417	0	12341867634730	none	4198	2a42d973	512	224	0	4198
4418	1	12341884904590	none	4199	2a42d973	512	224	0	4199
4419	2	12341902122020	none	4200	2a42d973	512	224	0	4200
4420	3	12341919363190	none	4201	2a42d973	512	224	0	4201
4421	4	12341936618530	none	4202	2a42d973	512	224	0	4202
4422	5	12341953848630	none	4203	2a42d973	512	224	0	4203
4423	6	12341971073850	none	4204	2a42d973	512	224	0	4204
4424	7	12341984269150	none	4205	2a42d973	512	224	0	4205
4425	0	12342001543040	none	4206	2a42d973	512	224	0	4206
4426	1	12342018777460	none	4207	2a42d973	512	224	0	4207
4427	2	12342036032860	none	4208	2a42d973	512	224	0	4208
4428	3	12342053277860	none	4209	2a42d973	512	224	0	4209
4429	4	12342070532550	none	4210	2a42d973	512	224	0	4210
4430	5	12342083744800	none	4211	2a42d973	512	224	0	4211
4431	6	12342100964310	none	4212	2a42d973	512	224	0	4212
4432	7	12342118184900	none	4213	2a42d973	512	224	0	4213
4433	0	12342135432800	none	4214	2a42d973	512	224	0	4214
4434	1	12342152699160	none	4215	2a42d973	512	224	0	4215
4435	2	12342170061860	none	4216	2a42d973	512	224	0	4216
4436	3	12342187319470	none	4217	2a42d973	512	224	0	4217
4437	4	12342200640140	none	4218	2a42d973	512	224	0	4218
4438	5	12342217887290	none	4219	2a42d973	512	224	0	4219
4439	6	12342235156740	none	4220	2a42d973	512	224	0	4220
4440	7	12342252402550	none	4221	2a42d973	512	224	0	4221
4441	0	12342269681890	none	4222	2a42d973	512	224	0	4222
4442	1	12342286933710	none	4223	2a42d973	512	224	0	4223
4443	2	12342300287830	none	4224	2a42d973	512	224	0	4224
4444	3	12342317549230	none	4225	2a42d973	512	224	0	4225
4445	4	12342334964980	none	4226	2a42d973	512	224	0	4226
4446	5	12342352226990	none	4227	2a42d973	512	224	0	4227
4447	6	12342369479170	none	4228	2a42d973	512	224	0	4228
4448	7	12342386722450	none	4229	2a42d973	512	224	0	4229
4449	0	12342400056840	none	4230	2a42d973	512	224	0	4230
4450	1	12342417348520	none	4231	2a42d973	512	224	0	4231
4451	2	12342434828760	none	4232	2a42d973	512	224	0	4232
4452	3	12342452068970	none	4233	2a42d973	512	224	0	4233
4453	4	12342469339460	none	4234	2a42d973	512	224	0	4234
4454	5	12342486577840	none	4235	2a42d973	512	224	0	4235
4455	6	12342499854120	none	4236	2a42d973	512	224	0	4236
4456	7	12342517074320	none	4237	2a42d973	512	224	0	4237
4457	0	12342534322880	none	4238	2a42d973	512	224	0	4238
4458	1	12342551583950	none	4239	2a42d973	512	224	0	4239
4459	2	12342568818470	none	4240	2a42d973	512	224	0	4240
4460	3	12342586045640	none	4241	2a42d973	512	224	0	4241
4461	4	12342599421210	none	4242	2a42d973	512	224	0	4242
4462	5	12342616648070	none	4243	2a42d973	512	224	0	4243
4463	6	12342633955940	none	4244	2a42d973	512	224	0	4244
4464	7	12342651178780	none	4245	2a42d973	512	224	0	4245
4465	0	12342668402810	none	4246	2a42d973	512	224	0	4246
4466	1	12342685672470	none	4247	2a42d973	512	224	0	4247
4467	2	12342702889770	none	4248	2a42d973	512	224	0	4248
4468	3	12342716071430	none	4249	2a42d973	512	224	0	4249
4469	4	12342733473140	none	4250	2a42d973	512	224	0	4250
4470	5	12342750737680	none	4251	2a42d973	512	224	0	4251
4471	6	12342768086810	none	4252	2a42d973	512	224	0	4252
4472	7	12342785392300	none	4253	2a42d973	512	224	0	4253
4473	0	12342802750290	none	4254	2a42d973	512	224	0	4254
4474	1	12342815942140	none	4255	2a42d973	512	224	0	4255
4475	2	12342833198570	none	4256	2a42d973	512	224	0	4256
4476	3	12342850419160	none	4257	2a42d973	512	224	0	4257
4477	4	12342867662730	none	4258	2a42d973	512	224	0	4258
4478	5	12342884917640	none	4259	2a42d973	512	224	0	4259
4479	6	12342902304510	none	4260	2a42d973	512	224	0	4260
4480	7	12342915526090	none	4261	2a42d973	512	224	0	4261
4481	0	12342932833740	none	4262	2a42d973	512	224	0	4262
4482	1	12342950080360	none	4263	2a42d973	512	224	0	4263
4483	2	12342967305070	none	4264	2a42d973	512	224	0	4264
4484	3	12342984555140	none	4265	2a42d973	512	224	0	4265
4485	4	12343001794570	none	4266	2a42d973	512	224	0	4266
4486	5	12343019043190	none	4267	2a42d973	512	224	0	4267
4487	6	12343032256270	none	4268	2a42d973	512	224	0	4268
4488	7	12343049489190	none	4269	2a42d973	512	224	0	4269
4489	0	12343066791230	none	4270	2a42d973	512	224	0	4270
4490	1	12343084019290	none	4271	2a42d973	512	224	0	4271
4491	2	12343101258560	none	4272	2a42d973	512	224	0	4272
4492	3	12343118511720	none	4273	2a42d973	512	224	0	4273
4493	4	12343135896280	none	4274	2a42d973	512	224	0	4274
4494	5	12343149079060	none	4275	2a42d973	512	224	0	4275
4495	6	12343166298970	none	4276	2a42d973	512	224	0	4276
4496	7	12343183546050	none	4277	2a42d973	512	224	0	4277
4497	0	12343200780670	none	4278	2a42d973	512	224	0	4278
4498	1	12343218136540	none	4279	2a42d973	512	224	0	4279
4499	2	12343235350120	none	4280	2a42d973	512	224	0	4280
4500	3	12343248569250	none	4281	2a42d973	512	224	0	4281
4501	4	12343265803870	none	4282	2a42d973	512	224	0	4282
4502	5	12343283014250	none	4283	2a42d973	512	224	0	4283
4503	6	12343300348130	none	4284	2a42d973	512	224	0	4284
4504	7	12343317610910	none	4285	2a42d973	512	224	0	4285
4505	0	12343334903420	none	4286	2a42d973	512	224	0	4286
4506	1	12343352149190	none	4287	2a42d973	512	224	0	4287
4507	2	12343365334840	none	4288	2a42d973	512	224	0	4288
4508	3	12343382591280	none	4289	2a42d973	512	224	0	4289
4509	4	12343399842940	none	4290	2a42d973	512	224	0	4290
4510	5	12343417094800	none	4291	2a42d973	512	224	0	4291
4511	6	12343434315600	none	4292	2a42d973	512	224	0	4292
4512	7	12343451662970	none	4293	2a42d973	512	224	0	4293
4513	0	12343464902070	none	4294	2a42d973	512	224	0	4294
4514	1	12343482121960	none	4295	2a42d973	512	224	0	4295
4515	2	12343499332290	none	4296	2a42d973	512	224	0	4296
4516	3	12343516596030	none	4297	2a42d973	512	224	0	4297
4517	4	12343533835830	none	4298	2a42d973	512	224	0	4298
4518	5	12343551204660	none	4299	2a42d973	512	224	0	4299
4519	6	12343568458840	none	4300	2a42d973	512	224	0	4300
4520	7	12343581654540	none	4301	2a42d973	512	224	0	4301
4521	0	12343599008960	none	4302	2a42d973	512	224	0	4302
4522	1	12343616203600	none	4303	2a42d973	512	224	0	4303
4523	2	12343633451010	none	4304	2a42d973	512	224	0	4304
4524	3	12343650794890	none	4305	2a42d973	512	224	0	4305
4525	4	12343668025510	none	4306	2a42d973	512	224	0	4306
4526	5	12343681237430	none	4307	2a42d973	512	224	0	4307
4527	6	12343698476600	none	4308	2a42d973	512	224	0	4308
4528	7	12343715720810	none	4309	2a42d973	512	224	0	4309
4529	0	12343732944010	none	4310	2a42d973	512	224	0	4310
4530	1	12343750336520	none	4311	2a42d973	512	224	0	4311
4531	2	12343767585260	none	4312	2a42d973	512	224	0	4312
4532	3	12343780779150	none	4313	2a42d973	512	224	0	4313
4533	4	12343798008070	none	4314	2a42d973	512	224	0	4314
4534	5	12343815247220	none	4315	2a42d973	512	224	0	4315
4535	6	12343832482670	none	4316	2a42d973	512	224	0	4316
4536	7	12343849727350	none	4317	2a42d973	512	224	0	4317
4537	0	12343866972390	none	4318	2a42d973	512	224	0	4318
4538	1	12343884189550	none	4319	2a42d973	512	224	0	4319
4539	2	12343897416910	none	4320	2a42d973	512	224	0	4320
4540	3	12343914638270	none	4321	2a42d973	512	224	0	4321
4541	4	12343931976170	none	4322	2a42d973	512	224	0	4322
4542	5	12343949242510	none	4323	2a42d973	512	224	0	4323
4543	6	12343966493120	none	4324	2a42d973	512	224	0	4324
4544	7	12343983728010	none	4325	2a42d973	512	224	0	4325
4545	0	12344000999240	none	4326	2a42d973	512	224	0	4326
4546	1	12344014186360	none	4327	2a42d973	512	224	0	4327
4547	2	12344031408690	none	4328	2a42d973	512	224	0	4328
4548	3	12344048677180	none	4329	2a42d973	512	224	0	4329
4549	4	12344065910430	none	4330	2a42d973	512	224	0	4330
4550	5	12344083141780	none	4331	2a42d973	512	224	0	4331
4551	6	12344100387310	none	4332	2a42d973	512	224	0	4332
4552	7	12344113613940	none	4333	2a42d973	512	224	0	4333
4553	0	12344130983080	none	4334	2a42d973	512	224	0	4334
4554	1	12344148253060	none	4335	2a42d973	512	224	0	4335
4555	2	12344165487860	none	4336	2a42d973	512	224	0	4336
4556	3	12344182711320	none	4337	2a42d973	512	224	0	4337
4557	4	12344200007140	none	4338	2a42d973	512	224	0	4338
4558	5	12344217274300	none	4339	2a42d973	512	224	0	4339
4559	6	12344230504750	none	4340	2a42d973	512	224	0	4340
4560	7	12344247762240	none	4341	2a42d973	512	224	0	4341
4561	0	12344265108890	none	4342	2a42d973	512	224	0	4342
4562	1	12344282320490	none	4343	2a42d973	512	224	0	4343
4563	2	12344299660330	none	4344	2a42d973	512	224	0	4344
4564	3	12344316955660	none	4345	2a42d973	512	224	0	4345
4565	4	12344330152050	none	4346	2a42d973	512	224	0	4346
4566	5	12344347380220	none	4347	2a42d973	512	224	0	4347
4567	6	12344364631470	none	4348	2a42d973	512	224	0	4348
4568	7	12344381883300	none	4349	2a42d973	512	224	0	4349
4569	0	12344399305800	none	4350	2a42d973	512	224	0	4350
4570	1	12344416571870	none	4351	2a42d973	512	224	0	4351
4571	2	12344429773240	none	4352	2a42d973	512	224	0	4352
4572	3	12344446993940	none	4353	2a42d973	512	224	0	4353
4573	4	12344464246330	none	4354	2a42d973	512	224	0	4354
4574	5	12344481488980	none	4355	2a42d973	512	224	0	4355
4575	6	12344498860510	none	4356	2a42d973	512	224	0	4356
4576	7	12344516103220	none	4357	2a42d973	512	224	0	4357
4577	0	12344533323500	none	4358	2a42d973	512	224	0	4358
4578	1	12344546532840	none	4359	2a42d973	512	224	0	4359
4579	2	12344563763490	none	4360	2a42d973	512	224	0	4360
4580	3	12344581002820	none	4361	2a42d973	512	224	0	4361
4581	4	12344598402880	none	4362	2a42d973	512	224	0	4362
4582	5	12344615647350	none	4363	2a42d973	512	224	0	4363
4583	6	12344632889420	none	4364	2a42d973	512	224	0	4364
4584	7	12344646096420	none	4365	2a42d973	512	224	0	4365
4585	0	12344663364500	none	4366	2a42d973	512	224	0	4366
4586	1	12344680643160	none	4367	2a42d973	512	224	0	4367
4587	2	12344697891900	none	4368	2a42d973	512	224	0	4368
4588	3	12344715120070	none	4369	2a42d973	512	224	0	4369
4589	4	12344732359850	none	4370	2a42d973	512	224	0	4370
4590	5	12344749624860	none	4371	2a42d973	512	224	0	4371
4591	6	12344762824970	none	4372	2a42d973	512	224	0	4372
4592	7	12344780040080	none	4373	2a42d973	512	224	0	4373
4593	0	12344797432330	none	4374	2a42d973	512	224	0	4374
4594	1	12344814678850	none	4375	2a42d973	512	224	0	4375
4595	2	12344831925740	none	4376	2a42d973	512	224	0	4376
4596	3	12344849180790	none	4377	2a42d973	512	224	0	4377
4597	4	12344862392850	none	4378	2a42d973	512	224	0	4378
4598	5	12344879653840	none	4379	2a42d973	512	224	0	4379
4599	6	12344896887560	none	4380	2a42d973	512	224	0	4380
4600	7	12344914132250	none	4381	2a42d973	512	224	0	4381
4601	0	12344931466910	none	4382	2a42d973	512	224	0	4382
4602	1	12344948715920	none	4383	2a42d973	512	224	0	4383
4603	2	12344965958780	none	4384	2a42d973	512	224	0	4384
4604	3	12344979221810	none	4385	2a42d973	512	224	0	4385
4605	4	12344996490620	none	4386	2a42d973	512	224	0	4386
4606	5	12345013720760	none	4387	2a42d973	512	224	0	4387
4607	6	12345030938660	none	4388	2a42d973	512	224	0	4388
4608	7	12345048179010	none	4389	2a42d973	512	224	0	4389
4609	0	12345065448780	none	4390	2a42d973	512	224	0	4390
4610	1	12345078647120	none	4391	2a42d973	512	224	0	4391
4611	2	12345095935200	none	4392	2a42d973	512	224	0	4392
4612	3	12345113165320	none	4393	2a42d973	512	224	0	4393
4613	4	12345130412000	none	4394	2a42d973	512	224	0	4394
4614	5	12345147749460	none	4395	2a42d973	512	224	0	4395
4615	6	12345164983320	none	4396	2a42d973	512	224	0	4396
4616	7	12345182225060	none	4397	2a42d973	512	224	0	4397
4617	0	12345195503620	none	4398	2a42d973	512	224	0	4398
4618	1	12345212793550	none	4399	2a42d973	512	224	0	4399
4619	2	12345230027630	none	4400	2a42d973	512	224	0	4400
4620	3	12345247290160	none	4401	2a42d973	512	224	0	4401
4621	4	12345264540550	none	4402	2a42d973	512	224	0	4402
4622	5	12345281785250	none	4403	2a42d973	512	224	0	4403
4623	6	12345294974920	none	4404	2a42d973	512	224	0	4404
4624	7	12345312165870	none	4405	2a42d973	512	224	0	4405
4625	0	12345329498530	none	4406	2a42d973	512	224	0	4406
4626	1	12345346830010	none	4407	2a42d973	512	224	0	4407
4627	2	12345364049310	none	4408	2a42d973	512	224	0	4408
4628	3	12345381278460	none	4409	2a42d973	512	224	0	4409
4629	4	12345398539180	none	4410	2a42d973	512	224	0	4410
4630	5	12345411750940	none	4411	2a42d973	512	224	0	4411
4631	6	12345429040650	none	4412	2a42d973	512	224	0	4412
4632	7	12345446469810	none	4413	2a42d973	512	224	0	4413
4633	0	12345463782800	none	4414	2a42d973	512	224	0	4414
4634	1	12345481013850	none	4415	2a42d973	512	224	0	4415
4635	2	12345498304920	none	4416	2a42d973	512	224	0	4416
4636	3	12345511518970	none	4417	2a42d973	512	224	0	4417
4637	4	12345528757580	none	4418	2a42d973	512	224	0	4418
4638	5	12345546205480	none	4419	2a42d973	512	224	0	4419
4639	6	12345563480920	none	4420	2a42d973	512	224	0	4420
4640	7	12345580729610	none	4421	2a42d973	512	224	0	4421
4641	0	12345597960480	none	4422	2a42d973	512	224	0	4422
4642	1	12345611311940	none	4423	2a42d973	512	224	0	4423
4643	2	12345628559230	none	4424	2a42d973	512	224	0	4424
4644	3	12345645942960	none	4425	2a42d973	512	224	0	4425
4645	4	12345663217690	none	4426	2a42d973	512	224	0	4426
4646	5	12345680478210	none	4427	2a42d973	512	224	0	4427
4647	6	12345697705760	none	4428	2a42d973	512	224	0	4428
4648	7	12345714928820	none	4429	2a42d973	512	224	0	4429
4649	0	12345728148760	none	4430	2a42d973	512	224	0	4430
4650	1	12345745597720	none	4431	2a42d973	512	224	0	4431
4651	2	12345762950010	none	4432	2a42d973	512	224	0	4432
4652	3	12345780220600	none	4433	2a42d973	512	224	0	4433
4653	4	12345797472890	none	4434	2a42d973	512	224	0	4434
4654	5	12345814715800	none	4435	2a42d973	512	224	0	4435
4655	6	12345827896610	none	4436	2a42d973	512	224	0	4436
4656	7	12345845286900	none	4437	2a42d973	512	224	0	4437
4657	0	12345862592650	none	4438	2a42d973	512	224	0	4438
4658	1	12345879874930	none	4439	2a42d973	512	224	0	4439
4659	2	12345897104940	none	4440	2a42d973	512	224	0	4440
4660	3	12345914351940	none	4441	2a42d973	512	224	0	4441
4661	4	12345927571250	none	4442	2a42d973	512	224	0	4442
4662	5	12345944805000	none	4443	2a42d973	512	224	0	4443
4663	6	12345962018420	none	4444	2a42d973	512	224	0	4444
4664	7	12345979329680	none	4445	2a42d973	512	224	0	4445
4665	0	12345996612760	none	4446	2a42d973	512	224	0	4446
4666	1	12346013894680	none	4447	2a42d973	512	224	0	4447
4667	2	12346027078610	none	4448	2a42d973	512	224	0	4448
4668	3	12346044488950	none	4449	2a42d973	512	224	0	4449
4669	4	12346061743880	none	4450	2a42d973	512	224	0	4450
4670	5	12346079043800	none	4451	2a42d973	512	224	0	4451
4671	6	12346096317540	none	4452	2a42d973	512	224	0	4452
4672	7	12346113580370	none	4453	2a42d973	512	224	0	4453
4673	0	12346130817280	none	4454	2a42d973	512	224	0	4454
4674	1	12346144019480	none	4455	2a42d973	512	224	0	4455
4675	2	12346161261380	none	4456	2a42d973	512	224	0	4456
4676	3	12346178521460	none	4457	2a42d973	512	224	0	4457
4677	4	12346195956990	none	4458	2a42d973	512	224	0	4458
4678	5	12346213210700	none	4459	2a42d973	512	224	0	4459
4679	6	12346230460940	none	4460	2a42d973	512	224	0	4460
4680	7	12346243671280	none	4461	2a42d973	512	224	0	4461
4681	0	12346260941390	none	4462	2a42d973	512	224	0	4462
4682	1	12346278167220	none	4463	2a42d973	512	224	0	4463
4683	2	12346295425040	none	4464	2a42d973	512	224	0	4464
4684	3	12346312734770	none	4465	2a42d973	512	224	0	4465
4685	4	12346330190270	none	4466	2a42d973	512	224	0	4466
4686	5	12346343543240	none	4467	2a42d973	512	224	0	4467
4687	6	12346360772050	none	4468	2a42d973	512	224	0	4468
4688	7	12346377987110	none	4469	2a42d973	512	224	0	4469
4689	0	12346395243770	none	4470	2a42d973	512	224	0	4470
4690	1	12346412529940	none	4471	2a42d973	512	224	0	4471
4691	2	12346429786800	none	4472	2a42d973	512	224	0	4472
4692	3	12346447021190	none	4473	2a42d973	512	224	0	4473
4693	4	12346460245440	none	4474	2a42d973	512	224	0	4474
4694	5	12346477515730	none	4475	2a42d973	512	224	0	4475
4695	6	12346494756570	none	4476	2a42d973	512	224	0	4476
4696	7	12346511984290	none	4477	2a42d973	512	224	0	4477
4697	0	12346529333530	none	4478	2a42d973	512	224	0	4478
4698	1	12346546597270	none	4479	2a42d973	512	224	0	4479
4699	2	12346559892900	none	4480	2a42d973	512	224	0	4480
4700	3	12346577185660	none	4481	2a42d973	512	224	0	4481
4701	4	12346594433370	none	4482	2a42d973	512	224	0	4482
4702	5	12346611692560	none	4483	2a42d973	512	224	0	4483
4703	6	12346629103060	none	4484	2a42d973	512	224	0	4484
4704	7	12346646375710	none	4485	2a42d973	512	224	0	4485
4705	0	12346659718720	none	4486	2a42d973	512	224	0	4486
4706	1	12346676949270	none	4487	2a42d973	512	224	0	4487
4707	2	12346694193870	none	4488	2a42d973	512	224	0	4488
4708	3	12346711446100	none	4489	2a42d973	512	224	0	4489
4709	4	12346728695860	none	4490	2a42d973	512	224	0	4490
4710	5	12346745986730	none	4491	2a42d973	512	224	0	4491
4711	6	12346759419280	none	4492	2a42d973	512	224	0	4492
4712	7	12346776654150	none	4493	2a42d973	512	224	0	4493
4713	0	12346794066530	none	4494	2a42d973	512	224	0	4494
4714	1	12346811303510	none	4495	2a42d973	512	224	0	4495
4715	2	12346828549360	none	4496	2a42d973	512	224	0	4496
4716	3	12346845887680	none	4497	2a42d973	512	224	0	4497
4717	4	12346859111050	none	4498	2a42d973	512	224	0	4498
4718	5	12346876334080	none	4499	2a42d973	512	224	0	4499
4719	6	12346893594140	none	4500	2a42d973	512	224	0	4500
4720	7	12346910819610	none	4501	2a42d973	512	224	0	4501
4721	0	12346928106400	none	4502	2a42d973	512	224	0	4502
4722	1	12346945336540	none	4503	2a42d973	512	224	0	4503
4723	2	12346962748270	none	4504	2a42d973	512	224	0	4504
4724	3	12346975956860	none	4505	2a42d973	512	224	0	4505
4725	4	12346993213550	none	4506	2a42d973	512	224	0	4506
4726	5	12347010465430	none	4507	2a42d973	512	224	0	4507
4727	6	12347027694260	none	4508	2a42d973	512	224	0	4508
4728	7	12347044907480	none	4509	2a42d973	512	224	0	4509
4729	0	12347062344400	none	4510	2a42d973	512	224	0	4510
4730	1	12347075590110	none	4511	2a42d973	512	224	0	4511
4731	2	12347092897500	none	4512	2a42d973	512	224	0	4512
4732	3	12347110127470	none	4513	c64495f2	512	224	0	4513
4733	4	12347127381420	none	4514	a0b89393	512	224	0	4514
4734	5	12347144633240	none	4515	45d57335	512	224	0	4515
4735	6	12347161880570	none	4516	61a24c02	512	224	0	4516
4736	7	12347175195880	none	4517	993e4d49	512	224	0	4517
4737	0	12347192577040	none	4518	126ae280	512	224	0	4518
4738	1	12347209930020	none	4519	1f2e96ee	512	224	0	4519
4739	2	12347227167010	none	4520	7e33b15b	512	224	0	4520
4740	3	12347244409580	none	4521	bfa2a520	512	224	0	4521
4741	4	12347261738660	none	4522	da389363	512	224	0	4522
4742	5	12347275006210	none	4523	92228178	512	224	0	4523
4743	6	12347292256080	none	4524	fb220638	512	224	0	4524
4744	7	12347309521780	none	4525	d8cc47c8	512	224	0	4525
4745	0	12347326813570	none	4526	e9adcfa5	512	224	0	4526
4746	1	12347344093580	none	4527	1c1667b0	512	224	0	4527
4747	2	12347361572680	none	4528	f973defc	512	224	0	4528
4748	3	12347374917100	none	4529	56a31bcd	512	224	0	4529
4749	4	12347392149340	none	4530	01e699fb	512	224	0	4530
4750	5	12347409403270	none	4531	1cff78cb	512	224	0	4531
4751	6	12347426740810	none	4532	22c3a86e	512	224	0	4532
4752	7	12347444154710	none	4533	a205ee80	512	224	0	4533
4753	0	12347461919580	none	4534	5cb303ff	512	224	0	4534
4754	1	12347475228150	none	4535	33d9d45a	512	224	0	4535
4755	2	12347492542220	none	4536	e7de91a9	512	224	0	4536
4756	3	12347509769130	none	4537	c60dc2ed	512	224	0	4537
4757	4	12347527130960	none	4538	a8cc1eee	512	224	0	4538
4758	5	12347544382710	none	4539	9f69a6cd	512	224	0	4539
4759	6	12347561749380	none	4540	a5d4ffe8	512	224	0	4540
4760	7	12347575135900	none	4541	b997ac21	512	224	0	4541
4761	0	12347592427030	none	4542	c1f5f709	512	224	0	4542
4762	1	12347609703260	none	4543	dbe7d547	512	224	0	4543
4763	2	12347627109640	none	4544	dbe7d547	512	224	0	4544
4764	3	12347644402340	none	4545	dbe7d547	512	224	0	4545
4765	4	12347657696330	none	4546	dbe7d547	512	224	0	4546
4766	5	12347674927670	none	4547	dbe7d547	512	224	0	4547
4767	6	12347692221340	none	4548	dbe7d547	512	224	0	4548
4768	7	12347709472400	none	4549	9695007c	512	224	0	4549
4769	0	12347726751570	none	4550	ca07b420	512	224	0	4550
4770	1	12347743985630	none	4551	b408ce76	512	224	0	4551
4771	2	12347761231990	none	4552	f112fd01	512	224	0	4552
4772	3	12347774447920	none	4553	3a00e529	512	224	0	4553
4773	4	12347791675940	none	4554	de88d606	512	224	0	4554
4774	5	12347808886180	none	4555	fced1278	512	224	0	4555
4775	6	12347826110990	none	4556	8b3ef9bb	512	224	0	4556
4776	7	12347843354120	none	4557	33498701	512	224	0	4557
4777	0	12347860714960	none	4558	e86cba96	512	224	0	4558
4778	1	12347877949830	none	4559	43f508cb	512	224	0	4559
4779	2	12347891156220	none	4560	afe72324	512	224	0	4560
4780	3	12347908379130	none	4561	5190cb71	512	224	0	4561
4781	4	12347925608280	none	4562	3ee1640e	512	224	0	4562
4782	5	12347942826360	none	4563	d747da9d	512	224	0	4563
4783	6	12347960216930	none	4564	0effeff6	512	224	0	4564
4784	7	12347977464550	none	4565	0effeff6	512	224	0	4565
4785	0	12347990685440	none	4566	0effeff6	512	224	0	4566
4786	1	12348007946690	none	4567	0effeff6	512	224	0	4567
4787	2	12348025138130	none	4568	0effeff6	512	224	0	4568
4788	3	12348042344330	none	4569	0effeff6	512	224	0	4569
4789	4	12348059592570	none	4570	0effeff6	512	224	0	4570
4790	5	12348076824210	none	4571	0effeff6	512	224	0	4571
4791	6	12348094062300	none	4572	0effeff6	512	224	0	4572
4792	7	12348107284170	none	4573	0effeff6	512	224	0	4573
4793	0	12348124538180	none	4574	0effeff6	512	224	0	4574
4794	1	12348141751180	none	4575	0effeff6	512	224	0	4575
4795	2	12348158972290	none	4576	0effeff6	512	224	0	4576
4796	3	12348176207250	none	4577	0effeff6	512	224	0	4577
4797	4	12348193450960	none	4578	0effeff6	512	224	0	4578
4798	5	12348210702010	none	4579	0effeff6	512	224	0	4579
4799	6	12348223908180	none	4580	0effeff6	512	224	0	4580
4800	7	12348241134120	none	4581	0effeff6	512	224	0	4581
4801	0	12348258350100	none	4582	0effeff6	512	224	0	4582
4802	1	12348275603190	none	4583	0effeff6	512	224	0	4583
4803	2	12348292877020	none	4584	0effeff6	512	224	0	4584
4804	3	12348310103870	none	4585	0effeff6	512	224	0	4585
4805	4	12348323276200	none	4586	0effeff6	512	224	0	4586
4806	5	12348340512340	none	4587	0effeff6	512	224	0	4587
4807	6	12348357743910	none	4588	0effeff6	512	224	0	4588
4808	7	12348375156380	none	4589	0effeff6	512	224	0	4589
4809	0	12348392522560	none	4590	0effeff6	512	224	0	4590
4810	1	12348409851980	none	4591	0effeff6	512	224	0	4591
4811	2	12348427077110	none	4592	0effeff6	512	224	0	4592
4812	3	12348440257610	none	4593	0effeff6	512	224	0	4593
4813	4	12348457499480	none	4594	0effeff6	512	224	0	4594
4814	5	12348474745540	none	4595	0effeff6	512	224	0	4595
4815	6	12348491950430	none	4596	0effeff6	512	224	0	4596
4816	7	12348509350680	none	4597	0effeff6	512	224	0	4597
4817	0	12348526585120	none	4598	0effeff6	512	224	0	4598
4818	1	12348539804140	none	4599	0effeff6	512	224	0	4599
4819	2	12348557029670	none	4600	0effeff6	512	224	0	4600
4820	3	12348574240330	none	4601	0effeff6	512	224	0	4601
4821	4	12348591531870	none	4602	0effeff6	512	224	0	4602
4822	5	12348608838940	none	4603	0effeff6	512	224	0	4603
4823	6	12348626059330	none	4604	0effeff6	512	224	0	4604
4824	7	12348643372810	none	4605	0effeff6	512	224	0	4605
4825	0	12348656556050	none	4606	0effeff6	512	224	0	4606
4826	1	12348673775470	none	4607	0effeff6	512	224	0	4607
4827	2	12348690990000	none	4608	0effeff6	512	224	0	4608
4828	3	12348708385250	none	4609	0effeff6	512	224	0	4609
4829	4	12348725631900	none	4610	0effeff6	512	224	0	4610
4830	5	12348742843630	none	4611	0effeff6	512	224	0	4611
4831	6	12348756028990	none	4612	0effeff6	512	224	0	4612
4832	7	12348773210340	none	4613	0effeff6	512	224	0	4613
4833	0	12348790485020	none	4614	0effeff6	512	224	0	4614
4834	1	12348807700870	none	4615	0effeff6	512	224	0	4615
4835	2	12348824940740	none	4616	0effeff6	512	224	0	4616
4836	3	12348842155010	none	4617	0effeff6	512	224	0	4617
4837	4	12348859392410	none	4618	0effeff6	512	224	0	4618
4838	5	12348872598100	none	4619	0effeff6	512	224	0	4619
4839	6	12348889802500	none	4620	0effeff6	512	224	0	4620
4840	7	12348907132570	none	4621	0effeff6	512	224	0	4621
4841	0	12348924372600	none	4622	0effeff6	512	224	0	4622
4842	1	12348941601760	none	4623	0effeff6	512	224	0	4623
4843	2	12348958811450	none	4624	0effeff6	512	224	0	4624
4844	3	12348976100770	none	4625	0effeff6	512	224	0	4625
4845	4	12348989292650	none	4626	0effeff6	512	224	0	4626
4846	5	12349006524880	none	4627	0effeff6	512	224	0	4627
4847	6	12349023743150	none	4628	0effeff6	512	224	0	4628
4848	7	12349040960690	none	4629	0effeff6	512	224	0	4629
4849	0	12349058239900	none	4630	0effeff6	512	224	0	4630
4850	1	12349075572680	none	4631	0effeff6	512	224	0	4631
4851	2	12349088763170	none	4632	0effeff6	512	224	0	4632
4852	3	12349106023210	none	4633	0effeff6	512	224	0	4633
4853	4	12349123205210	none	4634	0effeff6	512	224	0	4634
4854	5	12349140479750	none	4635	0effeff6	512	224	0	4635
4855	6	12349157821680	none	4636	0effeff6	512	224	0	4636
4856	7	12349175082490	none	4637	0effeff6	512	224	0	4637
4857	0	12349192320090	none	4638	0effeff6	512	224	0	4638
4858	1	12349205515640	none	4639	0effeff6	512	224	0	4639
4859	2	12349222727760	none	4640	0effeff6	512	224	0	4640
4860	3	12349239916000	none	4641	0effeff6	512	224	0	4641
4861	4	12349257297770	none	4642	0effeff6	512	224	0	4642
4862	5	12349274545010	none	4643	0effeff6	512	224	0	4643
4863	6	12349291773290	none	4644	0effeff6	512	224	0	4644
4864	7	12349309012690	none	4645	0effeff6	512	224	0	4645
4865	0	12349322177690	none	4646	0effeff6	512	224	0	4646
4866	1	12349339410130	none	4647	0effeff6	512	224	0	4647
4867	2	12349356641130	none	4648	0effeff6	512	224	0	4648
4868	3	12349373941150	none	4649	0effeff6	512	224	0	4649
4869	4	12349391194700	none	4650	0effeff6	512	224	0	4650
4870	5	12349408437400	none	4651	0effeff6	512	224	0	4651
4871	6	12349421621390	none	4652	0effeff6	512	224	0	4652
4872	7	12349438938070	none	4653	0effeff6	512	224	0	4653
4873	0	12349456340260	none	4654	0effeff6	512	224	0	4654
4874	1	12349473583690	none	4655	0effeff6	512	224	0	4655
4875	2	12349490843160	none	4656	0effeff6	512	224	0	4656
4876	3	12349508066660	none	4657	0effeff6	512	224	0	4657
4877	4	12349525285930	none	4658	0effeff6	512	224	0	4658
4878	5	12349538488510	none	4659	0effeff6	512	224	0	4659
4879	6	12349555710970	none	4660	0effeff6	512	224	0	4660
4880	7	12349572916730	none	4661	0effeff6	512	224	0	4661
4881	0	12349590277980	none	4662	0effeff6	512	224	0	4662
4882	1	12349607514830	none	4663	0effeff6	512	224	0	4663
4883	2	12349624737380	none	4664	0effeff6	512	224	0	4664
4884	3	12349638081290	none	4665	0effeff6	512	224	0	4665
4885	4	12349655311800	none	4666	0effeff6	512	224	0	4666
4886	5	12349672550380	none	4667	0effeff6	512	224	0	4667
4887	6	12349689876490	none	4668	0effeff6	512	224	0	4668
4888	7	12349707167730	none	4669	0effeff6	512	224	0	4669
4889	0	12349724455330	none	4670	0effeff6	512	224	0	4670
4890	1	12349737654010	none	4671	0effeff6	512	224	0	4671
4891	2	12349754856320	none	4672	0effeff6	512	224	0	4672
4892	3	12349772140810	none	4673	0effeff6	512	224	0	4673
4893	4	12349789396470	none	4674	0effeff6	512	224	0	4674
4894	5	12349806630670	none	4675	0effeff6	512	224	0	4675
4895	6	12349823851120	none	4676	0effeff6	512	224	0	4676
4896	7	12349841141010	none	4677	0effeff6	512	224	0	4677
4897	0	12349854341480	none	4678	0effeff6	512	224	0	4678
4898	1	12349871567030	none	4679	0effeff6	512	224	0	4679
4899	2	12349888879610	none	4680	0effeff6	512	224	0	4680
4900	3	12349906146910	none	4681	0effeff6	512	224	0	4681
4901	4	12349923374340	none	4682	0effeff6	512	224	0	4682
4902	5	12349940603400	none	4683	0effeff6	512	224	0	4683
4903	6	12349957827020	none	4684	0effeff6	512	224	0	4684
4904	7	12349971191900	none	4685	0effeff6	512	224	0	4685
4905	0	12349988446510	none	4686	0effeff6	512	224	0	4686
4906	1	12350005778450	none	4687	0effeff6	512	224	0	4687
4907	2	12350023003560	none	4688	0effeff6	512	224	0	4688
4908	3	12350040219420	none	4689	0effeff6	512	224	0	4689
4909	4	12350057449680	none	4690	0effeff6	512	224	0	4690
4910	5	12350070658910	none	4691	0effeff6	512	224	0	4691
4911	6	12350087870210	none	4692	0effeff6	512	224	0	4692
4912	7	12350105279980	none	4693	0effeff6	512	224	0	4693
4913	0	12350122521650	none	4694	0effeff6	512	224	0	4694
4914	1	12350139742120	none	4695	0effeff6	512	224	0	4695
4915	2	12350157003640	none	4696	0effeff6	512	224	0	4696
4916	3	12350174221850	none	4697	0effeff6	512	224	0	4697
4917	4	12350187500350	none	4698	0effeff6	512	224	0	4698
4918	5	12350204822770	none	4699	0effeff6	512	224	0	4699
4919	6	12350222042360	none	4700	0effeff6	512	224	0	4700
4920	7	12350239369740	none	4701	0effeff6	512	224	0	4701
4921	0	12350256612110	none	4702	0effeff6	512	224	0	4702
4922	1	12350273835000	none	4703	0effeff6	512	224	0	4703
4923	2	12350287020340	none	4704	0effeff6	512	224	0	4704
4924	3	12350304412050	none	4705	0effeff6	512	224	0	4705
4925	4	12350321635220	none	4706	0effeff6	512	224	0	4706
4926	5	12350338846290	none	4707	0effeff6	512	224	0	4707
4927	6	12350356076940	none	4708	0effeff6	512	224	0	4708
4928	7	12350373308950	none	4709	0effeff6	512	224	0	4709
4929	0	12350390555040	none	4710	0effeff6	512	224	0	4710
4930	1	12350403734510	none	4711	0effeff6	512	224	0	4711
4931	2	12350420947460	none	4712	0effeff6	512	224	0	4712
4932	3	12350438169300	none	4713	0effeff6	512	224	0	4713
4933	4	12350455419610	none	4714	0effeff6	512	224	0	4714
4934	5	12350472643080	none	4715	0effeff6	512	224	0	4715
4935	6	12350489847670	none	4716	0effeff6	512	224	0	4716
4936	7	12350503142270	none	4717	0effeff6	512	224	0	4717
4937	0	12350520380730	none	4718	0effeff6	512	224	0	4718
4938	1	12350537600010	none	4719	0effeff6	512	224	0	4719
4939	2	12350554896490	none	4720	0effeff6	512	224	0	4720
4940	3	12350572142440	none	4721	0effeff6	512	224	0	4721
4941	4	12350589397570	none	4722	0effeff6	512	224	0	4722
4942	5	12350606637760	none	4723	0effeff6	512	224	0	4723
4943	6	12350619893370	none	4724	0effeff6	512	224	0	4724
4944	7	12350637136880	none	4725	0effeff6	512	224	0	4725
4945	0	12350654381600	none	4726	0effeff6	512	224	0	4726
4946	1	12350671620250	none	4727	0effeff6	512	224	0	4727
4947	2	12350688832980	none	4728	0effeff6	512	224	0	4728
4948	3	12350706059760	none	4729	0effeff6	512	224	0	4729
4949	4	12350719401330	none	4730	0effeff6	512	224	0	4730
4950	5	12350736700290	none	4731	0effeff6	512	224	0	4731
4951	6	12350754005860	none	4732	0effeff6	512	224	0	4732
4952	7	12350771263530	none	4733	0effeff6	512	224	0	4733
4953	0	12350788494180	none	4734	0effeff6	512	224	0	4734
4954	1	12350805707820	none	4735	0effeff6	512	224	0	4735
4955	2	12350822907740	none	4736	0effeff6	512	224	0	4736
4956	3	12350836095240	none	4737	0effeff6	512	224	0	4737
4957	4	12350853463830	none	4738	0effeff6	512	224	0	4738
4958	5	12350870690320	none	4739	0effeff6	512	224	0	4739
4959	6	12350887928450	none	4740	0effeff6	512	224	0	4740
4960	7	12350905159990	none	4741	0effeff6	512	224	0	4741
4961	0	12350922397920	none	4742	0effeff6	512	224	0	4742
4962	1	12350939627620	none	4743	0effeff6	512	224	0	4743
4963	2	12350952810060	none	4744	0effeff6	512	224	0	4744
4964	3	12350970022680	none	4745	0effeff6	512	224	0	4745
4965	4	12350987226520	none	4746	0effeff6	512	224	0	4746
4966	5	12351004506520	none	4747	0effeff6	512	224	0	4747
4967	6	12351021751950	none	4748	0effeff6	512	224	0	4748
4968	7	12351039036540	none	4749	0effeff6	512	224	0	4749
4969	0	12351052257580	none	4750	0effeff6	512	224	0	4750
4970	1	12351069492960	none	4751	0effeff6	512	224	0	4751
4971	2	12351086729490	none	4752	0effeff6	512	224	0	4752
4972	3	12351104012160	none	4753	0effeff6	512	224	0	4753
4973	4	12351121232630	none	4754	0effeff6	512	224	0	4754
4974	5	12351138539470	none	4755	0effeff6	512	224	0	4755
4975	6	12351155882570	none	4756	0effeff6	512	224	0	4756
4976	7	12351169150050	none	4757	0effeff6	512	224	0	4757
4977	0	12351186392820	none	4758	0effeff6	512	224	0	4758
4978	1	12351203620690	none	4759	0effeff6	512	224	0	4759
4979	2	12351220827360	none	4760	0effeff6	512	224	0	4760
4980	3	12351238129330	none	4761	0effeff6	512	224	0	4761
4981	4	12351255377820	none	4762	0effeff6	512	224	0	4762
4982	5	12351268659260	none	4763	0effeff6	512	224	0	4763
4983	6	12351285887680	none	4764	0effeff6	512	224	0	4764
4984	7	12351303160270	none	4765	0effeff6	512	224	0	4765
4985	0	12351320483060	none	4766	0effeff6	512	224	0	4766
4986	1	12351337689000	none	4767	0effeff6	512	224	0	4767
4987	2	12351354882050	none	4768	0effeff6	512	224	0	4768
4988	3	12351372271810	none	4769	0effeff6	512	224	0	4769
4989	4	12351385477680	none	4770	0effeff6	512	224	0	4770
4990	5	12351402796850	none	4771	0effeff6	512	224	0	4771
4991	6	12351420029840	none	4772	0effeff6	512	224	0	4772
4992	7	12351437253160	none	4773	0effeff6	512	224	0	4773
4993	0	12351454484100	none	4774	0effeff6	512	224	0	4774
4994	1	12351471784490	none	4775	0effeff6	512	224	0	4775
4995	2	12351484946380	none	4776	0effeff6	512	224	0	4776
4996	3	12351502178930	none	4777	0effeff6	512	224	0	4777
4997	4	12351519422050	none	4778	0effeff6	512	224	0	4778
4998	5	12351536693880	none	4779	0effeff6	512	224	0	4779
4999	6	12351553908780	none	4780	0effeff6	512	224	0	4780
5000	7	12351571319940	none	4781	0effeff6	512	224	0	4781
5001	0	12351588590680	none	4782	0effeff6	512	224	0	4782
5002	1	12351601767460	none	4783	0effeff6	512	224	0	4783
5003	2	12351619015640	none	4784	0effeff6	512	224	0	4784
5004	3	12351636224710	none	4785	0effeff6	512	224	0	4785
5005	4	12351653464860	none	4786	0effeff6	512	224	0	4786
5006	5	12351670688620	none	4787	0effeff6	512	224	0	4787
5007	6	12351687905700	none	4788	0effeff6	512	224	0	4788
5008	7	12351701105310	none	4789	0effeff6	512	224	0	4789
5009	0	12351718342800	none	4790	0effeff6	512	224	0	4790
5010	1	12351735579100	none	4791	0effeff6	512	224	0	4791
5011	2	12351752799710	none	4792	0effeff6	512	224	0	4792
5012	3	12351770051140	none	4793	0effeff6	512	224	0	4793
5013	4	12351787266170	none	4794	0effeff6	512	224	0	4794
5014	5	12351804502200	none	4795	0effeff6	512	224	0	4795
5015	6	12351817782320	none	4796	0effeff6	512	224	0	4796
5016	7	12351835021980	none	4797	0effeff6	512	224	0	4797
5017	0	12351852253710	none	4798	0effeff6	512	224	0	4798
5018	1	12351869497790	none	4799	0effeff6	512	224	0	4799
5019	2	12351886727570	none	4800	0effeff6	512	224	0	4800
5020	3	12351903939920	none	4801	0effeff6	512	224	0	4801
5021	4	12351921230850	none	4802	0effeff6	512	224	0	4802
5022	5	12351934433100	none	4803	0effeff6	512	224	0	4803
5023	6	12351951653870	none	4804	0effeff6	512	224	0	4804
5024	7	12351968857450	none	4805	0effeff6	512	224	0	4805
5025	0	12351986136450	none	4806	0effeff6	512	224	0	4806
5026	1	12352003375910	none	4807	0effeff6	512	224	0	4807
5027	2	12352020701390	none	4808	0effeff6	512	224	0	4808
5028	3	12352033909440	none	4809	0effeff6	512	224	0	4809
5029	4	12352051147380	none	4810	0effeff6	512	224	0	4810
5030	5	12352068380540	none	4811	0effeff6	512	224	0	4811
5031	6	12352085603840	none	4812	0effeff6	512	224	0	4812
5032	7	12352102937100	none	4813	0effeff6	512	224	0	4813
5033	0	12352120341350	none	4814	0effeff6	512	224	0	4814
5034	1	12352137572600	none	4815	0effeff6	512	224	0	4815
5035	2	12352150767540	none	4816	0effeff6	512	224	0	4816
5036	3	12352168005780	none	4817	0effeff6	512	224	0	4817
5037	4	12352185220400	none	4818	0effeff6	512	224	0	4818
5038	5	12352202460720	none	4819	0effeff6	512	224	0	4819
5039	6	12352219691060	none	4820	0effeff6	512	224	0	4820
5040	7	12352236899300	none	4821	0effeff6	512	224	0	4821
5041	0	12352254158800	none	4822	0effeff6	512	224	0	4822
5042	1	12352267392000	none	4823	0effeff6	512	224	0	4823
5043	2	12352284617530	none	4824	0effeff6	512	224	0	4824
5044	3	12352301832620	none	4825	0effeff6	512	224	0	4825
5045	4	12352319220330	none	4826	0effeff6	512	224	0	4826
5046	5	12352336465280	none	4827	0effeff6	512	224	0	4827
5047	6	12352353687370	none	4828	0effeff6	512	224	0	4828
5048	7	12352367024030	none	4829	0effeff6	512	224	0	4829
5049	0	12352384278670	none	4830	0effeff6	512	224	0	4830
5050	1	12352401503170	none	4831	0effeff6	512	224	0	4831
5051	2	12352418717550	none	4832	0effeff6	512	224	0	4832
5052	3	12352435908020	none	4833	0effeff6	512	224	0	4833
5053	4	12352453165540	none	4834	0effeff6	512	224	0	4834
5054	5	12352466476930	none	4835	0effeff6	512	224	0	4835
5055	6	12352484005530	none	4836	0effeff6	512	224	0	4836
5056	7	12352501238000	none	4837	0effeff6	512	224	0	4837
5057	0	12352518495500	none	4838	0effeff6	512	224	0	4838
5058	1	12352535732440	none	4839	0effeff6	512	224	0	4839
5059	2	12352552964400	none	4840	0effeff6	512	224	0	4840
5060	3	12352570192500	none	4841	0effeff6	512	224	0	4841
5061	4	12352583430640	none	4842	0effeff6	512	224	0	4842
5062	5	12352600668850	none	4843	0effeff6	512	224	0	4843
5063	6	12352617873030	none	4844	0effeff6	512	224	0	4844
5064	7	12352635156570	none	4845	0effeff6	512	224	0	4845
5065	0	12352652392390	none	4846	0effeff6	512	224	0	4846
5066	1	12352669738640	none	4847	0effeff6	512	224	0	4847
5067	2	12352682910620	none	4848	0effeff6	512	224	0	4848
5068	3	12352700144580	none	4849	0effeff6	512	224	0	4849
5069	4	12352717381930	none	4850	0effeff6	512	224	0	4850
5070	5	12352734606900	none	4851	0effeff6	512	224	0	4851
5071	6	12352751882420	none	4852	0effeff6	512	224	0	4852
5072	7	12352769133030	none	4853	0effeff6	512	224	0	4853
5073	0	12352786398820	none	4854	0effeff6	512	224	0	4854
5074	1	12352799617340	none	4855	0effeff6	512	224	0	4855
5075	2	12352816822700	none	4856	0effeff6	512	224	0	4856
5076	3	12352834144130	none	4857	0effeff6	512	224	0	4857
5077	4	12352851380250	none	4858	0effeff6	512	224	0	4858
5078	5	12352868711480	none	4859	0effeff6	512	224	0	4859
5079	6	12352885972070	none	4860	0effeff6	512	224	0	4860
5080	7	12352899166230	none	4861	0effeff6	512	224	0	4861
5081	0	12352916396630	none	4862	0effeff6	512	224	0	4862
5082	1	12352933621750	none	4863	0effeff6	512	224	0	4863
5083	2	12352950833650	none	4864	0effeff6	512	224	0	4864
5084	3	12352968232050	none	4865	0effeff6	512	224	0	4865
5085	4	12352985477450	none	4866	0effeff6	512	224	0	4866
5086	5	12353002701750	none	4867	0effeff6	512	224	0	4867
5087	6	12353015979230	none	4868	0effeff6	512	224	0	4868
5088	7	12353033175110	none	4869	0effeff6	512	224	0	4869
5089	0	12353050418450	none	4870	0effeff6	512	224	0	4870
5090	1	12353067636630	none	4871	0effeff6	512	224	0	4871
5091	2	12353084952250	none	4872	0effeff6	512	224	0	4872
5092	3	12353102151590	none	4873	0effeff6	512	224	0	4873
5093	4	12353119407300	none	4874	0effeff6	512	224	0	4874
5094	5	12353132591710	none	4875	0effeff6	512	224	0	4875
5095	6	12353149793900	none	4876	0effeff6	512	224	0	4876
5096	7	12353167263360	none	4877	0effeff6	512	224	0	4877
5097	0	12353184509640	none	4878	0effeff6	512	224	0	4878
5098	1	12353201728020	none	4879	0effeff6	512	224	0	4879
5099	2	12353219018030	none	4880	0effeff6	512	224	0	4880
5100	3	12353232225480	none	4881	0effeff6	512	224	0	4881
5101	4	12353249452650	none	4882	0effeff6	512	224	0	4882
5102	5	12353266670820	none	4883	0effeff6	512	224	0	4883
5103	6	12353283882860	none	4884	0effeff6	512	224	0	4884
5104	7	12353301121400	none	4885	0effeff6	512	224	0	4885
5105	0	12353318344330	none	4886	0effeff6	512	224	0	4886
5106	1	12353335580590	none	4887	0effeff6	512	224	0	4887
5107	2	12353348769120	none	4888	0effeff6	512	224	0	4888
5108	3	12353365990960	none	4889	0effeff6	512	224	0	4889
5109	4	12353383209030	none	4890	0effeff6	512	224	0	4890
5110	5	12353400442000	none	4891	0effeff6	512	224	0	4891
5111	6	12353417763790	none	4892	0effeff6	512	224	0	4892
5112	7	12353434995470	none	4893	0effeff6	512	224	0	4893
5113	0	12353448204250	none	4894	0effeff6	512	224	0	4894
5114	1	12353465446790	none	4895	0effeff6	512	224	0	4895
5115	2	12353482653610	none	4896	0effeff6	512	224	0	4896
5116	3	12353499892620	none	4897	0effeff6	512	224	0	4897
5117	4	12353517277240	none	4898	0effeff6	512	224	0	4898
5118	5	12353534509590	none	4899	0effeff6	512	224	0	4899
5119	6	12353551741110	none	4900	0effeff6	512	224	0	4900
5120	7	12353564898510	none	4901	0effeff6	512	224	0	4901
5121	0	12353582134400	none	4902	0effeff6	512	224	0	4902
5122	1	12353599360320	none	4903	0effeff6	512	224	0	4903
5123	2	12353616763620	none	4904	0effeff6	512	224	0	4904
5124	3	12353634004740	none	4905	0effeff6	512	224	0	4905
5125	4	12353651225520	none	4906	0effeff6	512	224	0	4906
5126	5	12353668468960	none	4907	0effeff6	512	224	0	4907
5127	6	12353681650410	none	4908	0effeff6	512	224	0	4908
5128	7	12353698954860	none	4909	0effeff6	512	224	0	4909
5129	0	12353716347800	none	4910	0effeff6	512	224	0	4910
5130	1	12353733586700	none	4911	0effeff6	512	224	0	4911
5131	2	12353750814970	none	4912	0effeff6	512	224	0	4912
5132	3	12353768118980	none	4913	0effeff6	512	224	0	4913
5133	4	12353781320860	none	4914	0effeff6	512	224	0	4914
5134	5	12353798546970	none	4915	0effeff6	512	224	0	4915
5135	6	12353815771180	none	4916	0effeff6	512	224	0	4916
5136	7	12353832997820	none	4917	0effeff6	512	224	0	4917
5137	0	12353850228070	none	4918	0effeff6	512	224	0	4918
5138	1	12353867478090	none	4919	0effeff6	512	224	0	4919
5139	2	12353884688730	none	4920	0effeff6	512	224	0	4920
5140	3	12353898038040	none	4921	0effeff6	512	224	0	4921
5141	4	12353915264230	none	4922	0effeff6	512	224	0	4922
5142	5	12353932495450	none	4923	0effeff6	512	224	0	4923
5143	6	12353949717920	none	4924	0effeff6	512	224	0	4924
5144	7	12353967051770	none	4925	0effeff6	512	224	0	4925
5145	0	12353984303060	none	4926	0effeff6	512	224	0	4926
5146	1	12353997503660	none	4927	0effeff6	512	224	0	4927
5147	2	12354014728310	none	4928	0effeff6	512	224	0	4928
5148	3	12354031939210	none	4929	0effeff6	512	224	0	4929
5149	4	12354049164480	none	4930	0effeff6	512	224	0	4930
5150	5	12354066427270	none	4931	0effeff6	512	224	0	4931
5151	6	12354083651860	none	4932	0effeff6	512	224	0	4932
5152	7	12354100862590	none	4933	0effeff6	512	224	0	4933
5153	0	12354114064400	none	4934	0effeff6	512	224	0	4934
5154	1	12354131296900	none	4935	0effeff6	512	224	0	4935
5155	2	12354148525800	none	4936	0effeff6	512	224	0	4936
5156	3	12354165823270	none	4937	0effeff6	512	224	0	4937
5157	4	12354183070270	none	4938	0effeff6	512	224	0	4938
5158	5	12354200310500	none	4939	0effeff6	512	224	0	4939
5159	6	12354217552700	none	4940	0effeff6	512	224	0	4940
5160	7	12354230766380	none	4941	0effeff6	512	224	0	4941
5161	0	12354247974900	none	4942	0effeff6	512	224	0	4942
5162	1	12354265349220	none	4943	0effeff6	512	224	0	4943
5163	2	12354282594320	none	4944	0effeff6	512	224	0	4944
5164	3	12354299814410	none	4945	0effeff6	512	224	0	4945
5165	4	12354317153890	none	4946	0effeff6	512	224	0	4946
5166	5	12354330483500	none	4947	0effeff6	512	224	0	4947
5167	6	12354347692250	none	4948	0effeff6	512	224	0	4948
5168	7	12354364959510	none	4949	0effeff6	512	224	0	4949
5169	0	12354382197180	none	4950	0effeff6	512	224	0	4950
5170	1	12354399431410	none	4951	0effeff6	512	224	0	4951
5171	2	12354416653620	none	4952	0effeff6	512	224	0	4952
5172	3	12354433880440	none	4953	0effeff6	512	224	0	4953
5173	4	12354447063750	none	4954	0effeff6	512	224	0	4954
5174	5	12354464442580	none	4955	0effeff6	512	224	0	4955
5175	6	12354481670910	none	4956	0effeff6	512	224	0	4956
5176	7	12354499261730	none	4957	0effeff6	512	224	0	4957
5177	0	12354516800450	none	4958	0effeff6	512	224	0	4958
5178	1	12354530357490	none	4959	0effeff6	512	224	0	4959
5179	2	12354547679410	none	4960	0effeff6	512	224	0	4960
5180	3	12354565147570	none	4961	0effeff6	512	224	0	4961
5181	4	12354582477410	none	4962	0effeff6	512	224	0	4962
5182	5	12354599800960	none	4963	0effeff6	512	224	0	4963
5183	6	12354613184030	none	4964	0effeff6	512	224	0	4964
5184	7	12354630459240	none	4965	0effeff6	512	224	0	4965
5185	0	12354647729290	none	4966	0effeff6	512	224	0	4966
5186	1	12354665070400	none	4967	0effeff6	512	224	0	4967
5187	2	12354682340790	none	4968	0effeff6	512	224	0	4968
5188	3	12354699707980	none	4969	0effeff6	512	224	0	4969
5189	4	12354712988660	none	4970	0effeff6	512	224	0	4970
5190	5	12354730317270	none	4971	0effeff6	512	224	0	4971
5191	6	12354747849300	none	4972	0effeff6	512	224	0	4972
5192	7	12354765415860	none	4973	0effeff6	512	224	0	4973
5193	0	12354782979850	none	4974	0effeff6	512	224	0	4974
5194	1	12354796482540	none	4975	0effeff6	512	224	0	4975
5195	2	12354814206930	none	4976	0effeff6	512	224	0	4976
5196	3	12354831582160	none	4977	0effeff6	512	224	0	4977
5197	4	12354849293890	none	4978	0effeff6	512	224	0	4978
5198	5	12354862565240	none	4979	0effeff6	512	224	0	4979
5199	6	12354879811430	none	4980	0effeff6	512	224	0	4980
5200	7	12354897051860	none	4981	0effeff6	512	224	0	4981
5201	0	12354914294180	none	4982	0effeff6	512	224	0	4982
5202	1	12354931536130	none	4983	0effeff6	512	224	0	4983
5203	2	12354948748650	none	4984	0effeff6	512	224	0	4984
5204	3	12354965951240	none	4985	0effeff6	512	224	0	4985
5205	4	12354979297250	none	4986	0effeff6	512	224	0	4986
5206	5	12354996534170	none	4987	0effeff6	512	224	0	4987
5207	6	12355013820000	none	4988	0effeff6	512	224	0	4988
5208	7	12355031109580	none	4989	0effeff6	512	224	0	4989
5209	0	12355048378910	none	4990	0effeff6	512	224	0	4990
5210	1	12355065610050	none	4991	0effeff6	512	224	0	4991
5211	2	12355082846730	none	4992	0effeff6	512	224	0	4992
5212	3	12355096068560	none	4993	0effeff6	512	224	0	4993
5213	4	12355113466680	none	4994	0effeff6	512	224	0	4994
5214	5	12355130710220	none	4995	0effeff6	512	224	0	4995
5215	6	12355147944900	none	4996	0effeff6	512	224	0	4996
5216	7	12355165158860	none	4997	0effeff6	512	224	0	4997
5217	0	12355182517020	none	4998	0effeff6	512	224	0	4998
5218	1	12355195712420	none	4999	0effeff6	512	224	0	4999
5219	2	12355213072740	none	5000	0effeff6	512	224	0	5000
5220	3	12355230325020	none	5001	0effeff6	512	224	0	5001
5221	4	12355247562270	none	5002	0effeff6	512	224	0	5002
5222	5	12355264782410	none	5003	0effeff6	512	224	0	5003
5223	6	12355282181430	none	5004	0effeff6	512	224	0	5004
5224	7	12355295388220	none	5005	0effeff6	512	224	0	5005
5225	0	12355312766460	none	5006	0effeff6	512	224	0	5006
5226	1	12355330009000	none	5007	0effeff6	512	224	0	5007
5227	2	12355347247590	none	5008	0effeff6	512	224	0	5008
5228	3	12355364486330	none	5009	0effeff6	512	224	0	5009
5229	4	12355381716180	none	5010	0effeff6	512	224	0	5010
5230	5	12355398953240	none	5011	0effeff6	512	224	0	5011
5231	6	12355412127330	none	5012	0effeff6	512	224	0	5012
5232	7	12355429426160	none	5013	0effeff6	512	224	0	5013
5233	0	12355446674430	none	5014	0effeff6	512	224	0	5014
5234	1	12355464013620	none	5015	0effeff6	512	224	0	5015
5235	2	12355481254360	none	5016	0effeff6	512	224	0	5016
5236	3	12355498494260	none	5017	0effeff6	512	224	0	5017
5237	4	12355511691470	none	5018	0effeff6	512	224	0	5018
5238	5	12355528982930	none	5019	0effeff6	512	224	0	5019
5239	6	12355546325520	none	5020	0effeff6	512	224	0	5020
5240	7	12355563608590	none	5021	0effeff6	512	224	0	5021
5241	0	12355580821080	none	5022	0effeff6	512	224	0	5022
5242	1	12355598054780	none	5023	0effeff6	512	224	0	5023
5243	2	12355615298900	none	5024	0effeff6	512	224	0	5024
5244	3	12355628503930	none	5025	0effeff6	512	224	0	5025
5245	4	12355645837090	none	5026	0effeff6	512	224	0	5026
5246	5	12355663103880	none	5027	0effeff6	512	224	0	5027
5247	6	12355680383220	none	5028	0effeff6	512	224	0	5028
5248	7	12355697739370	none	5029	0effeff6	512	224	0	5029
5249	0	12355714962830	none	5030	0effeff6	512	224	0	5030
5250	1	12355728165220	none	5031	0effeff6	512	224	0	5031
5251	2	12355745399220	none	5032	0effeff6	512	224	0	5032
5252	3	12355762718310	none	5033	0effeff6	512	224	0	5033
5253	4	12355779978450	none	5034	0effeff6	512	224	0	5034
5254	5	12355797218560	none	5035	0effeff6	512	224	0	5035
5255	6	12355814465310	none	5036	0effeff6	512	224	0	5036
5256	7	12355827766090	none	5037	0effeff6	512	224	0	5037
5257	0	12355844992900	none	5038	0effeff6	512	224	0	5038
5258	1	12355862291160	none	5039	0effeff6	512	224	0	5039
5259	2	12355879571710	none	5040	0effeff6	512	224	0	5040
5260	3	12355896791750	none	5041	0effeff6	512	224	0	5041
5261	4	12355914036410	none	5042	0effeff6	512	224	0	5042
5262	5	12355931410630	none	5043	0effeff6	512	224	0	5043
5263	6	12355944606070	none	5044	0effeff6	512	224	0	5044
5264	7	12355962019720	none	5045	0effeff6	512	224	0	5045
5265	0	12355979322530	none	5046	0effeff6	512	224	0	5046
5266	1	12355996627200	none	5047	0effeff6	512	224	0	5047
5267	2	12356013904140	none	5048	0effeff6	512	224	0	5048
5268	3	12356031143100	none	5049	0effeff6	512	224	0	5049
5269	4	12356044355170	none	5050	0effeff6	512	224	0	5050
5270	5	12356061572480	none	5051	0effeff6	512	224	0	5051
5271	6	12356078796000	none	5052	0effeff6	512	224	0	5052
5272	7	12356096208190	none	5053	0effeff6	512	224	0	5053
5273	0	12356113465940	none	5054	0effeff6	512	224	0	5054
5274	1	12356130800460	none	5055	0effeff6	512	224	0	5055
5275	2	12356144003170	none	5056	0effeff6	512	224	0	5056
5276	3	12356161253940	none	5057	0effeff6	512	224	0	5057
5277	4	12356178484250	none	5058	0effeff6	512	224	0	5058
5278	5	12356195774040	none	5059	0effeff6	512	224	0	5059
5279	6	12356213079450	none	5060	0effeff6	512	224	0	5060
5280	7	12356230475840	none	5061	0effeff6	512	224	0	5061
5281	0	12356243668190	none	5062	0effeff6	512	224	0	5062
5282	1	12356260977940	none	5063	0effeff6	512	224	0	5063
5283	2	12356278214580	none	5064	0effeff6	512	224	0	5064
5284	3	12356295436080	none	5065	0effeff6	512	224	0	5065
5285	4	12356312729450	none	5066	0effeff6	512	224	0	5066
5286	5	12356329978170	none	5067	0effeff6	512	224	0	5067
5287	6	12356347230870	none	5068	0effeff6	512	224	0	5068
5288	7	12356360490740	none	5069	0effeff6	512	224	0	5069
5289	0	12356377719290	none	5070	0effeff6	512	224	0	5070
5290	1	12356395096060	none	5071	0effeff6	512	224	0	5071
5291	2	12356412373620	none	5072	0effeff6	512	224	0	5072
5292	3	12356429748670	none	5073	0effeff6	512	224	0	5073
5293	4	12356446981740	none	5074	0effeff6	512	224	0	5074
5294	5	12356460196950	none	5075	0effeff6	512	224	0	5075
5295	6	12356477433360	none	5076	0effeff6	512	224	0	5076
5296	7	12356494664850	none	5077	0effeff6	512	224	0	5077
5297	0	12356511897370	none	5078	0effeff6	512	224	0	5078
5298	1	12356529333150	none	5079	0effeff6	512	224	0	5079
5299	2	12356546628950	none	5080	0effeff6	512	224	0	5080
5300	3	12356559812150	none	5081	0effeff6	512	224	0	5081
5301	4	12356577046420	none	5082	0effeff6	512	224	0	5082
5302	5	12356594282550	none	5083	0effeff6	512	224	0	5083
5303	6	12356611508640	none	5084	0effeff6	512	224	0	5084
5304	7	12356628759150	none	5085	0effeff6	512	224	0	5085
5305	0	12356646085570	none	5086	0effeff6	512	224	0	5086
5306	1	12356663349910	none	5087	0effeff6	512	224	0	5087
5307	2	12356676554200	none	5088	0effeff6	512	224	0	5088
5308	3	12356693770830	none	5089	0effeff6	512	224	0	5089
5309	4	12356711026060	none	5090	0effeff6	512	224	0	5090
5310	5	12356728282830	none	5091	0effeff6	512	224	0	5091
5311	6	12356745515860	none	5092	0effeff6	512	224	0	5092
5312	7	12356762809140	none	5093	0effeff6	512	224	0	5093
5313	0	12356776044230	none	5094	0effeff6	512	224	0	5094
5314	1	12356793277960	none	5095	0effeff6	512	224	0	5095
5315	2	12356810511530	none	5096	0effeff6	512	224	0	5096
5316	3	12356827735790	none	5097	0effeff6	512	224	0	5097
5317	4	12356844956000	none	5098	0effeff6	512	224	0	5098
5318	5	12356862217750	none	5099	0effeff6	512	224	0	5099
5319	6	12356879515640	none	5100	0effeff6	512	224	0	5100
5320	7	12356892790340	none	5101	0effeff6	512	224	0	5101
5321	0	12356910043750	none	5102	0effeff6	512	224	0	5102
5322	1	12356927274040	none	5103	0effeff6	512	224	0	5103
5323	2	12356944494050	none	5104	0effeff6	512	224	0	5104
5324	3	12356961711700	none	5105	0effeff6	512	224	0	5105
5325	4	12356979090200	none	5106	0effeff6	512	224	0	5106
5326	5	12356992327200	none	5107	0effeff6	512	224	0	5107
5327	6	12357009552560	none	5108	0effeff6	512	224	0	5108
5328	7	12357026758080	none	5109	0effeff6	512	224	0	5109
5329	0	12357044153400	none	5110	0effeff6	512	224	0	5110
5330	1	12357061384200	none	5111	0effeff6	512	224	0	5111
5331	2	12357078708190	none	5112	0effeff6	512	224	0	5112
5332	3	12357096067010	none	5113	0effeff6	512	224	0	5113
5333	4	12357109283440	none	5114	0effeff6	512	224	0	5114
5334	5	12357126502650	none	5115	0effeff6	512	224	0	5115
5335	6	12357143732800	none	5116	0effeff6	512	224	0	5116
5336	7	12357160997020	none	5117	0effeff6	512	224	0	5117
5337	0	12357178256770	none	5118	0effeff6	512	224	0	5118
5338	1	12357195496800	none	5119	0effeff6	512	224	0	5119
5339	2	12357208721860	none	5120	0effeff6	512	224	0	5120
5340	3	12357225936910	none	5121	0effeff6	512	224	0	5121
5341	4	12357243202430	none	5122	0effeff6	512	224	0	5122
5342	5	12357260445860	none	5123	0effeff6	512	224	0	5123
5343	6	12357277746680	none	5124	0effeff6	512	224	0	5124
5344	7	12357294978330	none	5125	0effeff6	512	224	0	5125
5345	0	12357312254780	none	5126	0effeff6	512	224	0	5126
5346	1	12357325506750	none	5127	0effeff6	512	224	0	5127
5347	2	12357342712100	none	5128	0effeff6	512	224	0	5128
5348	3	12357359936110	none	5129	0effeff6	512	224	0	5129
5349	4	12357377315060	none	5130	0effeff6	512	224	0	5130
5350	5	12357394533360	none	5131	0effeff6	512	224	0	5131
5351	6	12357411755730	none	5132	0effeff6	512	224	0	5132
5352	7	12357425023750	none	5133	0effeff6	512	224	0	5133
5353	0	12357442314470	none	5134	0effeff6	512	224	0	5134
5354	1	12357459541050	none	5135	0effeff6	512	224	0	5135
5355	2	12357476749870	none	5136	0effeff6	512	224	0	5136
5356	3	12357494070310	none	5137	0effeff6	512	224	0	5137
5357	4	12357511441710	none	5138	0effeff6	512	224	0	5138
5358	5	12357528656390	none	5139	0effeff6	512	224	0	5139
5359	6	12357541946110	none	5140	0effeff6	512	224	0	5140
5360	7	12357559183310	none	5141	0effeff6	512	224	0	5141
5361	0	12357576416850	none	5142	0effeff6	512	224	0	5142
5362	1	12357593660250	none	5143	0effeff6	512	224	0	5143
5363	2	12357610907940	none	5144	0effeff6	512	224	0	5144
5364	3	12357628139540	none	5145	0effeff6	512	224	0	5145
5365	4	12357641362290	none	5146	0effeff6	512	224	0	5146
5366	5	12357658576220	none	5147	0effeff6	512	224	0	5147
5367	6	12357675791750	none	5148	0effeff6	512	224	0	5148
5368	7	12357693100650	none	5149	0effeff6	512	224	0	5149
5369	0	12357710342210	none	5150	0effeff6	512	224	0	5150
5370	1	12357727578510	none	5151	0effeff6	512	224	0	5151
5371	2	12357744805930	none	5152	0effeff6	512	224	0	5152
5372	3	12357758091970	none	5153	0effeff6	512	224	0	5153
5373	4	12357775352680	none	5154	0effeff6	512	224	0	5154
5374	5	12357792572970	none	5155	0effeff6	512	224	0	5155
5375	6	12357809889760	none	5156	0effeff6	512	224	0	5156
5376	7	12357827104010	none	5157	0effeff6	512	224	0	5157
5377	0	12357844343710	none	5158	0effeff6	512	224	0	5158
5378	1	12357861591050	none	5159	0effeff6	512	224	0	5159
5379	2	12357874765840	none	5160	0effeff6	512	224	0	5160
5380	3	12357892126320	none	5161	0effeff6	512	224	0	5161
5381	4	12357909370560	none	5162	0effeff6	512	224	0	5162
5382	5	12357926692800	none	5163	0effeff6	512	224	0	5163
5383	6	12357943969760	none	5164	0effeff6	512	224	0	5164
5384	7	12357961241360	none	5165	0effeff6	512	224	0	5165
5385	0	12357974448640	none	5166	0effeff6	512	224	0	5166
5386	1	12357991648620	none	5167	0effeff6	512	224	0	5167
5387	2	12358008904020	none	5168	0effeff6	512	224	0	5168
5388	3	12358026109090	none	5169	0effeff6	512	224	0	5169
5389	4	12358043345310	none	5170	0effeff6	512	224	0	5170
5390	5	12358060573380	none	5171	0effeff6	512	224	0	5171
5391	6	12358077783140	none	5172	0effeff6	512	224	0	5172
5392	7	12358091134790	none	5173	0effeff6	512	224	0	5173
5393	0	12358108359740	none	5174	0effeff6	512	224	0	5174
5394	1	12358125671410	none	5175	0effeff6	512	224	0	5175
5395	2	12358142981410	none	5176	0effeff6	512	224	0	5176
5396	3	12358160228080	none	5177	0effeff6	512	224	0	5177
5397	4	12358177469280	none	5178	0effeff6	512	224	0	5178
5398	5	12358190634540	none	5179	0effeff6	512	224	0	5179
5399	6	12358207847500	none	5180	0effeff6	512	224	0	5180
5400	7	12358225259700	none	5181	0effeff6	512	224	0	5181
5401	0	12358242489290	none	5182	0effeff6	512	224	0	5182
5402	1	12358259721260	none	5183	0effeff6	512	224	0	5183
5403	2	12358277025350	none	5184	0effeff6	512	224	0	5184
5404	3	12358290243360	none	5185	0effeff6	512	224	0	5185
5405	4	12358307470060	none	5186	0effeff6	512	224	0	5186
5406	5	12358324686100	none	5187	0effeff6	512	224	0	5187
5407	6	12358341891020	none	5188	0effeff6	512	224	0	5188
5408	7	12358359095250	none	5189	0effeff6	512	224	0	5189
5409	0	12358376358990	none	5190	0effeff6	512	224	0	5190
5410	1	12358393599980	none	5191	0effeff6	512	224	0	5191
5411	2	12358406790390	none	5192	0effeff6	512	224	0	5192
5412	3	12358424219580	none	5193	0effeff6	512	224	0	5193
5413	4	12358441506360	none	5194	0effeff6	512	224	0	5194
5414	5	12358458712250	none	5195	0effeff6	512	224	0	5195
5415	6	12358476015550	none	5196	0effeff6	512	224	0	5196
5416	7	12358493306700	none	5197	0effeff6	512	224	0	5197
5417	0	12358510518440	none	5198	0effeff6	512	224	0	5198
5418	1	12358523695970	none	5199	0effeff6	512	224	0	5199
5419	2	12358540906310	none	5200	0effeff6	512	224	0	5200
5420	3	12358558120280	none	5201	0effeff6	512	224	0	5201
5421	4	12358575380210	none	5202	0effeff6	512	224	0	5202
5422	5	12358592611120	none	5203	0effeff6	512	224	0	5203
5423	6	12358609840190	none	5204	0effeff6	512	224	0	5204
5424	7	12358623007670	none	5205	0effeff6	512	224	0	5205
5425	0	12358640291320	none	5206	0effeff6	512	224	0	5206
5426	1	12358658000320	none	5207	0effeff6	512	224	0	5207
5427	2	12358675499500	none	5208	0effeff6	512	224	0	5208
5428	3	12358692927450	none	5209	0effeff6	512	224	0	5209
5429	4	12358706231530	none	5210	0effeff6	512	224	0	5210
5430	5	12358723860480	none	5211	0effeff6	512	224	0	5211
5431	6	12358741148390	none	5212	0effeff6	512	224	0	5212
5432	7	12358758525190	none	5213	0effeff6	512	224	0	5213
5433	0	12358775779310	none	5214	0effeff6	512	224	0	5214
5434	1	12358793212720	none	5215	0effeff6	512	224	0	5215
5435	2	12358806424690	none	5216	0effeff6	512	224	0	5216
5436	3	12358823802270	none	5217	0effeff6	512	224	0	5217
5437	4	12358841060250	none	5218	0effeff6	512	224	0	5218
5438	5	12358858511160	none	5219	0effeff6	512	224	0	5219
5439	6	12358875893010	none	5220	0effeff6	512	224	0	5220
5440	7	12358889361500	none	5221	0effeff6	512	224	0	5221
5441	0	12358906729540	none	5222	0effeff6	512	224	0	5222
5442	1	12358924259300	none	5223	0effeff6	512	224	0	5223
5443	2	12358941924940	none	5224	0effeff6	512	224	0	5224
5444	3	12358959401930	none	5225	0effeff6	512	224	0	5225
5445	4	12358972634790	none	5226	0effeff6	512	224	0	5226
5446	5	12358989868020	none	5227	0effeff6	512	224	0	5227
5447	6	12359007073760	none	5228	0effeff6	512	224	0	5228
5448	7	12359024423520	none	5229	0effeff6	512	224	0	5229
5449	0	12359041645170	none	5230	0effeff6	512	224	0	5230
5450	1	12359058861230	none	5231	0effeff6	512	224	0	5231
5451	2	12359076096360	none	5232	0effeff6	512	224	0	5232
5452	3	12359089427060	none	5233	0effeff6	512	224	0	5233
5453	4	12359106652560	none	5234	0effeff6	512	224	0	5234
5454	5	12359123921640	none	5235	0effeff6	512	224	0	5235
5455	6	12359141160410	none	5236	0effeff6	512	224	0	5236
5456	7	12359158422170	none	5237	0effeff6	512	224	0	5237
5457	0	12359175652450	none	5238	0effeff6	512	224	0	5238
5458	1	12359188960910	none	5239	0effeff6	512	224	0	5239
5459	2	12359206206640	none	5240	0effeff6	512	224	0	5240
5460	3	12359223444700	none	5241	0effeff6	512	224	0	5241
5461	4	12359240666400	none	5242	0effeff6	512	224	0	5242
5462	5	12359257888700	none	5243	0effeff6	512	224	0	5243
5463	6	12359275111860	none	5244	0effeff6	512	224	0	5244
5464	7	12359292517760	none	5245	0effeff6	512	224	0	5245
5465	0	12359305710150	none	5246	0effeff6	512	224	0	5246
5466	1	12359323021260	none	5247	0effeff6	512	224	0	5247
5467	2	12359340262390	none	5248	0effeff6	512	224	0	5248
5468	3	12359357488510	none	5249	0effeff6	512	224	0	5249
5469	4	12359374698610	none	5250	0effeff6	512	224	0	5250
5470	5	12359392142720	none	5251	0effeff6	512	224	0	5251
5471	6	12359405336770	none	5252	0effeff6	512	224	0	5252
5472	7	12359422655940	none	5253	0effeff6	512	224	0	5253
5473	0	12359439955530	none	5254	0effeff6	512	224	0	5254
5474	1	12359457207540	none	5255	0effeff6	512	224	0	5255
5475	2	12359474447260	none	5256	0effeff6	512	224	0	5256
5476	3	12359491658330	none	5257	0effeff6	512	224	0	5257
5477	4	12359508889460	none	5258	0effeff6	512	224	0	5258
5478	5	12359522087840	none	5259	0effeff6	512	224	0	5259
5479	6	12359539320790	none	5260	0effeff6	512	224	0	5260
5480	7	12359556572220	none	5261	0effeff6	512	224	0	5261
5481	0	12359573823320	none	5262	0effeff6	512	224	0	5262
5482	1	12359591232730	none	5263	0effeff6	512	224	0	5263
5483	2	12359608457360	none	5264	0effeff6	512	224	0	5264
5484	3	12359621624030	none	5265	0effeff6	512	224	0	5265
5485	4	12359638952190	none	5266	0effeff6	512	224	0	5266
5486	5	12359656205470	none	5267	0effeff6	512	224	0	5267
5487	6	12359673437410	none	5268	0effeff6	512	224	0	5268
5488	7	12359690661350	none	5269	0effeff6	512	224	0	5269
5489	0	12359707886660	none	5270	0effeff6	512	224	0	5270
5490	1	12359725090810	none	5271	0effeff6	512	224	0	5271
5491	2	12359738348020	none	5272	0effeff6	512	224	0	5272
5492	3	12359755551990	none	5273	0effeff6	512	224	0	5273
5493	4	12359772767200	none	5274	0effeff6	512	224	0	5274
5494	5	12359790006210	none	5275	0effeff6	512	224	0	5275
5495	6	12359807246900	none	5276	0effeff6	512	224	0	5276
5496	7	12359824470910	none	5277	0effeff6	512	224	0	5277
5497	0	12359837732500	none	5278	0effeff6	512	224	0	5278
5498	1	12359854987470	none	5279	0effeff6	512	224	0	5279
5499	2	12359872233820	none	5280	0effeff6	512	224	0	5280
5500	3	12359889461920	none	5281	0effeff6	512	224	0	5281
5501	4	12359906697380	none	5282	0effeff6	512	224	0	5282
5502	5	12359923916160	none	5283	0effeff6	512	224	0	5283
5503	6	12359941298400	none	5284	0effeff6	512	224	0	5284
5504	7	12359954481220	none	5285	0effeff6	512	224	0	5285
5505	0	12359971821150	none	5286	0effeff6	512	224	0	5286
5506	1	12359989025660	none	5287	0effeff6	512	224	0	5287
5507	2	12360006259050	none	5288	0effeff6	512	224	0	5288
5508	3	12360023494590	none	5289	0effeff6	512	224	0	5289
5509	4	12360040785050	none	5290	0effeff6	512	224	0	5290
5510	5	12360054037100	none	5291	0effeff6	512	224	0	5291
5511	6	12360071330970	none	5292	0effeff6	512	224	0	5292
5512	7	12360088594280	none	5293	0effeff6	512	224	0	5293
5513	0	12360106097470	none	5294	0effeff6	512	224	0	5294
5514	1	12360123326940	none	5295	0effeff6	512	224	0	5295
5515	2	12360140633670	none	5296	0effeff6	512	224	0	5296
5516	3	12360153952960	none	5297	0effeff6	512	224	0	5297
5517	4	12360171199760	none	5298	0effeff6	512	224	0	5298
5518	5	12360188429160	none	5299	0effeff6	512	224	0	5299
5519	6	12360205646890	none	5300	0effeff6	512	224	0	5300
5520	7	12360222864430	none	5301	0effeff6	512	224	0	5301
5521	0	12360240250120	none	5302	0effeff6	512	224	0	5302
5522	1	12360257513820	none	5303	0effeff6	512	224	0	5303
5523	2	12360270678750	none	5304	0effeff6	512	224	0	5304
5524	3	12360287968120	none	5305	0effeff6	512	224	0	5305
5525	4	12360305205810	none	5306	0effeff6	512	224	0	5306
5526	5	12360322447770	none	5307	0effeff6	512	224	0	5307
5527	6	12360339658610	none	5308	0effeff6	512	224	0	5308
5528	7	12360356936170	none	5309	0effeff6	512	224	0	5309
5529	0	12360370147620	none	5310	0effeff6	512	224	0	5310
5530	1	12360387388660	none	5311	0effeff6	512	224	0	5311
5531	2	12360404604190	none	5312	0effeff6	512	224	0	5312
5532	3	12360421811420	none	5313	0effeff6	512	224	0	5313
5533	4	12360439199270	none	5314	0effeff6	512	224	0	5314
5534	5	12360456431940	none	5315	0effeff6	512	224	0	5315
5535	6	12360473647200	none	5316	0effeff6	512	224	0	5316
5536	7	12360486960180	none	5317	0effeff6	512	224	0	5317
5537	0	12360504204290	none	5318	0effeff6	512	224	0	5318
5538	1	12360521439880	none	5319	0effeff6	512	224	0	5319
5539	2	12360538668060	none	5320	0effeff6	512	224	0	5320
5540	3	12360555875090	none	5321	0effeff6	512	224	0	5321
5541	4	12360573099570	none	5322	0effeff6	512	224	0	5322
5542	5	12360590382100	none	5323	0effeff6	512	224	0	5323
5543	6	12360603567900	none	5324	0effeff6	512	224	0	5324
5544	7	12360620838790	none	5325	0effeff6	512	224	0	5325
5545	0	12360638050570	none	5326	0effeff6	512	224	0	5326
5546	1	12360655289080	none	5327	0effeff6	512	224	0	5327
5547	2	12360672499970	none	5328	0effeff6	512	224	0	5328
5548	3	12360689822940	none	5329	0effeff6	512	224	0	5329
5549	4	12360703014100	none	5330	0effeff6	512	224	0	5330
5550	5	12360720265400	none	5331	0effeff6	512	224	0	5331
5551	6	12360737506280	none	5332	0effeff6	512	224	0	5332
5552	7	12360754720340	none	5333	0effeff6	512	224	0	5333
5553	0	12360771962150	none	5334	0effeff6	512	224	0	5334
5554	1	12360789209370	none	5335	0effeff6	512	224	0	5335
5555	2	12360806437120	none	5336	0effeff6	512	224	0	5336
5556	3	12360819629390	none	5337	0effeff6	512	224	0	5337
5557	4	12360836857220	none	5338	0effeff6	512	224	0	5338
5558	5	12360854165080	none	5339	0effeff6	512	224	0	5339
5559	6	12360871411610	none	5340	0effeff6	512	224	0	5340
5560	7	12360888746370	none	5341	0effeff6	512	224	0	5341
5561	0	12360905987840	none	5342	0effeff6	512	224	0	5342
5562	1	12360923224190	none	5343	0effeff6	512	224	0	5343
5563	2	12360936419460	none	5344	0effeff6	512	224	0	5344
5564	3	12360953635080	none	5345	0effeff6	512	224	0	5345
5565	4	12360970863190	none	5346	0effeff6	512	224	0	5346
5566	5	12360988290030	none	5347	0effeff6	512	224	0	5347
5567	6	12361005528590	none	5348	0effeff6	512	224	0	5348
5568	7	12361022744330	none	5349	0effeff6	512	224	0	5349
5569	0	12361035983400	none	5350	0effeff6	512	224	0	5350
5570	1	12361053237030	none	5351	0effeff6	512	224	0	5351
5571	2	12361070470450	none	5352	0effeff6	512	224	0	5352
5572	3	12361087711270	none	5353	0effeff6	512	224	0	5353
5573	4	12361104963250	none	5354	0effeff6	512	224	0	5354
5574	5	12361122205750	none	5355	0effeff6	512	224	0	5355
5575	6	12361139459140	none	5356	0effeff6	512	224	0	5356
5576	7	12361152737160	none	5357	0effeff6	512	224	0	5357
5577	0	12361170073260	none	5358	0effeff6	512	224	0	5358
5578	1	12361187306510	none	5359	0effeff6	512	224	0	5359
5579	2	12361204521730	none	5360	0effeff6	512	224	0	5360
5580	3	12361221728580	none	5361	0effeff6	512	224	0	5361
5581	4	12361239010890	none	5362	0effeff6	512	224	0	5362
5582	5	12361252227960	none	5363	0effeff6	512	224	0	5363
5583	6	12361269465070	none	5364	0effeff6	512	224	0	5364
5584	7	12361286676940	none	5365	0effeff6	512	224	0	5365
5585	0	12361303878320	none	5366	0effeff6	512	224	0	5366
5586	1	12361321104600	none	5367	0effeff6	512	224	0	5367
5587	2	12361338365350	none	5368	0effeff6	512	224	0	5368
5588	3	12361355591780	none	5369	0effeff6	512	224	0	5369
5589	4	12361368763900	none	5370	0effeff6	512	224	0	5370
5590	5	12361385980690	none	5371	0effeff6	512	224	0	5371
5591	6	12361403212160	none	5372	0effeff6	512	224	0	5372
5592	7	12361420522780	none	5373	0effeff6	512	224	0	5373
5593	0	12361437922220	none	5374	0effeff6	512	224	0	5374
5594	1	12361455182350	none	5375	0effeff6	512	224	0	5375
5595	2	12361468373100	none	5376	0effeff6	512	224	0	5376
5596	3	12361485595640	none	5377	0effeff6	512	224	0	5377
5597	4	12361502801910	none	5378	0effeff6	512	224	0	5378
5598	5	12361520019180	none	5379	0effeff6	512	224	0	5379
5599	6	12361537368350	none	5380	0effeff6	512	224	0	5380
5600	7	12361554589340	none	5381	0effeff6	512	224	0	5381
5601	0	12361571825850	none	5382	0effeff6	512	224	0	5382
5602	1	12361585015080	none	5383	0effeff6	512	224	0	5383
5603	2	12361602314110	none	5384	0effeff6	512	224	0	5384
5604	3	12361619540870	none	5385	0effeff6	512	224	0	5385
5605	4	12361636836910	none	5386	0effeff6	512	224	0	5386
5606	5	12361654060920	none	5387	0effeff6	512	224	0	5387
5607	6	12361671317810	none	5388	0effeff6	512	224	0	5388
5608	7	12361688586530	none	5389	0effeff6	512	224	0	5389
5609	0	12361701818130	none	5390	0effeff6	512	224	0	5390
5610	1	12361719043000	none	5391	0effeff6	512	224	0	5391
5611	2	12361736389050	none	5392	0effeff6	512	224	0	5392
5612	3	12361753607710	none	5393	0effeff6	512	224	0	5393
5613	4	12361770845940	none	5394	0effeff6	512	224	0	5394
5614	5	12361788071850	none	5395	0effeff6	512	224	0	5395
5615	6	12361801278020	none	5396	0effeff6	512	224	0	5396
5616	7	12361818500420	none	5397	0effeff6	512	224	0	5397
5617	0	12361835709360	none	5398	0effeff6	512	224	0	5398
5618	1	12361852934390	none	5399	0effeff6	512	224	0	5399
5619	2	12361870179110	none	5400	0effeff6	512	224	0	5400
5620	3	12361887469690	none	5401	0effeff6	512	224	0	5401
5621	4	12361904704240	none	5402	0effeff6	512	224	0	5402
5622	5	12361918072410	none	5403	0effeff6	512	224	0	5403
5623	6	12361935309500	none	5404	0effeff6	512	224	0	5404
5624	7	12361952600620	none	5405	0effeff6	512	224	0	5405
5625	0	12361969916400	none	5406	0effeff6	512	224	0	5406
5626	1	12361987165120	none	5407	0effeff6	512	224	0	5407
5627	2	12362004414190	none	5408	0effeff6	512	224	0	5408
5628	3	12362017583790	none	5409	0effeff6	512	224	0	5409
5629	4	12362034784970	none	5410	0effeff6	512	224	0	5410
5630	5	12362051986040	none	5411	0effeff6	512	224	0	5411
5631	6	12362069229590	none	5412	0effeff6	512	224	0	5412
5632	7	12362086531670	none	5413	0effeff6	512	224	0	5413
5633	0	12362103780660	none	5414	0effeff6	512	224	0	5414
5634	1	12362121138260	none	5415	0effeff6	512	224	0	5415
5635	2	12362134334430	none	5416	0effeff6	512	224	0	5416
5636	3	12362151568250	none	5417	0effeff6	512	224	0	5417
5637	4	12362168871050	none	5418	0effeff6	512	224	0	5418
5638	5	12362186129230	none	5419	0effeff6	512	224	0	5419
5639	6	12362203374570	none	5420	0effeff6	512	224	0	5420
5640	7	12362220616870	none	5421	0effeff6	512	224	0	5421
5641	0	12362233808590	none	5422	0effeff6	512	224	0	5422
5642	1	12362251117320	none	5423	0effeff6	512	224	0	5423
5643	2	12362268346720	none	5424	0effeff6	512	224	0	5424
5644	3	12362285666850	none	5425	0effeff6	512	224	0	5425
5645	4	12362302944160	none	5426	0effeff6	512	224	0	5426
5646	5	12362320200840	none	5427	0effeff6	512	224	0	5427
5647	6	12362337466550	none	5428	0effeff6	512	224	0	5428
5648	7	12362350660700	none	5429	0effeff6	512	224	0	5429
5649	0	12362367900970	none	5430	0effeff6	512	224	0	5430
5650	1	12362385282390	none	5431	0effeff6	512	224	0	5431
5651	2	12362402532120	none	5432	0effeff6	512	224	0	5432
5652	3	12362419741190	none	5433	0effeff6	512	224	0	5433
5653	4	12362437011890	none	5434	0effeff6	512	224	0	5434
5654	5	12362450213460	none	5435	0effeff6	512	224	0	5435
5655	6	12362467443750	none	5436	0effeff6	512	224	0	5436
5656	7	12362484740140	none	5437	0effeff6	512	224	0	5437
5657	0	12362502018850	none	5438	0effeff6	512	224	0	5438
5658	1	12362519343780	none	5439	0effeff6	512	224	0	5439
5659	2	12362536712290	none	5440	0effeff6	512	224	0	5440
5660	3	12362549911340	none	5441	0effeff6	512	224	0	5441
5661	4	12362567149340	none	5442	0effeff6	512	224	0	5442
5662	5	12362584488170	none	5443	0effeff6	512	224	0	5443
5663	6	12362601770140	none	5444	0effeff6	512	224	0	5444
5664	7	12362618976680	none	5445	0effeff6	512	224	0	5445
5665	0	12362636222860	none	5446	0effeff6	512	224	0	5446
5666	1	12362653457260	none	5447	0effeff6	512	224	0	5447
5667	2	12362666633910	none	5448	0effeff6	512	224	0	5448
5668	3	12362683849450	none	5449	0effeff6	512	224	0	5449
5669	4	12362701084370	none	5450	0effeff6	512	224	0	5450
5670	5	12362718337590	none	5451	0effeff6	512	224	0	5451
5671	6	12362735567530	none	5452	0effeff6	512	224	0	5452
5672	7	12362752826120	none	5453	0effeff6	512	224	0	5453
5673	0	12362770174740	none	5454	0effeff6	512	224	0	5454
5674	1	12362783373460	none	5455	0effeff6	512	224	0	5455
5675	2	12362800583520	none	5456	0effeff6	512	224	0	5456
5676	3	12362817880460	none	5457	0effeff6	512	224	0	5457
5677	4	12362835129480	none	5458	0effeff6	512	224	0	5458
5678	5	12362852390160	none	5459	0effeff6	512	224	0	5459
5679	6	12362869604020	none	5460	0effeff6	512	224	0	5460
5680	7	12362882794140	none	5461	0effeff6	512	224	0	5461
5681	0	12362900043360	none	5462	0effeff6	512	224	0	5462
5682	1	12362917282540	none	5463	0effeff6	512	224	0	5463
5683	2	12362934518220	none	5464	0effeff6	512	224	0	5464
5684	3	12362951788150	none	5465	0effeff6	512	224	0	5465
5685	4	12362969265300	none	5466	0effeff6	512	224	0	5466
5686	5	12362986486220	none	5467	0effeff6	512	224	0	5467
5687	6	12362999734690	none	5468	0effeff6	512	224	0	5468
5688	7	12363016980430	none	5469	0effeff6	512	224	0	5469
5689	0	12363034224730	none	5470	0effeff6	512	224	0	5470
5690	1	12363051467360	none	5471	0effeff6	512	224	0	5471
5691	2	12363068668930	none	5472	0effeff6	512	224	0	5472
5692	3	12363085965860	none	5473	0effeff6	512	224	0	5473
5693	4	12363099338900	none	5474	0effeff6	512	224	0	5474
5694	5	12363116572620	none	5475	0effeff6	512	224	0	5475
5695	6	12363133887110	none	5476	0effeff6	512	224	0	5476
5696	7	12363151134630	none	5477	0effeff6	512	224	0	5477
5697	0	12363168371340	none	5478	0effeff6	512	224	0	5478
5698	1	12363185603050	none	5479	0effeff6	512	224	0	5479
5699	2	12363198800910	none	5480	0effeff6	512	224	0	5480
5700	3	12363215994480	none	5481	0effeff6	512	224	0	5481
5701	4	12363233349970	none	5482	0effeff6	512	224	0	5482
5702	5	12363250565180	none	5483	0effeff6	512	224	0	5483
5703	6	12363267784990	none	5484	0effeff6	512	224	0	5484
5704	7	12363285071030	none	5485	0effeff6	512	224	0	5485
5705	0	12363302459510	none	5486	0effeff6	512	224	0	5486
5706	1	12363315671950	none	5487	0effeff6	512	224	0	5487
5707	2	12363333133550	none	5488	0effeff6	512	224	0	5488
5708	3	12363350381830	none	5489	0effeff6	512	224	0	5489
5709	4	12363367598800	none	5490	0effeff6	512	224	0	5490
5710	5	12363384820430	none	5491	0effeff6	512	224	0	5491
5711	6	12363402266050	none	5492	0effeff6	512	224	0	5492
5712	7	12363415456280	none	5493	0effeff6	512	224	0	5493
5713	0	12363432786320	none	5494	0effeff6	512	224	0	5494
5714	1	12363450028320	none	5495	0effeff6	512	224	0	5495
5715	2	12363467280020	none	5496	0effeff6	512	224	0	5496
5716	3	12363484520470	none	5497	0effeff6	512	224	0	5497
5717	4	12363501730580	none	5498	0effeff6	512	224	0	5498
5718	5	12363518949900	none	5499	0effeff6	512	224	0	5499
5719	6	12363532153460	none	5500	0effeff6	512	224	0	5500
5720	7	12363549412390	none	5501	0effeff6	512	224	0	5501
5721	0	12363566625200	none	5502	0effeff6	512	224	0	5502
5722	1	12363583997630	none	5503	0effeff6	512	224	0	5503
5723	2	12363601268630	none	5504	0effeff6	512	224	0	5504
5724	3	12363618490880	none	5505	0effeff6	512	224	0	5505
5725	4	12363631660890	none	5506	0effeff6	512	224	0	5506
5726	5	12363648852460	none	5507	0effeff6	512	224	0	5507
5727	6	12363666076850	none	5508	0effeff6	512	224	0	5508
5728	7	12363683322240	none	5509	0effeff6	512	224	0	5509
5729	0	12363700595160	none	5510	0effeff6	512	224	0	5510
5730	1	12363717870600	none	5511	0effeff6	512	224	0	5511
5731	2	12363735136000	none	5512	0effeff6	512	224	0	5512
5732	3	12363748337580	none	5513	0effeff6	512	224	0	5513
5733	4	12363765560760	none	5514	0effeff6	512	224	0	5514
5734	5	12363782789750	none	5515	0effeff6	512	224	0	5515
5735	6	12363800008980	none	5516	0effeff6	512	224	0	5516
5736	7	12363817282360	none	5517	0effeff6	512	224	0	5517
5737	0	12363834504940	none	5518	0effeff6	512	224	0	5518
5738	1	12363847791950	none	5519	0effeff6	512	224	0	5519
5739	2	12363865010200	none	5520	0effeff6	512	224	0	5520
5740	3	12363882265560	none	5521	0effeff6	512	224	0	5521
5741	4	12363899479950	none	5522	0effeff6	512	224	0	5522
5742	5	12363916682200	none	5523	0effeff6	512	224	0	5523
5743	6	12363933927010	none	5524	0effeff6	512	224	0	5524
5744	7	12363951317200	none	5525	0effeff6	512	224	0	5525
5745	0	12363964543600	none	5526	0effeff6	512	224	0	5526
5746	1	12363981877440	none	5527	0effeff6	512	224	0	5527
5747	2	12363999119500	none	5528	0effeff6	512	224	0	5528
5748	3	12364016389450	none	5529	0effeff6	512	224	0	5529
5749	4	12364033605730	none	5530	0effeff6	512	224	0	5530
5750	5	12364050824010	none	5531	0effeff6	512	224	0	5531
5751	6	12364068046290	none	5532	0effeff6	512	224	0	5532
5752	7	12364081310180	none	5533	0effeff6	512	224	0	5533
5753	0	12364098569540	none	5534	0effeff6	512	224	0	5534
5754	1	12364115838770	none	5535	0effeff6	512	224	0	5535
5755	2	12364133062840	none	5536	0effeff6	512	224	0	5536
5756	3	12364150425830	none	5537	0effeff6	512	224	0	5537
5757	4	12364167645760	none	5538	0effeff6	512	224	0	5538
5758	5	12364180840270	none	5539	0effeff6	512	224	0	5539
5759	6	12364198078750	none	5540	0effeff6	512	224	0	5540
5760	7	12364215347460	none	5541	0effeff6	512	224	0	5541
5761	0	12364232587490	none	5542	0effeff6	512	224	0	5542
5762	1	12364249808980	none	5543	0effeff6	512	224	0	5543
5763	2	12364267042200	none	5544	0effeff6	512	224	0	5544
5764	3	12364284281120	none	5545	0effeff6	512	224	0	5545
5765	4	12364297542150	none	5546	0effeff6	512	224	0	5546
5766	5	12364314770360	none	5547	0effeff6	512	224	0	5547
5767	6	12364332004960	none	5548	0effeff6	512	224	0	5548
5768	7	12364349260060	none	5549	0effeff6	512	224	0	5549
5769	0	12364366484850	none	5550	0effeff6	512	224	0	5550
5770	1	12364383699140	none	5551	0effeff6	512	224	0	5551
5771	2	12364396970890	none	5552	0effeff6	512	224	0	5552
5772	3	12364414201800	none	5553	0effeff6	512	224	0	5553
5773	4	12364431434790	none	5554	0effeff6	512	224	0	5554
5774	5	12364448648830	none	5555	0effeff6	512	224	0	5555
5775	6	12364466070100	none	5556	0effeff6	512	224	0	5556
5776	7	12364483325810	none	5557	0effeff6	512	224	0	5557
5777	0	12364500638380	none	5558	0effeff6	512	224	0	5558
5778	1	12364513911250	none	5559	0effeff6	512	224	0	5559
5779	2	12364531160550	none	5560	0effeff6	512	224	0	5560
5780	3	12364548396330	none	5561	0effeff6	512	224	0	5561
5781	4	12364565607050	none	5562	0effeff6	512	224	0	5562
5782	5	12364582891790	none	5563	0effeff6	512	224	0	5563
5783	6	12364600143630	none	5564	0effeff6	512	224	0	5564
5784	7	12364613359240	none	5565	0effeff6	512	224	0	5565
5785	0	12364630586110	none	5566	0effeff6	512	224	0	5566
5786	1	12364647810840	none	5567	0effeff6	512	224	0	5567
5787	2	12364665126350	none	5568	0effeff6	512	224	0	5568
5788	3	12364682353230	none	5569	0effeff6	512	224	0	5569
5789	4	12364699643440	none	5570	0effeff6	512	224	0	5570
5790	5	12364716956400	none	5571	0effeff6	512	224	0	5571
5791	6	12364730170860	none	5572	0effeff6	512	224	0	5572
5792	7	12364747398820	none	5573	0effeff6	512	224	0	5573
5793	0	12364764607470	none	5574	0effeff6	512	224	0	5574
5794	1	12364781833820	none	5575	0effeff6	512	224	0	5575
5795	2	12364799223310	none	5576	0effeff6	512	224	0	5576
5796	3	12364816452750	none	5577	0effeff6	512	224	0	5577
5797	4	12364829641730	none	5578	0effeff6	512	224	0	5578
5798	5	12364846956590	none	5579	0effeff6	512	224	0	5579
5799	6	12364864199780	none	5580	0effeff6	512	224	0	5580
5800	7	12364881440060	none	5581	0effeff6	512	224	0	5581
5801	0	12364898653420	none	5582	0effeff6	512	224	0	5582
5802	1	12364915892560	none	5583	0effeff6	512	224	0	5583
5803	2	12364933160370	none	5584	0effeff6	512	224	0	5584
5804	3	12364946373890	none	5585	0effeff6	512	224	0	5585
5805	4	12364963597000	none	5586	0effeff6	512	224	0	5586
5806	5	12364980832590	none	5587	0effeff6	512	224	0	5587
5807	6	12364998209740	none	5588	0effeff6	512	224	0	5588
5808	7	12365015442400	none	5589	0effeff6	512	224	0	5589
5809	0	12365032663420	none	5590	0effeff6	512	224	0	5590
5810	1	12365045997060	none	5591	0effeff6	512	224	0	5591
5811	2	12365063239220	none	5592	0effeff6	512	224	0	5592
5812	3	12365080473360	none	5593	0effeff6	512	224	0	5593
5813	4	12365097698780	none	5594	0effeff6	512	224	0	5594
5814	5	12365114920830	none	5595	0effeff6	512	224	0	5595
5815	6	12365132164140	none	5596	0effeff6	512	224	0	5596
5816	7	12365149441470	none	5597	0effeff6	512	224	0	5597
5817	0	12365162642030	none	5598	0effeff6	512	224	0	5598
5818	1	12365179990020	none	5599	0effeff6	512	224	0	5599
5819	2	12365197234340	none	5600	0effeff6	512	224	0	5600
5820	3	12365214507280	none	5601	0effeff6	512	224	0	5601
5821	4	12365231732010	none	5602	0effeff6	512	224	0	5602
5822	5	12365249044260	none	5603	0effeff6	512	224	0	5603
5823	6	12365262249030	none	5604	0effeff6	512	224	0	5604
5824	7	12365279514510	none	5605	0effeff6	512	224	0	5605
5825	0	12365296762780	none	5606	0effeff6	512	224	0	5606
5826	1	12365314122140	none	5607	0effeff6	512	224	0	5607
5827	2	12365331351250	none	5608	0effeff6	512	224	0	5608
5828	3	12365348676620	none	5609	0effeff6	512	224	0	5609
5829	4	12365365908360	none	5610	0effeff6	512	224	0	5610
5830	5	12365379115310	none	5611	0effeff6	512	224	0	5611
5831	6	12365396370600	none	5612	0effeff6	512	224	0	5612
5832	7	12365413692730	none	5613	0effeff6	512	224	0	5613
5833	0	12365430952940	none	5614	0effeff6	512	224	0	5614
5834	1	12365448195270	none	5615	0effeff6	512	224	0	5615
5835	2	12365465430680	none	5616	0effeff6	512	224	0	5616
5836	3	12365478668700	none	5617	0effeff6	512	224	0	5617
5837	4	12365496011420	none	5618	0effeff6	512	224	0	5618
5838	5	12365513294060	none	5619	0effeff6	512	224	0	5619
5839	6	12365530530330	none	5620	0effeff6	512	224	0	5620
5840	7	12365547850190	none	5621	0effeff6	512	224	0	5621
5841	0	12365565095610	none	5622	0effeff6	512	224	0	5622
5842	1	12365578289230	none	5623	0effeff6	512	224	0	5623
5843	2	12365595516980	none	5624	0effeff6	512	224	0	5624
5844	3	12365612796050	none	5625	0effeff6	512	224	0	5625
5845	4	12365630055070	none	5626	0effeff6	512	224	0	5626
5846	5	12365647399040	none	5627	0effeff6	512	224	0	5627
5847	6	12365664600130	none	5628	0effeff6	512	224	0	5628
5848	7	12365681873650	none	5629	0effeff6	512	224	0	5629
5849	0	12365695079290	none	5630	0effeff6	512	224	0	5630
5850	1	12365712374800	none	5631	0effeff6	512	224	0	5631
5851	2	12365729634430	none	5632	0effeff6	512	224	0	5632
5852	3	12365746903560	none	5633	0effeff6	512	224	0	5633
5853	4	12365764155880	none	5634	0effeff6	512	224	0	5634
5854	5	12365781396300	none	5635	0effeff6	512	224	0	5635
5855	6	12365794571690	none	5636	0effeff6	512	224	0	5636
5856	7	12365811770390	none	5637	0effeff6	512	224	0	5637
5857	0	12365829027740	none	5638	0effeff6	512	224	0	5638
5858	1	12365846425520	none	5639	0effeff6	512	224	0	5639
5859	2	12365863652110	none	5640	0effeff6	512	224	0	5640
5860	3	12365880902130	none	5641	0effeff6	512	224	0	5641
5861	4	12365898160950	none	5642	0effeff6	512	224	0	5642
5862	5	12365911360260	none	5643	0effeff6	512	224	0	5643
5863	6	12365928572850	none	5644	0effeff6	512	224	0	5644
5864	7	12365945901520	none	5645	0effeff6	512	224	0	5645
5865	0	12365963169780	none	5646	0effeff6	512	224	0	5646
5866	1	12365980412510	none	5647	0effeff6	512	224	0	5647
5867	2	12365997643530	none	5648	0effeff6	512	224	0	5648
5868	3	12366010851280	none	5649	0effeff6	512	224	0	5649
5869	4	12366028096910	none	5650	0effeff6	512	224	0	5650
5870	5	12366045314450	none	5651	0effeff6	512	224	0	5651
5871	6	12366062601400	none	5652	0effeff6	512	224	0	5652
5872	7	12366079914110	none	5653	0effeff6	512	224	0	5653
5873	0	12366097177260	none	5654	0effeff6	512	224	0	5654
5874	1	12366114403100	none	5655	0effeff6	512	224	0	5655
5875	2	12366127582520	none	5656	0effeff6	512	224	0	5656
5876	3	12366144808150	none	5657	0effeff6	512	224	0	5657
5877	4	12366162110030	none	5658	0effeff6	512	224	0	5658
5878	5	12366179401820	none	5659	0effeff6	512	224	0	5659
5879	6	12366196736880	none	5660	0effeff6	512	224	0	5660
5880	7	12366213993640	none	5661	0effeff6	512	224	0	5661
5881	0	12366227182350	none	5662	0effeff6	512	224	0	5662
5882	1	12366244391890	none	5663	0effeff6	512	224	0	5663
5883	2	12366261600490	none	5664	0effeff6	512	224	0	5664
5884	3	12366278890800	none	5665	0effeff6	512	224	0	5665
5885	4	12366296183740	none	5666	0effeff6	512	224	0	5666
5886	5	12366313413790	none	5667	0effeff6	512	224	0	5667
5887	6	12366330647770	none	5668	0effeff6	512	224	0	5668
5888	7	12366343848240	none	5669	0effeff6	512	224	0	5669
5889	0	12366361124410	none	5670	0effeff6	512	224	0	5670
5890	1	12366378351810	none	5671	0effeff6	512	224	0	5671
5891	2	12366395748750	none	5672	0effeff6	512	224	0	5672
5892	3	12366413046780	none	5673	0effeff6	512	224	0	5673
5893	4	12366430284160	none	5674	0effeff6	512	224	0	5674
5894	5	12366443466690	none	5675	0effeff6	512	224	0	5675
5895	6	12366460652110	none	5676	0effeff6	512	224	0	5676
5896	7	12366477923990	none	5677	0effeff6	512	224	0	5677
5897	0	12366495293290	none	5678	0effeff6	512	224	0	5678
5898	1	12366512575270	none	5679	0effeff6	512	224	0	5679
5899	2	12366529832100	none	5680	0effeff6	512	224	0	5680
5900	3	12366547097950	none	5681	0effeff6	512	224	0	5681
5901	4	12366560286830	none	5682	0effeff6	512	224	0	5682
5902	5	12366577509690	none	5683	0effeff6	512	224	0	5683
5903	6	12366594732000	none	5684	0effeff6	512	224	0	5684
5904	7	12366611959960	none	5685	0effeff6	512	224	0	5685
5905	0	12366629240390	none	5686	0effeff6	512	224	0	5686
5906	1	12366646485340	none	5687	0effeff6	512	224	0	5687
5907	2	12366663704440	none	5688	0effeff6	512	224	0	5688
5908	3	12366676876760	none	5689	0effeff6	512	224	0	5689
5909	4	12366694255420	none	5690	0effeff6	512	224	0	5690
5910	5	12366711475560	none	5691	0effeff6	512	224	0	5691
5911	6	12366728707360	none	5692	0effeff6	512	224	0	5692
5912	7	12366746182980	none	5693	0effeff6	512	224	0	5693
5913	0	12366763459930	none	5694	0effeff6	512	224	0	5694
5914	1	12366776627950	none	5695	0effeff6	512	224	0	5695
5915	2	12366793862080	none	5696	0effeff6	512	224	0	5696
5916	3	12366811106920	none	5697	0effeff6	512	224	0	5697
5917	4	12366828364020	none	5698	0effeff6	512	224	0	5698
5918	5	12366845664880	none	5699	0effeff6	512	224	0	5699
5919	6	12366862964210	none	5700	0effeff6	512	224	0	5700
5920	7	12366876171640	none	5701	0effeff6	512	224	0	5701
5921	0	12366893445110	none	5702	0effeff6	512	224	0	5702
5922	1	12366910669240	none	5703	0effeff6	512	224	0	5703
5923	2	12366927901790	none	5704	0effeff6	512	224	0	5704
5924	3	12366945152340	none	5705	0effeff6	512	224	0	5705
5925	4	12366962464610	none	5706	0effeff6	512	224	0	5706
5926	5	12366979704740	none	5707	0effeff6	512	224	0	5707
5927	6	12366992886050	none	5708	0effeff6	512	224	0	5708
5928	7	12367010223180	none	5709	0effeff6	512	224	0	5709
5929	0	12367027515390	none	5710	0effeff6	512	224	0	5710
5930	1	12367044733150	none	5711	0effeff6	512	224	0	5711
5931	2	12367061939290	none	5712	0effeff6	512	224	0	5712
5932	3	12367079224060	none	5713	0effeff6	512	224	0	5713
5933	4	12367092444100	none	5714	0effeff6	512	224	0	5714
5934	5	12367109683770	none	5715	0effeff6	512	224	0	5715
5935	6	12367126905760	none	5716	0effeff6	512	224	0	5716
5936	7	12367144169910	none	5717	0effeff6	512	224	0	5717
5937	0	12367161401210	none	5718	0effeff6	512	224	0	5718
5938	1	12367178609880	none	5719	0effeff6	512	224	0	5719
5939	2	12367195933390	none	5720	0effeff6	512	224	0	5720
5940	3	12367209299690	none	5721	0effeff6	512	224	0	5721
5941	4	12367226499390	none	5722	0effeff6	512	224	0	5722
5942	5	12367243828720	none	5723	0effeff6	512	224	0	5723
5943	6	12367261105470	none	5724	0effeff6	512	224	0	5724
5944	7	12367278387430	none	5725	0effeff6	512	224	0	5725
5945	0	12367295687830	none	5726	0effeff6	512	224	0	5726
5946	1	12367308917250	none	5727	0effeff6	512	224	0	5727
5947	2	12367326141480	none	5728	0effeff6	512	224	0	5728
5948	3	12367343486140	none	5729	0effeff6	512	224	0	5729
5949	4	12367360716680	none	5730	0effeff6	512	224	0	5730
5950	5	12367377939370	none	5731	0effeff6	512	224	0	5731
5951	6	12367395220080	none	5732	0effeff6	512	224	0	5732
5952	7	12367408576310	none	5733	0effeff6	512	224	0	5733
5953	0	12367425765210	none	5734	0effeff6	512	224	0	5734
5954	1	12367443098320	none	5735	0effeff6	512	224	0	5735
5955	2	12367460327020	none	5736	0effeff6	512	224	0	5736
5956	3	12367477539510	none	5737	0effeff6	512	224	0	5737
5957	4	12367494772660	none	5738	0effeff6	512	224	0	5738
5958	5	12367512142840	none	5739	0effeff6	512	224	0	5739
5959	6	12367525380490	none	5740	0effeff6	512	224	0	5740
5960	7	12367542818710	none	5741	0effeff6	512	224	0	5741
5961	0	12367560170680	none	5742	0effeff6	512	224	0	5742
5962	1	12367577414210	none	5743	0effeff6	512	224	0	5743
5963	2	12367594631350	none	5744	0effeff6	512	224	0	5744
5964	3	12367611884490	none	5745	0effeff6	512	224	0	5745
5965	4	12367625148130	none	5746	0effeff6	512	224	0	5746
5966	5	12367642489730	none	5747	0effeff6	512	224	0	5747
5967	6	12367659768670	none	5748	0effeff6	512	224	0	5748
5968	7	12367676996810	none	5749	0effeff6	512	224	0	5749
5969	0	12367694246760	none	5750	0effeff6	512	224	0	5750
5970	1	12367711469210	none	5751	0effeff6	512	224	0	5751
5971	2	12367728693680	none	5752	0effeff6	512	224	0	5752
5972	3	12367741978930	none	5753	0effeff6	512	224	0	5753
5973	4	12367759218000	none	5754	0effeff6	512	224	0	5754
5974	5	12367776456840	none	5755	0effeff6	512	224	0	5755
5975	6	12367793705230	none	5756	0effeff6	512	224	0	5756
5976	7	12367810979500	none	5757	0effeff6	512	224	0	5757
5977	0	12367828323850	none	5758	0effeff6	512	224	0	5758
5978	1	12367841493700	none	5759	0effeff6	512	224	0	5759
5979	2	12367858695180	none	5760	0effeff6	512	224	0	5760
5980	3	12367875894620	none	5761	0effeff6	512	224	0	5761
5981	4	12367893167210	none	5762	0effeff6	512	224	0	5762
5982	5	12367910380460	none	5763	0effeff6	512	224	0	5763
5983	6	12367927582450	none	5764	0effeff6	512	224	0	5764
5984	7	12367944884960	none	5765	0effeff6	512	224	0	5765
5985	0	12367958097790	none	5766	0effeff6	512	224	0	5766
5986	1	12367975321440	none	5767	0effeff6	512	224	0	5767
5987	2	12367992547430	none	5768	0effeff6	512	224	0	5768
5988	3	12368009805490	none	5769	0effeff6	512	224	0	5769
5989	4	12368027131040	none	5770	0effeff6	512	224	0	5770
5990	5	12368044372310	none	5771	0effeff6	512	224	0	5771
5991	6	12368057637630	none	5772	0effeff6	512	224	0	5772
5992	7	12368075012920	none	5773	0effeff6	512	224	0	5773
5993	0	12368092271960	none	5774	0effeff6	512	224	0	5774
5994	1	12368109509110	none	5775	0effeff6	512	224	0	5775
5995	2	12368126740460	none	5776	0effeff6	512	224	0	5776
5996	3	12368143950850	none	5777	0effeff6	512	224	0	5777
5997	4	12368157294210	none	5778	0effeff6	512	224	0	5778
5998	5	12368174602420	none	5779	0effeff6	512	224	0	5779
5999	6	12368191910580	none	5780	0effeff6	512	224	0	5780
6000	7	12368209171480	none	5781	0effeff6	512	224	0	5781
6001	0	12368226385070	none	5782	0effeff6	512	224	0	5782
6002	1	12368243596240	none	5783	0effeff6	512	224	0	5783
6003	2	12368260898910	none	5784	0effeff6	512	224	0	5784
6004	3	12368274115650	none	5785	0effeff6	512	224	0	5785
6005	4	12368291349050	none	5786	0effeff6	512	224	0	5786
6006	5	12368308565760	none	5787	0effeff6	512	224	0	5787
6007	6	12368325789830	none	5788	0effeff6	512	224	0	5788
6008	7	12368343227960	none	5789	0effeff6	512	224	0	5789
6009	0	12368360550940	none	5790	0effeff6	512	224	0	5790
6010	1	12368373758350	none	5791	0effeff6	512	224	0	5791
6011	2	12368391136320	none	5792	0effeff6	512	224	0	5792
6012	3	12368408357570	none	5793	0effeff6	512	224	0	5793
6013	4	12368425641010	none	5794	0effeff6	512	224	0	5794
6014	5	12368442872930	none	5795	0effeff6	512	224	0	5795
6015	6	12368460230310	none	5796	0effeff6	512	224	0	5796
6016	7	12368477441930	none	5797	0effeff6	512	224	0	5797
6017	0	12368490615750	none	5798	0effeff6	512	224	0	5798
6018	1	12368507945950	none	5799	0effeff6	512	224	0	5799
6019	2	12368525192480	none	5800	0effeff6	512	224	0	5800
6020	3	12368542417370	none	5801	0effeff6	512	224	0	5801
6021	4	12368559621720	none	5802	0effeff6	512	224	0	5802
6022	5	12368576854130	none	5803	0effeff6	512	224	0	5803
6023	6	12368590057130	none	5804	0effeff6	512	224	0	5804
6024	7	12368607342290	none	5805	0effeff6	512	224	0	5805
6025	0	12368624537390	none	5806	0effeff6	512	224	0	5806
6026	1	12368641754740	none	5807	0effeff6	512	224	0	5807
6027	2	12368659141460	none	5808	0effeff6	512	224	0	5808
6028	3	12368676362380	none	5809	0effeff6	512	224	0	5809
6029	4	12368693597070	none	5810	0effeff6	512	224	0	5810
6030	5	12368706954940	none	5811	0effeff6	512	224	0	5811
6031	6	12368724193760	none	5812	0effeff6	512	224	0	5812
6032	7	12368741420470	none	5813	0effeff6	512	224	0	5813
6033	0	12368758627520	none	5814	0effeff6	512	224	0	5814
6034	1	12368775821530	none	5815	0effeff6	512	224	0	5815
6035	2	12368793082880	none	5816	0effeff6	512	224	0	5816
6036	3	12368806295960	none	5817	0effeff6	512	224	0	5817
6037	4	12368823499060	none	5818	0effeff6	512	224	0	5818
6038	5	12368840740180	none	5819	0effeff6	512	224	0	5819
6039	6	12368857977020	none	5820	0effeff6	512	224	0	5820
6040	7	12368875228090	none	5821	0effeff6	512	224	0	5821
6041	0	12368892435820	none	5822	0effeff6	512	224	0	5822
6042	1	12368909741790	none	5823	0effeff6	512	224	0	5823
6043	2	12368922934840	none	5824	0effeff6	512	224	0	5824
6044	3	12368940174170	none	5825	0effeff6	512	224	0	5825
6045	4	12368957415890	none	5826	0effeff6	512	224	0	5826
6046	5	12368974674950	none	5827	0effeff6	512	224	0	5827
6047	6	12368991888760	none	5828	0effeff6	512	224	0	5828
6048	7	12369009250100	none	5829	0effeff6	512	224	0	5829
6049	0	12369026444090	none	5830	0effeff6	512	224	0	5830
6050	1	12369039620160	none	5831	0effeff6	512	224	0	5831
6051	2	12369056844350	none	5832	0effeff6	512	224	0	5832
6052	3	12369074133160	none	5833	0effeff6	512	224	0	5833
6053	4	12369091363080	none	5834	0effeff6	512	224	0	5834
6054	5	12369108676570	none	5835	0effeff6	512	224	0	5835
6055	6	12369125950220	none	5836	0effeff6	512	224	0	5836
6056	7	12369139168060	none	5837	0effeff6	512	224	0	5837
6057	0	12369156391770	none	5838	0effeff6	512	224	0	5838
6058	1	12369173599910	none	5839	0effeff6	512	224	0	5839
6059	2	12369190839170	none	5840	0effeff6	512	224	0	5840
6060	3	12369208242120	none	5841	0effeff6	512	224	0	5841
6061	4	12369225460350	none	5842	0effeff6	512	224	0	5842
6062	5	12369242707740	none	5843	0effeff6	512	224	0	5843
6063	6	12369255958360	none	5844	0effeff6	512	224	0	5844
6064	7	12369273200310	none	5845	0effeff6	512	224	0	5845
6065	0	12369290439300	none	5846	0effeff6	512	224	0	5846
6066	1	12369307707320	none	5847	0effeff6	512	224	0	5847
6067	2	12369324920930	none	5848	0effeff6	512	224	0	5848
6068	3	12369342163990	none	5849	0effeff6	512	224	0	5849
6069	4	12369355367820	none	5850	0effeff6	512	224	0	5850
6070	5	12369372649810	none	5851	0effeff6	512	224	0	5851
6071	6	12369389974080	none	5852	0effeff6	512	224	0	5852
6072	7	12369407216300	none	5853	0effeff6	512	224	0	5853
6073	0	12369424570240	none	5854	0effeff6	512	224	0	5854
6074	1	12369441872350	none	5855	0effeff6	512	224	0	5855
6075	2	12369455138030	none	5856	0effeff6	512	224	0	5856
6076	3	12369472367020	none	5857	0effeff6	512	224	0	5857
6077	4	12369489578490	none	5858	0effeff6	512	224	0	5858
6078	5	12369506805750	none	5859	0effeff6	512	224	0	5859
6079	6	12369524069330	none	5860	0effeff6	512	224	0	5860
6080	7	12369541300900	none	5861	0effeff6	512	224	0	5861
6081	0	12369558535850	none	5862	0effeff6	512	224	0	5862
6082	1	12369571735970	none	5863	0effeff6	512	224	0	5863
6083	2	12369588997070	none	5864	0effeff6	512	224	0	5864
6084	3	12369606225100	none	5865	0effeff6	512	224	0	5865
6085	4	12369623433670	none	5866	0effeff6	512	224	0	5866
6086	5	12369640644050	none	5867	0effeff6	512	224	0	5867
6087	6	12369658032260	none	5868	0effeff6	512	224	0	5868
6088	7	12369675316980	none	5869	0effeff6	512	224	0	5869
6089	0	12369688511450	none	5870	0effeff6	512	224	0	5870
6090	1	12369705722760	none	5871	0effeff6	512	224	0	5871
6091	2	12369723098680	none	5872	0effeff6	512	224	0	5872
6092	3	12369740327410	none	5873	0effeff6	512	224	0	5873
6093	4	12369757707400	none	5874	0effeff6	512	224	0	5874
6094	5	12369774949630	none	5875	0effeff6	512	224	0	5875
6095	6	12369788180660	none	5876	0effeff6	512	224	0	5876
6096	7	12369805422580	none	5877	0effeff6	512	224	0	5877
6097	0	12369822644390	none	5878	0effeff6	512	224	0	5878
6098	1	12369839845440	none	5879	0effeff6	512	224	0	5879
6099	2	12369857221170	none	5880	0effeff6	512	224	0	5880
6100	3	12369874451840	none	5881	0effeff6	512	224	0	5881
6101	4	12369891659570	none	5882	0effeff6	512	224	0	5882
6102	5	12369904834870	none	5883	0effeff6	512	224	0	5883
6103	6	12369922098470	none	5884	0effeff6	512	224	0	5884
6104	7	12369939360240	none	5885	0effeff6	512	224	0	5885
6105	0	12369956694820	none	5886	0effeff6	512	224	0	5886
6106	1	12369973946300	none	5887	0effeff6	512	224	0	5887
6107	2	12369991189790	none	5888	0effeff6	512	224	0	5888
6108	3	12370004384950	none	5889	0effeff6	512	224	0	5889
6109	4	12370021588120	none	5890	0effeff6	512	224	0	5890
6110	5	12370038805500	none	5891	0effeff6	512	224	0	5891
6111	6	12370056188840	none	5892	0effeff6	512	224	0	5892
6112	7	12370073434340	none	5893	0effeff6	512	224	0	5893
6113	0	12370090674270	none	5894	0effeff6	512	224	0	5894
6114	1	12370107986390	none	5895	0effeff6	512	224	0	5895
6115	2	12370121180810	none	5896	0effeff6	512	224	0	5896
6116	3	12370138413330	none	5897	0effeff6	512	224	0	5897
6117	4	12370155639870	none	5898	0effeff6	512	224	0	5898
6118	5	12370172847780	none	5899	0effeff6	512	224	0	5899
6119	6	12370190102480	none	5900	0effeff6	512	224	0	5900
6120	7	12370207348280	none	5901	0effeff6	512	224	0	5901
6121	0	12370224556370	none	5902	0effeff6	512	224	0	5902
6122	1	12370237750440	none	5903	0effeff6	512	224	0	5903
6123	2	12370254982970	none	5904	0effeff6	512	224	0	5904
6124	3	12370272220980	none	5905	0effeff6	512	224	0	5905
6125	4	12370289440800	none	5906	0effeff6	512	224	0	5906
6126	5	12370306697970	none	5907	0effeff6	512	224	0	5907
6127	6	12370323925350	none	5908	0effeff6	512	224	0	5908
6128	7	12370337133540	none	5909	0effeff6	512	224	0	5909
6129	0	12370354341600	none	5910	0effeff6	512	224	0	5910
6130	1	12370371556200	none	5911	0effeff6	512	224	0	5911
6131	2	12370388882310	none	5912	0effeff6	512	224	0	5912
6132	3	12370406123080	none	5913	0effeff6	512	224	0	5913
6133	4	12370423344800	none	5914	0effeff6	512	224	0	5914
6134	5	12370440560950	none	5915	0effeff6	512	224	0	5915
6135	6	12370453774240	none	5916	0effeff6	512	224	0	5916
6136	7	12370471204280	none	5917	0effeff6	512	224	0	5917
6137	0	12370488422000	none	5918	0effeff6	512	224	0	5918
6138	1	12370505725130	none	5919	0effeff6	512	224	0	5919
6139	2	12370522967280	none	5920	0effeff6	512	224	0	5920
6140	3	12370540204290	none	5921	0effeff6	512	224	0	5921
6141	4	12370553396830	none	5922	0effeff6	512	224	0	5922
6142	5	12370570590690	none	5923	0effeff6	512	224	0	5923
6143	6	12370587838300	none	5924	0effeff6	512	224	0	5924
6144	7	12370605233240	none	5925	0effeff6	512	224	0	5925
6145	0	12370622449870	none	5926	0effeff6	512	224	0	5926
6146	1	12370639674150	none	5927	0effeff6	512	224	0	5927
6147	2	12370656992300	none	5928	0effeff6	512	224	0	5928
6148	3	12370670198600	none	5929	0effeff6	512	224	0	5929
6149	4	12370687402950	none	5930	0effeff6	512	224	0	5930
6150	5	12370704719320	none	5931	0effeff6	512	224	0	5931
6151	6	12370721958790	none	5932	0effeff6	512	224	0	5932
6152	7	12370739227060	none	5933	0effeff6	512	224	0	5933
6153	0	12370756497470	none	5934	0effeff6	512	224	0	5934
6154	1	12370769679530	none	5935	0effeff6	512	224	0	5935
6155	2	12370786909500	none	5936	0effeff6	512	224	0	5936
6156	3	12370804275950	none	5937	0effeff6	512	224	0	5937
6157	4	12370821484150	none	5938	0effeff6	512	224	0	5938
6158	5	12370838707870	none	5939	0effeff6	512	224	0	5939
6159	6	12370855993650	none	5940	0effeff6	512	224	0	5940
6160	7	12370873348730	none	5941	0effeff6	512	224	0	5941
6161	0	12370886541790	none	5942	0effeff6	512	224	0	5942
6162	1	12370903766170	none	5943	0effeff6	512	224	0	5943
6163	2	12370921004690	none	5944	0effeff6	512	224	0	5944
6164	3	12370938245690	none	5945	0effeff6	512	224	0	5945
6165	4	12370955459040	none	5946	0effeff6	512	224	0	5946
6166	5	12370972670300	none	5947	0effeff6	512	224	0	5947
6167	6	12370986011410	none	5948	0effeff6	512	224	0	5948
6168	7	12371003283060	none	5949	0effeff6	512	224	0	5949
6169	0	12371020484940	none	5950	0effeff6	512	224	0	5950
6170	1	12371037702660	none	5951	0effeff6	512	224	0	5951
6171	2	12371055042850	none	5952	0effeff6	512	224	0	5952
6172	3	12371072284040	none	5953	0effeff6	512	224	0	5953
6173	4	12371089519720	none	5954	0effeff6	512	224	0	5954
6174	5	12371102721010	none	5955	0effeff6	512	224	0	5955
6175	6	12371119956620	none	5956	0effeff6	512	224	0	5956
6176	7	12371137197650	none	5957	0effeff6	512	224	0	5957
6177	0	12371154459580	none	5958	0effeff6	512	224	0	5958
6178	1	12371171669590	none	5959	0effeff6	512	224	0	5959
6179	2	12371189049030	none	5960	0effeff6	512	224	0	5960
6180	3	12371206285460	none	5961	0effeff6	512	224	0	5961
6181	4	12371219555440	none	5962	0effeff6	512	224	0	5962
6182	5	12371236753260	none	5963	0effeff6	512	224	0	5963
6183	6	12371254060780	none	5964	0effeff6	512	224	0	5964
6184	7	12371271360660	none	5965	0effeff6	512	224	0	5965
6185	0	12371288589940	none	5966	0effeff6	512	224	0	5966
6186	1	12371305818650	none	5967	0effeff6	512	224	0	5967
6187	2	12371319162980	none	5968	0effeff6	512	224	0	5968
6188	3	12371336387900	none	5969	0effeff6	512	224	0	5969
6189	4	12371353677880	none	5970	0effeff6	512	224	0	5970
6190	5	12371370944430	none	5971	0effeff6	512	224	0	5971
6191	6	12371388189370	none	5972	0effeff6	512	224	0	5972
6192	7	12371405416120	none	5973	0effeff6	512	224	0	5973
6193	0	12371418586990	none	5974	0effeff6	512	224	0	5974
6194	1	12371435870040	none	5975	0effeff6	512	224	0	5975
6195	2	12371453225090	none	5976	0effeff6	512	224	0	5976
6196	3	12371470453680	none	5977	0effeff6	512	224	0	5977
6197	4	12371487654050	none	5978	0effeff6	512	224	0	5978
6198	5	12371504879110	none	5979	0effeff6	512	224	0	5979
6199	6	12371522254530	none	5980	0effeff6	512	224	0	5980
6200	7	12371535490090	none	5981	0effeff6	512	224	0	5981
6201	0	12371552822370	none	5982	0effeff6	512	224	0	5982
6202	1	12371570067880	none	5983	0effeff6	512	224	0	5983
6203	2	12371587343010	none	5984	0effeff6	512	224	0	5984
6204	3	12371604577400	none	5985	0effeff6	512	224	0	5985
6205	4	12371621803180	none	5986	0effeff6	512	224	0	5986
6206	5	12371635011790	none	5987	0effeff6	512	224	0	5987
6207	6	12371652369200	none	5988	0effeff6	512	224	0	5988
6208	7	12371669581110	none	5989	0effeff6	512	224	0	5989
6209	0	12371686834100	none	5990	0effeff6	512	224	0	5990
6210	1	12371704125180	none	5991	0effeff6	512	224	0	5991
6211	2	12371721360330	none	5992	0effeff6	512	224	0	5992
6212	3	12371738565000	none	5993	0effeff6	512	224	0	5993
6213	4	12371751743140	none	5994	0effeff6	512	224	0	5994
6214	5	12371768984880	none	5995	0effeff6	512	224	0	5995
6215	6	12371786272180	none	5996	0effeff6	512	224	0	5996
6216	7	12371803503440	none	5997	0effeff6	512	224	0	5997
6217	0	12371820746370	none	5998	0effeff6	512	224	0	5998
6218	1	12371838081670	none	5999	0effeff6	512	224	0	5999
6219	2	12371851271960	none	6000	0effeff6	512	224	0	6000
6220	3	12371868483690	none	6001	0effeff6	512	224	0	6001
6221	4	12371885686670	none	6002	0effeff6	512	224	0	6002
6222	5	12371903018190	none	6003	0effeff6	512	224	0	6003
6223	6	12371920250480	none	6004	0effeff6	512	224	0	6004
6224	7	12371937485230	none	6005	0effeff6	512	224	0	6005
6225	0	12371954746070	none	6006	0effeff6	512	224	0	6006
6226	1	12371968028590	none	6007	0effeff6	512	224	0	6007
6227	2	12371985260540	none	6008	0effeff6	512	224	0	6008
6228	3	12372002476230	none	6009	0effeff6	512	224	0	6009
6229	4	12372019733720	none	6010	0effeff6	512	224	0	6010
6230	5	12372037076190	none	6011	0effeff6	512	224	0	6011
6231	6	12372054283190	none	6012	0effeff6	512	224	0	6012
6232	7	12372067574520	none	6013	0effeff6	512	224	0	6013
6233	0	12372084904040	none	6014	0effeff6	512	224	0	6014
6234	1	12372102210240	none	6015	0effeff6	512	224	0	6015
6235	2	12372119437690	none	6016	0effeff6	512	224	0	6016
6236	3	12372136639290	none	6017	0effeff6	512	224	0	6017
6237	4	12372153864210	none	6018	0effeff6	512	224	0	6018
6238	5	12372171225340	none	6019	0effeff6	512	224	0	6019
6239	6	12372184415140	none	6020	0effeff6	512	224	0	6020
6240	7	12372201762850	none	6021	0effeff6	512	224	0	6021
6241	0	12372219008720	none	6022	0effeff6	512	224	0	6022
6242	1	12372236263770	none	6023	0effeff6	512	224	0	6023
6243	2	12372253472330	none	6024	0effeff6	512	224	0	6024
6244	3	12372270690740	none	6025	0effeff6	512	224	0	6025
6245	4	12372283888100	none	6026	0effeff6	512	224	0	6026
6246	5	12372301273040	none	6027	0effeff6	512	224	0	6027
6247	6	12372318500970	none	6028	0effeff6	512	224	0	6028
6248	7	12372335816740	none	6029	0effeff6	512	224	0	6029
6249	0	12372353052210	none	6030	0effeff6	512	224	0	6030
6250	1	12372370392570	none	6031	0effeff6	512	224	0	6031
6251	2	12372387627250	none	6032	0effeff6	512	224	0	6032
6252	3	12372400825950	none	6033	0effeff6	512	224	0	6033
6253	4	12372418059350	none	6034	0effeff6	512	224	0	6034
6254	5	12372435285020	none	6035	0effeff6	512	224	0	6035
6255	6	12372452492890	none	6036	0effeff6	512	224	0	6036
6256	7	12372469716070	none	6037	0effeff6	512	224	0	6037
6257	0	12372486963520	none	6038	0effeff6	512	224	0	6038
6258	1	12372500179250	none	6039	0effeff6	512	224	0	6039
6259	2	12372517406490	none	6040	0effeff6	512	224	0	6040
6260	3	12372534620220	none	6041	0effeff6	512	224	0	6041
6261	4	12372551966590	none	6042	0effeff6	512	224	0	6042
6262	5	12372569283510	none	6043	0effeff6	512	224	0	6043
6263	6	12372586779130	none	6044	0effeff6	512	224	0	6044
6264	7	12372600144580	none	6045	0effeff6	512	224	0	6045
6265	0	12372617455900	none	6046	0effeff6	512	224	0	6046
6266	1	12372634757860	none	6047	0effeff6	512	224	0	6047
6267	2	12372652025760	none	6048	0effeff6	512	224	0	6048
6268	3	12372669270390	none	6049	0effeff6	512	224	0	6049
6269	4	12372686480540	none	6050	0effeff6	512	224	0	6050
6270	5	12372703737800	none	6051	0effeff6	512	224	0	6051
6271	6	12372716969890	none	6052	0effeff6	512	224	0	6052
6272	7	12372734208230	none	6053	0effeff6	512	224	0	6053
6273	0	12372751447480	none	6054	0effeff6	512	224	0	6054
6274	1	12372768722290	none	6055	0effeff6	512	224	0	6055
6275	2	12372785986040	none	6056	0effeff6	512	224	0	6056
6276	3	12372803214230	none	6057	0effeff6	512	224	0	6057
6277	4	12372816408840	none	6058	0effeff6	512	224	0	6058
6278	5	12372833625920	none	6059	0effeff6	512	224	0	6059
6279	6	12372850988770	none	6060	0effeff6	512	224	0	6060
6280	7	12372868239720	none	6061	0effeff6	512	224	0	6061
6281	0	12372885455290	none	6062	0effeff6	512	224	0	6062
6282	1	12372902678190	none	6063	0effeff6	512	224	0	6063
6283	2	12372920016360	none	6064	0effeff6	512	224	0	6064
6284	3	12372933227970	none	6065	0effeff6	512	224	0	6065
6285	4	12372950465260	none	6066	0effeff6	512	224	0	6066
6286	5	12372967712750	none	6067	0effeff6	512	224	0	6067
6287	6	12372985082430	none	6068	0effeff6	512	224	0	6068
6288	7	12373002315630	none	6069	0effeff6	512	224	0	6069
6289	0	12373019643130	none	6070	0effeff6	512	224	0	6070
6290	1	12373032900530	none	6071	0effeff6	512	224	0	6071
6291	2	12373050156810	none	6072	0effeff6	512	224	0	6072
6292	3	12373067393540	none	6073	0effeff6	512	224	0	6073
6293	4	12373084620670	none	6074	0effeff6	512	224	0	6074
6294	5	12373101931190	none	6075	0effeff6	512	224	0	6075
6295	6	12373119329700	none	6076	0effeff6	512	224	0	6076
6296	7	12373132533850	none	6077	0effeff6	512	224	0	6077
6297	0	12373149801200	none	6078	0effeff6	512	224	0	6078
6298	1	12373167042020	none	6079	0effeff6	512	224	0	6079
6299	2	12373184262740	none	6080	0effeff6	512	224	0	6080
6300	3	12373201542910	none	6081	0effeff6	512	224	0	6081
6301	4	12373218897730	none	6082	0effeff6	512	224	0	6082
6302	5	12373236146130	none	6083	0effeff6	512	224	0	6083
6303	6	12373249343400	none	6084	0effeff6	512	224	0	6084
6304	7	12373266576010	none	6085	0effeff6	512	224	0	6085
6305	0	12373283781850	none	6086	0effeff6	512	224	0	6086
6306	1	12373301044860	none	6087	0effeff6	512	224	0	6087
6307	2	12373318391380	none	6088	0effeff6	512	224	0	6088
6308	3	12373335622640	none	6089	0effeff6	512	224	0	6089
6309	4	12373348845110	none	6090	0effeff6	512	224	0	6090
6310	5	12373366116600	none	6091	0effeff6	512	224	0	6091
6311	6	12373383323580	none	6092	0effeff6	512	224	0	6092
6312	7	12373400531530	none	6093	0effeff6	512	224	0	6093
6313	0	12373417835910	none	6094	0effeff6	512	224	0	6094
6314	1	12373435081380	none	6095	0effeff6	512	224	0	6095
6315	2	12373452326150	none	6096	0effeff6	512	224	0	6096
6316	3	12373465533010	none	6097	0effeff6	512	224	0	6097
6317	4	12373482764920	none	6098	0effeff6	512	224	0	6098
6318	5	12373500016930	none	6099	0effeff6	512	224	0	6099
6319	6	12373517248140	none	6100	0effeff6	512	224	0	6100
6320	7	12373534465680	none	6101	0effeff6	512	224	0	6101
6321	0	12373551707710	none	6102	0effeff6	512	224	0	6102
6322	1	12373568994870	none	6103	0effeff6	512	224	0	6103
6323	2	12373582220830	none	6104	0effeff6	512	224	0	6104
6324	3	12373599452200	none	6105	0effeff6	512	224	0	6105
6325	4	12373616693510	none	6106	0effeff6	512	224	0	6106
6326	5	12373633965310	none	6107	0effeff6	512	224	0	6107
6327	6	12373651208430	none	6108	0effeff6	512	224	0	6108
6328	7	12373668516740	none	6109	0effeff6	512	224	0	6109
6329	0	12373681720210	none	6110	0effeff6	512	224	0	6110
6330	1	12373699042990	none	6111	0effeff6	512	224	0	6111
6331	2	12373716262040	none	6112	0effeff6	512	224	0	6112
6332	3	12373733487000	none	6113	0effeff6	512	224	0	6113
6333	4	12373750733490	none	6114	0effeff6	512	224	0	6114
6334	5	12373768042650	none	6115	0effeff6	512	224	0	6115
6335	6	12373785298710	none	6116	0effeff6	512	224	0	6116
6336	7	12373798460440	none	6117	0effeff6	512	224	0	6117
6337	0	12373815710730	none	6118	0effeff6	512	224	0	6118
6338	1	12373833076230	none	6119	0effeff6	512	224	0	6119
6339	2	12373850340560	none	6120	0effeff6	512	224	0	6120
6340	3	12373867659040	none	6121	0effeff6	512	224	0	6121
6341	4	12373884954630	none	6122	0effeff6	512	224	0	6122
6342	5	12373898169550	none	6123	0effeff6	512	224	0	6123
6343	6	12373915390870	none	6124	0effeff6	512	224	0	6124
6344	7	12373932650390	none	6125	0effeff6	512	224	0	6125
6345	0	12373949904220	none	6126	0effeff6	512	224	0	6126
6346	1	12373967151240	none	6127	0effeff6	512	224	0	6127
6347	2	12373984382240	none	6128	0effeff6	512	224	0	6128
6348	3	12374001609210	none	6129	0effeff6	512	224	0	6129
6349	4	12374014807180	none	6130	0effeff6	512	224	0	6130
6350	5	12374032081220	none	6131	0effeff6	512	224	0	6131
6351	6	12374049297940	none	6132	0effeff6	512	224	0	6132
6352	7	12374066636050	none	6133	0effeff6	512	224	0	6133
6353	0	12374083949040	none	6134	0effeff6	512	224	0	6134
6354	1	12374101178240	none	6135	0effeff6	512	224	0	6135
6355	2	12374114390430	none	6136	0effeff6	512	224	0	6136
6356	3	12374131630770	none	6137	0effeff6	512	224	0	6137
6357	4	12374148865650	none	6138	0effeff6	512	224	0	6138
6358	5	12374166248120	none	6139	0effeff6	512	224	0	6139
6359	6	12374183463540	none	6140	0effeff6	512	224	0	6140
6360	7	12374200717610	none	6141	0effeff6	512	224	0	6141
6361	0	12374217997330	none	6142	0effeff6	512	224	0	6142
6362	1	12374231202280	none	6143	0effeff6	512	224	0	6143
6363	2	12374248438930	none	6144	0effeff6	512	224	0	6144
6364	3	12374265680780	none	6145	0effeff6	512	224	0	6145
6365	4	12374282959560	none	6146	0effeff6	512	224	0	6146
6366	5	12374300185160	none	6147	0effeff6	512	224	0	6147
6367	6	12374317427430	none	6148	0effeff6	512	224	0	6148
6368	7	12374330614500	none	6149	0effeff6	512	224	0	6149
6369	0	12374347857650	none	6150	0effeff6	512	224	0	6150
6370	1	12374365219740	none	6151	0effeff6	512	224	0	6151
6371	2	12374382474260	none	6152	0effeff6	512	224	0	6152
6372	3	12374399724550	none	6153	0effeff6	512	224	0	6153
6373	4	12374417144780	none	6154	0effeff6	512	224	0	6154
6374	5	12374430341370	none	6155	0effeff6	512	224	0	6155
6375	6	12374447527920	none	6156	0effeff6	512	224	0	6156
6376	7	12374464772780	none	6157	0effeff6	512	224	0	6157
6377	0	12374482030050	none	6158	0effeff6	512	224	0	6158
6378	1	12374499265590	none	6159	0effeff6	512	224	0	6159
6379	2	12374516491380	none	6160	0effeff6	512	224	0	6160
6380	3	12374533735810	none	6161	0effeff6	512	224	0	6161
6381	4	12374547039380	none	6162	0effeff6	512	224	0	6162
6382	5	12374564262310	none	6163	0effeff6	512	224	0	6163
6383	6	12374581465830	none	6164	0effeff6	512	224	0	6164
6384	7	12374598717820	none	6165	0effeff6	512	224	0	6165
6385	0	12374616042540	none	6166	0effeff6	512	224	0	6166
6386	1	12374633281240	none	6167	0effeff6	512	224	0	6167
6387	2	12374650519320	none	6168	0effeff6	512	224	0	6168
6388	3	12374663715320	none	6169	0effeff6	512	224	0	6169
6389	4	12374681078130	none	6170	0effeff6	512	224	0	6170
6390	5	12374698305130	none	6171	0effeff6	512	224	0	6171
6391	6	12374715640670	none	6172	0effeff6	512	224	0	6172
6392	7	12374732983080	none	6173	0effeff6	512	224	0	6173
6393	0	12374750252740	none	6174	0effeff6	512	224	0	6174
6394	1	12374763435610	none	6175	0effeff6	512	224	0	6175
6395	2	12374780686500	none	6176	0effeff6	512	224	0	6176
6396	3	12374797951640	none	6177	0effeff6	512	224	0	6177
6397	4	12374815195500	none	6178	0effeff6	512	224	0	6178
6398	5	12374832416280	none	6179	0effeff6	512	224	0	6179
6399	6	12374849671580	none	6180	0effeff6	512	224	0	6180
6400	7	12374866930450	none	6181	0effeff6	512	224	0	6181
6401	0	12374880277150	none	6182	0effeff6	512	224	0	6182
6402	1	12374897512010	none	6183	0effeff6	512	224	0	6183
6403	2	12374914863490	none	6184	0effeff6	512	224	0	6184
6404	3	12374932126070	none	6185	0effeff6	512	224	0	6185
6405	4	12374949342210	none	6186	0effeff6	512	224	0	6186
6406	5	12374966574730	none	6187	0effeff6	512	224	0	6187
6407	6	12374979752090	none	6188	0effeff6	512	224	0	6188
6408	7	12374997015400	none	6189	0effeff6	512	224	0	6189
6409	0	12375014367010	none	6190	0effeff6	512	224	0	6190
6410	1	12375031584810	none	6191	0effeff6	512	224	0	6191
6411	2	12375048817170	none	6192	0effeff6	512	224	0	6192
6412	3	12375066080200	none	6193	0effeff6	512	224	0	6193
6413	4	12375079290500	none	6194	0effeff6	512	224	0	6194
6414	5	12375096543960	none	6195	0effeff6	512	224	0	6195
6415	6	12375113775600	none	6196	0effeff6	512	224	0	6196
6416	7	12375131028410	none	6197	0effeff6	512	224	0	6197
6417	0	12375148272500	none	6198	0effeff6	512	224	0	6198
6418	1	12375165583650	none	6199	0effeff6	512	224	0	6199
6419	2	12375182800460	none	6200	0effeff6	512	224	0	6200
6420	3	12375196072840	none	6201	0effeff6	512	224	0	6201
6421	4	12375213469750	none	6202	0effeff6	512	224	0	6202
6422	5	12375230719340	none	6203	0effeff6	512	224	0	6203
6423	6	12375247986690	none	6204	0effeff6	512	224	0	6204
6424	7	12375265247780	none	6205	0effeff6	512	224	0	6205
6425	0	12375282456350	none	6206	0effeff6	512	224	0	6206
6426	1	12375295695400	none	6207	0effeff6	512	224	0	6207
6427	2	12375313159370	none	6208	0effeff6	512	224	0	6208
6428	3	12375330385180	none	6209	0effeff6	512	224	0	6209
6429	4	12375347612910	none	6210	0effeff6	512	224	0	6210
6430	5	12375364987150	none	6211	0effeff6	512	224	0	6211
6431	6	12375382233110	none	6212	0effeff6	512	224	0	6212
6432	7	12375395441100	none	6213	0effeff6	512	224	0	6213
6433	0	12375412802670	none	6214	0effeff6	512	224	0	6214
6434	1	12375430058260	none	6215	0effeff6	512	224	0	6215
6435	2	12375447306930	none	6216	0effeff6	512	224	0	6216
6436	3	12375464566700	none	6217	0effeff6	512	224	0	6217
6437	4	12375481795390	none	6218	0effeff6	512	224	0	6218
6438	5	12375499077340	none	6219	0effeff6	512	224	0	6219
6439	6	12375512274890	none	6220	0effeff6	512	224	0	6220
6440	7	12375529550680	none	6221	0effeff6	512	224	0	6221
6441	0	12375546881200	none	6222	0effeff6	512	224	0	6222
6442	1	12375564134870	none	6223	0effeff6	512	224	0	6223
6443	2	12375581409810	none	6224	0effeff6	512	224	0	6224
6444	3	12375598635900	none	6225	0effeff6	512	224	0	6225
6445	4	12375611860670	none	6226	0effeff6	512	224	0	6226
6446	5	12375629179530	none	6227	0effeff6	512	224	0	6227
6447	6	12375646416310	none	6228	0effeff6	512	224	0	6228
6448	7	12375663672760	none	6229	0effeff6	512	224	0	6229
6449	0	12375680937130	none	6230	0effeff6	512	224	0	6230
6450	1	12375698178440	none	6231	0effeff6	512	224	0	6231
6451	2	12375715406290	none	6232	0effeff6	512	224	0	6232
6452	3	12375728720500	none	6233	0effeff6	512	224	0	6233
6453	4	12375746060730	none	6234	0effeff6	512	224	0	6234
6454	5	12375763330740	none	6235	0effeff6	512	224	0	6235
6455	6	12375780571730	none	6236	0effeff6	512	224	0	6236
6456	7	12375797817770	none	6237	0effeff6	512	224	0	6237
6457	0	12375815074690	none	6238	0effeff6	512	224	0	6238
6458	1	12375828363830	none	6239	0effeff6	512	224	0	6239
6459	2	12375845671090	none	6240	0effeff6	512	224	0	6240
6460	3	12375863087800	none	6241	0effeff6	512	224	0	6241
6461	4	12375880334730	none	6242	0effeff6	512	224	0	6242
6462	5	12375897567490	none	6243	0effeff6	512	224	0	6243
6463	6	12375914806780	none	6244	0effeff6	512	224	0	6244
6464	7	12375928151200	none	6245	0effeff6	512	224	0	6245
6465	0	12375945365850	none	6246	0effeff6	512	224	0	6246
6466	1	12375962972180	none	6247	0effeff6	512	224	0	6247
6467	2	12375980213150	none	6248	0effeff6	512	224	0	6248
6468	3	12375997453190	none	6249	0effeff6	512	224	0	6249
6469	4	12376014700960	none	6250	0effeff6	512	224	0	6250
6470	5	12376027985700	none	6251	0effeff6	512	224	0	6251
6471	6	12376045206640	none	6252	0effeff6	512	224	0	6252
6472	7	12376062570430	none	6253	0effeff6	512	224	0	6253
6473	0	12376079829500	none	6254	0effeff6	512	224	0	6254
6474	1	12376097097390	none	6255	0effeff6	512	224	0	6255
6475	2	12376114322380	none	6256	0effeff6	512	224	0	6256
6476	3	12376127640950	none	6257	0effeff6	512	224	0	6257
6477	4	12376144902630	none	6258	0effeff6	512	224	0	6258
6478	5	12376162133360	none	6259	0effeff6	512	224	0	6259
6479	6	12376179403230	none	6260	0effeff6	512	224	0	6260
6480	7	12376196668950	none	6261	0effeff6	512	224	0	6261
6481	0	12376213987140	none	6262	0effeff6	512	224	0	6262
6482	1	12376231342840	none	6263	0effeff6	512	224	0	6263
6483	2	12376244526250	none	6264	0effeff6	512	224	0	6264
6484	3	12376261888800	none	6265	0effeff6	512	224	0	6265
6485	4	12376279189340	none	6266	0effeff6	512	224	0	6266
6486	5	12376296421300	none	6267	0effeff6	512	224	0	6267
6487	6	12376313705130	none	6268	0effeff6	512	224	0	6268
6488	7	12376331140790	none	6269	0effeff6	512	224	0	6269
6489	0	12376344325700	none	6270	0effeff6	512	224	0	6270
6490	1	12376361561920	none	6271	0effeff6	512	224	0	6271
6491	2	12376378787300	none	6272	0effeff6	512	224	0	6272
6492	3	12376396110920	none	6273	0effeff6	512	224	0	6273
6493	4	12376413397300	none	6274	0effeff6	512	224	0	6274
6494	5	12376430745990	none	6275	0effeff6	512	224	0	6275
6495	6	12376443972160	none	6276	0effeff6	512	224	0	6276
6496	7	12376461214190	none	6277	0effeff6	512	224	0	6277
6497	0	12376478442880	none	6278	0effeff6	512	224	0	6278
6498	1	12376495765970	none	6279	0effeff6	512	224	0	6279
6499	2	12376513045130	none	6280	0effeff6	512	224	0	6280
6500	3	12376530398860	none	6281	0effeff6	512	224	0	6281
6501	4	12376543616830	none	6282	0effeff6	512	224	0	6282
6502	5	12376560955400	none	6283	0effeff6	512	224	0	6283
6503	6	12376578194750	none	6284	0effeff6	512	224	0	6284
6504	7	12376595429820	none	6285	0effeff6	512	224	0	6285
6505	0	12376612765950	none	6286	0effeff6	512	224	0	6286
6506	1	12376630162900	none	6287	0effeff6	512	224	0	6287
6507	2	12376643381170	none	6288	0effeff6	512	224	0	6288
6508	3	12376660764520	none	6289	0effeff6	512	224	0	6289
6509	4	12376678004550	none	6290	0effeff6	512	224	0	6290
6510	5	12376695238360	none	6291	0effeff6	512	224	0	6291
6511	6	12376712558030	none	6292	0effeff6	512	224	0	6292
6512	7	12376729841500	none	6293	0effeff6	512	224	0	6293
6513	0	12376747116080	none	6294	0effeff6	512	224	0	6294
6514	1	12376760315570	none	6295	0effeff6	512	224	0	6295
6515	2	12376777539840	none	6296	0effeff6	512	224	0	6296
6516	3	12376794761290	none	6297	0effeff6	512	224	0	6297
6517	4	12376812017950	none	6298	0effeff6	512	224	0	6298
6518	5	12376829422130	none	6299	0effeff6	512	224	0	6299
6519	6	12376846675380	none	6300	0effeff6	512	224	0	6300
6520	7	12376859943600	none	6301	0effeff6	512	224	0	6301
6521	0	12376877172750	none	6302	0effeff6	512	224	0	6302
6522	1	12376894393790	none	6303	0effeff6	512	224	0	6303
6523	2	12376911603120	none	6304	0effeff6	512	224	0	6304
6524	3	12376928854410	none	6305	0effeff6	512	224	0	6305
6525	4	12376946154780	none	6306	0effeff6	512	224	0	6306
6526	5	12376963398200	none	6307	0effeff6	512	224	0	6307
6527	6	12376976610180	none	6308	0effeff6	512	224	0	6308
6528	7	12376993837780	none	6309	0effeff6	512	224	0	6309
6529	0	12377011083940	none	6310	0effeff6	512	224	0	6310
6530	1	12377028355390	none	6311	0effeff6	512	224	0	6311
6531	2	12377045672290	none	6312	0effeff6	512	224	0	6312
6532	3	12377062967970	none	6313	0effeff6	512	224	0	6313
6533	4	12377076198860	none	6314	0effeff6	512	224	0	6314
6534	5	12377093416270	none	6315	0effeff6	512	224	0	6315
6535	6	12377110668710	none	6316	0effeff6	512	224	0	6316
6536	7	12377128005050	none	6317	0effeff6	512	224	0	6317
6537	0	12377145227120	none	6318	0effeff6	512	224	0	6318
6538	1	12377162541480	none	6319	0effeff6	512	224	0	6319
6539	2	12377175767420	none	6320	0effeff6	512	224	0	6320
6540	3	12377193002920	none	6321	0effeff6	512	224	0	6321
6541	4	12377210240710	none	6322	0effeff6	512	224	0	6322
6542	5	12377227460770	none	6323	0effeff6	512	224	0	6323
6543	6	12377244701290	none	6324	0effeff6	512	224	0	6324
6544	7	12377261959150	none	6325	0effeff6	512	224	0	6325
6545	0	12377279251150	none	6326	0effeff6	512	224	0	6326
6546	1	12377292452640	none	6327	0effeff6	512	224	0	6327
6547	2	12377309690530	none	6328	0effeff6	512	224	0	6328
6548	3	12377326940960	none	6329	0effeff6	512	224	0	6329
6549	4	12377344204390	none	6330	0effeff6	512	224	0	6330
6550	5	12377361419890	none	6331	0effeff6	512	224	0	6331
6551	6	12377378751660	none	6332	0effeff6	512	224	0	6332
6552	7	12377396109470	none	6333	0effeff6	512	224	0	6333
6553	0	12377409337710	none	6334	0effeff6	512	224	0	6334
6554	1	12377426557420	none	6335	0effeff6	512	224	0	6335
6555	2	12377443791990	none	6336	0effeff6	512	224	0	6336
6556	3	12377461045130	none	6337	0effeff6	512	224	0	6337
6557	4	12377478373760	none	6338	0effeff6	512	224	0	6338
6558	5	12377495681780	none	6339	0effeff6	512	224	0	6339
6559	6	12377508938380	none	6340	0effeff6	512	224	0	6340
6560	7	12377526191090	none	6341	0effeff6	512	224	0	6341
6561	0	12377543400450	none	6342	0effeff6	512	224	0	6342
6562	1	12377560634040	none	6343	0effeff6	512	224	0	6343
6563	2	12377577951700	none	6344	0effeff6	512	224	0	6344
6564	3	12377595187630	none	6345	0effeff6	512	224	0	6345
6565	4	12377608602070	none	6346	0effeff6	512	224	0	6346
6566	5	12377626102410	none	6347	0effeff6	512	224	0	6347
6567	6	12377643390390	none	6348	0effeff6	512	224	0	6348
6568	7	12377660645390	none	6349	0effeff6	512	224	0	6349
6569	0	12377678016680	none	6350	0effeff6	512	224	0	6350
6570	1	12377695263000	none	6351	0effeff6	512	224	0	6351
6571	2	12377708539930	none	6352	0effeff6	512	224	0	6352
6572	3	12377725758820	none	6353	0effeff6	512	224	0	6353
6573	4	12377743076140	none	6354	0effeff6	512	224	0	6354
6574	5	12377760310480	none	6355	0effeff6	512	224	0	6355
6575	6	12377777648990	none	6356	0effeff6	512	224	0	6356
6576	7	12377794949020	none	6357	0effeff6	512	224	0	6357
6577	0	12377808139690	none	6358	0effeff6	512	224	0	6358
6578	1	12377825371310	none	6359	0effeff6	512	224	0	6359
6579	2	12377842583770	none	6360	0effeff6	512	224	0	6360
6580	3	12377859817240	none	6361	0effeff6	512	224	0	6361
6581	4	12377877198840	none	6362	0effeff6	512	224	0	6362
6582	5	12377894421110	none	6363	0effeff6	512	224	0	6363
6583	6	12377911653220	none	6364	0effeff6	512	224	0	6364
6584	7	12377924949200	none	6365	0effeff6	512	224	0	6365
6585	0	12377942183360	none	6366	0effeff6	512	224	0	6366
6586	1	12377959395450	none	6367	0effeff6	512	224	0	6367
6587	2	12377976732800	none	6368	0effeff6	512	224	0	6368
6588	3	12377994008320	none	6369	0effeff6	512	224	0	6369
6589	4	12378011235630	none	6370	0effeff6	512	224	0	6370
6590	5	12378024413070	none	6371	0effeff6	512	224	0	6371
6591	6	12378041643350	none	6372	0effeff6	512	224	0	6372
6592	7	12378058871690	none	6373	0effeff6	512	224	0	6373
6593	0	12378076239290	none	6374	0effeff6	512	224	0	6374
6594	1	12378093451000	none	6375	0effeff6	512	224	0	6375
6595	2	12378110690890	none	6376	0effeff6	512	224	0	6376
6596	3	12378127997060	none	6377	0effeff6	512	224	0	6377
6597	4	12378141195610	none	6378	0effeff6	512	224	0	6378
6598	5	12378158416300	none	6379	0effeff6	512	224	0	6379
6599	6	12378175679770	none	6380	0effeff6	512	224	0	6380
6600	7	12378192952630	none	6381	0effeff6	512	224	0	6381
6601	0	12378210189530	none	6382	0effeff6	512	224	0	6382
6602	1	12378227411700	none	6383	0effeff6	512	224	0	6383
6603	2	12378244648920	none	6384	0effeff6	512	224	0	6384
6604	3	12378258001830	none	6385	0effeff6	512	224	0	6385
6605	4	12378275226200	none	6386	0effeff6	512	224	0	6386
6606	5	12378292429860	none	6387	0effeff6	512	224	0	6387
6607	6	12378309664470	none	6388	0effeff6	512	224	0	6388
6608	7	12378326994600	none	6389	0effeff6	512	224	0	6389
6609	0	12378344228560	none	6390	0effeff6	512	224	0	6390
6610	1	12378357415570	none	6391	0effeff6	512	224	0	6391
6611	2	12378374658050	none	6392	0effeff6	512	224	0	6392
6612	3	12378391914850	none	6393	0effeff6	512	224	0	6393
6613	4	12378409141910	none	6394	0effeff6	512	224	0	6394
6614	5	12378426383530	none	6395	0effeff6	512	224	0	6395
6615	6	12378443616780	none	6396	0effeff6	512	224	0	6396
6616	7	12378460885480	none	6397	0effeff6	512	224	0	6397
6617	0	12378474165880	none	6398	0effeff6	512	224	0	6398
6618	1	12378491388760	none	6399	0effeff6	512	224	0	6399
6619	2	12378508605530	none	6400	0effeff6	512	224	0	6400
6620	3	12378525933330	none	6401	0effeff6	512	224	0	6401
6621	4	12378543173980	none	6402	0effeff6	512	224	0	6402
6622	5	12378560391370	none	6403	0effeff6	512	224	0	6403
6623	6	12378573610400	none	6404	0effeff6	512	224	0	6404
6624	7	12378590852630	none	6405	0effeff6	512	224	0	6405
6625	0	12378608088030	none	6406	0effeff6	512	224	0	6406
6626	1	12378625416350	none	6407	0effeff6	512	224	0	6407
6627	2	12378642651790	none	6408	0effeff6	512	224	0	6408
6628	3	12378659908030	none	6409	0effeff6	512	224	0	6409
6629	4	12378677188170	none	6410	0effeff6	512	224	0	6410
6630	5	12378690367270	none	6411	0effeff6	512	224	0	6411
6631	6	12378707603470	none	6412	0effeff6	512	224	0	6412
6632	7	12378724905830	none	6413	0effeff6	512	224	0	6413
6633	0	12378742192690	none	6414	0effeff6	512	224	0	6414
6634	1	12378759403930	none	6415	0effeff6	512	224	0	6415
6635	2	12378776650130	none	6416	0effeff6	512	224	0	6416
6636	3	12378789868470	none	6417	0effeff6	512	224	0	6417
6637	4	12378807097280	none	6418	0effeff6	512	224	0	6418
6638	5	12378824434310	none	6419	0effeff6	512	224	0	6419
6639	6	12378841664940	none	6420	0effeff6	512	224	0	6420
6640	7	12378858917740	none	6421	0effeff6	512	224	0	6421
6641	0	12378876162680	none	6422	0effeff6	512	224	0	6422
6642	1	12378893378040	none	6423	0effeff6	512	224	0	6423
6643	2	12378906580800	none	6424	0effeff6	512	224	0	6424
6644	3	12378923837190	none	6425	0effeff6	512	224	0	6425
6645	4	12378941067780	none	6426	0effeff6	512	224	0	6426
6646	5	12378958291130	none	6427	0effeff6	512	224	0	6427
6647	6	12378975518260	none	6428	0effeff6	512	224	0	6428
6648	7	12378992793430	none	6429	0effeff6	512	224	0	6429
6649	0	12379010090880	none	6430	0effeff6	512	224	0	6430
6650	1	12379023274550	none	6431	0effeff6	512	224	0	6431
6651	2	12379040490890	none	6432	0effeff6	512	224	0	6432
6652	3	12379057734060	none	6433	0effeff6	512	224	0	6433
6653	4	12379075069300	none	6434	0effeff6	512	224	0	6434
6654	5	12379092285910	none	6435	0effeff6	512	224	0	6435
6655	6	12379109516540	none	6436	0effeff6	512	224	0	6436
6656	7	12379122711320	none	6437	0effeff6	512	224	0	6437
6657	0	12379139956180	none	6438	0effeff6	512	224	0	6438
6658	1	12379157189340	none	6439	0effeff6	512	224	0	6439
6659	2	12379174439300	none	6440	0effeff6	512	224	0	6440
6660	3	12379191675370	none	6441	0effeff6	512	224	0	6441
6661	4	12379209060560	none	6442	0effeff6	512	224	0	6442
6662	5	12379226280040	none	6443	0effeff6	512	224	0	6443
6663	6	12379239579680	none	6444	0effeff6	512	224	0	6444
6664	7	12379256899580	none	6445	0effeff6	512	224	0	6445
6665	0	12379274187280	none	6446	0effeff6	512	224	0	6446
6666	1	12379291428830	none	6447	0effeff6	512	224	0	6447
6667	2	12379308670440	none	6448	0effeff6	512	224	0	6448
6668	3	12379325925120	none	6449	0effeff6	512	224	0	6449
6669	4	12379339243130	none	6450	0effeff6	512	224	0	6450
6670	5	12379356442180	none	6451	0effeff6	512	224	0	6451
6671	6	12379373795720	none	6452	0effeff6	512	224	0	6452
6672	7	12379391030330	none	6453	0effeff6	512	224	0	6453
6673	0	12379408277650	none	6454	0effeff6	512	224	0	6454
6674	1	12379425504860	none	6455	0effeff6	512	224	0	6455
6675	2	12379438700350	none	6456	0effeff6	512	224	0	6456
6676	3	12379455949900	none	6457	0effeff6	512	224	0	6457
6677	4	12379473331870	none	6458	0effeff6	512	224	0	6458
6678	5	12379490553340	none	6459	0effeff6	512	224	0	6459
6679	6	12379507801070	none	6460	0effeff6	512	224	0	6460
6680	7	12379525069210	none	6461	0effeff6	512	224	0	6461
6681	0	12379542292790	none	6462	0effeff6	512	224	0	6462
6682	1	12379555486600	none	6463	0effeff6	512	224	0	6463
6683	2	12379572860960	none	6464	0effeff6	512	224	0	6464
6684	3	12379590124320	none	6465	0effeff6	512	224	0	6465
6685	4	12379607357330	none	6466	0effeff6	512	224	0	6466
6686	5	12379624611740	none	6467	0effeff6	512	224	0	6467
6687	6	12379641879890	none	6468	0effeff6	512	224	0	6468
6688	7	12379655075110	none	6469	0effeff6	512	224	0	6469
6689	0	12379672435160	none	6470	0effeff6	512	224	0	6470
6690	1	12379689693800	none	6471	0effeff6	512	224	0	6471
6691	2	12379706935670	none	6472	0effeff6	512	224	0	6472
6692	3	12379724178270	none	6473	0effeff6	512	224	0	6473
6693	4	12379741406590	none	6474	0effeff6	512	224	0	6474
6694	5	12379758624060	none	6475	0effeff6	512	224	0	6475
6695	6	12379771845060	none	6476	0effeff6	512	224	0	6476
6696	7	12379789105650	none	6477	0effeff6	512	224	0	6477
6697	0	12379806349670	none	6478	0effeff6	512	224	0	6478
6698	1	12379823610920	none	6479	0effeff6	512	224	0	6479
6699	2	12379840880890	none	6480	0effeff6	512	224	0	6480
6700	3	12379858209610	none	6481	0effeff6	512	224	0	6481
6701	4	12379871381850	none	6482	0effeff6	512	224	0	6482
6702	5	12379888614280	none	6483	0effeff6	512	224	0	6483
6703	6	12379905892780	none	6484	0effeff6	512	224	0	6484
6704	7	12379923140160	none	6485	0effeff6	512	224	0	6485
6705	0	12379940367610	none	6486	0effeff6	512	224	0	6486
6706	1	12379957629240	none	6487	0effeff6	512	224	0	6487
6707	2	12379974908180	none	6488	0effeff6	512	224	0	6488
6708	3	12379988100380	none	6489	0effeff6	512	224	0	6489
6709	4	12380005311310	none	6490	0effeff6	512	224	0	6490
6710	5	12380022554750	none	6491	0effeff6	512	224	0	6491
6711	6	12380039806860	none	6492	0effeff6	512	224	0	6492
6712	7	12380057104480	none	6493	0effeff6	512	224	0	6493
6713	0	12380074336270	none	6494	0effeff6	512	224	0	6494
6714	1	12380087633530	none	6495	0effeff6	512	224	0	6495
6715	2	12380104895480	none	6496	0effeff6	512	224	0	6496
6716	3	12380122165260	none	6497	0effeff6	512	224	0	6497
6717	4	12380139389170	none	6498	0effeff6	512	224	0	6498
6718	5	12380156632680	none	6499	0effeff6	512	224	0	6499
6719	6	12380173886860	none	6500	0effeff6	512	224	0	6500
6720	7	12380191253920	none	6501	0effeff6	512	224	0	6501
6721	0	12380204453210	none	6502	0effeff6	512	224	0	6502
6722	1	12380221811610	none	6503	0effeff6	512	224	0	6503
6723	2	12380239052360	none	6504	0effeff6	512	224	0	6504
6724	3	12380256269630	none	6505	0effeff6	512	224	0	6505
6725	4	12380273513540	none	6506	0effeff6	512	224	0	6506
6726	5	12380290748090	none	6507	0effeff6	512	224	0	6507
6727	6	12380303950510	none	6508	0effeff6	512	224	0	6508
6728	7	12380321320410	none	6509	0effeff6	512	224	0	6509
6729	0	12380338535270	none	6510	0effeff6	512	224	0	6510
6730	1	12380355776690	none	6511	0effeff6	512	224	0	6511
6731	2	12380373018000	none	6512	0effeff6	512	224	0	6512
6732	3	12380390381470	none	6513	0effeff6	512	224	0	6513
6733	4	12380407617560	none	6514	0effeff6	512	224	0	6514
6734	5	12380420861550	none	6515	0effeff6	512	224	0	6515
6735	6	12380438109530	none	6516	0effeff6	512	224	0	6516
6736	7	12380455327650	none	6517	0effeff6	512	224	0	6517
6737	0	12380472576680	none	6518	0effeff6	512	224	0	6518
6738	1	12380489851050	none	6519	0effeff6	512	224	0	6519
6739	2	12380507081990	none	6520	0effeff6	512	224	0	6520
6740	3	12380520282720	none	6521	0effeff6	512	224	0	6521
6741	4	12380537519380	none	6522	0effeff6	512	224	0	6522
6742	5	12380554741420	none	6523	0effeff6	512	224	0	6523
6743	6	12380572006280	none	6524	0effeff6	512	224	0	6524
6744	7	12380589348920	none	6525	0effeff6	512	224	0	6525
6745	0	12380606603270	none	6526	0effeff6	512	224	0	6526
6746	1	12380623897680	none	6527	0effeff6	512	224	0	6527
6747	2	12380637107960	none	6528	0effeff6	512	224	0	6528
6748	3	12380654328630	none	6529	0effeff6	512	224	0	6529
6749	4	12380671607670	none	6530	0effeff6	512	224	0	6530
6750	5	12380688862130	none	6531	0effeff6	512	224	0	6531
6751	6	12380706112490	none	6532	0effeff6	512	224	0	6532
6752	7	12380723349840	none	6533	0effeff6	512	224	0	6533
6753	0	12380736578200	none	6534	0effeff6	512	224	0	6534
6754	1	12380753831520	none	6535	0effeff6	512	224	0	6535
6755	2	12380771062950	none	6536	0effeff6	512	224	0	6536
6756	3	12380788275850	none	6537	0effeff6	512	224	0	6537
6757	4	12380805481380	none	6538	0effeff6	512	224	0	6538
6758	5	12380822715120	none	6539	0effeff6	512	224	0	6539
6759	6	12380840026780	none	6540	0effeff6	512	224	0	6540
6760	7	12380853262840	none	6541	0effeff6	512	224	0	6541
6761	0	12380870499850	none	6542	0effeff6	512	224	0	6542
6762	1	12380887738140	none	6543	0effeff6	512	224	0	6543
6763	2	12380905080010	none	6544	0effeff6	512	224	0	6544
6764	3	12380922309740	none	6545	0effeff6	512	224	0	6545
6765	4	12380939664840	none	6546	0effeff6	512	224	0	6546
6766	5	12380952910970	none	6547	0effeff6	512	224	0	6547
6767	6	12380970155670	none	6548	0effeff6	512	224	0	6548
6768	7	12380987374740	none	6549	0effeff6	512	224	0	6549
6769	0	12381004610160	none	6550	0effeff6	512	224	0	6550
6770	1	12381021859710	none	6551	0effeff6	512	224	0	6551
6771	2	12381039231070	none	6552	0effeff6	512	224	0	6552
6772	3	12381056469840	none	6553	0effeff6	512	224	0	6553
6773	4	12381069684350	none	6554	0effeff6	512	224	0	6554
6774	5	12381086948670	none	6555	0effeff6	512	224	0	6555
6775	6	12381104187710	none	6556	0effeff6	512	224	0	6556
6776	7	12381121407560	none	6557	0effeff6	512	224	0	6557
6777	0	12381138779550	none	6558	0effeff6	512	224	0	6558
6778	1	12381156030950	none	6559	0effeff6	512	224	0	6559
6779	2	12381169225880	none	6560	0effeff6	512	224	0	6560
6780	3	12381186464040	none	6561	0effeff6	512	224	0	6561
6781	4	12381203684570	none	6562	0effeff6	512	224	0	6562
6782	5	12381220951130	none	6563	0effeff6	512	224	0	6563
6783	6	12381238323680	none	6564	0effeff6	512	224	0	6564
6784	7	12381255579560	none	6565	0effeff6	512	224	0	6565
6785	0	12381272860460	none	6566	0effeff6	512	224	0	6566
6786	1	12381286061680	none	6567	0effeff6	512	224	0	6567
6787	2	12381303284080	none	6568	0effeff6	512	224	0	6568
6788	3	12381320497170	none	6569	0effeff6	512	224	0	6569
6789	4	12381337749140	none	6570	0effeff6	512	224	0	6570
6790	5	12381354986260	none	6571	0effeff6	512	224	0	6571
6791	6	12381372215480	none	6572	0effeff6	512	224	0	6572
6792	7	12381389509650	none	6573	0effeff6	512	224	0	6573
6793	0	12381402748250	none	6574	0effeff6	512	224	0	6574
6794	1	12381420002460	none	6575	0effeff6	512	224	0	6575
6795	2	12381437267280	none	6576	0effeff6	512	224	0	6576
6796	3	12381454492810	none	6577	0effeff6	512	224	0	6577
6797	4	12381471748180	none	6578	0effeff6	512	224	0	6578
6798	5	12381489074700	none	6579	0effeff6	512	224	0	6579
6799	6	12381502289440	none	6580	0effeff6	512	224	0	6580
6800	7	12381519498270	none	6581	0effeff6	512	224	0	6581
6801	0	12381536794200	none	6582	0effeff6	512	224	0	6582
6802	1	12381554060030	none	6583	0effeff6	512	224	0	6583
6803	2	12381571281060	none	6584	0effeff6	512	224	0	6584
6804	3	12381588546490	none	6585	0effeff6	512	224	0	6585
6805	4	12381605814260	none	6586	0effeff6	512	224	0	6586
6806	5	12381619051890	none	6587	0effeff6	512	224	0	6587
6807	6	12381636268240	none	6588	0effeff6	512	224	0	6588
6808	7	12381653554090	none	6589	0effeff6	512	224	0	6589
6809	0	12381670886400	none	6590	0effeff6	512	224	0	6590
6810	1	12381688146820	none	6591	0effeff6	512	224	0	6591
6811	2	12381705368610	none	6592	0effeff6	512	224	0	6592
6812	3	12381718576280	none	6593	0effeff6	512	224	0	6593
6813	4	12381735839120	none	6594	0effeff6	512	224	0	6594
6814	5	12381753078190	none	6595	0effeff6	512	224	0	6595
6815	6	12381770312100	none	6596	0effeff6	512	224	0	6596
6816	7	12381787678130	none	6597	0effeff6	512	224	0	6597
6817	0	12381804945620	none	6598	0effeff6	512	224	0	6598
6818	1	12381818135740	none	6599	0effeff6	512	224	0	6599
6819	2	12381835341580	none	6600	0effeff6	512	224	0	6600
6820	3	12381852571740	none	6601	0effeff6	512	224	0	6601
6821	4	12381869831280	none	6602	0effeff6	512	224	0	6602
6822	5	12381887200540	none	6603	0effeff6	512	224	0	6603
6823	6	12381904443980	none	6604	0effeff6	512	224	0	6604
6824	7	12381921699920	none	6605	0effeff6	512	224	0	6605
6825	0	12381934921810	none	6606	0effeff6	512	224	0	6606
6826	1	12381952157290	none	6607	0effeff6	512	224	0	6607
6827	2	12381969380060	none	6608	0effeff6	512	224	0	6608
6828	3	12381986766450	none	6609	0effeff6	512	224	0	6609
6829	4	12382004016990	none	6610	0effeff6	512	224	0	6610
6830	5	12382021248270	none	6611	0effeff6	512	224	0	6611
6831	6	12382034464720	none	6612	0effeff6	512	224	0	6612
6832	7	12382051687000	none	6613	0effeff6	512	224	0	6613
6833	0	12382068930710	none	6614	0effeff6	512	224	0	6614
6834	1	12382086297130	none	6615	0effeff6	512	224	0	6615
6835	2	12382103564470	none	6616	0effeff6	512	224	0	6616
6836	3	12382120837280	none	6617	0effeff6	512	224	0	6617
6837	4	12382138093870	none	6618	0effeff6	512	224	0	6618
6838	5	12382151294740	none	6619	0effeff6	512	224	0	6619
6839	6	12382168562860	none	6620	0effeff6	512	224	0	6620
6840	7	12382185840900	none	6621	0effeff6	512	224	0	6621
6841	0	12382203085490	none	6622	0effeff6	512	224	0	6622
6842	1	12382220332650	none	6623	0effeff6	512	224	0	6623
6843	2	12382237604190	none	6624	0effeff6	512	224	0	6624
6844	3	12382250813980	none	6625	0effeff6	512	224	0	6625
6845	4	12382268108380	none	6626	0effeff6	512	224	0	6626
6846	5	12382285313830	none	6627	0effeff6	512	224	0	6627
6847	6	12382302638490	none	6628	0effeff6	512	224	0	6628
6848	7	12382319905140	none	6629	0effeff6	512	224	0	6629
6849	0	12382337142970	none	6630	0effeff6	512	224	0	6630
6850	1	12382354377780	none	6631	0effeff6	512	224	0	6631
6851	2	12382367581240	none	6632	0effeff6	512	224	0	6632
6852	3	12382384827690	none	6633	0effeff6	512	224	0	6633
6853	4	12382402059100	none	6634	0effeff6	512	224	0	6634
6854	5	12382419277770	none	6635	0effeff6	512	224	0	6635
6855	6	12382436489750	none	6636	0effeff6	512	224	0	6636
6856	7	12382453763940	none	6637	0effeff6	512	224	0	6637
6857	0	12382467043910	none	6638	0effeff6	512	224	0	6638
6858	1	12382484263720	none	6639	0effeff6	512	224	0	6639
6859	2	12382501480040	none	6640	0effeff6	512	224	0	6640
6860	3	12382518753640	none	6641	0effeff6	512	224	0	6641
6861	4	12382536069030	none	6642	0effeff6	512	224	0	6642
6862	5	12382553307660	none	6643	0effeff6	512	224	0	6643
6863	6	12382570568870	none	6644	0effeff6	512	224	0	6644
6864	7	12382583782060	none	6645	0effeff6	512	224	0	6645
6865	0	12382601085000	none	6646	0effeff6	512	224	0	6646
6866	1	12382618364250	none	6647	0effeff6	512	224	0	6647
6867	2	12382635801230	none	6648	0effeff6	512	224	0	6648
6868	3	12382653198760	none	6649	0effeff6	512	224	0	6649
6869	4	12382670711530	none	6650	0effeff6	512	224	0	6650
6870	5	12382683906640	none	6651	0effeff6	512	224	0	6651
6871	6	12382701130170	none	6652	0effeff6	512	224	0	6652
6872	7	12382718455440	none	6653	0effeff6	512	224	0	6653
6873	0	12382735729170	none	6654	0effeff6	512	224	0	6654
6874	1	12382752964120	none	6655	0effeff6	512	224	0	6655
6875	2	12382770195780	none	6656	0effeff6	512	224	0	6656
6876	3	12382783429330	none	6657	0effeff6	512	224	0	6657
6877	4	12382800652360	none	6658	0effeff6	512	224	0	6658
6878	5	12382817895250	none	6659	0effeff6	512	224	0	6659
6879	6	12382835129410	none	6660	0effeff6	512	224	0	6660
6880	7	12382852366730	none	6661	0effeff6	512	224	0	6661
6881	0	12382869613690	none	6662	0effeff6	512	224	0	6662
6882	1	12382886861430	none	6663	0effeff6	512	224	0	6663
6883	2	12382900190940	none	6664	0effeff6	512	224	0	6664
6884	3	12382917426650	none	6665	0effeff6	512	224	0	6665
6885	4	12382934778470	none	6666	0effeff6	512	224	0	6666
6886	5	12382952013930	none	6667	0effeff6	512	224	0	6667
6887	6	12382969252760	none	6668	0effeff6	512	224	0	6668
6888	7	12382986512660	none	6669	0effeff6	512	224	0	6669
6889	0	12382999712080	none	6670	0effeff6	512	224	0	6670
6890	1	12383016951910	none	6671	0effeff6	512	224	0	6671
6891	2	12383034296130	none	6672	0effeff6	512	224	0	6672
6892	3	12383051537810	none	6673	0effeff6	512	224	0	6673
6893	4	12383068838390	none	6674	0effeff6	512	224	0	6674
6894	5	12383086143260	none	6675	0effeff6	512	224	0	6675
6895	6	12383103364120	none	6676	0effeff6	512	224	0	6676
6896	7	12383116583620	none	6677	0effeff6	512	224	0	6677
6897	0	12383133917580	none	6678	0effeff6	512	224	0	6678
6898	1	12383151153820	none	6679	0effeff6	512	224	0	6679
6899	2	12383168363690	none	6680	0effeff6	512	224	0	6680
6900	3	12383185598730	none	6681	0effeff6	512	224	0	6681
6901	4	12383202848710	none	6682	0effeff6	512	224	0	6682
6902	5	12383216050640	none	6683	0effeff6	512	224	0	6683
6903	6	12383233446200	none	6684	0effeff6	512	224	0	6684
6904	7	12383250908370	none	6685	0effeff6	512	224	0	6685
6905	0	12383268143750	none	6686	0effeff6	512	224	0	6686
6906	1	12383285393550	none	6687	0effeff6	512	224	0	6687
6907	2	12383302609400	none	6688	0effeff6	512	224	0	6688
6908	3	12383315838050	none	6689	0effeff6	512	224	0	6689
6909	4	12383333219140	none	6690	0effeff6	512	224	0	6690
6910	5	12383350484600	none	6691	0effeff6	512	224	0	6691
6911	6	12383367727280	none	6692	0effeff6	512	224	0	6692
6912	7	12383384988920	none	6693	0effeff6	512	224	0	6693
6913	0	12383402206510	none	6694	0effeff6	512	224	0	6694
6914	1	12383419451290	none	6695	0effeff6	512	224	0	6695
6915	2	12383432648410	none	6696	0effeff6	512	224	0	6696
6916	3	12383449895260	none	6697	0effeff6	512	224	0	6697
6917	4	12383467151530	none	6698	0effeff6	512	224	0	6698
6918	5	12383484392580	none	6699	0effeff6	512	224	0	6699
6919	6	12383501628290	none	6700	0effeff6	512	224	0	6700
6920	7	12383518978570	none	6701	0effeff6	512	224	0	6701
6921	0	12383532164910	none	6702	0effeff6	512	224	0	6702
6922	1	12383549363250	none	6703	0effeff6	512	224	0	6703
6923	2	12383566583380	none	6704	0effeff6	512	224	0	6704
6924	3	12383583831490	none	6705	0effeff6	512	224	0	6705
6925	4	12383601065560	none	6706	0effeff6	512	224	0	6706
6926	5	12383618288560	none	6707	0effeff6	512	224	0	6707
6927	6	12383635554570	none	6708	0effeff6	512	224	0	6708
6928	7	12383648867700	none	6709	0effeff6	512	224	0	6709
6929	0	12383666079930	none	6710	0effeff6	512	224	0	6710
6930	1	12383683300790	none	6711	0effeff6	512	224	0	6711
6931	2	12383700554240	none	6712	0effeff6	512	224	0	6712
6932	3	12383717810010	none	6713	0effeff6	512	224	0	6713
6933	4	12383735055330	none	6714	0effeff6	512	224	0	6714
6934	5	12383748396790	none	6715	0effeff6	512	224	0	6715
6935	6	12383765643070	none	6716	0effeff6	512	224	0	6716
6936	7	12383782987040	none	6717	0effeff6	512	224	0	6717
6937	0	12383800225660	none	6718	0effeff6	512	224	0	6718
6938	1	12383817450050	none	6719	0effeff6	512	224	0	6719
6939	2	12383834695660	none	6720	0effeff6	512	224	0	6720
6940	3	12383851939730	none	6721	0effeff6	512	224	0	6721
6941	4	12383865193140	none	6722	0effeff6	512	224	0	6722
6942	5	12383882560160	none	6723	0effeff6	512	224	0	6723
6943	6	12383899811800	none	6724	0effeff6	512	224	0	6724
6944	7	12383917111670	none	6725	0effeff6	512	224	0	6725
6945	0	12383934316460	none	6726	0effeff6	512	224	0	6726
6946	1	12383951672220	none	6727	0effeff6	512	224	0	6727
6947	2	12383964908220	none	6728	0effeff6	512	224	0	6728
6948	3	12383982138380	none	6729	0effeff6	512	224	0	6729
6949	4	12383999389820	none	6730	0effeff6	512	224	0	6730
6950	5	12384016626100	none	6731	0effeff6	512	224	0	6731
6951	6	12384033889220	none	6732	0effeff6	512	224	0	6732
6952	7	12384051259510	none	6733	0effeff6	512	224	0	6733
6953	0	12384064471990	none	6734	0effeff6	512	224	0	6734
6954	1	12384081829260	none	6735	0effeff6	512	224	0	6735
6955	2	12384099063430	none	6736	0effeff6	512	224	0	6736
6956	3	12384116280350	none	6737	0effeff6	512	224	0	6737
6957	4	12384133549940	none	6738	0effeff6	512	224	0	6738
6958	5	12384150815750	none	6739	0effeff6	512	224	0	6739
6959	6	12384168055610	none	6740	0effeff6	512	224	0	6740
6960	7	12384181289440	none	6741	0effeff6	512	224	0	6741
6961	0	12384198528720	none	6742	0effeff6	512	224	0	6742
6962	1	12384215773420	none	6743	0effeff6	512	224	0	6743
6963	2	12384233021670	none	6744	0effeff6	512	224	0	6744
6964	3	12384250280540	none	6745	0effeff6	512	224	0	6745
6965	4	12384267529040	none	6746	0effeff6	512	224	0	6746
6966	5	12384280756480	none	6747	0effeff6	512	224	0	6747
6967	6	12384297998550	none	6748	0effeff6	512	224	0	6748
6968	7	12384315241700	none	6749	0effeff6	512	224	0	6749
6969	0	12384332477680	none	6750	0effeff6	512	224	0	6750
6970	1	12384349742340	none	6751	0effeff6	512	224	0	6751
6971	2	12384366991700	none	6752	0effeff6	512	224	0	6752
6972	3	12384384223830	none	6753	0effeff6	512	224	0	6753
6973	4	12384397425460	none	6754	0effeff6	512	224	0	6754
6974	5	12384414656970	none	6755	0effeff6	512	224	0	6755
6975	6	12384431996570	none	6756	0effeff6	512	224	0	6756
6976	7	12384449233230	none	6757	0effeff6	512	224	0	6757
6977	0	12384466445560	none	6758	0effeff6	512	224	0	6758
6978	1	12384483686470	none	6759	0effeff6	512	224	0	6759
6979	2	12384500997980	none	6760	0effeff6	512	224	0	6760
6980	3	12384514224880	none	6761	0effeff6	512	224	0	6761
6981	4	12384531465650	none	6762	0effeff6	512	224	0	6762
6982	5	12384548718590	none	6763	0effeff6	512	224	0	6763
6983	6	12384566069600	none	6764	0effeff6	512	224	0	6764
6984	7	12384583308990	none	6765	0effeff6	512	224	0	6765
6985	0	12384600692470	none	6766	0effeff6	512	224	0	6766
6986	1	12384613926510	none	6767	0effeff6	512	224	0	6767
6987	2	12384631178480	none	6768	0effeff6	512	224	0	6768
6988	3	12384648442300	none	6769	0effeff6	512	224	0	6769
6989	4	12384665680830	none	6770	0effeff6	512	224	0	6770
6990	5	12384682940840	none	6771	0effeff6	512	224	0	6771
6991	6	12384700177170	none	6772	0effeff6	512	224	0	6772
6992	7	12384713387800	none	6773	0effeff6	512	224	0	6773
6993	0	12384730612110	none	6774	0effeff6	512	224	0	6774
6994	1	12384747869970	none	6775	0effeff6	512	224	0	6775
6995	2	12384765093100	none	6776	0effeff6	512	224	0	6776
6996	3	12384782310620	none	6777	0effeff6	512	224	0	6777
6997	4	12384799686270	none	6778	0effeff6	512	224	0	6778
6998	5	12384816963640	none	6779	0effeff6	512	224	0	6779
6999	6	12384830158730	none	6780	0effeff6	512	224	0	6780
7000	7	12384847419400	none	6781	0effeff6	512	224	0	6781
7001	0	12384864659450	none	6782	0effeff6	512	224	0	6782
7002	1	12384881898570	none	6783	0effeff6	512	224	0	6783
7003	2	12384899258660	none	6784	0effeff6	512	224	0	6784
7004	3	12384916488130	none	6785	0effeff6	512	224	0	6785
7005	4	12384929717370	none	6786	0effeff6	512	224	0	6786
7006	5	12384946957200	none	6787	0effeff6	512	224	0	6787
7007	6	12384964176350	none	6788	0effeff6	512	224	0	6788
7008	7	12384981439500	none	6789	0effeff6	512	224	0	6789
7009	0	12384998694400	none	6790	0effeff6	512	224	0	6790
7010	1	12385015938700	none	6791	0effeff6	512	224	0	6791
7011	2	12385033182230	none	6792	0effeff6	512	224	0	6792
7012	3	12385046395920	none	6793	0effeff6	512	224	0	6793
7013	4	12385063619720	none	6794	0effeff6	512	224	0	6794
7014	5	12385080992600	none	6795	0effeff6	512	224	0	6795
7015	6	12385098212210	none	6796	0effeff6	512	224	0	6796
7016	7	12385115493720	none	6797	0effeff6	512	224	0	6797
7017	0	12385132829320	none	6798	0effeff6	512	224	0	6798
7018	1	12385146069300	none	6799	0effeff6	512	224	0	6799
7019	2	12385163290670	none	6800	0effeff6	512	224	0	6800
7020	3	12385180546850	none	6801	0effeff6	512	224	0	6801
7021	4	12385197795920	none	6802	0effeff6	512	224	0	6802
7022	5	12385215032450	none	6803	0effeff6	512	224	0	6803
7023	6	12385232274680	none	6804	0effeff6	512	224	0	6804
7024	7	12385249543840	none	6805	0effeff6	512	224	0	6805
7025	0	12385262760850	none	6806	0effeff6	512	224	0	6806
7026	1	12385280027050	none	6807	0effeff6	512	224	0	6807
7027	2	12385297237860	none	6808	0effeff6	512	224	0	6808
7028	3	12385314447920	none	6809	0effeff6	512	224	0	6809
7029	4	12385331697300	none	6810	0effeff6	512	224	0	6810
7030	5	12385349010030	none	6811	0effeff6	512	224	0	6811
7031	6	12385366240630	none	6812	0effeff6	512	224	0	6812
7032	7	12385379447980	none	6813	0effeff6	512	224	0	6813
7033	0	12385396726520	none	6814	0effeff6	512	224	0	6814
7034	1	12385414077190	none	6815	0effeff6	512	224	0	6815
7035	2	12385431305130	none	6816	0effeff6	512	224	0	6816
7036	3	12385448680420	none	6817	0effeff6	512	224	0	6817
7037	4	12385465952580	none	6818	0effeff6	512	224	0	6818
7038	5	12385479147910	none	6819	0effeff6	512	224	0	6819
7039	6	12385496399950	none	6820	0effeff6	512	224	0	6820
7040	7	12385513635510	none	6821	0effeff6	512	224	0	6821
7041	0	12385530914660	none	6822	0effeff6	512	224	0	6822
7042	1	12385548153430	none	6823	0effeff6	512	224	0	6823
7043	2	12385565387950	none	6824	0effeff6	512	224	0	6824
7044	3	12385578588960	none	6825	0effeff6	512	224	0	6825
7045	4	12385595878700	none	6826	0effeff6	512	224	0	6826
7046	5	12385613108120	none	6827	0effeff6	512	224	0	6827
7047	6	12385630319720	none	6828	0effeff6	512	224	0	6828
7048	7	12385647743620	none	6829	0effeff6	512	224	0	6829
7049	0	12385664976950	none	6830	0effeff6	512	224	0	6830
7050	1	12385682220150	none	6831	0effeff6	512	224	0	6831
7051	2	12385695412620	none	6832	0effeff6	512	224	0	6832
7052	3	12385712737440	none	6833	0effeff6	512	224	0	6833
7053	4	12385730004340	none	6834	0effeff6	512	224	0	6834
7054	5	12385747377420	none	6835	0effeff6	512	224	0	6835
7055	6	12385764603710	none	6836	0effeff6	512	224	0	6836
7056	7	12385781861560	none	6837	0effeff6	512	224	0	6837
7057	0	12385795058750	none	6838	0effeff6	512	224	0	6838
7058	1	12385812383530	none	6839	0effeff6	512	224	0	6839
7059	2	12385829701050	none	6840	0effeff6	512	224	0	6840
7060	3	12385846954130	none	6841	0effeff6	512	224	0	6841
7061	4	12385864177950	none	6842	0effeff6	512	224	0	6842
7062	5	12385881414730	none	6843	0effeff6	512	224	0	6843
7063	6	12385898657320	none	6844	0effeff6	512	224	0	6844
7064	7	12385911893950	none	6845	0effeff6	512	224	0	6845
7065	0	12385929198560	none	6846	0effeff6	512	224	0	6846
7066	1	12385946570920	none	6847	0effeff6	512	224	0	6847
7067	2	12385963932210	none	6848	0effeff6	512	224	0	6848
7068	3	12385981170490	none	6849	0effeff6	512	224	0	6849
7069	4	12385998409940	none	6850	0effeff6	512	224	0	6850
7070	5	12386011627940	none	6851	0effeff6	512	224	0	6851
7071	6	12386028921140	none	6852	0effeff6	512	224	0	6852
7072	7	12386046316760	none	6853	0effeff6	512	224	0	6853
7073	0	12386063550700	none	6854	0effeff6	512	224	0	6854
7074	1	12386080814770	none	6855	0effeff6	512	224	0	6855
7075	2	12386098044670	none	6856	0effeff6	512	224	0	6856
7076	3	12386111231090	none	6857	0effeff6	512	224	0	6857
7077	4	12386128468080	none	6858	0effeff6	512	224	0	6858
7078	5	12386145741460	none	6859	0effeff6	512	224	0	6859
7079	6	12386163010310	none	6860	0effeff6	512	224	0	6860
7080	7	12386180273650	none	6861	0effeff6	512	224	0	6861
7081	0	12386197524140	none	6862	0effeff6	512	224	0	6862
7082	1	12386214794240	none	6863	0effeff6	512	224	0	6863
7083	2	12386228049090	none	6864	0effeff6	512	224	0	6864
7084	3	12386245262660	none	6865	0effeff6	512	224	0	6865
7085	4	12386262598630	none	6866	0effeff6	512	224	0	6866
7086	5	12386279891450	none	6867	0effeff6	512	224	0	6867
7087	6	12386297136110	none	6868	0effeff6	512	224	0	6868
7088	7	12386314373890	none	6869	0effeff6	512	224	0	6869
7089	0	12386327566080	none	6870	0effeff6	512	224	0	6870
7090	1	12386344833390	none	6871	0effeff6	512	224	0	6871
7091	2	12386362085800	none	6872	0effeff6	512	224	0	6872
7092	3	12386379396740	none	6873	0effeff6	512	224	0	6873
7093	4	12386396673780	none	6874	0effeff6	512	224	0	6874
7094	5	12386413923720	none	6875	0effeff6	512	224	0	6875
7095	6	12386431133840	none	6876	0effeff6	512	224	0	6876
7096	7	12386444339430	none	6877	0effeff6	512	224	0	6877
7097	0	12386461565020	none	6878	0effeff6	512	224	0	6878
7098	1	12386478878520	none	6879	0effeff6	512	224	0	6879
7099	2	12386496164100	none	6880	0effeff6	512	224	0	6880
7100	3	12386513409020	none	6881	0effeff6	512	224	0	6881
7101	4	12386530664600	none	6882	0effeff6	512	224	0	6882
7102	5	12386543862960	none	6883	0effeff6	512	224	0	6883
7103	6	12386561114960	none	6884	0effeff6	512	224	0	6884
7104	7	12386578329070	none	6885	0effeff6	512	224	0	6885
7105	0	12386595721030	none	6886	0effeff6	512	224	0	6886
7106	1	12386612996280	none	6887	0effeff6	512	224	0	6887
7107	2	12386630239810	none	6888	0effeff6	512	224	0	6888
7108	3	12386647505050	none	6889	0effeff6	512	224	0	6889
7109	4	12386660724890	none	6890	0effeff6	512	224	0	6890
7110	5	12386677949670	none	6891	0effeff6	512	224	0	6891
7111	6	12386695175310	none	6892	0effeff6	512	224	0	6892
7112	7	12386712531850	none	6893	0effeff6	512	224	0	6893
7113	0	12386729838580	none	6894	0effeff6	512	224	0	6894
7114	1	12386747066410	none	6895	0effeff6	512	224	0	6895
7115	2	12386760382670	none	6896	0effeff6	512	224	0	6896
7116	3	12386777601170	none	6897	0effeff6	512	224	0	6897
7117	4	12386794961140	none	6898	0effeff6	512	224	0	6898
7118	5	12386812187950	none	6899	0effeff6	512	224	0	6899
7119	6	12386829497380	none	6900	0effeff6	512	224	0	6900
7120	7	12386846761120	none	6901	0effeff6	512	224	0	6901
7121	0	12386860102530	none	6902	0effeff6	512	224	0	6902
7122	1	12386877331250	none	6903	0effeff6	512	224	0	6903
7123	2	12386894691300	none	6904	0effeff6	512	224	0	6904
7124	3	12386911947070	none	6905	0effeff6	512	224	0	6905
7125	4	12386929251580	none	6906	0effeff6	512	224	0	6906
7126	5	12386946493970	none	6907	0effeff6	512	224	0	6907
7127	6	12386959707890	none	6908	e7466ddd	512	224	0	6908
7128	7	12386976948140	none	6909	c9c9d2eb	512	224	0	6909
7129	0	12386994329250	none	6910	28cce3d2	512	224	0	6910
7130	1	12387011558990	none	6911	227c22ba	512	224	0	6911
7131	2	12387028813990	none	6912	0aaf72e6	512	224	0	6912
7132	3	12387046095260	none	6913	ebcae003	512	224	0	6913
7133	4	12387063358030	none	6914	5c2c96e6	512	224	0	6914
7134	5	12387076578150	none	6915	6f009aeb	512	224	0	6915
7135	6	12387093926300	none	6916	abcdc9af	512	224	0	6916
7136	7	12387111176160	none	6917	a2060e0d	512	224	0	6917
7137	0	12387128414400	none	6918	5d0e4f7e	512	224	0	6918
7138	1	12387145713210	none	6919	e8358325	512	224	0	6919
7139	2	12387163134860	none	6920	a31dd2da	512	224	0	6920
7140	3	12387176378070	none	6921	4ee12ae8	512	224	0	6921
7141	4	12387193765480	none	6922	61605322	512	224	0	6922
7142	5	12387211019990	none	6923	61605322	512	224	0	6923
7143	6	12387228278970	none	6924	61605322	512	224	0	6924
7144	7	12387245595280	none	6925	61605322	512	224	0	6925
7145	0	12387262925670	none	6926	61605322	512	224	0	6926
7146	1	12387276162450	none	6927	61605322	512	224	0	6927
7147	2	12387293608360	none	6928	61605322	512	224	0	6928
7148	3	12387310945220	none	6929	61605322	512	224	0	6929
7149	4	12387328182500	none	6930	61605322	512	224	0	6930
7150	5	12387345424090	none	6931	e7935c06	512	224	0	6931
7151	6	12387362735360	none	6932	4bf0949d	512	224	0	6932
7152	7	12387375946550	none	6933	49e02724	512	224	0	6933
7153	0	12387393327660	none	6934	5dcc7fdb	512	224	0	6934
7154	1	12387410543620	none	6935	5b88bd6d	512	224	0	6935
7155	2	12387427849720	none	6936	f202d653	512	224	0	6936
7156	3	12387445088670	none	6937	0b8e673c	512	224	0	6937
7157	4	12387462386670	none	6938	45484e1c	512	224	0	6938
7158	5	12387475657170	none	6939	6bf13818	512	224	0	6939
7159	6	12387492926580	none	6940	6bc04b46	512	224	0	6940
7160	7	12387510156970	none	6941	d1483fa1	512	224	0	6941
7161	0	12387527394720	none	6942	eb831a32	512	224	0	6942
7162	1	12387544650780	none	6943	3ad78c0e	512	224	0	6943
7163	2	12387561888530	none	6944	08d1cec6	512	224	0	6944
7164	3	12387579182010	none	6945	32683817	512	224	0	6945
7165	4	12387592417400	none	6946	32683817	512	224	0	6946
7166	5	12387609663130	none	6947	32683817	512	224	0	6947
7167	6	12387626910890	none	6948	32683817	512	224	0	6948
7168	7	12387644141750	none	6949	32683817	512	224	0	6949
7169	0	12387661376220	none	6950	32683817	512	224	0	6950
7170	1	12387678692860	none	6951	32683817	512	224	0	6951
7171	2	12387692072800	none	6952	32683817	512	224	0	6952
7172	3	12387709460630	none	6953	32683817	512	224	0	6953
7173	4	12387726716210	none	6954	32683817	512	224	0	6954
7174	5	12387744011850	none	6955	32683817	512	224	0	6955
7175	6	12387761366120	none	6956	32683817	512	224	0	6956
7176	7	12387778625430	none	6957	32683817	512	224	0	6957
7177	0	12387791896650	none	6958	32683817	512	224	0	6958
7178	1	12387809115490	none	6959	32683817	512	224	0	6959
7179	2	12387826326580	none	6960	32683817	512	224	0	6960
7180	3	12387843569090	none	6961	32683817	512	224	0	6961
7181	4	12387860831730	none	6962	32683817	512	224	0	6962
7182	5	12387878082550	none	6963	32683817	512	224	0	6963
7183	6	12387895428550	none	6964	32683817	512	224	0	6964
7184	7	12387908702200	none	6965	32683817	512	224	0	6965
7185	0	12387925935180	none	6966	32683817	512	224	0	6966
7186	1	12387943179590	none	6967	32683817	512	224	0	6967
7187	2	12387960401520	none	6968	32683817	512	224	0	6968
7188	3	12387977654730	none	6969	32683817	512	224	0	6969
7189	4	12387994897230	none	6970	32683817	512	224	0	6970
7190	5	12388008096510	none	6971	32683817	512	224	0	6971
7191	6	12388025339140	none	6972	32683817	512	224	0	6972
7192	7	12388042590490	none	6973	32683817	512	224	0	6973
7193	0	12388059837190	none	6974	32683817	512	224	0	6974
7194	1	12388077089280	none	6975	32683817	512	224	0	6975
7195	2	12388094316200	none	6976	32683817	512	224	0	6976
7196	3	12388111672730	none	6977	32683817	512	224	0	6977
7197	4	12388124947900	none	6978	32683817	512	224	0	6978
7198	5	12388142183250	none	6979	32683817	512	224	0	6979
7199	6	12388159399010	none	6980	32683817	512	224	0	6980
7200	7	12388176657810	none	6981	32683817	512	224	0	6981
7201	0	12388193879130	none	6982	32683817	512	224	0	6982
7202	1	12388211243970	none	6983	32683817	512	224	0	6983
7203	2	12388224455760	none	6984	32683817	512	224	0	6984
7204	3	12388241816420	none	6985	32683817	512	224	0	6985
7205	4	12388259045060	none	6986	32683817	512	224	0	6986
7206	5	12388276258020	none	6987	32683817	512	224	0	6987
7207	6	12388293511310	none	6988	32683817	512	224	0	6988
7208	7	12388310916890	none	6989	32683817	512	224	0	6989
7209	0	12388324119760	none	6990	32683817	512	224	0	6990
7210	1	12388341347140	none	6991	32683817	512	224	0	6991
7211	2	12388358559090	none	6992	32683817	512	224	0	6992
7212	3	12388375811820	none	6993	32683817	512	224	0	6993
7213	4	12388393027970	none	6994	32683817	512	224	0	6994
7214	5	12388410359410	none	6995	32683817	512	224	0	6995
7215	6	12388427610340	none	6996	32683817	512	224	0	6996
7216	7	12388440815180	none	6997	32683817	512	224	0	6997
7217	0	12388458032790	none	6998	32683817	512	224	0	6998
7218	1	12388475225350	none	6999	32683817	512	224	0	6999
7219	2	12388492472390	none	7000	32683817	512	224	0	7000
7220	3	12388509808590	none	7001	32683817	512	224	0	7001
7221	4	12388527036860	none	7002	32683817	512	224	0	7002
7222	5	12388544270240	none	7003	32683817	512	224	0	7003
7223	6	12388557648680	none	7004	32683817	512	224	0	7004
7224	7	12388574916140	none	7005	32683817	512	224	0	7005
7225	0	12388592153440	none	7006	32683817	512	224	0	7006
7226	1	12388609394300	none	7007	32683817	512	224	0	7007
7227	2	12388626633770	none	7008	32683817	512	224	0	7008
7228	3	12388643884750	none	7009	32683817	512	224	0	7009
7229	4	12388657066110	none	7010	32683817	512	224	0	7010
7230	5	12388674294850	none	7011	32683817	512	224	0	7011
7231	6	12388691542870	none	7012	32683817	512	224	0	7012
7232	7	12388708788860	none	7013	32683817	512	224	0	7013
7233	0	12388726032180	none	7014	32683817	512	224	0	7014
7234	1	12388743291020	none	7015	32683817	512	224	0	7015
7235	2	12388760522120	none	7016	32683817	512	224	0	7016
7236	3	12388773740570	none	7017	32683817	512	224	0	7017
7237	4	12388791008690	none	7018	32683817	512	224	0	7018
7238	5	12388808260670	none	7019	32683817	512	224	0	7019
7239	6	12388825510710	none	7020	32683817	512	224	0	7020
7240	7	12388842905500	none	7021	32683817	512	224	0	7021
7241	0	12388860166700	none	7022	32683817	512	224	0	7022
7242	1	12388873385260	none	7023	32683817	512	224	0	7023
7243	2	12388890625590	none	7024	32683817	512	224	0	7024
7244	3	12388907876480	none	7025	32683817	512	224	0	7025
7245	4	12388925102010	none	7026	32683817	512	224	0	7026
7246	5	12388942328340	none	7027	32683817	512	224	0	7027
7247	6	12388959705160	none	7028	32683817	512	224	0	7028
7248	7	12388977036940	none	7029	32683817	512	224	0	7029
7249	0	12388990521910	none	7030	32683817	512	224	0	7030
7250	1	12389008033590	none	7031	32683817	512	224	0	7031
7251	2	12389025375460	none	7032	32683817	512	224	0	7032
7252	3	12389042660280	none	7033	32683817	512	224	0	7033
7253	4	12389060100230	none	7034	32683817	512	224	0	7034
7254	5	12389073431010	none	7035	32683817	512	224	0	7035
7255	6	12389090764480	none	7036	32683817	512	224	0	7036
7256	7	12389108301670	none	7037	32683817	512	224	0	7037
7257	0	12389125721760	none	7038	32683817	512	224	0	7038
7258	1	12389143002120	none	7039	32683817	512	224	0	7039
7259	2	12389156209860	none	7040	32683817	512	224	0	7040
7260	3	12389173453310	none	7041	32683817	512	224	0	7041
7261	4	12389190758800	none	7042	32683817	512	224	0	7042
7262	5	12389208395390	none	7043	32683817	512	224	0	7043
7263	6	12389225707380	none	7044	32683817	512	224	0	7044
7264	7	12389243096500	none	7045	32683817	512	224	0	7045
7265	0	12389256399470	none	7046	32683817	512	224	0	7046
7266	1	12389274220250	none	7047	32683817	512	224	0	7047
7267	2	12389291741730	none	7048	32683817	512	224	0	7048
7268	3	12389309199680	none	7049	32683817	512	224	0	7049
7269	4	12389322693900	none	7050	32683817	512	224	0	7050
7270	5	12389339998750	none	7051	32683817	512	224	0	7051
7271	6	12389357235620	none	7052	32683817	512	224	0	7052
7272	7	12389374477920	none	7053	32683817	512	224	0	7053
7273	0	12389391716110	none	7054	32683817	512	224	0	7054
7274	1	12389408999450	none	7055	32683817	512	224	0	7055
7275	2	12389426228640	none	7056	32683817	512	224	0	7056
7276	3	12389439425800	none	7057	32683817	512	224	0	7057
7277	4	12389456671460	none	7058	32683817	512	224	0	7058
7278	5	12389474091450	none	7059	32683817	512	224	0	7059
7279	6	12389491310820	none	7060	32683817	512	224	0	7060
7280	7	12389508631690	none	7061	32683817	512	224	0	7061
7281	0	12389525885360	none	7062	32683817	512	224	0	7062
7282	1	12389539063600	none	7063	32683817	512	224	0	7063
7283	2	12389556300630	none	7064	32683817	512	224	0	7064
7284	3	12389573516780	none	7065	32683817	512	224	0	7065
7285	4	12389590747580	none	7066	32683817	512	224	0	7066
7286	5	12389608056810	none	7067	32683817	512	224	0	7067
7287	6	12389625318740	none	7068	32683817	512	224	0	7068
7288	7	12389642542000	none	7069	32683817	512	224	0	7069
7289	0	12389655756860	none	7070	32683817	512	224	0	7070
7290	1	12389673084030	none	7071	32683817	512	224	0	7071
7291	2	12389690303600	none	7072	32683817	512	224	0	7072
7292	3	12389707666550	none	7073	32683817	512	224	0	7073
7293	4	12389724945010	none	7074	32683817	512	224	0	7074
7294	5	12389742163510	none	7075	32683817	512	224	0	7075
7295	6	12389755381380	none	7076	32683817	512	224	0	7076
7296	7	12389772633800	none	7077	32683817	512	224	0	7077
7297	0	12389789867350	none	7078	32683817	512	224	0	7078
7298	1	12389807273060	none	7079	32683817	512	224	0	7079
7299	2	12389824545470	none	7080	32683817	512	224	0	7080
7300	3	12389841796490	none	7081	32683817	512	224	0	7081
7301	4	12389854991200	none	7082	ca44863e	512	224	0	7082
7302	5	12389872206650	none	7083	ca44863e	512	224	0	7083
7303	6	12389889465530	none	7084	ca44863e	512	224	0	7084
7304	7	12389906693430	none	7085	ca44863e	512	224	0	7085
7305	0	12389923945200	none	7086	ca44863e	512	224	0	7086
7306	1	12389941167680	none	7087	ca44863e	512	224	0	7087
7307	2	12389958407110	none	7088	ca44863e	512	224	0	7088
7308	3	12389971644940	none	7089	ca44863e	512	224	0	7089
7309	4	12389988900860	none	7090	ca44863e	512	224	0	7090
7310	5	12390006302230	none	7091	ca44863e	512	224	0	7091
7311	6	12390023510280	none	7092	ca44863e	512	224	0	7092
7312	7	12390040749630	none	7093	ca44863e	512	224	0	7093
7313	0	12390058032480	none	7094	ca44863e	512	224	0	7094
7314	1	12390071204310	none	7095	ca44863e	512	224	0	7095
7315	2	12390088471520	none	7096	ca44863e	512	224	0	7096
7316	3	12390105709260	none	7097	ca44863e	512	224	0	7097
7317	4	12390122922290	none	7098	ca44863e	512	224	0	7098
7318	5	12390140144600	none	7099	ca44863e	512	224	0	7099
7319	6	12390157470850	none	7100	ca44863e	512	224	0	7100
7320	7	12390174903970	none	7101	ca44863e	512	224	0	7101
7321	0	12390188085200	none	7102	ca44863e	512	224	0	7102
7322	1	12390205302470	none	7103	ca44863e	512	224	0	7103
7323	2	12390222508460	none	7104	ca44863e	512	224	0	7104
7324	3	12390239742650	none	7105	ca44863e	512	224	0	7105
7325	4	12390257043840	none	7106	ca44863e	512	224	0	7106
7326	5	12390274272520	none	7107	ca44863e	512	224	0	7107
7327	6	12390291532450	none	7108	ca44863e	512	224	0	7108
7328	7	12390304731430	none	7109	ca44863e	512	224	0	7109
7329	0	12390321953500	none	7110	ca44863e	512	224	0	7110
7330	1	12390339173860	none	7111	ca44863e	512	224	0	7111
7331	2	12390356411520	none	7112	ca44863e	512	224	0	7112
7332	3	12390373647660	none	7113	ca44863e	512	224	0	7113
7333	4	12390390872010	none	7114	ca44863e	512	224	0	7114
7334	5	12390404048540	none	7115	ca44863e	512	224	0	7115
7335	6	12390421274910	none	7116	ca44863e	512	224	0	7116
7336	7	12390438469190	none	7117	ca44863e	512	224	0	7117
7337	0	12390455796960	none	7118	ca44863e	512	224	0	7118
7338	1	12390473021940	none	7119	ca44863e	512	224	0	7119
7339	2	12390490232110	none	7120	ca44863e	512	224	0	7120
7340	3	12390507461400	none	7121	ca44863e	512	224	0	7121
7341	4	12390520736990	none	7122	ca44863e	512	224	0	7122
7342	5	12390537967890	none	7123	ca44863e	512	224	0	7123
7343	6	12390555312510	none	7124	ca44863e	512	224	0	7124
7344	7	12390572540630	none	7125	ca44863e	512	224	0	7125
7345	0	12390589817990	none	7126	ca44863e	512	224	0	7126
7346	1	12390607051400	none	7127	ca44863e	512	224	0	7127
7347	2	12390624266800	none	7128	ca44863e	512	224	0	7128
7348	3	12390637493430	none	7129	ca44863e	512	224	0	7129
7349	4	12390654722740	none	7130	ca44863e	512	224	0	7130
7350	5	12390671948470	none	7131	ca44863e	512	224	0	7131
7351	6	12390689178100	none	7132	ca44863e	512	224	0	7132
7352	7	12390706430670	none	7133	ca44863e	512	224	0	7133
7353	0	12390723682260	none	7134	ca44863e	512	224	0	7134
7354	1	12390736872400	none	7135	ca44863e	512	224	0	7135
7355	2	12390754262940	none	7136	ca44863e	512	224	0	7136
7356	3	12390771447810	none	7137	ca44863e	512	224	0	7137
7357	4	12390788708130	none	7138	ca44863e	512	224	0	7138
7358	5	12390805989240	none	7139	ca44863e	512	224	0	7139
7359	6	12390823195450	none	7140	ca44863e	512	224	0	7140
7360	7	12390840427080	none	7141	ca44863e	512	224	0	7141
7361	0	12390853628100	none	7142	ca44863e	512	224	0	7142
7362	1	12390870868990	none	7143	ca44863e	512	224	0	7143
7363	2	12390888075680	none	7144	ca44863e	512	224	0	7144
7364	3	12390905304570	none	7145	ca44863e	512	224	0	7145
7365	4	12390922518790	none	7146	ca44863e	512	224	0	7146
7366	5	12390939760420	none	7147	ca44863e	512	224	0	7147
7367	6	12390957015230	none	7148	ca44863e	512	224	0	7148
7368	7	12390970365620	none	7149	ca44863e	512	224	0	7149
7369	0	12390987605120	none	7150	ca44863e	512	224	0	7150
7370	1	12391004905280	none	7151	ca44863e	512	224	0	7151
7371	2	12391022126260	none	7152	ca44863e	512	224	0	7152
7372	3	12391039354940	none	7153	ca44863e	512	224	0	7153
7373	4	12391056636240	none	7154	ca44863e	512	224	0	7154
7374	5	12391069826630	none	7155	ca44863e	512	224	0	7155
7375	6	12391087040000	none	7156	ca44863e	512	224	0	7156
7376	7	12391104419820	none	7157	ca44863e	512	224	0	7157
7377	0	12391121649680	none	7158	ca44863e	512	224	0	7158
7378	1	12391139030250	none	7159	ca44863e	512	224	0	7159
7379	2	12391156228180	none	7160	ca44863e	512	224	0	7160
7380	3	12391169558200	none	7161	ca44863e	512	224	0	7161
7381	4	12391186866890	none	7162	ca44863e	512	224	0	7162
7382	5	12391204142710	none	7163	ca44863e	512	224	0	7163
7383	6	12391221454260	none	7164	ca44863e	512	224	0	7164
7384	7	12391238688690	none	7165	ca44863e	512	224	0	7165
7385	0	12391255925160	none	7166	ca44863e	512	224	0	7166
7386	1	12391269253170	none	7167	ca44863e	512	224	0	7167
7387	2	12391286448370	none	7168	ca44863e	512	224	0	7168
7388	3	12391303763310	none	7169	ca44863e	512	224	0	7169
7389	4	12391320988160	none	7170	ca44863e	512	224	0	7170
7390	5	12391338250890	none	7171	ca44863e	512	224	0	7171
7391	6	12391355458780	none	7172	ca44863e	512	224	0	7172
7392	7	12391372698140	none	7173	ca44863e	512	224	0	7173
7393	0	12391385891440	none	7174	ca44863e	512	224	0	7174
7394	1	12391403276240	none	7175	ca44863e	512	224	0	7175
7395	2	12391420503790	none	7176	ca44863e	512	224	0	7176
7396	3	12391437752140	none	7177	ca44863e	512	224	0	7177
7397	4	12391454988850	none	7178	ca44863e	512	224	0	7178
7398	5	12391472200060	none	7179	ca44863e	512	224	0	7179
7399	6	12391489452360	none	7180	ca44863e	512	224	0	7180
7400	7	12391502656870	none	7181	ca44863e	512	224	0	7181
7401	0	12391519946640	none	7182	ca44863e	512	224	0	7182
7402	1	12391537160690	none	7183	ca44863e	512	224	0	7183
7403	2	12391554412580	none	7184	ca44863e	512	224	0	7184
7404	3	12391571646600	none	7185	ca44863e	512	224	0	7185
7405	4	12391588892840	none	7186	ca44863e	512	224	0	7186
7406	5	12391602083340	none	7187	ca44863e	512	224	0	7187
7407	6	12391619315100	none	7188	ca44863e	512	224	0	7188
7408	7	12391636535480	none	7189	ca44863e	512	224	0	7189
7409	0	12391653780990	none	7190	ca44863e	512	224	0	7190
7410	1	12391671004680	none	7191	ca44863e	512	224	0	7191
7411	2	12391688189050	none	7192	ca44863e	512	224	0	7192
7412	3	12391705431460	none	7193	ca44863e	512	224	0	7193
7413	4	12391718740150	none	7194	ca44863e	512	224	0	7194
7414	5	12391735967340	none	7195	ca44863e	512	224	0	7195
7415	6	12391753253370	none	7196	ca44863e	512	224	0	7196
7416	7	12391770483410	none	7197	ca44863e	512	224	0	7197
7417	0	12391787722220	none	7198	ca44863e	512	224	0	7198
7418	1	12391804936960	none	7199	ca44863e	512	224	0	7199
7419	2	12391822275920	none	7200	ca44863e	512	224	0	7200
7420	3	12391835481300	none	7201	ca44863e	512	224	0	7201
7421	4	12391852834600	none	7202	ca44863e	512	224	0	7202
7422	5	12391870072120	none	7203	ca44863e	512	224	0	7203
7423	6	12391887279540	none	7204	ca44863e	512	224	0	7204
7424	7	12391904522360	none	7205	ca44863e	512	224	0	7205
7425	0	12391921849280	none	7206	ca44863e	512	224	0	7206
7426	1	12391935056890	none	7207	ca44863e	512	224	0	7207
7427	2	12391952282580	none	7208	ca44863e	512	224	0	7208
7428	3	12391969501790	none	7209	ca44863e	512	224	0	7209
7429	4	12391986744730	none	7210	ca44863e	512	224	0	7210
7430	5	12392003976930	none	7211	ca44863e	512	224	0	7211
7431	6	12392021375830	none	7212	ca44863e	512	224	0	7212
7432	7	12392038621100	none	7213	ca44863e	512	224	0	7213
7433	0	12392051812110	none	7214	ca44863e	512	224	0	7214
7434	1	12392069032990	none	7215	ca44863e	512	224	0	7215
7435	2	12392086283850	none	7216	ca44863e	512	224	0	7216
7436	3	12392103519320	none	7217	ca44863e	512	224	0	7217
7437	4	12392120803830	none	7218	ca44863e	512	224	0	7218
7438	5	12392138030530	none	7219	ca44863e	512	224	0	7219
7439	6	12392151207410	none	7220	ca44863e	512	224	0	7220
7440	7	12392168419610	none	7221	ca44863e	512	224	0	7221
7441	0	12392185664780	none	7222	ca44863e	512	224	0	7222
7442	1	12392203003360	none	7223	ca44863e	512	224	0	7223
7443	2	12392220239030	none	7224	ca44863e	512	224	0	7224
7444	3	12392237478400	none	7225	ca44863e	512	224	0	7225
7445	4	12392254704630	none	7226	ca44863e	512	224	0	7226
7446	5	12392267953680	none	7227	ca44863e	512	224	0	7227
7447	6	12392285175480	none	7228	ca44863e	512	224	0	7228
7448	7	12392302443920	none	7229	ca44863e	512	224	0	7229
7449	0	12392319686890	none	7230	ca44863e	512	224	0	7230
7450	1	12392336918710	none	7231	ca44863e	512	224	0	7231
7451	2	12392354175950	none	7232	ca44863e	512	224	0	7232
7452	3	12392371415580	none	7233	ca44863e	512	224	0	7233
7453	4	12392384617300	none	7234	ca44863e	512	224	0	7234
7454	5	12392401967890	none	7235	ca44863e	512	224	0	7235
7455	6	12392419191090	none	7236	ca44863e	512	224	0	7236
7456	7	12392436425110	none	7237	ca44863e	512	224	0	7237
7457	0	12392453677560	none	7238	ca44863e	512	224	0	7238
7458	1	12392470975050	none	7239	ca44863e	512	224	0	7239
7459	2	12392484147210	none	7240	ca44863e	512	224	0	7240
7460	3	12392501386440	none	7241	ca44863e	512	224	0	7241
7461	4	12392518620610	none	7242	ca44863e	512	224	0	7242
7462	5	12392535849510	none	7243	ca44863e	512	224	0	7243
7463	6	12392553102220	none	7244	ca44863e	512	224	0	7244
7464	7	12392570479030	none	7245	ca44863e	512	224	0	7245
7465	0	12392587727600	none	7246	ca44863e	512	224	0	7246
7466	1	12392600927290	none	7247	ca44863e	512	224	0	7247
7467	2	12392618151240	none	7248	ca44863e	512	224	0	7248
7468	3	12392635378510	none	7249	ca44863e	512	224	0	7249
7469	4	12392652625400	none	7250	ca44863e	512	224	0	7250
7470	5	12392669930390	none	7251	ca44863e	512	224	0	7251
7471	6	12392687152810	none	7252	ca44863e	512	224	0	7252
7472	7	12392700395930	none	7253	ca44863e	512	224	0	7253
7473	0	12392717779960	none	7254	ab1ab475	512	224	0	7254
7474	1	12392735419660	none	7255	ab1ab475	512	224	0	7255
7475	2	12392752653220	none	7256	ab1ab475	512	224	0	7256
7476	3	12392769949610	none	7257	ab1ab475	512	224	0	7257
7477	4	12392787186360	none	7258	ab1ab475	512	224	0	7258
7478	5	12392800365330	none	7259	ab1ab475	512	224	0	7259
7479	6	12392817670950	none	7260	ab1ab475	512	224	0	7260
7480	7	12392835031000	none	7261	ab1ab475	512	224	0	7261
7481	0	12392852269100	none	7262	ab1ab475	512	224	0	7262
7482	1	12392869633460	none	7263	ab1ab475	512	224	0	7263
7483	2	12392886947880	none	7264	ab1ab475	512	224	0	7264
7484	3	12392900120990	none	7265	ab1ab475	512	224	0	7265
7485	4	12392917345980	none	7266	ab1ab475	512	224	0	7266
7486	5	12392934591180	none	7267	ab1ab475	512	224	0	7267
7487	6	12392951845740	none	7268	ab1ab475	512	224	0	7268
7488	7	12392969262120	none	7269	ab1ab475	512	224	0	7269
7489	0	12392986475560	none	7270	ab1ab475	512	224	0	7270
7490	1	12393003722720	none	7271	ab1ab475	512	224	0	7271
7491	2	12393016962560	none	7272	ab1ab475	512	224	0	7272
7492	3	12393034152970	none	7273	ab1ab475	512	224	0	7273
7493	4	12393051388060	none	7274	ab1ab475	512	224	0	7274
7494	5	12393068732870	none	7275	ab1ab475	512	224	0	7275
7495	6	12393085990390	none	7276	ab1ab475	512	224	0	7276
7496	7	12393103289920	none	7277	ab1ab475	512	224	0	7277
7497	0	12393116480250	none	7278	ab1ab475	512	224	0	7278
7498	1	12393133723980	none	7279	ab1ab475	512	224	0	7279
7499	2	12393150948130	none	7280	ab1ab475	512	224	0	7280
7500	3	12393168330220	none	7281	ab1ab475	512	224	0	7281
7501	4	12393185592000	none	7282	ab1ab475	512	224	0	7282
7502	5	12393202841700	none	7283	ab1ab475	512	224	0	7283
7503	6	12393216017720	none	7284	ab1ab475	512	224	0	7284
7504	7	12393233223180	none	7285	ab1ab475	512	224	0	7285
7505	0	12393250437770	none	7286	ab1ab475	512	224	0	7286
7506	1	12393267674140	none	7287	ab1ab475	512	224	0	7287
7507	2	12393284885880	none	7288	ab1ab475	512	224	0	7288
7508	3	12393302095050	none	7289	ab1ab475	512	224	0	7289
7509	4	12393319349260	none	7290	ab1ab475	512	224	0	7290
7510	5	12393332567190	none	7291	ab1ab475	512	224	0	7291
7511	6	12393349817280	none	7292	ab1ab475	512	224	0	7292
7512	7	12393367033930	none	7293	ab1ab475	512	224	0	7293
7513	0	12393384248800	none	7294	ab1ab475	512	224	0	7294
7514	1	12393401460540	none	7295	ab1ab475	512	224	0	7295
7515	2	12393418798040	none	7296	ab1ab475	512	224	0	7296
7516	3	12393436021800	none	7297	ab1ab475	512	224	0	7297
7517	4	12393449177530	none	7298	ab1ab475	512	224	0	7298
7518	5	12393466388710	none	7299	ab1ab475	512	224	0	7299
7519	6	12393483625480	none	7300	ab1ab475	512	224	0	7300
7520	7	12393500884900	none	7301	ab1ab475	512	224	0	7301
7521	0	12393518123430	none	7302	ab1ab475	512	224	0	7302
7522	1	12393535368060	none	7303	ab1ab475	512	224	0	7303
7523	2	12393552619550	none	7304	ab1ab475	512	224	0	7304
7524	3	12393565804860	none	7305	ab1ab475	512	224	0	7305
7525	4	12393583085360	none	7306	ab1ab475	512	224	0	7306
7526	5	12393600290580	none	7307	ab1ab475	512	224	0	7307
7527	6	12393617664790	none	7308	ab1ab475	512	224	0	7308
7528	7	12393634952550	none	7309	ab1ab475	512	224	0	7309
7529	0	12393652159110	none	7310	ab1ab475	512	224	0	7310
7530	1	12393665387120	none	7311	ab1ab475	512	224	0	7311
7531	2	12393682634870	none	7312	ab1ab475	512	224	0	7312
7532	3	12393699854760	none	7313	ab1ab475	512	224	0	7313
7533	4	12393717226670	none	7314	ab1ab475	512	224	0	7314
7534	5	12393734452440	none	7315	ab1ab475	512	224	0	7315
7535	6	12393751693170	none	7316	ab1ab475	512	224	0	7316
7536	7	12393768994830	none	7317	ab1ab475	512	224	0	7317
7537	0	12393782164760	none	7318	ab1ab475	512	224	0	7318
7538	1	12393799369470	none	7319	ab1ab475	512	224	0	7319
7539	2	12393816761750	none	7320	ab1ab475	512	224	0	7320
7540	3	12393833994770	none	7321	ab1ab475	512	224	0	7321
7541	4	12393851224670	none	7322	ab1ab475	512	224	0	7322
7542	5	12393868431740	none	7323	ab1ab475	512	224	0	7323
7543	6	12393881661350	none	7324	ab1ab475	512	224	0	7324
7544	7	12393898882770	none	7325	ab1ab475	512	224	0	7325
7545	0	12393916242650	none	7326	ab1ab475	512	224	0	7326
7546	1	12393933476500	none	7327	ab1ab475	512	224	0	7327
7547	2	12393950718440	none	7328	ab1ab475	512	224	0	7328
7548	3	12393967999950	none	7329	ab1ab475	512	224	0	7329
7549	4	12393985223150	none	7330	ab1ab475	512	224	0	7330
7550	5	12393998390540	none	7331	ab1ab475	512	224	0	7331
7551	6	12394015637670	none	7332	ab1ab475	512	224	0	7332
7552	7	12394032864460	none	7333	ab1ab475	512	224	0	7333
7553	0	12394050121900	none	7334	ab1ab475	512	224	0	7334
7554	1	12394067400970	none	7335	ab1ab475	512	224	0	7335
7555	2	12394084641810	none	7336	ab1ab475	512	224	0	7336
7556	3	12394101875410	none	7337	ab1ab475	512	224	0	7337
7557	4	12394115062630	none	7338	ab1ab475	512	224	0	7338
7558	5	12394132274770	none	7339	ab1ab475	512	224	0	7339
7559	6	12394149562680	none	7340	ab1ab475	512	224	0	7340
7560	7	12394166930970	none	7341	ab1ab475	512	224	0	7341
7561	0	12394184141070	none	7342	ab1ab475	512	224	0	7342
7562	1	12394201366440	none	7343	ab1ab475	512	224	0	7343
7563	2	12394214586440	none	7344	ab1ab475	512	224	0	7344
7564	3	12394231819600	none	7345	ab1ab475	512	224	0	7345
7565	4	12394249033220	none	7346	ab1ab475	512	224	0	7346
7566	5	12394266390180	none	7347	ab1ab475	512	224	0	7347
7567	6	12394283651970	none	7348	ab1ab475	512	224	0	7348
7568	7	12394301029710	none	7349	ab1ab475	512	224	0	7349
7569	0	12394314218390	none	7350	ab1ab475	512	224	0	7350
7570	1	12394331446000	none	7351	ab1ab475	512	224	0	7351
7571	2	12394348693580	none	7352	ab1ab475	512	224	0	7352
7572	3	12394366029500	none	7353	ab1ab475	512	224	0	7353
7573	4	12394383262170	none	7354	ab1ab475	512	224	0	7354
7574	5	12394400481250	none	7355	ab1ab475	512	224	0	7355
7575	6	12394417750150	none	7356	ab1ab475	512	224	0	7356
7576	7	12394431093270	none	7357	ab1ab475	512	224	0	7357
7577	0	12394448376810	none	7358	ab1ab475	512	224	0	7358
7578	1	12394465713380	none	7359	ab1ab475	512	224	0	7359
7579	2	12394482964080	none	7360	ab1ab475	512	224	0	7360
7580	3	12394500193770	none	7361	ab1ab475	512	224	0	7361
7581	4	12394517397020	none	7362	ab1ab475	512	224	0	7362
7582	5	12394530607180	none	7363	ab1ab475	512	224	0	7363
7583	6	12394547833990	none	7364	ab1ab475	512	224	0	7364
7584	7	12394565198110	none	7365	ab1ab475	512	224	0	7365
7585	0	12394582402980	none	7366	ab1ab475	512	224	0	7366
7586	1	12394599638680	none	7367	ab1ab475	512	224	0	7367
7587	2	12394616878270	none	7368	ab1ab475	512	224	0	7368
7588	3	12394634268700	none	7369	ab1ab475	512	224	0	7369
7589	4	12394647459960	none	7370	ab1ab475	512	224	0	7370
7590	5	12394664780140	none	7371	ab1ab475	512	224	0	7371
7591	6	12394682021940	none	7372	ab1ab475	512	224	0	7372
7592	7	12394699231160	none	7373	ab1ab475	512	224	0	7373
7593	0	12394716444520	none	7374	ab1ab475	512	224	0	7374
7594	1	12394733688200	none	7375	ab1ab475	512	224	0	7375
7595	2	12394746873490	none	7376	ab1ab475	512	224	0	7376
7596	3	12394764258250	none	7377	ab1ab475	512	224	0	7377
7597	4	12394781484670	none	7378	ab1ab475	512	224	0	7378
7598	5	12394798726650	none	7379	ab1ab475	512	224	0	7379
7599	6	12394815994620	none	7380	ab1ab475	512	224	0	7380
7600	7	12394833204770	none	7381	ab1ab475	512	224	0	7381
7601	0	12394850414520	none	7382	ab1ab475	512	224	0	7382
7602	1	12394863666560	none	7383	ab1ab475	512	224	0	7383
7603	2	12394880895780	none	7384	ab1ab475	512	224	0	7384
7604	3	12394898127010	none	7385	ab1ab475	512	224	0	7385
7605	4	12394915392070	none	7386	ab1ab475	512	224	0	7386
7606	5	12394932640840	none	7387	ab1ab475	512	224	0	7387
7607	6	12394949884780	none	7388	ab1ab475	512	224	0	7388
7608	7	12394967152840	none	7389	ab1ab475	512	224	0	7389
7609	0	12394980354180	none	7390	ab1ab475	512	224	0	7390
7610	1	12394997591380	none	7391	ab1ab475	512	224	0	7391
7611	2	12395014825540	none	7392	ab1ab475	512	224	0	7392
7612	3	12395032034190	none	7393	ab1ab475	512	224	0	7393
7613	4	12395049229670	none	7394	ab1ab475	512	224	0	7394
7614	5	12395066463900	none	7395	ab1ab475	512	224	0	7395
7615	6	12395079743950	none	7396	ab1ab475	512	224	0	7396
7616	7	12395097029900	none	7397	ab1ab475	512	224	0	7397
7617	0	12395114356870	none	7398	ab1ab475	512	224	0	7398
7618	1	12395131771770	none	7399	ab1ab475	512	224	0	7399
7619	2	12395149282400	none	7400	ab1ab475	512	224	0	7400
7620	3	12395166963760	none	7401	ab1ab475	512	224	0	7401
7621	4	12395180345930	none	7402	ab1ab475	512	224	0	7402
7622	5	12395197696120	none	7403	ab1ab475	512	224	0	7403
7623	6	12395215303280	none	7404	ab1ab475	512	224	0	7404
7624	7	12395232795450	none	7405	ab1ab475	512	224	0	7405
7625	0	12395246372710	none	7406	ab1ab475	512	224	0	7406
7626	1	12395264205430	none	7407	ab1ab475	512	224	0	7407
7627	2	12395281845520	none	7408	ab1ab475	512	224	0	7408
7628	3	12395299274070	none	7409	ab1ab475	512	224	0	7409
7629	4	12395312605500	none	7410	ab1ab475	512	224	0	7410
7630	5	12395330276800	none	7411	ab1ab475	512	224	0	7411
7631	6	12395347602330	none	7412	ab1ab475	512	224	0	7412
7632	7	12395365288560	none	7413	ab1ab475	512	224	0	7413
7633	0	12395382879330	none	7414	ab1ab475	512	224	0	7414
7634	1	12395396529980	none	7415	ab1ab475	512	224	0	7415
7635	2	12395413843440	none	7416	ab1ab475	512	224	0	7416
7636	3	12395431064470	none	7417	ab1ab475	512	224	0	7417
7637	4	12395448328610	none	7418	ab1ab475	512	224	0	7418
7638	5	12395465578060	none	7419	ab1ab475	512	224	0	7419
7639	6	12395482900790	none	7420	ab1ab475	512	224	0	7420
7640	7	12395496085720	none	7421	ab1ab475	512	224	0	7421
7641	0	12395513348540	none	7422	ab1ab475	512	224	0	7422
7642	1	12395530587690	none	7423	ab1ab475	512	224	0	7423
7643	2	12395547823080	none	7424	ab1ab475	512	224	0	7424
7644	3	12395565060550	none	7425	ab1ab475	512	224	0	7425
7645	4	12395582436700	none	7426	ab1ab475	512	224	0	7426
7646	5	12395595650390	none	7427	ab1ab475	512	224	0	7427
7647	6	12395613023660	none	7428	ab1ab475	512	224	0	7428
7648	7	12395630261410	none	7429	ab1ab475	512	224	0	7429
7649	0	12395647501140	none	7430	ab1ab475	512	224	0	7430
7650	1	12395664739620	none	7431	ab1ab475	512	224	0	7431
7651	2	12395682110830	none	7432	ab1ab475	512	224	0	7432
7652	3	12395695315660	none	7433	ab1ab475	512	224	0	7433
7653	4	12395712765970	none	7434	ab1ab475	512	224	0	7434
7654	5	12395730022570	none	7435	ab1ab475	512	224	0	7435
7655	6	12395747426650	none	7436	ab1ab475	512	224	0	7436
7656	7	12395764680590	none	7437	ab1ab475	512	224	0	7437
7657	0	12395781975380	none	7438	ab1ab475	512	224	0	7438
7658	1	12395795171330	none	7439	ab1ab475	512	224	0	7439
7659	2	12395812461640	none	7440	ab1ab475	512	224	0	7440
7660	3	12395829760640	none	7441	7da26197	512	224	0	7441
7661	4	12395847078720	none	7442	b66e63c8	512	224	0	7442
7662	5	12395864324760	none	7443	b843464b	512	224	0	7443
7663	6	12395881678460	none	7444	aa5329a8	512	224	0	7444
7664	7	12395898950470	none	7445	5d640f20	512	224	0	7445
7665	0	12395912128110	none	7446	3a7b2c92	512	224	0	7446
7666	1	12395929492570	none	7447	7e4eaf8c	512	224	0	7447
7667	2	12395946741540	none	7448	69cf9d01	512	224	0	7448
7668	3	12395963957110	none	7449	5d18c166	512	224	0	7449
7669	4	12395981327950	none	7450	83c7e896	512	224	0	7450
7670	5	12395998588970	none	7451	74eba5de	512	224	0	7451
7671	6	12396011804920	none	7452	f3609a96	512	224	0	7452
7672	7	12396029226330	none	7453	db072180	512	224	0	7453
7673	0	12396046470010	none	7454	d4b19c8c	512	224	0	7454
7674	1	12396063705630	none	7455	61605322	512	224	0	7455
7675	2	12396080924010	none	7456	61605322	512	224	0	7456
7676	3	12396098127070	none	7457	61605322	512	224	0	7457
7677	4	12396111320000	none	7458	61605322	512	224	0	7458
7678	5	12396128564180	none	7459	61605322	512	224	0	7459
7679	6	12396145855740	none	7460	61605322	512	224	0	7460
7680	7	12396163159940	none	7461	61605322	512	224	0	7461
7681	0	12396180552570	none	7462	5a741fe3	512	224	0	7462
7682	1	12396197783670	none	7463	c248ac76	512	224	0	7463
7683	2	12396215018620	none	7464	baf18922	512	224	0	7464
7684	3	12396228219640	none	7465	759b4fc8	512	224	0	7465
7685	4	12396245437720	none	7466	f690836c	512	224	0	7466
7686	5	12396262740250	none	7467	d91fc550	512	224	0	7467
7687	6	12396280187240	none	7468	496ce5c1	512	224	0	7468
7688	7	12396297543580	none	7469	b314979a	512	224	0	7469
7689	0	12396314835530	none	7470	22672d6e	512	224	0	7470
7690	1	12396328026180	none	7471	1720e7cd	512	224	0	7471
7691	2	12396345237610	none	7472	243327fb	512	224	0	7472
7692	3	12396362522660	none	7473	2b630df6	512	224	0	7473
7693	4	12396379830710	none	7474	0a84191e	512	224	0	7474
7694	5	12396397057170	none	7475	7cc3d34c	512	224	0	7475
7695	6	12396414298360	none	7476	e01f2199	512	224	0	7476
7696	7	12396427513970	none	7477	e01f2199	512	224	0	7477
7697	0	12396444739780	none	7478	e01f2199	512	224	0	7478
7698	1	12396461992860	none	7479	e01f2199	512	224	0	7479
7699	2	12396479395660	none	7480	e01f2199	512	224	0	7480
7700	3	12396496658820	none	7481	e01f2199	512	224	0	7481
7701	4	12396513894840	none	7482	e01f2199	512	224	0	7482
7702	5	12396531113910	none	7483	e01f2199	512	224	0	7483
7703	6	12396544409170	none	7484	e01f2199	512	224	0	7484
7704	7	12396561721140	none	7485	e01f2199	512	224	0	7485
7705	0	12396579201370	none	7486	e01f2199	512	224	0	7486
7706	1	12396596551630	none	7487	e01f2199	512	224	0	7487
7707	2	12396613783200	none	7488	e01f2199	512	224	0	7488
7708	3	12396631016380	none	7489	e01f2199	512	224	0	7489
7709	4	12396644211460	none	7490	e01f2199	512	224	0	7490
7710	5	12396661420400	none	7491	e01f2199	512	224	0	7491
7711	6	12396678672510	none	7492	e01f2199	512	224	0	7492
7712	7	12396695952570	none	7493	e01f2199	512	224	0	7493
7713	0	12396713193960	none	7494	e01f2199	512	224	0	7494
7714	1	12396730463770	none	7495	e01f2199	512	224	0	7495
7715	2	12396743671380	none	7496	e01f2199	512	224	0	7496
7716	3	12396761000950	none	7497	e01f2199	512	224	0	7497
7717	4	12396778211010	none	7498	e01f2199	512	224	0	7498
7718	5	12396795440870	none	7499	e01f2199	512	224	0	7499
7719	6	12396812751870	none	7500	e01f2199	512	224	0	7500
7720	7	12396830112810	none	7501	e01f2199	512	224	0	7501
7721	0	12396847347410	none	7502	e01f2199	512	224	0	7502
7722	1	12396860560560	none	7503	e01f2199	512	224	0	7503
7723	2	12396877791230	none	7504	e01f2199	512	224	0	7504
7724	3	12396895097960	none	7505	e01f2199	512	224	0	7505
7725	4	12396912379610	none	7506	e01f2199	512	224	0	7506
7726	5	12396929761540	none	7507	e01f2199	512	224	0	7507
7727	6	12396946999770	none	7508	e01f2199	512	224	0	7508
7728	7	12396960182240	none	7509	e01f2199	512	224	0	7509
7729	0	12396977362940	none	7510	e01f2199	512	224	0	7510
7730	1	12396994589970	none	7511	e01f2199	512	224	0	7511
7731	2	12397011879830	none	7512	e01f2199	512	224	0	7512
7732	3	12397029202490	none	7513	e01f2199	512	224	0	7513
7733	4	12397046448940	none	7514	e01f2199	512	224	0	7514
7734	5	12397063686270	none	7515	e01f2199	512	224	0	7515
7735	6	12397076899890	none	7516	e01f2199	512	224	0	7516
7736	7	12397094113670	none	7517	e01f2199	512	224	0	7517
7737	0	12397111332830	none	7518	e01f2199	512	224	0	7518
7738	1	12397128696550	none	7519	e01f2199	512	224	0	7519
7739	2	12397146054260	none	7520	e01f2199	512	224	0	7520
7740	3	12397163314510	none	7521	e01f2199	512	224	0	7521
7741	4	12397176552890	none	7522	e01f2199	512	224	0	7522
7742	5	12397193787660	none	7523	e01f2199	512	224	0	7523
7743	6	12397210995420	none	7524	e01f2199	512	224	0	7524
7744	7	12397228351820	none	7525	e01f2199	512	224	0	7525
7745	0	12397245648020	none	7526	e01f2199	512	224	0	7526
7746	1	12397262928960	none	7527	e01f2199	512	224	0	7527
7747	2	12397276109410	none	7528	e01f2199	512	224	0	7528
7748	3	12397293345750	none	7529	e01f2199	512	224	0	7529
7749	4	12397310560090	none	7530	e01f2199	512	224	0	7530
7750	5	12397327794750	none	7531	e01f2199	512	224	0	7531
7751	6	12397345024890	none	7532	e01f2199	512	224	0	7532
7752	7	12397362333340	none	7533	e01f2199	512	224	0	7533
7753	0	12397379609920	none	7534	e01f2199	512	224	0	7534
7754	1	12397392831640	none	7535	e01f2199	512	224	0	7535
7755	2	12397410019720	none	7536	e01f2199	512	224	0	7536
7756	3	12397427367770	none	7537	e01f2199	512	224	0	7537
7757	4	12397444616080	none	7538	e01f2199	512	224	0	7538
7758	5	12397461902210	none	7539	e01f2199	512	224	0	7539
7759	6	12397479231640	none	7540	e01f2199	512	224	0	7540
7760	7	12397492459680	none	7541	e01f2199	512	224	0	7541
7761	0	12397509697850	none	7542	e01f2199	512	224	0	7542
7762	1	12397526917890	none	7543	e01f2199	512	224	0	7543
7763	2	12397544139840	none	7544	e01f2199	512	224	0	7544
7764	3	12397561369950	none	7545	e01f2199	512	224	0	7545
7765	4	12397578631400	none	7546	e01f2199	512	224	0	7546
7766	5	12397595919660	none	7547	e01f2199	512	224	0	7547
7767	6	12397609158050	none	7548	e01f2199	512	224	0	7548
7768	7	12397626400770	none	7549	e01f2199	512	224	0	7549
7769	0	12397643649570	none	7550	e01f2199	512	224	0	7550
7770	1	12397660903460	none	7551	e01f2199	512	224	0	7551
7771	2	12397678144680	none	7552	e01f2199	512	224	0	7552
7772	3	12397695366250	none	7553	e01f2199	512	224	0	7553
7773	4	12397708640880	none	7554	e01f2199	512	224	0	7554
7774	5	12397725923240	none	7555	e01f2199	512	224	0	7555
7775	6	12397743272750	none	7556	e01f2199	512	224	0	7556
7776	7	12397760749860	none	7557	e01f2199	512	224	0	7557
7777	0	12397778334350	none	7558	e01f2199	512	224	0	7558
7778	1	12397795630400	none	7559	e01f2199	512	224	0	7559
7779	2	12397808874000	none	7560	e01f2199	512	224	0	7560
7780	3	12397826271610	none	7561	e01f2199	512	224	0	7561
7781	4	12397843513870	none	7562	e01f2199	512	224	0	7562
7782	5	12397860760800	none	7563	e01f2199	512	224	0	7563
7783	6	12397878019900	none	7564	e01f2199	512	224	0	7564
7784	7	12397895258440	none	7565	e01f2199	512	224	0	7565
7785	0	12397908523030	none	7566	e01f2199	512	224	0	7566
7786	1	12397925793460	none	7567	e01f2199	512	224	0	7567
7787	2	12397943023270	none	7568	e01f2199	512	224	0	7568
7788	3	12397960231960	none	7569	e01f2199	512	224	0	7569
7789	4	12397977469010	none	7570	e01f2199	512	224	0	7570
7790	5	12397994711050	none	7571	e01f2199	512	224	0	7571
7791	6	12398012045030	none	7572	e01f2199	512	224	0	7572
7792	7	12398025312960	none	7573	e01f2199	512	224	0	7573
7793	0	12398042555390	none	7574	e01f2199	512	224	0	7574
7794	1	12398059878930	none	7575	e01f2199	512	224	0	7575
7795	2	12398077076120	none	7576	e01f2199	512	224	0	7576
7796	3	12398094315850	none	7577	e01f2199	512	224	0	7577
7797	4	12398111568840	none	7578	e01f2199	512	224	0	7578
7798	5	12398124760730	none	7579	e01f2199	512	224	0	7579
7799	6	12398142084630	none	7580	e01f2199	512	224	0	7580
7800	7	12398159294340	none	7581	e01f2199	512	224	0	7581
7801	0	12398176537080	none	7582	e01f2199	512	224	0	7582
7802	1	12398193787630	none	7583	e01f2199	512	224	0	7583
7803	2	12398211125940	none	7584	e01f2199	512	224	0	7584
7804	3	12398228356410	none	7585	e01f2199	512	224	0	7585
7805	4	12398241729910	none	7586	e01f2199	512	224	0	7586
7806	5	12398258958110	none	7587	e01f2199	512	224	0	7587
7807	6	12398276196940	none	7588	e01f2199	512	224	0	7588
7808	7	12398293420740	none	7589	e01f2199	512	224	0	7589
7809	0	12398310649000	none	7590	e01f2199	512	224	0	7590
7810	1	12398327875700	none	7591	e01f2199	512	224	0	7591
7811	2	12398341248710	none	7592	e01f2199	512	224	0	7592
7812	3	12398358482460	none	7593	e01f2199	512	224	0	7593
7813	4	12398375812960	none	7594	e01f2199	512	224	0	7594
7814	5	12398393028700	none	7595	e01f2199	512	224	0	7595
7815	6	12398410289600	none	7596	e01f2199	512	224	0	7596
7816	7	12398427517060	none	7597	e01f2199	512	224	0	7597
7817	0	12398444750990	none	7598	e01f2199	512	224	0	7598
7818	1	12398457921720	none	7599	e01f2199	512	224	0	7599
7819	2	12398475286910	none	7600	e01f2199	512	224	0	7600
7820	3	12398492547770	none	7601	e01f2199	512	224	0	7601
7821	4	12398509774580	none	7602	e01f2199	512	224	0	7602
7822	5	12398526988890	none	7603	e01f2199	512	224	0	7603
7823	6	12398544347220	none	7604	e01f2199	512	224	0	7604
7824	7	12398557557700	none	7605	e01f2199	512	224	0	7605
7825	0	12398574924580	none	7606	e01f2199	512	224	0	7606
7826	1	12398592146360	none	7607	e01f2199	512	224	0	7607
7827	2	12398609360760	none	7608	e01f2199	512	224	0	7608
7828	3	12398626598490	none	7609	e01f2199	512	224	0	7609
7829	4	12398643822550	none	7610	e01f2199	512	224	0	7610
7830	5	12398661057830	none	7611	e01f2199	512	224	0	7611
7831	6	12398674269990	none	7612	e01f2199	512	224	0	7612
7832	7	12398691552820	none	7613	e01f2199	512	224	0	7613
7833	0	12398708803570	none	7614	e01f2199	512	224	0	7614
7834	1	12398726019290	none	7615	e01f2199	512	224	0	7615
7835	2	12398743253920	none	7616	e01f2199	512	224	0	7616
7836	3	12398760522350	none	7617	e01f2199	512	224	0	7617
7837	4	12398773762890	none	7618	e01f2199	512	224	0	7618
7838	5	12398790960850	none	7619	e01f2199	512	224	0	7619
7839	6	12398808236130	none	7620	e01f2199	512	224	0	7620
7840	7	12398825455400	none	7621	e01f2199	512	224	0	7621
7841	0	12398842691420	none	7622	e01f2199	512	224	0	7622
7842	1	12398860038720	none	7623	e01f2199	512	224	0	7623
7843	2	12398877274770	none	7624	e01f2199	512	224	0	7624
7844	3	12398890586520	none	7625	e01f2199	512	224	0	7625
7845	4	12398907882040	none	7626	e01f2199	512	224	0	7626
7846	5	12398925106180	none	7627	e01f2199	512	224	0	7627
7847	6	12398942386450	none	7628	e01f2199	512	224	0	7628
7848	7	12398959645640	none	7629	e01f2199	512	224	0	7629
7849	0	12398976889310	none	7630	e01f2199	512	224	0	7630
7850	1	12398990079570	none	7631	e01f2199	512	224	0	7631
7851	2	12399007290710	none	7632	e01f2199	512	224	0	7632
7852	3	12399024531510	none	7633	e01f2199	512	224	0	7633
7853	4	12399041761640	none	7634	e01f2199	512	224	0	7634
7854	5	12399059074420	none	7635	e01f2199	512	224	0	7635
7855	6	12399076307560	none	7636	e01f2199	512	224	0	7636
7856	7	12399093659110	none	7637	e01f2199	512	224	0	7637
7857	0	12399106909710	none	7638	e01f2199	512	224	0	7638
7858	1	12399124117560	none	7639	e01f2199	512	224	0	7639
7859	2	12399141337330	none	7640	e01f2199	512	224	0	7640
7860	3	12399158624920	none	7641	e01f2199	512	224	0	7641
7861	4	12399175842470	none	7642	e01f2199	512	224	0	7642
7862	5	12399193233910	none	7643	e01f2199	512	224	0	7643
7863	6	12399206548360	none	7644	e01f2199	512	224	0	7644
7864	7	12399223875330	none	7645	e01f2199	512	224	0	7645
7865	0	12399241063100	none	7646	e01f2199	512	224	0	7646
7866	1	12399258297100	none	7647	e01f2199	512	224	0	7647
7867	2	12399275558690	none	7648	e01f2199	512	224	0	7648
7868	3	12399292783570	none	7649	e01f2199	512	224	0	7649
7869	4	12399310019290	none	7650	e01f2199	512	224	0	7650
7870	5	12399323229630	none	7651	e01f2199	512	224	0	7651
7871	6	12399340462590	none	7652	e01f2199	512	224	0	7652
7872	7	12399357685640	none	7653	e01f2199	512	224	0	7653
7873	0	12399374907050	none	7654	e01f2199	512	224	0	7654
7874	1	12399392281320	none	7655	e01f2199	512	224	0	7655
7875	2	12399409581990	none	7656	e01f2199	512	224	0	7656
7876	3	12399422776270	none	7657	e01f2199	512	224	0	7657
7877	4	12399439991720	none	7658	e01f2199	512	224	0	7658
7878	5	12399457218510	none	7659	e01f2199	512	224	0	7659
7879	6	12399474498550	none	7660	e01f2199	512	224	0	7660
7880	7	12399491728930	none	7661	e01f2199	512	224	0	7661
7881	0	12399508987750	none	7662	e01f2199	512	224	0	7662
7882	1	12399526220620	none	7663	e01f2199	512	224	0	7663
7883	2	12399539480940	none	7664	e01f2199	512	224	0	7664
7884	3	12399556711880	none	7665	e01f2199	512	224	0	7665
7885	4	12399574006730	none	7666	e01f2199	512	224	0	7666
7886	5	12399591253590	none	7667	e01f2199	512	224	0	7667
7887	6	12399608494770	none	7668	e01f2199	512	224	0	7668
7888	7	12399625740980	none	7669	e01f2199	512	224	0	7669
7889	0	12399638972800	none	7670	e01f2199	512	224	0	7670
7890	1	12399656245860	none	7671	e01f2199	512	224	0	7671
7891	2	12399673521170	none	7672	e01f2199	512	224	0	7672
7892	3	12399690753280	none	7673	e01f2199	512	224	0	7673
7893	4	12399708121440	none	7674	e01f2199	512	224	0	7674
7894	5	12399725315740	none	7675	e01f2199	512	224	0	7675
7895	6	12399742624550	none	7676	e01f2199	512	224	0	7676
7896	7	12399755795690	none	7677	e01f2199	512	224	0	7677
7897	0	12399773016480	none	7678	e01f2199	512	224	0	7678
7898	1	12399790230910	none	7679	e01f2199	512	224	0	7679
7899	2	12399807469200	none	7680	e01f2199	512	224	0	7680
7900	3	12399824696000	none	7681	e01f2199	512	224	0	7681
7901	4	12399841966130	none	7682	e01f2199	512	224	0	7682
7902	5	12399855166530	none	7683	e01f2199	512	224	0	7683
7903	6	12399872406120	none	7684	e01f2199	512	224	0	7684
7904	7	12399889643280	none	7685	e01f2199	512	224	0	7685
7905	0	12399906859850	none	7686	e01f2199	512	224	0	7686
7906	1	12399924089060	none	7687	e01f2199	512	224	0	7687
7907	2	12399941458000	none	7688	e01f2199	512	224	0	7688
7908	3	12399958787730	none	7689	e01f2199	512	224	0	7689
7909	4	12399971973930	none	7690	e01f2199	512	224	0	7690
7910	5	12399989190580	none	7691	e01f2199	512	224	0	7691
7911	6	12400006449070	none	7692	e01f2199	512	224	0	7692
7912	7	12400023677070	none	7693	e01f2199	512	224	0	7693
7913	0	12400040895810	none	7694	e01f2199	512	224	0	7694
7914	1	12400058117360	none	7695	e01f2199	512	224	0	7695
7915	2	12400075323500	none	7696	e01f2199	512	224	0	7696
7916	3	12400088531160	none	7697	e01f2199	512	224	0	7697
7917	4	12400105758100	none	7698	e01f2199	512	224	0	7698
7918	5	12400123011950	none	7699	e01f2199	512	224	0	7699
7919	6	12400140399430	none	7700	e01f2199	512	224	0	7700
7920	7	12400157625440	none	7701	e01f2199	512	224	0	7701
7921	0	12400174904740	none	7702	e01f2199	512	224	0	7702
7922	1	12400188088080	none	7703	e01f2199	512	224	0	7703
7923	2	12400205294920	none	7704	e01f2199	512	224	0	7704
7924	3	12400222556430	none	7705	e01f2199	512	224	0	7705
7925	4	12400239800050	none	7706	e01f2199	512	224	0	7706
7926	5	12400257001100	none	7707	e01f2199	512	224	0	7707
7927	6	12400274264660	none	7708	e01f2199	512	224	0	7708
7928	7	12400291570420	none	7709	7cc3d34c	512	224	0	7709
7929	0	12400304748590	none	7710	0a84191e	512	224	0	7710
7930	1	12400321995060	none	7711	2b630df6	512	224	0	7711
7931	2	12400339210620	none	7712	243327fb	512	224	0	7712
7932	3	12400356452700	none	7713	1720e7cd	512	224	0	7713
7933	4	12400373711330	none	7714	22672d6e	512	224	0	7714
7934	5	12400391013530	none	7715	b314979a	512	224	0	7715
7935	6	12400404416870	none	7716	496ce5c1	512	224	0	7716
7936	7	12400421639310	none	7717	d91fc550	512	224	0	7717
7937	0	12400438850310	none	7718	f690836c	512	224	0	7718
7938	1	12400456110720	none	7719	759b4fc8	512	224	0	7719
7939	2	12400473329020	none	7720	baf18922	512	224	0	7720
7940	3	12400490678570	none	7721	c248ac76	512	224	0	7721
7941	4	12400507949650	none	7722	5a741fe3	512	224	0	7722
7942	5	12400521114780	none	7723	61605322	512	224	0	7723
7943	6	12400538387530	none	7724	61605322	512	224	0	7724
7944	7	12400555674090	none	7725	61605322	512	224	0	7725
7945	0	12400572939690	none	7726	61605322	512	224	0	7726
7946	1	12400590186750	none	7727	61605322	512	224	0	7727
7947	2	12400607445030	none	7728	61605322	512	224	0	7728
7948	3	12400620648010	none	7729	61605322	512	224	0	7729
7949	4	12400637923820	none	7730	61605322	512	224	0	7730
7950	5	12400655120190	none	7731	61605322	512	224	0	7731
7951	6	12400672357380	none	7732	61605322	512	224	0	7732
7952	7	12400689713140	none	7733	61605322	512	224	0	7733
7953	0	12400706945900	none	7734	61605322	512	224	0	7734
7954	1	12400724156780	none	7735	61605322	512	224	0	7735
7955	2	12400737341770	none	7736	61605322	512	224	0	7736
7956	3	12400754569640	none	7737	61605322	512	224	0	7737
7957	4	12400771795920	none	7738	eed8e777	512	224	0	7738
7958	5	12400789193310	none	7739	c3c301b2	512	224	0	7739
7959	6	12400806457920	none	7740	f66ddb2f	512	224	0	7740
7960	7	12400823738470	none	7741	5e044e9f	512	224	0	7741
7961	0	12400836991680	none	7742	3d89d49b	512	224	0	7742
7962	1	12400854220980	none	7743	7c6fb7bf	512	224	0	7743
7963	2	12400871467310	none	7744	c27803cb	512	224	0	7744
7964	3	12400888709900	none	7745	a87de68b	512	224	0	7745
7965	4	12400905929850	none	7746	9e2752f7	512	224	0	7746
7966	5	12400923156940	none	7747	c690f8f3	512	224	0	7747
7967	6	12400940405980	none	7748	cfad4c24	512	224	0	7748
7968	7	12400953734300	none	7749	ae4b23b4	512	224	0	7749
7969	0	12400970997180	none	7750	59fbd40c	512	224	0	7750
7970	1	12400988445290	none	7751	d20bcbe9	512	224	0	7751
7971	2	12401005796860	none	7752	914d3cd2	512	224	0	7752
7972	3	12401023100840	none	7753	914d3cd2	512	224	0	7753
7973	4	12401040359470	none	7754	6cc207ba	512	224	0	7754
7974	5	12401053564290	none	7755	6cc207ba	512	224	0	7755
7975	6	12401070856500	none	7756	03b27103	512	224	0	7756
7976	7	12401088242000	none	7757	03b27103	512	224	0	7757
7977	0	12401105487060	none	7758	03b27103	512	224	0	7758
7978	1	12401122729710	none	7759	a584b9c6	512	224	0	7759
7979	2	12401139999810	none	7760	a584b9c6	512	224	0	7760
7980	3	12401153207910	none	7761	a584b9c6	512	224	0	7761
7981	4	12401170441660	none	7762	584b667a	512	224	0	7762
7982	5	12401187672120	none	7763	584b667a	512	224	0	7763
7983	6	12401204885400	none	7764	584b667a	512	224	0	7764
7984	7	12401222101100	none	7765	0b8a93c2	512	224	0	7765
7985	0	12401239384660	none	7766	0b8a93c2	512	224	0	7766
7986	1	12401256669920	none	7767	0b8a93c2	512	224	0	7767
7987	2	12401270025830	none	7768	0b8a93c2	512	224	0	7768
7988	3	12401287413370	none	7769	a873e902	512	224	0	7769
7989	4	12401304655780	none	7770	a873e902	512	224	0	7770
7990	5	12401321888230	none	7771	a873e902	512	224	0	7771
7991	6	12401339105820	none	7772	a873e902	512	224	0	7772
7992	7	12401356337490	none	7773	83d40c94	512	224	0	7773
7993	0	12401369545050	none	7774	83d40c94	512	224	0	7774
7994	1	12401386770410	none	7775	83d40c94	512	224	0	7775
7995	2	12401403987030	none	7776	83d40c94	512	224	0	7776
7996	3	12401421216930	none	7777	6afbf2fa	512	224	0	7777
7997	4	12401438461280	none	7778	6afbf2fa	512	224	0	7778
7998	5	12401455692320	none	7779	6afbf2fa	512	224	0	7779
7999	6	12401473063200	none	7780	5c4b422b	512	224	0	7780
8000	7	12401486223360	none	7781	5c4b422b	512	224	0	7781
8001	0	12401503507260	none	7782	5c4b422b	512	224	0	7782
8002	1	12401520912280	none	7783	ef26021f	512	224	0	7783
8003	2	12401538151160	none	7784	ef26021f	512	224	0	7784
8004	3	12401555373890	none	7785	ef26021f	512	224	0	7785
8005	4	12401572619460	none	7786	4bcf85e3	512	224	0	7786
8006	5	12401585818940	none	7787	4bcf85e3	512	224	0	7787
8007	6	12401603070560	none	7788	9c050649	512	224	0	7788
8008	7	12401620268500	none	7789	9c050649	512	224	0	7789
8009	0	12401637628530	none	7790	9c050649	512	224	0	7790
8010	1	12401654944090	none	7791	9c050649	512	224	0	7791
8011	2	12401672183500	none	7792	9c050649	512	224	0	7792
8012	3	12401689412220	none	7793	9c050649	512	224	0	7793
8013	4	12401702618820	none	7794	9c050649	512	224	0	7794
8014	5	12401719891140	none	7795	b3188be6	512	224	0	7795
8015	6	12401737118640	none	7796	b3188be6	512	224	0	7796
8016	7	12401754378590	none	7797	b3188be6	512	224	0	7797
8017	0	12401771633500	none	7798	b3188be6	512	224	0	7798
8018	1	12401788844700	none	7799	b3188be6	512	224	0	7799
8019	2	12401802192730	none	7800	b3188be6	512	224	0	7800
8020	3	12401819428410	none	7801	b3188be6	512	224	0	7801
8021	4	12401836750660	none	7802	b3188be6	512	224	0	7802
8022	5	12401853979470	none	7803	003890bb	512	224	0	7803
8023	6	12401871225970	none	7804	003890bb	512	224	0	7804
8024	7	12401888468510	none	7805	003890bb	512	224	0	7805
8025	0	12401905704120	none	7806	003890bb	512	224	0	7806
8026	1	12401918884050	none	7807	003890bb	512	224	0	7807
8027	2	12401936266190	none	7808	003890bb	512	224	0	7808
8028	3	12401953519060	none	7809	003890bb	512	224	0	7809
8029	4	12401970841230	none	7810	003890bb	512	224	0	7810
8030	5	12401988062680	none	7811	7d8c6174	512	224	0	7811
8031	6	12402005278020	none	7812	7d8c6174	512	224	0	7812
8032	7	12402018480550	none	7813	7d8c6174	512	224	0	7813
8033	0	12402035807540	none	7814	7d8c6174	512	224	0	7814
8034	1	12402053060810	none	7815	7d8c6174	512	224	0	7815
8035	2	12402070261340	none	7816	7d8c6174	512	224	0	7816
8036	3	12402087515000	none	7817	7d8c6174	512	224	0	7817
8037	4	12402104754220	none	7818	7d8c6174	512	224	0	7818
8038	5	12402118082610	none	7819	4ef1c29f	512	224	0	7819
8039	6	12402135555270	none	7820	4ef1c29f	512	224	0	7820
8040	7	12402152771810	none	7821	4ef1c29f	512	224	0	7821
8041	0	12402169997930	none	7822	4ef1c29f	512	224	0	7822
8042	1	12402187238800	none	7823	4ef1c29f	512	224	0	7823
8043	2	12402204479000	none	7824	4ef1c29f	512	224	0	7824
8044	3	12402221719920	none	7825	4ef1c29f	512	224	0	7825
8045	4	12402234898610	none	7826	30b7b3a4	512	224	0	7826
8046	5	12402252158110	none	7827	30b7b3a4	512	224	0	7827
8047	6	12402269407780	none	7828	30b7b3a4	512	224	0	7828
8048	7	12402286656450	none	7829	30b7b3a4	512	224	0	7829
8049	0	12402303887470	none	7830	30b7b3a4	512	224	0	7830
8050	1	12402321130320	none	7831	30b7b3a4	512	224	0	7831
8051	2	12402334343710	none	7832	30b7b3a4	512	224	0	7832
8052	3	12402351581870	none	7833	30b7b3a4	512	224	0	7833
8053	4	12402368883180	none	7834	99d37de0	512	224	0	7834
8054	5	12402386091850	none	7835	99d37de0	512	224	0	7835
8055	6	12402403351020	none	7836	99d37de0	512	224	0	7836
8056	7	12402420598180	none	7837	99d37de0	512	224	0	7837
8057	0	12402437819160	none	7838	99d37de0	512	224	0	7838
8058	1	12402451177690	none	7839	99d37de0	512	224	0	7839
8059	2	12402468420060	none	7840	99d37de0	512	224	0	7840
8060	3	12402485751120	none	7841	99d37de0	512	224	0	7841
8061	4	12402502963850	none	7842	99d37de0	512	224	0	7842
8062	5	12402520200400	none	7843	99d37de0	512	224	0	7843
8063	6	12402537479140	none	7844	99d37de0	512	224	0	7844
8064	7	12402550745780	none	7845	99d37de0	512	224	0	7845
8065	0	12402568106340	none	7846	99d37de0	512	224	0	7846
8066	1	12402585469410	none	7847	99d37de0	512	224	0	7847
8067	2	12402602729970	none	7848	99d37de0	512	224	0	7848
8068	3	12402620087400	none	7849	99d37de0	512	224	0	7849
8069	4	12402637295720	none	7850	99d37de0	512	224	0	7850
8070	5	12402650594760	none	7851	99d37de0	512	224	0	7851
8071	6	12402667885530	none	7852	99d37de0	512	224	0	7852
8072	7	12402685161240	none	7853	99d37de0	512	224	0	7853
8073	0	12402702403820	none	7854	99d37de0	512	224	0	7854
8074	1	12402719647030	none	7855	99d37de0	512	224	0	7855
8075	2	12402736860680	none	7856	99d37de0	512	224	0	7856
8076	3	12402754251200	none	7857	99d37de0	512	224	0	7857
8077	4	12402767470550	none	7858	99d37de0	512	224	0	7858
8078	5	12402784971900	none	7859	99d37de0	512	224	0	7859
8079	6	12402802277660	none	7860	99d37de0	512	224	0	7860
8080	7	12402819508780	none	7861	99d37de0	512	224	0	7861
8081	0	12402836779160	none	7862	99d37de0	512	224	0	7862
8082	1	12402850158810	none	7863	99d37de0	512	224	0	7863
8083	2	12402867394930	none	7864	99d37de0	512	224	0	7864
8084	3	12402884772910	none	7865	99d37de0	512	224	0	7865
8085	4	12402901991830	none	7866	99d37de0	512	224	0	7866
8086	5	12402919218360	none	7867	99d37de0	512	224	0	7867
8087	6	12402936468130	none	7868	99d37de0	512	224	0	7868
8088	7	12402953776650	none	7869	99d37de0	512	224	0	7869
8089	0	12402966951830	none	7870	99d37de0	512	224	0	7870
8090	1	12402984178850	none	7871	99d37de0	512	224	0	7871
8091	2	12403001420180	none	7872	99d37de0	512	224	0	7872
8092	3	12403018679010	none	7873	99d37de0	512	224	0	7873
8093	4	12403035879940	none	7874	99d37de0	512	224	0	7874
8094	5	12403053239930	none	7875	99d37de0	512	224	0	7875
8095	6	12403070492220	none	7876	99d37de0	512	224	0	7876
8096	7	12403083684690	none	7877	99d37de0	512	224	0	7877
8097	0	12403100953970	none	7878	99d37de0	512	224	0	7878
8098	1	12403118181220	none	7879	99d37de0	512	224	0	7879
8099	2	12403135466510	none	7880	99d37de0	512	224	0	7880
8100	3	12403152688640	none	7881	99d37de0	512	224	0	7881
8101	4	12403169895920	none	7882	99d37de0	512	224	0	7882
8102	5	12403183087520	none	7883	99d37de0	512	224	0	7883
8103	6	12403200306470	none	7884	99d37de0	512	224	0	7884
8104	7	12403217539660	none	7885	99d37de0	512	224	0	7885
8105	0	12403234783480	none	7886	99d37de0	512	224	0	7886
8106	1	12403252026290	none	7887	99d37de0	512	224	0	7887
8107	2	12403269234030	none	7888	99d37de0	512	224	0	7888
8108	3	12403286484410	none	7889	99d37de0	512	224	0	7889
8109	4	12403299753010	none	7890	99d37de0	512	224	0	7890
8110	5	12403316955870	none	7891	99d37de0	512	224	0	7891
8111	6	12403334201090	none	7892	99d37de0	512	224	0	7892
8112	7	12403351446320	none	7893	99d37de0	512	224	0	7893
8113	0	12403368699730	none	7894	535b97a2	512	224	0	7894
8114	1	12403385940080	none	7895	20f1fa23	512	224	0	7895
8115	2	12403403210590	none	7896	ce0ea565	512	224	0	7896
8116	3	12403416418880	none	7897	f4db5321	512	224	0	7897
8117	4	12403433656350	none	7898	6046adc4	512	224	0	7898
8118	5	12403450869940	none	7899	43982cbd	512	224	0	7899
8119	6	12403468135510	none	7900	34ca8105	512	224	0	7900
8120	7	12403485443720	none	7901	3d56e167	512	224	0	7901
8121	0	12403502863090	none	7902	f9a44205	512	224	0	7902
8122	1	12403516255440	none	7903	99da5dbf	512	224	0	7903
8123	2	12403533525830	none	7904	1826d5f5	512	224	0	7904
8124	3	12403550872960	none	7905	fd7b6a3f	512	224	0	7905
8125	4	12403568124870	none	7906	8fd438cf	512	224	0	7906
8126	5	12403585510740	none	7907	00c03a81	512	224	0	7907
8127	6	12403602940560	none	7908	61605322	512	224	0	7908
8128	7	12403616262450	none	7909	61605322	512	224	0	7909
8129	0	12403633526130	none	7910	61605322	512	224	0	7910
8130	1	12403650779900	none	7911	61605322	512	224	0	7911
8131	2	12403668113800	none	7912	61605322	512	224	0	7912
8132	3	12403685331690	none	7913	61605322	512	224	0	7913
8133	4	12403702566870	none	7914	61605322	512	224	0	7914
8134	5	12403715763970	none	7915	61605322	512	224	0	7915
8135	6	12403732998020	none	7916	61605322	512	224	0	7916
8136	7	12403750203290	none	7917	61605322	512	224	0	7917
8137	0	12403767468300	none	7918	61605322	512	224	0	7918
8138	1	12403784752020	none	7919	61605322	512	224	0	7919
8139	2	12403802080580	none	7920	61605322	512	224	0	7920
8140	3	12403815269600	none	7921	61605322	512	224	0	7921
8141	4	12403832585940	none	7922	61605322	512	224	0	7922
8142	5	12403849859160	none	7923	2270fda0	512	224	0	7923
8143	6	12403867142020	none	7924	33e0a2f6	512	224	0	7924
8144	7	12403884405250	none	7925	73a41b98	512	224	0	7925
8145	0	12403901743340	none	7926	60ffce4b	512	224	0	7926
8146	1	12403918966390	none	7927	81f3286e	512	224	0	7927
8147	2	12403932197810	none	7928	1058b7b6	512	224	0	7928
8148	3	12403949435140	none	7929	082f280b	512	224	0	7929
8149	4	12403966670960	none	7930	b654c4a5	512	224	0	7930
8150	5	12403983903520	none	7931	e1022574	512	224	0	7931
8151	6	12404001314320	none	7932	5f4a3144	512	224	0	7932
8152	7	12404018579360	none	7933	5de0d7e2	512	224	0	7933
8153	0	12404031946410	none	7934	c5624833	512	224	0	7934
8154	1	12404049186380	none	7935	7f8a9108	512	224	0	7935
8155	2	12404066484140	none	7936	36870f78	512	224	0	7936
8156	3	12404083880480	none	7937	0ac39b9b	512	224	0	7937
8157	4	12404101262620	none	7938	3d54ab04	512	224	0	7938
8158	5	12404118536380	none	7939	3d54ab04	512	224	0	7939
8159	6	12404131822530	none	7940	3d54ab04	512	224	0	7940
8160	7	12404149088730	none	7941	3d54ab04	512	224	0	7941
8161	0	12404166410240	none	7942	3d54ab04	512	224	0	7942
8162	1	12404183641380	none	7943	8abb5f8d	512	224	0	7943
8163	2	12404200931920	none	7944	8abb5f8d	512	224	0	7944
8164	3	12404218193950	none	7945	8abb5f8d	512	224	0	7945
8165	4	12404231403480	none	7946	8abb5f8d	512	224	0	7946
8166	5	12404248637410	none	7947	82b88d34	512	224	0	7947
8167	6	12404265844420	none	7948	82b88d34	512	224	0	7948
8168	7	12404283106020	none	7949	82b88d34	512	224	0	7949
8169	0	12404300514040	none	7950	82b88d34	512	224	0	7950
8170	1	12404317754350	none	7951	f6107f1c	512	224	0	7951
8171	2	12404334986360	none	7952	f6107f1c	512	224	0	7952
8172	3	12404348181360	none	7953	f6107f1c	512	224	0	7953
8173	4	12404365454790	none	7954	f6107f1c	512	224	0	7954
8174	5	12404382684210	none	7955	f6107f1c	512	224	0	7955
8175	6	12404399907630	none	7956	f6107f1c	512	224	0	7956
8176	7	12404417153490	none	7957	f6107f1c	512	224	0	7957
8177	0	12404434429230	none	7958	f6107f1c	512	224	0	7958
8178	1	12404447627480	none	7959	f6107f1c	512	224	0	7959
8179	2	12404464837060	none	7960	f6107f1c	512	224	0	7960
8180	3	12404482049690	none	7961	f6107f1c	512	224	0	7961
8181	4	12404499435990	none	7962	71519de5	512	224	0	7962
8182	5	12404516685480	none	7963	71519de5	512	224	0	7963
8183	6	12404533916710	none	7964	71519de5	512	224	0	7964
8184	7	12404551200990	none	7965	71519de5	512	224	0	7965
8185	0	12404564429550	none	7966	71519de5	512	224	0	7966
8186	1	12404581671620	none	7967	71519de5	512	224	0	7967
8187	2	12404598892710	none	7968	71519de5	512	224	0	7968
8188	3	12404616141380	none	7969	71519de5	512	224	0	7969
8189	4	12404633437110	none	7970	71519de5	512	224	0	7970
8190	5	12404650665490	none	7971	71519de5	512	224	0	7971
8191	6	12404663863620	none	7972	71519de5	512	224	0	7972
8192	7	12404681097470	none	7973	71519de5	512	224	0	7973
8193	0	12404698319700	none	7974	71519de5	512	224	0	7974
8194	1	12404715562880	none	7975	71519de5	512	224	0	7975
8195	2	12404732889740	none	7976	71519de5	512	224	0	7976
8196	3	12404750149110	none	7977	71519de5	512	224	0	7977
8197	4	12404767391400	none	7978	62610be9	512	224	0	7978
8198	5	12404780586240	none	7979	62610be9	512	224	0	7979
8199	6	12404797812480	none	7980	62610be9	512	224	0	7980
8200	7	12404815132940	none	7981	62610be9	512	224	0	7981
8201	0	12404832418920	none	7982	62610be9	512	224	0	7982
8202	1	12404849767120	none	7983	62610be9	512	224	0	7983
8203	2	12404867003030	none	7984	62610be9	512	224	0	7984
8204	3	12404880194950	none	7985	9b2c902b	512	224	0	7985
8205	4	12404897457550	none	7986	9b2c902b	512	224	0	7986
8206	5	12404914699170	none	7987	9b2c902b	512	224	0	7987
8207	6	12404931942380	none	7988	9b2c902b	512	224	0	7988
8208	7	12404949187280	none	7989	9b2c902b	512	224	0	7989
8209	0	12404966436830	none	7990	9b2c902b	512	224	0	7990
8210	1	12404983677060	none	7991	9b2c902b	512	224	0	7991
8211	2	12404996858200	none	7992	6d487191	512	224	0	7992
8212	3	12405014137730	none	7993	6d487191	512	224	0	7993
8213	4	12405031400120	none	7994	6d487191	512	224	0	7994
8214	5	12405048733470	none	7995	6d487191	512	224	0	7995
8215	6	12405065961110	none	7996	6d487191	512	224	0	7996
8216	7	12405083192690	none	7997	6d487191	512	224	0	7997
8217	0	12405096457590	none	7998	6d487191	512	224	0	7998
8218	1	12405113712980	none	7999	e473853f	512	224	0	7999
8219	2	12405130934480	none	8000	e473853f	512	224	0	8000
8220	3	12405148343210	none	8001	e473853f	512	224	0	8001
8221	4	12405165571930	none	8002	e473853f	512	224	0	8002
8222	5	12405182884610	none	8003	e473853f	512	224	0	8003
8223	6	12405200165930	none	8004	e473853f	512	224	0	8004
8224	7	12405213380350	none	8005	e473853f	512	224	0	8005
8225	0	12405230598210	none	8006	5c3e1ce3	512	224	0	8006
8226	1	12405247814120	none	8007	5c3e1ce3	512	224	0	8007
8227	2	12405265042850	none	8008	5c3e1ce3	512	224	0	8008
8228	3	12405282267090	none	8009	5c3e1ce3	512	224	0	8009
8229	4	12405299512130	none	8010	5c3e1ce3	512	224	0	8010
8230	5	12405316767700	none	8011	5c3e1ce3	512	224	0	8011
8231	6	12405329938890	none	8012	bf1ca1cc	512	224	0	8012
8232	7	12405347365720	none	8013	bf1ca1cc	512	224	0	8013
8233	0	12405364628780	none	8014	bf1ca1cc	512	224	0	8014
8234	1	12405381867080	none	8015	bf1ca1cc	512	224	0	8015
8235	2	12405399087670	none	8016	bf1ca1cc	512	224	0	8016
8236	3	12405416330370	none	8017	bf1ca1cc	512	224	0	8017
8237	4	12405429544840	none	8018	bf1ca1cc	512	224	0	8018
8238	5	12405446774150	none	8019	14319347	512	224	0	8019
8239	6	12405464015730	none	8020	14319347	512	224	0	8020
8240	7	12405481259990	none	8021	14319347	512	224	0	8021
8241	0	12405498519500	none	8022	14319347	512	224	0	8022
8242	1	12405515733190	none	8023	14319347	512	224	0	8023
8243	2	12405529085290	none	8024	14319347	512	224	0	8024
8244	3	12405546373750	none	8025	14319347	512	224	0	8025
8245	4	12405563698930	none	8026	14319347	512	224	0	8026
8246	5	12405580907870	none	8027	14319347	512	224	0	8027
8247	6	12405598160590	none	8028	14319347	512	224	0	8028
8248	7	12405615449460	none	8029	14319347	512	224	0	8029
8249	0	12405632704510	none	8030	14319347	512	224	0	8030
8250	1	12405645899430	none	8031	14319347	512	224	0	8031
8251	2	12405663159310	none	8032	14319347	512	224	0	8032
8252	3	12405680421650	none	8033	14319347	512	224	0	8033
8253	4	12405697663600	none	8034	14319347	512	224	0	8034
8254	5	12405714876350	none	8035	14319347	512	224	0	8035
8255	6	12405732137460	none	8036	14319347	512	224	0	8036
8256	7	12405745376290	none	8037	14319347	512	224	0	8037
8257	0	12405762661760	none	8038	14319347	512	224	0	8038
8258	1	12405779899690	none	8039	14319347	512	224	0	8039
8259	2	12405797163060	none	8040	14319347	512	224	0	8040
8260	3	12405814433760	none	8041	14319347	512	224	0	8041
8261	4	12405831672190	none	8042	14319347	512	224	0	8042
8262	5	12405848890020	none	8043	14319347	512	224	0	8043
8263	6	12405862266960	none	8044	14319347	512	224	0	8044
8264	7	12405879578160	none	8045	14319347	512	224	0	8045
8265	0	12405896907930	none	8046	14319347	512	224	0	8046
8266	1	12405914157200	none	8047	14319347	512	224	0	8047
8267	2	12405931405660	none	8048	14319347	512	224	0	8048
8268	3	12405948640060	none	8049	14319347	512	224	0	8049
8269	4	12405961832040	none	8050	14319347	512	224	0	8050
8270	5	12405979170450	none	8051	14319347	512	224	0	8051
8271	6	12405996567700	none	8052	14319347	512	224	0	8052
8272	7	12406013928400	none	8053	14319347	512	224	0	8053
8273	0	12406031209090	none	8054	14319347	512	224	0	8054
8274	1	12406048480730	none	8055	14319347	512	224	0	8055
8275	2	12406061763950	none	8056	14319347	512	224	0	8056
8276	3	12406079068290	none	8057	14319347	512	224	0	8057
8277	4	12406096362700	none	8058	14319347	512	224	0	8058
8278	5	12406113606070	none	8059	14319347	512	224	0	8059
8279	6	12406130818830	none	8060	14319347	512	224	0	8060
8280	7	12406148047460	none	8061	14319347	512	224	0	8061
8281	0	12406161396660	none	8062	14319347	512	224	0	8062
8282	1	12406178638870	none	8063	14319347	512	224	0	8063
8283	2	12406196052280	none	8064	14319347	512	224	0	8064
8284	3	12406213338780	none	8065	14319347	512	224	0	8065
8285	4	12406230619310	none	8066	14319347	512	224	0	8066
8286	5	12406247839500	none	8067	14319347	512	224	0	8067
8287	6	12406261202470	none	8068	14319347	512	224	0	8068
8288	7	12406278447100	none	8069	14319347	512	224	0	8069
8289	0	12406295863850	none	8070	14319347	512	224	0	8070
8290	1	12406313163220	none	8071	14319347	512	224	0	8071
8291	2	12406330425250	none	8072	14319347	512	224	0	8072
8292	3	12406347678310	none	8073	14319347	512	224	0	8073
8293	4	12406364897530	none	8074	14319347	512	224	0	8074
8294	5	12406378111140	none	8075	14319347	512	224	0	8075
8295	6	12406395500900	none	8076	14319347	512	224	0	8076
8296	7	12406412754980	none	8077	14319347	512	224	0	8077
8297	0	12406430057610	none	8078	14319347	512	224	0	8078
8298	1	12406447294410	none	8079	e4ce4e71	512	224	0	8079
8299	2	12406464626660	none	8080	480cd318	512	224	0	8080
8300	3	12406477914260	none	8081	ae6b7fcc	512	224	0	8081
8301	4	12406495179210	none	8082	77d02242	512	224	0	8082
8302	5	12406512467990	none	8083	3880a982	512	224	0	8083
8303	6	12406529720600	none	8084	0ffc4aa2	512	224	0	8084
8304	7	12406546947050	none	8085	4e1431b9	512	224	0	8085
8305	0	12406564404320	none	8086	b3f1d48e	512	224	0	8086
8306	1	12406577614900	none	8087	a276b92d	512	224	0	8087
8307	2	12406594929410	none	8088	6f676923	512	224	0	8088
8308	3	12406612167140	none	8089	53a8ac72	512	224	0	8089
8309	4	12406629501130	none	8090	e2b7d51c	512	224	0	8090
8310	5	12406646774390	none	8091	50992953	512	224	0	8091
8311	6	12406664266640	none	8092	66d8b0d8	512	224	0	8092
8312	7	12406677525950	none	8093	61605322	512	224	0	8093
8313	0	12406694889140	none	8094	61605322	512	224	0	8094
8314	1	12406712139710	none	8095	61605322	512	224	0	8095
8315	2	12406729471840	none	8096	61605322	512	224	0	8096
8316	3	12406746711510	none	8097	61605322	512	224	0	8097
8317	4	12406763925540	none	8098	61605322	512	224	0	8098
8318	5	12406777107440	none	8099	61605322	512	224	0	8099
8319	6	12406794481920	none	8100	61605322	512	224	0	8100
8320	7	12406811692210	none	8101	61605322	512	224	0	8101
8321	0	12406828975050	none	8102	61605322	512	224	0	8102
8322	1	12406846255350	none	8103	61605322	512	224	0	8103
8323	2	12406863620250	none	8104	61605322	512	224	0	8104
8324	3	12406876907810	none	8105	61605322	512	224	0	8105
8325	4	12406894164510	none	8106	61605322	512	224	0	8106
8326	5	12406911459600	none	8107	61605322	512	224	0	8107
8327	6	12406928829180	none	8108	bb0e1040	512	224	0	8108
8328	7	12406946130530	none	8109	18054430	512	224	0	8109
8329	0	12406963527340	none	8110	fb8302a1	512	224	0	8110
8330	1	12406976719700	none	8111	3ec4ef27	512	224	0	8111
8331	2	12406994052630	none	8112	e66494ac	512	224	0	8112
8332	3	12407011293630	none	8113	01964a21	512	224	0	8113
8333	4	12407028553960	none	8114	dedd10f4	512	224	0	8114
8334	5	12407045874010	none	8115	9d088db4	512	224	0	8115
8335	6	12407063296360	none	8116	26aced5d	512	224	0	8116
8336	7	12407076566160	none	8117	80ff737b	512	224	0	8117
8337	0	12407093904220	none	8118	677dacbc	512	224	0	8118
8338	1	12407111232620	none	8119	ac31b983	512	224	0	8119
8339	2	12407128529950	none	8120	5eb4efd5	512	224	0	8120
8340	3	12407145914470	none	8121	b4634742	512	224	0	8121
8341	4	12407163432170	none	8122	0b2eeb19	512	224	0	8122
8342	5	12407176913050	none	8123	0b2eeb19	512	224	0	8123
8343	6	12407194159770	none	8124	0b2eeb19	512	224	0	8124
8344	7	12407211511790	none	8125	bc4e5b38	512	224	0	8125
8345	0	12407228739040	none	8126	bc4e5b38	512	224	0	8126
8346	1	12407246058750	none	8127	bc4e5b38	512	224	0	8127
8347	2	12407263321770	none	8128	bc4e5b38	512	224	0	8128
8348	3	12407276527550	none	8129	bc4e5b38	512	224	0	8129
8349	4	12407293750630	none	8130	bc4e5b38	512	224	0	8130
8350	5	12407310974470	none	8131	bc4e5b38	512	224	0	8131
8351	6	12407328196980	none	8132	bc4e5b38	512	224	0	8132
8352	7	12407345443760	none	8133	70527297	512	224	0	8133
8353	0	12407362821480	none	8134	70527297	512	224	0	8134
8354	1	12407380074820	none	8135	70527297	512	224	0	8135
8355	2	12407393389520	none	8136	70527297	512	224	0	8136
8356	3	12407410761900	none	8137	70527297	512	224	0	8137
8357	4	12407428117930	none	8138	e5f5e2e1	512	224	0	8138
8358	5	12407445428820	none	8139	e5f5e2e1	512	224	0	8139
8359	6	12407462791130	none	8140	e5f5e2e1	512	224	0	8140
8360	7	12407476003270	none	8141	e5f5e2e1	512	224	0	8141
8361	0	12407493222600	none	8142	b1ab47d6	512	224	0	8142
8362	1	12407510447310	none	8143	b1ab47d6	512	224	0	8143
8363	2	12407527676980	none	8144	b1ab47d6	512	224	0	8144
8364	3	12407544885910	none	8145	b1ab47d6	512	224	0	8145
8365	4	12407562309900	none	8146	b1ab47d6	512	224	0	8146
8366	5	12407579622010	none	8147	b1ab47d6	512	224	0	8147
8367	6	12407592834230	none	8148	b1ab47d6	512	224	0	8148
8368	7	12407610043390	none	8149	b1ab47d6	512	224	0	8149
8369	0	12407627264180	none	8150	b1ab47d6	512	224	0	8150
8370	1	12407644557320	none	8151	b1ab47d6	512	224	0	8151
8371	2	12407661847040	none	8152	b1ab47d6	512	224	0	8152
8372	3	12407679174010	none	8153	b1ab47d6	512	224	0	8153
8373	4	12407692417320	none	8154	b1ab47d6	512	224	0	8154
8374	5	12407709646460	none	8155	b1ab47d6	512	224	0	8155
8375	6	12407726869230	none	8156	b1ab47d6	512	224	0	8156
8376	7	12407744112090	none	8157	b1ab47d6	512	224	0	8157
8377	0	12407761495200	none	8158	b1ab47d6	512	224	0	8158
8378	1	12407778721830	none	8159	b1ab47d6	512	224	0	8159
8379	2	12407796014230	none	8160	b1ab47d6	512	224	0	8160
8380	3	12407809321000	none	8161	b1ab47d6	512	224	0	8161
8381	4	12407826743490	none	8162	b1ab47d6	512	224	0	8162
8382	5	12407844275420	none	8163	b1ab47d6	512	224	0	8163
8383	6	12407861604180	none	8164	b1ab47d6	512	224	0	8164
8384	7	12407878949020	none	8165	b1ab47d6	512	224	0	8165
8385	0	12407892198860	none	8166	b1ab47d6	512	224	0	8166
8386	1	12407909445480	none	8167	b1ab47d6	512	224	0	8167
8387	2	12407926676360	none	8168	b1ab47d6	512	224	0	8168
8388	3	12407943880760	none	8169	b1ab47d6	512	224	0	8169
8389	4	12407961276860	none	8170	b1ab47d6	512	224	0	8170
8390	5	12407978521410	none	8171	b1ab47d6	512	224	0	8171
8391	6	12407991802380	none	8172	b1ab47d6	512	224	0	8172
8392	7	12408009015750	none	8173	b1ab47d6	512	224	0	8173
8393	0	12408026234700	none	8174	b1ab47d6	512	224	0	8174
8394	1	12408043474510	none	8175	b1ab47d6	512	224	0	8175
8395	2	12408060781920	none	8176	b1ab47d6	512	224	0	8176
8396	3	12408078023540	none	8177	b1ab47d6	512	224	0	8177
8397	4	12408095261610	none	8178	b1ab47d6	512	224	0	8178
8398	5	12408108503280	none	8179	b1ab47d6	512	224	0	8179
8399	6	12408125713940	none	8180	b1ab47d6	512	224	0	8180
8400	7	12408142916600	none	8181	b1ab47d6	512	224	0	8181
8401	0	12408160319650	none	8182	b1ab47d6	512	224	0	8182
8402	1	12408177591210	none	8183	b1ab47d6	512	224	0	8183
8403	2	12408194805580	none	8184	c7f2703e	512	224	0	8184
8404	3	12408208005230	none	8185	c7f2703e	512	224	0	8185
8405	4	12408225209810	none	8186	c7f2703e	512	224	0	8186
8406	5	12408242451550	none	8187	c7f2703e	512	224	0	8187
8407	6	12408259668570	none	8188	c7f2703e	512	224	0	8188
8408	7	12408276885850	none	8189	11f70272	512	224	0	8189
8409	0	12408294126260	none	8190	11f70272	512	224	0	8190
8410	1	12408311375550	none	8191	11f70272	512	224	0	8191
8411	2	12408324588190	none	8192	11f70272	512	224	0	8192
8412	3	12408341819960	none	8193	11f70272	512	224	0	8193
8413	4	12408359084890	none	8194	8f13b043	512	224	0	8194
8414	5	12408376322730	none	8195	8f13b043	512	224	0	8195
8415	6	12408393566100	none	8196	8f13b043	512	224	0	8196
8416	7	12408410786640	none	8197	8f13b043	512	224	0	8197
8417	0	12408427998340	none	8198	8f13b043	512	224	0	8198
8418	1	12408441223340	none	8199	8f13b043	512	224	0	8199
8419	2	12408458496010	none	8200	8f13b043	512	224	0	8200
8420	3	12408475713150	none	8201	0553ccd7	512	224	0	8201
8421	4	12408492941310	none	8202	0553ccd7	512	224	0	8202
8422	5	12408510152420	none	8203	0553ccd7	512	224	0	8203
8423	6	12408527391970	none	8204	0553ccd7	512	224	0	8204
8424	7	12408544617600	none	8205	0553ccd7	512	224	0	8205
8425	0	12408557785860	none	8206	0553ccd7	512	224	0	8206
8426	1	12408575132730	none	8207	8f13b043	512	224	0	8207
8427	2	12408592390420	none	8208	8f13b043	512	224	0	8208
8428	3	12408609732150	none	8209	8f13b043	512	224	0	8209
8429	4	12408626971170	none	8210	8f13b043	512	224	0	8210
8430	5	12408644185650	none	8211	8f13b043	512	224	0	8211
8431	6	12408657393160	none	8212	8f13b043	512	224	0	8212
8432	7	12408674601640	none	8213	0553ccd7	512	224	0	8213
8433	0	12408691797640	none	8214	0553ccd7	512	224	0	8214
8434	1	12408709283140	none	8215	0553ccd7	512	224	0	8215
8435	2	12408726536670	none	8216	0553ccd7	512	224	0	8216
8436	3	12408743765950	none	8217	0553ccd7	512	224	0	8217
8437	4	12408761021420	none	8218	0553ccd7	512	224	0	8218
8438	5	12408774215260	none	8219	11f70272	512	224	0	8219
8439	6	12408791467570	none	8220	11f70272	512	224	0	8220
8440	7	12408808765310	none	8221	11f70272	512	224	0	8221
8441	0	12408825977210	none	8222	11f70272	512	224	0	8222
8442	1	12408843202050	none	8223	11f70272	512	224	0	8223
8443	2	12408860465930	none	8224	11f70272	512	224	0	8224
8444	3	12408873662870	none	8225	11f70272	512	224	0	8225
8445	4	12408890931620	none	8226	8f13b043	512	224	0	8226
8446	5	12408908299210	none	8227	8f13b043	512	224	0	8227
8447	6	12408925534060	none	8228	8f13b043	512	224	0	8228
8448	7	12408942760300	none	8229	8f13b043	512	224	0	8229
8449	0	12408960018070	none	8230	8f13b043	512	224	0	8230
8450	1	12408977261630	none	8231	8f13b043	512	224	0	8231
8451	2	12408990492280	none	8232	11f70272	512	224	0	8232
8452	3	12409007717590	none	8233	11f70272	512	224	0	8233
8453	4	12409024935760	none	8234	11f70272	512	224	0	8234
8454	5	12409042137160	none	8235	11f70272	512	224	0	8235
8455	6	12409059386910	none	8236	11f70272	512	224	0	8236
8456	7	12409076626110	none	8237	11f70272	512	224	0	8237
8457	0	12409093843880	none	8238	8f13b043	512	224	0	8238
8458	1	12409107026130	none	8239	8f13b043	512	224	0	8239
8459	2	12409124251560	none	8240	8f13b043	512	224	0	8240
8460	3	12409141551130	none	8241	8f13b043	512	224	0	8241
8461	4	12409158846150	none	8242	8f13b043	512	224	0	8242
8462	5	12409176075270	none	8243	8f13b043	512	224	0	8243
8463	6	12409193324620	none	8244	11f70272	512	224	0	8244
8464	7	12409206563130	none	8245	11f70272	512	224	0	8245
8465	0	12409223765930	none	8246	11f70272	512	224	0	8246
8466	1	12409241013820	none	8247	11f70272	512	224	0	8247
8467	2	12409258243090	none	8248	11f70272	512	224	0	8248
8468	3	12409275479710	none	8249	11f70272	512	224	0	8249
8469	4	12409292719340	none	8250	11f70272	512	224	0	8250
8470	5	12409309928320	none	8251	8f13b043	512	224	0	8251
8471	6	12409323280260	none	8252	8f13b043	512	224	0	8252
8472	7	12409340538130	none	8253	8f13b043	512	224	0	8253
8473	0	12409357833010	none	8254	8f13b043	512	224	0	8254
8474	1	12409375013420	none	8255	8f13b043	512	224	0	8255
8475	2	12409392238570	none	8256	8f13b043	512	224	0	8256
8476	3	12409409489930	none	8257	11f70272	512	224	0	8257
8477	4	12409422665260	none	8258	11f70272	512	224	0	8258
8478	5	12409439870570	none	8259	11f70272	512	224	0	8259
8479	6	12409457276030	none	8260	11f70272	512	224	0	8260
8480	7	12409474516070	none	8261	11f70272	512	224	0	8261
8481	0	12409491752460	none	8262	11f70272	512	224	0	8262
8482	1	12409509060960	none	8263	8f13b043	512	224	0	8263
8483	2	12409526407370	none	8264	8f13b043	512	224	0	8264
8484	3	12409539599720	none	8265	8f13b043	512	224	0	8265
8485	4	12409556809620	none	8266	8f13b043	512	224	0	8266
8486	5	12409574042330	none	8267	8f13b043	512	224	0	8267
8487	6	12409591303040	none	8268	8f13b043	512	224	0	8268
8488	7	12409608547560	none	8269	11f70272	512	224	0	8269
8489	0	12409625753520	none	8270	11f70272	512	224	0	8270
8490	1	12409642968970	none	8271	11f70272	512	224	0	8271
8491	2	12409656164530	none	8272	11f70272	512	224	0	8272
8492	3	12409673402540	none	8273	11f70272	512	224	0	8273
8493	4	12409690716030	none	8274	11f70272	512	224	0	8274
8494	5	12409708009310	none	8275	11f70272	512	224	0	8275
8495	6	12409725259820	none	8276	8f13b043	512	224	0	8276
8496	7	12409742516250	none	8277	8f13b043	512	224	0	8277
8497	0	12409755688870	none	8278	8f13b043	512	224	0	8278
8498	1	12409773023720	none	8279	8f13b043	512	224	0	8279
8499	2	12409790272580	none	8280	8f13b043	512	224	0	8280
8500	3	12409807525680	none	8281	8f13b043	512	224	0	8281
8501	4	12409824751960	none	8282	11f70272	512	224	0	8282
8502	5	12409842121270	none	8283	11f70272	512	224	0	8283
8503	6	12409855342520	none	8284	11f70272	512	224	0	8284
8504	7	12409872591780	none	8285	11f70272	512	224	0	8285
8505	0	12409889913230	none	8286	11f70272	512	224	0	8286
8506	1	12409907135560	none	8287	11f70272	512	224	0	8287
8507	2	12409924374040	none	8288	8f13b043	512	224	0	8288
8508	3	12409941588040	none	8289	8f13b043	512	224	0	8289
8509	4	12409958797820	none	8290	8f13b043	512	224	0	8290
8510	5	12409972145520	none	8291	8f13b043	512	224	0	8291
8511	6	12409989380730	none	8292	c76d17cd	512	224	0	8292
8512	7	12410006627040	none	8293	0ac97ce0	512	224	0	8293
8513	0	12410023861830	none	8294	6e8e2c7b	512	224	0	8294
8514	1	12410041170820	none	8295	a645442b	512	224	0	8295
8515	2	12410058443350	none	8296	ab672466	512	224	0	8296
8516	3	12410071738120	none	8297	2c9c1172	512	224	0	8297
8517	4	12410088976230	none	8298	c3c96f13	512	224	0	8298
8518	5	12410106228400	none	8299	56a127d1	512	224	0	8299
8519	6	12410123496740	none	8300	9431d8d0	512	224	0	8300
8520	7	12410140716460	none	8301	4afeb81f	512	224	0	8301
8521	0	12410157985690	none	8302	d84124f5	512	224	0	8302
8522	1	12410175379150	none	8303	cf13840f	512	224	0	8303
8523	2	12410188576230	none	8304	9a1ac452	512	224	0	8304
8524	3	12410206012370	none	8305	aa6bc9cd	512	224	0	8305
8525	4	12410223272920	none	8306	61605322	512	224	0	8306
8526	5	12410240546940	none	8307	61605322	512	224	0	8307
8527	6	12410257832850	none	8308	61605322	512	224	0	8308
8528	7	12410275238360	none	8309	61605322	512	224	0	8309
8529	0	12410288461940	none	8310	61605322	512	224	0	8310
8530	1	12410305859300	none	8311	61605322	512	224	0	8311
8531	2	12410323092080	none	8312	61605322	512	224	0	8312
8532	3	12410340338670	none	8313	61605322	512	224	0	8313
8533	4	12410357559260	none	8314	61605322	512	224	0	8314
8534	5	12410374930810	none	8315	61605322	512	224	0	8315
8535	6	12410388169400	none	8316	61605322	512	224	0	8316
8536	7	12410405457200	none	8317	61605322	512	224	0	8317
8537	0	12410422671230	none	8318	61605322	512	224	0	8318
8538	1	12410439866050	none	8319	61605322	512	224	0	8319
8539	2	12410457079810	none	8320	61605322	512	224	0	8320
8540	3	12410474450950	none	8321	f086f767	512	224	0	8321
8541	4	12410487685580	none	8322	0cc19972	512	224	0	8322
8542	5	12410505216550	none	8323	f70ab594	512	224	0	8323
8543	6	12410522508450	none	8324	ff3e453c	512	224	0	8324
8544	7	12410539747560	none	8325	31eefa10	512	224	0	8325
8545	0	12410556987480	none	8326	c5411863	512	224	0	8326
8546	1	12410574506520	none	8327	067040d7	512	224	0	8327
8547	2	12410587719580	none	8328	4a29c642	512	224	0	8328
8548	3	12410605056040	none	8329	e02a002f	512	224	0	8329
8549	4	12410622316090	none	8330	9960728f	512	224	0	8330
8550	5	12410639554780	none	8331	505b7e80	512	224	0	8331
8551	6	12410656826300	none	8332	a1b94aa0	512	224	0	8332
8552	7	12410674268530	none	8333	84894418	512	224	0	8333
8553	0	12410687548330	none	8334	de4fd7da	512	224	0	8334
8554	1	12410704912870	none	8335	81f27618	512	224	0	8335
8555	2	12410722134320	none	8336	81f27618	512	224	0	8336
8556	3	12410739372580	none	8337	81f27618	512	224	0	8337
8557	4	12410756635100	none	8338	9ea81ab0	512	224	0	8338
8558	5	12410774015300	none	8339	9ea81ab0	512	224	0	8339
8559	6	12410787241910	none	8340	9ea81ab0	512	224	0	8340
8560	7	12410804634110	none	8341	9ea81ab0	512	224	0	8341
8561	0	12410821867750	none	8342	9ea81ab0	512	224	0	8342
8562	1	12410839145100	none	8343	625dda7c	512	224	0	8343
8563	2	12410856406030	none	8344	625dda7c	512	224	0	8344
8564	3	12410873748000	none	8345	625dda7c	512	224	0	8345
8565	4	12410886943310	none	8346	625dda7c	512	224	0	8346
8566	5	12410904166090	none	8347	625dda7c	512	224	0	8347
8567	6	12410921502700	none	8348	625dda7c	512	224	0	8348
8568	7	12410938742910	none	8349	625dda7c	512	224	0	8349
8569	0	12410956008680	none	8350	fd072c1f	512	224	0	8350
8570	1	12410973417180	none	8351	fd072c1f	512	224	0	8351
8571	2	12410990638450	none	8352	fd072c1f	512	224	0	8352
8572	3	12411003882020	none	8353	fd072c1f	512	224	0	8353
8573	4	12411021081010	none	8354	ccbddbeb	512	224	0	8354
8574	5	12411038303720	none	8355	ccbddbeb	512	224	0	8355
8575	6	12411055527430	none	8356	ccbddbeb	512	224	0	8356
8576	7	12411072749670	none	8357	ccbddbeb	512	224	0	8357
8577	0	12411089965570	none	8358	ccbddbeb	512	224	0	8358
8578	1	12411107213080	none	8359	74dbe6ea	512	224	0	8359
8579	2	12411120427120	none	8360	74dbe6ea	512	224	0	8360
8580	3	12411137645850	none	8361	74dbe6ea	512	224	0	8361
8581	4	12411154852340	none	8362	74dbe6ea	512	224	0	8362
8582	5	12411172246640	none	8363	531431b3	512	224	0	8363
8583	6	12411189596590	none	8364	531431b3	512	224	0	8364
8584	7	12411206823970	none	8365	531431b3	512	224	0	8365
8585	0	12411220042080	none	8366	531431b3	512	224	0	8366
8586	1	12411237274190	none	8367	76d0cf6b	512	224	0	8367
8587	2	12411254510050	none	8368	76d0cf6b	512	224	0	8368
8588	3	12411271720700	none	8369	76d0cf6b	512	224	0	8369
8589	4	12411288929480	none	8370	76d0cf6b	512	224	0	8370
8590	5	12411306149570	none	8371	76d0cf6b	512	224	0	8371
8591	6	12411323397380	none	8372	76d0cf6b	512	224	0	8372
8592	7	12411336581420	none	8373	76d0cf6b	512	224	0	8373
8593	0	12411353778040	none	8374	542e2c45	512	224	0	8374
8594	1	12411370988360	none	8375	542e2c45	512	224	0	8375
8595	2	12411388274950	none	8376	542e2c45	512	224	0	8376
8596	3	12411405502620	none	8377	542e2c45	512	224	0	8377
8597	4	12411422813070	none	8378	542e2c45	512	224	0	8378
8598	5	12411436012900	none	8379	542e2c45	512	224	0	8379
8599	6	12411453331270	none	8380	542e2c45	512	224	0	8380
8600	7	12411470563230	none	8381	60701fba	512	224	0	8381
8601	0	12411487773860	none	8382	60701fba	512	224	0	8382
8602	1	12411505030430	none	8383	60701fba	512	224	0	8383
8603	2	12411522404030	none	8384	60701fba	512	224	0	8384
8604	3	12411539635720	none	8385	60701fba	512	224	0	8385
8605	4	12411552801410	none	8386	60701fba	512	224	0	8386
8606	5	12411570037250	none	8387	60701fba	512	224	0	8387
8607	6	12411587284070	none	8388	60701fba	512	224	0	8388
8608	7	12411604522180	none	8389	60701fba	512	224	0	8389
8609	0	12411621828500	none	8390	60701fba	512	224	0	8390
8610	1	12411639052980	none	8391	60701fba	512	224	0	8391
8611	2	12411656321320	none	8392	60701fba	512	224	0	8392
8612	3	12411669514840	none	8393	60701fba	512	224	0	8393
8613	4	12411686747620	none	8394	60701fba	512	224	0	8394
8614	5	12411703965800	none	8395	542e2c45	512	224	0	8395
8615	6	12411721366500	none	8396	542e2c45	512	224	0	8396
8616	7	12411738594160	none	8397	542e2c45	512	224	0	8397
8617	0	12411755792970	none	8398	542e2c45	512	224	0	8398
8618	1	12411769008620	none	8399	542e2c45	512	224	0	8399
8619	2	12411786246040	none	8400	542e2c45	512	224	0	8400
8620	3	12411803464560	none	8401	542e2c45	512	224	0	8401
8621	4	12411820684690	none	8402	60701fba	512	224	0	8402
8622	5	12411837900910	none	8403	60701fba	512	224	0	8403
8623	6	12411855139840	none	8404	60701fba	512	224	0	8404
8624	7	12411872379760	none	8405	60701fba	512	224	0	8405
8625	0	12411885566470	none	8406	60701fba	512	224	0	8406
8626	1	12411902765200	none	8407	60701fba	512	224	0	8407
8627	2	12411919998550	none	8408	60701fba	512	224	0	8408
8628	3	12411937249320	none	8409	60701fba	512	224	0	8409
8629	4	12411954487710	none	8410	60701fba	512	224	0	8410
8630	5	12411971716610	none	8411	60701fba	512	224	0	8411
8631	6	12411988963200	none	8412	60701fba	512	224	0	8412
8632	7	12412002145210	none	8413	60701fba	512	224	0	8413
8633	0	12412019488250	none	8414	60701fba	512	224	0	8414
8634	1	12412036703470	none	8415	542e2c45	512	224	0	8415
8635	2	12412053925710	none	8416	542e2c45	512	224	0	8416
8636	3	12412071137630	none	8417	542e2c45	512	224	0	8417
8637	4	12412088388770	none	8418	542e2c45	512	224	0	8418
8638	5	12412101580120	none	8419	542e2c45	512	224	0	8419
8639	6	12412118793000	none	8420	542e2c45	512	224	0	8420
8640	7	12412136172820	none	8421	542e2c45	512	224	0	8421
8641	0	12412153420600	none	8422	542e2c45	512	224	0	8422
8642	1	12412170741460	none	8423	542e2c45	512	224	0	8423
8643	2	12412187966500	none	8424	542e2c45	512	224	0	8424
8644	3	12412205210230	none	8425	542e2c45	512	224	0	8425
8645	4	12412218406120	none	8426	542e2c45	512	224	0	8426
8646	5	12412235615470	none	8427	542e2c45	512	224	0	8427
8647	6	12412252944110	none	8428	542e2c45	512	224	0	8428
8648	7	12412270461660	none	8429	542e2c45	512	224	0	8429
8649	0	12412287687040	none	8430	542e2c45	512	224	0	8430
8650	1	12412304924310	none	8431	542e2c45	512	224	0	8431
8651	2	12412318107630	none	8432	542e2c45	512	224	0	8432
8652	3	12412335330550	none	8433	542e2c45	512	224	0	8433
8653	4	12412352565440	none	8434	542e2c45	512	224	0	8434
8654	5	12412369870930	none	8435	60701fba	512	224	0	8435
8655	6	12412387093550	none	8436	60701fba	512	224	0	8436
8656	7	12412404361550	none	8437	60701fba	512	224	0	8437
8657	0	12412421588100	none	8438	60701fba	512	224	0	8438
8658	1	12412434764590	none	8439	60701fba	512	224	0	8439
8659	2	12412452001340	none	8440	60701fba	512	224	0	8440
8660	3	12412469378000	none	8441	60701fba	512	224	0	8441
8661	4	12412486623740	none	8442	60701fba	512	224	0	8442
8662	5	12412503866680	none	8443	60701fba	512	224	0	8443
8663	6	12412521103580	none	8444	60701fba	512	224	0	8444
8664	7	12412534317170	none	8445	60701fba	512	224	0	8445
8665	0	12412551536030	none	8446	60701fba	512	224	0	8446
8666	1	12412568750390	none	8447	60701fba	512	224	0	8447
8667	2	12412586008850	none	8448	60701fba	512	224	0	8448
8668	3	12412603267040	none	8449	60701fba	512	224	0	8449
8669	4	12412620501740	none	8450	60701fba	512	224	0	8450
8670	5	12412637729160	none	8451	60701fba	512	224	0	8451
8671	6	12412651114880	none	8452	60701fba	512	224	0	8452
8672	7	12412668351560	none	8453	60701fba	512	224	0	8453
8673	0	12412685587250	none	8454	60701fba	512	224	0	8454
8674	1	12412702905660	none	8455	60701fba	512	224	0	8455
8675	2	12412720146530	none	8456	60701fba	512	224	0	8456
8676	3	12412737396050	none	8457	60701fba	512	224	0	8457
8677	4	12412750590960	none	8458	60701fba	512	224	0	8458
8678	5	12412767811440	none	8459	60701fba	512	224	0	8459
8679	6	12412785137010	none	8460	60701fba	512	224	0	8460
8680	7	12412802375440	none	8461	60701fba	512	224	0	8461
8681	0	12412819616030	none	8462	60701fba	512	224	0	8462
8682	1	12412836906520	none	8463	60701fba	512	224	0	8463
8683	2	12412850532900	none	8464	60701fba	512	224	0	8464
8684	3	12412867856560	none	8465	60701fba	512	224	0	8465
8685	4	12412885064270	none	8466	60701fba	512	224	0	8466
8686	5	12412902316070	none	8467	60701fba	512	224	0	8467
8687	6	12412919551430	none	8468	60701fba	512	224	0	8468
8688	7	12412936790570	none	8469	60701fba	512	224	0	8469
8689	0	12412954170320	none	8470	60701fba	512	224	0	8470
8690	1	12412967386130	none	8471	60701fba	512	224	0	8471
8691	2	12412984596340	none	8472	60701fba	512	224	0	8472
8692	3	12413001908250	none	8473	60701fba	512	224	0	8473
8693	4	12413019172120	none	8474	60701fba	512	224	0	8474
8694	5	12413036407120	none	8475	46f48c85	512	224	0	8475
8695	6	12413053670820	none	8476	9e0e6fe3	512	224	0	8476
8696	7	12413066947030	none	8477	3ceb7fb6	512	224	0	8477
8697	0	12413084204730	none	8478	972e7c15	512	224	0	8478
8698	1	12413101517080	none	8479	0a050a17	512	224	0	8479
8699	2	12413118824770	none	8480	14fa48d9	512	224	0	8480
8700	3	12413136068870	none	8481	2bfb41bd	512	224	0	8481
8701	4	12413153329140	none	8482	31c6ccae	512	224	0	8482
8702	5	12413166531980	none	8483	3d5caeb7	512	224	0	8483
8703	6	12413183746230	none	8484	29c91461	512	224	0	8484
8704	7	12413200996590	none	8485	fc97c62e	512	224	0	8485
8705	0	12413218285000	none	8486	93f7fbe1	512	224	0	8486
8706	1	12413235552350	none	8487	282db377	512	224	0	8487
8707	2	12413252797570	none	8488	2bc28b41	512	224	0	8488
8708	3	12413270066690	none	8489	61605322	512	224	0	8489
8709	4	12413283457110	none	8490	61605322	512	224	0	8490
8710	5	12413300714920	none	8491	61605322	512	224	0	8491
8711	6	12413318023310	none	8492	61605322	512	224	0	8492
8712	7	12413335276260	none	8493	61605322	512	224	0	8493
8713	0	12413352506000	none	8494	61605322	512	224	0	8494
8714	1	12413369711360	none	8495	61605322	512	224	0	8495
8715	2	12413382904100	none	8496	61605322	512	224	0	8496
8716	3	12413400144790	none	8497	61605322	512	224	0	8497
8717	4	12413417521560	none	8498	61605322	512	224	0	8498
8718	5	12413434751910	none	8499	61605322	512	224	0	8499
8719	6	12413451993800	none	8500	61605322	512	224	0	8500
8720	7	12413469238320	none	8501	61605322	512	224	0	8501
8721	0	12413486498960	none	8502	61605322	512	224	0	8502
8722	1	12413499719370	none	8503	61605322	512	224	0	8503
8723	2	12413516967210	none	8504	846d9b6f	512	224	0	8504
8724	3	12413534227310	none	8505	f1bd1dca	512	224	0	8505
8725	4	12413551479000	none	8506	fff2ede4	512	224	0	8506
8726	5	12413568714590	none	8507	be8ba881	512	224	0	8507
8727	6	12413586000160	none	8508	39a024a2	512	224	0	8508
8728	7	12413599216820	none	8509	a61c0e1d	512	224	0	8509
8729	0	12413616573470	none	8510	0ed131e6	512	224	0	8510
8730	1	12413633767030	none	8511	e90c36b0	512	224	0	8511
8731	2	12413651023210	none	8512	2d961a62	512	224	0	8512
8732	3	12413668307680	none	8513	e56829b2	512	224	0	8513
8733	4	12413685581680	none	8514	a71d40fa	512	224	0	8514
8734	5	12413702843700	none	8515	c4cb681e	512	224	0	8515
8735	6	12413716177770	none	8516	d86e6e6b	512	224	0	8516
8736	7	12413733492930	none	8517	e97830b3	512	224	0	8517
8737	0	12413750775670	none	8518	f6e38841	512	224	0	8518
8738	1	12413768064130	none	8519	f6e38841	512	224	0	8519
8739	2	12413785323420	none	8520	f6e38841	512	224	0	8520
8740	3	12413802584420	none	8521	d39d8d9a	512	224	0	8521
8741	4	12413815759880	none	8522	d39d8d9a	512	224	0	8522
8742	5	12413832978070	none	8523	d39d8d9a	512	224	0	8523
8743	6	12413850233890	none	8524	d39d8d9a	512	224	0	8524
8744	7	12413867466380	none	8525	8bc36b9c	512	224	0	8525
8745	0	12413884681380	none	8526	8bc36b9c	512	224	0	8526
8746	1	12413901894280	none	8527	8bc36b9c	512	224	0	8527
8747	2	12413919120610	none	8528	8bc36b9c	512	224	0	8528
8748	3	12413932446600	none	8529	8bc36b9c	512	224	0	8529
8749	4	12413949656990	none	8530	fbddf965	512	224	0	8530
8750	5	12413967072590	none	8531	fbddf965	512	224	0	8531
8751	6	12413984349590	none	8532	fbddf965	512	224	0	8532
8752	7	12414001584580	none	8533	fbddf965	512	224	0	8533
8753	0	12414018922720	none	8534	910b73d3	512	224	0	8534
8754	1	12414032123660	none	8535	910b73d3	512	224	0	8535
8755	2	12414049349000	none	8536	910b73d3	512	224	0	8536
8756	3	12414066603880	none	8537	910b73d3	512	224	0	8537
8757	4	12414083843130	none	8538	910b73d3	512	224	0	8538
8758	5	12414101166350	none	8539	62c7b00b	512	224	0	8539
8759	6	12414118405170	none	8540	62c7b00b	512	224	0	8540
8760	7	12414131698870	none	8541	62c7b00b	512	224	0	8541
8761	0	12414148940610	none	8542	c0fe59a8	512	224	0	8542
8762	1	12414166197870	none	8543	c0fe59a8	512	224	0	8543
8763	2	12414183443500	none	8544	c0fe59a8	512	224	0	8544
8764	3	12414200669140	none	8545	c0fe59a8	512	224	0	8545
8765	4	12414217903740	none	8546	87c24fcc	512	224	0	8546
8766	5	12414235335100	none	8547	87c24fcc	512	224	0	8547
8767	6	12414248564070	none	8548	87c24fcc	512	224	0	8548
8768	7	12414265878760	none	8549	87c24fcc	512	224	0	8549
8769	0	12414283127320	none	8550	87c24fcc	512	224	0	8550
8770	1	12414300367610	none	8551	533e422b	512	224	0	8551
8771	2	12414317589970	none	8552	533e422b	512	224	0	8552
8772	3	12414334795130	none	8553	533e422b	512	224	0	8553
8773	4	12414347978070	none	8554	533e422b	512	224	0	8554
8774	5	12414365432980	none	8555	719b1fc9	512	224	0	8555
8775	6	12414382640260	none	8556	719b1fc9	512	224	0	8556
8776	7	12414399861010	none	8557	719b1fc9	512	224	0	8557
8777	0	12414417143470	none	8558	9899d38c	512	224	0	8558
8778	1	12414434490170	none	8559	9899d38c	512	224	0	8559
8779	2	12414451731400	none	8560	9899d38c	512	224	0	8560
8780	3	12414464933210	none	8561	590978a9	512	224	0	8561
8781	4	12414482173500	none	8562	590978a9	512	224	0	8562
8782	5	12414499459820	none	8563	79d057ab	512	224	0	8563
8783	6	12414516782880	none	8564	79d057ab	512	224	0	8564
8784	7	12414534202800	none	8565	79d057ab	512	224	0	8565
8785	0	12414551443440	none	8566	686f2ad9	512	224	0	8566
8786	1	12414564630470	none	8567	686f2ad9	512	224	0	8567
8787	2	12414581973730	none	8568	686f2ad9	512	224	0	8568
8788	3	12414599228990	none	8569	a1dc5b91	512	224	0	8569
8789	4	12414616470480	none	8570	a1dc5b91	512	224	0	8570
8790	5	12414633689690	none	8571	a1dc5b91	512	224	0	8571
8791	6	12414650915510	none	8572	b11bd54e	512	224	0	8572
8792	7	12414664114270	none	8573	b11bd54e	512	224	0	8573
8793	0	12414681353800	none	8574	b11bd54e	512	224	0	8574
8794	1	12414698597810	none	8575	9ddfed19	512	224	0	8575
8795	2	12414715828340	none	8576	9ddfed19	512	224	0	8576
8796	3	12414733040430	none	8577	9ddfed19	512	224	0	8577
8797	4	12414750275250	none	8578	9ddfed19	512	224	0	8578
8798	5	12414767538530	none	8579	9ddfed19	512	224	0	8579
8799	6	12414780711860	none	8580	c17fd457	512	224	0	8580
8800	7	12414797919390	none	8581	c17fd457	512	224	0	8581
8801	0	12414815223150	none	8582	c17fd457	512	224	0	8582
8802	1	12414832462020	none	8583	c17fd457	512	224	0	8583
8803	2	12414849684750	none	8584	1428b6da	512	224	0	8584
8804	3	12414867009020	none	8585	1428b6da	512	224	0	8585
8805	4	12414880447540	none	8586	1428b6da	512	224	0	8586
8806	5	12414897908920	none	8587	1428b6da	512	224	0	8587
8807	6	12414915254130	none	8588	bc594b57	512	224	0	8588
8808	7	12414932620630	none	8589	bc594b57	512	224	0	8589
8809	0	12414950214280	none	8590	bc594b57	512	224	0	8590
8810	1	12414963624810	none	8591	bc594b57	512	224	0	8591
8811	2	12414981047780	none	8592	bc594b57	512	224	0	8592
8812	3	12414998380860	none	8593	bc594b57	512	224	0	8593
8813	4	12415015626480	none	8594	bc594b57	512	224	0	8594
8814	5	12415032898320	none	8595	bc594b57	512	224	0	8595
8815	6	12415050162100	none	8596	bc594b57	512	224	0	8596
8816	7	12415063420940	none	8597	bc594b57	512	224	0	8597
8817	0	12415080966940	none	8598	bc594b57	512	224	0	8598
8818	1	12415098297140	none	8599	bc594b57	512	224	0	8599
8819	2	12415115712200	none	8600	bc594b57	512	224	0	8600
8820	3	12415133332810	none	8601	bc594b57	512	224	0	8601
8821	4	12415147008360	none	8602	bc594b57	512	224	0	8602
8822	5	12415164729410	none	8603	bc594b57	512	224	0	8603
8823	6	12415182110060	none	8604	bc594b57	512	224	0	8604
8824	7	12415200192790	none	8605	bc594b57	512	224	0	8605
8825	0	12415213523460	none	8606	bc594b57	512	224	0	8606
8826	1	12415230775240	none	8607	bc594b57	512	224	0	8607
8827	2	12415248156590	none	8608	bc594b57	512	224	0	8608
8828	3	12415265393100	none	8609	bc594b57	512	224	0	8609
8829	4	12415282725820	none	8610	bc594b57	512	224	0	8610
8830	5	12415300002370	none	8611	bc594b57	512	224	0	8611
8831	6	12415313298530	none	8612	bc594b57	512	224	0	8612
8832	7	12415330551760	none	8613	bc594b57	512	224	0	8613
8833	0	12415347782760	none	8614	bc594b57	512	224	0	8614
8834	1	12415365027970	none	8615	bc594b57	512	224	0	8615
8835	2	12415382396280	none	8616	bc594b57	512	224	0	8616
8836	3	12415399624100	none	8617	cdc574e8	512	224	0	8617
8837	4	12415412846630	none	8618	cdc574e8	512	224	0	8618
8838	5	12415430100870	none	8619	cdc574e8	512	224	0	8619
8839	6	12415447337730	none	8620	cdc574e8	512	224	0	8620
8840	7	12415464565710	none	8621	cdc574e8	512	224	0	8621
8841	0	12415481804550	none	8622	cdc574e8	512	224	0	8622
8842	1	12415499004750	none	8623	cdc574e8	512	224	0	8623
8843	2	12415516290610	none	8624	3e0e5f67	512	224	0	8624
8844	3	12415529578740	none	8625	3e0e5f67	512	224	0	8625
8845	4	12415546818430	none	8626	3e0e5f67	512	224	0	8626
8846	5	12415564125760	none	8627	3e0e5f67	512	224	0	8627
8847	6	12415581380690	none	8628	3e0e5f67	512	224	0	8628
8848	7	12415598622030	none	8629	3e0e5f67	512	224	0	8629
8849	0	12415615854560	none	8630	821d4456	512	224	0	8630
8850	1	12415633087370	none	8631	821d4456	512	224	0	8631
8851	2	12415646332170	none	8632	821d4456	512	224	0	8632
8852	3	12415663583250	none	8633	821d4456	512	224	0	8633
8853	4	12415680822220	none	8634	821d4456	512	224	0	8634
8854	5	12415698050660	none	8635	821d4456	512	224	0	8635
8855	6	12415715314770	none	8636	821d4456	512	224	0	8636
8856	7	12415732565160	none	8637	821d4456	512	224	0	8637
8857	0	12415745763620	none	8638	821d4456	512	224	0	8638
8858	1	12415763043780	none	8639	821d4456	512	224	0	8639
8859	2	12415780300050	none	8640	821d4456	512	224	0	8640
8860	3	12415797623980	none	8641	821d4456	512	224	0	8641
8861	4	12415814901740	none	8642	1592d1ec	512	224	0	8642
8862	5	12415832216450	none	8643	1592d1ec	512	224	0	8643
8863	6	12415845427600	none	8644	1592d1ec	512	224	0	8644
8864	7	12415862729900	none	8645	1592d1ec	512	224	0	8645
8865	0	12415879998480	none	8646	1592d1ec	512	224	0	8646
8866	1	12415897245130	none	8647	1592d1ec	512	224	0	8647
8867	2	12415914476720	none	8648	1592d1ec	512	224	0	8648
8868	3	12415931802770	none	8649	c829fd93	512	224	0	8649
8869	4	12415949041860	none	8650	c829fd93	512	224	0	8650
8870	5	12415962260990	none	8651	c829fd93	512	224	0	8651
8871	6	12415979542480	none	8652	c829fd93	512	224	0	8652
8872	7	12415996814120	none	8653	c829fd93	512	224	0	8653
8873	0	12416014021530	none	8654	c829fd93	512	224	0	8654
8874	1	12416031291550	none	8655	3f3ff86f	512	224	0	8655
8875	2	12416048538960	none	8656	3f3ff86f	512	224	0	8656
8876	3	12416061721520	none	8657	3f3ff86f	512	224	0	8657
8877	4	12416079014900	none	8658	3f3ff86f	512	224	0	8658
8878	5	12416096378870	none	8659	3f3ff86f	512	224	0	8659
8879	6	12416113633460	none	8660	3f3ff86f	512	224	0	8660
8880	7	12416130977320	none	8661	ee7e3c1d	512	224	0	8661
8881	0	12416148230780	none	8662	ee7e3c1d	512	224	0	8662
8882	1	12416165470930	none	8663	ee7e3c1d	512	224	0	8663
8883	2	12416178668200	none	8664	ee7e3c1d	512	224	0	8664
8884	3	12416196135460	none	8665	ee7e3c1d	512	224	0	8665
8885	4	12416213426810	none	8666	ee7e3c1d	512	224	0	8666
8886	5	12416230720030	none	8667	48b2c906	512	224	0	8667
8887	6	12416247972650	none	8668	48b2c906	512	224	0	8668
8888	7	12416265244440	none	8669	48b2c906	512	224	0	8669
8889	0	12416278453420	none	8670	48b2c906	512	224	0	8670
8890	1	12416295726670	none	8671	48b2c906	512	224	0	8671
8891	2	12416313006140	none	8672	48b2c906	512	224	0	8672
8892	3	12416330388790	none	8673	48b2c906	512	224	0	8673
8893	4	12416347632720	none	8674	a87c1668	512	224	0	8674
8894	5	12416364904370	none	8675	a87c1668	512	224	0	8675
8895	6	12416378120570	none	8676	a87c1668	512	224	0	8676
8896	7	12416395364940	none	8677	a87c1668	512	224	0	8677
8897	0	12416412646660	none	8678	a87c1668	512	224	0	8678
8898	1	12416430043650	none	8679	a87c1668	512	224	0	8679
8899	2	12416447316040	none	8680	a87c1668	512	224	0	8680
8900	3	12416464559560	none	8681	a87c1668	512	224	0	8681
8901	4	12416477744690	none	8682	a87c1668	512	224	0	8682
8902	5	12416495129960	none	8683	a87c1668	512	224	0	8683
8903	6	12416512423520	none	8684	a87c1668	512	224	0	8684
8904	7	12416529798830	none	8685	a87c1668	512	224	0	8685
8905	0	12416547062390	none	8686	74602af4	512	224	0	8686
8906	1	12416564310260	none	8687	74602af4	512	224	0	8687
8907	2	12416581548910	none	8688	74602af4	512	224	0	8688
8908	3	12416594743240	none	8689	74602af4	512	224	0	8689
8909	4	12416612033130	none	8690	74602af4	512	224	0	8690
8910	5	12416629469360	none	8691	74602af4	512	224	0	8691
8911	6	12416646727090	none	8692	74602af4	512	224	0	8692
8912	7	12416663984830	none	8693	74602af4	512	224	0	8693
8913	0	12416681235440	none	8694	74602af4	512	224	0	8694
8914	1	12416694428480	none	8695	74602af4	512	224	0	8695
8915	2	12416711654510	none	8696	74602af4	512	224	0	8696
8916	3	12416728883190	none	8697	74602af4	512	224	0	8697
8917	4	12416746190290	none	8698	74602af4	512	224	0	8698
8918	5	12416763445290	none	8699	74602af4	512	224	0	8699
8919	6	12416780684350	none	8700	74602af4	512	224	0	8700
8920	7	12416793895210	none	8701	74602af4	512	224	0	8701
8921	0	12416811152970	none	8702	74602af4	512	224	0	8702
8922	1	12416828499710	none	8703	74602af4	512	224	0	8703
8923	2	12416845937270	none	8704	74602af4	512	224	0	8704
8924	3	12416863227850	none	8705	74602af4	512	224	0	8705
8925	4	12416880489540	none	8706	74602af4	512	224	0	8706
8926	5	12416897717990	none	8707	74602af4	512	224	0	8707
8927	6	12416910924220	none	8708	74602af4	512	224	0	8708
8928	7	12416928322330	none	8709	74602af4	512	224	0	8709
8929	0	12416945612620	none	8710	74602af4	512	224	0	8710
8930	1	12416962873100	none	8711	74602af4	512	224	0	8711
8931	2	12416980144320	none	8712	74602af4	512	224	0	8712
8932	3	12416997398500	none	8713	74602af4	512	224	0	8713
8933	4	12417010575800	none	8714	74602af4	512	224	0	8714
8934	5	12417027805660	none	8715	74602af4	512	224	0	8715
8935	6	12417045045810	none	8716	74602af4	512	224	0	8716
8936	7	12417062351740	none	8717	74602af4	512	224	0	8717
8937	0	12417079638080	none	8718	74602af4	512	224	0	8718
8938	1	12417096961810	none	8719	74602af4	512	224	0	8719
8939	2	12417110179140	none	8720	74602af4	512	224	0	8720
8940	3	12417127416610	none	8721	74602af4	512	224	0	8721
8941	4	12417144650600	none	8722	74602af4	512	224	0	8722
8942	5	12417161964470	none	8723	74602af4	512	224	0	8723
8943	6	12417179305770	none	8724	74602af4	512	224	0	8724
8944	7	12417196553280	none	8725	74602af4	512	224	0	8725
8945	0	12417213790150	none	8726	74602af4	512	224	0	8726
8946	1	12417226969310	none	8727	74602af4	512	224	0	8727
8947	2	12417244216430	none	8728	d4923ff2	512	224	0	8728
8948	3	12417261465670	none	8729	b5cc2caf	512	224	0	8729
8949	4	12417278712350	none	8730	ae735507	512	224	0	8730
8950	5	12417296072650	none	8731	d2f2822d	512	224	0	8731
8951	6	12417313359960	none	8732	ed62be30	512	224	0	8732
8952	7	12417326554230	none	8733	20b53e13	512	224	0	8733
8953	0	12417343786500	none	8734	16a8de9e	512	224	0	8734
8954	1	12417361046060	none	8735	a8e1b696	512	224	0	8735
8955	2	12417378315050	none	8736	36a98d7a	512	224	0	8736
8956	3	12417395599990	none	8737	45db108a	512	224	0	8737
8957	4	12417413114730	none	8738	4094e50d	512	224	0	8738
8958	5	12417426359390	none	8739	c2cad633	512	224	0	8739
8959	6	12417443622150	none	8740	9f415d14	512	224	0	8740
8960	7	12417460933400	none	8741	a8107db4	512	224	0	8741
8961	0	12417478255110	none	8742	61605322	512	224	0	8742
8962	1	12417495515370	none	8743	61605322	512	224	0	8743
8963	2	12417512832660	none	8744	61605322	512	224	0	8744
8964	3	12417526042080	none	8745	61605322	512	224	0	8745
8965	4	12417543324930	none	8746	61605322	512	224	0	8746
8966	5	12417560544570	none	8747	61605322	512	224	0	8747
8967	6	12417577842420	none	8748	61605322	512	224	0	8748
8968	7	12417595074060	none	8749	61605322	512	224	0	8749
8969	0	12417612401470	none	8750	61605322	512	224	0	8750
8970	1	12417629674940	none	8751	61605322	512	224	0	8751
8971	2	12417642956110	none	8752	61605322	512	224	0	8752
8972	3	12417660213180	none	8753	61605322	512	224	0	8753
8973	4	12417677461990	none	8754	61605322	512	224	0	8754
8974	5	12417694708630	none	8755	61605322	512	224	0	8755
8975	6	12417712142270	none	8756	61605322	512	224	0	8756
8976	7	12417729477080	none	8757	a671e0d2	512	224	0	8757
8977	0	12417742809720	none	8758	f5fba6d6	512	224	0	8758
8978	1	12417760047430	none	8759	65b20de7	512	224	0	8759
8979	2	12417777433340	none	8760	3b86bbfb	512	224	0	8760
8980	3	12417794696220	none	8761	16c485a0	512	224	0	8761
8981	4	12417812099750	none	8762	7f1fe1c0	512	224	0	8762
8982	5	12417829433590	none	8763	12ff981f	512	224	0	8763
8983	6	12417842741100	none	8764	7bdda50f	512	224	0	8764
8984	7	12417859997080	none	8765	60094370	512	224	0	8765
8985	0	12417877348200	none	8766	d1235586	512	224	0	8766
8986	1	12417894766240	none	8767	9b915251	512	224	0	8767
8987	2	12417912159800	none	8768	271a7292	512	224	0	8768
8988	3	12417925441190	none	8769	69ddf058	512	224	0	8769
8989	4	12417942709270	none	8770	7a9b8f75	512	224	0	8770
8990	5	12417959958250	none	8771	d5073922	512	224	0	8771
8991	6	12417977303590	none	8772	d5073922	512	224	0	8772
8992	7	12417994576500	none	8773	d5073922	512	224	0	8773
8993	0	12418011903980	none	8774	d5073922	512	224	0	8774
8994	1	12418025177500	none	8775	d5ba87eb	512	224	0	8775
8995	2	12418042399210	none	8776	d5ba87eb	512	224	0	8776
8996	3	12418059632520	none	8777	d5ba87eb	512	224	0	8777
8997	4	12418076996780	none	8778	c1fc4e79	512	224	0	8778
8998	5	12418094267620	none	8779	c1fc4e79	512	224	0	8779
8999	6	12418111513300	none	8780	c1fc4e79	512	224	0	8780
9000	7	12418128719120	none	8781	c1fc4e79	512	224	0	8781
9001	0	12418142103940	none	8782	b579e148	512	224	0	8782
9002	1	12418159325950	none	8783	b579e148	512	224	0	8783
9003	2	12418176578390	none	8784	b579e148	512	224	0	8784
9004	3	12418193883240	none	8785	65c33578	512	224	0	8785
9005	4	12418211197010	none	8786	65c33578	512	224	0	8786
9006	5	12418228454630	none	8787	65c33578	512	224	0	8787
9007	6	12418241865510	none	8788	6a07147c	512	224	0	8788
9008	7	12418259118870	none	8789	6a07147c	512	224	0	8789
9009	0	12418276352290	none	8790	6a07147c	512	224	0	8790
9010	1	12418293590750	none	8791	b0eb169d	512	224	0	8791
9011	2	12418310843430	none	8792	b0eb169d	512	224	0	8792
9012	3	12418328086280	none	8793	b0eb169d	512	224	0	8793
9013	4	12418341398530	none	8794	d5073922	512	224	0	8794
9014	5	12418358603060	none	8795	d5073922	512	224	0	8795
9015	6	12418375923130	none	8796	d5073922	512	224	0	8796
9016	7	12418393168550	none	8797	d5073922	512	224	0	8797
9017	0	12418410398950	none	8798	d5073922	512	224	0	8798
9018	1	12418427643650	none	8799	d5073922	512	224	0	8799
9019	2	12418444981470	none	8800	25dc7dac	512	224	0	8800
9020	3	12418458275470	none	8801	25dc7dac	512	224	0	8801
9021	4	12418475527600	none	8802	25dc7dac	512	224	0	8802
9022	5	12418492781200	none	8803	25dc7dac	512	224	0	8803
9023	6	12418510110550	none	8804	25dc7dac	512	224	0	8804
9024	7	12418527353780	none	8805	25dc7dac	512	224	0	8805
9025	0	12418544653770	none	8806	25dc7dac	512	224	0	8806
9026	1	12418557917400	none	8807	25dc7dac	512	224	0	8807
9027	2	12418575189480	none	8808	25dc7dac	512	224	0	8808
9028	3	12418592416700	none	8809	25dc7dac	512	224	0	8809
9029	4	12418609671580	none	8810	25dc7dac	512	224	0	8810
9030	5	12418626920460	none	8811	25dc7dac	512	224	0	8811
9031	6	12418644298700	none	8812	25dc7dac	512	224	0	8812
9032	7	12418657504670	none	8813	25dc7dac	512	224	0	8813
9033	0	12418674891010	none	8814	25dc7dac	512	224	0	8814
9034	1	12418692137160	none	8815	25dc7dac	512	224	0	8815
9035	2	12418709477420	none	8816	25dc7dac	512	224	0	8816
9036	3	12418726719130	none	8817	25dc7dac	512	224	0	8817
9037	4	12418744129660	none	8818	25dc7dac	512	224	0	8818
9038	5	12418757339240	none	8819	25dc7dac	512	224	0	8819
9039	6	12418774663400	none	8820	25dc7dac	512	224	0	8820
9040	7	12418791972110	none	8821	25dc7dac	512	224	0	8821
9041	0	12418809236720	none	8822	25dc7dac	512	224	0	8822
9042	1	12418826468990	none	8823	25dc7dac	512	224	0	8823
9043	2	12418843676400	none	8824	25dc7dac	512	224	0	8824
9044	3	12418860954670	none	8825	25dc7dac	512	224	0	8825
9045	4	12418874227250	none	8826	25dc7dac	512	224	0	8826
9046	5	12418891464170	none	8827	25dc7dac	512	224	0	8827
9047	6	12418908689630	none	8828	25dc7dac	512	224	0	8828
9048	7	12418925933990	none	8829	25dc7dac	512	224	0	8829
9049	0	12418943304460	none	8830	25dc7dac	512	224	0	8830
9050	1	12418960529040	none	8831	25dc7dac	512	224	0	8831
9051	2	12418973764940	none	8832	25dc7dac	512	224	0	8832
9052	3	12418990999420	none	8833	25dc7dac	512	224	0	8833
9053	4	12419008251490	none	8834	25dc7dac	512	224	0	8834
9054	5	12419025484880	none	8835	df7f82f2	512	224	0	8835
9055	6	12419042711000	none	8836	df7f82f2	512	224	0	8836
9056	7	12419059965920	none	8837	df7f82f2	512	224	0	8837
9057	0	12419077240010	none	8838	df7f82f2	512	224	0	8838
9058	1	12419090437380	none	8839	df7f82f2	512	224	0	8839
9059	2	12419107643760	none	8840	df7f82f2	512	224	0	8840
9060	3	12419125039820	none	8841	df7f82f2	512	224	0	8841
9061	4	12419142299600	none	8842	df7f82f2	512	224	0	8842
9062	5	12419159504700	none	8843	df7f82f2	512	224	0	8843
9063	6	12419176714090	none	8844	1d20f519	512	224	0	8844
9064	7	12419189990140	none	8845	1d20f519	512	224	0	8845
9065	0	12419207223540	none	8846	1d20f519	512	224	0	8846
9066	1	12419224458780	none	8847	1d20f519	512	224	0	8847
9067	2	12419241740270	none	8848	e9500139	512	224	0	8848
9068	3	12419259111550	none	8849	e9500139	512	224	0	8849
9069	4	12419276357930	none	8850	e9500139	512	224	0	8850
9070	5	12419293597960	none	8851	e9500139	512	224	0	8851
9071	6	12419306796130	none	8852	519434ba	512	224	0	8852
9072	7	12419324043180	none	8853	519434ba	512	224	0	8853
9073	0	12419341508430	none	8854	519434ba	512	224	0	8854
9074	1	12419359234650	none	8855	519434ba	512	224	0	8855
9075	2	12419376771570	none	8856	519434ba	512	224	0	8856
9076	3	12419390051690	none	8857	6b35e849	512	224	0	8857
9077	4	12419407379510	none	8858	6b35e849	512	224	0	8858
9078	5	12419424766670	none	8859	6b35e849	512	224	0	8859
9079	6	12419442438630	none	8860	6b35e849	512	224	0	8860
9080	7	12419459813870	none	8861	6b35e849	512	224	0	8861
9081	0	12419473128370	none	8862	6b35e849	512	224	0	8862
9082	1	12419490395000	none	8863	6b35e849	512	224	0	8863
9083	2	12419507611120	none	8864	6b35e849	512	224	0	8864
9084	3	12419524893930	none	8865	6b35e849	512	224	0	8865
9085	4	12419542424170	none	8866	6b35e849	512	224	0	8866
9086	5	12419556041160	none	8867	6b35e849	512	224	0	8867
9087	6	12419573403800	none	8868	6b35e849	512	224	0	8868
9088	7	12419591053480	none	8869	6b35e849	512	224	0	8869
9089	0	12419608516450	none	8870	6b35e849	512	224	0	8870
9090	1	12419626136760	none	8871	6b35e849	512	224	0	8871
9091	2	12419640023520	none	8872	6b35e849	512	224	0	8872
9092	3	12419657363470	none	8873	6b35e849	512	224	0	8873
9093	4	12419674940460	none	8874	6b35e849	512	224	0	8874
9094	5	12419692263740	none	8875	6b35e849	512	224	0	8875
9095	6	12419709501390	none	8876	6b35e849	512	224	0	8876
9096	7	12419722780960	none	8877	6b35e849	512	224	0	8877
9097	0	12419739995770	none	8878	6b35e849	512	224	0	8878
9098	1	12419757234330	none	8879	6b35e849	512	224	0	8879
9099	2	12419774500160	none	8880	6b35e849	512	224	0	8880
9100	3	12419791798100	none	8881	6b35e849	512	224	0	8881
9101	4	12419809031430	none	8882	6b35e849	512	224	0	8882
9102	5	12419822284150	none	8883	6b35e849	512	224	0	8883
9103	6	12419839522810	none	8884	6b35e849	512	224	0	8884
9104	7	12419856741840	none	8885	6b35e849	512	224	0	8885
9105	0	12419873974030	none	8886	6b35e849	512	224	0	8886
9106	1	12419891333520	none	8887	6b35e849	512	224	0	8887
9107	2	12419908542090	none	8888	6b35e849	512	224	0	8888
9108	3	12419925775360	none	8889	6b35e849	512	224	0	8889
9109	4	12419938986100	none	8890	6b35e849	512	224	0	8890
9110	5	12419956246580	none	8891	6b35e849	512	224	0	8891
9111	6	12419973485530	none	8892	6b35e849	512	224	0	8892
9112	7	12419990721060	none	8893	6b35e849	512	224	0	8893
9113	0	12420007955640	none	8894	6b35e849	512	224	0	8894
9114	1	12420025215480	none	8895	6b35e849	512	224	0	8895
9115	2	12420042474650	none	8896	6b35e849	512	224	0	8896
9116	3	12420055673820	none	8897	6b35e849	512	224	0	8897
9117	4	12420072921860	none	8898	6b35e849	512	224	0	8898
9118	5	12420090304240	none	8899	6b35e849	512	224	0	8899
9119	6	12420107544720	none	8900	6b35e849	512	224	0	8900
9120	7	12420124787730	none	8901	6b35e849	512	224	0	8901
9121	0	12420142023580	none	8902	6b35e849	512	224	0	8902
9122	1	12420155236900	none	8903	6b35e849	512	224	0	8903
9123	2	12420172589100	none	8904	6b35e849	512	224	0	8904
9124	3	12420189819480	none	8905	6b35e849	512	224	0	8905
9125	4	12420207085220	none	8906	6b35e849	512	224	0	8906
9126	5	12420224354770	none	8907	6b35e849	512	224	0	8907
9127	6	12420241600850	none	8908	6b35e849	512	224	0	8908
9128	7	12420254825140	none	8909	6b35e849	512	224	0	8909
9129	0	12420272085120	none	8910	6b35e849	512	224	0	8910
9130	1	12420289318250	none	8911	6b35e849	512	224	0	8911
9131	2	12420306536920	none	8912	6b35e849	512	224	0	8912
9132	3	12420323907390	none	8913	503c784a	512	224	0	8913
9133	4	12420341183850	none	8914	698250aa	512	224	0	8914
9134	5	12420358438820	none	8915	f994daa1	512	224	0	8915
9135	6	12420371631740	none	8916	6ab1afd5	512	224	0	8916
9136	7	12420388900880	none	8917	a51ebd73	512	224	0	8917
9137	0	12420406146980	none	8918	bfcb3f05	512	224	0	8918
9138	1	12420423393590	none	8919	f8f0786b	512	224	0	8919
9139	2	12420440767670	none	8920	d872d54c	512	224	0	8920
9140	3	12420458011540	none	8921	9ac3602f	512	224	0	8921
9141	4	12420471243220	none	8922	b72ff219	512	224	0	8922
9142	5	12420488485860	none	8923	9bba0d26	512	224	0	8923
9143	6	12420505774150	none	8924	790971de	512	224	0	8924
9144	7	12420523092400	none	8925	3ac4da04	512	224	0	8925
9145	0	12420540364380	none	8926	b29f835c	512	224	0	8926
9146	1	12420557721350	none	8927	61605322	512	224	0	8927
9147	2	12420571105080	none	8928	61605322	512	224	0	8928
9148	3	12420588364780	none	8929	61605322	512	224	0	8929
9149	4	12420605685040	none	8930	61605322	512	224	0	8930
9150	5	12420622918480	none	8931	9456ee5a	512	224	0	8931
9151	6	12420640174500	none	8932	3aa2c43f	512	224	0	8932
9152	7	12420657409440	none	8933	8a00f2bc	512	224	0	8933
9153	0	12420674623580	none	8934	e623560f	512	224	0	8934
9154	1	12420687817820	none	8935	2959a6ca	512	224	0	8935
9155	2	12420705118360	none	8936	1d12ec2d	512	224	0	8936
9156	3	12420722343030	none	8937	a74d88e7	512	224	0	8937
9157	4	12420739652050	none	8938	c52e35d7	512	224	0	8938
9158	5	12420756961390	none	8939	f61f46c6	512	224	0	8939
9159	6	12420774361250	none	8940	b08ac48b	512	224	0	8940
9160	7	12420787534050	none	8941	e0f2fb65	512	224	0	8941
9161	0	12420804842150	none	8942	206e3208	512	224	0	8942
9162	1	12420822108950	none	8943	0c4dd547	512	224	0	8943
9163	2	12420839459360	none	8944	7fbb6690	512	224	0	8944
9164	3	12420856660600	none	8945	c2f7d14c	512	224	0	8945
9165	4	12420873899020	none	8946	c2f7d14c	512	224	0	8946
9166	5	12420887124230	none	8947	c2f7d14c	512	224	0	8947
9167	6	12420904361890	none	8948	c2f7d14c	512	224	0	8948
9168	7	12420921585260	none	8949	c2f7d14c	512	224	0	8949
9169	0	12420938907980	none	8950	c2f7d14c	512	224	0	8950
9170	1	12420956165820	none	8951	c2f7d14c	512	224	0	8951
9171	2	12420973397300	none	8952	c2f7d14c	512	224	0	8952
9172	3	12420990624080	none	8953	c2f7d14c	512	224	0	8953
9173	4	12421003829070	none	8954	c2f7d14c	512	224	0	8954
9174	5	12421021092640	none	8955	c2f7d14c	512	224	0	8955
9175	6	12421038447250	none	8956	c2f7d14c	512	224	0	8956
9176	7	12421055676120	none	8957	c2f7d14c	512	224	0	8957
9177	0	12421072920950	none	8958	c2f7d14c	512	224	0	8958
9178	1	12421090174220	none	8959	c2f7d14c	512	224	0	8959
9179	2	12421107405380	none	8960	c2f7d14c	512	224	0	8960
9180	3	12421120578630	none	8961	c2f7d14c	512	224	0	8961
9181	4	12421137801160	none	8962	c2f7d14c	512	224	0	8962
9182	5	12421155076670	none	8963	c2f7d14c	512	224	0	8963
9183	6	12421172307920	none	8964	c2f7d14c	512	224	0	8964
9184	7	12421189536320	none	8965	c2f7d14c	512	224	0	8965
9185	0	12421206774680	none	8966	c2f7d14c	512	224	0	8966
9186	1	12421220071570	none	8967	c2f7d14c	512	224	0	8967
9187	2	12421237298990	none	8968	c2f7d14c	512	224	0	8968
9188	3	12421254543960	none	8969	c2f7d14c	512	224	0	8969
9189	4	12421271877210	none	8970	c2f7d14c	512	224	0	8970
9190	5	12421289118090	none	8971	c2f7d14c	512	224	0	8971
9191	6	12421306370670	none	8972	c2f7d14c	512	224	0	8972
9192	7	12421323591350	none	8973	c2f7d14c	512	224	0	8973
9193	0	12421336752750	none	8974	c2f7d14c	512	224	0	8974
9194	1	12421353961540	none	8975	c2f7d14c	512	224	0	8975
9195	2	12421371199130	none	8976	c2f7d14c	512	224	0	8976
9196	3	12421388456580	none	8977	c2f7d14c	512	224	0	8977
9197	4	12421405699280	none	8978	c2f7d14c	512	224	0	8978
9198	5	12421423097640	none	8979	c2f7d14c	512	224	0	8979
9199	6	12421436294140	none	8980	c2f7d14c	512	224	0	8980
9200	7	12421453515050	none	8981	c2f7d14c	512	224	0	8981
9201	0	12421470730920	none	8982	c2f7d14c	512	224	0	8982
9202	1	12421488018750	none	8983	c2f7d14c	512	224	0	8983
9203	2	12421505279380	none	8984	c2f7d14c	512	224	0	8984
9204	3	12421522527770	none	8985	c2f7d14c	512	224	0	8985
9205	4	12421539757110	none	8986	c2f7d14c	512	224	0	8986
9206	5	12421553118710	none	8987	c2f7d14c	512	224	0	8987
9207	6	12421570388990	none	8988	c2f7d14c	512	224	0	8988
9208	7	12421587746370	none	8989	c2f7d14c	512	224	0	8989
9209	0	12421604982000	none	8990	c2f7d14c	512	224	0	8990
9210	1	12421622232630	none	8991	c2f7d14c	512	224	0	8991
9211	2	12421639465320	none	8992	c2f7d14c	512	224	0	8992
9212	3	12421652628830	none	8993	c2f7d14c	512	224	0	8993
9213	4	12421669858580	none	8994	c2f7d14c	512	224	0	8994
9214	5	12421687267030	none	8995	c2f7d14c	512	224	0	8995
9215	6	12421704510100	none	8996	c2f7d14c	512	224	0	8996
9216	7	12421721744120	none	8997	c2f7d14c	512	224	0	8997
9217	0	12421738959770	none	8998	c2f7d14c	512	224	0	8998
9218	1	12421756311190	none	8999	c2f7d14c	512	224	0	8999
9219	2	12421769498380	none	-1	c2f7d14c	512	224	0	9000
9220	3	12421786859550	none	-1	c2f7d14c	512	224	0	9001
