core_frame	header_ctr	capture_ns	dup_reason	movie_frame	hash	width	height	segment	avi_frame
25	0	18048202380780	none	0	61605322	512	224	0	0
26	1	18048219679950	none	1	61605322	512	224	0	1
27	2	18048236951850	none	2	61605322	512	224	0	2
28	3	18048250305990	none	3	61605322	512	224	0	3
29	4	18048267700840	none	4	61605322	512	224	0	4
30	5	18048285011240	none	5	61605322	512	224	0	5
31	6	18048302248020	none	6	61605322	512	224	0	6
32	7	18048319489780	none	7	61605322	512	224	0	7
33	0	18048336753460	none	8	61605322	512	224	0	8
34	1	18048349885570	none	9	61605322	512	224	0	9
35	2	18048367084980	none	10	61605322	512	224	0	10
36	3	18048384296940	none	11	61605322	512	224	0	11
37	4	18048401519730	none	12	61605322	512	224	0	12
38	5	18048418720220	none	13	61605322	512	224	0	13
39	6	18048436074750	none	14	61605322	512	224	0	14
40	7	18048453389770	none	15	61605322	512	224	0	15
41	0	18048466721190	none	16	61605322	512	224	0	16
42	1	18048483974850	none	17	61605322	512	224	0	17
43	2	18048501268970	none	18	61605322	512	224	0	18
44	3	18048518491410	none	19	61605322	512	224	0	19
45	4	18048535817450	none	20	61605322	512	224	0	20
46	5	18048553033030	none	21	61605322	512	224	0	21
47	6	18048566293980	none	22	61605322	512	224	0	22
48	7	18048583486760	none	23	61605322	512	224	0	23
49	0	18048600681090	none	24	61605322	512	224	0	24
50	1	18048617873160	none	25	61605322	512	224	0	25
51	2	18048635135070	none	26	61605322	512	224	0	26
52	3	18048652347140	none	27	61605322	512	224	0	27
53	4	18048669655720	none	28	61605322	512	224	0	28
54	5	18048682908140	none	29	61605322	512	224	0	29
55	6	18048700118440	none	30	61605322	512	224	0	30
56	7	18048717326440	none	31	61605322	512	224	0	31
57	0	18048734545610	none	32	61605322	512	224	0	32
58	1	18048751764960	none	33	61605322	512	224	0	33
59	2	18048768952100	none	34	61605322	512	224	0	34
60	3	18048786188390	none	35	61605322	512	224	0	35
61	4	18048799381800	none	36	61605322	512	224	0	36
62	5	18048816611610	none	37	61605322	512	224	0	37
63	6	18048833806310	none	38	61605322	512	224	0	38
64	7	18048851027370	none	39	61605322	512	224	0	39
65	0	18048868257800	none	40	61605322	512	224	0	40
66	1	18048885499460	none	41	61605322	512	224	0	41
67	2	18048902701550	none	42	61605322	512	224	0	42
68	3	18048915918040	none	43	61605322	512	224	0	43
69	4	18048933140420	none	44	61605322	512	224	0	44
70	5	18048950363010	none	45	61605322	512	224	0	45
71	6	18048967598770	none	46	61605322	512	224	0	46
72	7	18048984793500	none	47	61605322	512	224	0	47
73	0	18049001993470	none	48	61605322	512	224	0	48
74	1	18049019234730	none	49	61605322	512	224	0	49
75	2	18049032438020	none	50	61605322	512	224	0	50
76	3	18049049627160	none	51	61605322	512	224	0	51
77	4	18049066817390	none	52	61605322	512	224	0	52
78	5	18049084118750	none	53	61605322	512	224	0	53
79	6	18049101341560	none	54	61605322	512	224	0	54
80	7	18049118664500	none	55	61605322	512	224	0	55
81	0	18049131923390	none	56	61605322	512	224	0	56
82	1	18049149174190	none	57	61605322	512	224	0	57
83	2	18049166438250	none	58	61605322	512	224	0	58
84	3	18049183603850	none	59	61605322	512	224	0	59
85	4	18049200775660	none	60	61605322	512	224	0	60
86	5	18049217957000	none	61	61605322	512	224	0	61
87	6	18049235182450	none	62	61605322	512	224	0	62
88	7	18049248380310	none	63	61605322	512	224	0	63
89	0	18049265602890	none	64	61605322	512	224	0	64
90	1	18049282778690	none	65	61605322	512	224	0	65
91	2	18049300040190	none	66	61605322	512	224	0	66
92	3	18049317255190	none	67	61605322	512	224	0	67
93	4	18049334534730	none	68	61605322	512	224	0	68
94	5	18049351723400	none	69	61605322	512	224	0	69
95	6	18049364941290	none	70	61605322	512	224	0	70
96	7	18049382179430	none	71	61605322	512	224	0	71
97	0	18049399431270	none	72	61605322	512	224	0	72
98	1	18049416635560	none	73	61605322	512	224	0	73
99	2	18049433804810	none	74	61605322	512	224	0	74
100	3	18049450996050	none	75	61605322	512	224	0	75
101	4	18049468336880	none	76	61605322	512	224	0	76
102	5	18049481546490	none	77	61605322	512	224	0	77
103	6	18049498752990	none	78	61605322	512	224	0	78
104	7	18049515939490	none	79	61605322	512	224	0	79
105	0	18049533151970	none	80	61605322	512	224	0	80
106	1	18049550356420	none	81	61605322	512	224	0	81
107	2	18049567687640	none	82	61605322	512	224	0	82
108	3	18049584950830	none	83	61605322	512	224	0	83
109	4	18049598205000	none	84	61605322	512	224	0	84
110	5	18049615467750	none	85	61605322	512	224	0	85
111	6	18049632663330	none	86	61605322	512	224	0	86
112	7	18049649842330	none	87	61605322	512	224	0	87
113	0	18049667208600	none	88	61605322	512	224	0	88
114	1	18049684423560	none	89	61605322	512	224	0	89
115	2	18049697582910	none	90	61605322	512	224	0	90
116	3	18049714769630	none	91	61605322	512	224	0	91
117	4	18049731946600	none	92	61605322	512	224	0	92
118	5	18049749180620	none	93	61605322	512	224	0	93
119	6	18049766450700	none	94	61605322	512	224	0	94
120	7	18049783640280	none	95	61605322	512	224	0	95
121	0	18049800895480	none	96	61605322	512	224	0	96
122	1	18049814111520	none	97	61605322	512	224	0	97
123	2	18049831322220	none	98	61605322	512	224	0	98
124	3	18049848574090	none	99	61605322	512	224	0	99
125	4	18049865787220	none	100	61605322	512	224	0	100
126	5	18049883130770	none	101	61605322	512	224	0	101
127	6	18049900338600	none	102	61605322	512	224	0	102
128	7	18049917656460	none	103	61605322	512	224	0	103
129	0	18049930900750	none	104	61605322	512	224	0	104
130	1	18049948126170	none	105	61605322	512	224	0	105
131	2	18049965333400	none	106	61605322	512	224	0	106
132	3	18049982609920	none	107	61605322	512	224	0	107
133	4	18049999886420	none	108	61605322	512	224	0	108
134	5	18050017112310	none	109	61605322	512	224	0	109
135	6	18050030333220	none	110	61605322	512	224	0	110
136	7	18050047561560	none	111	61605322	512	224	0	111
137	0	18050064752880	none	112	61605322	512	224	0	112
138	1	18050082088170	none	113	61605322	512	224	0	113
139	2	18050099309750	none	114	61605322	512	224	0	114
140	3	18050116652430	none	115	61605322	512	224	0	115
141	4	18050133976770	none	116	61605322	512	224	0	116
142	5	18050147190140	none	117	61605322	512	224	0	117
143	6	18050164371530	none	118	61605322	512	224	0	118
144	7	18050181586660	none	119	61605322	512	224	0	119
145	0	18050198778740	none	120	61605322	512	224	0	120
146	1	18050215962080	none	121	61605322	512	224	0	121
147	2	18050233193310	none	122	61605322	512	224	0	122
148	3	18050250424730	none	123	61605322	512	224	0	123
149	4	18050263591940	none	124	61605322	512	224	0	124
150	5	18050280773600	none	125	61605322	512	224	0	125
151	6	18050298017070	none	126	61605322	512	224	0	126
152	7	18050315224010	none	127	61605322	512	224	0	127
153	0	18050332442400	none	128	61605322	512	224	0	128
154	1	18050349641530	none	129	61605322	512	224	0	129
155	2	18050366916300	none	130	61605322	512	224	0	130
156	3	18050380116670	none	131	61605322	512	224	0	131
157	4	18050397358640	none	132	61605322	512	224	0	132
158	5	18050414584550	none	133	61605322	512	224	0	133
159	6	18050431776340	none	134	61605322	512	224	0	134
160	7	18050448969050	none	135	61605322	512	224	0	135
161	0	18050466230950	none	136	61605322	512	224	0	136
162	1	18050483465140	none	137	61605322	512	224	0	137
163	2	18050496626660	none	138	61605322	512	224	0	138
164	3	18050513816330	none	139	61605322	512	224	0	139
165	4	18050531109140	none	140	61605322	512	224	0	140
166	5	18050548322230	none	141	61605322	512	224	0	141
167	6	18050565652490	none	142	61605322	512	224	0	142
168	7	18050582947020	none	143	61605322	512	224	0	143
169	0	18050596147540	none	144	61605322	512	224	0	144
170	1	18050613349380	none	145	61605322	512	224	0	145
171	2	18050630617400	none	146	61605322	512	224	0	146
172	3	18050647793770	none	147	61605322	512	224	0	147
173	4	18050665204470	none	148	61605322	512	224	0	148
174	5	18050682463220	none	149	61605322	512	224	0	149
175	6	18050699661310	none	150	61605322	512	224	0	150
176	7	18050712942650	none	151	61605322	512	224	0	151
177	0	18050730151460	none	152	61605322	512	224	0	152
178	1	18050747366600	none	153	61605322	512	224	0	153
179	2	18050764585500	none	154	9175ced9	512	224	0	154
180	3	18050781779010	none	155	9175ced9	512	224	0	155
181	4	18050798991990	none	156	b442394e	512	224	0	156
182	5	18050816232160	none	157	b442394e	512	224	0	157
183	6	18050829415770	none	158	ecef632c	512	224	0	158
184	7	18050846618880	none	159	ecef632c	512	224	0	159
185	0	18050863802730	none	160	ecccfa12	512	224	0	160
186	1	18050881131830	none	161	ecccfa12	512	224	0	161
187	2	18050898353230	none	162	8e8f7499	512	224	0	162
188	3	18050915598770	none	163	8e8f7499	512	224	0	163
189	4	18050932797470	none	164	1c19f703	512	224	0	164
190	5	18050946105060	none	165	1c19f703	512	224	0	165
191	6	18050963356840	none	166	41cd0775	512	224	0	166
192	7	18050980588480	none	167	41cd0775	512	224	0	167
193	0	18050997898340	none	168	c558f03c	512	224	0	168
194	1	18051015150030	none	169	c558f03c	512	224	0	169
195	2	18051032367700	none	170	68869c4c	512	224	0	170
196	3	18051045555900	none	171	68869c4c	512	224	0	171
197	4	18051062751620	none	172	a4a99a29	512	224	0	172
198	5	18051080127260	none	173	a4a99a29	512	224	0	173
199	6	18051097340610	none	174	3c7d680a	512	224	0	174
200	7	18051114667830	none	175	3c7d680a	512	224	0	175
201	0	18051131949780	none	176	caa44ae4	512	224	0	176
202	1	18051145140780	none	177	caa44ae4	512	224	0	177
203	2	18051162414010	none	178	35bad33f	512	224	0	178
204	3	18051179609540	none	179	35bad33f	512	224	0	179
205	4	18051196838200	none	180	f7163259	512	224	0	180
206	5	18051214235350	none	181	a3ff3ff9	512	224	0	181
207	6	18051231489490	none	182	a68927e6	512	224	0	182
208	7	18051248728580	none	183	a68927e6	512	224	0	183
209	0	18051261968100	none	184	f07efbba	512	224	0	184
210	1	18051279259710	none	185	f07efbba	512	224	0	185
211	2	18051296489150	none	186	946af196	512	224	0	186
212	3	18051313696990	none	187	946af196	512	224	0	187
213	4	18051330881680	none	188	946af196	512	224	0	188
214	5	18051348124670	none	189	946af196	512	224	0	189
215	6	18051365350110	none	190	946af196	512	224	0	190
216	7	18051378547180	none	191	946af196	512	224	0	191
217	0	18051395742400	none	192	946af196	512	224	0	192
218	1	18051412924050	none	193	946af196	512	224	0	193
219	2	18051430149460	none	194	946af196	512	224	0	194
220	3	18051447359410	none	195	946af196	512	224	0	195
221	4	18051464624470	none	196	946af196	512	224	0	196
222	5	18051477920380	none	197	946af196	512	224	0	197
223	6	18051495166350	none	198	946af196	512	224	0	198
224	7	18051512421650	none	199	946af196	512	224	0	199
225	0	18051529623180	none	200	946af196	512	224	0	200
226	1	18051546904090	none	201	946af196	512	224	0	201
227	2	18051564158170	none	202	946af196	512	224	0	202
228	3	18051581397460	none	203	946af196	512	224	0	203
229	4	18051594549500	none	204	946af196	512	224	0	204
230	5	18051611740120	none	205	946af196	512	224	0	205
231	6	18051629089960	none	206	946af196	512	224	0	206
232	7	18051646295400	none	207	949e32cf	512	224	0	207
233	0	18051663620020	none	208	a68927e6	512	224	0	208
234	1	18051680945320	none	209	a68927e6	512	224	0	209
235	2	18051698170820	none	210	f07efbba	512	224	0	210
236	3	18051711344650	none	211	f07efbba	512	224	0	211
237	4	18051728578250	none	212	946af196	512	224	0	212
238	5	18051745792110	none	213	946af196	512	224	0	213
239	6	18051763187680	none	214	946af196	512	224	0	214
240	7	18051780399690	none	215	946af196	512	224	0	215
241	0	18051797611040	none	216	946af196	512	224	0	216
242	1	18051810758480	none	217	946af196	512	224	0	217
243	2	18051828116670	none	218	9172bbf9	512	224	0	218
244	3	18051845315460	none	219	b48bae94	512	224	0	219
245	4	18051862622400	none	220	6c131829	512	224	0	220
246	5	18051879934410	none	221	6c131829	512	224	0	221
247	6	18051897155800	none	222	d251f19f	512	224	0	222
248	7	18051914360900	none	223	cc1c87dd	512	224	0	223
249	0	18051927544400	none	224	eaaf191d	512	224	0	224
250	1	18051944728790	none	225	84161602	512	224	0	225
251	2	18051961911270	none	226	84161602	512	224	0	226
252	3	18051979144640	none	227	c6ae442f	512	224	0	227
253	4	18051996407140	none	228	4bc7763a	512	224	0	228
254	5	18052013629740	none	229	492d6e3b	512	224	0	229
255	6	18052030805070	none	230	b7836b8d	512	224	0	230
256	7	18052044085020	none	231	b7836b8d	512	224	0	231
257	0	18052061299040	none	232	b7836b8d	512	224	0	232
258	1	18052078545760	none	233	b7836b8d	512	224	0	233
259	2	18052095746250	none	234	b7836b8d	512	224	0	234
260	3	18052113018030	none	235	b7836b8d	512	224	0	235
261	4	18052130231380	none	236	b7836b8d	512	224	0	236
262	5	18052147451750	none	237	b7836b8d	512	224	0	237
263	6	18052160617380	none	238	b7836b8d	512	224	0	238
264	7	18052177811020	none	239	b7836b8d	512	224	0	239
265	0	18052195002580	none	240	60a41a03	512	224	0	240
266	1	18052212325220	none	241	6caf1af7	512	224	0	241
267	2	18052229549420	none	242	d040930f	512	224	0	242
268	3	18052246737720	none	243	5d8a3f3e	512	224	0	243
269	4	18052260101740	none	244	1156a1eb	512	224	0	244
270	5	18052277297030	none	245	01c5a959	512	224	0	245
271	6	18052294531230	none	246	e4df5b2c	512	224	0	246
272	7	18052311796060	none	247	11619364	512	224	0	247
273	0	18052328998990	none	248	e2da8f71	512	224	0	248
274	1	18052346232230	none	249	9b00a6c3	512	224	0	249
275	2	18052363457650	none	250	9b00a6c3	512	224	0	250
276	3	18052376615610	none	251	9b00a6c3	512	224	0	251
277	4	18052393801550	none	252	9b00a6c3	512	224	0	252
278	5	18052411183810	none	253	9b00a6c3	512	224	0	253
279	6	18052428449530	none	254	9b00a6c3	512	224	0	254
280	7	18052445636800	none	255	9b00a6c3	512	224	0	255
281	0	18052462973380	none	256	9b00a6c3	512	224	0	256
282	1	18052480213660	none	257	4beeac21	512	224	0	257
283	2	18052493381930	none	258	9acdd587	512	224	0	258
284	3	18052510562140	none	259	e5de2aec	512	224	0	259
285	4	18052527810970	none	260	61a46c8a	512	224	0	260
286	5	18052545015670	none	261	61a46c8a	512	224	0	261
287	6	18052562244340	none	262	c0d2aed9	512	224	0	262
288	7	18052579472320	none	263	f7b431ba	512	224	0	263
289	0	18052596661330	none	264	a143ede6	512	224	0	264
290	1	18052609821090	none	265	bc69864d	512	224	0	265
291	2	18052627116360	none	266	21774267	512	224	0	266
292	3	18052644324940	none	267	21774267	512	224	0	267
293	4	18052661640170	none	268	36267d24	512	224	0	268
294	5	18052678951900	none	269	ee4f5f31	512	224	0	269
295	6	18052696180170	none	270	be034cc6	512	224	0	270
296	7	18052709384590	none	271	cb75f7c1	512	224	0	271
297	0	18052726584020	none	272	4d644d80	512	224	0	272
298	1	18052743931510	none	273	86a5ec68	512	224	0	273
299	2	18052761459380	none	274	86a5ec68	512	224	0	274
300	3	18052778792330	none	275	86a5ec68	512	224	0	275
301	4	18052796194600	none	276	86a5ec68	512	224	0	276
302	5	18052809405500	none	277	770c8a53	512	224	0	277
303	6	18052826595260	none	278	7e03a289	512	224	0	278
304	7	18052843768850	none	279	8fb19978	512	224	0	279
305	0	18052861105490	none	280	3526027c	512	224	0	280
306	1	18052878337180	none	281	3526027c	512	224	0	281
307	2	18052895563240	none	282	4ce730b2	512	224	0	282
308	3	18052912743330	none	283	8108dc19	512	224	0	283
309	4	18052925886290	none	284	5c9dc63b	512	224	0	284
310	5	18052943098990	none	285	14b73595	512	224	0	285
311	6	18052960442110	none	286	1443f6cc	512	224	0	286
312	7	18052977641210	none	287	a2addc34	512	224	0	287
313	0	18052994817600	none	288	aa962180	512	224	0	288
314	1	18053012052310	none	289	aa962180	512	224	0	289
315	2	18053029286610	none	290	e10dcbe9	512	224	0	290
316	3	18053042455830	none	291	ac004db3	512	224	0	291
317	4	18053059741570	none	292	b746552d	512	224	0	292
318	5	18053076955930	none	293	b746552d	512	224	0	293
319	6	18053094192320	none	294	b746552d	512	224	0	294
320	7	18053111457010	none	295	b746552d	512	224	0	295
321	0	18053128652490	none	296	b746552d	512	224	0	296
322	1	18053141804060	none	297	8f1911bc	512	224	0	297
323	2	18053159048640	none	298	65ff7049	512	224	0	298
324	3	18053176268080	none	299	0df852d2	512	224	0	299
325	4	18053193502950	none	300	dbc4ef0c	512	224	0	300
326	5	18053210693040	none	301	7bf7161d	512	224	0	301
327	6	18053227878640	none	302	7bf7161d	512	224	0	302
328	7	18053245119780	none	303	7bf7161d	512	224	0	303
329	0	18053258297380	none	304	736249dd	512	224	0	304
330	1	18053275518410	none	305	49d9b178	512	224	0	305
331	2	18053292701020	none	306	23c229dc	512	224	0	306
332	3	18053309967460	none	307	56c810ad	512	224	0	307
333	4	18053327201800	none	308	5f6e5ac8	512	224	0	308
334	5	18053344454790	none	309	bd85f04c	512	224	0	309
335	6	18053361656960	none	310	1112fd9e	512	224	0	310
336	7	18053374821030	none	311	4f64d005	512	224	0	311
337	0	18053392065020	none	312	b57efbaa	512	224	0	312
338	1	18053409419350	none	313	b57efbaa	512	224	0	313
339	2	18053426628020	none	314	d16af186	512	224	0	314
340	3	18053443825950	none	315	d16af186	512	224	0	315
341	4	18053461066420	none	316	d16af186	512	224	0	316
342	5	18053478280500	none	317	d16af186	512	224	0	317
343	6	18053491495600	none	318	d16af186	512	224	0	318
344	7	18053509445820	none	319	d16af186	512	224	0	319
345	0	18053527031320	none	320	d16af186	512	224	0	320
346	1	18053544252150	none	321	d16af186	512	224	0	321
347	2	18053561489040	none	322	d16af186	512	224	0	322
348	3	18053574696030	none	323	d16af186	512	224	0	323
349	4	18053592026250	none	324	d16af186	512	224	0	324
350	5	18053609448600	none	325	d16af186	512	224	0	325
351	6	18053626659760	none	326	d19e32df	512	224	0	326
352	7	18053643857790	none	327	d19e32df	512	224	0	327
353	0	18053661077720	none	328	e38927f6	512	224	0	328
354	1	18053674414780	none	329	e38927f6	512	224	0	329
355	2	18053691736580	none	330	b57efbaa	512	224	0	330
356	3	18053709062880	none	331	b57efbaa	512	224	0	331
357	4	18053726287730	none	332	d16af186	512	224	0	332
358	5	18053743518220	none	333	d16af186	512	224	0	333
359	6	18053760699040	none	334	d16af186	512	224	0	334
360	7	18053777917740	none	335	d16af186	512	224	0	335
361	0	18053791109620	none	336	d16af186	512	224	0	336
362	1	18053808533760	none	337	d16af186	512	224	0	337
363	2	18053825718180	none	338	d16af186	512	224	0	338
364	3	18053842937490	none	339	d16af186	512	224	0	339
365	4	18053860163360	none	340	d16af186	512	224	0	340
366	5	18053877387100	none	341	d16af186	512	224	0	341
367	6	18053894584550	none	342	d16af186	512	224	0	342
368	7	18053907729410	none	343	d16af186	512	224	0	343
369	0	18053925032320	none	344	d16af186	512	224	0	344
370	1	18053942306480	none	345	d16af186	512	224	0	345
371	2	18053959555900	none	346	d16af186	512	224	0	346
372	3	18053976758190	none	347	d16af186	512	224	0	347
373	4	18053994121540	none	348	d16af186	512	224	0	348
374	5	18054007293520	none	349	d16af186	512	224	0	349
375	6	18054024505600	none	350	d16af186	512	224	0	350
376	7	18054041891140	none	351	d16af186	512	224	0	351
377	0	18054059138530	none	352	d16af186	512	224	0	352
378	1	18054076378170	none	353	d16af186	512	224	0	353
379	2	18054093601140	none	354	d16af186	512	224	0	354
380	3	18054110902080	none	355	d16af186	512	224	0	355
381	4	18054124090800	none	356	d16af186	512	224	0	356
382	5	18054141379440	none	357	d16af186	512	224	0	357
383	6	18054158602710	none	358	d16af186	512	224	0	358
384	7	18054175797120	none	359	d16af186	512	224	0	359
385	0	18054193111680	none	360	d16af186	512	224	0	360
386	1	18054210383950	none	361	d16af186	512	224	0	361
387	2	18054223652890	none	362	d16af186	512	224	0	362
388	3	18054240889300	none	363	d16af186	512	224	0	363
389	4	18054258160760	none	364	d16af186	512	224	0	364
390	5	18054275435500	none	365	d19e32df	512	224	0	365
391	6	18054292634780	none	366	e38927f6	512	224	0	366
392	7	18054309841160	none	367	e38927f6	512	224	0	367
393	0	18054327197310	none	368	b57efbaa	512	224	0	368
394	1	18054340394000	none	369	b57efbaa	512	224	0	369
395	2	18054357682230	none	370	d16af186	512	224	0	370
396	3	18054375039990	none	371	d16af186	512	224	0	371
397	4	18054392298550	none	372	d16af186	512	224	0	372
398	5	18054409517490	none	373	d16af186	512	224	0	373
399	6	18054426702050	none	374	d16af186	512	224	0	374
400	7	18054439873140	none	375	d16af186	512	224	0	375
401	0	18054457264670	none	376	d16af186	512	224	0	376
402	1	18054474488090	none	377	d16af186	512	224	0	377
403	2	18054491818210	none	378	d16af186	512	224	0	378
404	3	18054509083870	none	379	d16af186	512	224	0	379
405	4	18054526297100	none	380	d16af186	512	224	0	380
406	5	18054539488710	none	381	d16af186	512	224	0	381
407	6	18054556785070	none	382	d16af186	512	224	0	382
408	7	18054573993040	none	383	d16af186	512	224	0	383
409	0	18054591267100	none	384	d16af186	512	224	0	384
410	1	18054608523100	none	385	d16af186	512	224	0	385
411	2	18054625724390	none	386	d16af186	512	224	0	386
412	3	18054642949860	none	387	d16af186	512	224	0	387
413	4	18054656137170	none	388	d16af186	512	224	0	388
414	5	18054673380340	none	389	d16af186	512	224	0	389
415	6	18054690592270	none	390	d16af186	512	224	0	390
416	7	18054707821140	none	391	d16af186	512	224	0	391
417	0	18054725101850	none	392	d19e32df	512	224	0	392
418	1	18054742362520	none	393	d19e32df	512	224	0	393
419	2	18054759588790	none	394	e38927f6	512	224	0	394
420	3	18054772817330	none	395	e38927f6	512	224	0	395
421	4	18054790036940	none	396	b57efbaa	512	224	0	396
422	5	18054807263680	none	397	b57efbaa	512	224	0	397
423	6	18054824487460	none	398	d16af186	512	224	0	398
424	7	18054841738650	none	399	d16af186	512	224	0	399
425	0	18054858947370	none	400	d16af186	512	224	0	400
426	1	18054876298640	none	401	d16af186	512	224	0	401
427	2	18054889537320	none	402	d16af186	512	224	0	402
428	3	18054906851820	none	403	d16af186	512	224	0	403
429	4	18054924089100	none	404	d16af186	512	224	0	404
430	5	18054941373460	none	405	d16af186	512	224	0	405
431	6	18054958631520	none	406	d16af186	512	224	0	406
432	7	18054975836080	none	407	d16af186	512	224	0	407
433	0	18054989036490	none	408	d16af186	512	224	0	408
434	1	18055006248510	none	409	d16af186	512	224	0	409
435	2	18055023477100	none	410	d16af186	512	224	0	410
436	3	18055040693970	none	411	d16af186	512	224	0	411
437	4	18055057929020	none	412	d16af186	512	224	0	412
438	5	18055075339600	none	413	d16af186	512	224	0	413
439	6	18055092591300	none	414	d16af186	512	224	0	414
440	7	18055105815480	none	415	d16af186	512	224	0	415
441	0	18055123026670	none	416	d16af186	512	224	0	416
442	1	18055140238980	none	417	d16af186	512	224	0	417
443	2	18055157478640	none	418	d19e32df	512	224	0	418
444	3	18055174781170	none	419	d19e32df	512	224	0	419
445	4	18055192085080	none	420	e38927f6	512	224	0	420
446	5	18055205268980	none	421	e38927f6	512	224	0	421
447	6	18055222499670	none	422	b57efbaa	512	224	0	422
448	7	18055239685380	none	423	b57efbaa	512	224	0	423
449	0	18055256994220	none	424	d16af186	512	224	0	424
450	1	18055274221740	none	425	d16af186	512	224	0	425
451	2	18055291520270	none	426	d16af186	512	224	0	426
452	3	18055308739010	none	427	d16af186	512	224	0	427
453	4	18055321983460	none	428	d16af186	512	224	0	428
454	5	18055339195970	none	429	d16af186	512	224	0	429
455	6	18055356441960	none	430	d16af186	512	224	0	430
456	7	18055373635490	none	431	d16af186	512	224	0	431
457	0	18055390820890	none	432	d16af186	512	224	0	432
458	1	18055408099500	none	433	d16af186	512	224	0	433
459	2	18055421441260	none	434	d16af186	512	224	0	434
460	3	18055438682330	none	435	d16af186	512	224	0	435
461	4	18055455977240	none	436	d16af186	512	224	0	436
462	5	18055473217870	none	437	d16af186	512	224	0	437
463	6	18055490421860	none	438	d16af186	512	224	0	438
464	7	18055507620850	none	439	d16af186	512	224	0	439
465	0	18055525028140	none	440	d16af186	512	224	0	440
466	1	18055538223910	none	441	d16af186	512	224	0	441
467	2	18055555453810	none	442	d16af186	512	224	0	442
468	3	18055572643580	none	443	d16af186	512	224	0	443
469	4	18055589865800	none	444	d16af186	512	224	0	444
470	5	18055607086700	none	445	d16af186	512	224	0	445
471	6	18055624441370	none	446	d16af186	512	224	0	446
472	7	18055641699450	none	447	d16af186	512	224	0	447
473	0	18055654888870	none	448	d16af186	512	224	0	448
474	1	18055672127170	none	449	d16af186	512	224	0	449
475	2	18055689349980	none	450	d16af186	512	224	0	450
476	3	18055706645210	none	451	d16af186	512	224	0	451
477	4	18055723820640	none	452	d16af186	512	224	0	452
478	5	18055741041140	none	453	d16af186	512	224	0	453
479	6	18055754282420	none	454	d16af186	512	224	0	454
480	7	18055771487830	none	455	d16af186	512	224	0	455
481	0	18055788670650	none	456	d16af186	512	224	0	456
482	1	18055805971280	none	457	d16af186	512	224	0	457
483	2	18055823189990	none	458	d16af186	512	224	0	458
484	3	18055840404560	none	459	d16af186	512	224	0	459
485	4	18055857643680	none	460	d16af186	512	224	0	460
486	5	18055870997760	none	461	d16af186	512	224	0	461
487	6	18055888201180	none	462	d16af186	512	224	0	462
488	7	18055905447250	none	463	d16af186	512	224	0	463
489	0	18055922631140	none	464	d16af186	512	224	0	464
490	1	18055939805870	none	465	d16af186	512	224	0	465
491	2	18055957035220	none	466	d16af186	512	224	0	466
492	3	18055974285280	none	467	d16af186	512	224	0	467
493	4	18055987590600	none	468	d16af186	512	224	0	468
494	5	18056004791680	none	469	d16af186	512	224	0	469
495	6	18056022009230	none	470	d16af186	512	224	0	470
496	7	18056039246510	none	471	d19e32df	512	224	0	471
497	0	18056056472440	none	472	e38927f6	512	224	0	472
498	1	18056073770680	none	473	e38927f6	512	224	0	473
499	2	18056087011340	none	474	b57efbaa	512	224	0	474
500	3	18056104229460	none	475	b57efbaa	512	224	0	475
501	4	18056121449400	none	476	d16af186	512	224	0	476
502	5	18056138654310	none	477	d16af186	512	224	0	477
503	6	18056155842760	none	478	d16af186	512	224	0	478
504	7	18056173185620	none	479	d16af186	512	224	0	479
505	0	18056190442750	none	480	d16af186	512	224	0	480
506	1	18056203595750	none	481	d16af186	512	224	0	481
507	2	18056220777870	none	482	d16af186	512	224	0	482
508	3	18056238007680	none	483	d16af186	512	224	0	483
509	4	18056255227520	none	484	d16af186	512	224	0	484
510	5	18056272454390	none	485	d16af186	512	224	0	485
511	6	18056289631610	none	486	d16af186	512	224	0	486
512	7	18056306880860	none	487	d16af186	512	224	0	487
513	0	18056320078790	none	488	d16af186	512	224	0	488
514	1	18056337276170	none	489	d16af186	512	224	0	489
515	2	18056354486740	none	490	d16af186	512	224	0	490
516	3	18056371671570	none	491	d16af186	512	224	0	491
517	4	18056388854930	none	492	d16af186	512	224	0	492
518	5	18056406105150	none	493	d16af186	512	224	0	493
519	6	18056423326270	none	494	d16af186	512	224	0	494
520	7	18056436481790	none	495	d16af186	512	224	0	495
521	0	18056453650620	none	496	d16af186	512	224	0	496
522	1	18056470813980	none	497	d19e32df	512	224	0	497
523	2	18056488099950	none	498	e38927f6	512	224	0	498
524	3	18056505345620	none	499	e38927f6	512	224	0	499
525	4	18056522778300	none	500	b57efbaa	512	224	0	500
526	5	18056540000180	none	501	b57efbaa	512	224	0	501
527	6	18056553177250	none	502	d16af186	512	224	0	502
528	7	18056570398520	none	503	d16af186	512	224	0	503
529	0	18056587588660	none	504	d16af186	512	224	0	504
530	1	18056604766000	none	505	d16af186	512	224	0	505
531	2	18056622132680	none	506	d16af186	512	224	0	506
532	3	18056639385990	none	507	d16af186	512	224	0	507
533	4	18056656575510	none	508	d16af186	512	224	0	508
534	5	18056669752610	none	509	d16af186	512	224	0	509
535	6	18056686950510	none	510	d16af186	512	224	0	510
536	7	18056704182350	none	511	d16af186	512	224	0	511
537	0	18056721404040	none	512	d16af186	512	224	0	512
538	1	18056738618410	none	513	d16af186	512	224	0	513
539	2	18056755883500	none	514	d16af186	512	224	0	514
540	3	18056773137910	none	515	d16af186	512	224	0	515
541	4	18056786334360	none	516	d16af186	512	224	0	516
542	5	18056803538210	none	517	d16af186	512	224	0	517
543	6	18056820713700	none	518	d16af186	512	224	0	518
544	7	18056838044330	none	519	d19e32df	512	224	0	519
545	0	18056855255540	none	520	e38927f6	512	224	0	520
546	1	18056872483530	none	521	e38927f6	512	224	0	521
547	2	18056885634220	none	522	b57efbaa	512	224	0	522
548	3	18056902825170	none	523	b57efbaa	512	224	0	523
549	4	18056920039270	none	524	d16af186	512	224	0	524
550	5	18056937256040	none	525	d16af186	512	224	0	525
551	6	18056954498130	none	526	d16af186	512	224	0	526
552	7	18056971778880	none	527	d16af186	512	224	0	527
553	0	18056989016290	none	528	d16af186	512	224	0	528
554	1	18057002196170	none	529	d16af186	512	224	0	529
555	2	18057019431060	none	530	d16af186	512	224	0	530
556	3	18057036641370	none	531	d16af186	512	224	0	531
557	4	18057053872490	none	532	d16af186	512	224	0	532
558	5	18057071236210	none	533	d16af186	512	224	0	533
559	6	18057088474750	none	534	d16af186	512	224	0	534
560	7	18057105695590	none	535	d16af186	512	224	0	535
561	0	18057118959660	none	536	d16af186	512	224	0	536
562	1	18057136189880	none	537	d19e32df	512	224	0	537
563	2	18057153427460	none	538	e38927f6	512	224	0	538
564	3	18057170613370	none	539	e38927f6	512	224	0	539
565	4	18057187792270	none	540	b57efbaa	512	224	0	540
566	5	18057205022770	none	541	b57efbaa	512	224	0	541
567	6	18057222318590	none	542	d16af186	512	224	0	542
568	7	18057235483050	none	543	d16af186	512	224	0	543
569	0	18057252709440	none	544	d16af186	512	224	0	544
570	1	18057269907320	none	545	d16af186	512	224	0	545
571	2	18057287160160	none	546	de2dd558	512	224	0	546
572	3	18057304464650	none	547	de2dd558	512	224	0	547
573	4	18057321762580	none	548	db6b619e	512	224	0	548
574	5	18057334953160	none	549	db6b619e	512	224	0	549
575	6	18057352156850	none	550	1cc5e11b	512	224	0	550
576	7	18057369363220	none	551	1cc5e11b	512	224	0	551
577	0	18057386562020	none	552	3ca6458e	512	224	0	552
578	1	18057403879990	none	553	3ca6458e	512	224	0	553
579	2	18057421121130	none	554	58c87efc	512	224	0	554
580	3	18057438349970	none	555	58c87efc	512	224	0	555
581	4	18057451498420	none	556	21795484	512	224	0	556
582	5	18057468678550	none	557	21795484	512	224	0	557
583	6	18057485882200	none	558	881db6b5	512	224	0	558
584	7	18057503108540	none	559	881db6b5	512	224	0	559
585	0	18057520514230	none	560	2b9363b8	512	224	0	560
586	1	18057537686010	none	561	2b9363b8	512	224	0	561
587	2	18057554882310	none	562	3e6c0f7c	512	224	0	562
588	3	18057568108420	none	563	3e6c0f7c	512	224	0	563
589	4	18057585329350	none	564	b27d1bf2	512	224	0	564
590	5	18057602500200	none	565	b27d1bf2	512	224	0	565
591	6	18057619683940	none	566	1b2008b2	512	224	0	566
592	7	18057636900580	none	567	1b2008b2	512	224	0	567
593	0	18057654128800	none	568	2c9ef3c4	512	224	0	568
594	1	18057671356580	none	569	2c9ef3c4	512	224	0	569
595	2	18057684506360	none	570	562347cb	512	224	0	570
596	3	18057701692950	none	571	562347cb	512	224	0	571
597	4	18057718957040	none	572	493fe6b8	512	224	0	572
598	5	18057736164370	none	573	493fe6b8	512	224	0	573
599	6	18057753417110	none	574	6751e814	512	224	0	574
600	7	18057770700110	none	575	6751e814	512	224	0	575
601	0	18057787911290	none	576	85a313ab	512	224	0	576
602	1	18057801086650	none	577	85a313ab	512	224	0	577
603	2	18057818308320	none	578	dbd64381	512	224	0	578
604	3	18057835520580	none	579	dbd64381	512	224	0	579
605	4	18057852702870	none	580	b73b90ac	512	224	0	580
606	5	18057869991480	none	581	b73b90ac	512	224	0	581
607	6	18057887208550	none	582	2508c2f4	512	224	0	582
608	7	18057904427650	none	583	2508c2f4	512	224	0	583
609	0	18057917581620	none	584	3bd06ee4	512	224	0	584
610	1	18057934767490	none	585	3bd06ee4	512	224	0	585
611	2	18057951978320	none	586	f6c85323	512	224	0	586
612	3	18057969321330	none	587	f6c85323	512	224	0	587
613	4	18057986537270	none	588	90b7c008	512	224	0	588
614	5	18058003716740	none	589	90430351	512	224	0	589
615	6	18058021041280	none	590	445e4209	512	224	0	590
616	7	18058034220040	none	591	445e4209	512	224	0	591
617	0	18058051492460	none	592	46e0cb7e	512	224	0	592
618	1	18058068675390	none	593	46e0cb7e	512	224	0	593
619	2	18058085879220	none	594	484cb9ad	512	224	0	594
620	3	18058103223730	none	595	484cb9ad	512	224	0	595
621	4	18058120582530	none	596	89cd6255	512	224	0	596
622	5	18058133718520	none	597	89cd6255	512	224	0	597
623	6	18058150990310	none	598	9be4cc3a	512	224	0	598
624	7	18058168212630	none	599	9be4cc3a	512	224	0	599
625	0	18058185440800	none	600	4aca48a9	512	224	0	600
626	1	18058202624180	none	601	4aca48a9	512	224	0	601
627	2	18058219907270	none	602	5d5996ec	512	224	0	602
628	3	18058237169870	none	603	5dad55b5	512	224	0	603
629	4	18058250332680	none	604	b9174d2d	512	224	0	604
630	5	18058267519970	none	605	b9174d2d	512	224	0	605
631	6	18058284702410	none	606	b6050d0e	512	224	0	606
632	7	18058301918420	none	607	b6050d0e	512	224	0	607
633	0	18058319140620	none	608	330afb9b	512	224	0	608
634	1	18058336365430	none	609	330afb9b	512	224	0	609
635	2	18058353579980	none	610	186e1662	512	224	0	610
636	3	18058366743380	none	611	186e1662	512	224	0	611
637	4	18058384101620	none	612	8edbe469	512	224	0	612
638	5	18058401360490	none	613	8edbe469	512	224	0	613
639	6	18058418670570	none	614	8266edfa	512	224	0	614
640	7	18058435945880	none	615	8266edfa	512	224	0	615
641	0	18058453161480	none	616	750a4a20	512	224	0	616
642	1	18058466374260	none	617	750a4a20	512	224	0	617
643	2	18058483593280	none	618	24b26337	512	224	0	618
644	3	18058500768360	none	619	24b26337	512	224	0	619
645	4	18058518134950	none	620	90532123	512	224	0	620
646	5	18058535538060	none	621	90532123	512	224	0	621
647	6	18058553148810	none	622	942dafdf	512	224	0	622
648	7	18058566364100	none	623	942dafdf	512	224	0	623
649	0	18058583572720	none	624	a6d110a4	512	224	0	624
650	1	18058600751090	none	625	a6d110a4	512	224	0	625
651	2	18058618172040	none	626	fd49ae68	512	224	0	626
652	3	18058635427600	none	627	fd49ae68	512	224	0	627
653	4	18058652620110	none	628	d15e180e	512	224	0	628
654	5	18058669826880	none	629	d1aadb57	512	224	0	629
655	6	18058683024950	none	630	dcab7c27	512	224	0	630
656	7	18058700266630	none	631	dcab7c27	512	224	0	631
657	0	18058717572960	none	632	beda2a89	512	224	0	632
658	1	18058734760420	none	633	beda2a89	512	224	0	633
659	2	18058751970560	none	634	e4f61201	512	224	0	634
660	3	18058769192930	none	635	e4f61201	512	224	0	635
661	4	18058786439300	none	636	323f61db	512	224	0	636
662	5	18058799597480	none	637	323f61db	512	224	0	637
663	6	18058816765610	none	638	885064f9	512	224	0	638
664	7	18058834019770	none	639	885064f9	512	224	0	639
665	0	18058851263260	none	640	8340d3b3	512	224	0	640
666	1	18058868466400	none	641	8340d3b3	512	224	0	641
667	2	18058885659530	none	642	d3276b5d	512	224	0	642
668	3	18058902963290	none	643	d3276b5d	512	224	0	643
669	4	18058916186640	none	644	75f9dc81	512	224	0	644
670	5	18058933407530	none	645	75f9dc81	512	224	0	645
671	6	18058950601830	none	646	9dcd83b1	512	224	0	646
672	7	18058967882400	none	647	9dcd83b1	512	224	0	647
673	0	18058985122410	none	648	a7284b98	512	224	0	648
674	1	18059002339900	none	649	a7284b98	512	224	0	649
675	2	18059015494450	none	650	af9d933f	512	224	0	650
676	3	18059032668450	none	651	af9d933f	512	224	0	651
677	4	18059049873530	none	652	efeab9a4	512	224	0	652
678	5	18059067219090	none	653	efeab9a4	512	224	0	653
679	6	18059084449510	none	654	7723fb47	512	224	0	654
680	7	18059101680020	none	655	7723fb47	512	224	0	655
681	0	18059118989790	none	656	43b3dc6b	512	224	0	656
682	1	18059132174980	none	657	43b3dc6b	512	224	0	657
683	2	18059149408340	none	658	e195db32	512	224	0	658
684	3	18059166698190	none	659	e195db32	512	224	0	659
685	4	18059183949710	none	660	578597ea	512	224	0	660
686	5	18059201172270	none	661	578597ea	512	224	0	661
687	6	18059218415290	none	662	5ac41540	512	224	0	662
688	7	18059235599330	none	663	5ac41540	512	224	0	663
689	0	18059248746830	none	664	062b2767	512	224	0	664
690	1	18059266111750	none	665	062b2767	512	224	0	665
691	2	18059283338650	none	666	e2c3ccce	512	224	0	666
692	3	18059300529770	none	667	e2c3ccce	512	224	0	667
693	4	18059317721620	none	668	43afb4d6	512	224	0	668
694	5	18059334952230	none	669	43afb4d6	512	224	0	669
695	6	18059352165410	none	670	4c843069	512	224	0	670
696	7	18059365371930	none	671	4c843069	512	224	0	671
697	0	18059382562400	none	672	add249c0	512	224	0	672
698	1	18059399871330	none	673	add249c0	512	224	0	673
699	2	18059417111510	none	674	a9bffae2	512	224	0	674
700	3	18059434356500	none	675	a9bffae2	512	224	0	675
701	4	18059451570780	none	676	aa94df22	512	224	0	676
702	5	18059464757800	none	677	aa94df22	512	224	0	677
703	6	18059482345370	none	678	f681e9e8	512	224	0	678
704	7	18059499977660	none	679	f681e9e8	512	224	0	679
705	0	18059517429680	none	680	619ce5f5	512	224	0	680
706	1	18059535009770	none	681	619ce5f5	512	224	0	681
707	2	18059548613030	none	682	7c1a3e39	512	224	0	682
708	3	18059566292870	none	683	7c1a3e39	512	224	0	683
709	4	18059583610780	none	684	8f826f4c	512	224	0	684
710	5	18059600895640	none	685	8f826f4c	512	224	0	685
711	6	18059618151060	none	686	a8578be2	512	224	0	686
712	7	18059631512930	none	687	a8578be2	512	224	0	687
713	0	18059648740050	none	688	5f1ed8aa	512	224	0	688
714	1	18059666139450	none	689	5f1ed8aa	512	224	0	689
715	2	18059683427320	none	690	f9df8fbc	512	224	0	690
716	3	18059700769970	none	691	f9df8fbc	512	224	0	691
717	4	18059714366350	none	692	d8bccb44	512	224	0	692
718	5	18059732167530	none	693	d8bccb44	512	224	0	693
719	6	18059749594120	none	694	08dc92ae	512	224	0	694
720	7	18059767083570	none	695	08dc92ae	512	224	0	695
721	0	18059784695630	none	696	fdce92d4	512	224	0	696
722	1	18059797971790	none	697	fdce92d4	512	224	0	697
723	2	18059815529300	none	698	17ef7362	512	224	0	698
724	3	18059832720220	none	699	17ef7362	512	224	0	699
725	4	18059849964320	none	700	3c90295f	512	224	0	700
726	5	18059867179030	none	701	3c90295f	512	224	0	701
727	6	18059884427190	none	702	90b60a3a	512	224	0	702
728	7	18059897598910	none	703	90b60a3a	512	224	0	703
729	0	18059914811720	none	704	26974f26	512	224	0	704
730	1	18059932037920	none	705	26974f26	512	224	0	705
731	2	18059949274620	none	706	948b301e	512	224	0	706
732	3	18059966506570	none	707	948b301e	512	224	0	707
733	4	18059983716410	none	708	b1495229	512	224	0	708
734	5	18060001078770	none	709	b1495229	512	224	0	709
735	6	18060014267600	none	710	5040b780	512	224	0	710
736	7	18060031454560	none	711	5040b780	512	224	0	711
737	0	18060048651690	none	712	c274832a	512	224	0	712
738	1	18060065971720	none	713	c274832a	512	224	0	713
739	2	18060083176200	none	714	90230ecc	512	224	0	714
740	3	18060100418270	none	715	90230ecc	512	224	0	715
741	4	18060117603320	none	716	3b23f1d5	512	224	0	716
742	5	18060130860990	none	717	3b23f1d5	512	224	0	717
743	6	18060148087760	none	718	ef0267dc	512	224	0	718
744	7	18060165318230	none	719	ef0267dc	512	224	0	719
745	0	18060182526020	none	720	cf669d98	512	224	0	720
746	1	18060199771670	none	721	cf669d98	512	224	0	721
747	2	18060216987870	none	722	370f3ada	512	224	0	722
748	3	18060230292900	none	723	370f3ada	512	224	0	723
749	4	18060247530020	none	724	e65691e0	512	224	0	724
750	5	18060264841880	none	725	e65691e0	512	224	0	725
751	6	18060282069440	none	726	e782bb7f	512	224	0	726
752	7	18060299316550	none	727	e782bb7f	512	224	0	727
753	0	18060316508460	none	728	417a40ba	512	224	0	728
754	1	18060333719420	none	729	417a40ba	512	224	0	729
755	2	18060346895900	none	730	4cde9f98	512	224	0	730
756	3	18060364265790	none	731	4cde9f98	512	224	0	731
757	4	18060381475360	none	732	534b9a34	512	224	0	732
758	5	18060398733500	none	733	534b9a34	512	224	0	733
759	6	18060415999220	none	734	34d9b4c0	512	224	0	734
760	7	18060433226810	none	735	34d9b4c0	512	224	0	735
761	0	18060450442560	none	736	176e1a86	512	224	0	736
762	1	18060463590890	none	737	176e1a86	512	224	0	737
763	2	18060480773200	none	738	af945883	512	224	0	738
764	3	18060498041760	none	739	af945883	512	224	0	739
765	4	18060515315610	none	740	9f4730ae	512	224	0	740
766	5	18060532513570	none	741	9f4730ae	512	224	0	741
767	6	18060549707170	none	742	0c890458	512	224	0	742
768	7	18060566934450	none	743	0c890458	512	224	0	743
769	0	18060580116840	none	744	827f2088	512	224	0	744
770	1	18060597397760	none	745	827f2088	512	224	0	745
771	2	18060614576550	none	746	6d92d054	512	224	0	746
772	3	18060631755500	none	747	6d92d054	512	224	0	747
773	4	18060649086700	none	748	85ff44d5	512	224	0	748
774	5	18060666307030	none	749	85ff44d5	512	224	0	749
775	6	18060679566120	none	750	092a1d9d	512	224	0	750
776	7	18060696750510	none	751	092a1d9d	512	224	0	751
777	0	18060714053500	none	752	b7ca3f4a	512	224	0	752
778	1	18060731321600	none	753	b7ca3f4a	512	224	0	753
779	2	18060748525130	none	754	39912633	512	224	0	754
780	3	18060765758850	none	755	39912633	512	224	0	755
781	4	18060783172600	none	756	d2eb5353	512	224	0	756
782	5	18060796391480	none	757	d2eb5353	512	224	0	757
783	6	18060813679230	none	758	3fde07ed	512	224	0	758
784	7	18060830942870	none	759	3fde07ed	512	224	0	759
785	0	18060848218180	none	760	a189ea86	512	224	0	760
786	1	18060865420930	none	761	a189ea86	512	224	0	761
787	2	18060882628170	none	762	40170fec	512	224	0	762
788	3	18060895875220	none	763	40170fec	512	224	0	763
789	4	18060913254820	none	764	e06d1afa	512	224	0	764
790	5	18060930444260	none	765	e06d1afa	512	224	0	765
791	6	18060947681470	none	766	ea3b3c45	512	224	0	766
792	7	18060965050360	none	767	ea3b3c45	512	224	0	767
793	0	18060982265740	none	768	d4fad20e	512	224	0	768
794	1	18060999536560	none	769	d4fad20e	512	224	0	769
795	2	18061012683370	none	770	8a16afc7	512	224	0	770
796	3	18061029953670	none	771	8a16afc7	512	224	0	771
797	4	18061047274240	none	772	c0929aa9	512	224	0	772
798	5	18061064473600	none	773	c0929aa9	512	224	0	773
799	6	18061081656670	none	774	bd879b12	512	224	0	774
800	7	18061098877810	none	775	bd879b12	512	224	0	775
801	0	18061112053430	none	776	1f17d418	512	224	0	776
802	1	18061129277820	none	777	1f17d418	512	224	0	777
803	2	18061146467070	none	778	01bd53b2	512	224	0	778
804	3	18061163687720	none	779	01bd53b2	512	224	0	779
805	4	18061180917490	none	780	347c6c18	512	224	0	780
806	5	18061198148410	none	781	347c6c18	512	224	0	781
807	6	18061215378160	none	782	a2010a1e	512	224	0	782
808	7	18061228638830	none	783	a2010a1e	512	224	0	783
809	0	18061245878600	none	784	adefd73a	512	224	0	784
810	1	18061263096010	none	785	adefd73a	512	224	0	785
811	2	18061280323580	none	786	e83e37b8	512	224	0	786
812	3	18061297664790	none	787	e8caf4e1	512	224	0	787
813	4	18061314888040	none	788	e66e6b76	512	224	0	788
814	5	18061332256000	none	789	e66e6b76	512	224	0	789
815	6	18061345421020	none	790	b32fd0d5	512	224	0	790
816	7	18061362720290	none	791	b32fd0d5	512	224	0	791
817	0	18061379961220	none	792	f417d71d	512	224	0	792
818	1	18061397179750	none	793	f417d71d	512	224	0	793
819	2	18061414416390	none	794	3ca5f0d7	512	224	0	794
820	3	18061431595620	none	795	3ca5f0d7	512	224	0	795
821	4	18061444886340	none	796	2f39e2b9	512	224	0	796
822	5	18061462119770	none	797	2f39e2b9	512	224	0	797
823	6	18061479354850	none	798	5c745bb0	512	224	0	798
824	7	18061496546870	none	799	5c745bb0	512	224	0	799
825	0	18061513720930	none	800	344088a7	512	224	0	800
826	1	18061530943150	none	801	344088a7	512	224	0	801
827	2	18061548218290	none	802	82334eac	512	224	0	802
828	3	18061561381710	none	803	82334eac	512	224	0	803
829	4	18061578580940	none	804	9053d70a	512	224	0	804
830	5	18061595816630	none	805	9053d70a	512	224	0	805
831	6	18061613046750	none	806	24946563	512	224	0	806
832	7	18061630283580	none	807	24946563	512	224	0	807
833	0	18061647474670	none	808	169bf2ca	512	224	0	808
834	1	18061664666510	none	809	169bf2ca	512	224	0	809
835	2	18061677931270	none	810	cc6805ba	512	224	0	810
836	3	18061695142600	none	811	cc6805ba	512	224	0	811
837	4	18061712399850	none	812	8a585288	512	224	0	812
838	5	18061729589070	none	813	8aac91d1	512	224	0	813
839	6	18061746804860	none	814	79d69ed0	512	224	0	814
840	7	18061764037010	none	815	79d69ed0	512	224	0	815
841	0	18061781385260	none	816	ca3add20	512	224	0	816
842	1	18061794558550	none	817	ca3add20	512	224	0	817
843	2	18061811864210	none	818	12103837	512	224	0	818
844	3	18061829239570	none	819	37e92d5a	512	224	0	819
845	4	18061846467070	none	820	a714ae43	512	224	0	820
846	5	18061863695880	none	821	a714ae43	512	224	0	821
847	6	18061880911630	none	822	eed8928a	512	224	0	822
848	7	18061894147640	none	823	f095e4c8	512	224	0	823
849	0	18061911379790	none	824	e1e76a7e	512	224	0	824
850	1	18061928546790	none	825	a227e2e9	512	224	0	825
851	2	18061945736160	none	826	48d622f7	512	224	0	826
852	3	18061962969460	none	827	4328cb9c	512	224	0	827
853	4	18061980339000	none	828	932beab3	512	224	0	828
854	5	18061997523970	none	829	a5624a79	512	224	0	829
855	6	18062010674190	none	830	338e71fe	512	224	0	830
856	7	18062027950280	none	831	338e71fe	512	224	0	831
857	0	18062045147230	none	832	4f68eb60	512	224	0	832
858	1	18062062399120	none	833	4f68eb60	512	224	0	833
859	2	18062079603020	none	834	bab0e6d5	512	224	0	834
860	3	18062096806140	none	835	bab0e6d5	512	224	0	835
861	4	18062114057590	none	836	086ead4f	512	224	0	836
862	5	18062127268850	none	837	086ead4f	512	224	0	837
863	6	18062144466390	none	838	0370139a	512	224	0	838
864	7	18062161654700	none	839	0370139a	512	224	0	839
865	0	18062178879960	none	840	fd19d1b7	512	224	0	840
866	1	18062196103450	none	841	f112d143	512	224	0	841
867	2	18062213324490	none	842	96a0680b	512	224	0	842
868	3	18062230623510	none	843	1b6ac43a	512	224	0	843
869	4	18062243907050	none	844	5e032690	512	224	0	844
870	5	18062261139240	none	845	577f8619	512	224	0	845
871	6	18062278371930	none	846	fba13a97	512	224	0	846
872	7	18062295560220	none	847	454c328e	512	224	0	847
873	0	18062312759170	none	848	6607a23a	512	224	0	848
874	1	18062330161730	none	849	78b871f0	512	224	0	849
875	2	18062343338300	none	850	dd6ee51f	512	224	0	850
876	3	18062360767930	none	851	dd6ee51f	512	224	0	851
877	4	18062378133020	none	852	95a05afa	512	224	0	852
878	5	18062395370060	none	853	95a05afa	512	224	0	853
879	6	18062412571930	none	854	40bb0b1c	512	224	0	854
880	7	18062429891900	none	855	40bb0b1c	512	224	0	855
881	0	18062447108460	none	856	021f9667	512	224	0	856
882	1	18062460305590	none	857	d2f19c85	512	224	0	857
883	2	18062477482360	none	858	72550841	512	224	0	858
884	3	18062494693280	none	859	0d46f72a	512	224	0	859
885	4	18062511923560	none	860	c81eecfe	512	224	0	860
886	5	18062529285120	none	861	c81eecfe	512	224	0	861
887	6	18062546479680	none	862	0bdea1c9	512	224	0	862
888	7	18062559639890	none	863	3cb83eaa	512	224	0	863
889	0	18062576940170	none	864	4d2281dd	512	224	0	864
890	1	18062594157280	none	865	c5325152	512	224	0	865
891	2	18062611379100	none	866	81269b07	512	224	0	866
892	3	18062628684950	none	867	81269b07	512	224	0	867
893	4	18062645917990	none	868	b50db245	512	224	0	868
894	5	18062663139450	none	869	1c72ba6a	512	224	0	869
895	6	18062676335870	none	870	72dee6da	512	224	0	870
896	7	18062693550820	none	871	07a85ddd	512	224	0	871
897	0	18062710788670	none	872	036a1399	512	224	0	872
898	1	18062728002780	none	873	c8abb271	512	224	0	873
899	2	18062745195300	none	874	f36b7bdc	512	224	0	874
900	3	18062762409610	none	875	f36b7bdc	512	224	0	875
901	4	18062779695010	none	876	0adf6bdd	512	224	0	876
902	5	18062792911310	none	877	fb760de6	512	224	0	877
903	6	18062810130200	none	878	ae2e8cb6	512	224	0	878
904	7	18062827409530	none	879	5f9cb747	512	224	0	879
905	0	18062844595820	none	880	9fa6e458	512	224	0	880
906	1	18062861879290	none	881	9fa6e458	512	224	0	881
907	2	18062879099960	none	882	9c5d57b4	512	224	0	882
908	3	18062896349070	none	883	51b2bb1f	512	224	0	883
909	4	18062909511070	none	884	d8636dfb	512	224	0	884
910	5	18062926691860	none	885	90499e55	512	224	0	885
911	6	18062944043270	none	886	1226ff76	512	224	0	886
912	7	18062961280150	none	887	0790cb61	512	224	0	887
913	0	18062978576780	none	888	4148b227	512	224	0	888
914	1	18062995920780	none	889	4148b227	512	224	0	889
915	2	18063009097110	none	890	16c33df1	512	224	0	890
916	3	18063026327670	none	891	5bcebbab	512	224	0	891
917	4	18063043518040	none	892	8fb3580b	512	224	0	892
918	5	18063060704940	none	893	8f479b52	512	224	0	893
919	6	18063077930270	none	894	43da26db	512	224	0	894
920	7	18063095153260	none	895	43da26db	512	224	0	895
921	0	18063112397250	none	896	8eb99177	512	224	0	896
922	1	18063125548620	none	897	b6e6d5e6	512	224	0	897
923	2	18063142728520	none	898	5cc2a22f	512	224	0	898
924	3	18063160023030	none	899	34c580b4	512	224	0	899
925	4	18063177267450	none	900	1168b9c4	512	224	0	900
926	5	18063194469930	none	901	b15b40d5	512	224	0	901
927	6	18063211664580	none	902	c2d38a86	512	224	0	902
928	7	18063228965840	none	903	c2d38a86	512	224	0	903
929	0	18063242148300	none	904	2b661008	512	224	0	904
930	1	18063259396020	none	905	77bc797e	512	224	0	905
931	2	18063276575730	none	906	2d421143	512	224	0	906
932	3	18063293771360	none	907	06e317b7	512	224	0	907
933	4	18063310999540	none	908	8732ac07	512	224	0	908
934	5	18063328237590	none	909	eb8c2017	512	224	0	909
935	6	18063345445060	none	910	35728df2	512	224	0	910
936	7	18063358597610	none	911	6b04a069	512	224	0	911
937	0	18063375797690	none	912	31e94916	512	224	0	912
938	1	18063393087540	none	913	31e94916	512	224	0	913
939	2	18063410320560	none	914	6c047f9c	512	224	0	914
940	3	18063427626240	none	915	6c047f9c	512	224	0	915
941	4	18063444942930	none	916	8b4570bb	512	224	0	916
942	5	18063458245350	none	917	8b4570bb	512	224	0	917
943	6	18063475448190	none	918	48931eb7	512	224	0	918
944	7	18063492643800	none	919	4867ddee	512	224	0	919
945	0	18063509899130	none	920	e8768eba	512	224	0	920
946	1	18063527264520	none	921	e8768eba	512	224	0	921
947	2	18063544454040	none	922	e80fcfd9	512	224	0	922
948	3	18063561747010	none	923	e80fcfd9	512	224	0	923
949	4	18063575069270	none	924	7907589f	512	224	0	924
950	5	18063592651860	none	925	7907589f	512	224	0	925
951	6	18063609881950	none	926	23a941dc	512	224	0	926
952	7	18063627247760	none	927	23a941dc	512	224	0	927
953	0	18063644443170	none	928	43fbe8b9	512	224	0	928
954	1	18063661626510	none	929	43fbe8b9	512	224	0	929
955	2	18063674947680	none	930	faeb72be	512	224	0	930
956	3	18063692217320	none	931	faeb72be	512	224	0	931
957	4	18063709454290	none	932	134d57b0	512	224	0	932
958	5	18063726684880	none	933	134d57b0	512	224	0	933
959	6	18063743948700	none	934	b9eda82d	512	224	0	934
960	7	18063761179450	none	935	b9eda82d	512	224	0	935
961	0	18063774360990	none	936	1d7a7fca	512	224	0	936
962	1	18063791685210	none	937	1d7a7fca	512	224	0	937
963	2	18063808921550	none	938	71808e33	512	224	0	938
964	3	18063826294690	none	939	71808e33	512	224	0	939
965	4	18063843475640	none	940	4e0e3503	512	224	0	940
966	5	18063860675160	none	941	4efaf65a	512	224	0	941
967	6	18063877995090	none	942	d0667b82	512	224	0	942
968	7	18063891196050	none	943	d0667b82	512	224	0	943
969	0	18063908422730	none	944	d9289e94	512	224	0	944
970	1	18063925603970	none	945	d9289e94	512	224	0	945
971	2	18063942838890	none	946	9ecbcaf3	512	224	0	946
972	3	18063960230990	none	947	9ecbcaf3	512	224	0	947
973	4	18063977512280	none	948	9d5c5b7b	512	224	0	948
974	5	18063990711640	none	949	9d5c5b7b	512	224	0	949
975	6	18064007995370	none	950	319c5f2d	512	224	0	950
976	7	18064025249920	none	951	319c5f2d	512	224	0	951
977	0	18064042464180	none	952	ade4f03d	512	224	0	952
978	1	18064059650410	none	953	ade4f03d	512	224	0	953
979	2	18064076945740	none	954	9e3b054c	512	224	0	954
980	3	18064094192560	none	955	9e3b054c	512	224	0	955
981	4	18064107364580	none	956	5ce84b8b	512	224	0	956
982	5	18064124599600	none	957	5ce84b8b	512	224	0	957
983	6	18064142015070	none	958	1b57e354	512	224	0	958
984	7	18064159238320	none	959	1ba3200d	512	224	0	959
985	0	18064176536030	none	960	aae74b0f	512	224	0	960
986	1	18064193750250	none	961	aae74b0f	512	224	0	961
987	2	18064207035260	none	962	5bc89447	512	224	0	962
988	3	18064224282970	none	963	5bc89447	512	224	0	963
989	4	18064241598200	none	964	710f2a54	512	224	0	964
990	5	18064258890510	none	965	710f2a54	512	224	0	965
991	6	18064276119750	none	966	fc8658ca	512	224	0	966
992	7	18064293337980	none	967	fc8658ca	512	224	0	967
993	0	18064310536300	none	968	ad378c80	512	224	0	968
994	1	18064323680230	none	969	ad378c80	512	224	0	969
995	2	18064341033990	none	970	c518dca1	512	224	0	970
996	3	18064358310710	none	971	c518dca1	512	224	0	971
997	4	18064375668410	none	972	4d51584a	512	224	0	972
998	5	18064392951950	none	973	4d51584a	512	224	0	973
999	6	18064410184300	none	974	de2df7b1	512	224	0	974
1000	7	18064423355450	none	975	de2df7b1	512	224	0	975
1001	0	18064440531000	none	976	2bd2d3e5	512	224	0	976
1002	1	18064457755020	none	977	2bd2d3e5	512	224	0	977
1003	2	18064475169710	none	978	77f22018	512	224	0	978
1004	3	18064492382200	none	979	77f22018	512	224	0	979
1005	4	18064509590530	none	980	d020f342	512	224	0	980
1006	5	18064526818950	none	981	d020f342	512	224	0	981
1007	6	18064539992510	none	982	f9256cf0	512	224	0	982
1008	7	18064557243260	none	983	f9256cf0	512	224	0	983
1009	0	18064574432770	none	984	edfbfb7e	512	224	0	984
1010	1	18064591722920	none	985	edfbfb7e	512	224	0	985
1011	2	18064608975760	none	986	2405a691	512	224	0	986
1012	3	18064626253920	none	987	2405a691	512	224	0	987
1013	4	18064643446210	none	988	7bc1044b	512	224	0	988
1014	5	18064656595800	none	989	7bc1044b	512	224	0	989
1015	6	18064673789570	none	990	d0ed1589	512	224	0	990
1016	7	18064691010260	none	991	d0ed1589	512	224	0	991
1017	0	18064708296030	none	992	0e919420	512	224	0	992
1018	1	18064725493130	none	993	0e919420	512	224	0	993
1019	2	18064742715380	none	994	f4a179b2	512	224	0	994
1020	3	18064756028390	none	995	f4a179b2	512	224	0	995
1021	4	18064773284750	none	996	5d08c07f	512	224	0	996
1022	5	18064790474020	none	997	5d08c07f	512	224	0	997
1023	6	18064807677020	none	998	c17c4b73	512	224	0	998
1024	7	18064825045290	none	999	c17c4b73	512	224	0	999
1025	0	18064842297250	none	1000	1253e5da	512	224	0	1000
1026	1	18064859514670	none	1001	1253e5da	512	224	0	1001
1027	2	18064872703590	none	1002	2542856d	512	224	0	1002
1028	3	18064890058770	none	1003	2542856d	512	224	0	1003
1029	4	18064907301930	none	1004	44f57bae	512	224	0	1004
1030	5	18064924652890	none	1005	44f57bae	512	224	0	1005
1031	6	18064941957500	none	1006	02fc8cd0	512	224	0	1006
1032	7	18064959240300	none	1007	02fc8cd0	512	224	0	1007
1033	0	18064972414230	none	1008	3acb8ae6	512	224	0	1008
1034	1	18064989598090	none	1009	3acb8ae6	512	224	0	1009
1035	2	18065006802460	none	1010	194a61d7	512	224	0	1010
1036	3	18065024281740	none	1011	19bea28e	512	224	0	1011
1037	4	18065041698500	none	1012	09e9bb4a	512	224	0	1012
1038	5	18065058923560	none	1013	09e9bb4a	512	224	0	1013
1039	6	18065072188310	none	1014	97c8394d	512	224	0	1014
1040	7	18065089370700	none	1015	97c8394d	512	224	0	1015
1041	0	18065106547140	none	1016	3afbebea	512	224	0	1016
1042	1	18065123853240	none	1017	c1ecca29	512	224	0	1017
1043	2	18065141151860	none	1018	2b96b210	512	224	0	1018
1044	3	18065158397940	none	1019	5ec86359	512	224	0	1019
1045	4	18065175610250	none	1020	9bd29347	512	224	0	1020
1046	5	18065188829500	none	1021	b683671d	512	224	0	1021
1047	6	18065206048250	none	1022	5f7d7241	512	224	0	1022
1048	7	18065223388770	none	1023	7fd368c1	512	224	0	1023
1049	0	18065240571990	none	1024	b8eb40d5	512	224	0	1024
1050	1	18065257782760	none	1025	8c29b652	512	224	0	1025
1051	2	18065275061080	none	1026	6e095975	512	224	0	1026
1052	3	18065292327270	none	1027	090997e3	512	224	0	1027
1053	4	18065305500780	none	1028	d45944aa	512	224	0	1028
1054	5	18065322737690	none	1029	6cad7fd6	512	224	0	1029
1055	6	18065339946900	none	1030	2de6385b	512	224	0	1030
1056	7	18065357190940	none	1031	146af4b6	512	224	0	1031
1057	0	18065374394780	none	1032	1524af4c	512	224	0	1032
1058	1	18065391694630	none	1033	ea670956	512	224	0	1033
1059	2	18065405046800	none	1034	73e7e16d	512	224	0	1034
1060	3	18065422290720	none	1035	1408e140	512	224	0	1035
1061	4	18065439467540	none	1036	35c9b30a	512	224	0	1036
1062	5	18065456645140	none	1037	4a0b8b12	512	224	0	1037
1063	6	18065473955130	none	1038	52195a2d	512	224	0	1038
1064	7	18065491189210	none	1039	8f589dec	512	224	0	1039
1065	0	18065508443890	none	1040	f6034078	512	224	0	1040
1066	1	18065521628240	none	1041	6343a2ca	512	224	0	1041
1067	2	18065538845230	none	1042	8b11fa21	512	224	0	1042
1068	3	18065556098160	none	1043	48591a2b	512	224	0	1043
1069	4	18065573393160	none	1044	4c00b014	512	224	0	1044
1070	5	18065590571370	none	1045	a7edd80b	512	224	0	1045
1071	6	18065607777700	none	1046	898db3d5	512	224	0	1046
1072	7	18065625060490	none	1047	b56d7071	512	224	0	1047
1073	0	18065638387630	none	1048	c6745912	512	224	0	1048
1074	1	18065655568910	none	1049	222a58e7	512	224	0	1049
1075	2	18065672892920	none	1050	33b8125e	512	224	0	1050
1076	3	18065690131470	none	1051	ade2f14e	512	224	0	1051
1077	4	18065707320760	none	1052	58b16554	512	224	0	1052
1078	5	18065724621250	none	1053	4693a3f6	512	224	0	1053
1079	6	18065737853320	none	1054	7558e670	512	224	0	1054
1080	7	18065755048020	none	1055	e91d0a11	512	224	0	1055
1081	0	18065772386900	none	1056	63638aa3	512	224	0	1056
1082	1	18065789582370	none	1057	88c83de9	512	224	0	1057
1083	2	18065806799530	none	1058	9b3be9d5	512	224	0	1058
1084	3	18065824046900	none	1059	033c8ec3	512	224	0	1059
1085	4	18065841502720	none	1060	99688e4e	512	224	0	1060
1086	5	18065854681580	none	1061	34b4b707	512	224	0	1061
1087	6	18065871890460	none	1062	ce0e32a5	512	224	0	1062
1088	7	18065889092430	none	1063	47e641a6	512	224	0	1063
1089	0	18065906298710	none	1064	2dbd1d19	512	224	0	1064
1090	1	18065923488730	none	1065	e04e0441	512	224	0	1065
1091	2	18065940672030	none	1066	a79ff037	512	224	0	1066
1092	3	18065954132110	none	1067	3700383b	512	224	0	1067
1093	4	18065971332060	none	1068	19f22ab5	512	224	0	1068
1094	5	18065988512610	none	1069	b351bb0b	512	224	0	1069
1095	6	18066005701410	none	1070	aff3fe9d	512	224	0	1070
1096	7	18066022997350	none	1071	45270fbc	512	224	0	1071
1097	0	18066040220060	none	1072	aaceed06	512	224	0	1072
1098	1	18066057403360	none	1073	ae0badb8	512	224	0	1073
1099	2	18066070638120	none	1074	49d6693a	512	224	0	1074
1100	3	18066087879580	none	1075	0fad15c7	512	224	0	1075
1101	4	18066105097370	none	1076	65e3b773	512	224	0	1076
1102	5	18066122315020	none	1077	f4e91951	512	224	0	1077
1103	6	18066139505590	none	1078	97aedaf0	512	224	0	1078
1104	7	18066156713310	none	1079	40d57a98	512	224	0	1079
1105	0	18066173930510	none	1080	05623ba2	512	224	0	1080
1106	1	18066187293420	none	1081	0ae78218	512	224	0	1081
1107	2	18066204464860	none	1082	ac6ebde9	512	224	0	1082
1108	3	18066221752900	none	1083	99d3638e	512	224	0	1083
1109	4	18066239000100	none	1084	dbd89c69	512	224	0	1084
1110	5	18066256245800	none	1085	15b5817a	512	224	0	1085
1111	6	18066273431920	none	1086	a1446ea8	512	224	0	1086
1112	7	18066290616880	none	1087	0e928491	512	224	0	1087
1113	0	18066303853400	none	1088	ec29c612	512	224	0	1088
1114	1	18066321202640	none	1089	eb431112	512	224	0	1089
1115	2	18066338410910	none	1090	c4f7d50f	512	224	0	1090
1116	3	18066355647540	none	1091	21fdf0cd	512	224	0	1091
1117	4	18066373001600	none	1092	aa06f847	512	224	0	1092
1118	5	18066390231370	none	1093	b4eea2e8	512	224	0	1093
1119	6	18066403422930	none	1094	c824c8c3	512	224	0	1094
1120	7	18066420588790	none	1095	9e06acc0	512	224	0	1095
1121	0	18066437916650	none	1096	9784a150	512	224	0	1096
1122	1	18066455135900	none	1097	8da822a9	512	224	0	1097
1123	2	18066472344750	none	1098	2106e2dd	512	224	0	1098
1124	3	18066489534280	none	1099	52db29a2	512	224	0	1099
1125	4	18066506828500	none	1100	9167c927	512	224	0	1100
1126	5	18066520010240	none	1101	27daccbb	512	224	0	1101
1127	6	18066537242330	none	1102	07f5af41	512	224	0	1102
1128	7	18066554426860	none	1103	27b2c7ff	512	224	0	1103
1129	0	18066571618180	none	1104	7fcb905e	512	224	0	1104
1130	1	18066588854550	none	1105	57f01aab	512	224	0	1105
1131	2	18066606087280	none	1106	ad3d39c6	512	224	0	1106
1132	3	18066623340030	none	1107	ee9542a0	512	224	0	1107
1133	4	18066636643590	none	1108	1e1cbfe1	512	224	0	1108
1134	5	18066653901690	none	1109	b58f0611	512	224	0	1109
1135	6	18066671134010	none	1110	1ea05774	512	224	0	1110
1136	7	18066688324320	none	1111	886bb506	512	224	0	1111
1137	0	18066705508040	none	1112	a0fa6037	512	224	0	1112
1138	1	18066722722030	none	1113	84d9172a	512	224	0	1113
1139	2	18066736087620	none	1114	0feac6c8	512	224	0	1114
1140	3	18066753307540	none	1115	65d7abd4	512	224	0	1115
1141	4	18066770569010	none	1116	0d7e98d3	512	224	0	1116
1142	5	18066787781480	none	1117	20a7bfd2	512	224	0	1117
1143	6	18066805002020	none	1118	5d829a35	512	224	0	1118
1144	7	18066822242580	none	1119	7300c840	512	224	0	1119
1145	0	18066839432100	none	1120	c7bd06b1	512	224	0	1120
1146	1	18066852576990	none	1121	f730af08	512	224	0	1121
1147	2	18066869798840	none	1122	8126178c	512	224	0	1122
1148	3	18066887036780	none	1123	ab78bbaa	512	224	0	1123
1149	4	18066904292310	none	1124	508a985b	512	224	0	1124
1150	5	18066921467500	none	1125	de5a8734	512	224	0	1125
1151	6	18066938639550	none	1126	83016d9b	512	224	0	1126
1152	7	18066955864440	none	1127	f0adfec4	512	224	0	1127
1153	0	18066969044490	none	1128	b5ea8574	512	224	0	1128
1154	1	18066986267970	none	1129	65a901ef	512	224	0	1129
1155	2	18067003440370	none	1130	eaff5fd8	512	224	0	1130
1156	3	18067020614850	none	1131	455e8a4b	512	224	0	1131
1157	4	18067037838810	none	1132	7b2d3497	512	224	0	1132
1158	5	18067055114940	none	1133	ae0b7374	512	224	0	1133
1159	6	18067072325570	none	1134	ec285793	512	224	0	1134
1160	7	18067085585150	none	1135	0741245b	512	224	0	1135
1161	0	18067102892200	none	1136	70607937	512	224	0	1136
1162	1	18067120128510	none	1137	5ac9728a	512	224	0	1137
1163	2	18067137316370	none	1138	39d5822a	512	224	0	1138
1164	3	18067154538990	none	1139	ca88bc33	512	224	0	1139
1165	4	18067171815450	none	1140	74d522b0	512	224	0	1140
1166	5	18067189194420	none	1141	2ec7f623	512	224	0	1141
1167	6	18067202350760	none	1142	7c9e0029	512	224	0	1142
1168	7	18067219671210	none	1143	497ee213	512	224	0	1143
1169	0	18067236949780	none	1144	f0c8fe06	512	224	0	1144
1170	1	18067254148500	none	1145	804b3c8a	512	224	0	1145
1171	2	18067271341060	none	1146	b49535d6	512	224	0	1146
1172	3	18067288518380	none	1147	91c04d18	512	224	0	1147
1173	4	18067305731520	none	1148	e7f004a7	512	224	0	1148
1174	5	18067318913790	none	1149	dd5e0ebe	512	224	0	1149
1175	6	18067336157800	none	1150	093e5488	512	224	0	1150
1176	7	18067353380010	none	1151	e4b44299	512	224	0	1151
1177	0	18067370541950	none	1152	472deeaa	512	224	0	1152
1178	1	18067387736390	none	1153	ceaf887d	512	224	0	1153
1179	2	18067404966930	none	1154	0579e5ec	512	224	0	1154
1180	3	18067422237640	none	1155	79b563e8	512	224	0	1155
1181	4	18067435437770	none	1156	d4bfd92a	512	224	0	1156
1182	5	18067452618500	none	1157	c60932a6	512	224	0	1157
1183	6	18067469967810	none	1158	f8f0bc6f	512	224	0	1158
1184	7	18067487259580	none	1159	54c94255	512	224	0	1159
1185	0	18067504451970	none	1160	51a74a3a	512	224	0	1160
1186	1	18067521646340	none	1161	ac1064e6	512	224	0	1161
1187	2	18067534916730	none	1162	9bf2d0fe	512	224	0	1162
1188	3	18067552139760	none	1163	5cc439db	512	224	0	1163
1189	4	18067569321360	none	1164	29c69ff0	512	224	0	1164
1190	5	18067586512790	none	1165	308e2d57	512	224	0	1165
1191	6	18067603744100	none	1166	d16fe2eb	512	224	0	1166
1192	7	18067620960700	none	1167	3011b091	512	224	0	1167
1193	0	18067638314620	none	1168	5568e53b	512	224	0	1168
1194	1	18067651477710	none	1169	5bd5e735	512	224	0	1169
1195	2	18067668801260	none	1170	bf24e80d	512	224	0	1170
1196	3	18067686134110	none	1171	f5bb5da5	512	224	0	1171
1197	4	18067703423270	none	1172	6194c4ec	512	224	0	1172
1198	5	18067720682680	none	1173	760a458b	512	224	0	1173
1199	6	18067737894440	none	1174	b11fbce9	512	224	0	1174
1200	7	18067751094920	none	1175	a224bd7a	512	224	0	1175
1201	0	18067768289280	none	1176	5e6bb175	512	224	0	1176
1202	1	18067785466940	none	1177	d7c2b170	512	224	0	1177
1203	2	18067802653190	none	1178	0a47ede6	512	224	0	1178
1204	3	18067819870660	none	1179	debdcbdf	512	224	0	1179
1205	4	18067837243300	none	1180	13c3962f	512	224	0	1180
1206	5	18067854420430	none	1181	81fa90b0	512	224	0	1181
1207	6	18067867626990	none	1182	fa524f79	512	224	0	1182
1208	7	18067884952800	none	1183	95bb5557	512	224	0	1183
1209	0	18067902180130	none	1184	5e93223a	512	224	0	1184
1210	1	18067919363630	none	1185	cfb0d280	512	224	0	1185
1211	2	18067936544750	none	1186	56a29617	512	224	0	1186
1212	3	18067953877780	none	1187	4174dad3	512	224	0	1187
1213	4	18067971151940	none	1188	d32bf0d1	512	224	0	1188
1214	5	18067984330580	none	1189	01e8385b	512	224	0	1189
1215	6	18068001515450	none	1190	32ccf962	512	224	0	1190
1216	7	18068018707370	none	1191	dd6b005e	512	224	0	1191
1217	0	18068035938190	none	1192	49389728	512	224	0	1192
1218	1	18068053222800	none	1193	a0124b9e	512	224	0	1193
1219	2	18068070403350	none	1194	d2dc4f8b	512	224	0	1194
1220	3	18068087687810	none	1195	87d1014c	512	224	0	1195
1221	4	18068100913760	none	1196	d1a8c4a4	512	224	0	1196
1222	5	18068118150300	none	1197	0c4ca9d0	512	224	0	1197
1223	6	18068135350810	none	1198	5b8c8c83	512	224	0	1198
1224	7	18068152556150	none	1199	0d0a0e87	512	224	0	1199
1225	0	18068169770630	none	1200	2ea80e62	512	224	0	1200
1226	1	18068187226700	none	1201	88c4049b	512	224	0	1201
1227	2	18068200388280	none	1202	70909446	512	224	0	1202
1228	3	18068217687930	none	1203	ff5af433	512	224	0	1203
1229	4	18068234945660	none	1204	4504e180	512	224	0	1204
1230	5	18068252189160	none	1205	7e1816b6	512	224	0	1205
1231	6	18068269379140	none	1206	95b7a8fa	512	224	0	1206
1232	7	18068286665090	none	1207	d29a30ec	512	224	0	1207
1233	0	18068303954680	none	1208	dbe83d7e	512	224	0	1208
1234	1	18068317139720	none	1209	0c7d7da3	512	224	0	1209
1235	2	18068334329990	none	1210	c1ac78d5	512	224	0	1210
1236	3	18068351520440	none	1211	3b10264e	512	224	0	1211
1237	4	18068368733060	none	1212	9023c048	512	224	0	1212
1238	5	18068385946170	none	1213	9cac4e66	512	224	0	1213
1239	6	18068403198180	none	1214	5e451934	512	224	0	1214
1240	7	18068420383860	none	1215	26ec867e	512	224	0	1215
1241	0	18068433534920	none	1216	e8639b46	512	224	0	1216
1242	1	18068450733690	none	1217	4f93fa72	512	224	0	1217
1243	2	18068467995630	none	1218	0694085e	512	224	0	1218
1244	3	18068485271220	none	1219	a9179942	512	224	0	1219
1245	4	18068502502920	none	1220	fa66661a	512	224	0	1220
1246	5	18068519726220	none	1221	69ef49ad	512	224	0	1221
1247	6	18068533176660	none	1222	7c457612	512	224	0	1222
1248	7	18068550367730	none	1223	f3c93b10	512	224	0	1223
1249	0	18068567545060	none	1224	96db8888	512	224	0	1224
1250	1	18068584798560	none	1225	fc29f439	512	224	0	1225
1251	2	18068602350650	none	1226	e9275347	512	224	0	1226
1252	3	18068620094890	none	1227	c9d34b50	512	224	0	1227
1253	4	18068633259880	none	1228	344b42c4	512	224	0	1228
1254	5	18068650435820	none	1229	b1d1dabb	512	224	0	1229
1255	6	18068667608060	none	1230	f3992910	512	224	0	1230
1256	7	18068684839810	none	1231	46969f8d	512	224	0	1231
1257	0	18068702048350	none	1232	b5f7453f	512	224	0	1232
1258	1	18068719260350	none	1233	f420b4ed	512	224	0	1233
1259	2	18068736448900	none	1234	3651dad0	512	224	0	1234
1260	3	18068749635590	none	1235	a3bcd7e7	512	224	0	1235
1261	4	18068767013070	none	1236	4f201dcb	512	224	0	1236
1262	5	18068784257250	none	1237	d3f88041	512	224	0	1237
1263	6	18068801440690	none	1238	7f4adcec	512	224	0	1238
1264	7	18068818637530	none	1239	fa81bc25	512	224	0	1239
1265	0	18068835940220	none	1240	8d9bd2d9	512	224	0	1240
1266	1	18068853169600	none	1241	2eb5def8	512	224	0	1241
1267	2	18068866319450	none	1242	a3305662	512	224	0	1242
1268	3	18068883505810	none	1243	ab7e01c8	512	224	0	1243
1269	4	18068900711340	none	1244	452bbc51	512	224	0	1244
1270	5	18068917921230	none	1245	3bf15d90	512	224	0	1245
1271	6	18068935280690	none	1246	12e3b390	512	224	0	1246
1272	7	18068952481450	none	1247	e44acfb9	512	224	0	1247
1273	0	18068969696200	none	1248	d9386104	512	224	0	1248
1274	1	18068982965770	none	1249	6d85dc99	512	224	0	1249
1275	2	18069000165710	none	1250	518117aa	512	224	0	1250
1276	3	18069017385960	none	1251	da18298a	512	224	0	1251
1277	4	18069034633240	none	1252	f3c39469	512	224	0	1252
1278	5	18069051890250	none	1253	859fe97a	512	224	0	1253
1279	6	18069069115490	none	1254	0852c0ac	512	224	0	1254
1280	7	18069082279150	none	1255	5a26fd9e	512	224	0	1255
1281	0	18069099466300	none	1256	ea69e206	512	224	0	1256
1282	1	18069116714540	none	1257	7be7ef8c	512	224	0	1257
1283	2	18069133924360	none	1258	a796c555	512	224	0	1258
1284	3	18069151148490	none	1259	a6bde438	512	224	0	1259
1285	4	18069168352470	none	1260	35dfe477	512	224	0	1260
1286	5	18069185547640	none	1261	31ac948b	512	224	0	1261
1287	6	18069198751000	none	1262	b4fa30c7	512	224	0	1262
1288	7	18069216002950	none	1263	771be7c3	512	224	0	1263
1289	0	18069233237960	none	1264	e44fc36c	512	224	0	1264
1290	1	18069250414720	none	1265	ad870e93	512	224	0	1265
1291	2	18069267612960	none	1266	15170251	512	224	0	1266
1292	3	18069284974210	none	1267	900db530	512	224	0	1267
1293	4	18069302219620	none	1268	598836e1	512	224	0	1268
1294	5	18069315380930	none	1269	fc07574c	512	224	0	1269
1295	6	18069332541260	none	1270	81951938	512	224	0	1270
1296	7	18069349783590	none	1271	b617419b	512	224	0	1271
1297	0	18069366999520	none	1272	142acde1	512	224	0	1272
1298	1	18069384342980	none	1273	ee391775	512	224	0	1273
1299	2	18069401538340	none	1274	5a1bef96	512	224	0	1274
1300	3	18069418759100	none	1275	ee80a993	512	224	0	1275
1301	4	18069431997520	none	1276	5285321e	512	224	0	1276
1302	5	18069449196350	none	1277	8ecad2f4	512	224	0	1277
1303	6	18069466429670	none	1278	c3acf6b0	512	224	0	1278
1304	7	18069483633420	none	1279	77f10742	512	224	0	1279
1305	0	18069500926710	none	1280	3f993897	512	224	0	1280
1306	1	18069518188760	none	1281	d54a023d	512	224	0	1281
1307	2	18069535398070	none	1282	f47cf0e4	512	224	0	1282
1308	3	18069548656610	none	1283	33cce8a5	512	224	0	1283
1309	4	18069565896490	none	1284	531e608d	512	224	0	1284
1310	5	18069583284920	none	1285	94728ea1	512	224	0	1285
1311	6	18069600473170	none	1286	061bbb1e	512	224	0	1286
1312	7	18069617734920	none	1287	5da2c794	512	224	0	1287
1313	0	18069634993660	none	1288	965f8186	512	224	0	1288
1314	1	18069648187070	none	1289	f20f6778	512	224	0	1289
1315	2	18069665368670	none	1290	c129fec9	512	224	0	1290
1316	3	18069682575160	none	1291	10ed3aa8	512	224	0	1291
1317	4	18069699818440	none	1292	36312c0f	512	224	0	1292
1318	5	18069717059510	none	1293	917ca9c7	512	224	0	1293
1319	6	18069734264550	none	1294	bc381fb7	512	224	0	1294
1320	7	18069751444900	none	1295	ed752810	512	224	0	1295
1321	0	18069764634000	none	1296	29be332a	512	224	0	1296
1322	1	18069781864170	none	1297	c9e9bb6c	512	224	0	1297
1323	2	18069799103320	none	1298	e80c7087	512	224	0	1298
1324	3	18069816349590	none	1299	86e5930f	512	224	0	1299
1325	4	18069833698570	none	1300	2c61c6b5	512	224	0	1300
1326	5	18069850951790	none	1301	f0f25d57	512	224	0	1301
1327	6	18069868179770	none	1302	7db44691	512	224	0	1302
1328	7	18069881337450	none	1303	d9420717	512	224	0	1303
1329	0	18069898534440	none	1304	e50a3612	512	224	0	1304
1330	1	18069915752400	none	1305	4b426841	512	224	0	1305
1331	2	18069933139110	none	1306	113648c0	512	224	0	1306
1332	3	18069950333360	none	1307	cd0bcd3e	512	224	0	1307
1333	4	18069967521710	none	1308	5c2ab96c	512	224	0	1308
1334	5	18069980724540	none	1309	c5c09758	512	224	0	1309
1335	6	18069998011480	none	1310	5373ff17	512	224	0	1310
1336	7	18070015240100	none	1311	ba5d3379	512	224	0	1311
1337	0	18070032582630	none	1312	602895b2	512	224	0	1312
1338	1	18070049946970	none	1313	df36e9e5	512	224	0	1313
1339	2	18070067193650	none	1314	2a94311d	512	224	0	1314
1340	3	18070084455290	none	1315	4a12e999	512	224	0	1315
1341	4	18070097635810	none	1316	15216177	512	224	0	1316
1342	5	18070114854070	none	1317	9e02aaad	512	224	0	1317
1343	6	18070132226300	none	1318	4a84d575	512	224	0	1318
1344	7	18070149417330	none	1319	67787029	512	224	0	1319
1345	0	18070166619660	none	1320	e5275424	512	224	0	1320
1346	1	18070183965960	none	1321	1b6f37f6	512	224	0	1321
1347	2	18070197173160	none	1322	44d1c829	512	224	0	1322
1348	3	18070214359690	none	1323	c601d385	512	224	0	1323
1349	4	18070231537390	none	1324	f4e868ab	512	224	0	1324
1350	5	18070248767210	none	1325	85d59de2	512	224	0	1325
1351	6	18070265978370	none	1326	5216e866	512	224	0	1326
1352	7	18070283249730	none	1327	eb6485d1	512	224	0	1327
1353	0	18070300451340	none	1328	661a6ab4	512	224	0	1328
1354	1	18070313619980	none	1329	0cd43669	512	224	0	1329
1355	2	18070330836190	none	1330	408c3187	512	224	0	1330
1356	3	18070348124970	none	1331	cc44dd8b	512	224	0	1331
1357	4	18070365394180	none	1332	248779eb	512	224	0	1332
1358	5	18070382741380	none	1333	3be0ef39	512	224	0	1333
1359	6	18070399966700	none	1334	8adb450a	512	224	0	1334
1360	7	18070417191800	none	1335	b11cdaca	512	224	0	1335
1361	0	18070430347690	none	1336	e53b5d77	512	224	0	1336
1362	1	18070447551550	none	1337	6b341425	512	224	0	1337
1363	2	18070464777690	none	1338	623a7dd2	512	224	0	1338
1364	3	18070482175170	none	1339	9ee9ab40	512	224	0	1339
1365	4	18070499431120	none	1340	f1f03ef4	512	224	0	1340
1366	5	18070516663850	none	1341	0db9e79a	512	224	0	1341
1367	6	18070529852400	none	1342	d09fd477	512	224	0	1342
1368	7	18070547114850	none	1343	f824d8e7	512	224	0	1343
1369	0	18070564306460	none	1344	6bf2102e	512	224	0	1344
1370	1	18070581615300	none	1345	bf5640e3	512	224	0	1345
1371	2	18070598938600	none	1346	df1218a5	512	224	0	1346
1372	3	18070616271270	none	1347	8e049543	512	224	0	1347
1373	4	18070633506370	none	1348	2f17ceea	512	224	0	1348
1374	5	18070646688380	none	1349	53053df8	512	224	0	1349
1375	6	18070663892740	none	1350	27b47890	512	224	0	1350
1376	7	18070681250250	none	1351	bdbe7502	512	224	0	1351
1377	0	18070698453970	none	1352	37421ed0	512	224	0	1352
1378	1	18070715643920	none	1353	e8c9d438	512	224	0	1353
1379	2	18070732985750	none	1354	f5fec3b3	512	224	0	1354
1380	3	18070746180450	none	1355	1751bf9c	512	224	0	1355
1381	4	18070763354300	none	1356	aa3d5c82	512	224	0	1356
1382	5	18070780540690	none	1357	6e641b93	512	224	0	1357
1383	6	18070797753010	none	1358	0978bcc9	512	224	0	1358
1384	7	18070814953580	none	1359	eae54457	512	224	0	1359
1385	0	18070832196980	none	1360	d10f74f8	512	224	0	1360
1386	1	18070849380300	none	1361	9d319785	512	224	0	1361
1387	2	18070866586240	none	1362	d55063ee	512	224	0	1362
1388	3	18070879790830	none	1363	5e44e964	512	224	0	1363
1389	4	18070897180640	none	1364	fe1a333e	512	224	0	1364
1390	5	18070914364850	none	1365	1cb4dace	512	224	0	1365
1391	6	18070931682790	none	1366	39eda1c5	512	224	0	1366
1392	7	18070948910870	none	1367	cf65f1cb	512	224	0	1367
1393	0	18070966121430	none	1368	3107dbf4	512	224	0	1368
1394	1	18070979288680	none	1369	3e2aa6d5	512	224	0	1369
1395	2	18070996463460	none	1370	05158144	512	224	0	1370
1396	3	18071013770500	none	1371	ae6934f2	512	224	0	1371
1397	4	18071031119230	none	1372	d54d504e	512	224	0	1372
1398	5	18071048314830	none	1373	6a5f0992	512	224	0	1373
1399	6	18071065501800	none	1374	7a4a3655	512	224	0	1374
1400	7	18071082735420	none	1375	b7de8315	512	224	0	1375
1401	0	18071095908940	none	1376	c5811c8f	512	224	0	1376
1402	1	18071113122080	none	1377	d643e7f5	512	224	0	1377
1403	2	18071130425210	none	1378	da866ad6	512	224	0	1378
1404	3	18071147740020	none	1379	457832cb	512	224	0	1379
1405	4	18071164955900	none	1380	da778c95	512	224	0	1380
1406	5	18071182198730	none	1381	3d0cf1cf	512	224	0	1381
1407	6	18071199397410	none	1382	b57f1481	512	224	0	1382
1408	7	18071212561730	none	1383	d0c565e0	512	224	0	1383
1409	0	18071229773200	none	1384	9a264e24	512	224	0	1384
1410	1	18071246984060	none	1385	5da4ce6f	512	224	0	1385
1411	2	18071264216730	none	1386	b94444e1	512	224	0	1386
1412	3	18071281419560	none	1387	f00425ed	512	224	0	1387
1413	4	18071298615790	none	1388	f1199a3b	512	224	0	1388
1414	5	18071315843430	none	1389	f09414bd	512	224	0	1389
1415	6	18071329067030	none	1390	3c53d4d5	512	224	0	1390
1416	7	18071346259200	none	1391	463490fd	512	224	0	1391
1417	0	18071363441490	none	1392	5dc25c63	512	224	0	1392
1418	1	18071380762540	none	1393	4463a8b9	512	224	0	1393
1419	2	18071397974490	none	1394	35be7e97	512	224	0	1394
1420	3	18071415218760	none	1395	3ac70203	512	224	0	1395
1421	4	18071428414790	none	1396	d56f2de1	512	224	0	1396
1422	5	18071445738020	none	1397	13c806d0	512	224	0	1397
1423	6	18071462970750	none	1398	26ccd32c	512	224	0	1398
1424	7	18071480201580	none	1399	d48d9a8b	512	224	0	1399
1425	0	18071497401020	none	1400	ef152f63	512	224	0	1400
1426	1	18071514582230	none	1401	1c9df787	512	224	0	1401
1427	2	18071531809190	none	1402	14ad22b7	512	224	0	1402
1428	3	18071545150540	none	1403	001cfa97	512	224	0	1403
1429	4	18071562373440	none	1404	e11adebd	512	224	0	1404
1430	5	18071579680950	none	1405	7b54bdaa	512	224	0	1405
1431	6	18071596947320	none	1406	aba9eb6f	512	224	0	1406
1432	7	18071614184730	none	1407	169620e3	512	224	0	1407
1433	0	18071631372390	none	1408	037eb1b9	512	224	0	1408
1434	1	18071648556510	none	1409	aa5eae39	512	224	0	1409
1435	2	18071661750300	none	1410	1718cf23	512	224	0	1410
1436	3	18071678975620	none	1411	e943fad4	512	224	0	1411
1437	4	18071696237730	none	1412	6c171fce	512	224	0	1412
1438	5	18071713542430	none	1413	34561c58	512	224	0	1413
1439	6	18071730775990	none	1414	51aa100f	512	224	0	1414
1440	7	18071747990060	none	1415	a9fee2cb	512	224	0	1415
1441	0	18071761160410	none	1416	6e81ff98	512	224	0	1416
1442	1	18071778345520	none	1417	b45bd5e9	512	224	0	1417
1443	2	18071795535150	none	1418	d5154bc7	512	224	0	1418
1444	3	18071812757990	none	1419	c4e8c9b8	512	224	0	1419
1445	4	18071830106680	none	1420	4a5f5407	512	224	0	1420
1446	5	18071847307920	none	1421	7bb113a5	512	224	0	1421
1447	6	18071864501770	none	1422	69856471	512	224	0	1422
1448	7	18071877686010	none	1423	161633de	512	224	0	1423
1449	0	18071894909040	none	1424	837d2167	512	224	0	1424
1450	1	18071912146060	none	1425	8e5133c3	512	224	0	1425
1451	2	18071929337620	none	1426	030047ee	512	224	0	1426
1452	3	18071946625070	none	1427	b4787996	512	224	0	1427
1453	4	18071963894550	none	1428	71640a46	512	224	0	1428
1454	5	18071981256470	none	1429	7774f574	512	224	0	1429
1455	6	18071994580220	none	1430	c6a4d4c8	512	224	0	1430
1456	7	18072011886230	none	1431	2bd2accc	512	224	0	1431
1457	0	18072029110950	none	1432	7d7a39f4	512	224	0	1432
1458	1	18072046308120	none	1433	6e256880	512	224	0	1433
1459	2	18072063513530	none	1434	5e629e81	512	224	0	1434
1460	3	18072080751670	none	1435	fb397dbc	512	224	0	1435
1461	4	18072094105410	none	1436	4ee854fd	512	224	0	1436
1462	5	18072111297930	none	1437	07efddcd	512	224	0	1437
1463	6	18072128602750	none	1438	78abcc1b	512	224	0	1438
1464	7	18072145942300	none	1439	608a9eff	512	224	0	1439
1465	0	18072163166450	none	1440	de566d8c	512	224	0	1440
1466	1	18072180365930	none	1441	7f609a5c	512	224	0	1441
1467	2	18072197543590	none	1442	54b6cfe0	512	224	0	1442
1468	3	18072210758090	none	1443	e51fc823	512	224	0	1443
1469	4	18072228212500	none	1444	fc240f54	512	224	0	1444
1470	5	18072245567130	none	1445	fecd8ec7	512	224	0	1445
1471	6	18072262791120	none	1446	786c11f7	512	224	0	1446
1472	7	18072280018620	none	1447	8dbf09b7	512	224	0	1447
1473	0	18072297237540	none	1448	1fdc905c	512	224	0	1448
1474	1	18072310409620	none	1449	0bbdfbd2	512	224	0	1449
1475	2	18072327603910	none	1450	df4bf3cf	512	224	0	1450
1476	3	18072344987950	none	1451	ee37b2cf	512	224	0	1451
1477	4	18072362204510	none	1452	fb5cb603	512	224	0	1452
1478	5	18072379388820	none	1453	1da7476f	512	224	0	1453
1479	6	18072396581330	none	1454	31c895c2	512	224	0	1454
1480	7	18072413800060	none	1455	36883c6b	512	224	0	1455
1481	0	18072427015260	none	1456	2b62f37a	512	224	0	1456
1482	1	18072444202970	none	1457	6b074053	512	224	0	1457
1483	2	18072461384490	none	1458	dfe15f5a	512	224	0	1458
1484	3	18072478692400	none	1459	59bf1c4b	512	224	0	1459
1485	4	18072495952400	none	1460	f983066d	512	224	0	1460
1486	5	18072513207370	none	1461	445112ef	512	224	0	1461
1487	6	18072530422660	none	1462	eada0be4	512	224	0	1462
1488	7	18072543725470	none	1463	94d2b858	512	224	0	1463
1489	0	18072560952120	none	1464	90095def	512	224	0	1464
1490	1	18072578194760	none	1465	4644ebfe	512	224	0	1465
1491	2	18072595378040	none	1466	0cee8a18	512	224	0	1466
1492	3	18072612588060	none	1467	9da48890	512	224	0	1467
1493	4	18072629904870	none	1468	2225a76e	512	224	0	1468
1494	5	18072643229950	none	1469	7cfdaa16	512	224	0	1469
1495	6	18072660421500	none	1470	3664aabe	512	224	0	1470
1496	7	18072677752330	none	1471	4f815b3e	512	224	0	1471
1497	0	18072694981220	none	1472	8bde422e	512	224	0	1472
1498	1	18072712210500	none	1473	b22bd6b1	512	224	0	1473
1499	2	18072729413760	none	1474	7d8ae57b	512	224	0	1474
1500	3	18072746703470	none	1475	ad465cdd	512	224	0	1475
1501	4	18072759885450	none	1476	33006a7f	512	224	0	1476
1502	5	18072777338670	none	1477	dfd51a74	512	224	0	1477
1503	6	18072794942590	none	1478	e9778fcf	512	224	0	1478
1504	7	18072812184940	none	1479	211dba5a	512	224	0	1479
1505	0	18072829372350	none	1480	d6d016e3	512	224	0	1480
1506	1	18072846701490	none	1481	4fbaf63a	512	224	0	1481
1507	2	18072859912200	none	1482	5e1bed1d	512	224	0	1482
1508	3	18072877162110	none	1483	3b3de3f8	512	224	0	1483
1509	4	18072894366580	none	1484	337d703d	512	224	0	1484
1510	5	18072911558670	none	1485	b805e542	512	224	0	1485
1511	6	18072928794060	none	1486	6c4a9205	512	224	0	1486
1512	7	18072946179890	none	1487	18886ef8	512	224	0	1487
1513	0	18072959341130	none	1488	44916082	512	224	0	1488
1514	1	18072976706210	none	1489	ffa05c0c	512	224	0	1489
1515	2	18072993952130	none	1490	9094aed6	512	224	0	1490
1516	3	18073011251340	none	1491	d856b9c9	512	224	0	1491
1517	4	18073028488100	none	1492	0e3e54ef	512	224	0	1492
1518	5	18073045751360	none	1493	8b78429c	512	224	0	1493
1519	6	18073063012140	none	1494	0a05c11f	512	224	0	1494
1520	7	18073076185920	none	1495	00e6702e	512	224	0	1495
1521	0	18073093374850	none	1496	2aa7633f	512	224	0	1496
1522	1	18073110570880	none	1497	1d578af2	512	224	0	1497
1523	2	18073127793290	none	1498	74ddce3a	512	224	0	1498
1524	3	18073145027150	none	1499	cab2b87f	512	224	0	1499
1525	4	18073162228560	none	1500	588511d6	512	224	0	1500
1526	5	18073179424950	none	1501	71eda47b	512	224	0	1501
1527	6	18073192710660	none	1502	ea7fdb84	512	224	0	1502
1528	7	18073209932920	none	1503	5d368dcb	512	224	0	1503
1529	0	18073227179360	none	1504	dce71c18	512	224	0	1504
1530	1	18073244394150	none	1505	7851e47b	512	224	0	1505
1531	2	18073261603730	none	1506	2540c0eb	512	224	0	1506
1532	3	18073278851870	none	1507	2c86e6d9	512	224	0	1507
1533	4	18073292195330	none	1508	9d6abc42	512	224	0	1508
1534	5	18073309506610	none	1509	86c8e824	512	224	0	1509
1535	6	18073326743810	none	1510	1cfe61d2	512	224	0	1510
1536	7	18073344006290	none	1511	ec1ef3c9	512	224	0	1511
1537	0	18073361214500	none	1512	af6178ef	512	224	0	1512
1538	1	18073378398830	none	1513	88722731	512	224	0	1513
1539	2	18073395746780	none	1514	26eccc8c	512	224	0	1514
1540	3	18073408930410	none	1515	e06600fa	512	224	0	1515
1541	4	18073426174740	none	1516	7d39b3bb	512	224	0	1516
1542	5	18073443364780	none	1517	0be9ecda	512	224	0	1517
1543	6	18073460557250	none	1518	f9365811	512	224	0	1518
1544	7	18073477781720	none	1519	03195042	512	224	0	1519
1545	0	18073495226230	none	1520	7267bcb1	512	224	0	1520
1546	1	18073508404460	none	1521	7aef6116	512	224	0	1521
1547	2	18073525778680	none	1522	ae5dc385	512	224	0	1522
1548	3	18073543053260	none	1523	ea7f5d92	512	224	0	1523
1549	4	18073560272130	none	1524	896bfc8a	512	224	0	1524
1550	5	18073577472160	none	1525	d761acb5	512	224	0	1525
1551	6	18073594699580	none	1526	d9adbb1c	512	224	0	1526
1552	7	18073611949700	none	1527	1dfc53e7	512	224	0	1527
1553	0	18073625186740	none	1528	0e151e6f	512	224	0	1528
1554	1	18073642726610	none	1529	abd25314	512	224	0	1529
1555	2	18073660264740	none	1530	2bc96991	512	224	0	1530
1556	3	18073677447650	none	1531	8b433eff	512	224	0	1531
1557	4	18073694682350	none	1532	60f7ea19	512	224	0	1532
1558	5	18073711921110	none	1533	ed7d5e6a	512	224	0	1533
1559	6	18073725122040	none	1534	1459b424	512	224	0	1534
1560	7	18073742328170	none	1535	8deec7e3	512	224	0	1535
1561	0	18073759515440	none	1536	7fe17fb7	512	224	0	1536
1562	1	18073776754340	none	1537	f0b5c9d2	512	224	0	1537
1563	2	18073794177500	none	1538	2af9931c	512	224	0	1538
1564	3	18073811406960	none	1539	a2b1a78a	512	224	0	1539
1565	4	18073824590910	none	1540	44e13188	512	224	0	1540
1566	5	18073841995850	none	1541	ff4f1fe6	512	224	0	1541
1567	6	18073859207760	none	1542	46d7515f	512	224	0	1542
1568	7	18073876374100	none	1543	be3e09c2	512	224	0	1543
1569	0	18073893622160	none	1544	49b49d9a	512	224	0	1544
1570	1	18073910856140	none	1545	87e09e6d	512	224	0	1545
1571	2	18073928097860	none	1546	e08b4ff7	512	224	0	1546
1572	3	18073941264460	none	1547	c7441dce	512	224	0	1547
1573	4	18073958573190	none	1548	6a56befa	512	224	0	1548
1574	5	18073975805080	none	1549	ee2cefa9	512	224	0	1549
1575	6	18073993061770	none	1550	1fe0e3d4	512	224	0	1550
1576	7	18074010279980	none	1551	e83f4aee	512	224	0	1551
1577	0	18074027483510	none	1552	1d276055	512	224	0	1552
1578	1	18074040758100	none	1553	58a379a0	512	224	0	1553
1579	2	18074058048760	none	1554	a4ed21ae	512	224	0	1554
1580	3	18074075410680	none	1555	8724174f	512	224	0	1555
1581	4	18074092639930	none	1556	26a82375	512	224	0	1556
1582	5	18074110063420	none	1557	6a11d5a3	512	224	0	1557
1583	6	18074127264950	none	1558	4cd8b588	512	224	0	1558
1584	7	18074140543480	none	1559	9fdc989f	512	224	0	1559
1585	0	18074157756180	none	1560	6a9dc6df	512	224	0	1560
1586	1	18074175130080	none	1561	8c42baf6	512	224	0	1561
1587	2	18074192322370	none	1562	1e4ec5e8	512	224	0	1562
1588	3	18074209538660	none	1563	0405446b	512	224	0	1563
1589	4	18074226757600	none	1564	474b398a	512	224	0	1564
1590	5	18074244151520	none	1565	10edfb82	512	224	0	1565
1591	6	18074257328220	none	1566	65c7b45f	512	224	0	1566
1592	7	18074274560970	none	1567	7f9dd421	512	224	0	1567
1593	0	18074291826170	none	1568	93732d2f	512	224	0	1568
1594	1	18074309126280	none	1569	25f5d064	512	224	0	1569
1595	2	18074326325820	none	1570	f21e502f	512	224	0	1570
1596	3	18074343721230	none	1571	0e1315b8	512	224	0	1571
1597	4	18074356924350	none	1572	fa735bb6	512	224	0	1572
1598	5	18074374160040	none	1573	633ad618	512	224	0	1573
1599	6	18074391464160	none	1574	9fd9b047	512	224	0	1574
1600	7	18074408760780	none	1575	0eb515b3	512	224	0	1575
1601	0	18074425990460	none	1576	3c9f1b12	512	224	0	1576
1602	1	18074443330060	none	1577	2fa34efd	512	224	0	1577
1603	2	18074460517940	none	1578	a61bbd49	512	224	0	1578
1604	3	18074473726530	none	1579	3cc5aed0	512	224	0	1579
1605	4	18074490968280	none	1580	da80fdbf	512	224	0	1580
1606	5	18074508254380	none	1581	bfa22420	512	224	0	1581
1607	6	18074525458490	none	1582	b23ef867	512	224	0	1582
1608	7	18074542691610	none	1583	8cd1561a	512	224	0	1583
1609	0	18074559932500	none	1584	492de5f9	512	224	0	1584
1610	1	18074577145170	none	1585	5312980a	512	224	0	1585
1611	2	18074590324020	none	1586	033f0bb4	512	224	0	1586
1612	3	18074607576870	none	1587	0228133b	512	224	0	1587
1613	4	18074625033010	none	1588	96960ac2	512	224	0	1588
1614	5	18074642257960	none	1589	b45886f7	512	224	0	1589
1615	6	18074659464530	none	1590	fd9ee9ba	512	224	0	1590
1616	7	18074676698540	none	1591	90c22a21	512	224	0	1591
1617	0	18074689974350	none	1592	2f135f6f	512	224	0	1592
1618	1	18074707164620	none	1593	5a6fe1a1	512	224	0	1593
1619	2	18074724363090	none	1594	a53dc6f6	512	224	0	1594
1620	3	18074741684800	none	1595	5c92cf9f	512	224	0	1595
1621	4	18074758979900	none	1596	2f5e1363	512	224	0	1596
1622	5	18074776186230	none	1597	b13f8f15	512	224	0	1597
1623	6	18074793387640	none	1598	2adfd1cb	512	224	0	1598
1624	7	18074806542410	none	1599	6d6fcc5e	512	224	0	1599
1625	0	18074823758770	none	1600	80976153	512	224	0	1600
1626	1	18074840974200	none	1601	4b950290	512	224	0	1601
1627	2	18074858245990	none	1602	0b371957	512	224	0	1602
1628	3	18074875491150	none	1603	70d5f08f	512	224	0	1603
1629	4	18074892842100	none	1604	d2b9704f	512	224	0	1604
1630	5	18074906063700	none	1605	d46e7a99	512	224	0	1605
1631	6	18074923269100	none	1606	2c78411b	512	224	0	1606
1632	7	18074940450470	none	1607	908a5003	512	224	0	1607
1633	0	18074957678200	none	1608	29e94497	512	224	0	1608
1634	1	18074974969240	none	1609	1d73d78d	512	224	0	1609
1635	2	18074992363090	none	1610	b7566e90	512	224	0	1610
1636	3	18075009689940	none	1611	58ad2cd5	512	224	0	1611
1637	4	18075022867080	none	1612	938b4e44	512	224	0	1612
1638	5	18075040098460	none	1613	9487bada	512	224	0	1613
1639	6	18075057279810	none	1614	13a4f486	512	224	0	1614
1640	7	18075074466530	none	1615	d2f92684	512	224	0	1615
1641	0	18075091750100	none	1616	05cc3e16	512	224	0	1616
1642	1	18075108986070	none	1617	4e59d69c	512	224	0	1617
1643	2	18075126191350	none	1618	3ddba694	512	224	0	1618
1644	3	18075139462020	none	1619	4f8cf055	512	224	0	1619
1645	4	18075156704940	none	1620	f18fbcc3	512	224	0	1620
1646	5	18075174019690	none	1621	4b2b367e	512	224	0	1621
1647	6	18075191278050	none	1622	19d550bd	512	224	0	1622
1648	7	18075208520840	none	1623	b82e3ece	512	224	0	1623
1649	0	18075225761720	none	1624	daefd0a9	512	224	0	1624
1650	1	18075238982840	none	1625	a678e923	512	224	0	1625
1651	2	18075256185470	none	1626	140ef7dc	512	224	0	1626
1652	3	18075273360890	none	1627	2afc3592	512	224	0	1627
1653	4	18075290612620	none	1628	5f11def0	512	224	0	1628
1654	5	18075307886620	none	1629	48acb2b1	512	224	0	1629
1655	6	18075325161430	none	1630	e931e329	512	224	0	1630
1656	7	18075342354870	none	1631	2e5a5bf1	512	224	0	1631
1657	0	18075355597310	none	1632	4dba9b8e	512	224	0	1632
1658	1	18075372808880	none	1633	2b4235f2	512	224	0	1633
1659	2	18075390032000	none	1634	3b38ded1	512	224	0	1634
1660	3	18075407326980	none	1635	a4d496bb	512	224	0	1635
1661	4	18075424600510	none	1636	198f836d	512	224	0	1636
1662	5	18075441996620	none	1637	57085660	512	224	0	1637
1663	6	18075455189040	none	1638	97a67dbe	512	224	0	1638
1664	7	18075472385680	none	1639	85536153	512	224	0	1639
1665	0	18075489585900	none	1640	ebdfe972	512	224	0	1640
1666	1	18075506791370	none	1641	d3854eae	512	224	0	1641
1667	2	18075524014200	none	1642	a5a6ad5b	512	224	0	1642
1668	3	18075541444470	none	1643	d96a7aff	512	224	0	1643
1669	4	18075558718430	none	1644	c18a1fc4	512	224	0	1644
1670	5	18075571896700	none	1645	3d9d16f4	512	224	0	1645
1671	6	18075589115300	none	1646	3a091f3f	512	224	0	1646
1672	7	18075606308150	none	1647	c27d8969	512	224	0	1647
1673	0	18075623484820	none	1648	ee6225fa	512	224	0	1648
1674	1	18075640727410	none	1649	e7b5695f	512	224	0	1649
1675	2	18075658032900	none	1650	4f10613c	512	224	0	1650
1676	3	18075671358930	none	1651	1f24cc3e	512	224	0	1651
1677	4	18075688577840	none	1652	5e97273f	512	224	0	1652
1678	5	18075705911880	none	1653	999a2d30	512	224	0	1653
1679	6	18075723130240	none	1654	18db057c	512	224	0	1654
1680	7	18075740433510	none	1655	465a3c03	512	224	0	1655
1681	0	18075757660370	none	1656	cce55285	512	224	0	1656
1682	1	18075774955840	none	1657	0779cfa6	512	224	0	1657
1683	2	18075788122280	none	1658	30b47e06	512	224	0	1658
1684	3	18075805306730	none	1659	efd5a4d4	512	224	0	1659
1685	4	18075822482570	none	1660	8c6f8ee7	512	224	0	1660
1686	5	18075839730710	none	1661	3ad2ad9b	512	224	0	1661
1687	6	18075856955940	none	1662	4a56f163	512	224	0	1662
1688	7	18075874151470	none	1663	22f37bb7	512	224	0	1663
1689	0	18075891472290	none	1664	4ae56caf	512	224	0	1664
1690	1	18075904683300	none	1665	aa4d7f29	512	224	0	1665
1691	2	18075922021970	none	1666	39a5c573	512	224	0	1666
1692	3	18075939316510	none	1667	292c6c40	512	224	0	1667
1693	4	18075956584530	none	1668	1d17d2d2	512	224	0	1668
1694	5	18075973898260	none	1669	216745ee	512	224	0	1669
1695	6	18075991158530	none	1670	e55ebe75	512	224	0	1670
1696	7	18076004422440	none	1671	607c74fd	512	224	0	1671
1697	0	18076021660210	none	1672	a3aba7ae	512	224	0	1672
1698	1	18076038879930	none	1673	75911296	512	224	0	1673
1699	2	18076056176320	none	1674	b36d14e7	512	224	0	1674
1700	3	18076073390790	none	1675	dc809357	512	224	0	1675
1701	4	18076090710660	none	1676	ce9f5307	512	224	0	1676
1702	5	18076103982500	none	1677	d0fac67a	512	224	0	1677
1703	6	18076121191640	none	1678	20b93d97	512	224	0	1678
1704	7	18076138367380	none	1679	2a15fbe3	512	224	0	1679
1705	0	18076155557540	none	1680	779ff624	512	224	0	1680
1706	1	18076172867210	none	1681	c3acc7b6	512	224	0	1681
1707	2	18076190113640	none	1682	bef89e82	512	224	0	1682
1708	3	18076207330070	none	1683	b9e447dd	512	224	0	1683
1709	4	18076220545540	none	1684	20d8a37b	512	224	0	1684
1710	5	18076237762160	none	1685	c18e19d3	512	224	0	1685
1711	6	18076255111230	none	1686	1b73ac68	512	224	0	1686
1712	7	18076272290080	none	1687	a3d6d93f	512	224	0	1687
1713	0	18076289646740	none	1688	94075afb	512	224	0	1688
1714	1	18076306972770	none	1689	9bc2c941	512	224	0	1689
1715	2	18076324162760	none	1690	12df0c7a	512	224	0	1690
1716	3	18076337398130	none	1691	5ca688d7	512	224	0	1691
1717	4	18076354621330	none	1692	3bdfc3cf	512	224	0	1692
1718	5	18076371828590	none	1693	213a0b74	512	224	0	1693
1719	6	18076389206970	none	1694	84835c17	512	224	0	1694
1720	7	18076406397500	none	1695	6644c0d0	512	224	0	1695
1721	0	18076423624900	none	1696	104e3601	512	224	0	1696
1722	1	18076436963270	none	1697	c5c72d2e	512	224	0	1697
1723	2	18076454146270	none	1698	962c6e63	512	224	0	1698
1724	3	18076471342160	none	1699	cdc0fb5f	512	224	0	1699
1725	4	18076488565070	none	1700	9af5fc61	512	224	0	1700
1726	5	18076505797160	none	1701	5d34fd73	512	224	0	1701
1727	6	18076523027930	none	1702	3995f4c3	512	224	0	1702
1728	7	18076540226010	none	1703	89470e7d	512	224	0	1703
1729	0	18076553386010	none	1704	538f7784	512	224	0	1704
1730	1	18076570577590	none	1705	cb176126	512	224	0	1705
1731	2	18076587787530	none	1706	09cb3d8c	512	224	0	1706
1732	3	18076605124360	none	1707	11be3dd8	512	224	0	1707
1733	4	18076622330650	none	1708	4573c96d	512	224	0	1708
1734	5	18076639542900	none	1709	9d9f1b29	512	224	0	1709
1735	6	18076656806680	none	1710	d32df10c	512	224	0	1710
1736	7	18076670110750	none	1711	f78ee6a8	512	224	0	1711
1737	0	18076687287260	none	1712	7df11f25	512	224	0	1712
1738	1	18076704471140	none	1713	bf2dfc17	512	224	0	1713
1739	2	18076721691950	none	1714	84f2e476	512	224	0	1714
1740	3	18076739030720	none	1715	64831da4	512	224	0	1715
1741	4	18076756260350	none	1716	d49efbce	512	224	0	1716
1742	5	18076773457750	none	1717	86461900	512	224	0	1717
1743	6	18076786658240	none	1718	ddcf76b1	512	224	0	1718
1744	7	18076803873550	none	1719	2111ad43	512	224	0	1719
1745	0	18076821092110	none	1720	359ae83a	512	224	0	1720
1746	1	18076838413500	none	1721	02cd0af5	512	224	0	1721
1747	2	18076855643830	none	1722	afa864eb	512	224	0	1722
1748	3	18076872863430	none	1723	3d262e4c	512	224	0	1723
1749	4	18076886062250	none	1724	60c81d69	512	224	0	1724
1750	5	18076903246180	none	1725	72419f7f	512	224	0	1725
1751	6	18076920417360	none	1726	b378b812	512	224	0	1726
1752	7	18076937673470	none	1727	b4b4b523	512	224	0	1727
1753	0	18076954895370	none	1728	7738f19e	512	224	0	1728
1754	1	18076972111610	none	1729	7668caf7	512	224	0	1729
1755	2	18076989312510	none	1730	f882d152	512	224	0	1730
1756	3	18077006531980	none	1731	b4096755	512	224	0	1731
1757	4	18077019734210	none	1732	374eca70	512	224	0	1732
1758	5	18077036982910	none	1733	59c71a97	512	224	0	1733
1759	6	18077054178490	none	1734	0f9c781f	512	224	0	1734
1760	7	18077071361160	none	1735	065d9229	512	224	0	1735
1761	0	18077088592410	none	1736	bd727115	512	224	0	1736
1762	1	18077105829650	none	1737	a799efd1	512	224	0	1737
1763	2	18077119086210	none	1738	57019d8f	512	224	0	1738
1764	3	18077136269780	none	1739	f8afe264	512	224	0	1739
1765	4	18077153457210	none	1740	d1ce4c1b	512	224	0	1740
1766	5	18077170679580	none	1741	e4cca329	512	224	0	1741
1767	6	18077187988860	none	1742	32c94408	512	224	0	1742
1768	7	18077205194940	none	1743	d8a98b9f	512	224	0	1743
1769	0	18077222407760	none	1744	84df01a8	512	224	0	1744
1770	1	18077235618620	none	1745	372ebff4	512	224	0	1745
1771	2	18077252819460	none	1746	ae661850	512	224	0	1746
1772	3	18077270068120	none	1747	6ab59bd8	512	224	0	1747
1773	4	18077287418820	none	1748	04fd528f	512	224	0	1748
1774	5	18077304711230	none	1749	9ff7fdd7	512	224	0	1749
1775	6	18077321928160	none	1750	c6b13f0d	512	224	0	1750
1776	7	18077339125310	none	1751	a3d6d9c7	512	224	0	1751
1777	0	18077352283310	none	1752	3aad9925	512	224	0	1752
1778	1	18077369454970	none	1753	9cdf4d0d	512	224	0	1753
1779	2	18077386680680	none	1754	51bb0e31	512	224	0	1754
1780	3	18077403884620	none	1755	350f02f0	512	224	0	1755
1781	4	18077421164820	none	1756	cbcaa31f	512	224	0	1756
1782	5	18077438355520	none	1757	47099642	512	224	0	1757
1783	6	18077455570500	none	1758	3e545a08	512	224	0	1758
1784	7	18077468760410	none	1759	d8c4e38e	512	224	0	1759
1785	0	18077485989520	none	1760	dcd2612a	512	224	0	1760
1786	1	18077503173360	none	1761	1ebca6f5	512	224	0	1761
1787	2	18077520364220	none	1762	58b9b914	512	224	0	1762
1788	3	18077537614850	none	1763	dbcebf35	512	224	0	1763
1789	4	18077554833910	none	1764	09437ece	512	224	0	1764
1790	5	18077572103990	none	1765	998b4bed	512	224	0	1765
1791	6	18077585321420	none	1766	b03a87e0	512	224	0	1766
1792	7	18077602534330	none	1767	3891b240	512	224	0	1767
1793	0	18077619767080	none	1768	5d081470	512	224	0	1768
1794	1	18077637160370	none	1769	26c3817e	512	224	0	1769
1795	2	18077654332190	none	1770	a1c0ff19	512	224	0	1770
1796	3	18077671557960	none	1771	1b8df3fb	512	224	0	1771
1797	4	18077684741410	none	1772	43ce4df6	512	224	0	1772
1798	5	18077702110790	none	1773	4d77a0ff	512	224	0	1773
1799	6	18077719284370	none	1774	ed201acd	512	224	0	1774
1800	7	18077736616550	none	1775	2d853dbe	512	224	0	1775
1801	0	18077753968510	none	1776	6ac15436	512	224	0	1776
1802	1	18077771180670	none	1777	e79bc8ae	512	224	0	1777
1803	2	18077788388920	none	1778	750d1a46	512	224	0	1778
1804	3	18077801601050	none	1779	93c84a77	512	224	0	1779
1805	4	18077818845600	none	1780	d2082212	512	224	0	1780
1806	5	18077836298500	none	1781	1b604b0b	512	224	0	1781
1807	6	18077853499330	none	1782	4b21f72c	512	224	0	1782
1808	7	18077870733580	none	1783	92849066	512	224	0	1783
1809	0	18077888017680	none	1784	bba3d548	512	224	0	1784
1810	1	18077901191730	none	1785	807d9344	512	224	0	1785
1811	2	18077918365090	none	1786	c353986d	512	224	0	1786
1812	3	18077935598730	none	1787	e13e71d7	512	224	0	1787
1813	4	18077952825080	none	1788	3b1b264e	512	224	0	1788
1814	5	18077970055350	none	1789	81a116cc	512	224	0	1789
1815	6	18077987238360	none	1790	39a40748	512	224	0	1790
1816	7	18078004411700	none	1791	7ebc8fe6	512	224	0	1791
1817	0	18078017608070	none	1792	151b2976	512	224	0	1792
1818	1	18078034850600	none	1793	99c18f00	512	224	0	1793
1819	2	18078052084330	none	1794	2afe3b23	512	224	0	1794
1820	3	18078069299310	none	1795	6725da56	512	224	0	1795
1821	4	18078086641570	none	1796	485ffd49	512	224	0	1796
1822	5	18078103872070	none	1797	c6bcd659	512	224	0	1797
1823	6	18078121112550	none	1798	17a5cc85	512	224	0	1798
1824	7	18078134276120	none	1799	6aef3834	512	224	0	1799
1825	0	18078151468260	none	1800	15dad9b1	512	224	0	1800
1826	1	18078168690000	none	1801	f4def672	512	224	0	1801
1827	2	18078185979010	none	1802	9dd748d7	512	224	0	1802
1828	3	18078203171950	none	1803	691d3151	512	224	0	1803
1829	4	18078220358330	none	1804	9082a36f	512	224	0	1804
1830	5	18078237587770	none	1805	cba59a20	512	224	0	1805
1831	6	18078250780590	none	1806	ed1612b2	512	224	0	1806
1832	7	18078268011630	none	1807	1482f5f0	512	224	0	1807
1833	0	18078285378340	none	1808	628d1a10	512	224	0	1808
1834	1	18078302604190	none	1809	b0699f60	512	224	0	1809
1835	2	18078319830330	none	1810	6f4f7cb1	512	224	0	1810
1836	3	18078337171990	none	1811	3e3a5d68	512	224	0	1811
1837	4	18078350363870	none	1812	0c9bb529	512	224	0	1812
1838	5	18078367593130	none	1813	37a33a36	512	224	0	1813
1839	6	18078384793660	none	1814	949e0836	512	224	0	1814
1840	7	18078402036740	none	1815	d65ca0b4	512	224	0	1815
1841	0	18078419226190	none	1816	9674f46c	512	224	0	1816
1842	1	18078436421460	none	1817	698430ee	512	224	0	1817
1843	2	18078453644590	none	1818	400c95d0	512	224	0	1818
1844	3	18078466813500	none	1819	395756b0	512	224	0	1819
1845	4	18078484198310	none	1820	77136091	512	224	0	1820
1846	5	18078501386320	none	1821	4eb291db	512	224	0	1821
1847	6	18078518638250	none	1822	a62907be	512	224	0	1822
1848	7	18078536006160	none	1823	cedb4b5f	512	224	0	1823
1849	0	18078553231200	none	1824	ffaa1bea	512	224	0	1824
1850	1	18078570484300	none	1825	3a5d93cb	512	224	0	1825
1851	2	18078583679590	none	1826	5f35cca3	512	224	0	1826
1852	3	18078601011200	none	1827	e61e90e3	512	224	0	1827
1853	4	18078618208390	none	1828	5e499331	512	224	0	1828
1854	5	18078635423890	none	1829	e338b722	512	224	0	1829
1855	6	18078652703950	none	1830	51523db8	512	224	0	1830
1856	7	18078670288040	none	1831	3c55c338	512	224	0	1831
1857	0	18078683586210	none	1832	af9620fb	512	224	0	1832
1858	1	18078700798320	none	1833	2c076cf9	512	224	0	1833
1859	2	18078718027310	none	1834	07291204	512	224	0	1834
1860	3	18078735234900	none	1835	dbc49c5c	512	224	0	1835
1861	4	18078752419180	none	1836	dd493b69	512	224	0	1836
1862	5	18078769654980	none	1837	5150dab6	512	224	0	1837
1863	6	18078786850350	none	1838	f403769a	512	224	0	1838
1864	7	18078800200270	none	1839	9eec1cc8	512	224	0	1839
1865	0	18078817399540	none	1840	ae8ddac0	512	224	0	1840
1866	1	18078834726070	none	1841	55823b87	512	224	0	1841
1867	2	18078851965400	none	1842	b6c5bcb0	512	224	0	1842
1868	3	18078869280510	none	1843	b94f7f87	512	224	0	1843
1869	4	18078886507700	none	1844	8ba0901a	512	224	0	1844
1870	5	18078899696110	none	1845	0bdee327	512	224	0	1845
1871	6	18078916914080	none	1846	aa8ffcc5	512	224	0	1846
1872	7	18078934113640	none	1847	0e786371	512	224	0	1847
1873	0	18078951325700	none	1848	bd3b50a5	512	224	0	1848
1874	1	18078968531960	none	1849	b1d54d98	512	224	0	1849
1875	2	18078985758960	none	1850	5f33fbf8	512	224	0	1850
1876	3	18079003128370	none	1851	bb11e5d6	512	224	0	1851
1877	4	18079016284730	none	1852	535702bf	512	224	0	1852
1878	5	18079033666370	none	1853	f6e4236c	512	224	0	1853
1879	6	18079050973640	none	1854	21b3d547	512	224	0	1854
1880	7	18079068173230	none	1855	b64a98f1	512	224	0	1855
1881	0	18079085382600	none	1856	4effc38c	512	224	0	1856
1882	1	18079102612470	none	1857	a9d3ff05	512	224	0	1857
1883	2	18079115807750	none	1858	5e1d4f21	512	224	0	1858
1884	3	18079133231730	none	1859	ca8e342b	512	224	0	1859
1885	4	18079150477380	none	1860	2210769e	512	224	0	1860
1886	5	18079167711780	none	1861	3d25e7e5	512	224	0	1861
1887	6	18079185009730	none	1862	b59c6979	512	224	0	1862
1888	7	18079202193290	none	1863	f2c142f8	512	224	0	1863
1889	0	18079219375850	none	1864	e38043ca	512	224	0	1864
1890	1	18079232566910	none	1865	3b388809	512	224	0	1865
1891	2	18079249783960	none	1866	761197db	512	224	0	1866
1892	3	18079267016520	none	1867	fcb59f64	512	224	0	1867
1893	4	18079284225820	none	1868	f6023237	512	224	0	1868
1894	5	18079301401160	none	1869	985252bb	512	224	0	1869
1895	6	18079318630270	none	1870	bc647797	512	224	0	1870
1896	7	18079335844000	none	1871	ee8da8a8	512	224	0	1871
1897	0	18079349185410	none	1872	9d1d73a7	512	224	0	1872
1898	1	18079366375560	none	1873	d4debf45	512	224	0	1873
1899	2	18079383607900	none	1874	e26dbe14	512	224	0	1874
1900	3	18079400888200	none	1875	62d11bf9	512	224	0	1875
1901	4	18079418228820	none	1876	b93c41b8	512	224	0	1876
1902	5	18079435439050	none	1877	2971fe4d	512	224	0	1877
1903	6	18079448721110	none	1878	3957269c	512	224	0	1878
1904	7	18079465944990	none	1879	6917e650	512	224	0	1879
1905	0	18079483155630	none	1880	b87d0dbd	512	224	0	1880
1906	1	18079500340660	none	1881	387e4485	512	224	0	1881
1907	2	18079517557240	none	1882	c0046a0d	512	224	0	1882
1908	3	18079534788620	none	1883	fcb1545b	512	224	0	1883
1909	4	18079552165070	none	1884	9fdf1884	512	224	0	1884
1910	5	18079565335630	none	1885	f9029485	512	224	0	1885
1911	6	18079582674100	none	1886	8ca0be1a	512	224	0	1886
1912	7	18079599965730	none	1887	96d0382c	512	224	0	1887
1913	0	18079617174350	none	1888	612186cf	512	224	0	1888
1914	1	18079634369440	none	1889	1110ab2e	512	224	0	1889
1915	2	18079651608070	none	1890	83007d30	512	224	0	1890
1916	3	18079664798550	none	1891	595ac607	512	224	0	1891
1917	4	18079682284410	none	1892	b598aa59	512	224	0	1892
1918	5	18079699628180	none	1893	ff3da550	512	224	0	1893
1919	6	18079716827670	none	1894	02ea52da	512	224	0	1894
1920	7	18079734046870	none	1895	08ff7ac1	512	224	0	1895
1921	0	18079751250960	none	1896	15851704	512	224	0	1896
1922	1	18079768452130	none	1897	3c1e8246	512	224	0	1897
1923	2	18079781644210	none	1898	242b95c1	512	224	0	1898
1924	3	18079798878980	none	1899	bf36197d	512	224	0	1899
1925	4	18079816077310	none	1900	51934862	512	224	0	1900
1926	5	18079833286150	none	1901	86006ecb	512	224	0	1901
1927	6	18079850480850	none	1902	7054a54b	512	224	0	1902
1928	7	18079867691150	none	1903	6dbde428	512	224	0	1903
1929	0	18079884929130	none	1904	b6fcf744	512	224	0	1904
1930	1	18079898099100	none	1905	b304c45b	512	224	0	1905
1931	2	18079915282040	none	1906	5c11a028	512	224	0	1906
1932	3	18079932497540	none	1907	f294d742	512	224	0	1907
1933	4	18079949802380	none	1908	5e6fe6b7	512	224	0	1908
1934	5	18079967145990	none	1909	848b4c17	512	224	0	1909
1935	6	18079984368120	none	1910	c70179a8	512	224	0	1910
1936	7	18079997681480	none	1911	eb6932a0	512	224	0	1911
1937	0	18080014904310	none	1912	4ec0fd48	512	224	0	1912
1938	1	18080032105960	none	1913	32cb4416	512	224	0	1913
1939	2	18080049320470	none	1914	fed8ad2a	512	224	0	1914
1940	3	18080066570200	none	1915	08b39ac2	512	224	0	1915
1941	4	18080083775580	none	1916	26ae2d6b	512	224	0	1916
1942	5	18080101167050	none	1917	eedab0b1	512	224	0	1917
1943	6	18080114328110	none	1918	b3d2140a	512	224	0	1918
1944	7	18080131669400	none	1919	52ffd6f6	512	224	0	1919
1945	0	18080148969420	none	1920	8de804f3	512	224	0	1920
1946	1	18080166157510	none	1921	d830874d	512	224	0	1921
1947	2	18080183361500	none	1922	cf81cd3c	512	224	0	1922
1948	3	18080200624920	none	1923	d94dd19a	512	224	0	1923
1949	4	18080217873530	none	1924	0b880c7c	512	224	0	1924
1950	5	18080231037190	none	1925	d228076b	512	224	0	1925
1951	6	18080248235730	none	1926	c189c74e	512	224	0	1926
1952	7	18080265426700	none	1927	f8ff36d4	512	224	0	1927
1953	0	18080282657980	none	1928	1f52a275	512	224	0	1928
1954	1	18080299870280	none	1929	a4bc7066	512	224	0	1929
1955	2	18080317065640	none	1930	42181d02	512	224	0	1930
1956	3	18080334247660	none	1931	8d2fc6b6	512	224	0	1931
1957	4	18080347445960	none	1932	3272dabb	512	224	0	1932
1958	5	18080364733310	none	1933	7484b999	512	224	0	1933
1959	6	18080382016670	none	1934	eb541aed	512	224	0	1934
1960	7	18080399204710	none	1935	c998c054	512	224	0	1935
1961	0	18080416439120	none	1936	ad3244f6	512	224	0	1936
1962	1	18080433665010	none	1937	50d5d8ee	512	224	0	1937
1963	2	18080446913730	none	1938	a549a7cc	512	224	0	1938
1964	3	18080464139270	none	1939	cd1808c3	512	224	0	1939
1965	4	18080481434490	none	1940	3ac039b9	512	224	0	1940
1966	5	18080498677630	none	1941	5c45d770	512	224	0	1941
1967	6	18080515914050	none	1942	9e533336	512	224	0	1942
1968	7	18080533122870	none	1943	d5d2f04a	512	224	0	1943
1969	0	18080550450850	none	1944	456080f6	512	224	0	1944
1970	1	18080563637670	none	1945	a1d34e9b	512	224	0	1945
1971	2	18080580947740	none	1946	cd043237	512	224	0	1946
1972	3	18080598140080	none	1947	df035bb6	512	224	0	1947
1973	4	18080615341490	none	1948	b056017d	512	224	0	1948
1974	5	18080632585910	none	1949	48ce343d	512	224	0	1949
1975	6	18080649794620	none	1950	20565d48	512	224	0	1950
1976	7	18080667031610	none	1951	c3a851d2	512	224	0	1951
1977	0	18080680176230	none	1952	a4cb55ff	512	224	0	1952
1978	1	18080697361770	none	1953	76f93294	512	224	0	1953
1979	2	18080714611060	none	1954	1ceeb127	512	224	0	1954
1980	3	18080731864040	none	1955	5884c6f6	512	224	0	1955
1981	4	18080749136870	none	1956	70195c2e	512	224	0	1956
1982	5	18080766352900	none	1957	dbd502dd	512	224	0	1957
1983	6	18080783620330	none	1958	62366c5d	512	224	0	1958
1984	7	18080796946010	none	1959	a182fd6c	512	224	0	1959
1985	0	18080814187880	none	1960	3b506602	512	224	0	1960
1986	1	18080831397090	none	1961	fac57e1e	512	224	0	1961
1987	2	18080848634360	none	1962	32e999dd	512	224	0	1962
1988	3	18080865915710	none	1963	2d5362bd	512	224	0	1963
1989	4	18080883121460	none	1964	b61dda74	512	224	0	1964
1990	5	18080896287190	none	1965	2b374b36	512	224	0	1965
1991	6	18080913492810	none	1966	ea0e88a6	512	224	0	1966
1992	7	18080930728810	none	1967	82c27e4e	512	224	0	1967
1993	0	18080947948800	none	1968	8fdac188	512	224	0	1968
1994	1	18080965150070	none	1969	496ab014	512	224	0	1969
1995	2	18080982354120	none	1970	59e27d9a	512	224	0	1970
1996	3	18080999759680	none	1971	2fc3d906	512	224	0	1971
1997	4	18081013040190	none	1972	5fc85722	512	224	0	1972
1998	5	18081030256370	none	1973	6824339c	512	224	0	1973
1999	6	18081047455510	none	1974	c08ca467	512	224	0	1974
2000	7	18081064727870	none	1975	6cfe2f5a	512	224	0	1975
2001	0	18081081962980	none	1976	b5c8bf5e	512	224	0	1976
2002	1	18081099329250	none	1977	300059de	512	224	0	1977
2003	2	18081112521940	none	1978	57e80de7	512	224	0	1978
2004	3	18081129855030	none	1979	0cd113e4	512	224	0	1979
2005	4	18081147054550	none	1980	78067331	512	224	0	1980
2006	5	18081164321360	none	1981	10a9d160	512	224	0	1981
2007	6	18081181546990	none	1982	3409255c	512	224	0	1982
2008	7	18081198775770	none	1983	e522ff29	512	224	0	1983
2009	0	18081216008680	none	1984	8b3b52ca	512	224	0	1984
2010	1	18081229170910	none	1985	baab9dec	512	224	0	1985
2011	2	18081246357100	none	1986	fb4623ad	512	224	0	1986
2012	3	18081263673590	none	1987	df8d617e	512	224	0	1987
2013	4	18081280986220	none	1988	aff33ca4	512	224	0	1988
2014	5	18081298323540	none	1989	6c77638f	512	224	0	1989
2015	6	18081315553580	none	1990	42d38e46	512	224	0	1990
2016	7	18081328734310	none	1991	ce896721	512	224	0	1991
2017	0	18081345973550	none	1992	a7a60afa	512	224	0	1992
2018	1	18081363163650	none	1993	4237d8a0	512	224	0	1993
2019	2	18081380370170	none	1994	1db7adec	512	224	0	1994
2020	3	18081397615590	none	1995	e37ef76c	512	224	0	1995
2021	4	18081414876630	none	1996	a3844da0	512	224	0	1996
2022	5	18081432078960	none	1997	33c9b04e	512	224	0	1997
2023	6	18081445283760	none	1998	44ee927a	512	224	0	1998
2024	7	18081462479950	none	1999	baced7ff	512	224	0	1999
2025	0	18081479711870	none	2000	c039561c	512	224	0	2000
2026	1	18081496936840	none	2001	7ceb6099	512	224	0	2001
2027	2	18081514150840	none	2002	5b958d8d	512	224	0	2002
2028	3	18081531389640	none	2003	53382b6a	512	224	0	2003
2029	4	18081548763660	none	2004	3385edf6	512	224	0	2004
2030	5	18081561959580	none	2005	77c8d4ca	512	224	0	2005
2031	6	18081579182010	none	2006	9ca2a8e0	512	224	0	2006
2032	7	18081596355650	none	2007	51834758	512	224	0	2007
2033	0	18081613618050	none	2008	027fe42d	512	224	0	2008
2034	1	18081630842750	none	2009	6f3d4ee0	512	224	0	2009
2035	2	18081648181230	none	2010	d90bf59a	512	224	0	2010
2036	3	18081665387550	none	2011	2d92b5e3	512	224	0	2011
2037	4	18081678562280	none	2012	62cf3c41	512	224	0	2012
2038	5	18081695772140	none	2013	ddb69a1c	512	224	0	2013
2039	6	18081713094750	none	2014	1ac2cd38	512	224	0	2014
2040	7	18081730375910	none	2015	18ce64c2	512	224	0	2015
2041	0	18081747706850	none	2016	54115549	512	224	0	2016
2042	1	18081764988000	none	2017	c8aee845	512	224	0	2017
2043	2	18081778136750	none	2018	3fbf0e16	512	224	0	2018
2044	3	18081795403330	none	2019	2d72cb1b	512	224	0	2019
2045	4	18081812666880	none	2020	493cf6e2	512	224	0	2020
2046	5	18081829919800	none	2021	07b01fad	512	224	0	2021
2047	6	18081847255230	none	2022	0457128c	512	224	0	2022
2048	7	18081864458000	none	2023	2c923030	512	224	0	2023
2049	0	18081881700340	none	2024	9eef258d	512	224	0	2024
2050	1	18081894974440	none	2025	b67ba558	512	224	0	2025
2051	2	18081912152200	none	2026	a7297dc8	512	224	0	2026
2052	3	18081929345500	none	2027	f41a90b7	512	224	0	2027
2053	4	18081946578090	none	2028	0a75f1bf	512	224	0	2028
2054	5	18081963791150	none	2029	1486904c	512	224	0	2029
2055	6	18081981039680	none	2030	1df00d4b	512	224	0	2030
2056	7	18081998244160	none	2031	033f3330	512	224	0	2031
2057	0	18082011466830	none	2032	5d64c4bc	512	224	0	2032
2058	1	18082028704390	none	2033	f20557cc	512	224	0	2033
2059	2	18082045934690	none	2034	dd0b5966	512	224	0	2034
2060	3	18082063159650	none	2035	c004f3e5	512	224	0	2035
2061	4	18082080368800	none	2036	c5299a07	512	224	0	2036
2062	5	18082097707560	none	2037	84ec174b	512	224	0	2037
2063	6	18082110929170	none	2038	3dfce63a	512	224	0	2038
2064	7	18082128133530	none	2039	0273c737	512	224	0	2039
2065	0	18082145348240	none	2040	c1b49c09	512	224	0	2040
2066	1	18082162597620	none	2041	47ba3a57	512	224	0	2041
2067	2	18082179909160	none	2042	2fc9457a	512	224	0	2042
2068	3	18082197115200	none	2043	d1329ed1	512	224	0	2043
2069	4	18082214315220	none	2044	3d248762	512	224	0	2044
2070	5	18082227505780	none	2045	f0010960	512	224	0	2045
2071	6	18082244785080	none	2046	0d5b5276	512	224	0	2046
2072	7	18082262132090	none	2047	db769026	512	224	0	2047
2073	0	18082279327190	none	2048	4a666197	512	224	0	2048
2074	1	18082296646430	none	2049	50959b52	512	224	0	2049
2075	2	18082313960650	none	2050	70556223	512	224	0	2050
2076	3	18082327127820	none	2051	21bad5bc	512	224	0	2051
2077	4	18082344364480	none	2052	c6419dfe	512	224	0	2052
2078	5	18082361632600	none	2053	43a90390	512	224	0	2053
2079	6	18082378856310	none	2054	de30493e	512	224	0	2054
2080	7	18082396204900	none	2055	54cdc44a	512	224	0	2055
2081	0	18082413431470	none	2056	0fe22a25	512	224	0	2056
2082	1	18082430667720	none	2057	4182dea1	512	224	0	2057
2083	2	18082443975300	none	2058	ea1cea70	512	224	0	2058
2084	3	18082461162660	none	2059	35b6d17e	512	224	0	2059
2085	4	18082478350310	none	2060	9a39b795	512	224	0	2060
2086	5	18082495569530	none	2061	e8c47284	512	224	0	2061
2087	6	18082512787540	none	2062	f0d89a4a	512	224	0	2062
2088	7	18082530019840	none	2063	bfa68787	512	224	0	2063
2089	0	18082547232160	none	2064	25a5b29e	512	224	0	2064
2090	1	18082560390560	none	2065	a2cd5677	512	224	0	2065
2091	2	18082577614720	none	2066	1f444a3a	512	224	0	2066
2092	3	18082594872090	none	2067	2633442b	512	224	0	2067
2093	4	18082612141630	none	2068	0914493c	512	224	0	2068
2094	5	18082629335920	none	2069	a93e7adf	512	224	0	2069
2095	6	18082646583020	none	2070	760aeb40	512	224	0	2070
2096	7	18082663797060	none	2071	ad3999a8	512	224	0	2071
2097	0	18082677087050	none	2072	022d3972	512	224	0	2072
2098	1	18082694264960	none	2073	8a89f779	512	224	0	2073
2099	2	18082711482360	none	2074	d8ffc124	512	224	0	2074
2100	3	18082728696700	none	2075	1b97c240	512	224	0	2075
2101	4	18082746003540	none	2076	b8463db1	512	224	0	2076
2102	5	18082763183370	none	2077	10744f0b	512	224	0	2077
2103	6	18082776389480	none	2078	74c2874a	512	224	0	2078
2104	7	18082793615940	none	2079	681c5520	512	224	0	2079
2105	0	18082810843510	none	2080	68b2eb31	512	224	0	2080
2106	1	18082828041860	none	2081	2c138f08	512	224	0	2081
2107	2	18082845365260	none	2082	b5265f3b	512	224	0	2082
2108	3	18082862634120	none	2083	75ff13c6	512	224	0	2083
2109	4	18082879907680	none	2084	4a4f2f5c	512	224	0	2084
2110	5	18082893073810	none	2085	2104a366	512	224	0	2085
2111	6	18082910260860	none	2086	36ad7143	512	224	0	2086
2112	7	18082927449300	none	2087	73a6b588	512	224	0	2087
2113	0	18082944665650	none	2088	18a32d41	512	224	0	2088
2114	1	18082961880790	none	2089	8d9f4fbe	512	224	0	2089
2115	2	18082979142650	none	2090	38c226b1	512	224	0	2090
2116	3	18082996352810	none	2091	483e2526	512	224	0	2091
2117	4	18083009551880	none	2092	5518fb02	512	224	0	2092
2118	5	18083026760020	none	2093	29c1e94c	512	224	0	2093
2119	6	18083043989520	none	2094	5a7dc443	512	224	0	2094
2120	7	18083061178200	none	2095	315161bf	512	224	0	2095
2121	0	18083078371550	none	2096	f74cf3cd	512	224	0	2096
2122	1	18083095641090	none	2097	492915bb	512	224	0	2097
2123	2	18083112893530	none	2098	5c734798	512	224	0	2098
2124	3	18083126108730	none	2099	ea1526f2	512	224	0	2099
2125	4	18083143311160	none	2100	15d8a445	512	224	0	2100
2126	5	18083160535380	none	2101	2224ce09	512	224	0	2101
2127	6	18083177749300	none	2102	5b00bd25	512	224	0	2102
2128	7	18083195037690	none	2103	ca2066c6	512	224	0	2103
2129	0	18083212206420	none	2104	45c24ddc	512	224	0	2104
2130	1	18083229400170	none	2105	f5a86353	512	224	0	2105
2131	2	18083242599960	none	2106	b797d628	512	224	0	2106
2132	3	18083259843900	none	2107	75d48d58	512	224	0	2107
2133	4	18083277043670	none	2108	1d47e5cb	512	224	0	2108
2134	5	18083294361040	none	2109	2c2eee3f	512	224	0	2109
2135	6	18083311591440	none	2110	1e610ecf	512	224	0	2110
2136	7	18083328827250	none	2111	24f9ecd0	512	224	0	2111
2137	0	18083346030930	none	2112	31747c56	512	224	0	2112
2138	1	18083359221540	none	2113	b4ffbd87	512	224	0	2113
2139	2	18083376418410	none	2114	223ab89f	512	224	0	2114
2140	3	18083393717360	none	2115	cece3f48	512	224	0	2115
2141	4	18083410960360	none	2116	692750f5	512	224	0	2116
2142	5	18083428169740	none	2117	3ec4cf7c	512	224	0	2117
2143	6	18083445380920	none	2118	c4e65b9f	512	224	0	2118
2144	7	18083458561850	none	2119	0a6795da	512	224	0	2119
2145	0	18083475808760	none	2120	67cb7af7	512	224	0	2120
2146	1	18083493028200	none	2121	8df362d8	512	224	0	2121
2147	2	18083510200050	none	2122	101ecb28	512	224	0	2122
2148	3	18083527416210	none	2123	c72fdfd2	512	224	0	2123
2149	4	18083544648340	none	2124	71ab2800	512	224	0	2124
2150	5	18083561888840	none	2125	12c88253	512	224	0	2125
2151	6	18083575111440	none	2126	961fbd30	512	224	0	2126
2152	7	18083592305940	none	2127	4be02fa7	512	224	0	2127
2153	0	18083609548970	none	2128	3b54ba6a	512	224	0	2128
2154	1	18083626883370	none	2129	a419aa22	512	224	0	2129
2155	2	18083644102370	none	2130	8e428b4f	512	224	0	2130
2156	3	18083661312040	none	2131	2087bf2b	512	224	0	2131
2157	4	18083678553050	none	2132	efed3a75	512	224	0	2132
2158	5	18083691897610	none	2133	5ed466cd	512	224	0	2133
2159	6	18083709381020	none	2134	72c59bc3	512	224	0	2134
2160	7	18083726639340	none	2135	86654f7e	512	224	0	2135
2161	0	18083743941960	none	2136	1b8d5d5b	512	224	0	2136
2162	1	18083761153290	none	2137	c32a1a2f	512	224	0	2137
2163	2	18083778365150	none	2138	645f2f5c	512	224	0	2138
2164	3	18083791560480	none	2139	1fb4efab	512	224	0	2139
2165	4	18083808800660	none	2140	12debc79	512	224	0	2140
2166	5	18083826002570	none	2141	b9d543b3	512	224	0	2141
2167	6	18083843332760	none	2142	3505c28d	512	224	0	2142
2168	7	18083860548810	none	2143	be272d9b	512	224	0	2143
2169	0	18083877767170	none	2144	55e2ea6f	512	224	0	2144
2170	1	18083895013890	none	2145	af8de962	512	224	0	2145
2171	2	18083908156040	none	2146	448c6b79	512	224	0	2146
2172	3	18083925399030	none	2147	435fce66	512	224	0	2147
2173	4	18083942697090	none	2148	6a5a12ed	512	224	0	2148
2174	5	18083959946580	none	2149	06867c4a	512	224	0	2149
2175	6	18083977137350	none	2150	434bfa6f	512	224	0	2150
2176	7	18083994333670	none	2151	0f6b45ae	512	224	0	2151
2177	0	18084011559200	none	2152	c3a6f48c	512	224	0	2152
2178	1	18084024728180	none	2153	1a0f9532	512	224	0	2153
2179	2	18084041973720	none	2154	d383b544	512	224	0	2154
2180	3	18084059222010	none	2155	26b2b128	512	224	0	2155
2181	4	18084076436850	none	2156	271fb8c2	512	224	0	2156
2182	5	18084093657720	none	2157	bb4971ce	512	224	0	2157
2183	6	18084110899160	none	2158	2e829579	512	224	0	2158
2184	7	18084128121120	none	2159	28528e75	512	224	0	2159
2185	0	18084141261900	none	2160	ecf259c6	512	224	0	2160
2186	1	18084158535370	none	2161	92690090	512	224	0	2161
2187	2	18084175749000	none	2162	08c5dd34	512	224	0	2162
2188	3	18084193045050	none	2163	02e77286	512	224	0	2163
2189	4	18084210286630	none	2164	6b6425e7	512	224	0	2164
2190	5	18084227545660	none	2165	aade74a4	512	224	0	2165
2191	6	18084240725700	none	2166	c2ada269	512	224	0	2166
2192	7	18084258122130	none	2167	0e8fe9d1	512	224	0	2167
2193	0	18084275342450	none	2168	ae75eb46	512	224	0	2168
2194	1	18084292648180	none	2169	ef7d0143	512	224	0	2169
2195	2	18084309970670	none	2170	88fa1d69	512	224	0	2170
2196	3	18084327194950	none	2171	6854b866	512	224	0	2171
2197	4	18084344415420	none	2172	31ff9b6a	512	224	0	2172
2198	5	18084357613770	none	2173	b7ea36c7	512	224	0	2173
2199	6	18084374923280	none	2174	49679538	512	224	0	2174
2200	7	18084392275290	none	2175	f6ff907d	512	224	0	2175
2201	0	18084409528590	none	2176	1afd97ab	512	224	0	2176
2202	1	18084426740280	none	2177	292fefb5	512	224	0	2177
2203	2	18084443970630	none	2178	78d7f9bb	512	224	0	2178
2204	3	18084457292150	none	2179	1675dc97	512	224	0	2179
2205	4	18084474575660	none	2180	29cffa02	512	224	0	2180
2206	5	18084491955610	none	2181	f508bf9c	512	224	0	2181
2207	6	18084509226470	none	2182	534c4e09	512	224	0	2182
2208	7	18084526454130	none	2183	dd47eaf6	512	224	0	2183
2209	0	18084543669570	none	2184	7a5406aa	512	224	0	2184
2210	1	18084556871140	none	2185	72da851d	512	224	0	2185
2211	2	18084574040010	none	2186	739dd192	512	224	0	2186
2212	3	18084591433760	none	2187	7a92bee8	512	224	0	2187
2213	4	18084608703950	none	2188	b59d73e6	512	224	0	2188
2214	5	18084625954280	none	2189	6106eb3d	512	224	0	2189
2215	6	18084643153680	none	2190	aafc5ad2	512	224	0	2190
2216	7	18084660338920	none	2191	77df045c	512	224	0	2191
2217	0	18084673539690	none	2192	c84d3a73	512	224	0	2192
2218	1	18084690742610	none	2193	d3b8b351	512	224	0	2193
2219	2	18084708030740	none	2194	cf30c1fb	512	224	0	2194
2220	3	18084725310920	none	2195	455dbc47	512	224	0	2195
2221	4	18084742590960	none	2196	02ef9916	512	224	0	2196
2222	5	18084759828200	none	2197	75adc90c	512	224	0	2197
2223	6	18084773074000	none	2198	54ed95be	512	224	0	2198
2224	7	18084790253240	none	2199	288de940	512	224	0	2199
2225	0	18084807490870	none	2200	82d12744	512	224	0	2200
2226	1	18084824883270	none	2201	623c91eb	512	224	0	2201
2227	2	18084842103750	none	2202	738b78a2	512	224	0	2202
2228	3	18084859312820	none	2203	5b9de6fc	512	224	0	2203
2229	4	18084876591620	none	2204	f552e3ba	512	224	0	2204
2230	5	18084889774270	none	2205	298d7e0a	512	224	0	2205
2231	6	18084906965570	none	2206	83009a0f	512	224	0	2206
2232	7	18084924144290	none	2207	13cde413	512	224	0	2207
2233	0	18084941429050	none	2208	9c846656	512	224	0	2208
2234	1	18084958681700	none	2209	cb9e39fc	512	224	0	2209
2235	2	18084976054920	none	2210	d66bbeae	512	224	0	2210
2236	3	18084993338980	none	2211	1c90fcc2	512	224	0	2211
2237	4	18085006655490	none	2212	e6733e47	512	224	0	2212
2238	5	18085023961460	none	2213	fa7c770f	512	224	0	2213
2239	6	18085041175210	none	2214	11ee9bed	512	224	0	2214
2240	7	18085058463810	none	2215	8c861539	512	224	0	2215
2241	0	18085075678640	none	2216	184cf5da	512	224	0	2216
2242	1	18085092920700	none	2217	a3d11e37	512	224	0	2217
2243	2	18085106228760	none	2218	5408f496	512	224	0	2218
2244	3	18085123419670	none	2219	247ab9ab	512	224	0	2219
2245	4	18085140737670	none	2220	f51db057	512	224	0	2220
2246	5	18085158044730	none	2221	3e451f75	512	224	0	2221
2247	6	18085175281860	none	2222	8869bd8c	512	224	0	2222
2248	7	18085192513910	none	2223	3c20984b	512	224	0	2223
2249	0	18085205716680	none	2224	7522353b	512	224	0	2224
2250	1	18085222959130	none	2225	434cb446	512	224	0	2225
2251	2	18085240266360	none	2226	f57695b2	512	224	0	2226
2252	3	18085257524250	none	2227	e84968ed	512	224	0	2227
2253	4	18085274891190	none	2228	67cf7683	512	224	0	2228
2254	5	18085292150720	none	2229	efc4a4fc	512	224	0	2229
2255	6	18085309387230	none	2230	5202f657	512	224	0	2230
2256	7	18085322560350	none	2231	9ed322b5	512	224	0	2231
2257	0	18085339780150	none	2232	2f6fd1c5	512	224	0	2232
2258	1	18085356972160	none	2233	96fce7b4	512	224	0	2233
2259	2	18085374172560	none	2234	a754482b	512	224	0	2234
2260	3	18085391458900	none	2235	f198f112	512	224	0	2235
2261	4	18085408701590	none	2236	4f685c66	512	224	0	2236
2262	5	18085425956120	none	2237	67d2e753	512	224	0	2237
2263	6	18085439119360	none	2238	8d24e871	512	224	0	2238
2264	7	18085456318490	none	2239	8002b1be	512	224	0	2239
2265	0	18085473548930	none	2240	07b8e84a	512	224	0	2240
2266	1	18085490780000	none	2241	1a379761	512	224	0	2241
2267	2	18085508067400	none	2242	52dbe762	512	224	0	2242
2268	3	18085525352680	none	2243	4b19e8e2	512	224	0	2243
2269	4	18085538561290	none	2244	36138932	512	224	0	2244
2270	5	18085555954440	none	2245	e09dbc34	512	224	0	2245
2271	6	18085573128740	none	2246	28e1f4d3	512	224	0	2246
2272	7	18085590343230	none	2247	e57ac3a1	512	224	0	2247
2273	0	18085607559180	none	2248	1323d3b0	512	224	0	2248
2274	1	18085624876320	none	2249	e7f6cf2b	512	224	0	2249
2275	2	18085642087610	none	2250	7da6c74c	512	224	0	2250
2276	3	18085655398560	none	2251	2a947aaf	512	224	0	2251
2277	4	18085672611300	none	2252	cfaf9863	512	224	0	2252
2278	5	18085689907660	none	2253	f3596e1e	512	224	0	2253
2279	6	18085707121830	none	2254	c4d28cb8	512	224	0	2254
2280	7	18085724316640	none	2255	410bd515	512	224	0	2255
2281	0	18085741595730	none	2256	594eaff6	512	224	0	2256
2282	1	18085754798410	none	2257	e4c7bacc	512	224	0	2257
2283	2	18085771983250	none	2258	5b049149	512	224	0	2258
2284	3	18085789350340	none	2259	95ebda45	512	224	0	2259
2285	4	18085806569830	none	2260	587e95c1	512	224	0	2260
2286	5	18085823801580	none	2261	c73c199f	512	224	0	2261
2287	6	18085840991640	none	2262	b3ee12fc	512	224	0	2262
2288	7	18085858415160	none	2263	9fd07973	512	224	0	2263
2289	0	18085871682990	none	2264	55812ddd	512	224	0	2264
2290	1	18085889010290	none	2265	94d8703e	512	224	0	2265
2291	2	18085906193680	none	2266	1afe84eb	512	224	0	2266
2292	3	18085923398860	none	2267	b431c0b5	512	224	0	2267
2293	4	18085940618910	none	2268	a5993972	512	224	0	2268
2294	5	18085957831030	none	2269	c2cc21b1	512	224	0	2269
2295	6	18085975089000	none	2270	b6977223	512	224	0	2270
2296	7	18085988262810	none	2271	c71ca927	512	224	0	2271
2297	0	18086005493450	none	2272	560dcec5	512	224	0	2272
2298	1	18086022711030	none	2273	c74e34e9	512	224	0	2273
2299	2	18086040006410	none	2274	f859a939	512	224	0	2274
2300	3	18086057315120	none	2275	45953c87	512	224	0	2275
2301	4	18086074642820	none	2276	932a3287	512	224	0	2276
2302	5	18086087877890	none	2277	57921d72	512	224	0	2277
2303	6	18086105083200	none	2278	018053e4	512	224	0	2278
2304	7	18086122271270	none	2279	32ac27b8	512	224	0	2279
2305	0	18086139505340	none	2280	48d9d262	512	224	0	2280
2306	1	18086156720160	none	2281	31647dbd	512	224	0	2281
2307	2	18086174066460	none	2282	d210c100	512	224	0	2282
2308	3	18086191339510	none	2283	334acfed	512	224	0	2283
2309	4	18086204669410	none	2284	d61f9f61	512	224	0	2284
2310	5	18086221907160	none	2285	d15b3545	512	224	0	2285
2311	6	18086239116620	none	2286	da3ac43e	512	224	0	2286
2312	7	18086256330770	none	2287	54b6c2fb	512	224	0	2287
2313	0	18086273566670	none	2288	a5d1e5c2	512	224	0	2288
2314	1	18086290791570	none	2289	7e197a67	512	224	0	2289
2315	2	18086304187180	none	2290	6871fe3c	512	224	0	2290
2316	3	18086321524170	none	2291	88e5880e	512	224	0	2291
2317	4	18086338779800	none	2292	bf48c5af	512	224	0	2292
2318	5	18086355999090	none	2293	c73a8292	512	224	0	2293
2319	6	18086373171360	none	2294	90749d42	512	224	0	2294
2320	7	18086390378640	none	2295	31e49d58	512	224	0	2295
2321	0	18086407698520	none	2296	5a1be9ac	512	224	0	2296
2322	1	18086420966700	none	2297	812e0f98	512	224	0	2297
2323	2	18086438158680	none	2298	ef3b7640	512	224	0	2298
2324	3	18086455401280	none	2299	44a01728	512	224	0	2299
2325	4	18086472620840	none	2300	4dd47dd0	512	224	0	2300
2326	5	18086489840020	none	2301	704cae52	512	224	0	2301
2327	6	18086507173150	none	2302	a4945e51	512	224	0	2302
2328	7	18086520356340	none	2303	d39e49bf	512	224	0	2303
2329	0	18086537680890	none	2304	371016f6	512	224	0	2304
2330	1	18086554950700	none	2305	d2100631	512	224	0	2305
2331	2	18086572149510	none	2306	b562e3e0	512	224	0	2306
2332	3	18086589477660	none	2307	313e44ed	512	224	0	2307
2333	4	18086606716870	none	2308	de386652	512	224	0	2308
2334	5	18086623930860	none	2309	f0171445	512	224	0	2309
2335	6	18086637103910	none	2310	9ddb6a16	512	224	0	2310
2336	7	18086654272980	none	2311	d2bdb159	512	224	0	2311
2337	0	18086671519810	none	2312	6ed37735	512	224	0	2312
2338	1	18086688753170	none	2313	aea7c8c0	512	224	0	2313
2339	2	18086705944380	none	2314	6859f903	512	224	0	2314
2340	3	18086723124500	none	2315	556696aa	512	224	0	2315
2341	4	18086740341520	none	2316	d01a0542	512	224	0	2316
2342	5	18086753624360	none	2317	64397f5f	512	224	0	2317
2343	6	18086770891390	none	2318	4bd7a722	512	224	0	2318
2344	7	18086788107300	none	2319	42bc1307	512	224	0	2319
2345	0	18086805304950	none	2320	209100b3	512	224	0	2320
2346	1	18086822533360	none	2321	1cb62c56	512	224	0	2321
2347	2	18086839750500	none	2322	d1d98d90	512	224	0	2322
2348	3	18086853012830	none	2323	57b967f7	512	224	0	2323
2349	4	18086870233230	none	2324	6aeed3a0	512	224	0	2324
2350	5	18086887458890	none	2325	528de132	512	224	0	2325
2351	6	18086904659540	none	2326	65ee9781	512	224	0	2326
2352	7	18086922022790	none	2327	bc90853d	512	224	0	2327
2353	0	18086939212210	none	2328	715000df	512	224	0	2328
2354	1	18086956585030	none	2329	76bacad1	512	224	0	2329
2355	2	18086969898520	none	2330	64bbb0eb	512	224	0	2330
2356	3	18086987147660	none	2331	987db842	512	224	0	2331
2357	4	18087004346230	none	2332	6b4a329c	512	224	0	2332
2358	5	18087021561740	none	2333	8285df27	512	224	0	2333
2359	6	18087038797870	none	2334	f42be314	512	224	0	2334
2360	7	18087056242850	none	2335	884ea45b	512	224	0	2335
2361	0	18087069432310	none	2336	1706a442	512	224	0	2336
2362	1	18087086761230	none	2337	410947b0	512	224	0	2337
2363	2	18087103949190	none	2338	3b31d776	512	224	0	2338
2364	3	18087121294340	none	2339	d5b08a23	512	224	0	2339
2365	4	18087138621170	none	2340	28784b9c	512	224	0	2340
2366	5	18087155826130	none	2341	bbce4b43	512	224	0	2341
2367	6	18087173022890	none	2342	979477e6	512	224	0	2342
2368	7	18087186179480	none	2343	1e7382a6	512	224	0	2343
2369	0	18087203385010	none	2344	8b909f8b	512	224	0	2344
2370	1	18087220594660	none	2345	02b3ce02	512	224	0	2345
2371	2	18087237817530	none	2346	d5224461	512	224	0	2346
2372	3	18087255008590	none	2347	bb3b50e3	512	224	0	2347
2373	4	18087272194760	none	2348	69097441	512	224	0	2348
2374	5	18087289402400	none	2349	f9b3ab3a	512	224	0	2349
2375	6	18087302601240	none	2350	c19b7a09	512	224	0	2350
2376	7	18087319854290	none	2351	83920876	512	224	0	2351
2377	0	18087337057110	none	2352	6c890e61	512	224	0	2352
2378	1	18087354234420	none	2353	514be3da	512	224	0	2353
2379	2	18087371449830	none	2354	c6276a59	512	224	0	2354
2380	3	18087388895630	none	2355	95521f3d	512	224	0	2355
2381	4	18087402180010	none	2356	58d982e4	512	224	0	2356
2382	5	18087419439630	none	2357	451c17b0	512	224	0	2357
2383	6	18087436653800	none	2358	0f61d171	512	224	0	2358
2384	7	18087453900220	none	2359	ca6ff6d6	512	224	0	2359
2385	0	18087471083940	none	2360	e0aa6eab	512	224	0	2360
2386	1	18087488267050	none	2361	b761b3ec	512	224	0	2361
2387	2	18087505592670	none	2362	3191c481	512	224	0	2362
2388	3	18087518896170	none	2363	81492951	512	224	0	2363
2389	4	18087536086120	none	2364	8eab2b10	512	224	0	2364
2390	5	18087553270420	none	2365	ed37fd88	512	224	0	2365
2391	6	18087570534000	none	2366	55d6235c	512	224	0	2366
2392	7	18087587739410	none	2367	29aab7bf	512	224	0	2367
2393	0	18087604943740	none	2368	173aaa93	512	224	0	2368
2394	1	18087622145310	none	2369	39fbfd20	512	224	0	2369
2395	2	18087635327360	none	2370	0025a5c0	512	224	0	2370
2396	3	18087652595670	none	2371	dfef93e5	512	224	0	2371
2397	4	18087669878110	none	2372	f0f42058	512	224	0	2372
2398	5	18087687088650	none	2373	028d427c	512	224	0	2373
2399	6	18087704256510	none	2374	57fc2d76	512	224	0	2374
2400	7	18087721489560	none	2375	a04c13ea	512	224	0	2375
2401	0	18087738727360	none	2376	5ea4ae88	512	224	0	2376
2402	1	18087751963940	none	2377	085f2fdc	512	224	0	2377
2403	2	18087769133820	none	2378	493eb186	512	224	0	2378
2404	3	18087786326370	none	2379	53490a58	512	224	0	2379
2405	4	18087803559820	none	2380	487d03f3	512	224	0	2380
2406	5	18087820770750	none	2381	818f8209	512	224	0	2381
2407	6	18087837962340	none	2382	eeb51c3b	512	224	0	2382
2408	7	18087855166220	none	2383	5e45ee3a	512	224	0	2383
2409	0	18087868345620	none	2384	e9a5c14a	512	224	0	2384
2410	1	18087885576620	none	2385	b66db0b9	512	224	0	2385
2411	2	18087902815610	none	2386	e62c0e74	512	224	0	2386
2412	3	18087920095120	none	2387	acefe3bc	512	224	0	2387
2413	4	18087937306220	none	2388	a9862e6b	512	224	0	2388
2414	5	18087954742920	none	2389	9883da87	512	224	0	2389
2415	6	18087967922270	none	2390	2e780224	512	224	0	2390
2416	7	18087985135460	none	2391	1372d532	512	224	0	2391
2417	0	18088002324160	none	2392	51f4e901	512	224	0	2392
2418	1	18088019538290	none	2393	bf4ed213	512	224	0	2393
2419	2	18088036759040	none	2394	2de7acc5	512	224	0	2394
2420	3	18088054113920	none	2395	d5d3515f	512	224	0	2395
2421	4	18088071318010	none	2396	6cd1183f	512	224	0	2396
2422	5	18088084512880	none	2397	2b6b9efb	512	224	0	2397
2423	6	18088101726970	none	2398	ec5e56de	512	224	0	2398
2424	7	18088118939720	none	2399	5833755f	512	224	0	2399
2425	0	18088136124450	none	2400	83e86b69	512	224	0	2400
2426	1	18088153370570	none	2401	bff284eb	512	224	0	2401
2427	2	18088170637470	none	2402	bf6e594f	512	224	0	2402
2428	3	18088187883300	none	2403	dd9daf89	512	224	0	2403
2429	4	18088201168820	none	2404	6788b7e1	512	224	0	2404
2430	5	18088218448270	none	2405	c03a8d5a	512	224	0	2405
2431	6	18088235691340	none	2406	bcfb148b	512	224	0	2406
2432	7	18088252919050	none	2407	915ec87a	512	224	0	2407
2433	0	18088270174290	none	2408	c57a9357	512	224	0	2408
2434	1	18088287395110	none	2409	f451492e	512	224	0	2409
2435	2	18088300582370	none	2410	54deb219	512	224	0	2410
2436	3	18088317803920	none	2411	a47198d3	512	224	0	2411
2437	4	18088335010830	none	2412	635148ef	512	224	0	2412
2438	5	18088352202890	none	2413	f9310394	512	224	0	2413
2439	6	18088369434310	none	2414	dc697296	512	224	0	2414
2440	7	18088386646670	none	2415	8b595571	512	224	0	2415
2441	0	18088403938610	none	2416	010e07c4	512	224	0	2416
2442	1	18088417084360	none	2417	3dba749b	512	224	0	2417
2443	2	18088434284500	none	2418	46f4238c	512	224	0	2418
2444	3	18088451533680	none	2419	d0a95046	512	224	0	2419
2445	4	18088468778020	none	2420	a8b2d421	512	224	0	2420
2446	5	18088486002120	none	2421	021c298d	512	224	0	2421
2447	6	18088503381390	none	2422	683f8003	512	224	0	2422
2448	7	18088520629570	none	2423	a9651215	512	224	0	2423
2449	0	18088533806110	none	2424	6ed92375	512	224	0	2424
2450	1	18088551015850	none	2425	d36ce3bd	512	224	0	2425
2451	2	18088568219600	none	2426	0925d9df	512	224	0	2426
2452	3	18088585455580	none	2427	fa70ddfe	512	224	0	2427
2453	4	18088602666300	none	2428	faec4b78	512	224	0	2428
2454	5	18088619897210	none	2429	a26fc03e	512	224	0	2429
2455	6	18088637147460	none	2430	cff4958e	512	224	0	2430
2456	7	18088650323940	none	2431	60c1f71d	512	224	0	2431
2457	0	18088667554630	none	2432	58da52b7	512	224	0	2432
2458	1	18088684808760	none	2433	8a81643b	512	224	0	2433
2459	2	18088702168870	none	2434	aa761565	512	224	0	2434
2460	3	18088719507710	none	2435	eb12c43f	512	224	0	2435
2461	4	18088736847270	none	2436	5a7283fd	512	224	0	2436
2462	5	18088750108300	none	2437	2fabd906	512	224	0	2437
2463	6	18088767568260	none	2438	783b3cc6	512	224	0	2438
2464	7	18088784794790	none	2439	7fb628f3	512	224	0	2439
2465	0	18088802138980	none	2440	1e2b7385	512	224	0	2440
2466	1	18088819378260	none	2441	7591895c	512	224	0	2441
2467	2	18088836594660	none	2442	59bc13e9	512	224	0	2442
2468	3	18088849961420	none	2443	59fc2953	512	224	0	2443
2469	4	18088867153280	none	2444	2f504315	512	224	0	2444
2470	5	18088884376330	none	2445	a9ae45d9	512	224	0	2445
2471	6	18088901602150	none	2446	04ab7cdc	512	224	0	2446
2472	7	18088918845090	none	2447	6c2a92e3	512	224	0	2447
2473	0	18088936040760	none	2448	ad2611cb	512	224	0	2448
2474	1	18088953263170	none	2449	1f616f37	512	224	0	2449
2475	2	18088966493260	none	2450	8a9c4afa	512	224	0	2450
2476	3	18088983809070	none	2451	4014c6e9	512	224	0	2451
2477	4	18089001053540	none	2452	275a75ad	512	224	0	2452
2478	5	18089018314950	none	2453	38f6687e	512	224	0	2453
2479	6	18089035570930	none	2454	6bdd704a	512	224	0	2454
2480	7	18089052910880	none	2455	b24afbc6	512	224	0	2455
2481	0	18089066065770	none	2456	30c7795d	512	224	0	2456
2482	1	18089083283100	none	2457	064c351f	512	224	0	2457
2483	2	18089100508170	none	2458	fee36205	512	224	0	2458
2484	3	18089117738260	none	2459	43c592c7	512	224	0	2459
2485	4	18089134932130	none	2460	076c9446	512	224	0	2460
2486	5	18089152279390	none	2461	57e2d930	512	224	0	2461
2487	6	18089169528680	none	2462	bc3ac368	512	224	0	2462
2488	7	18089182727360	none	2463	00f45ba6	512	224	0	2463
2489	0	18089199908800	none	2464	63ff7ff7	512	224	0	2464
2490	1	18089217083580	none	2465	5098b354	512	224	0	2465
2491	2	18089234281900	none	2466	651d374f	512	224	0	2466
2492	3	18089251646810	none	2467	76464b3f	512	224	0	2467
2493	4	18089268952530	none	2468	2f3ea351	512	224	0	2468
2494	5	18089286166680	none	2469	40fb3626	512	224	0	2469
2495	6	18089299363590	none	2470	f64823ba	512	224	0	2470
2496	7	18089316592830	none	2471	21c37d22	512	224	0	2471
2497	0	18089333826080	none	2472	b3f5d47a	512	224	0	2472
2498	1	18089351160520	none	2473	57044082	512	224	0	2473
2499	2	18089368392290	none	2474	3079b93d	512	224	0	2474
2500	3	18089385620990	none	2475	56b1ad3a	512	224	0	2475
2501	4	18089398943310	none	2476	1acfdf7d	512	224	0	2476
2502	5	18089416142560	none	2477	d3f4d7db	512	224	0	2477
2503	6	18089433385750	none	2478	f1fc7730	512	224	0	2478
2504	7	18089450606100	none	2479	ec4dacc8	512	224	0	2479
2505	0	18089467831440	none	2480	3564b670	512	224	0	2480
2506	1	18089485035200	none	2481	2dc7bf2f	512	224	0	2481
2507	2	18089502224220	none	2482	09ac182b	512	224	0	2482
2508	3	18089515498850	none	2483	d737867e	512	224	0	2483
2509	4	18089532766330	none	2484	f84b8e02	512	224	0	2484
2510	5	18089549997110	none	2485	499210f9	512	224	0	2485
2511	6	18089567197100	none	2486	da2ba584	512	224	0	2486
2512	7	18089584429110	none	2487	e9555564	512	224	0	2487
2513	0	18089601736840	none	2488	041e9523	512	224	0	2488
2514	1	18089618958360	none	2489	033648c4	512	224	0	2489
2515	2	18089632098850	none	2490	05530a24	512	224	0	2490
2516	3	18089649290240	none	2491	b0d3c19d	512	224	0	2491
2517	4	18089666512580	none	2492	6b08144e	512	224	0	2492
2518	5	18089683733330	none	2493	939ad092	512	224	0	2493
2519	6	18089701001930	none	2494	fd53645f	512	224	0	2494
2520	7	18089718194360	none	2495	667a1c0b	512	224	0	2495
2521	0	18089735422780	none	2496	919a5708	512	224	0	2496
2522	1	18089748603740	none	2497	8014f60d	512	224	0	2497
2523	2	18089765819090	none	2498	61b44dac	512	224	0	2498
2524	3	18089783039520	none	2499	fedc7519	512	224	0	2499
2525	4	18089800514910	none	2500	703aa977	512	224	0	2500
2526	5	18089818072450	none	2501	571213cf	512	224	0	2501
2527	6	18089831648770	none	2502	08425673	512	224	0	2502
2528	7	18089849061160	none	2503	014312d8	512	224	0	2503
2529	0	18089866514400	none	2504	5ae0b33c	512	224	0	2504
2530	1	18089884045750	none	2505	27506460	512	224	0	2505
2531	2	18089901634980	none	2506	420e2dc3	512	224	0	2506
2532	3	18089914960840	none	2507	4f45fbed	512	224	0	2507
2533	4	18089932314660	none	2508	01bf1546	512	224	0	2508
2534	5	18089949558800	none	2509	829be065	512	224	0	2509
2535	6	18089966793240	none	2510	c3369f77	512	224	0	2510
2536	7	18089984027820	none	2511	a936f1ee	512	224	0	2511
2537	0	18090001303480	none	2512	b75c8a28	512	224	0	2512
2538	1	18090014792780	none	2513	6583b29e	512	224	0	2513
2539	2	18090032082820	none	2514	f76e4b2d	512	224	0	2514
2540	3	18090049434250	none	2515	2a621025	512	224	0	2515
2541	4	18090066773780	none	2516	a3ecf23f	512	224	0	2516
2542	5	18090084090680	none	2517	bbc37d51	512	224	0	2517
2543	6	18090101660400	none	2518	ff9caf54	512	224	0	2518
2544	7	18090114946670	none	2519	e932da71	512	224	0	2519
2545	0	18090132938460	none	2520	2be57b4c	512	224	0	2520
2546	1	18090150560710	none	2521	8b73745c	512	224	0	2521
2547	2	18090164255230	none	2522	5c64374c	512	224	0	2522
2548	3	18090181627470	none	2523	0ada272b	512	224	0	2523
2549	4	18090198860800	none	2524	0ba31c2a	512	224	0	2524
2550	5	18090216064020	none	2525	660ebde9	512	224	0	2525
2551	6	18090233269740	none	2526	dd4a6dd0	512	224	0	2526
2552	7	18090250504760	none	2527	8f893cdd	512	224	0	2527
2553	0	18090267747280	none	2528	5535d202	512	224	0	2528
2554	1	18090281026500	none	2529	5e65afeb	512	224	0	2529
2555	2	18090298212110	none	2530	fc1d934e	512	224	0	2530
2556	3	18090315533910	none	2531	18dadae6	512	224	0	2531
2557	4	18090332902910	none	2532	af546759	512	224	0	2532
2558	5	18090350100610	none	2533	1da9edfc	512	224	0	2533
2559	6	18090367313920	none	2534	e9847543	512	224	0	2534
2560	7	18090380503610	none	2535	398f7b97	512	224	0	2535
2561	0	18090397729480	none	2536	e2c43eee	512	224	0	2536
2562	1	18090415054120	none	2537	e2a50984	512	224	0	2537
2563	2	18090432248070	none	2538	f6b114f1	512	224	0	2538
2564	3	18090449595650	none	2539	ccce2700	512	224	0	2539
2565	4	18090466945460	none	2540	57b20125	512	224	0	2540
2566	5	18090484127970	none	2541	ebbfd2ab	512	224	0	2541
2567	6	18090497310910	none	2542	1fd3b47d	512	224	0	2542
2568	7	18090514531070	none	2543	bc916233	512	224	0	2543
2569	0	18090531750740	none	2544	0eb8e258	512	224	0	2544
2570	1	18090548926960	none	2545	8a2e507d	512	224	0	2545
2571	2	18090566169850	none	2546	fb02c106	512	224	0	2546
2572	3	18090583447430	none	2547	d3882bc1	512	224	0	2547
2573	4	18090600689640	none	2548	0cfbf113	512	224	0	2548
2574	5	18090613874760	none	2549	487fd104	512	224	0	2549
2575	6	18090631056690	none	2550	bfcde472	512	224	0	2550
2576	7	18090648423300	none	2551	9ea07e09	512	224	0	2551
2577	0	18090665726480	none	2552	e22ab4d6	512	224	0	2552
2578	1	18090682920530	none	2553	36c52d74	512	224	0	2553
2579	2	18090700152470	none	2554	67808815	512	224	0	2554
2580	3	18090713337800	none	2555	12d23437	512	224	0	2555
2581	4	18090730552680	none	2556	b02cd85f	512	224	0	2556
2582	5	18090747771270	none	2557	01776ed0	512	224	0	2557
2583	6	18090764970030	none	2558	cb1ff75b	512	224	0	2558
2584	7	18090782158360	none	2559	13dcddce	512	224	0	2559
2585	0	18090799395190	none	2560	6eee7013	512	224	0	2560
2586	1	18090816615110	none	2561	cd9aa5c5	512	224	0	2561
2587	2	18090829796120	none	2562	75a012e5	512	224	0	2562
2588	3	18090847131560	none	2563	cfe96251	512	224	0	2563
2589	4	18090864350140	none	2564	f4bfbf80	512	224	0	2564
2590	5	18090881555010	none	2565	6b605323	512	224	0	2565
2591	6	18090898862630	none	2566	2ca14b18	512	224	0	2566
2592	7	18090916050730	none	2567	5a083934	512	224	0	2567
2593	0	18090933340130	none	2568	80ba058e	512	224	0	2568
2594	1	18090946534150	none	2569	8520d761	512	224	0	2569
2595	2	18090963757330	none	2570	d274f4e7	512	224	0	2570
2596	3	18090980931380	none	2571	0d42f551	512	224	0	2571
2597	4	18090998307330	none	2572	ecd44a0e	512	224	0	2572
2598	5	18091015521070	none	2573	adaa44aa	512	224	0	2573
2599	6	18091032740930	none	2574	b5126bd0	512	224	0	2574
2600	7	18091049936540	none	2575	e768e07c	512	224	0	2575
2601	0	18091063285590	none	2576	8411961e	512	224	0	2576
2602	1	18091080502490	none	2577	d036cf81	512	224	0	2577
2603	2	18091097824390	none	2578	13ad121c	512	224	0	2578
2604	3	18091115061270	none	2579	778ad394	512	224	0	2579
2605	4	18091132307940	none	2580	4374b975	512	224	0	2580
2606	5	18091149535920	none	2581	cf6b7e90	512	224	0	2581
2607	6	18091162720910	none	2582	786fab34	512	224	0	2582
2608	7	18091179897870	none	2583	e02760e6	512	224	0	2583
2609	0	18091197249870	none	2584	90da1399	512	224	0	2584
2610	1	18091214479750	none	2585	095e438a	512	224	0	2585
2611	2	18091231707870	none	2586	1d20d5e5	512	224	0	2586
2612	3	18091248999950	none	2587	627e8a48	512	224	0	2587
2613	4	18091266169000	none	2588	3754161f	512	224	0	2588
2614	5	18091279360440	none	2589	c6925b86	512	224	0	2589
2615	6	18091296567720	none	2590	36efefbc	512	224	0	2590
2616	7	18091313791020	none	2591	2332d5ea	512	224	0	2591
2617	0	18091330986410	none	2592	5bb9422d	512	224	0	2592
2618	1	18091348179340	none	2593	b4f6b2c2	512	224	0	2593
2619	2	18091365411400	none	2594	c9165ebc	512	224	0	2594
2620	3	18091382675320	none	2595	994fac0b	512	224	0	2595
2621	4	18091395871380	none	2596	05ba24e2	512	224	0	2596
2622	5	18091413255130	none	2597	10b78c23	512	224	0	2597
2623	6	18091430475150	none	2598	8eb2e4d3	512	224	0	2598
2624	7	18091447807870	none	2599	4de9f012	512	224	0	2599
2625	0	18091465009890	none	2600	257310ea	512	224	0	2600
2626	1	18091482224110	none	2601	52e50d00	512	224	0	2601
2627	2	18091495418390	none	2602	7a7a03b0	512	224	0	2602
2628	3	18091512655490	none	2603	5ab53eb6	512	224	0	2603
2629	4	18091529894410	none	2604	1e762ea9	512	224	0	2604
2630	5	18091547089730	none	2605	69602c46	512	224	0	2605
2631	6	18091564306610	none	2606	8ea72a5a	512	224	0	2606
2632	7	18091581529480	none	2607	a6827f45	512	224	0	2607
2633	0	18091598744950	none	2608	b3ec6709	512	224	0	2608
2634	1	18091611896980	none	2609	bc2170c4	512	224	0	2609
2635	2	18091629081980	none	2610	21c30a4b	512	224	0	2610
2636	3	18091646481560	none	2611	be413992	512	224	0	2611
2637	4	18091663723590	none	2612	48129775	512	224	0	2612
2638	5	18091680921730	none	2613	1e158f69	512	224	0	2613
2639	6	18091698128070	none	2614	cf4f2591	512	224	0	2614
2640	7	18091715376030	none	2615	7aeb0639	512	224	0	2615
2641	0	18091728549410	none	2616	7ce1daa6	512	224	0	2616
2642	1	18091745805090	none	2617	759334cb	512	224	0	2617
2643	2	18091763021150	none	2618	c8dd2751	512	224	0	2618
2644	3	18091780228490	none	2619	0f6fa3f9	512	224	0	2619
2645	4	18091797458390	none	2620	504e9c2a	512	224	0	2620
2646	5	18091814691700	none	2621	3d7f7cf6	512	224	0	2621
2647	6	18091831879880	none	2622	680c5163	512	224	0	2622
2648	7	18091845023760	none	2623	b92ccf94	512	224	0	2623
2649	0	18091862203950	none	2624	8db71ad5	512	224	0	2624
2650	1	18091879423850	none	2625	3693c97b	512	224	0	2625
2651	2	18091896730000	none	2626	2f89a91d	512	224	0	2626
2652	3	18091913980860	none	2627	366e70ca	512	224	0	2627
2653	4	18091931180530	none	2628	3040c634	512	224	0	2628
2654	5	18091948404320	none	2629	795c1ada	512	224	0	2629
2655	6	18091961595880	none	2630	bdbff935	512	224	0	2630
2656	7	18091978894450	none	2631	c61a97a0	512	224	0	2631
2657	0	18091996099490	none	2632	f2fda066	512	224	0	2632
2658	1	18092013331400	none	2633	06ca0e4d	512	224	0	2633
2659	2	18092030545820	none	2634	446e49e4	512	224	0	2634
2660	3	18092047786450	none	2635	167c2268	512	224	0	2635
2661	4	18092061104480	none	2636	04feddca	512	224	0	2636
2662	5	18092078324580	none	2637	e921b538	512	224	0	2637
2663	6	18092095615980	none	2638	b4013afe	512	224	0	2638
2664	7	18092112939290	none	2639	6fe26e20	512	224	0	2639
2665	0	18092130140020	none	2640	e02caaac	512	224	0	2640
2666	1	18092147380990	none	2641	30d424c0	512	224	0	2641
2667	2	18092164592840	none	2642	cf14c202	512	224	0	2642
2668	3	18092177793780	none	2643	fbe6b241	512	224	0	2643
2669	4	18092195172270	none	2644	6f7b6da9	512	224	0	2644
2670	5	18092212422280	none	2645	bb2b9627	512	224	0	2645
2671	6	18092229655600	none	2646	db3e9caa	512	224	0	2646
2672	7	18092246974620	none	2647	afa2c9f2	512	224	0	2647
2673	0	18092264171710	none	2648	c7066b74	512	224	0	2648
2674	1	18092277350310	none	2649	449d796e	512	224	0	2649
2675	2	18092294558590	none	2650	3710661e	512	224	0	2650
2676	3	18092311782630	none	2651	b892f05c	512	224	0	2651
2677	4	18092329047060	none	2652	043565a1	512	224	0	2652
2678	5	18092346252800	none	2653	118ecec3	512	224	0	2653
2679	6	18092363472200	none	2654	6e6ecf2f	512	224	0	2654
2680	7	18092380707600	none	2655	abb9df6b	512	224	0	2655
2681	0	18092393852290	none	2656	d2b2fb14	512	224	0	2656
2682	1	18092411092170	none	2657	d15a7051	512	224	0	2657
2683	2	18092428298910	none	2658	ed2ac414	512	224	0	2658
2684	3	18092445715560	none	2659	13db0c0b	512	224	0	2659
2685	4	18092462937850	none	2660	b14954dc	512	224	0	2660
2686	5	18092480284510	none	2661	05772fc6	512	224	0	2661
2687	6	18092497507690	none	2662	6fe2f078	512	224	0	2662
2688	7	18092510765660	none	2663	cc22994a	512	224	0	2663
2689	0	18092527957970	none	2664	d8a66ce4	512	224	0	2664
2690	1	18092545147400	none	2665	6b387d5c	512	224	0	2665
2691	2	18092562405630	none	2666	11ac61ee	512	224	0	2666
2692	3	18092579613190	none	2667	c2795015	512	224	0	2667
2693	4	18092596855280	none	2668	254f745c	512	224	0	2668
2694	5	18092610191650	none	2669	9e81ed29	512	224	0	2669
2695	6	18092627423300	none	2670	2c08e37b	512	224	0	2670
2696	7	18092644758560	none	2671	86342802	512	224	0	2671
2697	0	18092661953090	none	2672	ecc3de8f	512	224	0	2672
2698	1	18092679132030	none	2673	a7254378	512	224	0	2673
2699	2	18092696372290	none	2674	30b071ee	512	224	0	2674
2700	3	18092713611630	none	2675	f5c6a96c	512	224	0	2675
2701	4	18092726941850	none	2676	38433c77	512	224	0	2676
2702	5	18092744336790	none	2677	52a63527	512	224	0	2677
2703	6	18092761558890	none	2678	78a1d357	512	224	0	2678
2704	7	18092778790790	none	2679	88908a41	512	224	0	2679
2705	0	18092796034730	none	2680	df189aa7	512	224	0	2680
2706	1	18092813399400	none	2681	7810c9d3	512	224	0	2681
2707	2	18092826977350	none	2682	6bf51a6b	512	224	0	2682
2708	3	18092844354210	none	2683	c46a9f2d	512	224	0	2683
2709	4	18092861570370	none	2684	7306df39	512	224	0	2684
2710	5	18092878818960	none	2685	fadedbbe	512	224	0	2685
2711	6	18092896012100	none	2686	95232c2a	512	224	0	2686
2712	7	18092913367760	none	2687	84195f13	512	224	0	2687
2713	0	18092926550390	none	2688	f1e648ee	512	224	0	2688
2714	1	18092943874910	none	2689	87d1ddfc	512	224	0	2689
2715	2	18092961064900	none	2690	77c1d260	512	224	0	2690
2716	3	18092978410540	none	2691	4400e738	512	224	0	2691
2717	4	18092995726920	none	2692	34b09a35	512	224	0	2692
2718	5	18093012922710	none	2693	22946f0b	512	224	0	2693
2719	6	18093030128120	none	2694	fba747b3	512	224	0	2694
2720	7	18093043308370	none	2695	fe3cb220	512	224	0	2695
2721	0	18093060525520	none	2696	c16e82de	512	224	0	2696
2722	1	18093077762090	none	2697	d022439f	512	224	0	2697
2723	2	18093095003470	none	2698	9799a2a9	512	224	0	2698
2724	3	18093112211800	none	2699	995dd3b2	512	224	0	2699
2725	4	18093129452860	none	2700	2d8ad186	512	224	0	2700
2726	5	18093142673780	none	2701	5d1f2810	512	224	0	2701
2727	6	18093159903300	none	2702	2a23bec3	512	224	0	2702
2728	7	18093177097480	none	2703	4fe3d788	512	224	0	2703
2729	0	18093194317060	none	2704	762f9cb7	512	224	0	2704
2730	1	18093211534220	none	2705	b53e1fcf	512	224	0	2705
2731	2	18093228785820	none	2706	9c09ddff	512	224	0	2706
2732	3	18093246160370	none	2707	910d7917	512	224	0	2707
2733	4	18093259494900	none	2708	e283b866	512	224	0	2708
2734	5	18093276718410	none	2709	6e1a34b1	512	224	0	2709
2735	6	18093294001460	none	2710	e8db06a2	512	224	0	2710
2736	7	18093311194080	none	2711	c6470b71	512	224	0	2711
2737	0	18093328417810	none	2712	f1629a89	512	224	0	2712
2738	1	18093345666730	none	2713	643d46f7	512	224	0	2713
2739	2	18093362865140	none	2714	e44859bc	512	224	0	2714
2740	3	18093376049450	none	2715	aed59af6	512	224	0	2715
2741	4	18093393265510	none	2716	81b8df33	512	224	0	2716
2742	5	18093410511300	none	2717	f6220e60	512	224	0	2717
2743	6	18093427713690	none	2718	0d7b277b	512	224	0	2718
2744	7	18093444914940	none	2719	e6e50424	512	224	0	2719
2745	0	18093462270660	none	2720	b95d14ea	512	224	0	2720
2746	1	18093475453800	none	2721	ba1e9aa6	512	224	0	2721
2747	2	18093492815440	none	2722	805553cb	512	224	0	2722
2748	3	18093510047110	none	2723	a461626d	512	224	0	2723
2749	4	18093527291870	none	2724	ff65647e	512	224	0	2724
2750	5	18093544525570	none	2725	29f34f72	512	224	0	2725
2751	6	18093561766240	none	2726	2e9143b1	512	224	0	2726
2752	7	18093578977820	none	2727	350f399d	512	224	0	2727
2753	0	18093592133350	none	2728	86c8a1eb	512	224	0	2728
2754	1	18093609361130	none	2729	1529fe83	512	224	0	2729
2755	2	18093626615830	none	2730	2ffd3300	512	224	0	2730
2756	3	18093643960690	none	2731	34b43c9b	512	224	0	2731
2757	4	18093661151130	none	2732	1666578f	512	224	0	2732
2758	5	18093678414200	none	2733	ce1dc72d	512	224	0	2733
2759	6	18093695657370	none	2734	43d00b62	512	224	0	2734
2760	7	18093708906530	none	2735	f29351f6	512	224	0	2735
2761	0	18093726111970	none	2736	9d988a94	512	224	0	2736
2762	1	18093743352400	none	2737	60ecc4e7	512	224	0	2737
2763	2	18093760669590	none	2738	ef5ba7d1	512	224	0	2738
2764	3	18093778090830	none	2739	af8caeeb	512	224	0	2739
2765	4	18093795341360	none	2740	d8379087	512	224	0	2740
2766	5	18093808662010	none	2741	8aa75d2a	512	224	0	2741
2767	6	18093826285990	none	2742	70357a36	512	224	0	2742
2768	7	18093843507210	none	2743	729a5a15	512	224	0	2743
2769	0	18093860743390	none	2744	d6a35032	512	224	0	2744
2770	1	18093877957650	none	2745	2145addb	512	224	0	2745
2771	2	18093895148100	none	2746	c4c409f0	512	224	0	2746
2772	3	18093908363730	none	2747	1ed293c2	512	224	0	2747
2773	4	18093925641420	none	2748	93402e6f	512	224	0	2748
2774	5	18093942961980	none	2749	15112d7a	512	224	0	2749
2775	6	18093960188110	none	2750	fad757ce	512	224	0	2750
2776	7	18093977409850	none	2751	1be4800a	512	224	0	2751
2777	0	18093994658860	none	2752	bafa6006	512	224	0	2752
2778	1	18094007903950	none	2753	2cc78637	512	224	0	2753
2779	2	18094025157620	none	2754	aac25022	512	224	0	2754
2780	3	18094042491060	none	2755	5086563c	512	224	0	2755
2781	4	18094059761770	none	2756	bc94de3f	512	224	0	2756
2782	5	18094077088430	none	2757	f48a612c	512	224	0	2757
2783	6	18094094319040	none	2758	dab711eb	512	224	0	2758
2784	7	18094111655850	none	2759	9b77bdbf	512	224	0	2759
2785	0	18094124908930	none	2760	040cc5b1	512	224	0	2760
2786	1	18094142214420	none	2761	c0d9ebbf	512	224	0	2761
2787	2	18094159452130	none	2762	a9c0cabc	512	224	0	2762
2788	3	18094176678260	none	2763	d2138ed6	512	224	0	2763
2789	4	18094193882930	none	2764	a79ef980	512	224	0	2764
2790	5	18094211239110	none	2765	64ff18f6	512	224	0	2765
2791	6	18094224442170	none	2766	8f621d55	512	224	0	2766
2792	7	18094241826610	none	2767	f79c5e3b	512	224	0	2767
2793	0	18094259054900	none	2768	f3fb54c5	512	224	0	2768
2794	1	18094276308350	none	2769	718b05d5	512	224	0	2769
2795	2	18094293526540	none	2770	a78ed8ea	512	224	0	2770
2796	3	18094310788710	none	2771	3d493c78	512	224	0	2771
2797	4	18094327998320	none	2772	9bb17cf7	512	224	0	2772
2798	5	18094341183370	none	2773	6ba8599d	512	224	0	2773
2799	6	18094358507970	none	2774	c998941f	512	224	0	2774
2800	7	18094375769040	none	2775	72a22023	512	224	0	2775
2801	0	18094392964150	none	2776	a3fb2af3	512	224	0	2776
2802	1	18094410324030	none	2777	c9834ecc	512	224	0	2777
2803	2	18094427540460	none	2778	3256a5ce	512	224	0	2778
2804	3	18094440748480	none	2779	bb273d84	512	224	0	2779
2805	4	18094458021420	none	2780	51b39d7b	512	224	0	2780
2806	5	18094475272310	none	2781	11fe3a3b	512	224	0	2781
2807	6	18094492513470	none	2782	d269f885	512	224	0	2782
2808	7	18094509759620	none	2783	1402cb33	512	224	0	2783
2809	0	18094526973770	none	2784	bd61855f	512	224	0	2784
2810	1	18094544163950	none	2785	1522872c	512	224	0	2785
2811	2	18094557415830	none	2786	f49d0c05	512	224	0	2786
2812	3	18094574763360	none	2787	91060334	512	224	0	2787
2813	4	18094592009000	none	2788	219d90b8	512	224	0	2788
2814	5	18094609215560	none	2789	08032165	512	224	0	2789
2815	6	18094626485120	none	2790	1f966c34	512	224	0	2790
2816	7	18094643691250	none	2791	030d0461	512	224	0	2791
2817	0	18094656919770	none	2792	682c9109	512	224	0	2792
2818	1	18094674139750	none	2793	0478d653	512	224	0	2793
2819	2	18094691389030	none	2794	7b9946d4	512	224	0	2794
2820	3	18094708636410	none	2795	aa4e31e1	512	224	0	2795
2821	4	18094725820280	none	2796	4c972b7f	512	224	0	2796
2822	5	18094742997580	none	2797	da26e986	512	224	0	2797
2823	6	18094760382690	none	2798	a05a1e32	512	224	0	2798
2824	7	18094773547410	none	2799	5b4e475a	512	224	0	2799
2825	0	18094790848900	none	2800	98394c07	512	224	0	2800
2826	1	18094808137870	none	2801	b2c8a99a	512	224	0	2801
2827	2	18094825397260	none	2802	da94e43b	512	224	0	2802
2828	3	18094842647950	none	2803	d256b4f4	512	224	0	2803
2829	4	18094860025680	none	2804	a3364450	512	224	0	2804
2830	5	18094873215770	none	2805	ddd8848a	512	224	0	2805
2831	6	18094890447430	none	2806	2f78940f	512	224	0	2806
2832	7	18094907671570	none	2807	70517e6a	512	224	0	2807
2833	0	18094925071090	none	2808	7f68b3be	512	224	0	2808
2834	1	18094942305750	none	2809	82fe12f9	512	224	0	2809
2835	2	18094959647780	none	2810	a6042691	512	224	0	2810
2836	3	18094972908150	none	2811	5187f4c1	512	224	0	2811
2837	4	18094990102410	none	2812	7334080d	512	224	0	2812
2838	5	18095007326580	none	2813	8480184f	512	224	0	2813
2839	6	18095024632570	none	2814	484b2f52	512	224	0	2814
2840	7	18095041889140	none	2815	6968df42	512	224	0	2815
2841	0	18095059264520	none	2816	bf6c6a5b	512	224	0	2816
2842	1	18095076541460	none	2817	02e6f200	512	224	0	2817
2843	2	18095089724000	none	2818	9d7915f6	512	224	0	2818
2844	3	18095106971950	none	2819	65e85e8a	512	224	0	2819
2845	4	18095124201930	none	2820	010b5edd	512	224	0	2820
2846	5	18095141475660	none	2821	6e025923	512	224	0	2821
2847	6	18095158719550	none	2822	c5710cf7	512	224	0	2822
2848	7	18095175917470	none	2823	6b104ea8	512	224	0	2823
2849	0	18095193106240	none	2824	e0d2066d	512	224	0	2824
2850	1	18095206305360	none	2825	23e06fac	512	224	0	2825
2851	2	18095223518190	none	2826	b05783d9	512	224	0	2826
2852	3	18095240751200	none	2827	ba19bfd8	512	224	0	2827
2853	4	18095258011240	none	2828	5f1bd7b4	512	224	0	2828
2854	5	18095275315920	none	2829	8dc30443	512	224	0	2829
2855	6	18095292525030	none	2830	e9fec2d5	512	224	0	2830
2856	7	18095305922270	none	2831	0fe4e2f9	512	224	0	2831
2857	0	18095323110900	none	2832	725b05a0	512	224	0	2832
2858	1	18095340331290	none	2833	225c044c	512	224	0	2833
2859	2	18095357537500	none	2834	e8bc4143	512	224	0	2834
2860	3	18095374929790	none	2835	b7782a7a	512	224	0	2835
2861	4	18095392162880	none	2836	88da6647	512	224	0	2836
2862	5	18095409419230	none	2837	010ac9d9	512	224	0	2837
2863	6	18095422679020	none	2838	1c367214	512	224	0	2838
2864	7	18095439993530	none	2839	feb1881b	512	224	0	2839
2865	0	18095457188200	none	2840	8490351c	512	224	0	2840
2866	1	18095474392510	none	2841	079ce651	512	224	0	2841
2867	2	18095491690230	none	2842	80b5f7bb	512	224	0	2842
2868	3	18095508981560	none	2843	9e588f6f	512	224	0	2843
2869	4	18095522151870	none	2844	024b4d70	512	224	0	2844
2870	5	18095539371150	none	2845	bcd965b3	512	224	0	2845
2871	6	18095556588470	none	2846	10e79daa	512	224	0	2846
2872	7	18095573801050	none	2847	387d3068	512	224	0	2847
2873	0	18095590981580	none	2848	18331923	512	224	0	2848
2874	1	18095608387940	none	2849	89792ab8	512	224	0	2849
2875	2	18095625635920	none	2850	193ab794	512	224	0	2850
2876	3	18095638937610	none	2851	62711f75	512	224	0	2851
2877	4	18095656175340	none	2852	34df21cc	512	224	0	2852
2878	5	18095673406230	none	2853	d31d48fd	512	224	0	2853
2879	6	18095690624140	none	2854	0819e33b	512	224	0	2854
2880	7	18095707883770	none	2855	2814848d	512	224	0	2855
2881	0	18095725142500	none	2856	164d94a5	512	224	0	2856
2882	1	18095738341350	none	2857	0f49f406	512	224	0	2857
2883	2	18095755551510	none	2858	1910fc74	512	224	0	2858
2884	3	18095772821870	none	2859	21c824d0	512	224	0	2859
2885	4	18095789982340	none	2860	9be0fae7	512	224	0	2860
2886	5	18095807332030	none	2861	65196c1c	512	224	0	2861
2887	6	18095824624630	none	2862	abe37613	512	224	0	2862
2888	7	18095841884510	none	2863	68755fc6	512	224	0	2863
2889	0	18095855073910	none	2864	fdee5946	512	224	0	2864
2890	1	18095872293640	none	2865	a4efbca4	512	224	0	2865
2891	2	18095889513700	none	2866	983047a6	512	224	0	2866
2892	3	18095906741520	none	2867	39f38e8b	512	224	0	2867
2893	4	18095924006870	none	2868	f2f8c3ef	512	224	0	2868
2894	5	18095941301990	none	2869	845f5f37	512	224	0	2869
2895	6	18095958540410	none	2870	ae36c91a	512	224	0	2870
2896	7	18095971733350	none	2871	3449d6b8	512	224	0	2871
2897	0	18095989006540	none	2872	b129a5cc	512	224	0	2872
2898	1	18096006210450	none	2873	c3b48050	512	224	0	2873
2899	2	18096023440770	none	2874	95ab4733	512	224	0	2874
2900	3	18096040670320	none	2875	9e642434	512	224	0	2875
2901	4	18096058056170	none	2876	f3647d32	512	224	0	2876
2902	5	18096071292910	none	2877	38363f3c	512	224	0	2877
2903	6	18096088513010	none	2878	18ba7426	512	224	0	2878
2904	7	18096105737050	none	2879	515d11ee	512	224	0	2879
2905	0	18096123079680	none	2880	886257c3	512	224	0	2880
2906	1	18096140304500	none	2881	4f40c051	512	224	0	2881
2907	2	18096157615190	none	2882	9d55c686	512	224	0	2882
2908	3	18096174953380	none	2883	002a9734	512	224	0	2883
2909	4	18096188142050	none	2884	efcc6b4a	512	224	0	2884
2910	5	18096205402280	none	2885	b1176dd6	512	224	0	2885
2911	6	18096222618550	none	2886	444e9031	512	224	0	2886
2912	7	18096239879360	none	2887	48e89dcf	512	224	0	2887
2913	0	18096257078220	none	2888	987636b4	512	224	0	2888
2914	1	18096274322440	none	2889	8afcf62e	512	224	0	2889
2915	2	18096287596360	none	2890	e9c9cbdc	512	224	0	2890
2916	3	18096304767590	none	2891	e28735e1	512	224	0	2891
2917	4	18096322088370	none	2892	c6e8e6c4	512	224	0	2892
2918	5	18096339315850	none	2893	9e841532	512	224	0	2893
2919	6	18096356638970	none	2894	7fa00e87	512	224	0	2894
2920	7	18096373947490	none	2895	b0d4a883	512	224	0	2895
2921	0	18096391147820	none	2896	3cc9ebc0	512	224	0	2896
2922	1	18096404384400	none	2897	8dbc18c6	512	224	0	2897
2923	2	18096421596270	none	2898	bbe77947	512	224	0	2898
2924	3	18096438833470	none	2899	11c2295d	512	224	0	2899
2925	4	18096456254750	none	2900	06d15637	512	224	0	2900
2926	5	18096473468840	none	2901	60be4c2f	512	224	0	2901
2927	6	18096490699900	none	2902	9db764fb	512	224	0	2902
2928	7	18096503968880	none	2903	3b15d14a	512	224	0	2903
2929	0	18096521160640	none	2904	313b3b53	512	224	0	2904
2930	1	18096538375560	none	2905	dc52182c	512	224	0	2905
2931	2	18096555592010	none	2906	053cbdf9	512	224	0	2906
2932	3	18096572801410	none	2907	8607320b	512	224	0	2907
2933	4	18096589985150	none	2908	0c94cee6	512	224	0	2908
2934	5	18096607193960	none	2909	2f14ffb5	512	224	0	2909
2935	6	18096620379740	none	2910	8ac7dfdf	512	224	0	2910
2936	7	18096637602880	none	2911	364d733e	512	224	0	2911
2937	0	18096654792460	none	2912	73dfc875	512	224	0	2912
2938	1	18096672115960	none	2913	98e27153	512	224	0	2913
2939	2	18096689354890	none	2914	512bf761	512	224	0	2914
2940	3	18096706729330	none	2915	7bba9dba	512	224	0	2915
2941	4	18096720038990	none	2916	827520f5	512	224	0	2916
2942	5	18096737269960	none	2917	d5c249ac	512	224	0	2917
2943	6	18096754462150	none	2918	3cf3b607	512	224	0	2918
2944	7	18096771647120	none	2919	935011e9	512	224	0	2919
2945	0	18096788902010	none	2920	88911729	512	224	0	2920
2946	1	18096806098930	none	2921	8f091858	512	224	0	2921
2947	2	18096823334590	none	2922	6b477281	512	224	0	2922
2948	3	18096836517900	none	2923	f8f44f0b	512	224	0	2923
2949	4	18096853735490	none	2924	add89939	512	224	0	2924
2950	5	18096871050290	none	2925	98aac66e	512	224	0	2925
2951	6	18096888276640	none	2926	61fd96c9	512	224	0	2926
2952	7	18096905600460	none	2927	c2aa8cb5	512	224	0	2927
2953	0	18096922926340	none	2928	8d3f33a7	512	224	0	2928
2954	1	18096940237630	none	2929	823f056a	512	224	0	2929
2955	2	18096953430510	none	2930	bc497b7a	512	224	0	2930
2956	3	18096970710290	none	2931	22ef4a81	512	224	0	2931
2957	4	18096987963560	none	2932	481b286b	512	224	0	2932
2958	5	18097005347440	none	2933	1ce6f2d1	512	224	0	2933
2959	6	18097022576090	none	2934	ec96ebe5	512	224	0	2934
2960	7	18097039796390	none	2935	c3c7b88e	512	224	0	2935
2961	0	18097052962880	none	2936	8848c953	512	224	0	2936
2962	1	18097070179850	none	2937	c450c77b	512	224	0	2937
2963	2	18097087385260	none	2938	e379636e	512	224	0	2938
2964	3	18097104591960	none	2939	649394cf	512	224	0	2939
2965	4	18097121792540	none	2940	568e12a1	512	224	0	2940
2966	5	18097138977920	none	2941	6fbc8894	512	224	0	2941
2967	6	18097156190330	none	2942	5bffcebc	512	224	0	2942
2968	7	18097169381920	none	2943	8bd28855	512	224	0	2943
2969	0	18097186595650	none	2944	9d68d54b	512	224	0	2944
2970	1	18097203827290	none	2945	a4044928	512	224	0	2945
2971	2	18097221029260	none	2946	bfe84a42	512	224	0	2946
2972	3	18097238252630	none	2947	b0538d4b	512	224	0	2947
2973	4	18097255496770	none	2948	236bf446	512	224	0	2948
2974	5	18097272736170	none	2949	e424f729	512	224	0	2949
2975	6	18097286036050	none	2950	c1595ad1	512	224	0	2950
2976	7	18097303272360	none	2951	4bf65ce5	512	224	0	2951
2977	0	18097320516780	none	2952	61509840	512	224	0	2952
2978	1	18097337730710	none	2953	d2f073ce	512	224	0	2953
2979	2	18097354988890	none	2954	ae3bde3d	512	224	0	2954
2980	3	18097372221310	none	2955	a5725b55	512	224	0	2955
2981	4	18097389426680	none	2956	52c4c0a1	512	224	0	2956
2982	5	18097402608800	none	2957	62404232	512	224	0	2957
2983	6	18097419797710	none	2958	ecb1550a	512	224	0	2958
2984	7	18097436971180	none	2959	9be52370	512	224	0	2959
2985	0	18097454323900	none	2960	f00d579e	512	224	0	2960
2986	1	18097471552080	none	2961	c72b12df	512	224	0	2961
2987	2	18097488758670	none	2962	4a46b002	512	224	0	2962
2988	3	18097506016260	none	2963	f1ce7fed	512	224	0	2963
2989	4	18097519297220	none	2964	0f85d07a	512	224	0	2964
2990	5	18097536562280	none	2965	3a1aeb69	512	224	0	2965
2991	6	18097553754510	none	2966	41bd4aa8	512	224	0	2966
2992	7	18097570927460	none	2967	f6e3ab50	512	224	0	2967
2993	0	18097588124580	none	2968	1d46b865	512	224	0	2968
2994	1	18097605347000	none	2969	9afa264f	512	224	0	2969
2995	2	18097622580230	none	2970	8c94ae7a	512	224	0	2970
2996	3	18097635731890	none	2971	0056f238	512	224	0	2971
2997	4	18097652908800	none	2972	2dbd5264	512	224	0	2972
2998	5	18097670107920	none	2973	690d406a	512	224	0	2973
2999	6	18097687320420	none	2974	9c788e40	512	224	0	2974
3000	7	18097704539520	none	2975	1b4f30a6	512	224	0	2975
3001	0	18097721733980	none	2976	3a1f84bc	512	224	0	2976
3002	1	18097735035350	none	2977	1a1cf684	512	224	0	2977
3003	2	18097752251230	none	2978	22409eed	512	224	0	2978
3004	3	18097769492360	none	2979	2c8b9b86	512	224	0	2979
3005	4	18097786762140	none	2980	217077ff	512	224	0	2980
3006	5	18097804077840	none	2981	373ea400	512	224	0	2981
3007	6	18097821307590	none	2982	7cdd2d1a	512	224	0	2982
3008	7	18097838544070	none	2983	58848b06	512	224	0	2983
3009	0	18097851813900	none	2984	38264820	512	224	0	2984
3010	1	18097869101640	none	2985	1de624d0	512	224	0	2985
3011	2	18097886312000	none	2986	7a109500	512	224	0	2986
3012	3	18097903621920	none	2987	4fdbe54d	512	224	0	2987
3013	4	18097920949360	none	2988	ee2b36c4	512	224	0	2988
3014	5	18097938142720	none	2989	0cfff2a0	512	224	0	2989
3015	6	18097951339480	none	2990	38f91df5	512	224	0	2990
3016	7	18097968572920	none	2991	0e3ce82e	512	224	0	2991
3017	0	18097985776530	none	2992	df095aa7	512	224	0	2992
3018	1	18098002943860	none	2993	4e904368	512	224	0	2993
3019	2	18098020145410	none	2994	1d7ddb77	512	224	0	2994
3020	3	18098037436320	none	2995	1f15c090	512	224	0	2995
3021	4	18098054677280	none	2996	6955518d	512	224	0	2996
3022	5	18098067834030	none	2997	6295dd44	512	224	0	2997
3023	6	18098085024020	none	2998	50223db2	512	224	0	2998
3024	7	18098102262160	none	2999	93e2645a	512	224	0	2999
3025	0	18098119480700	none	3000	01718054	512	224	0	3000
3026	1	18098136705290	none	3001	53b4ac42	512	224	0	3001
3027	2	18098153996670	none	3002	60f7da19	512	224	0	3002
3028	3	18098171213160	none	3003	77ef8a59	512	224	0	3003
3029	4	18098184377800	none	3004	87d42136	512	224	0	3004
3030	5	18098201582000	none	3005	5dd732e9	512	224	0	3005
3031	6	18098218774960	none	3006	bce27531	512	224	0	3006
3032	7	18098235962500	none	3007	755898c3	512	224	0	3007
3033	0	18098253176910	none	3008	7da7cab7	512	224	0	3008
3034	1	18098270404180	none	3009	e8321c96	512	224	0	3009
3035	2	18098287612530	none	3010	811fa17f	512	224	0	3010
3036	3	18098300795500	none	3011	9877d493	512	224	0	3011
3037	4	18098318123740	none	3012	82fadbbf	512	224	0	3012
3038	5	18098335335580	none	3013	bfd5612e	512	224	0	3013
3039	6	18098352681090	none	3014	742fde12	512	224	0	3014
3040	7	18098369954390	none	3015	9f361be5	512	224	0	3015
3041	0	18098387204200	none	3016	4b0b1ed9	512	224	0	3016
3042	1	18098404414950	none	3017	9a4177a4	512	224	0	3017
3043	2	18098417614100	none	3018	ebd620be	512	224	0	3018
3044	3	18098434772130	none	3019	821713d9	512	224	0	3019
3045	4	18098451947630	none	3020	25bcf5d3	512	224	0	3020
3046	5	18098469149850	none	3021	eefa3ded	512	224	0	3021
3047	6	18098486376870	none	3022	2bcfd121	512	224	0	3022
3048	7	18098503608090	none	3023	330fcf19	512	224	0	3023
3049	0	18098520790720	none	3024	f67bd153	512	224	0	3024
3050	1	18098534062480	none	3025	0cb9bbf6	512	224	0	3025
3051	2	18098551283810	none	3026	946af196	512	224	0	3026
3052	3	18098568537680	none	3027	949e32cf	512	224	0	3027
3053	4	18098585788170	none	3028	d659106e	512	224	0	3028
3054	5	18098603006740	none	3029	8bc5a79a	512	224	0	3029
3055	6	18098620259730	none	3030	09b67efd	512	224	0	3030
3056	7	18098637462440	none	3031	09b67efd	512	224	0	3031
3057	0	18098650649520	none	3032	adc3d51e	512	224	0	3032
3058	1	18098667830240	none	3033	8a476bfb	512	224	0	3033
3059	2	18098685023860	none	3034	3a0cb5af	512	224	0	3034
3060	3	18098702248110	none	3035	260eaa23	512	224	0	3035
3061	4	18098719468030	none	3036	b7aaab65	512	224	0	3036
3062	5	18098736700520	none	3037	631a6255	512	224	0	3037
3063	6	18098753880680	none	3038	a98f9507	512	224	0	3038
3064	7	18098767187730	none	3039	749165c7	512	224	0	3039
3065	0	18098784413990	none	3040	708d9f4e	512	224	0	3040
3066	1	18098801740910	none	3041	011dcc41	512	224	0	3041
3067	2	18098818954150	none	3042	3d0cdef1	512	224	0	3042
3068	3	18098836290800	none	3043	b1d4b10f	512	224	0	3043
3069	4	18098853543850	none	3044	b5e33d38	512	224	0	3044
3070	5	18098866787420	none	3045	3d6b5571	512	224	0	3045
3071	6	18098884009670	none	3046	a4d149ba	512	224	0	3046
3072	7	18098901364200	none	3047	40765a85	512	224	0	3047
3073	0	18098918711590	none	3048	e9d40f3b	512	224	0	3048
3074	1	18098936099500	none	3049	0cf5823e	512	224	0	3049
3075	2	18098953326960	none	3050	f60d4206	512	224	0	3050
3076	3	18098966562610	none	3051	5fea1301	512	224	0	3051
3077	4	18098983751900	none	3052	45fe0e01	512	224	0	3052
3078	5	18099000935330	none	3053	1ea95772	512	224	0	3053
3079	6	18099018159250	none	3054	86a899ce	512	224	0	3054
3080	7	18099035393870	none	3055	b7224b32	512	224	0	3055
3081	0	18099052644570	none	3056	af68608e	512	224	0	3056
3082	1	18099069855170	none	3057	8a74296c	512	224	0	3057
3083	2	18099083084270	none	3058	42a578da	512	224	0	3058
3084	3	18099100466930	none	3059	76f2fad6	512	224	0	3059
3085	4	18099117720130	none	3060	e8f1f150	512	224	0	3060
3086	5	18099134992880	none	3061	bd1c5696	512	224	0	3061
3087	6	18099152342190	none	3062	e874e958	512	224	0	3062
3088	7	18099169579940	none	3063	5a21b193	512	224	0	3063
3089	0	18099182768910	none	3064	2252da47	512	224	0	3064
3090	1	18099200061470	none	3065	77cfe577	512	224	0	3065
3091	2	18099217282740	none	3066	81099c72	512	224	0	3066
3092	3	18099234528170	none	3067	d7e6fd8c	512	224	0	3067
3093	4	18099251741610	none	3068	0873aff8	512	224	0	3068
3094	5	18099268921730	none	3069	fba80eb7	512	224	0	3069
3095	6	18099286124290	none	3070	329fc6a6	512	224	0	3070
3096	7	18099299316020	none	3071	5db9e16a	512	224	0	3071
3097	0	18099316564490	none	3072	240d2d97	512	224	0	3072
3098	1	18099333895820	none	3073	1a31be95	512	224	0	3073
3099	2	18099351233600	none	3074	9bc0832e	512	224	0	3074
3100	3	18099368485400	none	3075	1aed2767	512	224	0	3075
3101	4	18099385778900	none	3076	463d9d40	512	224	0	3076
3102	5	18099399074300	none	3077	0201713d	512	224	0	3077
3103	6	18099416295610	none	3078	e304cc1f	512	224	0	3078
3104	7	18099433533250	none	3079	61786de6	512	224	0	3079
3105	0	18099450823680	none	3080	393831f0	512	224	0	3080
3106	1	18099468073190	none	3081	85b1dcb7	512	224	0	3081
3107	2	18099485312500	none	3082	a7f00168	512	224	0	3082
3108	3	18099502534970	none	3083	d16f0a7f	512	224	0	3083
3109	4	18099515803020	none	3084	d16f0a7f	512	224	0	3084
3110	5	18099532966360	none	3085	d16f0a7f	512	224	0	3085
3111	6	18099550201220	none	3086	d16f0a7f	512	224	0	3086
3112	7	18099567442600	none	3087	d16f0a7f	512	224	0	3087
3113	0	18099584687410	none	3088	d16f0a7f	512	224	0	3088
3114	1	18099601953380	none	3089	d16f0a7f	512	224	0	3089
3115	2	18099615288220	none	3090	d16f0a7f	512	224	0	3090
3116	3	18099632540140	none	3091	d16f0a7f	512	224	0	3091
3117	4	18099649834440	none	3092	d16f0a7f	512	224	0	3092
3118	5	18099667038860	none	3093	d16f0a7f	512	224	0	3093
3119	6	18099684278680	none	3094	d16f0a7f	512	224	0	3094
3120	7	18099701512260	none	3095	d16f0a7f	512	224	0	3095
3121	0	18099718717340	none	3096	d16f0a7f	512	224	0	3096
3122	1	18099731874880	none	3097	d16f0a7f	512	224	0	3097
3123	2	18099749268760	none	3098	d16f0a7f	512	224	0	3098
3124	3	18099766474930	none	3099	d16f0a7f	512	224	0	3099
3125	4	18099783744480	none	3100	4d223d66	512	224	0	3100
3126	5	18099800994330	none	3101	ca1d7b55	512	224	0	3101
3127	6	18099818275520	none	3102	35ed19b6	512	224	0	3102
3128	7	18099835500610	none	3103	7d00abef	512	224	0	3103
3129	0	18099848665980	none	3104	26bde4b1	512	224	0	3104
3130	1	18099865898300	none	3105	8ca11b3a	512	224	0	3105
3131	2	18099883114550	none	3106	9c95da3a	512	224	0	3106
3132	3	18099900338170	none	3107	2cbf188e	512	224	0	3107
3133	4	18099917565970	none	3108	73dc6f78	512	224	0	3108
3134	5	18099934766190	none	3109	9e9e1045	512	224	0	3109
3135	6	18099951971940	none	3110	0bb291ec	512	224	0	3110
3136	7	18099965183550	none	3111	091d2b40	512	224	0	3111
3137	0	18099982412530	none	3112	b52e7f8b	512	224	0	3112
3138	1	18099999640500	none	3113	1ce9c0f5	512	224	0	3113
3139	2	18100016862630	none	3114	ae73ff3b	512	224	0	3114
3140	3	18100034116790	none	3115	de8e412d	512	224	0	3115
3141	4	18100051363540	none	3116	f777acf3	512	224	0	3116
3142	5	18100064643860	none	3117	bca2da79	512	224	0	3117
3143	6	18100081897000	none	3118	37401774	512	224	0	3118
3144	7	18100099098820	none	3119	9f0d0cd2	512	224	0	3119
3145	0	18100116346980	none	3120	9a084070	512	224	0	3120
3146	1	18100133619190	none	3121	0ed81f7d	512	224	0	3121
3147	2	18100150819790	none	3122	334b3d52	512	224	0	3122
3148	3	18100168200040	none	3123	2a79451b	512	224	0	3123
3149	4	18100181382940	none	3124	161d1ca2	512	224	0	3124
3150	5	18100198703890	none	3125	a1950a01	512	224	0	3125
3151	6	18100215952190	none	3126	8bbd5691	512	224	0	3126
3152	7	18100233182310	none	3127	35851a0e	512	224	0	3127
3153	0	18100250416280	none	3128	d4dcecb0	512	224	0	3128
3154	1	18100267643970	none	3129	003d0230	512	224	0	3129
3155	2	18100284855130	none	3130	ae77a4d3	512	224	0	3130
3156	3	18100298015460	none	3131	fa650a32	512	224	0	3131
3157	4	18100315244790	none	3132	05b7e822	512	224	0	3132
3158	5	18100332463020	none	3133	980a670a	512	224	0	3133
3159	6	18100349681390	none	3134	b30eed49	512	224	0	3134
3160	7	18100366862190	none	3135	eb0df5e8	512	224	0	3135
3161	0	18100384112910	none	3136	656156f9	512	224	0	3136
3162	1	18100397314740	none	3137	88906a7f	512	224	0	3137
3163	2	18100414621860	none	3138	480ef56f	512	224	0	3138
3164	3	18100431813530	none	3139	f85f011f	512	224	0	3139
3165	4	18100449010960	none	3140	71ca2ed1	512	224	0	3140
3166	5	18100466244890	none	3141	68d50ca8	512	224	0	3141
3167	6	18100483453740	none	3142	b804a5b5	512	224	0	3142
3168	7	18100500689420	none	3143	2ca5bf80	512	224	0	3143
3169	0	18100513913570	none	3144	045b60cf	512	224	0	3144
3170	1	18100531177880	none	3145	db563e18	512	224	0	3145
3171	2	18100548401180	none	3146	f34c66ab	512	224	0	3146
3172	3	18100565647860	none	3147	f61bc65f	512	224	0	3147
3173	4	18100582823360	none	3148	89954e65	512	224	0	3148
3174	5	18100600024090	none	3149	8f8a0d6e	512	224	0	3149
3175	6	18100617367490	none	3150	99c0eba9	512	224	0	3150
3176	7	18100630540430	none	3151	5a1de758	512	224	0	3151
3177	0	18100647831630	none	3152	2d111ebb	512	224	0	3152
3178	1	18100665137740	none	3153	e03d078e	512	224	0	3153
3179	2	18100682366720	none	3154	d223c2d1	512	224	0	3154
3180	3	18100699584320	none	3155	910e24f5	512	224	0	3155
3181	4	18100716781930	none	3156	c15a901a	512	224	0	3156
3182	5	18100733982650	none	3157	55f80bf2	512	224	0	3157
3183	6	18100747165570	none	3158	d2ba247b	512	224	0	3158
3184	7	18100764421600	none	3159	6d39c7d0	512	224	0	3159
3185	0	18100781663680	none	3160	65a5dbc4	512	224	0	3160
3186	1	18100798992660	none	3161	6243dd1e	512	224	0	3161
3187	2	18100816217680	none	3162	8f05ac32	512	224	0	3162
3188	3	18100833439700	none	3163	88349ca7	512	224	0	3163
3189	4	18100846631300	none	3164	7ff16d9d	512	224	0	3164
3190	5	18100863809900	none	3165	cdb793af	512	224	0	3165
3191	6	18100880989330	none	3166	27adfa44	512	224	0	3166
3192	7	18100898230340	none	3167	4b793b5f	512	224	0	3167
3193	0	18100915439310	none	3168	34e928e1	512	224	0	3168
3194	1	18100932670930	none	3169	dfe0ca7f	512	224	0	3169
3195	2	18100949885640	none	3170	f990a6df	512	224	0	3170
3196	3	18100963131600	none	3171	fc81ec45	512	224	0	3171
3197	4	18100980344420	none	3172	99918228	512	224	0	3172
3198	5	18100997641150	none	3173	0451f67b	512	224	0	3173
3199	6	18101014829100	none	3174	efaf1d15	512	224	0	3174
3200	7	18101032136800	none	3175	79e052a4	512	224	0	3175
3201	0	18101049355710	none	3176	529dde92	512	224	0	3176
3202	1	18101066697920	none	3177	e243a03c	512	224	0	3177
3203	2	18101079913610	none	3178	b7957417	512	224	0	3178
3204	3	18101097124660	none	3179	41e386e6	512	224	0	3179
3205	4	18101114351800	none	3180	a4289cdc	512	224	0	3180
3206	5	18101131634410	none	3181	7604d11d	512	224	0	3181
3207	6	18101148816280	none	3182	c3196d46	512	224	0	3182
3208	7	18101166177530	none	3183	1a7903f2	512	224	0	3183
3209	0	18101179349980	none	3184	5b6d0373	512	224	0	3184
3210	1	18101196675380	none	3185	2bd1ef3b	512	224	0	3185
3211	2	18101213948760	none	3186	c7f55d51	512	224	0	3186
3212	3	18101231174530	none	3187	b9a85788	512	224	0	3187
3213	4	18101248394940	none	3188	9cbbdcd4	512	224	0	3188
3214	5	18101265626380	none	3189	500f79d1	512	224	0	3189
3215	6	18101282814830	none	3190	20e5809e	512	224	0	3190
3216	7	18101295959710	none	3191	5f47fa4e	512	224	0	3191
3217	0	18101313173980	none	3192	86786481	512	224	0	3192
3218	1	18101330379690	none	3193	078c7aad	512	224	0	3193
3219	2	18101347627680	none	3194	8bf0dfc4	512	224	0	3194
3220	3	18101364819870	none	3195	ef43da85	512	224	0	3195
3221	4	18101382087230	none	3196	3bbbed44	512	224	0	3196
3222	5	18101399298840	none	3197	31b88537	512	224	0	3197
3223	6	18101412502030	none	3198	6a4534e8	512	224	0	3198
3224	7	18101429703930	none	3199	b0d14949	512	224	0	3199
3225	0	18101446996540	none	3200	db840780	512	224	0	3200
3226	1	18101464278820	none	3201	86777202	512	224	0	3201
3227	2	18101481564870	none	3202	7028996a	512	224	0	3202
3228	3	18101498765830	none	3203	de10bc4a	512	224	0	3203
3229	4	18101516087140	none	3204	8ff84e82	512	224	0	3204
3230	5	18101529267240	none	3205	8896bbad	512	224	0	3205
3231	6	18101546510570	none	3206	b509a5d0	512	224	0	3206
3232	7	18101563700220	none	3207	b2befc7d	512	224	0	3207
3233	0	18101580876560	none	3208	4b390f60	512	224	0	3208
3234	1	18101598081950	none	3209	02fb0ede	512	224	0	3209
3235	2	18101615430050	none	3210	6f9fdc15	512	224	0	3210
3236	3	18101628615720	none	3211	00797809	512	224	0	3211
3237	4	18101645890520	none	3212	9bf72173	512	224	0	3212
3238	5	18101663185870	none	3213	451fac06	512	224	0	3213
3239	6	18101680413290	none	3214	44b6147a	512	224	0	3214
3240	7	18101697642340	none	3215	27d55752	512	224	0	3215
3241	0	18101714828560	none	3216	8766808f	512	224	0	3216
3242	1	18101732147200	none	3217	8969446a	512	224	0	3217
3243	2	18101745348010	none	3218	6f373b84	512	224	0	3218
3244	3	18101762591090	none	3219	f9db640b	512	224	0	3219
3245	4	18101779796280	none	3220	7174ef41	512	224	0	3220
3246	5	18101797013170	none	3221	7b2c5994	512	224	0	3221
3247	6	18101814231390	none	3222	d21b0fdd	512	224	0	3222
3248	7	18101831441740	none	3223	a4c23738	512	224	0	3223
3249	0	18101848652330	none	3224	ed465bbf	512	224	0	3224
3250	1	18101861965170	none	3225	59f86512	512	224	0	3225
3251	2	18101879183060	none	3226	2f3e6183	512	224	0	3226
3252	3	18101896384650	none	3227	e03d8b26	512	224	0	3227
3253	4	18101913617560	none	3228	f072e3cc	512	224	0	3228
3254	5	18101930827680	none	3229	af26c12f	512	224	0	3229
3255	6	18101948024890	none	3230	16b22313	512	224	0	3230
3256	7	18101965249240	none	3231	3a53d034	512	224	0	3231
3257	0	18101978475260	none	3232	5be3d576	512	224	0	3232
3258	1	18101995724660	none	3233	3886990d	512	224	0	3233
3259	2	18102012930620	none	3234	6bc3f4df	512	224	0	3234
3260	3	18102030138990	none	3235	96b2c0de	512	224	0	3235
3261	4	18102047340700	none	3236	18a3fef6	512	224	0	3236
3262	5	18102064648560	none	3237	5dec826b	512	224	0	3237
3263	6	18102077910040	none	3238	2bc5cf91	512	224	0	3238
3264	7	18102095128900	none	3239	47d994c8	512	224	0	3239
3265	0	18102112393680	none	3240	8932da10	512	224	0	3240
3266	1	18102129620060	none	3241	77f1700e	512	224	0	3241
3267	2	18102146795910	none	3242	74f83391	512	224	0	3242
3268	3	18102164175310	none	3243	3dc1611f	512	224	0	3243
3269	4	18102181396490	none	3244	3fd2f4ba	512	224	0	3244
3270	5	18102194588580	none	3245	3bb514c9	512	224	0	3245
3271	6	18102211777430	none	3246	f41134b2	512	224	0	3246
3272	7	18102228952750	none	3247	80d5e2fa	512	224	0	3247
3273	0	18102246192950	none	3248	e58b19d1	512	224	0	3248
3274	1	18102263593310	none	3249	76b41e74	512	224	0	3249
3275	2	18102280785420	none	3250	d6a0b573	512	224	0	3250
3276	3	18102298013640	none	3251	e848707e	512	224	0	3251
3277	4	18102311211280	none	3252	c4b67aec	512	224	0	3252
3278	5	18102328400940	none	3253	1e22f684	512	224	0	3253
3279	6	18102345636270	none	3254	a9e168a8	512	224	0	3254
3280	7	18102362826790	none	3255	994fd893	512	224	0	3255
3281	0	18102380039070	none	3256	17d2f23e	512	224	0	3256
3282	1	18102397269420	none	3257	8d6368d5	512	224	0	3257
3283	2	18102414499660	none	3258	d7f348eb	512	224	0	3258
3284	3	18102427669600	none	3259	6059827b	512	224	0	3259
3285	4	18102444985240	none	3260	77e2d6bb	512	224	0	3260
3286	5	18102462267860	none	3261	dcd2ad01	512	224	0	3261
3287	6	18102479465750	none	3262	87b9939b	512	224	0	3262
3288	7	18102496664200	none	3263	46b79ec3	512	224	0	3263
3289	0	18102513958380	none	3264	7a8e228d	512	224	0	3264
3290	1	18102527192360	none	3265	18abd966	512	224	0	3265
3291	2	18102544416230	none	3266	51bb05dc	512	224	0	3266
3292	3	18102561625050	none	3267	81fb056e	512	224	0	3267
3293	4	18102578804830	none	3268	7d1e7d89	512	224	0	3268
3294	5	18102595994610	none	3269	e4cd1962	512	224	0	3269
3295	6	18102613344760	none	3270	c2e479fb	512	224	0	3270
3296	7	18102630584420	none	3271	4031adf5	512	224	0	3271
3297	0	18102643738860	none	3272	8150c2df	512	224	0	3272
3298	1	18102660955310	none	3273	b0160dc4	512	224	0	3273
3299	2	18102678181350	none	3274	704a4075	512	224	0	3274
3300	3	18102695394630	none	3275	61661ec9	512	224	0	3275
3301	4	18102712617310	none	3276	f9ad58a6	512	224	0	3276
3302	5	18102729815020	none	3277	e06bc142	512	224	0	3277
3303	6	18102747019820	none	3278	fe1820af	512	224	0	3278
3304	7	18102760219640	none	3279	bbb97614	512	224	0	3279
3305	0	18102777425200	none	3280	ee905f78	512	224	0	3280
3306	1	18102794658300	none	3281	9e27da42	512	224	0	3281
3307	2	18102811899420	none	3282	2cf36c67	512	224	0	3282
3308	3	18102829102470	none	3283	bd1983a2	512	224	0	3283
3309	4	18102846326530	none	3284	b11563eb	512	224	0	3284
3310	5	18102863575450	none	3285	8559daf6	512	224	0	3285
3311	6	18102876714110	none	3286	56917aa6	512	224	0	3286
3312	7	18102894003670	none	3287	49f20e45	512	224	0	3287
3313	0	18102911212130	none	3288	54b64f70	512	224	0	3288
3314	1	18102928421580	none	3289	9952f1e7	512	224	0	3289
3315	2	18102945635610	none	3290	df6f363d	512	224	0	3290
3316	3	18102962882550	none	3291	861af1c9	512	224	0	3291
3317	4	18102980121290	none	3292	d9d7f2c0	512	224	0	3292
3318	5	18102993363100	none	3293	8fdaabf9	512	224	0	3293
3319	6	18103010655400	none	3294	2a48fed0	512	224	0	3294
3320	7	18103027873280	none	3295	451cc6b4	512	224	0	3295
3321	0	18103045079310	none	3296	c05ff801	512	224	0	3296
3322	1	18103062508920	none	3297	b271affc	512	224	0	3297
3323	2	18103079757150	none	3298	7a1d4d7c	512	224	0	3298
3324	3	18103092920200	none	3299	e71ca00c	512	224	0	3299
3325	4	18103110138510	none	3300	9deef35e	512	224	0	3300
3326	5	18103127364540	none	3301	6c73db2c	512	224	0	3301
3327	6	18103144601760	none	3302	db6ed438	512	224	0	3302
3328	7	18103161780410	none	3303	e420a101	512	224	0	3303
3329	0	18103178987900	none	3304	19709b4c	512	224	0	3304
3330	1	18103196235730	none	3305	091c64bf	512	224	0	3305
3331	2	18103209415860	none	3306	ba336452	512	224	0	3306
3332	3	18103226629760	none	3307	24ad77f1	512	224	0	3307
3333	4	18103243881140	none	3308	7d2ff5f0	512	224	0	3308
3334	5	18103261232410	none	3309	e314699a	512	224	0	3309
3335	6	18103278448690	none	3310	ad5834e4	512	224	0	3310
3336	7	18103295656210	none	3311	8417346a	512	224	0	3311
3337	0	18103313003540	none	3312	ec54a351	512	224	0	3312
3338	1	18103326243170	none	3313	1589b7cd	512	224	0	3313
3339	2	18103343522940	none	3314	c87e9058	512	224	0	3314
3340	3	18103360719640	none	3315	c91de418	512	224	0	3315
3341	4	18103377932250	none	3316	d1fefe8e	512	224	0	3316
3342	5	18103395168690	none	3317	1f1f0a13	512	224	0	3317
3343	6	18103412404030	none	3318	d7964152	512	224	0	3318
3344	7	18103429603210	none	3319	ef8738ab	512	224	0	3319
3345	0	18103442751690	none	3320	bcb78048	512	224	0	3320
3346	1	18103459945370	none	3321	6dd2cfe5	512	224	0	3321
3347	2	18103477157590	none	3322	66aba568	512	224	0	3322
3348	3	18103494360980	none	3323	098bb385	512	224	0	3323
3349	4	18103511670560	none	3324	949840fc	512	224	0	3324
3350	5	18103528951780	none	3325	126ff25f	512	224	0	3325
3351	6	18103542142040	none	3326	68f70733	512	224	0	3326
3352	7	18103559357730	none	3327	93dae49b	512	224	0	3327
3353	0	18103576608220	none	3328	e868693b	512	224	0	3328
3354	1	18103593829800	none	3329	7ad4cd76	512	224	0	3329
3355	2	18103611204970	none	3330	c8fca8bd	512	224	0	3330
3356	3	18103628523210	none	3331	844762a3	512	224	0	3331
3357	4	18103645738470	none	3332	a80bd47b	512	224	0	3332
3358	5	18103658970120	none	3333	74d2b2b9	512	224	0	3333
3359	6	18103676195150	none	3334	4e2cb018	512	224	0	3334
3360	7	18103693426650	none	3335	a7d72078	512	224	0	3335
3361	0	18103710704680	none	3336	dcd31b20	512	224	0	3336
3362	1	18103727950120	none	3337	ebb17e13	512	224	0	3337
3363	2	18103745192330	none	3338	dd439597	512	224	0	3338
3364	3	18103762405970	none	3339	acef217a	512	224	0	3339
3365	4	18103775590240	none	3340	41706fde	512	224	0	3340
3366	5	18103792796230	none	3341	67a88371	512	224	0	3341
3367	6	18103810170850	none	3342	a21e3114	512	224	0	3342
3368	7	18103827377060	none	3343	26a7a55a	512	224	0	3343
3369	0	18103844605670	none	3344	78ad519c	512	224	0	3344
3370	1	18103862021250	none	3345	b837b7b4	512	224	0	3345
3371	2	18103875213510	none	3346	ebeccdd3	512	224	0	3346
3372	3	18103892514410	none	3347	af94bca7	512	224	0	3347
3373	4	18103909694040	none	3348	56e994f2	512	224	0	3348
3374	5	18103926957220	none	3349	f2aaf9bd	512	224	0	3349
3375	6	18103944371390	none	3350	28d15338	512	224	0	3350
3376	7	18103961786820	none	3351	584ca0c1	512	224	0	3351
3377	0	18103974930120	none	3352	085e0f76	512	224	0	3352
3378	1	18103992238060	none	3353	c06f9e14	512	224	0	3353
3379	2	18104009473510	none	3354	ddd67e9b	512	224	0	3354
3380	3	18104026699030	none	3355	c6c19f14	512	224	0	3355
3381	4	18104043912040	none	3356	a1dfc01b	512	224	0	3356
3382	5	18104061137260	none	3357	6e0baccd	512	224	0	3357
3383	6	18104078363550	none	3358	64a5747c	512	224	0	3358
3384	7	18104091558600	none	3359	3e6530a8	512	224	0	3359
3385	0	18104108811550	none	3360	56d6cd91	512	224	0	3360
3386	1	18104126139760	none	3361	0a26815d	512	224	0	3361
3387	2	18104143372870	none	3362	c2444d16	512	224	0	3362
3388	3	18104160626170	none	3363	c389f18e	512	224	0	3363
3389	4	18104177811710	none	3364	7b646edd	512	224	0	3364
3390	5	18104191092400	none	3365	09890c5d	512	224	0	3365
3391	6	18104208363710	none	3366	2f05e401	512	224	0	3366
3392	7	18104225596620	none	3367	a1793566	512	224	0	3367
3393	0	18104242885530	none	3368	9ba65bf4	512	224	0	3368
3394	1	18104260113990	none	3369	c67071ce	512	224	0	3369
3395	2	18104277349730	none	3370	c0406559	512	224	0	3370
3396	3	18104294589930	none	3371	91f3fe11	512	224	0	3371
3397	4	18104307736280	none	3372	958ae870	512	224	0	3372
3398	5	18104325137090	none	3373	3f6714d4	512	224	0	3373
3399	6	18104342355000	none	3374	75861c22	512	224	0	3374
3400	7	18104359693450	none	3375	5ec86c16	512	224	0	3375
3401	0	18104376977130	none	3376	96453b9f	512	224	0	3376
3402	1	18104394301560	none	3377	51664b54	512	224	0	3377
3403	2	18104407580850	none	3378	7bf3cbf1	512	224	0	3378
3404	3	18104425055250	none	3379	bcb137d0	512	224	0	3379
3405	4	18104442290140	none	3380	23dea2ed	512	224	0	3380
3406	5	18104459631200	none	3381	d2a3f861	512	224	0	3381
3407	6	18104476950060	none	3382	88aad5fc	512	224	0	3382
3408	7	18104494183680	none	3383	9ae946f9	512	224	0	3383
3409	0	18104507368620	none	3384	444066db	512	224	0	3384
3410	1	18104524651420	none	3385	40a3de6b	512	224	0	3385
3411	2	18104541880540	none	3386	fc93d872	512	224	0	3386
3412	3	18104559255720	none	3387	71604c01	512	224	0	3387
3413	4	18104576562980	none	3388	dde12784	512	224	0	3388
3414	5	18104593780320	none	3389	5a8cb41e	512	224	0	3389
3415	6	18104610966860	none	3390	e86f3774	512	224	0	3390
3416	7	18104624280440	none	3391	f051dc7a	512	224	0	3391
3417	0	18104641570350	none	3392	184865f2	512	224	0	3392
3418	1	18104658928730	none	3393	56ed3e08	512	224	0	3393
3419	2	18104676232640	none	3394	54a65543	512	224	0	3394
3420	3	18104693470610	none	3395	315d7890	512	224	0	3395
3421	4	18104710689340	none	3396	0fba0be3	512	224	0	3396
3422	5	18104723861330	none	3397	1b5e341e	512	224	0	3397
3423	6	18104741055140	none	3398	bf240572	512	224	0	3398
3424	7	18104758463790	none	3399	9e9013f0	512	224	0	3399
3425	0	18104775693050	none	3400	a1c2919f	512	224	0	3400
3426	1	18104792902480	none	3401	cbe10f29	512	224	0	3401
3427	2	18104810150520	none	3402	f75073b7	512	224	0	3402
3428	3	18104827369000	none	3403	08cb4cfc	512	224	0	3403
3429	4	18104840534300	none	3404	3dc46110	512	224	0	3404
3430	5	18104857731420	none	3405	d7f7e904	512	224	0	3405
3431	6	18104875040250	none	3406	f4615ab3	512	224	0	3406
3432	7	18104892288270	none	3407	9ed780e3	512	224	0	3407
3433	0	18104909511230	none	3408	df42f1ee	512	224	0	3408
3434	1	18104926717170	none	3409	53407f73	512	224	0	3409
3435	2	18104940068820	none	3410	bf5089e2	512	224	0	3410
3436	3	18104957270920	none	3411	c4f767a5	512	224	0	3411
3437	4	18104974484660	none	3412	0a3152aa	512	224	0	3412
3438	5	18104991743330	none	3413	0996242f	512	224	0	3413
3439	6	18105009052960	none	3414	1ba80803	512	224	0	3414
3440	7	18105026277300	none	3415	a8f99b41	512	224	0	3415
3441	0	18105043502350	none	3416	e28399eb	512	224	0	3416
3442	1	18105056653050	none	3417	7534fc7a	512	224	0	3417
3443	2	18105073837280	none	3418	a60e84f2	512	224	0	3418
3444	3	18105091044980	none	3419	83180aa8	512	224	0	3419
3445	4	18105108359600	none	3420	883b5c0b	512	224	0	3420
3446	5	18105125603920	none	3421	50dd7876	512	224	0	3421
3447	6	18105142814690	none	3422	d693a2fc	512	224	0	3422
3448	7	18105160027870	none	3423	2c35c48d	512	224	0	3423
3449	0	18105173343440	none	3424	8bba52dc	512	224	0	3424
3450	1	18105190568370	none	3425	8add348d	512	224	0	3425
3451	2	18105207908160	none	3426	00a2230f	512	224	0	3426
3452	3	18105225194680	none	3427	bd42f35d	512	224	0	3427
3453	4	18105242431990	none	3428	6a6637b7	512	224	0	3428
3454	5	18105259656980	none	3429	bc072b36	512	224	0	3429
3455	6	18105272849190	none	3430	cc2b3978	512	224	0	3430
3456	7	18105290061880	none	3431	e8f7c8ff	512	224	0	3431
3457	0	18105307377590	none	3432	9238f63d	512	224	0	3432
3458	1	18105324668200	none	3433	21de5fb6	512	224	0	3433
3459	2	18105341903550	none	3434	d89614ba	512	224	0	3434
3460	3	18105359140000	none	3435	5ec0d614	512	224	0	3435
3461	4	18105376352540	none	3436	3259323a	512	224	0	3436
3462	5	18105389535630	none	3437	363f12e2	512	224	0	3437
3463	6	18105406714060	none	3438	1a38b8e4	512	224	0	3438
3464	7	18105423890750	none	3439	884393d8	512	224	0	3439
3465	0	18105441130180	none	3440	b2eb85ec	512	224	0	3440
3466	1	18105458463330	none	3441	b0aa1b98	512	224	0	3441
3467	2	18105475925800	none	3442	054e1266	512	224	0	3442
3468	3	18105489113750	none	3443	2242b68b	512	224	0	3443
3469	4	18105506326950	none	3444	69b59a46	512	224	0	3444
3470	5	18105523549900	none	3445	2b03a513	512	224	0	3445
3471	6	18105540751050	none	3446	eb7bd1bb	512	224	0	3446
3472	7	18105558094920	none	3447	1eaf9d66	512	224	0	3447
3473	0	18105575343990	none	3448	295c8458	512	224	0	3448
3474	1	18105592574770	none	3449	0306fde6	512	224	0	3449
3475	2	18105605736340	none	3450	f2f53c85	512	224	0	3450
3476	3	18105622918880	none	3451	bec3110b	512	224	0	3451
3477	4	18105640152760	none	3452	4828f791	512	224	0	3452
3478	5	18105657401390	none	3453	f4a9fbdc	512	224	0	3453
3479	6	18105674667770	none	3454	8a53379a	512	224	0	3454
3480	7	18105692072820	none	3455	c1cb1761	512	224	0	3455
3481	0	18105705251810	none	3456	d738244a	512	224	0	3456
3482	1	18105722623570	none	3457	a701113d	512	224	0	3457
3483	2	18105739979290	none	3458	8da1d4b9	512	224	0	3458
3484	3	18105757224370	none	3459	590f0774	512	224	0	3459
3485	4	18105774442700	none	3460	28e26ab9	512	224	0	3460
3486	5	18105791711620	none	3461	a23fe2da	512	224	0	3461
3487	6	18105808952260	none	3462	e983393e	512	224	0	3462
3488	7	18105822254950	none	3463	ea715df8	512	224	0	3463
3489	0	18105839463650	none	3464	d89321b6	512	224	0	3464
3490	1	18105856735350	none	3465	f9c94cd7	512	224	0	3465
3491	2	18105873952350	none	3466	e4512f9e	512	224	0	3466
3492	3	18105891220660	none	3467	3979b9a9	512	224	0	3467
3493	4	18105908497220	none	3468	d9a063d4	512	224	0	3468
3494	5	18105921661890	none	3469	3ef13b02	512	224	0	3469
3495	6	18105938830790	none	3470	f4b8efd8	512	224	0	3470
3496	7	18105956190900	none	3471	47c367cb	512	224	0	3471
3497	0	18105973418010	none	3472	b4a31022	512	224	0	3472
3498	1	18105990706170	none	3473	223d8840	512	224	0	3473
3499	2	18106008044660	none	3474	35e4b3ff	512	224	0	3474
3500	3	18106025283320	none	3475	79c08f30	512	224	0	3475
3501	4	18106038488020	none	3476	eb554643	512	224	0	3476
3502	5	18106055683000	none	3477	c32e7cc6	512	224	0	3477
3503	6	18106072947960	none	3478	7b2cc51e	512	224	0	3478
3504	7	18106090189510	none	3479	23f3f7bb	512	224	0	3479
3505	0	18106107424730	none	3480	f2084e88	512	224	0	3480
3506	1	18106124698590	none	3481	949794bc	512	224	0	3481
3507	2	18106137911470	none	3482	2a46a36f	512	224	0	3482
3508	3	18106155275400	none	3483	a097acda	512	224	0	3483
3509	4	18106172480100	none	3484	62c22101	512	224	0	3484
3510	5	18106189707000	none	3485	0190d266	512	224	0	3485
3511	6	18106207000150	none	3486	565574ed	512	224	0	3486
3512	7	18106224232250	none	3487	88fcfc14	512	224	0	3487
3513	0	18106241554350	none	3488	48905cf9	512	224	0	3488
3514	1	18106254732120	none	3489	7a156ed2	512	224	0	3489
3515	2	18106271941930	none	3490	01339107	512	224	0	3490
3516	3	18106289181830	none	3491	65009448	512	224	0	3491
3517	4	18106306410710	none	3492	5c505e84	512	224	0	3492
3518	5	18106323631510	none	3493	2ef44260	512	224	0	3493
3519	6	18106340824070	none	3494	597297ab	512	224	0	3494
3520	7	18106358098270	none	3495	4ddb28d7	512	224	0	3495
3521	0	18106371469390	none	3496	0d8ee40c	512	224	0	3496
3522	1	18106388657550	none	3497	bcb1dafb	512	224	0	3497
3523	2	18106405956260	none	3498	20c74565	512	224	0	3498
3524	3	18106423189220	none	3499	be33c014	512	224	0	3499
3525	4	18106440427600	none	3500	e3815445	512	224	0	3500
3526	5	18106457616350	none	3501	5a87d888	512	224	0	3501
3527	6	18106470869220	none	3502	74c6e85a	512	224	0	3502
3528	7	18106488082040	none	3503	e1438611	512	224	0	3503
3529	0	18106505425540	none	3504	2b79c9f1	512	224	0	3504
3530	1	18106522722270	none	3505	366cd8ed	512	224	0	3505
3531	2	18106539936620	none	3506	af26aaa1	512	224	0	3506
3532	3	18106557178250	none	3507	213a9efa	512	224	0	3507
3533	4	18106570538710	none	3508	61d50dcb	512	224	0	3508
3534	5	18106587721730	none	3509	0a50b5b6	512	224	0	3509
3535	6	18106604989510	none	3510	09d7305d	512	224	0	3510
3536	7	18106622221430	none	3511	12b18432	512	224	0	3511
3537	0	18106639451310	none	3512	a690aea6	512	224	0	3512
3538	1	18106656645610	none	3513	b718fd42	512	224	0	3513
3539	2	18106673858680	none	3514	b4a6d9b6	512	224	0	3514
3540	3	18106687053470	none	3515	f94ed4ad	512	224	0	3515
3541	4	18106704416860	none	3516	98e238f5	512	224	0	3516
3542	5	18106721609230	none	3517	e27b8e62	512	224	0	3517
3543	6	18106738798550	none	3518	562dd196	512	224	0	3518
3544	7	18106756017300	none	3519	69b270c5	512	224	0	3519
3545	0	18106773237510	none	3520	0556dffe	512	224	0	3520
3546	1	18106790518590	none	3521	cc510d0b	512	224	0	3521
3547	2	18106803872250	none	3522	bfdb4976	512	224	0	3522
3548	3	18106821087030	none	3523	f5b66ddc	512	224	0	3523
3549	4	18106838311980	none	3524	50b52283	512	224	0	3524
3550	5	18106855547290	none	3525	bf15542a	512	224	0	3525
3551	6	18106872740180	none	3526	e6e0b78e	512	224	0	3526
3552	7	18106890112850	none	3527	ac8b6e79	512	224	0	3527
3553	0	18106903297530	none	3528	e36a0158	512	224	0	3528
3554	1	18106920571110	none	3529	de1f5df0	512	224	0	3529
3555	2	18106937744770	none	3530	2b53a12e	512	224	0	3530
3556	3	18106955012190	none	3531	cda1e1a7	512	224	0	3531
3557	4	18106972232860	none	3532	6aa309f9	512	224	0	3532
3558	5	18106989452970	none	3533	6b1618bc	512	224	0	3533
3559	6	18107006644950	none	3534	15ae6233	512	224	0	3534
3560	7	18107019800230	none	3535	4249eeec	512	224	0	3535
3561	0	18107037030000	none	3536	2f53a7b1	512	224	0	3536
3562	1	18107054317190	none	3537	a7edd24f	512	224	0	3537
3563	2	18107071563600	none	3538	669155cc	512	224	0	3538
3564	3	18107088804500	none	3539	f3e26f1d	512	224	0	3539
3565	4	18107105999760	none	3540	3bf7e982	512	224	0	3540
3566	5	18107123367670	none	3541	580a54ca	512	224	0	3541
3567	6	18107136530610	none	3542	f994fa40	512	224	0	3542
3568	7	18107153877620	none	3543	1ddd974d	512	224	0	3543
3569	0	18107171122020	none	3544	14043d68	512	224	0	3544
3570	1	18107188374440	none	3545	f2a4ccf2	512	224	0	3545
3571	2	18107205566460	none	3546	d1f1578a	512	224	0	3546
3572	3	18107222752060	none	3547	2ba1a385	512	224	0	3547
3573	4	18107239946330	none	3548	1b81a6bf	512	224	0	3548
3574	5	18107253132510	none	3549	f93d4296	512	224	0	3549
3575	6	18107270339110	none	3550	d721b613	512	224	0	3550
3576	7	18107287542430	none	3551	5da161b5	512	224	0	3551
3577	0	18107304740490	none	3552	fdc03e8a	512	224	0	3552
3578	1	18107321972220	none	3553	3481a121	512	224	0	3553
3579	2	18107339194430	none	3554	42e47947	512	224	0	3554
3580	3	18107356420140	none	3555	e24aaeb6	512	224	0	3555
3581	4	18107369687160	none	3556	029ea8e0	512	224	0	3556
3582	5	18107386926830	none	3557	8012eff9	512	224	0	3557
3583	6	18107404164940	none	3558	94b0a206	512	224	0	3558
3584	7	18107421419570	none	3559	e7afbac9	512	224	0	3559
3585	0	18107438635860	none	3560	c82c8ff2	512	224	0	3560
3586	1	18107455861060	none	3561	0b02704d	512	224	0	3561
3587	2	18107469176970	none	3562	12d21fb3	512	224	0	3562
3588	3	18107486402640	none	3563	5d33964b	512	224	0	3563
3589	4	18107503706420	none	3564	321eca89	512	224	0	3564
3590	5	18107520888220	none	3565	b2ba8654	512	224	0	3565
3591	6	18107538166570	none	3566	5e344dfe	512	224	0	3566
3592	7	18107555396170	none	3567	b4992783	512	224	0	3567
3593	0	18107572696210	none	3568	8a85afc9	512	224	0	3568
3594	1	18107585914300	none	3569	bddfbc82	512	224	0	3569
3595	2	18107603176090	none	3570	1f30a5a1	512	224	0	3570
3596	3	18107620468100	none	3571	f274bd23	512	224	0	3571
3597	4	18107637688990	none	3572	e78eeb6e	512	224	0	3572
3598	5	18107654864480	none	3573	ec5b72fe	512	224	0	3573
3599	6	18107672264010	none	3574	7bd76960	512	224	0	3574
3600	7	18107685466330	none	3575	2906f3ab	512	224	0	3575
3601	0	18107702764670	none	3576	42e0a4ae	512	224	0	3576
3602	1	18107719965510	none	3577	2ca3192f	512	224	0	3577
3603	2	18107737232730	none	3578	1eab4e54	512	224	0	3578
3604	3	18107754460560	none	3579	795753b0	512	224	0	3579
3605	4	18107771674830	none	3580	dff99943	512	224	0	3580
3606	5	18107788878940	none	3581	1d508325	512	224	0	3581
3607	6	18107802064740	none	3582	ef1694de	512	224	0	3582
3608	7	18107819269790	none	3583	d0fb7811	512	224	0	3583
3609	0	18107836510700	none	3584	ec034b53	512	224	0	3584
3610	1	18107853997950	none	3585	ff3f0aca	512	224	0	3585
3611	2	18107871236220	none	3586	4ea6285e	512	224	0	3586
3612	3	18107888489030	none	3587	ebd340d0	512	224	0	3587
3613	4	18107901647200	none	3588	a045f4c1	512	224	0	3588
3614	5	18107918836100	none	3589	0d78e40f	512	224	0	3589
3615	6	18107936043640	none	3590	7149d770	512	224	0	3590
3616	7	18107953260500	none	3591	ad47a221	512	224	0	3591
3617	0	18107970540170	none	3592	574733c9	512	224	0	3592
3618	1	18107987733190	none	3593	0377429c	512	224	0	3593
3619	2	18108004950710	none	3594	90de7df4	512	224	0	3594
3620	3	18108018141840	none	3595	0d31b414	512	224	0	3595
3621	4	18108035356490	none	3596	22968cde	512	224	0	3596
3622	5	18108052557650	none	3597	3253234e	512	224	0	3597
3623	6	18108069724730	none	3598	dea5f607	512	224	0	3598
3624	7	18108087080980	none	3599	40c716a4	512	224	0	3599
3625	0	18108104309950	none	3600	68a5df2b	512	224	0	3600
3626	1	18108121639350	none	3601	d805ae12	512	224	0	3601
3627	2	18108134907820	none	3602	1fdd06bb	512	224	0	3602
3628	3	18108152187520	none	3603	d136d4b4	512	224	0	3603
3629	4	18108169428220	none	3604	b9c614d9	512	224	0	3604
3630	5	18108186607100	none	3605	6baf0ee2	512	224	0	3605
3631	6	18108203842830	none	3606	156849ae	512	224	0	3606
3632	7	18108221190530	none	3607	ea70c232	512	224	0	3607
3633	0	18108238417630	none	3608	53a78b97	512	224	0	3608
3634	1	18108251584120	none	3609	f25682f3	512	224	0	3609
3635	2	18108268754170	none	3610	1705489f	512	224	0	3610
3636	3	18108285958510	none	3611	a0ce00d7	512	224	0	3611
3637	4	18108303188640	none	3612	ba11e0eb	512	224	0	3612
3638	5	18108320430500	none	3613	033d2fd0	512	224	0	3613
3639	6	18108337698710	none	3614	6bfe9b58	512	224	0	3614
3640	7	18108354892970	none	3615	e9d46c6b	512	224	0	3615
3641	0	18108368092080	none	3616	99b702b3	512	224	0	3616
3642	1	18108385359020	none	3617	561dc4c6	512	224	0	3617
3643	2	18108402588980	none	3618	b0c089f4	512	224	0	3618
3644	3	18108419771150	none	3619	6e2ac376	512	224	0	3619
3645	4	18108436989900	none	3620	41300752	512	224	0	3620
3646	5	18108454225090	none	3621	9d8f9437	512	224	0	3621
3647	6	18108467405050	none	3622	cdcb1cbd	512	224	0	3622
3648	7	18108484601860	none	3623	53437e61	512	224	0	3623
3649	0	18108501782360	none	3624	8bee5713	512	224	0	3624
3650	1	18108518982860	none	3625	58b2155c	512	224	0	3625
3651	2	18108536197800	none	3626	681fcfaf	512	224	0	3626
3652	3	18108553434880	none	3627	95660d82	512	224	0	3627
3653	4	18108570727380	none	3628	4a901df1	512	224	0	3628
3654	5	18108583932280	none	3629	11bc1d33	512	224	0	3629
3655	6	18108601168160	none	3630	81041178	512	224	0	3630
3656	7	18108618390260	none	3631	2e96b447	512	224	0	3631
3657	0	18108635588500	none	3632	87970200	512	224	0	3632
3658	1	18108652873910	none	3633	d15721a2	512	224	0	3633
3659	2	18108670267390	none	3634	8e8c6019	512	224	0	3634
3660	3	18108687506150	none	3635	ebb503bb	512	224	0	3635
3661	4	18108700667880	none	3636	f01bc394	512	224	0	3636
3662	5	18108717944170	none	3637	e4d5641a	512	224	0	3637
3663	6	18108735164980	none	3638	be62063c	512	224	0	3638
3664	7	18108752382230	none	3639	bc1f6f0f	512	224	0	3639
3665	0	18108769571330	none	3640	1d7630c3	512	224	0	3640
3666	1	18108786759170	none	3641	c3707d57	512	224	0	3641
3667	2	18108803979570	none	3642	e3880131	512	224	0	3642
3668	3	18108817184150	none	3643	1af6f78f	512	224	0	3643
3669	4	18108834414110	none	3644	fe5348e9	512	224	0	3644
3670	5	18108851623860	none	3645	748af409	512	224	0	3645
3671	6	18108868795790	none	3646	576ab98b	512	224	0	3646
3672	7	18108886033950	none	3647	f8bf989b	512	224	0	3647
3673	0	18108903253000	none	3648	ab7611b0	512	224	0	3648
3674	1	18108920589610	none	3649	be583cae	512	224	0	3649
3675	2	18108933760040	none	3650	e7761dad	512	224	0	3650
3676	3	18108951014900	none	3651	166da345	512	224	0	3651
3677	4	18108968656080	none	3652	f71a6640	512	224	0	3652
3678	5	18108986256290	none	3653	58eb9907	512	224	0	3653
3679	6	18109003489840	none	3654	fc01b5a1	512	224	0	3654
3680	7	18109016671850	none	3655	8172e94e	512	224	0	3655
3681	0	18109033924940	none	3656	7516e4cf	512	224	0	3656
3682	1	18109051166840	none	3657	8c0975a7	512	224	0	3657
3683	2	18109068391050	none	3658	d6e27d3a	512	224	0	3658
3684	3	18109085595160	none	3659	9b1cc8f1	512	224	0	3659
3685	4	18109102881430	none	3660	5748cf36	512	224	0	3660
3686	5	18109120127680	none	3661	794073fb	512	224	0	3661
3687	6	18109133309160	none	3662	b09ddc6a	512	224	0	3662
3688	7	18109150521000	none	3663	5d0ec14b	512	224	0	3663
3689	0	18109167705760	none	3664	3f2e4450	512	224	0	3664
3690	1	18109185105930	none	3665	05aa42ce	512	224	0	3665
3691	2	18109202368350	none	3666	49b211b6	512	224	0	3666
3692	3	18109219675060	none	3667	676e327f	512	224	0	3667
3693	4	18109232911040	none	3668	7e18416c	512	224	0	3668
3694	5	18109250145460	none	3669	39f9ae15	512	224	0	3669
3695	6	18109267368430	none	3670	380d53f1	512	224	0	3670
3696	7	18109284551470	none	3671	df20c382	512	224	0	3671
3697	0	18109301719470	none	3672	53250e42	512	224	0	3672
3698	1	18109318913260	none	3673	6f3aade9	512	224	0	3673
3699	2	18109336146420	none	3674	3114c439	512	224	0	3674
3700	3	18109349343600	none	3675	f9a4cca6	512	224	0	3675
3701	4	18109366540740	none	3676	91a00d9e	512	224	0	3676
3702	5	18109383723020	none	3677	c7c0c783	512	224	0	3677
3703	6	18109400944310	none	3678	704cc8a1	512	224	0	3678
3704	7	18109418282970	none	3679	3f685a1d	512	224	0	3679
3705	0	18109435514960	none	3680	223a7a4d	512	224	0	3680
3706	1	18109452773690	none	3681	bbcd1d48	512	224	0	3681
3707	2	18109466001160	none	3682	36cc84b7	512	224	0	3682
3708	3	18109483252350	none	3683	1fd5a27f	512	224	0	3683
3709	4	18109500509800	none	3684	7db97092	512	224	0	3684
3710	5	18109517696040	none	3685	bb1e570d	512	224	0	3685
3711	6	18109534887180	none	3686	6f45234b	512	224	0	3686
3712	7	18109552125490	none	3687	6710b23d	512	224	0	3687
3713	0	18109569359050	none	3688	456fabbc	512	224	0	3688
3714	1	18109582515750	none	3689	c54c7d2a	512	224	0	3689
3715	2	18109599752010	none	3690	89ca9e34	512	224	0	3690
3716	3	18109616949650	none	3691	1f9be78e	512	224	0	3691
3717	4	18109634168140	none	3692	9fdcb1b6	512	224	0	3692
3718	5	18109651393560	none	3693	7d4a488f	512	224	0	3693
3719	6	18109668694390	none	3694	e76433df	512	224	0	3694
3720	7	18109685948100	none	3695	c89c7805	512	224	0	3695
3721	0	18109699130030	none	3696	1cda610e	512	224	0	3696
3722	1	18109716393760	none	3697	f72a18b5	512	224	0	3697
3723	2	18109733603880	none	3698	c4f6102f	512	224	0	3698
3724	3	18109750783140	none	3699	d0064031	512	224	0	3699
3725	4	18109768144540	none	3700	13371ff3	512	224	0	3700
3726	5	18109785387820	none	3701	8d525e1b	512	224	0	3701
3727	6	18109798544430	none	3702	6112f049	512	224	0	3702
3728	7	18109815726680	none	3703	7bf00eb2	512	224	0	3703
3729	0	18109833117980	none	3704	d318bc9a	512	224	0	3704
3730	1	18109850342510	none	3705	638429a9	512	224	0	3705
3731	2	18109867619860	none	3706	13c3feeb	512	224	0	3706
3732	3	18109884783630	none	3707	c92872ba	512	224	0	3707
3733	4	18109902031260	none	3708	f542edb5	512	224	0	3708
3734	5	18109915219960	none	3709	4cff75c5	512	224	0	3709
3735	6	18109932439720	none	3710	d2897426	512	224	0	3710
3736	7	18109949643560	none	3711	f27b2ea2	512	224	0	3711
3737	0	18109966829090	none	3712	a4c9bbb1	512	224	0	3712
3738	1	18109984090200	none	3713	49b54f7a	512	224	0	3713
3739	2	18110001353510	none	3714	574c614c	512	224	0	3714
3740	3	18110018553800	none	3715	d277d3ca	512	224	0	3715
3741	4	18110031697430	none	3716	8fa2a817	512	224	0	3716
3742	5	18110049001540	none	3717	031c108c	512	224	0	3717
3743	6	18110066216310	none	3718	88dc3919	512	224	0	3718
3744	7	18110083461360	none	3719	c3be0e84	512	224	0	3719
3745	0	18110100664270	none	3720	9716a500	512	224	0	3720
3746	1	18110117945080	none	3721	b25855ed	512	224	0	3721
3747	2	18110135169810	none	3722	66531177	512	224	0	3722
3748	3	18110148349580	none	3723	8167932a	512	224	0	3723
3749	4	18110165541420	none	3724	473ede7e	512	224	0	3724
3750	5	18110182736220	none	3725	74c1c594	512	224	0	3725
3751	6	18110199941050	none	3726	227a978b	512	224	0	3726
3752	7	18110217319570	none	3727	a02c1cfa	512	224	0	3727
3753	0	18110234517880	none	3728	52abaf4f	512	224	0	3728
3754	1	18110247779660	none	3729	b95ab794	512	224	0	3729
3755	2	18110265068400	none	3730	0bb71f73	512	224	0	3730
3756	3	18110282263970	none	3731	fd5d3ffe	512	224	0	3731
3757	4	18110299486320	none	3732	e830b322	512	224	0	3732
3758	5	18110316796900	none	3733	17e41260	512	224	0	3733
3759	6	18110334037270	none	3734	80b14143	512	224	0	3734
3760	7	18110351253340	none	3735	a49455cc	512	224	0	3735
3761	0	18110364457050	none	3736	f94ca6bc	512	224	0	3736
3762	1	18110381643470	none	3737	dd578aa8	512	224	0	3737
3763	2	18110398843580	none	3738	f6de9495	512	224	0	3738
3764	3	18110416211510	none	3739	e4845739	512	224	0	3739
3765	4	18110433442570	none	3740	fdc57d53	512	224	0	3740
3766	5	18110450657840	none	3741	dc5945a5	512	224	0	3741
3767	6	18110467987250	none	3742	0b1ecce0	512	224	0	3742
3768	7	18110481169870	none	3743	846cb424	512	224	0	3743
3769	0	18110498397900	none	3744	7ec33a69	512	224	0	3744
3770	1	18110515729330	none	3745	d6e00354	512	224	0	3745
3771	2	18110532954800	none	3746	1e39fab8	512	224	0	3746
3772	3	18110550205460	none	3747	d6414477	512	224	0	3747
3773	4	18110567451900	none	3748	12cf6b6c	512	224	0	3748
3774	5	18110580605900	none	3749	cdb5d3b1	512	224	0	3749
3775	6	18110597813210	none	3750	1766f71d	512	224	0	3750
3776	7	18110615034400	none	3751	7d3f6fa5	512	224	0	3751
3777	0	18110632240000	none	3752	db5cac51	512	224	0	3752
3778	1	18110649478670	none	3753	f6085520	512	224	0	3753
3779	2	18110666765340	none	3754	aca6abf9	512	224	0	3754
3780	3	18110684005680	none	3755	047a34ec	512	224	0	3755
3781	4	18110697180490	none	3756	c6486c4c	512	224	0	3756
3782	5	18110714399790	none	3757	afd3a4cb	512	224	0	3757
3783	6	18110731616520	none	3758	de3aae71	512	224	0	3758
3784	7	18110748881390	none	3759	86c8ea0b	512	224	0	3759
3785	0	18110766131930	none	3760	2c9a2dab	512	224	0	3760
3786	1	18110783507830	none	3761	6aff14eb	512	224	0	3761
3787	2	18110800744650	none	3762	f43d8541	512	224	0	3762
3788	3	18110813969530	none	3763	4c968349	512	224	0	3763
3789	4	18110831177420	none	3764	ad54a37b	512	224	0	3764
3790	5	18110848396900	none	3765	2f5693bd	512	224	0	3765
3791	6	18110865693820	none	3766	15ac46f4	512	224	0	3766
3792	7	18110882949120	none	3767	bc1570e4	512	224	0	3767
3793	0	18110900179280	none	3768	ed5d6dfd	512	224	0	3768
3794	1	18110913387920	none	3769	2c674ceb	512	224	0	3769
3795	2	18110930574120	none	3770	ef7acdaf	512	224	0	3770
3796	3	18110947749450	none	3771	05522d06	512	224	0	3771
3797	4	18110964959410	none	3772	45e7de8f	512	224	0	3772
3798	5	18110982186370	none	3773	a6fac6c2	512	224	0	3773
3799	6	18110999460850	none	3774	51867b02	512	224	0	3774
3800	7	18111016665230	none	3775	b87903d8	512	224	0	3775
3801	0	18111029839670	none	3776	4f7450af	512	224	0	3776
3802	1	18111047119340	none	3777	6f092bbe	512	224	0	3777
3803	2	18111064402530	none	3778	200c76f6	512	224	0	3778
3804	3	18111081625760	none	3779	dabd4a9b	512	224	0	3779
3805	4	18111098889230	none	3780	9d88b85a	512	224	0	3780
3806	5	18111116121820	none	3781	6b52448e	512	224	0	3781
3807	6	18111133336820	none	3782	454f1fd0	512	224	0	3782
3808	7	18111146499580	none	3783	ed3b0460	512	224	0	3783
3809	0	18111163675870	none	3784	0a49f3a7	512	224	0	3784
3810	1	18111180868530	none	3785	aaf18024	512	224	0	3785
3811	2	18111198091560	none	3786	005c7fd9	512	224	0	3786
3812	3	18111215330250	none	3787	60a5a927	512	224	0	3787
3813	4	18111232525280	none	3788	1679a92f	512	224	0	3788
3814	5	18111249698480	none	3789	1d874880	512	224	0	3789
3815	6	18111262860810	none	3790	240cd15c	512	224	0	3790
3816	7	18111280125950	none	3791	af0b67c9	512	224	0	3791
3817	0	18111297362100	none	3792	f182bf56	512	224	0	3792
3818	1	18111314661870	none	3793	122b4ab6	512	224	0	3793
3819	2	18111331965880	none	3794	e2405fad	512	224	0	3794
3820	3	18111349209570	none	3795	50eea76a	512	224	0	3795
3821	4	18111366450320	none	3796	5bdd09cb	512	224	0	3796
3822	5	18111379599690	none	3797	08e107eb	512	224	0	3797
3823	6	18111396778100	none	3798	696d09c7	512	224	0	3798
3824	7	18111414163340	none	3799	28d2505f	512	224	0	3799
3825	0	18111431378640	none	3800	9d7c721b	512	224	0	3800
3826	1	18111448572780	none	3801	cac1aed8	512	224	0	3801
3827	2	18111465785650	none	3802	1d6286e2	512	224	0	3802
3828	3	18111483020680	none	3803	4ec3a3f1	512	224	0	3803
3829	4	18111496193940	none	3804	1e23579d	512	224	0	3804
3830	5	18111513418880	none	3805	c983f1b8	512	224	0	3805
3831	6	18111530615730	none	3806	917abf69	512	224	0	3806
3832	7	18111547895720	none	3807	39d73174	512	224	0	3807
3833	0	18111565132930	none	3808	a9acc3bd	512	224	0	3808
3834	1	18111582414200	none	3809	cbd45c69	512	224	0	3809
3835	2	18111595579720	none	3810	b6572a11	512	224	0	3810
3836	3	18111612788130	none	3811	445246ff	512	224	0	3811
3837	4	18111630018380	none	3812	1252e7f1	512	224	0	3812
3838	5	18111647243570	none	3813	e17fc6e3	512	224	0	3813
3839	6	18111664469360	none	3814	064009c6	512	224	0	3814
3840	7	18111681660520	none	3815	5b4b3fae	512	224	0	3815
3841	0	18111698865910	none	3816	d9ad5748	512	224	0	3816
3842	1	18111712054640	none	3817	805747e3	512	224	0	3817
3843	2	18111729256920	none	3818	8e544d7e	512	224	0	3818
3844	3	18111746453220	none	3819	657d7769	512	224	0	3819
3845	4	18111763731270	none	3820	ea5bb35e	512	224	0	3820
3846	5	18111780962070	none	3821	de897eb7	512	224	0	3821
3847	6	18111798185070	none	3822	866fed99	512	224	0	3822
3848	7	18111815426970	none	3823	1433f1a0	512	224	0	3823
3849	0	18111828596040	none	3824	59035b2f	512	224	0	3824
3850	1	18111845912550	none	3825	597c137b	512	224	0	3825
3851	2	18111863318670	none	3826	bc71a00b	512	224	0	3826
3852	3	18111880513500	none	3827	37c6dba8	512	224	0	3827
3853	4	18111897705960	none	3828	b6b0bdac	512	224	0	3828
3854	5	18111915003300	none	3829	6076c682	512	224	0	3829
3855	6	18111932211240	none	3830	292e0133	512	224	0	3830
3856	7	18111945407750	none	3831	0e08ce69	512	224	0	3831
3857	0	18111962598280	none	3832	3621f029	512	224	0	3832
3858	1	18111979814410	none	3833	d820a74c	512	224	0	3833
3859	2	18111997060240	none	3834	bc09bf56	512	224	0	3834
3860	3	18112014306110	none	3835	26487f8b	512	224	0	3835
3861	4	18112031499350	none	3836	3374ae2d	512	224	0	3836
3862	5	18112048682360	none	3837	d024a055	512	224	0	3837
3863	6	18112061855530	none	3838	ad063116	512	224	0	3838
3864	7	18112079073110	none	3839	e22b99cb	512	224	0	3839
3865	0	18112096335600	none	3840	0b072721	512	224	0	3840
3866	1	18112113638220	none	3841	d629f30c	512	224	0	3841
3867	2	18112130968130	none	3842	96199fcc	512	224	0	3842
3868	3	18112148183180	none	3843	1d4bcadf	512	224	0	3843
3869	4	18112161386190	none	3844	2ddc2d87	512	224	0	3844
3870	5	18112178591160	none	3845	32687f45	512	224	0	3845
3871	6	18112195881330	none	3846	f4062229	512	224	0	3846
3872	7	18112213121360	none	3847	658d2cb5	512	224	0	3847
3873	0	18112230370680	none	3848	c0b92161	512	224	0	3848
3874	1	18112247580270	none	3849	5aac38aa	512	224	0	3849
3875	2	18112264772970	none	3850	c6ff03f8	512	224	0	3850
3876	3	18112278085410	none	3851	0d321520	512	224	0	3851
3877	4	18112295302870	none	3852	66101e73	512	224	0	3852
3878	5	18112312601130	none	3853	6c580f14	512	224	0	3853
3879	6	18112329783560	none	3854	812f0e05	512	224	0	3854
3880	7	18112347031190	none	3855	0916fd51	512	224	0	3855
3881	0	18112364274370	none	3856	5a925199	512	224	0	3856
3882	1	18112381517810	none	3857	90744b3f	512	224	0	3857
3883	2	18112394747770	none	3858	6be0ff8d	512	224	0	3858
3884	3	18112412279790	none	3859	3dfcd975	512	224	0	3859
3885	4	18112429475530	none	3860	92c98efb	512	224	0	3860
3886	5	18112446682280	none	3861	0197da55	512	224	0	3861
3887	6	18112463994010	none	3862	54523cd9	512	224	0	3862
3888	7	18112481445350	none	3863	d2445eef	512	224	0	3863
3889	0	18112494646800	none	3864	40112e31	512	224	0	3864
3890	1	18112511966610	none	3865	478c6d02	512	224	0	3865
3891	2	18112529195780	none	3866	2acdd2bb	512	224	0	3866
3892	3	18112546439390	none	3867	54b9407e	512	224	0	3867
3893	4	18112563618880	none	3868	1e90ed39	512	224	0	3868
3894	5	18112580875140	none	3869	94fe4845	512	224	0	3869
3895	6	18112594055790	none	3870	5506ec67	512	224	0	3870
3896	7	18112611419810	none	3871	d138b757	512	224	0	3871
3897	0	18112628650830	none	3872	f084e2c9	512	224	0	3872
3898	1	18112645889780	none	3873	6c5bb088	512	224	0	3873
3899	2	18112663134540	none	3874	c84e3f0a	512	224	0	3874
3900	3	18112680392110	none	3875	525c961e	512	224	0	3875
3901	4	18112697592070	none	3876	2250feaa	512	224	0	3876
3902	5	18112710771040	none	3877	e86e0751	512	224	0	3877
3903	6	18112727998600	none	3878	6bfb29c1	512	224	0	3878
3904	7	18112745207420	none	3879	5bc50c47	512	224	0	3879
3905	0	18112762435560	none	3880	b0aa76f1	512	224	0	3880
3906	1	18112779634880	none	3881	dffd7206	512	224	0	3881
3907	2	18112796831480	none	3882	578745dd	512	224	0	3882
3908	3	18112814054020	none	3883	a1c3e7a4	512	224	0	3883
3909	4	18112827401050	none	3884	60dcf80c	512	224	0	3884
3910	5	18112845068940	none	3885	787f44f4	512	224	0	3885
3911	6	18112862430670	none	3886	df886e9e	512	224	0	3886
3912	7	18112879631390	none	3887	4ff8d369	512	224	0	3887
3913	0	18112896833790	none	3888	1d08e358	512	224	0	3888
3914	1	18112910036040	none	3889	7b4c4ba9	512	224	0	3889
3915	2	18112927371610	none	3890	bbe88ee7	512	224	0	3890
3916	3	18112944573250	none	3891	77c9a6d1	512	224	0	3891
3917	4	18112961785380	none	3892	83afabee	512	224	0	3892
3918	5	18112979059550	none	3893	23f53726	512	224	0	3893
3919	6	18112996289600	none	3894	eed05c1d	512	224	0	3894
3920	7	18113013489240	none	3895	daba6304	512	224	0	3895
3921	0	18113026737670	none	3896	8b1b1e87	512	224	0	3896
3922	1	18113043960710	none	3897	4bce7932	512	224	0	3897
3923	2	18113061183490	none	3898	bbf27466	512	224	0	3898
3924	3	18113078408720	none	3899	5ec83b72	512	224	0	3899
3925	4	18113095615020	none	3900	898890ee	512	224	0	3900
3926	5	18113112796210	none	3901	247bfd73	512	224	0	3901
3927	6	18113130165880	none	3902	da5bf364	512	224	0	3902
3928	7	18113143369600	none	3903	16d9005b	512	224	0	3903
3929	0	18113160702030	none	3904	877d0a00	512	224	0	3904
3930	1	18113177963070	none	3905	47d58f26	512	224	0	3905
3931	2	18113195217880	none	3906	3cd438f3	512	224	0	3906
3932	3	18113212454150	none	3907	4e69a046	512	224	0	3907
3933	4	18113229636040	none	3908	8162c8c8	512	224	0	3908
3934	5	18113246845800	none	3909	9e5cea7d	512	224	0	3909
3935	6	18113260030780	none	3910	ba5ac2f3	512	224	0	3910
3936	7	18113277263740	none	3911	376fa2c5	512	224	0	3911
3937	0	18113294466530	none	3912	c7979c16	512	224	0	3912
3938	1	18113311739150	none	3913	6da7825f	512	224	0	3913
3939	2	18113328968810	none	3914	fcfe99bb	512	224	0	3914
3940	3	18113346218540	none	3915	6c7279a5	512	224	0	3915
3941	4	18113359401040	none	3916	bcc138d4	512	224	0	3916
3942	5	18113376583540	none	3917	5d471341	512	224	0	3917
3943	6	18113393758060	none	3918	3dc0198c	512	224	0	3918
3944	7	18113411004540	none	3919	10d83059	512	224	0	3919
3945	0	18113428210250	none	3920	deec6b11	512	224	0	3920
3946	1	18113445447750	none	3921	097af1d0	512	224	0	3921
3947	2	18113462682460	none	3922	306518cc	512	224	0	3922
3948	3	18113475979420	none	3923	bfd15b11	512	224	0	3923
3949	4	18113493209590	none	3924	0a72e23a	512	224	0	3924
3950	5	18113510454890	none	3925	7ddf305a	512	224	0	3925
3951	6	18113527686940	none	3926	d1e7f531	512	224	0	3926
3952	7	18113545042970	none	3927	03bfb0b7	512	224	0	3927
3953	0	18113562274740	none	3928	001308b8	512	224	0	3928
3954	1	18113579619190	none	3929	35012f0d	512	224	0	3929
3955	2	18113592889520	none	3930	93fa9b4f	512	224	0	3930
3956	3	18113610125690	none	3931	b39c5017	512	224	0	3931
3957	4	18113627353520	none	3932	02916e46	512	224	0	3932
3958	5	18113644560160	none	3933	e33da9ac	512	224	0	3933
3959	6	18113661746870	none	3934	81d425b6	512	224	0	3934
3960	7	18113679125530	none	3935	d661d846	512	224	0	3935
3961	0	18113692338420	none	3936	3e5d28e6	512	224	0	3936
3962	1	18113709687460	none	3937	4af58ecc	512	224	0	3937
3963	2	18113726952490	none	3938	c9223efc	512	224	0	3938
3964	3	18113744178980	none	3939	eeb0a9f9	512	224	0	3939
3965	4	18113761447230	none	3940	2f5928e4	512	224	0	3940
3966	5	18113778637820	none	3941	4ef2310a	512	224	0	3941
3967	6	18113795874660	none	3942	d081688e	512	224	0	3942
3968	7	18113809075770	none	3943	8012178a	512	224	0	3943
3969	0	18113826341540	none	3944	1399c9da	512	224	0	3944
3970	1	18113843542110	none	3945	bbfa2552	512	224	0	3945
3971	2	18113860710400	none	3946	297536d0	512	224	0	3946
3972	3	18113877952780	none	3947	9ab61020	512	224	0	3947
3973	4	18113895179300	none	3948	c1d01ad4	512	224	0	3948
3974	5	18113912419500	none	3949	21ded6e0	512	224	0	3949
3975	6	18113925580460	none	3950	2b74bcc2	512	224	0	3950
3976	7	18113942792660	none	3951	a1651e87	512	224	0	3951
3977	0	18113960013570	none	3952	cc1f5437	512	224	0	3952
3978	1	18113977303360	none	3953	baba55d1	512	224	0	3953
3979	2	18113994737380	none	3954	64da5439	512	224	0	3954
3980	3	18114012094990	none	3955	f05bebd5	512	224	0	3955
3981	4	18114025331500	none	3956	d173c401	512	224	0	3956
3982	5	18114042563480	none	3957	43a49fbc	512	224	0	3957
3983	6	18114059754920	none	3958	e19b6c76	512	224	0	3958
3984	7	18114077025510	none	3959	222bde93	512	224	0	3959
3985	0	18114094251900	none	3960	69e42105	512	224	0	3960
3986	1	18114111444040	none	3961	85ba621e	512	224	0	3961
3987	2	18114124702660	none	3962	4b13279a	512	224	0	3962
3988	3	18114141957640	none	3963	5f2c5a89	512	224	0	3963
3989	4	18114159190840	none	3964	ba9a5c1b	512	224	0	3964
3990	5	18114176433480	none	3965	428fff96	512	224	0	3965
3991	6	18114193619510	none	3966	50ebadd4	512	224	0	3966
3992	7	18114210836130	none	3967	d932c1d2	512	224	0	3967
3993	0	18114228195610	none	3968	df7b0b2e	512	224	0	3968
3994	1	18114241489660	none	3969	24779539	512	224	0	3969
3995	2	18114258934770	none	3970	78a0e481	512	224	0	3970
3996	3	18114276150200	none	3971	6c3ca7b7	512	224	0	3971
3997	4	18114293384680	none	3972	8a307b97	512	224	0	3972
3998	5	18114310590110	none	3973	8c82da49	512	224	0	3973
3999	6	18114327883390	none	3974	cfc7fe8a	512	224	0	3974
4000	7	18114341081670	none	3975	49f5fc6b	512	224	0	3975
4001	0	18114358383110	none	3976	6b381207	512	224	0	3976
4002	1	18114375577180	none	3977	bccd37c0	512	224	0	3977
4003	2	18114392809910	none	3978	081907b6	512	224	0	3978
4004	3	18114410042560	none	3979	d209a176	512	224	0	3979
4005	4	18114427409810	none	3980	3ec2c155	512	224	0	3980
4006	5	18114444597950	none	3981	f60c0993	512	224	0	3981
4007	6	18114457733570	none	3982	3ab15e03	512	224	0	3982
4008	7	18114475026530	none	3983	d82174c8	512	224	0	3983
4009	0	18114492244090	none	3984	384892b7	512	224	0	3984
4010	1	18114509551190	none	3985	55765bcc	512	224	0	3985
4011	2	18114526882430	none	3986	7bc5258e	512	224	0	3986
4012	3	18114544165810	none	3987	0c5b2279	512	224	0	3987
4013	4	18114557376290	none	3988	fa63971c	512	224	0	3988
4014	5	18114574638640	none	3989	3db048b4	512	224	0	3989
4015	6	18114591935280	none	3990	398d0796	512	224	0	3990
4016	7	18114609161760	none	3991	d710ea1a	512	224	0	3991
4017	0	18114626448810	none	3992	6c7f39e4	512	224	0	3992
4018	1	18114643669660	none	3993	d6a96c21	512	224	0	3993
4019	2	18114660889850	none	3994	b5b4de9f	512	224	0	3994
4020	3	18114674096190	none	3995	0cbbdc9c	512	224	0	3995
4021	4	18114691387240	none	3996	a74525a9	512	224	0	3996
4022	5	18114708627410	none	3997	4a9e6def	512	224	0	3997
4023	6	18114725831440	none	3998	4b1d0580	512	224	0	3998
4024	7	18114743093380	none	3999	8d5f4d3a	512	224	0	3999
4025	0	18114760325730	none	4000	b2a2d01e	512	224	0	4000
4026	1	18114777544840	none	4001	5d66fb81	512	224	0	4001
4027	2	18114790699440	none	4002	23e2acd5	512	224	0	4002
4028	3	18114808006890	none	4003	335f71de	512	224	0	4003
4029	4	18114825270930	none	4004	555a5e98	512	224	0	4004
4030	5	18114842487030	none	4005	d1c0da41	512	224	0	4005
4031	6	18114859684840	none	4006	0038426b	512	224	0	4006
4032	7	18114877014480	none	4007	3d773b9d	512	224	0	4007
4033	0	18114890238870	none	4008	3e14157e	512	224	0	4008
4034	1	18114907452020	none	4009	e87fbdea	512	224	0	4009
4035	2	18114924732150	none	4010	b2e7e456	512	224	0	4010
4036	3	18114942082220	none	4011	4e0ffd18	512	224	0	4011
4037	4	18114959314680	none	4012	253c2a25	512	224	0	4012
4038	5	18114976627700	none	4013	ab5e1594	512	224	0	4013
4039	6	18114993940460	none	4014	e2a6663f	512	224	0	4014
4040	7	18115007125500	none	4015	9ccb02a8	512	224	0	4015
4041	0	18115024352880	none	4016	ea434a45	512	224	0	4016
4042	1	18115041692470	none	4017	9b5db1a8	512	224	0	4017
4043	2	18115058961440	none	4018	87e4241e	512	224	0	4018
4044	3	18115076359010	none	4019	0a833347	512	224	0	4019
4045	4	18115093586370	none	4020	bc6252bb	512	224	0	4020
4046	5	18115106748870	none	4021	94ee0653	512	224	0	4021
4047	6	18115123974280	none	4022	cd83b4f4	512	224	0	4022
4048	7	18115141265990	none	4023	087151e9	512	224	0	4023
4049	0	18115158534680	none	4024	311b9fbc	512	224	0	4024
4050	1	18115175723100	none	4025	43df361f	512	224	0	4025
4051	2	18115193001520	none	4026	e454518c	512	224	0	4026
4052	3	18115210232580	none	4027	7752bec1	512	224	0	4027
4053	4	18115223411340	none	4028	56dcde94	512	224	0	4028
4054	5	18115240590450	none	4029	627c7e85	512	224	0	4029
4055	6	18115257791900	none	4030	04134bed	512	224	0	4030
4056	7	18115275228510	none	4031	d5a802a3	512	224	0	4031
4057	0	18115292434910	none	4032	a24f4f6d	512	224	0	4032
4058	1	18115309649900	none	4033	c16f3b6f	512	224	0	4033
4059	2	18115322981660	none	4034	94091840	512	224	0	4034
4060	3	18115340185080	none	4035	bacd0653	512	224	0	4035
4061	4	18115357416310	none	4036	89b67b7b	512	224	0	4036
4062	5	18115374705950	none	4037	0308cd2f	512	224	0	4037
4063	6	18115391971130	none	4038	0ba77b6f	512	224	0	4038
4064	7	18115409228840	none	4039	5b091645	512	224	0	4039
4065	0	18115426455430	none	4040	007217cc	512	224	0	4040
4066	1	18115439676420	none	4041	f5305ff2	512	224	0	4041
4067	2	18115456991080	none	4042	97ec244f	512	224	0	4042
4068	3	18115474223650	none	4043	6a8e36fb	512	224	0	4043
4069	4	18115491524470	none	4044	086ff7a4	512	224	0	4044
4070	5	18115508766530	none	4045	615332dd	512	224	0	4045
4071	6	18115526126410	none	4046	ccb1d104	512	224	0	4046
4072	7	18115539381650	none	4047	427ebc25	512	224	0	4047
4073	0	18115556599090	none	4048	73d4499a	512	224	0	4048
4074	1	18115573866440	none	4049	15992506	512	224	0	4049
4075	2	18115591305410	none	4050	f47c1633	512	224	0	4050
4076	3	18115608552300	none	4051	4abd6eaf	512	224	0	4051
4077	4	18115625861340	none	4052	fe41bff8	512	224	0	4052
4078	5	18115639050900	none	4053	f3c8b47e	512	224	0	4053
4079	6	18115656284090	none	4054	da0012c8	512	224	0	4054
4080	7	18115673467030	none	4055	d3499c6b	512	224	0	4055
4081	0	18115690652300	none	4056	1f34b65a	512	224	0	4056
4082	1	18115707944310	none	4057	48f9ddc9	512	224	0	4057
4083	2	18115725220720	none	4058	152d4386	512	224	0	4058
4084	3	18115742422590	none	4059	c5650c95	512	224	0	4059
4085	4	18115755590650	none	4060	821d3318	512	224	0	4060
4086	5	18115772777660	none	4061	27bec7fa	512	224	0	4061
4087	6	18115790069830	none	4062	4bc4f74c	512	224	0	4062
4088	7	18115807303440	none	4063	50dba7d5	512	224	0	4063
4089	0	18115824674680	none	4064	358befbb	512	224	0	4064
4090	1	18115841955780	none	4065	67a327ae	512	224	0	4065
4091	2	18115859232350	none	4066	7f8677c4	512	224	0	4066
4092	3	18115872399380	none	4067	67577c04	512	224	0	4067
4093	4	18115889611470	none	4068	bcbf0724	512	224	0	4068
4094	5	18115906814360	none	4069	83e1ddac	512	224	0	4069
4095	6	18115924176990	none	4070	203fc082	512	224	0	4070
4096	7	18115941585970	none	4071	ccd75017	512	224	0	4071
4097	0	18115958805670	none	4072	3146547a	512	224	0	4072
4098	1	18115972014930	none	4073	8009f9b7	512	224	0	4073
4099	2	18115989236290	none	4074	b0c6c6a3	512	224	0	4074
4100	3	18116006423760	none	4075	ad96caf2	512	224	0	4075
4101	4	18116023620090	none	4076	f12b4dc3	512	224	0	4076
4102	5	18116040831200	none	4077	1c2e5a0e	512	224	0	4077
4103	6	18116058107490	none	4078	a3959e94	512	224	0	4078
4104	7	18116075359810	none	4079	05d03693	512	224	0	4079
4105	0	18116088510990	none	4080	b24988ec	512	224	0	4080
4106	1	18116105788820	none	4081	067cfa51	512	224	0	4081
4107	2	18116123102580	none	4082	1c6e1468	512	224	0	4082
4108	3	18116140303540	none	4083	5e507770	512	224	0	4083
4109	4	18116157507240	none	4084	3f0eccc8	512	224	0	4084
4110	5	18116174798840	none	4085	2c2b3771	512	224	0	4085
4111	6	18116188059340	none	4086	3b49e3be	512	224	0	4086
4112	7	18116205288740	none	4087	100e88d8	512	224	0	4087
4113	0	18116222489160	none	4088	f5254d2a	512	224	0	4088
4114	1	18116239707430	none	4089	25baf99a	512	224	0	4089
4115	2	18116256951000	none	4090	578f588e	512	224	0	4090
4116	3	18116274205500	none	4091	300fdb08	512	224	0	4091
4117	4	18116291482900	none	4092	fffbe903	512	224	0	4092
4118	5	18116304659060	none	4093	130f05e0	512	224	0	4093
4119	6	18116321873430	none	4094	5cddb680	512	224	0	4094
4120	7	18116339080840	none	4095	6d364565	512	224	0	4095
4121	0	18116356290350	none	4096	54e4f461	512	224	0	4096
4122	1	18116373622000	none	4097	f3d2ef8d	512	224	0	4097
4123	2	18116390949320	none	4098	de2a5e1a	512	224	0	4098
4124	3	18116408300470	none	4099	0caa8e22	512	224	0	4099
4125	4	18116421513570	none	4100	ca47cbac	512	224	0	4100
4126	5	18116438703190	none	4101	5ab18af8	512	224	0	4101
4127	6	18116455919740	none	4102	4205f9cf	512	224	0	4102
4128	7	18116473289130	none	4103	7b49324b	512	224	0	4103
4129	0	18116490474960	none	4104	7a11f0ad	512	224	0	4104
4130	1	18116507684740	none	4105	1e196a48	512	224	0	4105
4131	2	18116520991590	none	4106	a4fb4a50	512	224	0	4106
4132	3	18116538235420	none	4107	72d1e255	512	224	0	4107
4133	4	18116555424220	none	4108	00d9a090	512	224	0	4108
4134	5	18116572710630	none	4109	35933072	512	224	0	4109
4135	6	18116589949780	none	4110	2ca5701f	512	224	0	4110
4136	7	18116607161240	none	4111	c24327d4	512	224	0	4111
4137	0	18116624390900	none	4112	011257e6	512	224	0	4112
4138	1	18116637648620	none	4113	838bf819	512	224	0	4113
4139	2	18116654903290	none	4114	8b6da900	512	224	0	4114
4140	3	18116672310340	none	4115	dece9136	512	224	0	4115
4141	4	18116689502120	none	4116	04f73f6f	512	224	0	4116
4142	5	18116706704630	none	4117	77083f0d	512	224	0	4117
4143	6	18116724001250	none	4118	ce1cbfb8	512	224	0	4118
4144	7	18116737244920	none	4119	3e36be76	512	224	0	4119
4145	0	18116754431110	none	4120	172efb02	512	224	0	4120
4146	1	18116771609390	none	4121	a92a02fb	512	224	0	4121
4147	2	18116788878330	none	4122	73258016	512	224	0	4122
4148	3	18116806093440	none	4123	8d4b5cf4	512	224	0	4123
4149	4	18116823319470	none	4124	bb2123f0	512	224	0	4124
4150	5	18116840560320	none	4125	a59b2cbe	512	224	0	4125
4151	6	18116853713640	none	4126	1a8ca68a	512	224	0	4126
4152	7	18116870943960	none	4127	37aad90e	512	224	0	4127
4153	0	18116888146030	none	4128	fb0df706	512	224	0	4128
4154	1	18116905379480	none	4129	f1fff255	512	224	0	4129
4155	2	18116922741130	none	4130	ed58e0ec	512	224	0	4130
4156	3	18116940117460	none	4131	c46b7cc1	512	224	0	4131
4157	4	18116957357620	none	4132	98ca91aa	512	224	0	4132
4158	5	18116970561610	none	4133	c2502fe0	512	224	0	4133
4159	6	18116987748290	none	4134	e4402b5a	512	224	0	4134
4160	7	18117004964090	none	4135	2092701b	512	224	0	4135
4161	0	18117022195100	none	4136	06f7529e	512	224	0	4136
4162	1	18117039390580	none	4137	499e9eb2	512	224	0	4137
4163	2	18117056582170	none	4138	36c4d57f	512	224	0	4138
4164	3	18117073777330	none	4139	5350e891	512	224	0	4139
4165	4	18117087086770	none	4140	76f06e46	512	224	0	4140
4166	5	18117104307270	none	4141	4ad24372	512	224	0	4141
4167	6	18117121582250	none	4142	be4b48e2	512	224	0	4142
4168	7	18117138778140	none	4143	914bea81	512	224	0	4143
4169	0	18117156011470	none	4144	8c20569a	512	224	0	4144
4170	1	18117173272100	none	4145	bdff6e25	512	224	0	4145
4171	2	18117186437830	none	4146	bf739623	512	224	0	4146
4172	3	18117203604110	none	4147	662dd823	512	224	0	4147
4173	4	18117220783350	none	4148	2b978476	512	224	0	4148
4174	5	18117237999600	none	4149	e716d12f	512	224	0	4149
4175	6	18117255233200	none	4150	df8b5f32	512	224	0	4150
4176	7	18117272452760	none	4151	fbf8bb76	512	224	0	4151
4177	0	18117289648760	none	4152	36dac87f	512	224	0	4152
4178	1	18117302839540	none	4153	c5f8ab9e	512	224	0	4153
4179	2	18117320051060	none	4154	a6ae4171	512	224	0	4154
4180	3	18117337271920	none	4155	f96f4702	512	224	0	4155
4181	4	18117354461370	none	4156	e858f32a	512	224	0	4156
4182	5	18117371741330	none	4157	0336ec67	512	224	0	4157
4183	6	18117388983740	none	4158	0096347e	512	224	0	4158
4184	7	18117406212270	none	4159	0d4477c3	512	224	0	4159
4185	0	18117419367380	none	4160	3365ef43	512	224	0	4160
4186	1	18117436586950	none	4161	7eb6cf54	512	224	0	4161
4187	2	18117453898890	none	4162	4c096bbe	512	224	0	4162
4188	3	18117471147870	none	4163	c64dedad	512	224	0	4163
4189	4	18117488373500	none	4164	8ec0498d	512	224	0	4164
4190	5	18117505568420	none	4165	6ecac131	512	224	0	4165
4191	6	18117522771850	none	4166	0cdcf54c	512	224	0	4166
4192	7	18117536096470	none	4167	52f71cf0	512	224	0	4167
4193	0	18117553310710	none	4168	d89107ed	512	224	0	4168
4194	1	18117570592670	none	4169	dfe55e9a	512	224	0	4169
4195	2	18117587925650	none	4170	a4159fd8	512	224	0	4170
4196	3	18117605192060	none	4171	9e9702f5	512	224	0	4171
4197	4	18117622408590	none	4172	5da27156	512	224	0	4172
4198	5	18117635580200	none	4173	e7563a61	512	224	0	4173
4199	6	18117652775320	none	4174	58fc9309	512	224	0	4174
4200	7	18117670138120	none	4175	a838ea1a	512	224	0	4175
4201	0	18117687344540	none	4176	3fa870c3	512	224	0	4176
4202	1	18117704580360	none	4177	401db51d	512	224	0	4177
4203	2	18117721818550	none	4178	11a89f7e	512	224	0	4178
4204	3	18117739053060	none	4179	9d140d14	512	224	0	4179
4205	4	18117752222810	none	4180	8637ebdb	512	224	0	4180
4206	5	18117769421640	none	4181	201a8100	512	224	0	4181
4207	6	18117786636600	none	4182	d33dfcbd	512	224	0	4182
4208	7	18117803893810	none	4183	7f54ffc1	512	224	0	4183
4209	0	18117821112710	none	4184	b1e06696	512	224	0	4184
4210	1	18117838351770	none	4185	f312dfcf	512	224	0	4185
4211	2	18117855538980	none	4186	a3955d6d	512	224	0	4186
4212	3	18117868715040	none	4187	7c214e9e	512	224	0	4187
4213	4	18117885949230	none	4188	c98b90c9	512	224	0	4188
4214	5	18117903173400	none	4189	385744f3	512	224	0	4189
4215	6	18117920374990	none	4190	d07c0723	512	224	0	4190
4216	7	18117937559770	none	4191	4b427e89	512	224	0	4191
4217	0	18117954792930	none	4192	a47ae1df	512	224	0	4192
4218	1	18117972072310	none	4193	a110f58e	512	224	0	4193
4219	2	18117985429390	none	4194	0e139753	512	224	0	4194
4220	3	18118002617630	none	4195	adfe8a5d	512	224	0	4195
4221	4	18118019922750	none	4196	58bef43f	512	224	0	4196
4222	5	18118037233460	none	4197	8d1e5d15	512	224	0	4197
4223	6	18118054453460	none	4198	58c010d0	512	224	0	4198
4224	7	18118071644380	none	4199	eadca6b9	512	224	0	4199
4225	0	18118088865630	none	4200	0773b829	512	224	0	4200
4226	1	18118102045460	none	4201	afdd229d	512	224	0	4201
4227	2	18118119413800	none	4202	19eb4010	512	224	0	4202
4228	3	18118136598450	none	4203	0593177f	512	224	0	4203
4229	4	18118153862420	none	4204	caa7d6d9	512	224	0	4204
4230	5	18118171071630	none	4205	591dbd03	512	224	0	4205
4231	6	18118188308740	none	4206	520fa0a1	512	224	0	4206
4232	7	18118201455940	none	4207	67873f4f	512	224	0	4207
4233	0	18118218648050	none	4208	cbe66672	512	224	0	4208
4234	1	18118235882470	none	4209	11293b80	512	224	0	4209
4235	2	18118253107280	none	4210	f68c9614	512	224	0	4210
4236	3	18118270341680	none	4211	4da65936	512	224	0	4211
4237	4	18118287513880	none	4212	f6a46bb8	512	224	0	4212
4238	5	18118304698180	none	4213	8a91b1fa	512	224	0	4213
4239	6	18118317900870	none	4214	3596203e	512	224	0	4214
4240	7	18118335098270	none	4215	421b7733	512	224	0	4215
4241	0	18118352329330	none	4216	e9fbba8c	512	224	0	4216
4242	1	18118369538650	none	4217	972e0125	512	224	0	4217
4243	2	18118386749670	none	4218	50fc1965	512	224	0	4218
4244	3	18118404075250	none	4219	3922d58f	512	224	0	4219
4245	4	18118421311070	none	4220	d1a1c9e4	512	224	0	4220
4246	5	18118434593080	none	4221	2715b666	512	224	0	4221
4247	6	18118451882750	none	4222	8ac2f21e	512	224	0	4222
4248	7	18118469109260	none	4223	4095ff53	512	224	0	4223
4249	0	18118486344040	none	4224	38e00948	512	224	0	4224
4250	1	18118503584410	none	4225	af9bb96e	512	224	0	4225
4251	2	18118520872020	none	4226	c05a0f6c	512	224	0	4226
4252	3	18118534254630	none	4227	3996180d	512	224	0	4227
4253	4	18118551440170	none	4228	33886054	512	224	0	4228
4254	5	18118568740430	none	4229	0eaa67a4	512	224	0	4229
4255	6	18118585987730	none	4230	fe9a4054	512	224	0	4230
4256	7	18118603201810	none	4231	87dbc8d1	512	224	0	4231
4257	0	18118620389310	none	4232	09aa03b0	512	224	0	4232
4258	1	18118637557710	none	4233	15aae641	512	224	0	4233
4259	2	18118650724720	none	4234	44a1515a	512	224	0	4234
4260	3	18118667948440	none	4235	70e34a69	512	224	0	4235
4261	4	18118685168400	none	4236	6405c0a0	512	224	0	4236
4262	5	18118702384990	none	4237	654dda89	512	224	0	4237
4263	6	18118719572420	none	4238	a023136c	512	224	0	4238
4264	7	18118736773760	none	4239	ca47156d	512	224	0	4239
4265	0	18118754078180	none	4240	20e2bacf	512	224	0	4240
4266	1	18118767267300	none	4241	201a9f45	512	224	0	4241
4267	2	18118784637490	none	4242	845ad09b	512	224	0	4242
4268	3	18118801855600	none	4243	5a51f7c4	512	224	0	4243
4269	4	18118819085290	none	4244	4f8afcc2	512	224	0	4244
4270	5	18118836314120	none	4245	239099a6	512	224	0	4245
4271	6	18118853493670	none	4246	f76fb718	512	224	0	4246
4272	7	18118870667310	none	4247	f0777018	512	224	0	4247
4273	0	18118883925320	none	4248	bb88a7e8	512	224	0	4248
4274	1	18118901110380	none	4249	e04b7576	512	224	0	4249
4275	2	18118918340890	none	4250	be9dc1a5	512	224	0	4250
4276	3	18118935527680	none	4251	f9cd107b	512	224	0	4251
4277	4	18118952713630	none	4252	34a88f3b	512	224	0	4252
4278	5	18118969931060	none	4253	452f2939	512	224	0	4253
4279	6	18118987294480	none	4254	55896766	512	224	0	4254
4280	7	18119000443850	none	4255	5ea0a81c	512	224	0	4255
4281	0	18119017776690	none	4256	dbd4aed1	512	224	0	4256
4282	1	18119035284080	none	4257	d85dc81d	512	224	0	4257
4283	2	18119052631920	none	4258	e6b98044	512	224	0	4258
4284	3	18119069859510	none	4259	12ae4d4b	512	224	0	4259
4285	4	18119083203610	none	4260	ebd0a8c1	512	224	0	4260
4286	5	18119100401620	none	4261	0402ba2e	512	224	0	4261
4287	6	18119117688790	none	4262	82e9d749	512	224	0	4262
4288	7	18119134957470	none	4263	c87763ce	512	224	0	4263
4289	0	18119152175920	none	4264	716dd719	512	224	0	4264
4290	1	18119169367780	none	4265	8b9701bd	512	224	0	4265
4291	2	18119186556920	none	4266	a01f3d82	512	224	0	4266
4292	3	18119199709110	none	4267	6df0ec1e	512	224	0	4267
4293	4	18119216930350	none	4268	e4f6bebd	512	224	0	4268
4294	5	18119234149570	none	4269	038d5165	512	224	0	4269
4295	6	18119251354600	none	4270	c8dba734	512	224	0	4270
4296	7	18119268552720	none	4271	f4501045	512	224	0	4271
4297	0	18119285755200	none	4272	4700c7eb	512	224	0	4272
4298	1	18119302991450	none	4273	f4791903	512	224	0	4273
4299	2	18119316235140	none	4274	582d2266	512	224	0	4274
4300	3	18119333494170	none	4275	012be2e6	512	224	0	4275
4301	4	18119350667720	none	4276	e586387d	512	224	0	4276
4302	5	18119367984250	none	4277	8ca334fe	512	224	0	4277
4303	6	18119385212500	none	4278	bb0a0424	512	224	0	4278
4304	7	18119402397670	none	4279	25a297ad	512	224	0	4279
4305	0	18119419591800	none	4280	84abe8b2	512	224	0	4280
4306	1	18119432855650	none	4281	980cd16e	512	224	0	4281
4307	2	18119450065950	none	4282	27b73d0a	512	224	0	4282
4308	3	18119467303190	none	4283	3c2486af	512	224	0	4283
4309	4	18119484537840	none	4284	eed788d5	512	224	0	4284
4310	5	18119501741130	none	4285	bb3fbb6f	512	224	0	4285
4311	6	18119518964080	none	4286	1e51c4b7	512	224	0	4286
4312	7	18119536305300	none	4287	e62e31ce	512	224	0	4287
4313	0	18119549477280	none	4288	464e2712	512	224	0	4288
4314	1	18119566832920	none	4289	a67e2c23	512	224	0	4289
4315	2	18119584099120	none	4290	ab76a17a	512	224	0	4290
4316	3	18119601318100	none	4291	c2e2b26b	512	224	0	4291
4317	4	18119618513650	none	4292	7a7e3684	512	224	0	4292
4318	5	18119635724640	none	4293	54d40dd4	512	224	0	4293
4319	6	18119652963450	none	4294	1dc6966d	512	224	0	4294
4320	7	18119666146120	none	4295	fdf054b7	512	224	0	4295
4321	0	18119683334360	none	4296	391a69e6	512	224	0	4296
4322	1	18119700538880	none	4297	569eacd8	512	224	0	4297
4323	2	18119717739950	none	4298	7cb4cb53	512	224	0	4298
4324	3	18119735142840	none	4299	466da689	512	224	0	4299
4325	4	18119752351270	none	4300	179bc725	512	224	0	4300
4326	5	18119765503300	none	4301	41a2cd3f	512	224	0	4301
4327	6	18119782702280	none	4302	efbc0234	512	224	0	4302
4328	7	18119799922850	none	4303	c52043f1	512	224	0	4303
4329	0	18119817165900	none	4304	176aa2a9	512	224	0	4304
4330	1	18119834408800	none	4305	d780fcfb	512	224	0	4305
4331	2	18119851746760	none	4306	1d60a87b	512	224	0	4306
4332	3	18119868966900	none	4307	eae4273e	512	224	0	4307
4333	4	18119882166250	none	4308	429841c1	512	224	0	4308
4334	5	18119899363500	none	4309	2de1c313	512	224	0	4309
4335	6	18119916552470	none	4310	da8aa3f5	512	224	0	4310
4336	7	18119933766960	none	4311	68956391	512	224	0	4311
4337	0	18119951077840	none	4312	355b5b6d	512	224	0	4312
4338	1	18119968303330	none	4313	306f6295	512	224	0	4313
4339	2	18119985606750	none	4314	35f51b0d	512	224	0	4314
4340	3	18119998905530	none	4315	1fef9ece	512	224	0	4315
4341	4	18120016138580	none	4316	168c6095	512	224	0	4316
4342	5	18120033355910	none	4317	a9aa04f3	512	224	0	4317
4343	6	18120050555250	none	4318	e3237249	512	224	0	4318
4344	7	18120067751840	none	4319	6e379501	512	224	0	4319
4345	0	18120085152220	none	4320	2eadbd8c	512	224	0	4320
4346	1	18120098334580	none	4321	b868d54a	512	224	0	4321
4347	2	18120115677660	none	4322	9f91e632	512	224	0	4322
4348	3	18120132954880	none	4323	60a48f0e	512	224	0	4323
4349	4	18120150174510	none	4324	9fbd918d	512	224	0	4324
4350	5	18120167378670	none	4325	f4069156	512	224	0	4325
4351	6	18120184758570	none	4326	5f77806a	512	224	0	4326
4352	7	18120198165970	none	4327	e8d43fff	512	224	0	4327
4353	0	18120215543100	none	4328	7820707c	512	224	0	4328
4354	1	18120232847210	none	4329	11813443	512	224	0	4329
4355	2	18120250194920	none	4330	b3862c0c	512	224	0	4330
4356	3	18120267540320	none	4331	791ad68d	512	224	0	4331
4357	4	18120285171340	none	4332	af10cc16	512	224	0	4332
4358	5	18120298434930	none	4333	2fc12524	512	224	0	4333
4359	6	18120316266550	none	4334	511d2797	512	224	0	4334
4360	7	18120333474430	none	4335	b5240559	512	224	0	4335
4361	0	18120350671870	none	4336	613f1b7c	512	224	0	4336
4362	1	18120367948180	none	4337	645fa3a3	512	224	0	4337
4363	2	18120381488770	none	4338	82ebf8f3	512	224	0	4338
4364	3	18120399388480	none	4339	fa1559a6	512	224	0	4339
4365	4	18120416677180	none	4340	5d668ed0	512	224	0	4340
4366	5	18120434025460	none	4341	4a09b3c5	512	224	0	4341
4367	6	18120451616080	none	4342	4e227586	512	224	0	4342
4368	7	18120464885530	none	4343	87c82435	512	224	0	4343
4369	0	18120482702950	none	4344	e0804139	512	224	0	4344
4370	1	18120500300930	none	4345	a30cdea2	512	224	0	4345
4371	2	18120517927690	none	4346	54ebb2ad	512	224	0	4346
4372	3	18120531150290	none	4347	c5ffc252	512	224	0	4347
4373	4	18120548354920	none	4348	bf3564ca	512	224	0	4348
4374	5	18120565548210	none	4349	b8eedddf	512	224	0	4349
4375	6	18120582784210	none	4350	abc398b6	512	224	0	4350
4376	7	18120600083740	none	4351	22442f77	512	224	0	4351
4377	0	18120617313740	none	4352	ae0d370f	512	224	0	4352
4378	1	18120634539440	none	4353	9523639a	512	224	0	4353
4379	2	18120647710130	none	4354	5a36e591	512	224	0	4354
4380	3	18120665072920	none	4355	a0317c43	512	224	0	4355
4381	4	18120682296430	none	4356	e988ae61	512	224	0	4356
4382	5	18120699485160	none	4357	72a28559	512	224	0	4357
4383	6	18120716699320	none	4358	9c803d2c	512	224	0	4358
4384	7	18120733997840	none	4359	93c41098	512	224	0	4359
4385	0	18120747182050	none	4360	70154882	512	224	0	4360
4386	1	18120764400310	none	4361	25ec9658	512	224	0	4361
4387	2	18120781596930	none	4362	f549f885	512	224	0	4362
4388	3	18120798815220	none	4363	f2e59ba0	512	224	0	4363
4389	4	18120816028980	none	4364	b9722995	512	224	0	4364
4390	5	18120833400610	none	4365	4ebba819	512	224	0	4365
4391	6	18120850600760	none	4366	387708a6	512	224	0	4366
4392	7	18120863784240	none	4367	6f35c804	512	224	0	4367
4393	0	18120881012750	none	4368	14f5fd4c	512	224	0	4368
4394	1	18120898282180	none	4369	e2dee99b	512	224	0	4369
4395	2	18120915521920	none	4370	182ab05f	512	224	0	4370
4396	3	18120932781450	none	4371	05f5a8ec	512	224	0	4371
4397	4	18120950011280	none	4372	cf53813c	512	224	0	4372
4398	5	18120967248200	none	4373	30d273e8	512	224	0	4373
4399	6	18120980410650	none	4374	f054242e	512	224	0	4374
4400	7	18120997615140	none	4375	ab6b16b0	512	224	0	4375
4401	0	18121014829380	none	4376	22fac496	512	224	0	4376
4402	1	18121032117390	none	4377	bbd22d10	512	224	0	4377
4403	2	18121049320920	none	4378	9c720949	512	224	0	4378
4404	3	18121066497810	none	4379	29a364ff	512	224	0	4379
4405	4	18121083805730	none	4380	b69902ee	512	224	0	4380
4406	5	18121097005010	none	4381	7099663d	512	224	0	4381
4407	6	18121114243750	none	4382	a4f1b707	512	224	0	4382
4408	7	18121131430020	none	4383	08a3a904	512	224	0	4383
4409	0	18121148637630	none	4384	ea3e659a	512	224	0	4384
4410	1	18121165905060	none	4385	9593c5ac	512	224	0	4385
4411	2	18121183184670	none	4386	835b20ee	512	224	0	4386
4412	3	18121200414740	none	4387	57990e6b	512	224	0	4387
4413	4	18121213575980	none	4388	b6379c60	512	224	0	4388
4414	5	18121230788330	none	4389	22afc0f9	512	224	0	4389
4415	6	18121248113320	none	4390	2a64cbf4	512	224	0	4390
4416	7	18121265399560	none	4391	af5a6f62	512	224	0	4391
4417	0	18121282684310	none	4392	63f1a1d6	512	224	0	4392
4418	1	18121299944530	none	4393	99f1077f	512	224	0	4393
4419	2	18121313117470	none	4394	ffd66dc2	512	224	0	4394
4420	3	18121330319070	none	4395	99c6d7b4	512	224	0	4395
4421	4	18121347486800	none	4396	3acb53fc	512	224	0	4396
4422	5	18121364673630	none	4397	57f69d7f	512	224	0	4397
4423	6	18121381921930	none	4398	9f73ae17	512	224	0	4398
4424	7	18121399148420	none	4399	e7493cae	512	224	0	4399
4425	0	18121416354650	none	4400	a11c7c22	512	224	0	4400
4426	1	18121429601720	none	4401	d5d54271	512	224	0	4401
4427	2	18121446883420	none	4402	96ea2395	512	224	0	4402
4428	3	18121464144240	none	4403	fcd87f40	512	224	0	4403
4429	4	18121481418120	none	4404	310926f4	512	224	0	4404
4430	5	18121498676050	none	4405	d7a260cc	512	224	0	4405
4431	6	18121515905030	none	4406	18494afb	512	224	0	4406
4432	7	18121529190140	none	4407	4600b6cc	512	224	0	4407
4433	0	18121546378830	none	4408	9af770f2	512	224	0	4408
4434	1	18121563558870	none	4409	c36c7dca	512	224	0	4409
4435	2	18121580770280	none	4410	2b6434cf	512	224	0	4410
4436	3	18121597993520	none	4411	d2af25c0	512	224	0	4411
4437	4	18121615199500	none	4412	597ca2cd	512	224	0	4412
4438	5	18121632398800	none	4413	94b52bb5	512	224	0	4413
4439	6	18121649597050	none	4414	32476f49	512	224	0	4414
4440	7	18121662782860	none	4415	4b37f932	512	224	0	4415
4441	0	18121679995740	none	4416	5528e472	512	224	0	4416
4442	1	18121697264960	none	4417	e2ef8573	512	224	0	4417
4443	2	18121714549340	none	4418	3c8f13e1	512	224	0	4418
4444	3	18121731884420	none	4419	c5abd9a9	512	224	0	4419
4445	4	18121749134040	none	4420	f5af0cec	512	224	0	4420
4446	5	18121762295910	none	4421	d6b8c60c	512	224	0	4421
4447	6	18121779481380	none	4422	5f2bd398	512	224	0	4422
4448	7	18121796666220	none	4423	31fdc2da	512	224	0	4423
4449	0	18121813944220	none	4424	73ab9110	512	224	0	4424
4450	1	18121831293020	none	4425	8a9a5d3e	512	224	0	4425
4451	2	18121848577670	none	4426	74f7a3ae	512	224	0	4426
4452	3	18121865803240	none	4427	70517c39	512	224	0	4427
4453	4	18121878988600	none	4428	76caa824	512	224	0	4428
4454	5	18121896187890	none	4429	547dd464	512	224	0	4429
4455	6	18121913385850	none	4430	e14f74c2	512	224	0	4430
4456	7	18121930579560	none	4431	c855fa6b	512	224	0	4431
4457	0	18121947809670	none	4432	67d18ff9	512	224	0	4432
4458	1	18121965221830	none	4433	c2303cd1	512	224	0	4433
4459	2	18121982437830	none	4434	11cca459	512	224	0	4434
4460	3	18121995648250	none	4435	9f39d498	512	224	0	4435
4461	4	18122012875570	none	4436	0db8b2df	512	224	0	4436
4462	5	18122030245370	none	4437	983bdbef	512	224	0	4437
4463	6	18122047433170	none	4438	c854136f	512	224	0	4438
4464	7	18122064617150	none	4439	f90003ff	512	224	0	4439
4465	0	18122081988190	none	4440	11b31cc8	512	224	0	4440
4466	1	18122095188720	none	4441	308ae0bc	512	224	0	4441
4467	2	18122112411410	none	4442	8a5fccac	512	224	0	4442
4468	3	18122129573880	none	4443	6937836b	512	224	0	4443
4469	4	18122146796710	none	4444	5613044b	512	224	0	4444
4470	5	18122164018950	none	4445	fd317d40	512	224	0	4445
4471	6	18122181260440	none	4446	3d641ea4	512	224	0	4446
4472	7	18122198460630	none	4447	1158a47b	512	224	0	4447
4473	0	18122211612540	none	4448	3cc315ad	512	224	0	4448
4474	1	18122228870670	none	4449	deb170cf	512	224	0	4449
4475	2	18122246099700	none	4450	5313a1ba	512	224	0	4450
4476	3	18122263324910	none	4451	479a0f05	512	224	0	4451
4477	4	18122280626250	none	4452	48bbb70e	512	224	0	4452
4478	5	18122297941420	none	4453	df9763d8	512	224	0	4453
4479	6	18122315169180	none	4454	0421353e	512	224	0	4454
4480	7	18122328328480	none	4455	93cf508f	512	224	0	4455
4481	0	18122345497950	none	4456	3707e246	512	224	0	4456
4482	1	18122362699070	none	4457	a0d0ea01	512	224	0	4457
4483	2	18122379927050	none	4458	85db334e	512	224	0	4458
4484	3	18122397154550	none	4459	edf7489d	512	224	0	4459
4485	4	18122414368530	none	4460	b92b496e	512	224	0	4460
4486	5	18122431577230	none	4461	6ba79b7b	512	224	0	4461
4487	6	18122444769320	none	4462	3c7e511b	512	224	0	4462
4488	7	18122461981700	none	4463	ba21fa2b	512	224	0	4463
4489	0	18122479326280	none	4464	783bc390	512	224	0	4464
4490	1	18122496576870	none	4465	671a9bf5	512	224	0	4465
4491	2	18122513812810	none	4466	902652c0	512	224	0	4466
4492	3	18122531033030	none	4467	6a62b596	512	224	0	4467
4493	4	18122544215050	none	4468	7bc3526d	512	224	0	4468
4494	5	18122561397060	none	4469	b44d922c	512	224	0	4469
4495	6	18122578572660	none	4470	c815b21f	512	224	0	4470
4496	7	18122595793270	none	4471	74c46b52	512	224	0	4471
4497	0	18122613014790	none	4472	b5329cd6	512	224	0	4472
4498	1	18122630258400	none	4473	b9af4ad3	512	224	0	4473
4499	2	18122647445320	none	4474	6b91bb70	512	224	0	4474
4500	3	18122664641280	none	4475	d55e9433	512	224	0	4475
4501	4	18122677823740	none	4476	ee407800	512	224	0	4476
4502	5	18122695093370	none	4477	50ee91ed	512	224	0	4477
4503	6	18122712281870	none	4478	296d3ed3	512	224	0	4478
4504	7	18122729579330	none	4479	79f1c51d	512	224	0	4479
4505	0	18122746952010	none	4480	0354d8fc	512	224	0	4480
4506	1	18122764246640	none	4481	5619c30a	512	224	0	4481
4507	2	18122777582710	none	4482	12a6eacb	512	224	0	4482
4508	3	18122794815680	none	4483	b67d28a6	512	224	0	4483
4509	4	18122812029570	none	4484	82247765	512	224	0	4484
4510	5	18122829373450	none	4485	d5ff53eb	512	224	0	4485
4511	6	18122846553150	none	4486	ecf4c96f	512	224	0	4486
4512	7	18122863797270	none	4487	9612da7f	512	224	0	4487
4513	0	18122876981220	none	4488	cec30d92	512	224	0	4488
4514	1	18122894175270	none	4489	b0d89724	512	224	0	4489
4515	2	18122911363610	none	4490	e064bf61	512	224	0	4490
4516	3	18122928670610	none	4491	726a3541	512	224	0	4491
4517	4	18122945950600	none	4492	7c6a21b3	512	224	0	4492
4518	5	18122963168070	none	4493	377c9a16	512	224	0	4493
4519	6	18122980351510	none	4494	5f3b7856	512	224	0	4494
4520	7	18122993543450	none	4495	ae662ca7	512	224	0	4495
4521	0	18123010750000	none	4496	e1f255c8	512	224	0	4496
4522	1	18123028052380	none	4497	1d341c94	512	224	0	4497
4523	2	18123045298400	none	4498	85293278	512	224	0	4498
4524	3	18123062474200	none	4499	48d82b2c	512	224	0	4499
4525	4	18123079678440	none	4500	dd4ec433	512	224	0	4500
4526	5	18123096928970	none	4501	e711423d	512	224	0	4501
4527	6	18123110114130	none	4502	26f03199	512	224	0	4502
4528	7	18123127302010	none	4503	8af857df	512	224	0	4503
4529	0	18123144494400	none	4504	10539823	512	224	0	4504
4530	1	18123161707040	none	4505	a601f5e2	512	224	0	4505
4531	2	18123178996180	none	4506	36e0f632	512	224	0	4506
4532	3	18123196217420	none	4507	9e8982fa	512	224	0	4507
4533	4	18123213413380	none	4508	dcba04ee	512	224	0	4508
4534	5	18123226556120	none	4509	198f5489	512	224	0	4509
4535	6	18123243776470	none	4510	38b5c03a	512	224	0	4510
4536	7	18123260981500	none	4511	0f0e9292	512	224	0	4511
4537	0	18123278332470	none	4512	1ee54734	512	224	0	4512
4538	1	18123295729130	none	4513	ad0a9fba	512	224	0	4513
4539	2	18123312978050	none	4514	f30e8aa8	512	224	0	4514
4540	3	18123330224390	none	4515	41f2a6c6	512	224	0	4515
4541	4	18123343370160	none	4516	d84b3caa	512	224	0	4516
4542	5	18123360562920	none	4517	68df4938	512	224	0	4517
4543	6	18123377880270	none	4518	bf9c5bbc	512	224	0	4518
4544	7	18123395104030	none	4519	85aef6a8	512	224	0	4519
4545	0	18123412302040	none	4520	e70c24cf	512	224	0	4520
4546	1	18123429492940	none	4521	86cb0608	512	224	0	4521
4547	2	18123446706100	none	4522	42b3929a	512	224	0	4522
4548	3	18123459880660	none	4523	3ff19d89	512	224	0	4523
4549	4	18123477279140	none	4524	4bdced00	512	224	0	4524
4550	5	18123494450530	none	4525	04e500ed	512	224	0	4525
4551	6	18123511714730	none	4526	d1549b96	512	224	0	4526
4552	7	18123529038160	none	4527	f236205f	512	224	0	4527
4553	0	18123546297240	none	4528	6db2105c	512	224	0	4528
4554	1	18123559475070	none	4529	ec5d6b31	512	224	0	4529
4555	2	18123576673520	none	4530	f5718f0f	512	224	0	4530
4556	3	18123593886240	none	4531	e6563fe7	512	224	0	4531
4557	4	18123611111640	none	4532	bf7835ba	512	224	0	4532
4558	5	18123628364490	none	4533	24b98bc0	512	224	0	4533
4559	6	18123645553260	none	4534	e9ce6449	512	224	0	4534
4560	7	18123662775810	none	4535	8a6e9a97	512	224	0	4535
4561	0	18123675960760	none	4536	2a00184a	512	224	0	4536
4562	1	18123693188940	none	4537	48b76441	512	224	0	4537
4563	2	18123710376090	none	4538	5cdbb74f	512	224	0	4538
4564	3	18123727682580	none	4539	c373b05d	512	224	0	4539
4565	4	18123744955740	none	4540	533de905	512	224	0	4540
4566	5	18123762159340	none	4541	d1c1e1ab	512	224	0	4541
4567	6	18123779336300	none	4542	234f3872	512	224	0	4542
4568	7	18123792504390	none	4543	46997704	512	224	0	4543
4569	0	18123809699560	none	4544	8fc84a7f	512	224	0	4544
4570	1	18123826953460	none	4545	fa8a012f	512	224	0	4545
4571	2	18123844205780	none	4546	b40931f0	512	224	0	4546
4572	3	18123861416200	none	4547	289780a1	512	224	0	4547
4573	4	18123878628110	none	4548	6d8ca7b0	512	224	0	4548
4574	5	18123895858320	none	4549	efed6c5b	512	224	0	4549
4575	6	18123909061200	none	4550	01a2963f	512	224	0	4550
4576	7	18123926481900	none	4551	a0e2d5ab	512	224	0	4551
4577	0	18123943691000	none	4552	4f1276d0	512	224	0	4552
4578	1	18123960901950	none	4553	d7890c28	512	224	0	4553
4579	2	18123978137450	none	4554	3fdf5738	512	224	0	4554
4580	3	18123995312260	none	4555	5b6b2263	512	224	0	4555
4581	4	18124008465070	none	4556	c8e2498d	512	224	0	4556
4582	5	18124025677730	none	4557	c8d2ab41	512	224	0	4557
4583	6	18124042905390	none	4558	97a31b70	512	224	0	4558
4584	7	18124060223490	none	4559	cd4e73ef	512	224	0	4559
4585	0	18124077526950	none	4560	204e7aac	512	224	0	4560
4586	1	18124095004560	none	4561	3abbe63b	512	224	0	4561
4587	2	18124112258780	none	4562	f057b37e	512	224	0	4562
4588	3	18124125419340	none	4563	0fba43b1	512	224	0	4563
4589	4	18124142631580	none	4564	f80b90e8	512	224	0	4564
4590	5	18124159892490	none	4565	ca51bb36	512	224	0	4565
4591	6	18124177157090	none	4566	6dc962ab	512	224	0	4566
4592	7	18124194362630	none	4567	7891db01	512	224	0	4567
4593	0	18124211552980	none	4568	caf0b0d9	512	224	0	4568
4594	1	18124224737710	none	4569	ca752456	512	224	0	4569
4595	2	18124242099570	none	4570	5a915d22	512	224	0	4570
4596	3	18124259293840	none	4571	a9511b16	512	224	0	4571
4597	4	18124276591510	none	4572	90f0dbec	512	224	0	4572
4598	5	18124293946370	none	4573	0dc3339a	512	224	0	4573
4599	6	18124311187150	none	4574	40400b82	512	224	0	4574
4600	7	18124328383340	none	4575	64bc5860	512	224	0	4575
4601	0	18124341699330	none	4576	5c5d62a3	512	224	0	4576
4602	1	18124359002290	none	4577	9509eb0c	512	224	0	4577
4603	2	18124376252850	none	4578	ac4200b1	512	224	0	4578
4604	3	18124393456240	none	4579	2e91c0b1	512	224	0	4579
4605	4	18124410654910	none	4580	3603a425	512	224	0	4580
4606	5	18124427876170	none	4581	d322e15d	512	224	0	4581
4607	6	18124441206590	none	4582	6ffc738e	512	224	0	4582
4608	7	18124458437460	none	4583	b74a6dc0	512	224	0	4583
4609	0	18124475764150	none	4584	603e8aea	512	224	0	4584
4610	1	18124492985900	none	4585	ae9ff013	512	224	0	4585
4611	2	18124510212090	none	4586	edfcf04b	512	224	0	4586
4612	3	18124527420500	none	4587	3ecec376	512	224	0	4587
4613	4	18124544627280	none	4588	aa97b121	512	224	0	4588
4614	5	18124557816280	none	4589	88aab671	512	224	0	4589
4615	6	18124575242070	none	4590	cbf86f9d	512	224	0	4590
4616	7	18124592411810	none	4591	feb7df53	512	224	0	4591
4617	0	18124609594600	none	4592	3143e3e6	512	224	0	4592
4618	1	18124626991570	none	4593	34ffc01c	512	224	0	4593
4619	2	18124644372050	none	4594	5dc43602	512	224	0	4594
4620	3	18124657519750	none	4595	1a8661f1	512	224	0	4595
4621	4	18124674782720	none	4596	7792bc50	512	224	0	4596
4622	5	18124692014510	none	4597	60631b74	512	224	0	4597
4623	6	18124709240190	none	4598	6fb7b78d	512	224	0	4598
4624	7	18124726449250	none	4599	b02d1f80	512	224	0	4599
4625	0	18124743643950	none	4600	9f1db4f1	512	224	0	4600
4626	1	18124761040920	none	4601	de3d3d25	512	224	0	4601
4627	2	18124774200170	none	4602	5193c14e	512	224	0	4602
4628	3	18124791464840	none	4603	9bfcb579	512	224	0	4603
4629	4	18124808695490	none	4604	8844ad1f	512	224	0	4604
4630	5	18124825999430	none	4605	0889da02	512	224	0	4605
4631	6	18124843227880	none	4606	f7e62100	512	224	0	4606
4632	7	18124860405100	none	4607	043c7247	512	224	0	4607
4633	0	18124877604580	none	4608	c2350db6	512	224	0	4608
4634	1	18124890953270	none	4609	cffc5f9e	512	224	0	4609
4635	2	18124908358200	none	4610	1460e327	512	224	0	4610
4636	3	18124925660630	none	4611	cb81d68e	512	224	0	4611
4637	4	18124942891930	none	4612	77720ea2	512	224	0	4612
4638	5	18124960103870	none	4613	4589a8ee	512	224	0	4613
4639	6	18124977322710	none	4614	5789a729	512	224	0	4614
4640	7	18124990600590	none	4615	f81db2d8	512	224	0	4615
4641	0	18125007884240	none	4616	3daf0c8e	512	224	0	4616
4642	1	18125025176200	none	4617	c6e92389	512	224	0	4617
4643	2	18125042389330	none	4618	90b50416	512	224	0	4618
4644	3	18125059581190	none	4619	78b8fe0e	512	224	0	4619
4645	4	18125076811900	none	4620	da9ed14a	512	224	0	4620
4646	5	18125090151840	none	4621	b5b49cff	512	224	0	4621
4647	6	18125107332090	none	4622	13f29c96	512	224	0	4622
4648	7	18125124688530	none	4623	237241bd	512	224	0	4623
4649	0	18125141980360	none	4624	cf153e8a	512	224	0	4624
4650	1	18125159260870	none	4625	f8d0fd98	512	224	0	4625
4651	2	18125176528380	none	4626	94a0b7ea	512	224	0	4626
4652	3	18125193761740	none	4627	99d29cc0	512	224	0	4627
4653	4	18125206929020	none	4628	044c9a7f	512	224	0	4628
4654	5	18125224332010	none	4629	7378547d	512	224	0	4629
4655	6	18125241697400	none	4630	1ba29d19	512	224	0	4630
4656	7	18125258956360	none	4631	3e610946	512	224	0	4631
4657	0	18125276203770	none	4632	68700264	512	224	0	4632
4658	1	18125293519250	none	4633	5f501b14	512	224	0	4633
4659	2	18125306730730	none	4634	bc8afc30	512	224	0	4634
4660	3	18125324036660	none	4635	465c82b8	512	224	0	4635
4661	4	18125341358530	none	4636	d06afaf9	512	224	0	4636
4662	5	18125358608290	none	4637	55ea7b9c	512	224	0	4637
4663	6	18125375839330	none	4638	ad8a9f32	512	224	0	4638
4664	7	18125393225540	none	4639	201c1561	512	224	0	4639
4665	0	18125406367690	none	4640	496de432	512	224	0	4640
4666	1	18125423798750	none	4641	7f4f3d52	512	224	0	4641
4667	2	18125441161860	none	4642	6d929ca3	512	224	0	4642
4668	3	18125458433480	none	4643	ade3716c	512	224	0	4643
4669	4	18125475668670	none	4644	6cdb7ec7	512	224	0	4644
4670	5	18125492890820	none	4645	fc528a5a	512	224	0	4645
4671	6	18125506082100	none	4646	f57f89b7	512	224	0	4646
4672	7	18125523418380	none	4647	7d632cfa	512	224	0	4647
4673	0	18125540635420	none	4648	66287fa8	512	224	0	4648
4674	1	18125557914880	none	4649	ec25f9a9	512	224	0	4649
4675	2	18125575202740	none	4650	bddb6277	512	224	0	4650
4676	3	18125592409250	none	4651	14a0372f	512	224	0	4651
4677	4	18125609607210	none	4652	75aa6b40	512	224	0	4652
4678	5	18125622807150	none	4653	caeaea0a	512	224	0	4653
4679	6	18125640028070	none	4654	00e02042	512	224	0	4654
4680	7	18125657226570	none	4655	8e50bdaf	512	224	0	4655
4681	0	18125674415360	none	4656	82b6a31d	512	224	0	4656
4682	1	18125691724540	none	4657	38e2e155	512	224	0	4657
4683	2	18125709110750	none	4658	417000e1	512	224	0	4658
4684	3	18125726305730	none	4659	a3704ab7	512	224	0	4659
4685	4	18125739490520	none	4660	16b0d903	512	224	0	4660
4686	5	18125756714790	none	4661	356e6a5e	512	224	0	4661
4687	6	18125774026490	none	4662	55d9ebea	512	224	0	4662
4688	7	18125791288280	none	4663	c9febddb	512	224	0	4663
4689	0	18125808543040	none	4664	fe8f1e25	512	224	0	4664
4690	1	18125825872620	none	4665	a1414ca4	512	224	0	4665
4691	2	18125839078270	none	4666	42d5205c	512	224	0	4666
4692	3	18125856272740	none	4667	2b3a061a	512	224	0	4667
4693	4	18125873453320	none	4668	83bfed7d	512	224	0	4668
4694	5	18125890654190	none	4669	8ec2522d	512	224	0	4669
4695	6	18125908088670	none	4670	d3c4ad21	512	224	0	4670
4696	7	18125925304660	none	4671	72b3208d	512	224	0	4671
4697	0	18125938577760	none	4672	dcd04069	512	224	0	4672
4698	1	18125955905900	none	4673	4d561425	512	224	0	4673
4699	2	18125973183520	none	4674	c08460ac	512	224	0	4674
4700	3	18125990377670	none	4675	a89ac7aa	512	224	0	4675
4701	4	18126007566430	none	4676	18a86846	512	224	0	4676
4702	5	18126024838140	none	4677	ba0694a7	512	224	0	4677
4703	6	18126042220120	none	4678	45af817d	512	224	0	4678
4704	7	18126055379170	none	4679	c80f0442	512	224	0	4679
4705	0	18126072722230	none	4680	d9781ef9	512	224	0	4680
4706	1	18126089954620	none	4681	230bd127	512	224	0	4681
4707	2	18126107188220	none	4682	a198db98	512	224	0	4682
4708	3	18126124369690	none	4683	f2623706	512	224	0	4683
4709	4	18126141688830	none	4684	b8fb2b1f	512	224	0	4684
4710	5	18126154901690	none	4685	a8530bd7	512	224	0	4685
4711	6	18126172259360	none	4686	d5d2d2e1	512	224	0	4686
4712	7	18126189431070	none	4687	33a62d87	512	224	0	4687
4713	0	18126206638420	none	4688	2cd3e5e9	512	224	0	4688
4714	1	18126223890050	none	4689	9a13c894	512	224	0	4689
4715	2	18126241351370	none	4690	65971c27	512	224	0	4690
4716	3	18126258613520	none	4691	c642d8e6	512	224	0	4691
4717	4	18126271810510	none	4692	d6000141	512	224	0	4692
4718	5	18126289022400	none	4693	1e9a4835	512	224	0	4693
4719	6	18126306220350	none	4694	122e7d5f	512	224	0	4694
4720	7	18126323402600	none	4695	6d2cb64b	512	224	0	4695
4721	0	18126340584230	none	4696	a41aad27	512	224	0	4696
4722	1	18126357829240	none	4697	741551a4	512	224	0	4697
4723	2	18126375095860	none	4698	b540ccbe	512	224	0	4698
4724	3	18126388270300	none	4699	f2918c66	512	224	0	4699
4725	4	18126405462850	none	4700	f5d0939c	512	224	0	4700
4726	5	18126422683520	none	4701	c358611c	512	224	0	4701
4727	6	18126439901900	none	4702	c63ec118	512	224	0	4702
4728	7	18126457114850	none	4703	de261b98	512	224	0	4703
4729	0	18126474301950	none	4704	9278896a	512	224	0	4704
4730	1	18126487688330	none	4705	c4bc206c	512	224	0	4705
4731	2	18126504964550	none	4706	68662eb9	512	224	0	4706
4732	3	18126522184240	none	4707	63f64852	512	224	0	4707
4733	4	18126539373980	none	4708	ad4223cc	512	224	0	4708
4734	5	18126556575360	none	4709	103007d1	512	224	0	4709
4735	6	18126573801330	none	4710	3447c5c0	512	224	0	4710
4736	7	18126591181770	none	4711	86f8186a	512	224	0	4711
4737	0	18126604407060	none	4712	55ad29c7	512	224	0	4712
4738	1	18126621757270	none	4713	70cb7be0	512	224	0	4713
4739	2	18126639020680	none	4714	19cd99bc	512	224	0	4714
4740	3	18126656234030	none	4715	12a89d56	512	224	0	4715
4741	4	18126673438570	none	4716	888e2330	512	224	0	4716
4742	5	18126690771030	none	4717	e71360e2	512	224	0	4717
4743	6	18126704054350	none	4718	8cccc863	512	224	0	4718
4744	7	18126721271570	none	4719	92adf694	512	224	0	4719
4745	0	18126738458270	none	4720	ac4da4c0	512	224	0	4720
4746	1	18126755681620	none	4721	70a57e1a	512	224	0	4721
4747	2	18126772946800	none	4722	4c107901	512	224	0	4722
4748	3	18126790327760	none	4723	23041d7b	512	224	0	4723
4749	4	18126807514350	none	4724	75e22ba1	512	224	0	4724
4750	5	18126820736280	none	4725	528c00ee	512	224	0	4725
4751	6	18126837969270	none	4726	442fea15	512	224	0	4726
4752	7	18126855190920	none	4727	c5443258	512	224	0	4727
4753	0	18126872385430	none	4728	aacc5a60	512	224	0	4728
4754	1	18126889575420	none	4729	dbaff08e	512	224	0	4729
4755	2	18126906829620	none	4730	33e6e939	512	224	0	4730
4756	3	18126924071970	none	4731	cc2240cd	512	224	0	4731
4757	4	18126937354300	none	4732	df9e92ab	512	224	0	4732
4758	5	18126954529140	none	4733	7eec59d9	512	224	0	4733
4759	6	18126971751920	none	4734	910f26c4	512	224	0	4734
4760	7	18126988975890	none	4735	31138bb0	512	224	0	4735
4761	0	18127006161250	none	4736	4553fd8d	512	224	0	4736
4762	1	18127023414070	none	4737	4433b848	512	224	0	4737
4763	2	18127036794060	none	4738	c2f669ec	512	224	0	4738
4764	3	18127054015350	none	4739	7429aa82	512	224	0	4739
4765	4	18127071209110	none	4740	eaf70f09	512	224	0	4740
4766	5	18127088400640	none	4741	caf9dbf2	512	224	0	4741
4767	6	18127105602450	none	4742	4eeed441	512	224	0	4742
4768	7	18127122892280	none	4743	350215d2	512	224	0	4743
4769	0	18127140129230	none	4744	b20dd9eb	512	224	0	4744
4770	1	18127153295940	none	4745	24af8993	512	224	0	4745
4771	2	18127170526420	none	4746	1b27d64d	512	224	0	4746
4772	3	18127187871540	none	4747	3d52aab5	512	224	0	4747
4773	4	18127205136330	none	4748	dafa1edf	512	224	0	4748
4774	5	18127222346590	none	4749	3433a155	512	224	0	4749
4775	6	18127239682660	none	4750	69eed5e2	512	224	0	4750
4776	7	18127256951200	none	4751	929d0704	512	224	0	4751
4777	0	18127270135380	none	4752	9de17ec0	512	224	0	4752
4778	1	18127287341990	none	4753	4eb8d4e3	512	224	0	4753
4779	2	18127304615860	none	4754	92653a28	512	224	0	4754
4780	3	18127321851010	none	4755	84ed4f7b	512	224	0	4755
4781	4	18127339234810	none	4756	f26d7ddc	512	224	0	4756
4782	5	18127356416410	none	4757	80142af6	512	224	0	4757
4783	6	18127369578450	none	4758	cb1a1006	512	224	0	4758
4784	7	18127386795090	none	4759	74a2d4cc	512	224	0	4759
4785	0	18127404034450	none	4760	0c235275	512	224	0	4760
4786	1	18127421236170	none	4761	073b8125	512	224	0	4761
4787	2	18127438416560	none	4762	17133e28	512	224	0	4762
4788	3	18127455626700	none	4763	48239705	512	224	0	4763
4789	4	18127472904040	none	4764	18d6a4c1	512	224	0	4764
4790	5	18127486098730	none	4765	de4437dc	512	224	0	4765
4791	6	18127503348290	none	4766	b6300134	512	224	0	4766
4792	7	18127520551040	none	4767	ed4a775d	512	224	0	4767
4793	0	18127537771310	none	4768	dfe87aba	512	224	0	4768
4794	1	18127555220590	none	4769	20a5bef4	512	224	0	4769
4795	2	18127572469050	none	4770	895b1a76	512	224	0	4770
4796	3	18127589698250	none	4771	a8e13f0c	512	224	0	4771
4797	4	18127602875740	none	4772	834e98b4	512	224	0	4772
4798	5	18127620084940	none	4773	61c19779	512	224	0	4773
4799	6	18127637308880	none	4774	b0b87ab3	512	224	0	4774
4800	7	18127654484180	none	4775	6043e8aa	512	224	0	4775
4801	0	18127671710490	none	4776	1eedee18	512	224	0	4776
4802	1	18127689001000	none	4777	cb036bd6	512	224	0	4777
4803	2	18127706201380	none	4778	fa7634ee	512	224	0	4778
4804	3	18127719344040	none	4779	07d1a26f	512	224	0	4779
4805	4	18127736537440	none	4780	7c582bbf	512	224	0	4780
4806	5	18127753857900	none	4781	7e30b7bf	512	224	0	4781
4807	6	18127771071020	none	4782	a4ca44fd	512	224	0	4782
4808	7	18127788370110	none	4783	8a7c390d	512	224	0	4783
4809	0	18127805570170	none	4784	372f4f7e	512	224	0	4784
4810	1	18127818812920	none	4785	3a83b64b	512	224	0	4785
4811	2	18127836094700	none	4786	72be8105	512	224	0	4786
4812	3	18127853294810	none	4787	4a7487bc	512	224	0	4787
4813	4	18127870528700	none	4788	5ae17511	512	224	0	4788
4814	5	18127887761310	none	4789	bf8e3482	512	224	0	4789
4815	6	18127904993150	none	4790	6f331a3f	512	224	0	4790
4816	7	18127922193950	none	4791	f98ebd2f	512	224	0	4791
4817	0	18127935370770	none	4792	c35f560f	512	224	0	4792
4818	1	18127952557730	none	4793	08318f15	512	224	0	4793
4819	2	18127969783730	none	4794	d7070d48	512	224	0	4794
4820	3	18127987013890	none	4795	cad0e6b1	512	224	0	4795
4821	4	18128004232030	none	4796	35f4dcb6	512	224	0	4796
4822	5	18128021439590	none	4797	49fa3757	512	224	0	4797
4823	6	18128038684470	none	4798	5104bc9e	512	224	0	4798
4824	7	18128051862310	none	4799	e51228f1	512	224	0	4799
4825	0	18128069076420	none	4800	2468849f	512	224	0	4800
4826	1	18128086287790	none	4801	a19bc67c	512	224	0	4801
4827	2	18128103497320	none	4802	31ec86d5	512	224	0	4802
4828	3	18128120730820	none	4803	d8107434	512	224	0	4803
4829	4	18128138124320	none	4804	fe7f5cca	512	224	0	4804
4830	5	18128155306200	none	4805	8a5325b0	512	224	0	4805
4831	6	18128168438370	none	4806	ddef6ab4	512	224	0	4806
4832	7	18128185669510	none	4807	c263de38	512	224	0	4807
4833	0	18128203039970	none	4808	8278de79	512	224	0	4808
4834	1	18128220226740	none	4809	6da51b0b	512	224	0	4809
4835	2	18128237521660	none	4810	0d866ccc	512	224	0	4810
4836	3	18128254755330	none	4811	5db9d52e	512	224	0	4811
4837	4	18128271975460	none	4812	6cda9de3	512	224	0	4812
4838	5	18128285179280	none	4813	93bf9292	512	224	0	4813
4839	6	18128302410590	none	4814	2905319c	512	224	0	4814
4840	7	18128319611170	none	4815	699c651d	512	224	0	4815
4841	0	18128336837450	none	4816	14ed7c38	512	224	0	4816
4842	1	18128354154690	none	4817	2a10e846	512	224	0	4817
4843	2	18128371391290	none	4818	f20b43e1	512	224	0	4818
4844	3	18128384553570	none	4819	4c1b2314	512	224	0	4819
4845	4	18128401770200	none	4820	0f6c31dc	512	224	0	4820
4846	5	18128419026170	none	4821	f25d6867	512	224	0	4821
4847	6	18128436248440	none	4822	5f3719db	512	224	0	4822
4848	7	18128453456030	none	4823	121fac5b	512	224	0	4823
4849	0	18128470685620	none	4824	1d3ef90a	512	224	0	4824
4850	1	18128488016880	none	4825	de2e5773	512	224	0	4825
4851	2	18128501193440	none	4826	2bf75203	512	224	0	4826
4852	3	18128518383050	none	4827	cdcecb1a	512	224	0	4827
4853	4	18128535597010	none	4828	b02768a2	512	224	0	4828
4854	5	18128552819100	none	4829	bde056c7	512	224	0	4829
4855	6	18128570064930	none	4830	962e5e85	512	224	0	4830
4856	7	18128587268810	none	4831	44dfe178	512	224	0	4831
4857	0	18128604486960	none	4832	fa071906	512	224	0	4832
4858	1	18128617731900	none	4833	ad299494	512	224	0	4833
4859	2	18128634978580	none	4834	2dfb9c7f	512	224	0	4834
4860	3	18128652193470	none	4835	3c55affe	512	224	0	4835
4861	4	18128669379170	none	4836	5697ebb2	512	224	0	4836
4862	5	18128686713170	none	4837	582d6b18	512	224	0	4837
4863	6	18128703967030	none	4838	ae85989c	512	224	0	4838
4864	7	18128721153790	none	4839	dafec5c4	512	224	0	4839
4865	0	18128734327600	none	4840	ebf76569	512	224	0	4840
4866	1	18128751509670	none	4841	4341391c	512	224	0	4841
4867	2	18128768732090	none	4842	32b91f93	512	224	0	4842
4868	3	18128785946010	none	4843	335d5eeb	512	224	0	4843
4869	4	18128803170710	none	4844	b09a5001	512	224	0	4844
4870	5	18128820366130	none	4845	7a688f9c	512	224	0	4845
4871	6	18128837587420	none	4846	4aa8845d	512	224	0	4846
4872	7	18128850797590	none	4847	d8868897	512	224	0	4847
4873	0	18128868012400	none	4848	eb70a427	512	224	0	4848
4874	1	18128885349740	none	4849	f7d63614	512	224	0	4849
4875	2	18128902654430	none	4850	dee1a3f5	512	224	0	4850
4876	3	18128919899760	none	4851	f4ce0568	512	224	0	4851
4877	4	18128937182460	none	4852	c240ccb4	512	224	0	4852
4878	5	18128950319720	none	4853	2ed0191e	512	224	0	4853
4879	6	18128967513730	none	4854	69b25e45	512	224	0	4854
4880	7	18128984739290	none	4855	40d5bf85	512	224	0	4855
4881	0	18129001974260	none	4856	2f503016	512	224	0	4856
4882	1	18129019178560	none	4857	1fbabdb3	512	224	0	4857
4883	2	18129036392390	none	4858	6ac75d9e	512	224	0	4858
4884	3	18129053593080	none	4859	7fc1c30d	512	224	0	4859
4885	4	18129066785320	none	4860	2f2a72b6	512	224	0	4860
4886	5	18129084105210	none	4861	b64af5de	512	224	0	4861
4887	6	18129101555410	none	4862	4640e9f8	512	224	0	4862
4888	7	18129119184680	none	4863	be86ccac	512	224	0	4863
4889	0	18129136388170	none	4864	d5342aa0	512	224	0	4864
4890	1	18129153631120	none	4865	bedf0ea5	512	224	0	4865
4891	2	18129166831960	none	4866	c39ae4f4	512	224	0	4866
4892	3	18129184055190	none	4867	f81b9c9c	512	224	0	4867
4893	4	18129201257470	none	4868	a82135d5	512	224	0	4868
4894	5	18129218457720	none	4869	2359abf9	512	224	0	4869
4895	6	18129235786110	none	4870	a4136186	512	224	0	4870
4896	7	18129253036410	none	4871	8da80062	512	224	0	4871
4897	0	18129270243730	none	4872	455a2c38	512	224	0	4872
4898	1	18129283407230	none	4873	79d02ede	512	224	0	4873
4899	2	18129300597120	none	4874	005fee9a	512	224	0	4874
4900	3	18129317868200	none	4875	49c9ad7e	512	224	0	4875
4901	4	18129335239720	none	4876	c1921daf	512	224	0	4876
4902	5	18129352422520	none	4877	1c620d5f	512	224	0	4877
4903	6	18129369637240	none	4878	068cbf5c	512	224	0	4878
4904	7	18129386876740	none	4879	0639a36a	512	224	0	4879
4905	0	18129400196450	none	4880	8a0a93c6	512	224	0	4880
4906	1	18129417413270	none	4881	55019cbc	512	224	0	4881
4907	2	18129434782520	none	4882	87dccd1e	512	224	0	4882
4908	3	18129452038230	none	4883	ebbe8b55	512	224	0	4883
4909	4	18129469230630	none	4884	73aea121	512	224	0	4884
4910	5	18129486409180	none	4885	b66b9cf6	512	224	0	4885
4911	6	18129499625050	none	4886	70278f08	512	224	0	4886
4912	7	18129516830140	none	4887	1614fcb8	512	224	0	4887
4913	0	18129534190510	none	4888	84692576	512	224	0	4888
4914	1	18129551374980	none	4889	83eb9979	512	224	0	4889
4915	2	18129568588090	none	4890	eea89bd9	512	224	0	4890
4916	3	18129585807260	none	4891	f9331809	512	224	0	4891
4917	4	18129603033510	none	4892	3d2f9947	512	224	0	4892
4918	5	18129616186040	none	4893	27ac4687	512	224	0	4893
4919	6	18129633366550	none	4894	2c45cc28	512	224	0	4894
4920	7	18129650660200	none	4895	0f0ec82a	512	224	0	4895
4921	0	18129667896810	none	4896	609cb829	512	224	0	4896
4922	1	18129685142180	none	4897	07eb5c24	512	224	0	4897
4923	2	18129702360240	none	4898	a0709922	512	224	0	4898
4924	3	18129719595240	none	4899	02675a3d	512	224	0	4899
4925	4	18129732778210	none	4900	2b901647	512	224	0	4900
4926	5	18129750116860	none	4901	36cba490	512	224	0	4901
4927	6	18129767309600	none	4902	eb81b8c1	512	224	0	4902
4928	7	18129784630850	none	4903	579d52ea	512	224	0	4903
4929	0	18129801960530	none	4904	88178b3a	512	224	0	4904
4930	1	18129819148090	none	4905	6fb664b1	512	224	0	4905
4931	2	18129832308410	none	4906	8ca8c638	512	224	0	4906
4932	3	18129849501490	none	4907	2c9480c4	512	224	0	4907
4933	4	18129866716290	none	4908	a953f1c0	512	224	0	4908
4934	5	18129884009680	none	4909	ead86a88	512	224	0	4909
4935	6	18129901216790	none	4910	0313ef9b	512	224	0	4910
4936	7	18129918396170	none	4911	545976d6	512	224	0	4911
4937	0	18129935607720	none	4912	38323ed7	512	224	0	4912
4938	1	18129948850330	none	4913	f3508713	512	224	0	4913
4939	2	18129966113510	none	4914	0b90520e	512	224	0	4914
4940	3	18129983521210	none	4915	932d2313	512	224	0	4915
4941	4	18130000742580	none	4916	559ee126	512	224	0	4916
4942	5	18130017959030	none	4917	b7015d65	512	224	0	4917
4943	6	18130035158770	none	4918	7a965b6d	512	224	0	4918
4944	7	18130052358960	none	4919	136d2e67	512	224	0	4919
4945	0	18130065518760	none	4920	e7d056cf	512	224	0	4920
4946	1	18130082732350	none	4921	9d803090	512	224	0	4921
4947	2	18130099949960	none	4922	1db717f1	512	224	0	4922
4948	3	18130117154500	none	4923	ab3b9add	512	224	0	4923
4949	4	18130134334670	none	4924	d5e59730	512	224	0	4924
4950	5	18130151676460	none	4925	bf97d0d6	512	224	0	4925
4951	6	18130165006210	none	4926	c364b62d	512	224	0	4926
4952	7	18130182194010	none	4927	1cd0b80f	512	224	0	4927
4953	0	18130199362730	none	4928	c0417214	512	224	0	4928
4954	1	18130216662810	none	4929	bd0ff3cd	512	224	0	4929
4955	2	18130234012180	none	4930	bc37a9b1	512	224	0	4930
4956	3	18130251236360	none	4931	fa4ebc7b	512	224	0	4931
4957	4	18130268427720	none	4932	d56f975a	512	224	0	4932
4958	5	18130281614110	none	4933	d170ffa8	512	224	0	4933
4959	6	18130298821850	none	4934	ea242350	512	224	0	4934
4960	7	18130316033150	none	4935	59b743a2	512	224	0	4935
4961	0	18130333246410	none	4936	c312f227	512	224	0	4936
4962	1	18130350436960	none	4937	d041fa28	512	224	0	4937
4963	2	18130367672010	none	4938	a1476a75	512	224	0	4938
4964	3	18130384885440	none	4939	31fab54c	512	224	0	4939
4965	4	18130398190630	none	4940	e06038f1	512	224	0	4940
4966	5	18130415363060	none	4941	145a9a5d	512	224	0	4941
4967	6	18130432697020	none	4942	ec707b7c	512	224	0	4942
4968	7	18130449965140	none	4943	957af5be	512	224	0	4943
4969	0	18130467163640	none	4944	57eed0a1	512	224	0	4944
4970	1	18130484394360	none	4945	387b03bc	512	224	0	4945
4971	2	18130501641530	none	4946	600da9a7	512	224	0	4946
4972	3	18130514870070	none	4947	32d272c0	512	224	0	4947
4973	4	18130532246110	none	4948	3b409559	512	224	0	4948
4974	5	18130549441300	none	4949	90311b87	512	224	0	4949
4975	6	18130566675200	none	4950	e41d825a	512	224	0	4950
4976	7	18130584019450	none	4951	47ef3260	512	224	0	4951
4977	0	18130601217860	none	4952	13dfc507	512	224	0	4952
4978	1	18130614383240	none	4953	3d35eac1	512	224	0	4953
4979	2	18130631588520	none	4954	bddf08b7	512	224	0	4954
4980	3	18130648806190	none	4955	853d38f7	512	224	0	4955
4981	4	18130666029330	none	4956	61e2e2a6	512	224	0	4956
4982	5	18130683245030	none	4957	deee0f98	512	224	0	4957
4983	6	18130700430590	none	4958	42b7f0e3	512	224	0	4958
4984	7	18130717678000	none	4959	6a7c9f08	512	224	0	4959
4985	0	18130730847940	none	4960	9a7529a4	512	224	0	4960
4986	1	18130748101310	none	4961	801ef6da	512	224	0	4961
4987	2	18130765321630	none	4962	ff49aec6	512	224	0	4962
4988	3	18130782530910	none	4963	d866378b	512	224	0	4963
4989	4	18130799785560	none	4964	b6c8e1e2	512	224	0	4964
4990	5	18130817119840	none	4965	b8955847	512	224	0	4965
4991	6	18130834303170	none	4966	5d272e83	512	224	0	4966
4992	7	18130847609030	none	4967	8287b9d6	512	224	0	4967
4993	0	18130864894300	none	4968	6db264c9	512	224	0	4968
4994	1	18130882131770	none	4969	09398552	512	224	0	4969
4995	2	18130899327140	none	4970	cac07e08	512	224	0	4970
4996	3	18130916511130	none	4971	7437d7e4	512	224	0	4971
4997	4	18130933740330	none	4972	bb1062d4	512	224	0	4972
4998	5	18130950961600	none	4973	83c060c6	512	224	0	4973
4999	6	18130964134640	none	4974	9a38b381	512	224	0	4974
5000	7	18130981463140	none	4975	b37456fa	512	224	0	4975
5001	0	18130998696130	none	4976	f45c35b9	512	224	0	4976
5002	1	18131015946990	none	4977	f10a7aba	512	224	0	4977
5003	2	18131033171050	none	4978	4b6fb915	512	224	0	4978
5004	3	18131050409740	none	4979	b951dda3	512	224	0	4979
5005	4	18131063593210	none	4980	e136418d	512	224	0	4980
5006	5	18131080817420	none	4981	e216221b	512	224	0	4981
5007	6	18131098024040	none	4982	890998c5	512	224	0	4982
5008	7	18131115219880	none	4983	b763405e	512	224	0	4983
5009	0	18131132428740	none	4984	4ad99e2d	512	224	0	4984
5010	1	18131149651480	none	4985	744b4247	512	224	0	4985
5011	2	18131166862840	none	4986	a352e647	512	224	0	4986
5012	3	18131180054860	none	4987	969934ff	512	224	0	4987
5013	4	18131197239380	none	4988	7ed06655	512	224	0	4988
5014	5	18131214458640	none	4989	b3a69466	512	224	0	4989
5015	6	18131231694270	none	4990	8c1996c2	512	224	0	4990
5016	7	18131248928300	none	4991	4b46787b	512	224	0	4991
5017	0	18131266130930	none	4992	56923f67	512	224	0	4992
5018	1	18131283335590	none	4993	59860139	512	224	0	4993
5019	2	18131296764520	none	4994	70e1d6e7	512	224	0	4994
5020	3	18131314093810	none	4995	e492cf94	512	224	0	4995
5021	4	18131331290990	none	4996	6355ad11	512	224	0	4996
5022	5	18131348489890	none	4997	e199e37e	512	224	0	4997
5023	6	18131365708070	none	4998	35d346ed	512	224	0	4998
5024	7	18131382925360	none	4999	79ff272c	512	224	0	4999
5025	0	18131400264970	none	5000	06685463	512	224	0	5000
5026	1	18131413419450	none	5001	4d82e0d6	512	224	0	5001
5027	2	18131430741860	none	5002	5afb0a52	512	224	0	5002
5028	3	18131447992830	none	5003	7448a954	512	224	0	5003
5029	4	18131465205300	none	5004	e9e80cd3	512	224	0	5004
5030	5	18131482408680	none	5005	447c4b5f	512	224	0	5005
5031	6	18131499635090	none	5006	f1c89ffe	512	224	0	5006
5032	7	18131512814160	none	5007	e4ed5e6b	512	224	0	5007
5033	0	18131530186060	none	5008	5f84d09e	512	224	0	5008
5034	1	18131547407290	none	5009	0ee5757e	512	224	0	5009
5035	2	18131564635530	none	5010	b1e08482	512	224	0	5010
5036	3	18131582018330	none	5011	162064ed	512	224	0	5011
5037	4	18131599227900	none	5012	1076f068	512	224	0	5012
5038	5	18131616444870	none	5013	977d9389	512	224	0	5013
5039	6	18131629635790	none	5014	c905866c	512	224	0	5014
5040	7	18131646849420	none	5015	e82c56c9	512	224	0	5015
5041	0	18131664075920	none	5016	76f3d4f7	512	224	0	5016
5042	1	18131681254440	none	5017	bbf7d35d	512	224	0	5017
5043	2	18131698445940	none	5018	e086a326	512	224	0	5018
5044	3	18131715675970	none	5019	d5a4880a	512	224	0	5019
5045	4	18131732922710	none	5020	16d8f9a0	512	224	0	5020
5046	5	18131746086690	none	5021	d9483aa1	512	224	0	5021
5047	6	18131763278110	none	5022	d9622cdf	512	224	0	5022
5048	7	18131780468120	none	5023	efc8cd34	512	224	0	5023
5049	0	18131797698040	none	5024	45e27cac	512	224	0	5024
5050	1	18131815070240	none	5025	7af6237b	512	224	0	5025
5051	2	18131832309220	none	5026	0c628d73	512	224	0	5026
5052	3	18131845615210	none	5027	fd7be4b4	512	224	0	5027
5053	4	18131862889190	none	5028	819f59e4	512	224	0	5028
5054	5	18131880113980	none	5029	a6fb293d	512	224	0	5029
5055	6	18131897309710	none	5030	9ab09569	512	224	0	5030
5056	7	18131914502090	none	5031	e7b3da78	512	224	0	5031
5057	0	18131931728710	none	5032	f51f15c2	512	224	0	5032
5058	1	18131948957570	none	5033	69000ad0	512	224	0	5033
5059	2	18131962111490	none	5034	604556d4	512	224	0	5034
5060	3	18131979457840	none	5035	6dcab3e5	512	224	0	5035
5061	4	18131996713610	none	5036	f134e670	512	224	0	5036
5062	5	18132013940000	none	5037	8057f637	512	224	0	5037
5063	6	18132031136730	none	5038	77cfca2c	512	224	0	5038
5064	7	18132048334520	none	5039	0d155826	512	224	0	5039
5065	0	18132065530200	none	5040	4cd70067	512	224	0	5040
5066	1	18132078848310	none	5041	07ce536a	512	224	0	5041
5067	2	18132096123590	none	5042	e7260835	512	224	0	5042
5068	3	18132113317340	none	5043	9b11bb8c	512	224	0	5043
5069	4	18132130517000	none	5044	e67146b7	512	224	0	5044
5070	5	18132147780030	none	5045	9313ca42	512	224	0	5045
5071	6	18132165003990	none	5046	fe21c3b7	512	224	0	5046
5072	7	18132182192950	none	5047	8c2bda61	512	224	0	5047
5073	0	18132195366800	none	5048	f6145f08	512	224	0	5048
5074	1	18132212585590	none	5049	ab5fa36d	512	224	0	5049
5075	2	18132229804970	none	5050	45a1a6d8	512	224	0	5050
5076	3	18132247040260	none	5051	33073ed6	512	224	0	5051
5077	4	18132264232190	none	5052	a713e147	512	224	0	5052
5078	5	18132281426400	none	5053	0cf02d50	512	224	0	5053
5079	6	18132298755060	none	5054	2a8c8ea0	512	224	0	5054
5080	7	18132311941070	none	5055	afa8c613	512	224	0	5055
5081	0	18132329145410	none	5056	c3a70f8b	512	224	0	5056
5082	1	18132346338100	none	5057	5867332e	512	224	0	5057
5083	2	18132363567720	none	5058	0d5de5f9	512	224	0	5058
5084	3	18132380801140	none	5059	ff2b811c	512	224	0	5059
5085	4	18132398197360	none	5060	5920376c	512	224	0	5060
5086	5	18132411360430	none	5061	8b22dc35	512	224	0	5061
5087	6	18132428705960	none	5062	f517faf4	512	224	0	5062
5088	7	18132445974030	none	5063	f447b3cb	512	224	0	5063
5089	0	18132463181490	none	5064	6bd47b47	512	224	0	5064
5090	1	18132480473390	none	5065	e3149cd8	512	224	0	5065
5091	2	18132497709810	none	5066	762a533a	512	224	0	5066
5092	3	18132514943360	none	5067	14cd65a7	512	224	0	5067
5093	4	18132528096440	none	5068	c54cd5df	512	224	0	5068
5094	5	18132545289780	none	5069	d8f048c7	512	224	0	5069
5095	6	18132562484500	none	5070	b2a2a073	512	224	0	5070
5096	7	18132579710970	none	5071	7ca73b78	512	224	0	5071
5097	0	18132596942000	none	5072	cf13857f	512	224	0	5072
5098	1	18132614176960	none	5073	63814197	512	224	0	5073
5099	2	18132631407230	none	5074	31608442	512	224	0	5074
5100	3	18132644605700	none	5075	cd553699	512	224	0	5075
5101	4	18132661816860	none	5076	7e911e09	512	224	0	5076
5102	5	18132679062310	none	5077	da0e1e32	512	224	0	5077
5103	6	18132696318270	none	5078	02f3b987	512	224	0	5078
5104	7	18132713562610	none	5079	9db9f018	512	224	0	5079
5105	0	18132730921940	none	5080	e3af0469	512	224	0	5080
5106	1	18132744095290	none	5081	75ff2f83	512	224	0	5081
5107	2	18132761270620	none	5082	5f2b8f30	512	224	0	5082
5108	3	18132778463800	none	5083	3a32cd13	512	224	0	5083
5109	4	18132795713460	none	5084	eae04f74	512	224	0	5084
5110	5	18132813100310	none	5085	e46c7a5e	512	224	0	5085
5111	6	18132830300240	none	5086	a94fe149	512	224	0	5086
5112	7	18132847642290	none	5087	f4cb7353	512	224	0	5087
5113	0	18132860990540	none	5088	66a7f054	512	224	0	5088
5114	1	18132878583660	none	5089	0d283e65	512	224	0	5089
5115	2	18132896018860	none	5090	43df18d4	512	224	0	5090
5116	3	18132913211250	none	5091	b6d753d6	512	224	0	5091
5117	4	18132930400280	none	5092	a71d0a07	512	224	0	5092
5118	5	18132947717120	none	5093	1fe04497	512	224	0	5093
5119	6	18132960926690	none	5094	1606ecaf	512	224	0	5094
5120	7	18132978142720	none	5095	c158b852	512	224	0	5095
5121	0	18132995327580	none	5096	77077d73	512	224	0	5096
5122	1	18133012542620	none	5097	e561611f	512	224	0	5097
5123	2	18133029763100	none	5098	55fa4405	512	224	0	5098
5124	3	18133047155240	none	5099	21787dd4	512	224	0	5099
5125	4	18133060308490	none	5100	4fa63d99	512	224	0	5100
5126	5	18133077652260	none	5101	d6a0cb91	512	224	0	5101
5127	6	18133094893650	none	5102	eb256249	512	224	0	5102
5128	7	18133112117390	none	5103	437a550b	512	224	0	5103
5129	0	18133129293360	none	5104	2a1f7640	512	224	0	5104
5130	1	18133146771010	none	5105	db736ea5	512	224	0	5105
5131	2	18133164011790	none	5106	79ae9024	512	224	0	5106
5132	3	18133177178410	none	5107	642e2390	512	224	0	5107
5133	4	18133194368050	none	5108	85d0272b	512	224	0	5108
5134	5	18133211595380	none	5109	a50d545d	512	224	0	5109
5135	6	18133228829600	none	5110	f74b893b	512	224	0	5110
5136	7	18133246203120	none	5111	7496d53c	512	224	0	5111
5137	0	18133263392950	none	5112	5c34b003	512	224	0	5112
5138	1	18133276586830	none	5113	99f56747	512	224	0	5113
5139	2	18133293948600	none	5114	e9069ced	512	224	0	5114
5140	3	18133311141930	none	5115	f52d2dea	512	224	0	5115
5141	4	18133328345040	none	5116	a2b22df5	512	224	0	5116
5142	5	18133345562930	none	5117	df35404e	512	224	0	5117
5143	6	18133362799460	none	5118	d9af65f7	512	224	0	5118
5144	7	18133380030410	none	5119	699ce0b3	512	224	0	5119
5145	0	18133393187900	none	5120	128c9a2c	512	224	0	5120
5146	1	18133410399450	none	5121	c9ffb1dd	512	224	0	5121
5147	2	18133427663040	none	5122	cb8811a8	512	224	0	5122
5148	3	18133444892050	none	5123	0d696dbe	512	224	0	5123
5149	4	18133462124170	none	5124	881470e0	512	224	0	5124
5150	5	18133479322590	none	5125	e95459af	512	224	0	5125
5151	6	18133496736910	none	5126	8bfe667c	512	224	0	5126
5152	7	18133509943820	none	5127	28cd5da7	512	224	0	5127
5153	0	18133527155730	none	5128	1ec669e9	512	224	0	5128
5154	1	18133544325280	none	5129	452c1800	512	224	0	5129
5155	2	18133561524770	none	5130	5409d377	512	224	0	5130
5156	3	18133578741190	none	5131	06a83ad5	512	224	0	5131
5157	4	18133596032100	none	5132	c6dff03e	512	224	0	5132
5158	5	18133613249790	none	5133	016b8bc8	512	224	0	5133
5159	6	18133626412330	none	5134	d167eccb	512	224	0	5134
5160	7	18133643649970	none	5135	9f43a297	512	224	0	5135
5161	0	18133660875190	none	5136	70f50e7f	512	224	0	5136
5162	1	18133678119180	none	5137	6471f09b	512	224	0	5137
5163	2	18133695505260	none	5138	bda43c01	512	224	0	5138
5164	3	18133712734610	none	5139	eb2a3f82	512	224	0	5139
5165	4	18133725921470	none	5140	918582da	512	224	0	5140
5166	5	18133743124270	none	5141	f5cc3cfd	512	224	0	5141
5167	6	18133760307230	none	5142	06c1c8f1	512	224	0	5142
5168	7	18133777510780	none	5143	9ea97b76	512	224	0	5143
5169	0	18133794729630	none	5144	ab2cb23b	512	224	0	5144
5170	1	18133811969090	none	5145	27f52d39	512	224	0	5145
5171	2	18133829163640	none	5146	87350df7	512	224	0	5146
5172	3	18133842348570	none	5147	c3189ca6	512	224	0	5147
5173	4	18133859588340	none	5148	97e74719	512	224	0	5148
5174	5	18133876818880	none	5149	bebd206c	512	224	0	5149
5175	6	18133894049370	none	5150	92ccdcbb	512	224	0	5150
5176	7	18133911234400	none	5151	68d7bc1f	512	224	0	5151
5177	0	18133928417310	none	5152	c43d456b	512	224	0	5152
5178	1	18133945751680	none	5153	dd58522c	512	224	0	5153
5179	2	18133958958940	none	5154	1038fb2f	512	224	0	5154
5180	3	18133976251660	none	5155	c7b489c5	512	224	0	5155
5181	4	18133993436890	none	5156	fdcdb339	512	224	0	5156
5182	5	18134010660130	none	5157	e5a149c9	512	224	0	5157
5183	6	18134027882180	none	5158	dac29f31	512	224	0	5158
5184	7	18134045237290	none	5159	0ab7876a	512	224	0	5159
5185	0	18134062470990	none	5160	1a585f01	512	224	0	5160
5186	1	18134075654060	none	5161	7bd492ee	512	224	0	5161
5187	2	18134092887090	none	5162	8cee857a	512	224	0	5162
5188	3	18134110118040	none	5163	8cd07775	512	224	0	5163
5189	4	18134127645490	none	5164	d207bcda	512	224	0	5164
5190	5	18134145446180	none	5165	12c9bead	512	224	0	5165
5191	6	18134158672780	none	5166	5e14a690	512	224	0	5166
5192	7	18134176023640	none	5167	65dbcc9c	512	224	0	5167
5193	0	18134193210590	none	5168	bd13fb0b	512	224	0	5168
5194	1	18134210480520	none	5169	5c220d20	512	224	0	5169
5195	2	18134227733230	none	5170	0e7cca20	512	224	0	5170
5196	3	18134245037640	none	5171	2c890c92	512	224	0	5171
5197	4	18134258261840	none	5172	dbb69c4e	512	224	0	5172
5198	5	18134275497230	none	5173	8888913a	512	224	0	5173
5199	6	18134292723480	none	5174	9acdb55c	512	224	0	5174
5200	7	18134310095670	none	5175	292a68cb	512	224	0	5175
5201	0	18134327310320	none	5176	733a58a4	512	224	0	5176
5202	1	18134344676430	none	5177	c3542049	512	224	0	5177
5203	2	18134361963510	none	5178	8f78b9b8	512	224	0	5178
5204	3	18134375136330	none	5179	f17d1688	512	224	0	5179
5205	4	18134392344860	none	5180	cdf88629	512	224	0	5180
5206	5	18134409590440	none	5181	a360a524	512	224	0	5181
5207	6	18134426815040	none	5182	469c5cb2	512	224	0	5182
5208	7	18134444196670	none	5183	1520b7b0	512	224	0	5183
5209	0	18134461408500	none	5184	6b44b543	512	224	0	5184
5210	1	18134474603250	none	5185	11fb2152	512	224	0	5185
5211	2	18134491975450	none	5186	713381fe	512	224	0	5186
5212	3	18134509232410	none	5187	833d74c7	512	224	0	5187
5213	4	18134526434070	none	5188	f0adbf12	512	224	0	5188
5214	5	18134543751180	none	5189	690c2bd7	512	224	0	5189
5215	6	18134560987980	none	5190	b224b16f	512	224	0	5190
5216	7	18134578188670	none	5191	eef78691	512	224	0	5191
5217	0	18134591404080	none	5192	79703d32	512	224	0	5192
5218	1	18134608656750	none	5193	2bac6e02	512	224	0	5193
5219	2	18134625893910	none	5194	aa0bfcfc	512	224	0	5194
5220	3	18134643250880	none	5195	2c732ade	512	224	0	5195
5221	4	18134660432300	none	5196	87b8dc5a	512	224	0	5196
5222	5	18134677648790	none	5197	50681a4a	512	224	0	5197
5223	6	18134690974240	none	5198	86a39f0b	512	224	0	5198
5224	7	18134708239330	none	5199	4f88f220	512	224	0	5199
5225	0	18134725459470	none	5200	7068d302	512	224	0	5200
5226	1	18134742774420	none	5201	5ae7bc98	512	224	0	5201
5227	2	18134760037800	none	5202	20f0031a	512	224	0	5202
5228	3	18134777247740	none	5203	42f6658e	512	224	0	5203
5229	4	18134794469110	none	5204	9c513c50	512	224	0	5204
5230	5	18134807675810	none	5205	d7837281	512	224	0	5205
5231	6	18134825032200	none	5206	cbafa10d	512	224	0	5206
5232	7	18134842249520	none	5207	1ca2864d	512	224	0	5207
5233	0	18134859545880	none	5208	d17fc67c	512	224	0	5208
5234	1	18134876889680	none	5209	61b3ecbf	512	224	0	5209
5235	2	18134894105880	none	5210	930d65f2	512	224	0	5210
5236	3	18134907241250	none	5211	d9aa6279	512	224	0	5211
5237	4	18134924428650	none	5212	80ea8175	512	224	0	5212
5238	5	18134941707860	none	5213	b9f9613b	512	224	0	5213
5239	6	18134959111370	none	5214	a24d71fd	512	224	0	5214
5240	7	18134976297780	none	5215	3d79e400	512	224	0	5215
5241	0	18134993543190	none	5216	b21a5c79	512	224	0	5216
5242	1	18135010802610	none	5217	920dbef3	512	224	0	5217
5243	2	18135024100770	none	5218	540b6529	512	224	0	5218
5244	3	18135041359700	none	5219	ddf70730	512	224	0	5219
5245	4	18135058625150	none	5220	c404cf97	512	224	0	5220
5246	5	18135075930210	none	5221	0c6df480	512	224	0	5221
5247	6	18135093135950	none	5222	8bf7d339	512	224	0	5222
5248	7	18135110358930	none	5223	9ca10fd9	512	224	0	5223
5249	0	18135123563950	none	5224	ab4825c1	512	224	0	5224
5250	1	18135140784240	none	5225	095cbdbc	512	224	0	5225
5251	2	18135158121740	none	5226	4533ca69	512	224	0	5226
5252	3	18135175348150	none	5227	70dc19b3	512	224	0	5227
5253	4	18135192671820	none	5228	fc999c4e	512	224	0	5228
5254	5	18135209966200	none	5229	33b3d27f	512	224	0	5229
5255	6	18135227166380	none	5230	1e595d2b	512	224	0	5230
5256	7	18135240317540	none	5231	92d86d3b	512	224	0	5231
5257	0	18135257529260	none	5232	62c45eab	512	224	0	5232
5258	1	18135274857740	none	5233	c3736b26	512	224	0	5233
5259	2	18135292321060	none	5234	c8d5339d	512	224	0	5234
5260	3	18135309607000	none	5235	7e5990bf	512	224	0	5235
5261	4	18135326826950	none	5236	3d887e1e	512	224	0	5236
5262	5	18135340021650	none	5237	817f6d9b	512	224	0	5237
5263	6	18135357207230	none	5238	852691d3	512	224	0	5238
5264	7	18135374390590	none	5239	2b0223d6	512	224	0	5239
5265	0	18135391695560	none	5240	755c85cd	512	224	0	5240
5266	1	18135408926540	none	5241	d10428d5	512	224	0	5241
5267	2	18135426124900	none	5242	240f98dd	512	224	0	5242
5268	3	18135443328900	none	5243	ab5645ba	512	224	0	5243
5269	4	18135456545740	none	5244	ec46c0ff	512	224	0	5244
5270	5	18135473755780	none	5245	16d88c86	512	224	0	5245
5271	6	18135490975010	none	5246	84ef8592	512	224	0	5246
5272	7	18135508252890	none	5247	2beb3b5d	512	224	0	5247
5273	0	18135525492100	none	5248	316acdb4	512	224	0	5248
5274	1	18135542794710	none	5249	f7dabb3b	512	224	0	5249
5275	2	18135560090590	none	5250	bf8daea7	512	224	0	5250
5276	3	18135573234180	none	5251	023a1b8e	512	224	0	5251
5277	4	18135590425930	none	5252	53030f61	512	224	0	5252
5278	5	18135607642010	none	5253	663ddffb	512	224	0	5253
5279	6	18135624926990	none	5254	32ad8876	512	224	0	5254
5280	7	18135642144690	none	5255	2ad9bcd5	512	224	0	5255
5281	0	18135659409110	none	5256	0bdc09bd	512	224	0	5256
5282	1	18135672605680	none	5257	8b6226a5	512	224	0	5257
5283	2	18135689843620	none	5258	f0aceb99	512	224	0	5258
5284	3	18135707117190	none	5259	05bef4dc	512	224	0	5259
5285	4	18135724299750	none	5260	c0dc9736	512	224	0	5260
5286	5	18135741695200	none	5261	9389cd16	512	224	0	5261
5287	6	18135758965670	none	5262	b9d33d70	512	224	0	5262
5288	7	18135776162030	none	5263	eabfce26	512	224	0	5263
5289	0	18135789316330	none	5264	58fcfec2	512	224	0	5264
5290	1	18135806568500	none	5265	fa4707c1	512	224	0	5265
5291	2	18135823817350	none	5266	d2269f31	512	224	0	5266
5292	3	18135841253730	none	5267	043c145c	512	224	0	5267
5293	4	18135858540610	none	5268	b3620527	512	224	0	5268
5294	5	18135875791200	none	5269	86e6912c	512	224	0	5269
5295	6	18135888997330	none	5270	31f48cf8	512	224	0	5270
5296	7	18135906160660	none	5271	00c87531	512	224	0	5271
5297	0	18135923337440	none	5272	b5fa89a9	512	224	0	5272
5298	1	18135940680550	none	5273	4945446f	512	224	0	5273
5299	2	18135957999060	none	5274	b95fd1b9	512	224	0	5274
5300	3	18135975230370	none	5275	44e50b81	512	224	0	5275
5301	4	18135992457220	none	5276	a6918927	512	224	0	5276
5302	5	18136005649840	none	5277	8113cb93	512	224	0	5277
5303	6	18136022878360	none	5278	f098e25d	512	224	0	5278
5304	7	18136040240530	none	5279	07ecc493	512	224	0	5279
5305	0	18136057466970	none	5280	4ea8f7c5	512	224	0	5280
5306	1	18136074766160	none	5281	5c4f1315	512	224	0	5281
5307	2	18136092053660	none	5282	d59b2ace	512	224	0	5282
5308	3	18136105239050	none	5283	a31dc707	512	224	0	5283
5309	4	18136122435770	none	5284	3695b15a	512	224	0	5284
5310	5	18136139654290	none	5285	bac52e2d	512	224	0	5285
5311	6	18136156866120	none	5286	5d1e08b0	512	224	0	5286
5312	7	18136174064370	none	5287	1c0793cc	512	224	0	5287
5313	0	18136191340830	none	5288	effe9d40	512	224	0	5288
5314	1	18136208616970	none	5289	04f2e7a5	512	224	0	5289
5315	2	18136221800700	none	5290	bccbbde6	512	224	0	5290
5316	3	18136239004620	none	5291	9259d753	512	224	0	5291
5317	4	18136256183350	none	5292	07216dae	512	224	0	5292
5318	5	18136273368550	none	5293	3e072e2f	512	224	0	5293
5319	6	18136290680400	none	5294	aa54c72d	512	224	0	5294
5320	7	18136307996070	none	5295	d4def970	512	224	0	5295
5321	0	18136325222400	none	5296	04e4a25b	512	224	0	5296
5322	1	18136338475700	none	5297	b0a0a235	512	224	0	5297
5323	2	18136355717260	none	5298	10ebde19	512	224	0	5298
5324	3	18136372947850	none	5299	ddc34941	512	224	0	5299
5325	4	18136390157800	none	5300	0d6fc6ef	512	224	0	5300
5326	5	18136407337020	none	5301	c0f3eb20	512	224	0	5301
5327	6	18136424604640	none	5302	bca34785	512	224	0	5302
5328	7	18136441878670	none	5303	daaa15e7	512	224	0	5303
5329	0	18136455197810	none	5304	23307747	512	224	0	5304
5330	1	18136472370210	none	5305	3ebf31f4	512	224	0	5305
5331	2	18136489704740	none	5306	92f4ba2d	512	224	0	5306
5332	3	18136506968770	none	5307	7a6361c6	512	224	0	5307
5333	4	18136524160900	none	5308	683bdd80	512	224	0	5308
5334	5	18136541476060	none	5309	705e130c	512	224	0	5309
5335	6	18136554682030	none	5310	89365e47	512	224	0	5310
5336	7	18136571905980	none	5311	8fe308af	512	224	0	5311
5337	0	18136589236520	none	5312	bf101375	512	224	0	5312
5338	1	18136606458140	none	5313	4f65f446	512	224	0	5313
5339	2	18136623716550	none	5314	85e5194a	512	224	0	5314
5340	3	18136641025630	none	5315	1a648ac4	512	224	0	5315
5341	4	18136654271330	none	5316	48e8ffe9	512	224	0	5316
5342	5	18136671467190	none	5317	a7684030	512	224	0	5317
5343	6	18136688688500	none	5318	1c0de581	512	224	0	5318
5344	7	18136705912000	none	5319	56c2cb35	512	224	0	5319
5345	0	18136723115970	none	5320	5d1f1e2b	512	224	0	5320
5346	1	18136740313510	none	5321	a56d5857	512	224	0	5321
5347	2	18136757556080	none	5322	8f5b7ecb	512	224	0	5322
5348	3	18136770787560	none	5323	3ba64ca7	512	224	0	5323
5349	4	18136788010550	none	5324	bbea69d1	512	224	0	5324
5350	5	18136805178930	none	5325	daa8e502	512	224	0	5325
5351	6	18136822371080	none	5326	655f1ddf	512	224	0	5326
5352	7	18136839598590	none	5327	c329a422	512	224	0	5327
5353	0	18136856826630	none	5328	56ef62c9	512	224	0	5328
5354	1	18136874156800	none	5329	69bdb13a	512	224	0	5329
5355	2	18136887465880	none	5330	d86f1b39	512	224	0	5330
5356	3	18136904712160	none	5331	36bdb202	512	224	0	5331
5357	4	18136921921320	none	5332	aac239d9	512	224	0	5332
5358	5	18136939128780	none	5333	7dc027a1	512	224	0	5333
5359	6	18136956316090	none	5334	104860d7	512	224	0	5334
5360	7	18136973547140	none	5335	d4e9353d	512	224	0	5335
5361	0	18136990763940	none	5336	d554ed43	512	224	0	5336
5362	1	18137004168370	none	5337	c06909bc	512	224	0	5337
5363	2	18137021336430	none	5338	d848bfcd	512	224	0	5338
5364	3	18137038788310	none	5339	844529a5	512	224	0	5339
5365	4	18137056018630	none	5340	7e426dd8	512	224	0	5340
5366	5	18137073214470	none	5341	6c3dc6e9	512	224	0	5341
5367	6	18137090430560	none	5342	7fb904fd	512	224	0	5342
5368	7	18137103615480	none	5343	ef6808c9	512	224	0	5343
5369	0	18137120826500	none	5344	3c585978	512	224	0	5344
5370	1	18137138188810	none	5345	0dd677a4	512	224	0	5345
5371	2	18137155442340	none	5346	6f946a03	512	224	0	5346
5372	3	18137172732720	none	5347	58d5a070	512	224	0	5347
5373	4	18137190013010	none	5348	5e4ddac0	512	224	0	5348
5374	5	18137207212240	none	5349	fc029ee6	512	224	0	5349
5375	6	18137220364760	none	5350	066e0aec	512	224	0	5350
5376	7	18137237587890	none	5351	f5707131	512	224	0	5351
5377	0	18137254812780	none	5352	4572eeb7	512	224	0	5352
5378	1	18137272019600	none	5353	89fdcc10	512	224	0	5353
5379	2	18137289240600	none	5354	bf0ade00	512	224	0	5354
5380	3	18137306455410	none	5355	26d1ae6c	512	224	0	5355
5381	4	18137323678260	none	5356	a3717255	512	224	0	5356
5382	5	18137336946810	none	5357	1770a3db	512	224	0	5357
5383	6	18137354130940	none	5358	1cfc9928	512	224	0	5358
5384	7	18137371317350	none	5359	c8df0d8a	512	224	0	5359
5385	0	18137388542560	none	5360	b1d62e42	512	224	0	5360
5386	1	18137405903550	none	5361	d3e591a4	512	224	0	5361
5387	2	18137423134410	none	5362	3be36479	512	224	0	5362
5388	3	18137440330160	none	5363	7664deb3	512	224	0	5363
5389	4	18137453667640	none	5364	8c4884c6	512	224	0	5364
5390	5	18137470914900	none	5365	7cb66fd6	512	224	0	5365
5391	6	18137488113270	none	5366	2d990ac1	512	224	0	5366
5392	7	18137505310460	none	5367	7c82fb93	512	224	0	5367
5393	0	18137522594180	none	5368	85713037	512	224	0	5368
5394	1	18137539829300	none	5369	eac5ea7c	512	224	0	5369
5395	2	18137553161840	none	5370	fbe2e0d3	512	224	0	5370
5396	3	18137570335740	none	5371	e4449f56	512	224	0	5371
5397	4	18137587690040	none	5372	469f8103	512	224	0	5372
5398	5	18137604972130	none	5373	96f6c8d2	512	224	0	5373
5399	6	18137622151980	none	5374	0dac0ec5	512	224	0	5374
5400	7	18137639348850	none	5375	732d64ed	512	224	0	5375
5401	0	18137656582680	none	5376	fe972fd8	512	224	0	5376
5402	1	18137669902670	none	5377	63431a1b	512	224	0	5377
5403	2	18137687282690	none	5378	98aeacfa	512	224	0	5378
5404	3	18137704543160	none	5379	b4b1bac8	512	224	0	5379
5405	4	18137721748530	none	5380	db17d1c3	512	224	0	5380
5406	5	18137739011300	none	5381	daa432b9	512	224	0	5381
5407	6	18137756348050	none	5382	c7cbb7c4	512	224	0	5382
5408	7	18137769560830	none	5383	21677d53	512	224	0	5383
5409	0	18137786881070	none	5384	bd012768	512	224	0	5384
5410	1	18137804087640	none	5385	c55ba311	512	224	0	5385
5411	2	18137821265170	none	5386	fb34b3b3	512	224	0	5386
5412	3	18137838481180	none	5387	adca4cb5	512	224	0	5387
5413	4	18137855713430	none	5388	847787e4	512	224	0	5388
5414	5	18137872942010	none	5389	21581c25	512	224	0	5389
5415	6	18137886089440	none	5390	668467da	512	224	0	5390
5416	7	18137903286250	none	5391	a3835a70	512	224	0	5391
5417	0	18137920519100	none	5392	6bbec024	512	224	0	5392
5418	1	18137937806420	none	5393	2d07aa6f	512	224	0	5393
5419	2	18137955047380	none	5394	f3e5dfef	512	224	0	5394
5420	3	18137972260260	none	5395	67a2921b	512	224	0	5395
5421	4	18137985436480	none	5396	1dc29318	512	224	0	5396
5422	5	18138002660880	none	5397	9d237863	512	224	0	5397
5423	6	18138019910840	none	5398	d1f4d556	512	224	0	5398
5424	7	18138037181000	none	5399	2b6e38b8	512	224	0	5399
5425	0	18138054509390	none	5400	be8144bb	512	224	0	5400
5426	1	18138071716140	none	5401	685ac40c	512	224	0	5401
5427	2	18138088961480	none	5402	dcf12658	512	224	0	5402
5428	3	18138102249520	none	5403	6a1f8ec0	512	224	0	5403
5429	4	18138119447380	none	5404	df8e011f	512	224	0	5404
5430	5	18138136828850	none	5405	635f8259	512	224	0	5405
5431	6	18138154048260	none	5406	caf7ab07	512	224	0	5406
5432	7	18138171258390	none	5407	38f9b90a	512	224	0	5407
5433	0	18138188484500	none	5408	ab49eea1	512	224	0	5408
5434	1	18138201742050	none	5409	d2936251	512	224	0	5409
5435	2	18138218974960	none	5410	041a7be8	512	224	0	5410
5436	3	18138236209940	none	5411	5769b8b2	512	224	0	5411
5437	4	18138253439080	none	5412	f644c479	512	224	0	5412
5438	5	18138270649150	none	5413	8500852c	512	224	0	5413
5439	6	18138287889940	none	5414	2458e912	512	224	0	5414
5440	7	18138305238990	none	5415	841a28c5	512	224	0	5415
5441	0	18138318411480	none	5416	70326c69	512	224	0	5416
5442	1	18138335743020	none	5417	b827b179	512	224	0	5417
5443	2	18138352984650	none	5418	04f5df49	512	224	0	5418
5444	3	18138370191540	none	5419	a5cdeb70	512	224	0	5419
5445	4	18138387381920	none	5420	bed2ad4d	512	224	0	5420
5446	5	18138404609060	none	5421	3868c9ac	512	224	0	5421
5447	6	18138421837200	none	5422	febb1a9e	512	224	0	5422
5448	7	18138435004250	none	5423	eef47e61	512	224	0	5423
5449	0	18138452179030	none	5424	7a86dfcb	512	224	0	5424
5450	1	18138469466440	none	5425	e745dbff	512	224	0	5425
5451	2	18138486750520	none	5426	695dd456	512	224	0	5426
5452	3	18138503966430	none	5427	d7ac1919	512	224	0	5427
5453	4	18138521164100	none	5428	a915c393	512	224	0	5428
5454	5	18138538364470	none	5429	0921ce87	512	224	0	5429
5455	6	18138551646610	none	5430	d8b5ee73	512	224	0	5430
5456	7	18138568935290	none	5431	12b00069	512	224	0	5431
5457	0	18138586133620	none	5432	4e83f6ad	512	224	0	5432
5458	1	18138603332610	none	5433	d6477689	512	224	0	5433
5459	2	18138620562550	none	5434	43788039	512	224	0	5434
5460	3	18138637784800	none	5435	bd1c7e1c	512	224	0	5435
5461	4	18138651095000	none	5436	69c0bbf0	512	224	0	5436
5462	5	18138668266940	none	5437	7e8bb930	512	224	0	5437
5463	6	18138685525330	none	5438	41521eaf	512	224	0	5438
5464	7	18138702755580	none	5439	a38b1fcc	512	224	0	5439
5465	0	18138720099070	none	5440	e463be36	512	224	0	5440
5466	1	18138737298180	none	5441	5def2422	512	224	0	5441
5467	2	18138754629520	none	5442	632452e1	512	224	0	5442
5468	3	18138767914990	none	5443	9f173d87	512	224	0	5443
5469	4	18138785132740	none	5444	a2b4f2e2	512	224	0	5444
5470	5	18138802364350	none	5445	595f3d72	512	224	0	5445
5471	6	18138819606040	none	5446	b463c0fa	512	224	0	5446
5472	7	18138836827680	none	5447	7d7e56f3	512	224	0	5447
5473	0	18138854162030	none	5448	0e1bdc8d	512	224	0	5448
5474	1	18138867343970	none	5449	e9347d58	512	224	0	5449
5475	2	18138884652810	none	5450	d8171a75	512	224	0	5450
5476	3	18138901948650	none	5451	3d197e01	512	224	0	5451
5477	4	18138919146610	none	5452	108fe2db	512	224	0	5452
5478	5	18138936328490	none	5453	b793dcdb	512	224	0	5453
5479	6	18138953582070	none	5454	1a0afce7	512	224	0	5454
5480	7	18138970859630	none	5455	8864156c	512	224	0	5455
5481	0	18138984010420	none	5456	7c75cb0c	512	224	0	5456
5482	1	18139001264460	none	5457	93745f00	512	224	0	5457
5483	2	18139018501080	none	5458	95638b64	512	224	0	5458
5484	3	18139035744880	none	5459	e3edd5fb	512	224	0	5459
5485	4	18139052984150	none	5460	31a903ce	512	224	0	5460
5486	5	18139070184800	none	5461	05f48b60	512	224	0	5461
5487	6	18139087376340	none	5462	859c9e41	512	224	0	5462
5488	7	18139100656310	none	5463	e2c07c45	512	224	0	5463
5489	0	18139117889420	none	5464	84d7ec17	512	224	0	5464
5490	1	18139135090150	none	5465	25d6ff1c	512	224	0	5465
5491	2	18139152344190	none	5466	452c7a06	512	224	0	5466
5492	3	18139169697770	none	5467	a63fcce8	512	224	0	5467
5493	4	18139186962780	none	5468	c29fc9a2	512	224	0	5468
5494	5	18139200199880	none	5469	4d587065	512	224	0	5469
5495	6	18139217394890	none	5470	17e3d72a	512	224	0	5470
5496	7	18139234641360	none	5471	4e60fb30	512	224	0	5471
5497	0	18139251868270	none	5472	912bbe9e	512	224	0	5472
5498	1	18139269130850	none	5473	8cede0da	512	224	0	5473
5499	2	18139286373930	none	5474	34251da0	512	224	0	5474
5500	3	18139303697810	none	5475	061e2263	512	224	0	5475
5501	4	18139316913930	none	5476	8a2d1d7d	512	224	0	5476
5502	5	18139334117360	none	5477	a463f552	512	224	0	5477
5503	6	18139351307850	none	5478	aadcdba9	512	224	0	5478
5504	7	18139368526110	none	5479	e7823ce5	512	224	0	5479
5505	0	18139385727130	none	5480	063b1a9b	512	224	0	5480
5506	1	18139402942050	none	5481	ccc0d75d	512	224	0	5481
5507	2	18139420124900	none	5482	e7ed049f	512	224	0	5482
5508	3	18139433377770	none	5483	6ffb7d9e	512	224	0	5483
5509	4	18139450590870	none	5484	0f32987c	512	224	0	5484
5510	5	18139467831340	none	5485	988976e5	512	224	0	5485
5511	6	18139485036770	none	5486	9b146165	512	224	0	5486
5512	7	18139502258330	none	5487	6e032093	512	224	0	5487
5513	0	18139519498580	none	5488	24f02d0e	512	224	0	5488
5514	1	18139536742140	none	5489	eda522fe	512	224	0	5489
5515	2	18139550053450	none	5490	65a69965	512	224	0	5490
5516	3	18139567245970	none	5491	3204a7ac	512	224	0	5491
5517	4	18139584473170	none	5492	aa199f78	512	224	0	5492
5518	5	18139601688150	none	5493	cbcf8807	512	224	0	5493
5519	6	18139618906380	none	5494	88b2d08e	512	224	0	5494
5520	7	18139636091620	none	5495	af32b60f	512	224	0	5495
5521	0	18139653289880	none	5496	3ac32867	512	224	0	5496
5522	1	18139666506900	none	5497	89b895a8	512	224	0	5497
5523	2	18139683722110	none	5498	f5ab5dd7	512	224	0	5498
5524	3	18139700948930	none	5499	4308419e	512	224	0	5499
5525	4	18139718124280	none	5500	7855129a	512	224	0	5500
5526	5	18139735296010	none	5501	3dcf73f7	512	224	0	5501
5527	6	18139752612270	none	5502	d32e7399	512	224	0	5502
5528	7	18139765914350	none	5503	dd93c3b2	512	224	0	5503
5529	0	18139783122600	none	5504	6b3988b1	512	224	0	5504
5530	1	18139800315810	none	5505	3f212dad	512	224	0	5505
5531	2	18139817569010	none	5506	278ef31f	512	224	0	5506
5532	3	18139834797970	none	5507	2ae0258b	512	224	0	5507
5533	4	18139852124550	none	5508	61e02599	512	224	0	5508
5534	5	18139869315800	none	5509	6e7985e9	512	224	0	5509
5535	6	18139882503190	none	5510	49eb4d76	512	224	0	5510
5536	7	18139899774260	none	5511	59782f7c	512	224	0	5511
5537	0	18139916967530	none	5512	82b4ae20	512	224	0	5512
5538	1	18139934159590	none	5513	3cff19f2	512	224	0	5513
5539	2	18139951365380	none	5514	0d3d833e	512	224	0	5514
5540	3	18139968592240	none	5515	5345f9ed	512	224	0	5515
5541	4	18139985891780	none	5516	519bdf41	512	224	0	5516
5542	5	18139999079480	none	5517	c610cdf1	512	224	0	5517
5543	6	18140016270380	none	5518	300157a6	512	224	0	5518
5544	7	18140033504580	none	5519	d004a493	512	224	0	5519
5545	0	18140050763160	none	5520	3c0ff4ca	512	224	0	5520
5546	1	18140068031790	none	5521	8e8f14db	512	224	0	5521
5547	2	18140085213000	none	5522	a14cdcd2	512	224	0	5522
5548	3	18140102436670	none	5523	6b9a1d3f	512	224	0	5523
5549	4	18140115617800	none	5524	784558cd	512	224	0	5524
5550	5	18140132966550	none	5525	1f178230	512	224	0	5525
5551	6	18140150152010	none	5526	f11bd798	512	224	0	5526
5552	7	18140167344530	none	5527	5350ee7d	512	224	0	5527
5553	0	18140184575560	none	5528	8cd25afa	512	224	0	5528
5554	1	18140201886410	none	5529	0d31ab1c	512	224	0	5529
5555	2	18140215079400	none	5530	ae95a346	512	224	0	5530
5556	3	18140232253110	none	5531	97cb61f6	512	224	0	5531
5557	4	18140249484970	none	5532	99ba194e	512	224	0	5532
5558	5	18140266692930	none	5533	10b3aa8c	512	224	0	5533
5559	6	18140283929470	none	5534	8cfbc6cc	512	224	0	5534
5560	7	18140301256620	none	5535	fc96e42f	512	224	0	5535
5561	0	18140318494630	none	5536	e6ea0a29	512	224	0	5536
5562	1	18140331687210	none	5537	a92f1221	512	224	0	5537
5563	2	18140349037520	none	5538	d2099a6f	512	224	0	5538
5564	3	18140366270630	none	5539	ac500e4d	512	224	0	5539
5565	4	18140383492530	none	5540	9815ae4b	512	224	0	5540
5566	5	18140400707610	none	5541	edb19293	512	224	0	5541
5567	6	18140417921150	none	5542	2bb4574c	512	224	0	5542
5568	7	18140435115870	none	5543	d1b8feae	512	224	0	5543
5569	0	18140448275760	none	5544	0660e5c9	512	224	0	5544
5570	1	18140465499800	none	5545	0e42158d	512	224	0	5545
5571	2	18140482709670	none	5546	156163b3	512	224	0	5546
5572	3	18140499944040	none	5547	7545bcf7	512	224	0	5547
5573	4	18140517133850	none	5548	4cc5b3b8	512	224	0	5548
5574	5	18140534325020	none	5549	61ba60ec	512	224	0	5549
5575	6	18140551549740	none	5550	fb15dd31	512	224	0	5550
5576	7	18140564714930	none	5551	f44b8942	512	224	0	5551
5577	0	18140581994130	none	5552	3ff0feb8	512	224	0	5552
5578	1	18140599192620	none	5553	12478ed8	512	224	0	5553
5579	2	18140616409670	none	5554	4ff43bed	512	224	0	5554
5580	3	18140633635740	none	5555	990e5a04	512	224	0	5555
5581	4	18140650937170	none	5556	49dbe3ec	512	224	0	5556
5582	5	18140668126860	none	5557	dc335038	512	224	0	5557
5583	6	18140681274700	none	5558	2067f13f	512	224	0	5558
5584	7	18140698506180	none	5559	ef4cdbee	512	224	0	5559
5585	0	18140715719190	none	5560	eabf145a	512	224	0	5560
5586	1	18140732946730	none	5561	b984ab5b	512	224	0	5561
5587	2	18140750266620	none	5562	c447cfcd	512	224	0	5562
5588	3	18140767497830	none	5563	a89330d5	512	224	0	5563
5589	4	18140784717590	none	5564	371c14db	512	224	0	5564
5590	5	18140797958390	none	5565	b9f859e6	512	224	0	5565
5591	6	18140815141170	none	5566	5a488f31	512	224	0	5566
5592	7	18140832325770	none	5567	1236ab08	512	224	0	5567
5593	0	18140849545790	none	5568	99946497	512	224	0	5568
5594	1	18140866816200	none	5569	09f118cc	512	224	0	5569
5595	2	18140884114580	none	5570	7e86cc5e	512	224	0	5570
5596	3	18140897295690	none	5571	cca3d79c	512	224	0	5571
5597	4	18140914555120	none	5572	c47dc97d	512	224	0	5572
5598	5	18140931790150	none	5573	77053fcb	512	224	0	5573
5599	6	18140948971120	none	5574	cfca0f13	512	224	0	5574
5600	7	18140966155900	none	5575	05eb7f07	512	224	0	5575
5601	0	18140983365350	none	5576	5330e971	512	224	0	5576
5602	1	18141000601860	none	5577	f7dd6450	512	224	0	5577
5603	2	18141013792140	none	5578	7aec1d65	512	224	0	5578
5604	3	18141031000210	none	5579	f883b5a4	512	224	0	5579
5605	4	18141048179060	none	5580	1610db46	512	224	0	5580
5606	5	18141065449540	none	5581	0f37ef76	512	224	0	5581
5607	6	18141082665340	none	5582	3df5d977	512	224	0	5582
5608	7	18141099976150	none	5583	d73a7e37	512	224	0	5583
5609	0	18141117167180	none	5584	e357cb7f	512	224	0	5584
5610	1	18141130377500	none	5585	1eb6b73f	512	224	0	5585
5611	2	18141147626660	none	5586	060f772e	512	224	0	5586
5612	3	18141165066820	none	5587	2a262df9	512	224	0	5587
5613	4	18141182244530	none	5588	2dd31791	512	224	0	5588
5614	5	18141199570830	none	5589	3e075c7f	512	224	0	5589
5615	6	18141216924380	none	5590	559dfcdb	512	224	0	5590
5616	7	18141230068020	none	5591	ea1e2d18	512	224	0	5591
5617	0	18141247254830	none	5592	fcfa79f7	512	224	0	5592
5618	1	18141264480010	none	5593	ecec8f48	512	224	0	5593
5619	2	18141281710450	none	5594	091423e7	512	224	0	5594
5620	3	18141298934630	none	5595	9acf0ba8	512	224	0	5595
5621	4	18141316125660	none	5596	2ee23905	512	224	0	5596
5622	5	18141333338070	none	5597	cc59151e	512	224	0	5597
5623	6	18141346534540	none	5598	d5c14b55	512	224	0	5598
5624	7	18141363749920	none	5599	24f2f693	512	224	0	5599
5625	0	18141381011270	none	5600	e08ab78d	512	224	0	5600
5626	1	18141398225510	none	5601	0e1d07bc	512	224	0	5601
5627	2	18141415457360	none	5602	ff31d3e2	512	224	0	5602
5628	3	18141432694290	none	5603	c5642b69	512	224	0	5603
5629	4	18141449982910	none	5604	b2a581c8	512	224	0	5604
5630	5	18141463135990	none	5605	c48aae5e	512	224	0	5605
5631	6	18141480380800	none	5606	8219cfce	512	224	0	5606
5632	7	18141497602200	none	5607	bdab9c6c	512	224	0	5607
5633	0	18141514884750	none	5608	a9cfdc35	512	224	0	5608
5634	1	18141532075300	none	5609	a9a2cd5b	512	224	0	5609
5635	2	18141549268510	none	5610	96ed8563	512	224	0	5610
5636	3	18141566504290	none	5611	62e8b1d0	512	224	0	5611
5637	4	18141579674990	none	5612	1d3c3aee	512	224	0	5612
5638	5	18141596902940	none	5613	83eabc30	512	224	0	5613
5639	6	18141614101750	none	5614	a9f5c1c4	512	224	0	5614
5640	7	18141631291150	none	5615	9d1558cb	512	224	0	5615
5641	0	18141648605750	none	5616	8282c41f	512	224	0	5616
5642	1	18141665955060	none	5617	6e47641b	512	224	0	5617
5643	2	18141683168150	none	5618	17cd9e0a	512	224	0	5618
5644	3	18141696343900	none	5619	6957ed93	512	224	0	5619
5645	4	18141713566420	none	5620	94ab4c82	512	224	0	5620
5646	5	18141730776050	none	5621	3cfc0630	512	224	0	5621
5647	6	18141748107540	none	5622	eef1ca65	512	224	0	5622
5648	7	18141765347840	none	5623	e83243e3	512	224	0	5623
5649	0	18141782567450	none	5624	715ac5b6	512	224	0	5624
5650	1	18141799812570	none	5625	71f5180c	512	224	0	5625
5651	2	18141812973300	none	5626	43b58d7b	512	224	0	5626
5652	3	18141830155490	none	5627	524aa6e9	512	224	0	5627
5653	4	18141847361410	none	5628	e0a44bc2	512	224	0	5628
5654	5	18141864595350	none	5629	5b417e9b	512	224	0	5629
5655	6	18141881889910	none	5630	ad0da502	512	224	0	5630
5656	7	18141899091690	none	5631	043d45dc	512	224	0	5631
5657	0	18141916285090	none	5632	8374621e	512	224	0	5632
5658	1	18141929515260	none	5633	1d90c445	512	224	0	5633
5659	2	18141946785190	none	5634	b082ffc9	512	224	0	5634
5660	3	18141964017290	none	5635	ed488713	512	224	0	5635
5661	4	18141981238290	none	5636	b11a9bb5	512	224	0	5636
5662	5	18141998483450	none	5637	2309a8cf	512	224	0	5637
5663	6	18142015730500	none	5638	2de33bfd	512	224	0	5638
5664	7	18142029064380	none	5639	509dc5fb	512	224	0	5639
5665	0	18142046244640	none	5640	9a6056b1	512	224	0	5640
5666	1	18142063473480	none	5641	06ba6eb5	512	224	0	5641
5667	2	18142080687050	none	5642	38189658	512	224	0	5642
5668	3	18142097987340	none	5643	7ddf5717	512	224	0	5643
5669	4	18142115164810	none	5644	d6c7fb7c	512	224	0	5644
5670	5	18142132384420	none	5645	faba94bb	512	224	0	5645
5671	6	18142145565950	none	5646	3b30fe77	512	224	0	5646
5672	7	18142162776710	none	5647	c8291cca	512	224	0	5647
5673	0	18142179968640	none	5648	cc129a48	512	224	0	5648
5674	1	18142197317560	none	5649	62de4520	512	224	0	5649
5675	2	18142214543510	none	5650	2ea0e674	512	224	0	5650
5676	3	18142231825500	none	5651	5d9cf9f9	512	224	0	5651
5677	4	18142249023460	none	5652	290e4299	512	224	0	5652
5678	5	18142262181270	none	5653	140a06b3	512	224	0	5653
5679	6	18142279412740	none	5654	a03e14da	512	224	0	5654
5680	7	18142296632740	none	5655	867155cb	512	224	0	5655
5681	0	18142313851200	none	5656	bc76f919	512	224	0	5656
5682	1	18142331046630	none	5657	b53f41b6	512	224	0	5657
5683	2	18142348246040	none	5658	8f22834f	512	224	0	5658
5684	3	18142365521790	none	5659	2b59fb1c	512	224	0	5659
5685	4	18142378695970	none	5660	8ae79329	512	224	0	5660
5686	5	18142395904510	none	5661	4e9bbf70	512	224	0	5661
5687	6	18142413084140	none	5662	48ba59cc	512	224	0	5662
5688	7	18142430259610	none	5663	e61ddd7e	512	224	0	5663
5689	0	18142447485760	none	5664	3773cb3c	512	224	0	5664
5690	1	18142464771970	none	5665	a18cac75	512	224	0	5665
5691	2	18142478046240	none	5666	1577becd	512	224	0	5666
5692	3	18142495272240	none	5667	0fbd5b5f	512	224	0	5667
5693	4	18142512507300	none	5668	4ce066ce	512	224	0	5668
5694	5	18142529720540	none	5669	3272a9bc	512	224	0	5669
5695	6	18142546995160	none	5670	28110df6	512	224	0	5670
5696	7	18142564198450	none	5671	f0cd8b5e	512	224	0	5671
5697	0	18142581440150	none	5672	c4e2c0d3	512	224	0	5672
5698	1	18142594646830	none	5673	ccb874cc	512	224	0	5673
5699	2	18142612033100	none	5674	0e020e60	512	224	0	5674
5700	3	18142629213840	none	5675	8f9afcf4	512	224	0	5675
5701	4	18142646545160	none	5676	bca72ee6	512	224	0	5676
5702	5	18142663780580	none	5677	f39d3ee1	512	224	0	5677
5703	6	18142680985110	none	5678	ebbc2995	512	224	0	5678
5704	7	18142698193480	none	5679	bb69e110	512	224	0	5679
5705	0	18142711393390	none	5680	cba69d29	512	224	0	5680
5706	1	18142728627600	none	5681	6130531d	512	224	0	5681
5707	2	18142745886490	none	5682	2b157b70	512	224	0	5682
5708	3	18142763117300	none	5683	de30bf26	512	224	0	5683
5709	4	18142780355620	none	5684	57ee29c6	512	224	0	5684
5710	5	18142797582460	none	5685	803648fc	512	224	0	5685
5711	6	18142814806930	none	5686	cad2153a	512	224	0	5686
5712	7	18142828047910	none	5687	085db322	512	224	0	5687
5713	0	18142845249500	none	5688	4a614982	512	224	0	5688
5714	1	18142862477320	none	5689	842f93e5	512	224	0	5689
5715	2	18142879684840	none	5690	5a02f0be	512	224	0	5690
5716	3	18142896999460	none	5691	1eb53117	512	224	0	5691
5717	4	18142914172000	none	5692	4266bed3	512	224	0	5692
5718	5	18142927365370	none	5693	729ab814	512	224	0	5693
5719	6	18142944576130	none	5694	289f1e48	512	224	0	5694
5720	7	18142961798730	none	5695	e20da2f0	512	224	0	5695
5721	0	18142979045580	none	5696	4e569b00	512	224	0	5696
5722	1	18142996339290	none	5697	74f2a227	512	224	0	5697
5723	2	18143013582810	none	5698	3a794092	512	224	0	5698
5724	3	18143031017330	none	5699	2dc164fd	512	224	0	5699
5725	4	18143044190970	none	5700	354f8dd2	512	224	0	5700
5726	5	18143061430280	none	5701	0ebbca53	512	224	0	5701
5727	6	18143078644730	none	5702	f62789b7	512	224	0	5702
5728	7	18143095936700	none	5703	0c1651c4	512	224	0	5703
5729	0	18143113114380	none	5704	7ca0a889	512	224	0	5704
5730	1	18143130315180	none	5705	b9196b57	512	224	0	5705
5731	2	18143147542340	none	5706	319fe92c	512	224	0	5706
5732	3	18143160715540	none	5707	e430fcb1	512	224	0	5707
5733	4	18143177896500	none	5708	71c959e8	512	224	0	5708
5734	5	18143195240160	none	5709	481e9aba	512	224	0	5709
5735	6	18143212456230	none	5710	6aaebf29	512	224	0	5710
5736	7	18143229669390	none	5711	57c3d977	512	224	0	5711
5737	0	18143246994830	none	5712	aeb4a270	512	224	0	5712
5738	1	18143260166730	none	5713	707caccd	512	224	0	5713
5739	2	18143277402010	none	5714	9362abcd	512	224	0	5714
5740	3	18143294666880	none	5715	f2b0ea78	512	224	0	5715
5741	4	18143311907140	none	5716	b9e3a493	512	224	0	5716
5742	5	18143329117170	none	5717	a72a2927	512	224	0	5717
5743	6	18143346337550	none	5718	7998ca37	512	224	0	5718
5744	7	18143363570920	none	5719	384c20c1	512	224	0	5719
5745	0	18143376767810	none	5720	dc4bd10e	512	224	0	5720
5746	1	18143394142680	none	5721	a41fcdb3	512	224	0	5721
5747	2	18143411352810	none	5722	390ef605	512	224	0	5722
5748	3	18143428579820	none	5723	987cf53b	512	224	0	5723
5749	4	18143445820070	none	5724	20e1b639	512	224	0	5724
5750	5	18143463003180	none	5725	769bcc7c	512	224	0	5725
5751	6	18143480274750	none	5726	77d98059	512	224	0	5726
5752	7	18143493461630	none	5727	feef0819	512	224	0	5727
5753	0	18143510672120	none	5728	c91c07cd	512	224	0	5728
5754	1	18143527909930	none	5729	01995c4f	512	224	0	5729
5755	2	18143545128360	none	5730	5a71b6c0	512	224	0	5730
5756	3	18143562395220	none	5731	b979c3ff	512	224	0	5731
5757	4	18143579624720	none	5732	cdfa9e43	512	224	0	5732
5758	5	18143592835680	none	5733	bd734f04	512	224	0	5733
5759	6	18143610088570	none	5734	62e0403a	512	224	0	5734
5760	7	18143627298160	none	5735	8c44cc79	512	224	0	5735
5761	0	18143644633340	none	5736	8e82fcde	512	224	0	5736
5762	1	18143661942260	none	5737	61e7351b	512	224	0	5737
5763	2	18143679121900	none	5738	68e69ccd	512	224	0	5738
5764	3	18143696331720	none	5739	f9c48cb7	512	224	0	5739
5765	4	18143709510120	none	5740	d931cef9	512	224	0	5740
5766	5	18143726727840	none	5741	35cc1325	512	224	0	5741
5767	6	18143743926160	none	5742	2bfc69f7	512	224	0	5742
5768	7	18143761137980	none	5743	d9473ca3	512	224	0	5743
5769	0	18143778345660	none	5744	b1558b96	512	224	0	5744
5770	1	18143795602690	none	5745	3a44f60c	512	224	0	5745
5771	2	18143812842440	none	5746	6a8701f9	512	224	0	5746
5772	3	18143826074450	none	5747	915933ad	512	224	0	5747
5773	4	18143843260830	none	5748	787672fb	512	224	0	5748
5774	5	18143860504920	none	5749	775bed69	512	224	0	5749
5775	6	18143877760090	none	5750	bcb72f0a	512	224	0	5750
5776	7	18143894998710	none	5751	c74ad27a	512	224	0	5751
5777	0	18143912186250	none	5752	c6fe5bc8	512	224	0	5752
5778	1	18143929421980	none	5753	3b61cd03	512	224	0	5753
5779	2	18143942591380	none	5754	a6988c24	512	224	0	5754
5780	3	18143959818380	none	5755	753e6287	512	224	0	5755
5781	4	18143977004330	none	5756	98300f5a	512	224	0	5756
5782	5	18143994208860	none	5757	ff705b62	512	224	0	5757
5783	6	18144011433700	none	5758	4ee9d5e0	512	224	0	5758
5784	7	18144028645430	none	5759	fc0589c4	512	224	0	5759
5785	0	18144045883350	none	5760	efb5acfa	512	224	0	5760
5786	1	18144059232970	none	5761	9a6a76c1	512	224	0	5761
5787	2	18144076615390	none	5762	9d394217	512	224	0	5762
5788	3	18144094004480	none	5763	1c6acbc9	512	224	0	5763
5789	4	18144111200430	none	5764	9db83d4a	512	224	0	5764
5790	5	18144128468040	none	5765	7c683ae8	512	224	0	5765
5791	6	18144145730930	none	5766	611a5914	512	224	0	5766
5792	7	18144158899040	none	5767	f86032db	512	224	0	5767
5793	0	18144176125620	none	5768	782c304a	512	224	0	5768
5794	1	18144193826930	none	5769	dac684d9	512	224	0	5769
5795	2	18144211123040	none	5770	5845620d	512	224	0	5770
5796	3	18144228335970	none	5771	181424ec	512	224	0	5771
5797	4	18144245545900	none	5772	cf273425	512	224	0	5772
5798	5	18144258732840	none	5773	a8f3635f	512	224	0	5773
5799	6	18144275914180	none	5774	72d58902	512	224	0	5774
5800	7	18144293269780	none	5775	63e1fb0f	512	224	0	5775
5801	0	18144310501090	none	5776	0934f4eb	512	224	0	5776
5802	1	18144327756300	none	5777	462af6e0	512	224	0	5777
5803	2	18144344986420	none	5778	73ddc839	512	224	0	5778
5804	3	18144358356820	none	5779	a9c87706	512	224	0	5779
5805	4	18144375620750	none	5780	ecf9bb38	512	224	0	5780
5806	5	18144392915580	none	5781	8bee685e	512	224	0	5781
5807	6	18144410126850	none	5782	04eec2bb	512	224	0	5782
5808	7	18144427349980	none	5783	9ef0d22e	512	224	0	5783
5809	0	18144444573020	none	5784	5e53d4e3	512	224	0	5784
5810	1	18144461805760	none	5785	92c72607	512	224	0	5785
5811	2	18144475014760	none	5786	598989de	512	224	0	5786
5812	3	18144492431520	none	5787	fea284b4	512	224	0	5787
5813	4	18144509679060	none	5788	695a892a	512	224	0	5788
5814	5	18144526878640	none	5789	12917a5e	512	224	0	5789
5815	6	18144544085330	none	5790	9aa55f6a	512	224	0	5790
5816	7	18144561289440	none	5791	4a2c7ece	512	224	0	5791
5817	0	18144578511430	none	5792	5a28073e	512	224	0	5792
5818	1	18144591734260	none	5793	1727f52f	512	224	0	5793
5819	2	18144608993780	none	5794	f97c27da	512	224	0	5794
5820	3	18144626269380	none	5795	0ed7b401	512	224	0	5795
5821	4	18144643525900	none	5796	50ffc3f8	512	224	0	5796
5822	5	18144660754950	none	5797	f047ab60	512	224	0	5797
5823	6	18144678111120	none	5798	d5012258	512	224	0	5798
5824	7	18144691282580	none	5799	759fef0c	512	224	0	5799
5825	0	18144708537840	none	5800	1cd201f1	512	224	0	5800
5826	1	18144725750820	none	5801	b7928c25	512	224	0	5801
5827	2	18144743006140	none	5802	f4e449c4	512	224	0	5802
5828	3	18144760195700	none	5803	6091eee0	512	224	0	5803
5829	4	18144777488870	none	5804	a033d9de	512	224	0	5804
5830	5	18144794711920	none	5805	0287994a	512	224	0	5805
5831	6	18144807942430	none	5806	837d5dbd	512	224	0	5806
5832	7	18144825216260	none	5807	e651d5b4	512	224	0	5807
5833	0	18144842462420	none	5808	72cdbab5	512	224	0	5808
5834	1	18144859718830	none	5809	92633b33	512	224	0	5809
5835	2	18144877073550	none	5810	d95001f1	512	224	0	5810
5836	3	18144894256150	none	5811	d4038a05	512	224	0	5811
5837	4	18144907539280	none	5812	c757a4ed	512	224	0	5812
5838	5	18144924894220	none	5813	b0ab9684	512	224	0	5813
5839	6	18144942101430	none	5814	13a29d3c	512	224	0	5814
5840	7	18144959329900	none	5815	6a4bbcf3	512	224	0	5815
5841	0	18144976550050	none	5816	e98d97a1	512	224	0	5816
5842	1	18144993775630	none	5817	5f6065a4	512	224	0	5817
5843	2	18145011143300	none	5818	22712582	512	224	0	5818
5844	3	18145024330950	none	5819	58a85b5d	512	224	0	5819
5845	4	18145041742490	none	5820	be5ab15d	512	224	0	5820
5846	5	18145058968890	none	5821	5c9c3964	512	224	0	5821
5847	6	18145076166650	none	5822	163c8b81	512	224	0	5822
5848	7	18145093391650	none	5823	007af618	512	224	0	5823
5849	0	18145110601280	none	5824	5e5ec744	512	224	0	5824
5850	1	18145123810330	none	5825	44a8d3d8	512	224	0	5825
5851	2	18145141234600	none	5826	3776f812	512	224	0	5826
5852	3	18145158523230	none	5827	2318ad4d	512	224	0	5827
5853	4	18145175780900	none	5828	569c8648	512	224	0	5828
5854	5	18145192998840	none	5829	0a508d67	512	224	0	5829
5855	6	18145210186740	none	5830	454cd4fc	512	224	0	5830
5856	7	18145227416480	none	5831	88efe2c1	512	224	0	5831
5857	0	18145240596720	none	5832	14053fea	512	224	0	5832
5858	1	18145257812440	none	5833	a63a57b5	512	224	0	5833
5859	2	18145275066390	none	5834	ee3859a2	512	224	0	5834
5860	3	18145292305450	none	5835	f0e1c143	512	224	0	5835
5861	4	18145309574830	none	5836	811c0cf6	512	224	0	5836
5862	5	18145326811220	none	5837	d505a533	512	224	0	5837
5863	6	18145339963090	none	5838	9dd704cb	512	224	0	5838
5864	7	18145357171370	none	5839	e99357c6	512	224	0	5839
5865	0	18145374406910	none	5840	306eb332	512	224	0	5840
5866	1	18145391806380	none	5841	72ffab9e	512	224	0	5841
5867	2	18145409022900	none	5842	272b827c	512	224	0	5842
5868	3	18145426199750	none	5843	13749296	512	224	0	5843
5869	4	18145443425300	none	5844	5dc3f648	512	224	0	5844
5870	5	18145456705820	none	5845	f5a12fe1	512	224	0	5845
5871	6	18145473897600	none	5846	def20764	512	224	0	5846
5872	7	18145491100950	none	5847	6962bd7b	512	224	0	5847
5873	0	18145508402690	none	5848	f0340e0e	512	224	0	5848
5874	1	18145525636260	none	5849	fdb85c66	512	224	0	5849
5875	2	18145542857180	none	5850	58d71fc8	512	224	0	5850
5876	3	18145560197470	none	5851	b121aa01	512	224	0	5851
5877	4	18145573396240	none	5852	cf89002d	512	224	0	5852
5878	5	18145590735990	none	5853	dd5c7ceb	512	224	0	5853
5879	6	18145607982520	none	5854	77cb3645	512	224	0	5854
5880	7	18145625227000	none	5855	36a66be8	512	224	0	5855
5881	0	18145642465790	none	5856	910e4704	512	224	0	5856
5882	1	18145659704980	none	5857	2cc26085	512	224	0	5857
5883	2	18145672898520	none	5858	11ae854a	512	224	0	5858
5884	3	18145690281590	none	5859	6ee20872	512	224	0	5859
5885	4	18145707479140	none	5860	fefa01d5	512	224	0	5860
5886	5	18145724803530	none	5861	212c554a	512	224	0	5861
5887	6	18145742019680	none	5862	a444d5e6	512	224	0	5862
5888	7	18145759369130	none	5863	6db7e640	512	224	0	5863
5889	0	18145776608550	none	5864	4cfa0db6	512	224	0	5864
5890	1	18145789804500	none	5865	4b19ef15	512	224	0	5865
5891	2	18145806997750	none	5866	69c8fca4	512	224	0	5866
5892	3	18145824182530	none	5867	820f8f80	512	224	0	5867
5893	4	18145841451950	none	5868	9708070a	512	224	0	5868
5894	5	18145858692230	none	5869	4a8c61d4	512	224	0	5869
5895	6	18145875906980	none	5870	94f8d87e	512	224	0	5870
5896	7	18145889071090	none	5871	b38d13cb	512	224	0	5871
5897	0	18145906281320	none	5872	5d1b5b86	512	224	0	5872
5898	1	18145923568290	none	5873	9b5330eb	512	224	0	5873
5899	2	18145940840960	none	5874	64ac498f	512	224	0	5874
5900	3	18145958163200	none	5875	3401eaf1	512	224	0	5875
5901	4	18145975417550	none	5876	a7b9e964	512	224	0	5876
5902	5	18145992624400	none	5877	fe322f90	512	224	0	5877
5903	6	18146005874690	none	5878	bba0b355	512	224	0	5878
5904	7	18146023051180	none	5879	9d1e038a	512	224	0	5879
5905	0	18146040268190	none	5880	e2a32b14	512	224	0	5880
5906	1	18146057502680	none	5881	378c6e0b	512	224	0	5881
5907	2	18146074833890	none	5882	b1952d80	512	224	0	5882
5908	3	18146092044000	none	5883	18efa8c7	512	224	0	5883
5909	4	18146105379750	none	5884	4fff9109	512	224	0	5884
5910	5	18146122570250	none	5885	e6de9fd0	512	224	0	5885
5911	6	18146139855570	none	5886	22a14124	512	224	0	5886
5912	7	18146157043450	none	5887	b7517a01	512	224	0	5887
5913	0	18146174220090	none	5888	602aec7a	512	224	0	5888
5914	1	18146191572070	none	5889	5f2f9578	512	224	0	5889
5915	2	18146208830260	none	5890	c33270b7	512	224	0	5890
5916	3	18146222011940	none	5891	ccbb0231	512	224	0	5891
5917	4	18146239225460	none	5892	75bfeedf	512	224	0	5892
5918	5	18146256429860	none	5893	ecd779df	512	224	0	5893
5919	6	18146273682140	none	5894	46d25afe	512	224	0	5894
5920	7	18146290880960	none	5895	0d57e86e	512	224	0	5895
5921	0	18146308292480	none	5896	94ddeec2	512	224	0	5896
5922	1	18146325537070	none	5897	be70a2a1	512	224	0	5897
5923	2	18146338736320	none	5898	c6ba4054	512	224	0	5898
5924	3	18146355951390	none	5899	dc319acf	512	224	0	5899
5925	4	18146373172560	none	5900	e60783ea	512	224	0	5900
5926	5	18146390395520	none	5901	9507828c	512	224	0	5901
5927	6	18146407613330	none	5902	5e5a9e1e	512	224	0	5902
5928	7	18146424906150	none	5903	bbfca13a	512	224	0	5903
5929	0	18146442109650	none	5904	e54154d3	512	224	0	5904
5930	1	18146455313050	none	5905	be3dacc3	512	224	0	5905
5931	2	18146472581740	none	5906	8cdbd734	512	224	0	5906
5932	3	18146489824250	none	5907	a0680892	512	224	0	5907
5933	4	18146507023210	none	5908	019e19d0	512	224	0	5908
5934	5	18146524227400	none	5909	5051973d	512	224	0	5909
5935	6	18146541489560	none	5910	5c29e6c2	512	224	0	5910
5936	7	18146554796980	none	5911	33df9309	512	224	0	5911
5937	0	18146571980170	none	5912	b21c4d4d	512	224	0	5912
5938	1	18146589184470	none	5913	e655a030	512	224	0	5913
5939	2	18146606437020	none	5914	d192aab0	512	224	0	5914
5940	3	18146623662130	none	5915	a66b1150	512	224	0	5915
5941	4	18146640862320	none	5916	488afc9a	512	224	0	5916
5942	5	18146658294020	none	5917	f5268737	512	224	0	5917
5943	6	18146671494110	none	5918	3400f705	512	224	0	5918
5944	7	18146688843250	none	5919	20fcca76	512	224	0	5919
5945	0	18146706029620	none	5920	6e11de38	512	224	0	5920
5946	1	18146723335650	none	5921	0d6ca77b	512	224	0	5921
5947	2	18146740562990	none	5922	83e1a358	512	224	0	5922
5948	3	18146757952930	none	5923	da658707	512	224	0	5923
5949	4	18146771173330	none	5924	a87dec83	512	224	0	5924
5950	5	18146788444480	none	5925	c8841c1c	512	224	0	5925
5951	6	18146805665370	none	5926	8fd48249	512	224	0	5926
5952	7	18146822864570	none	5927	c9ecdda1	512	224	0	5927
5953	0	18146840048970	none	5928	e301be09	512	224	0	5928
5954	1	18146857397280	none	5929	df0a0675	512	224	0	5929
5955	2	18146874713850	none	5930	d12ec46f	512	224	0	5930
5956	3	18146887917050	none	5931	a5c7e16c	512	224	0	5931
5957	4	18146905107470	none	5932	98587a2e	512	224	0	5932
5958	5	18146922339900	none	5933	97d5f342	512	224	0	5933
5959	6	18146939554940	none	5934	3901535e	512	224	0	5934
5960	7	18146956791900	none	5935	c0cdaddc	512	224	0	5935
5961	0	18146973982990	none	5936	643e9edc	512	224	0	5936
5962	1	18146987303810	none	5937	5751d8c2	512	224	0	5937
5963	2	18147004557640	none	5938	408ebab1	512	224	0	5938
5964	3	18147021778130	none	5939	cea05e40	512	224	0	5939
5965	4	18147039002230	none	5940	93a20690	512	224	0	5940
5966	5	18147056182620	none	5941	85e99183	512	224	0	5941
5967	6	18147073411740	none	5942	2cf9e0e2	512	224	0	5942
5968	7	18147090634720	none	5943	9bf034bb	512	224	0	5943
5969	0	18147103939290	none	5944	f7bb9e8f	512	224	0	5944
5970	1	18147121122040	none	5945	92a40caa	512	224	0	5945
5971	2	18147138352290	none	5946	505bc5fc	512	224	0	5946
5972	3	18147155578930	none	5947	c409824e	512	224	0	5947
5973	4	18147172817360	none	5948	7a911c7a	512	224	0	5948
5974	5	18147190028350	none	5949	5d4629c3	512	224	0	5949
5975	6	18147207238010	none	5950	3f4ecc91	512	224	0	5950
5976	7	18147220434560	none	5951	1ca81f89	512	224	0	5951
5977	0	18147237652110	none	5952	83a8a57d	512	224	0	5952
5978	1	18147254862020	none	5953	2f5ea6b4	512	224	0	5953
5979	2	18147272110380	none	5954	a1ef04c3	512	224	0	5954
5980	3	18147289352670	none	5955	8a3bcab0	512	224	0	5955
5981	4	18147306689170	none	5956	e3a0f33f	512	224	0	5956
5982	5	18147323944830	none	5957	b1a99243	512	224	0	5957
5983	6	18147337100440	none	5958	b0e1daf2	512	224	0	5958
5984	7	18147354310860	none	5959	92b437c5	512	224	0	5959
5985	0	18147371511740	none	5960	74cba70c	512	224	0	5960
5986	1	18147388752510	none	5961	6cce7600	512	224	0	5961
5987	2	18147405946590	none	5962	1ffa6dc8	512	224	0	5962
5988	3	18147423156510	none	5963	cf0fcf13	512	224	0	5963
5989	4	18147440389830	none	5964	7f697ccb	512	224	0	5964
5990	5	18147453574100	none	5965	7ec471e4	512	224	0	5965
5991	6	18147470789550	none	5966	a265f24f	512	224	0	5966
5992	7	18147487999590	none	5967	c92df7df	512	224	0	5967
5993	0	18147505191190	none	5968	a952e051	512	224	0	5968
5994	1	18147522505100	none	5969	937cb0ff	512	224	0	5969
5995	2	18147539747850	none	5970	44db0e91	512	224	0	5970
5996	3	18147553021880	none	5971	16932427	512	224	0	5971
5997	4	18147570263440	none	5972	747aab17	512	224	0	5972
5998	5	18147587486340	none	5973	cb69eebd	512	224	0	5973
5999	6	18147604711070	none	5974	40a6e0f0	512	224	0	5974
6000	7	18147622043110	none	5975	d6dc0076	512	224	0	5975
6001	0	18147639248060	none	5976	2405e3d2	512	224	0	5976
6002	1	18147656482510	none	5977	6713f5ba	512	224	0	5977
6003	2	18147669674750	none	5978	f8cbb736	512	224	0	5978
6004	3	18147686995510	none	5979	2300bc68	512	224	0	5979
6005	4	18147704180630	none	5980	50034370	512	224	0	5980
6006	5	18147721467260	none	5981	961678a2	512	224	0	5981
6007	6	18147738687920	none	5982	1399ddf5	512	224	0	5982
6008	7	18147755954420	none	5983	8bde7347	512	224	0	5983
6009	0	18147773140450	none	5984	2915aa2d	512	224	0	5984
6010	1	18147786347810	none	5985	a2c4a981	512	224	0	5985
6011	2	18147803579660	none	5986	b370a41d	512	224	0	5986
6012	3	18147820887490	none	5987	a20daf35	512	224	0	5987
6013	4	18147838071320	none	5988	cb9a408d	512	224	0	5988
6014	5	18147855397660	none	5989	bc007be2	512	224	0	5989
6015	6	18147872623930	none	5990	385e6ab0	512	224	0	5990
6016	7	18147885783350	none	5991	3a750ad0	512	224	0	5991
6017	0	18147902974870	none	5992	908d0feb	512	224	0	5992
6018	1	18147920237940	none	5993	cb712c20	512	224	0	5993
6019	2	18147937480350	none	5994	0b906651	512	224	0	5994
6020	3	18147954702870	none	5995	b115ae37	512	224	0	5995
6021	4	18147971904720	none	5996	7d6eabed	512	224	0	5996
6022	5	18147989126400	none	5997	99ed38fb	512	224	0	5997
6023	6	18148002309650	none	5998	15e18acf	512	224	0	5998
6024	7	18148019507280	none	5999	d4e0e7ed	512	224	0	5999
6025	0	18148036744800	none	6000	4288d7d2	512	224	0	6000
6026	1	18148054002410	none	6001	e237ab38	512	224	0	6001
6027	2	18148071225490	none	6002	ae40858c	512	224	0	6002
6028	3	18148088460290	none	6003	ba72d22d	512	224	0	6003
6029	4	18148105783690	none	6004	dc4f93c6	512	224	0	6004
6030	5	18148118933700	none	6005	99ab925a	512	224	0	6005
6031	6	18148136111180	none	6006	20ea1e2e	512	224	0	6006
6032	7	18148153321370	none	6007	7d87a7b5	512	224	0	6007
6033	0	18148170545450	none	6008	827351b2	512	224	0	6008
6034	1	18148187880200	none	6009	5b7e6df2	512	224	0	6009
6035	2	18148205085010	none	6010	b97f2590	512	224	0	6010
6036	3	18148222317280	none	6011	93e13df6	512	224	0	6011
6037	4	18148235495390	none	6012	467d5610	512	224	0	6012
6038	5	18148252706960	none	6013	36e33ece	512	224	0	6013
6039	6	18148270051400	none	6014	d31f9307	512	224	0	6014
6040	7	18148287264970	none	6015	1fa36dc8	512	224	0	6015
6041	0	18148304612970	none	6016	59411d93	512	224	0	6016
6042	1	18148321944070	none	6017	a3746029	512	224	0	6017
6043	2	18148335139980	none	6018	18e85f79	512	224	0	6018
6044	3	18148352455020	none	6019	220f4727	512	224	0	6019
6045	4	18148369677400	none	6020	ed11061b	512	224	0	6020
6046	5	18148386876290	none	6021	4e28b530	512	224	0	6021
6047	6	18148404274810	none	6022	4689f153	512	224	0	6022
6048	7	18148421498400	none	6023	0edf5916	512	224	0	6023
6049	0	18148438743120	none	6024	349dfe0f	512	224	0	6024
6050	1	18148451965610	none	6025	ccdb816b	512	224	0	6025
6051	2	18148469150320	none	6026	c753e72d	512	224	0	6026
6052	3	18148486386950	none	6027	a362913a	512	224	0	6027
6053	4	18148503610650	none	6028	f1afb564	512	224	0	6028
6054	5	18148520866250	none	6029	18c74868	512	224	0	6029
6055	6	18148538085040	none	6030	2c14a6d8	512	224	0	6030
6056	7	18148555305180	none	6031	1ee8224c	512	224	0	6031
6057	0	18148568481680	none	6032	be7af76a	512	224	0	6032
6058	1	18148586029340	none	6033	6cc48d12	512	224	0	6033
6059	2	18148603409600	none	6034	87e64432	512	224	0	6034
6060	3	18148620693140	none	6035	eaac14c9	512	224	0	6035
6061	4	18148637891500	none	6036	fcf00a1c	512	224	0	6036
6062	5	18148655091900	none	6037	99df85d4	512	224	0	6037
6063	6	18148668290320	none	6038	6c3fb1c2	512	224	0	6038
6064	7	18148685503000	none	6039	86bd6ed0	512	224	0	6039
6065	0	18148702739790	none	6040	baac0da8	512	224	0	6040
6066	1	18148719929680	none	6041	9471feb6	512	224	0	6041
6067	2	18148737167780	none	6042	69edfec7	512	224	0	6042
6068	3	18148754414570	none	6043	b19db230	512	224	0	6043
6069	4	18148771633210	none	6044	5589b471	512	224	0	6044
6070	5	18148784807490	none	6045	86eef6de	512	224	0	6045
6071	6	18148801985970	none	6046	ed075d66	512	224	0	6046
6072	7	18148819171910	none	6047	2d5374f5	512	224	0	6047
6073	0	18148836388360	none	6048	c973200a	512	224	0	6048
6074	1	18148853738380	none	6049	fea1c0d3	512	224	0	6049
6075	2	18148871008990	none	6050	341ec7e5	512	224	0	6050
6076	3	18148884150360	none	6051	8db22080	512	224	0	6051
6077	4	18148901373520	none	6052	0c192fb1	512	224	0	6052
6078	5	18148918574980	none	6053	d4ed4aa3	512	224	0	6053
6079	6	18148935793040	none	6054	3851b77c	512	224	0	6054
6080	7	18148953139650	none	6055	d4452ae9	512	224	0	6055
6081	0	18148970378830	none	6056	4633b6fe	512	224	0	6056
6082	1	18148987606480	none	6057	dc6b6ba6	512	224	0	6057
6083	2	18149000757800	none	6058	8bc17312	512	224	0	6058
6084	3	18149017938100	none	6059	d9a64c3b	512	224	0	6059
6085	4	18149035121700	none	6060	0a01ef1a	512	224	0	6060
6086	5	18149052467020	none	6061	5dcb8a14	512	224	0	6061
6087	6	18149069694100	none	6062	1e80e8fa	512	224	0	6062
6088	7	18149086913120	none	6063	8117c49e	512	224	0	6063
6089	0	18149104095790	none	6064	675f748f	512	224	0	6064
6090	1	18149117355800	none	6065	a0efddbd	512	224	0	6065
6091	2	18149134596540	none	6066	0e124a6f	512	224	0	6066
6092	3	18149151777220	none	6067	73809764	512	224	0	6067
6093	4	18149168974140	none	6068	f9335030	512	224	0	6068
6094	5	18149186176370	none	6069	0b7f878d	512	224	0	6069
6095	6	18149203487340	none	6070	d408e636	512	224	0	6070
6096	7	18149216956220	none	6071	73e89207	512	224	0	6071
6097	0	18149234351140	none	6072	1709a205	512	224	0	6072
6098	1	18149251545710	none	6073	ac428f4e	512	224	0	6073
6099	2	18149268767110	none	6074	26b32b76	512	224	0	6074
6100	3	18149285963120	none	6075	7a255147	512	224	0	6075
6101	4	18149303192740	none	6076	cb17e8d3	512	224	0	6076
6102	5	18149320418940	none	6077	b809634a	512	224	0	6077
6103	6	18149333590250	none	6078	10624d20	512	224	0	6078
6104	7	18149350779410	none	6079	333d2bd4	512	224	0	6079
6105	0	18149368117610	none	6080	312e5117	512	224	0	6080
6106	1	18149385365770	none	6081	fc695e71	512	224	0	6081
6107	2	18149402719380	none	6082	85d61710	512	224	0	6082
6108	3	18149419956160	none	6083	d1da60ec	512	224	0	6083
6109	4	18149437188230	none	6084	0090d52e	512	224	0	6084
6110	5	18149450356460	none	6085	ca471fa2	512	224	0	6085
6111	6	18149467551470	none	6086	40e5270b	512	224	0	6086
6112	7	18149484766810	none	6087	37f69ea5	512	224	0	6087
6113	0	18149502131780	none	6088	4f30407a	512	224	0	6088
6114	1	18149519359990	none	6089	bafa3419	512	224	0	6089
6115	2	18149536593460	none	6090	ca6b6dd7	512	224	0	6090
6116	3	18149549801260	none	6091	0bca8757	512	224	0	6091
6117	4	18149567100340	none	6092	9773a897	512	224	0	6092
6118	5	18149584329920	none	6093	01527dd2	512	224	0	6093
6119	6	18149601658610	none	6094	b12f811c	512	224	0	6094
6120	7	18149618943950	none	6095	d8a0fd3c	512	224	0	6095
6121	0	18149636141590	none	6096	1c7697be	512	224	0	6096
6122	1	18149653393260	none	6097	dc4a40cf	512	224	0	6097
6123	2	18149666585460	none	6098	92d8b205	512	224	0	6098
6124	3	18149683807030	none	6099	4569f5dc	512	224	0	6099
6125	4	18149701198280	none	6100	2407ef6b	512	224	0	6100
6126	5	18149718441150	none	6101	f4cf792d	512	224	0	6101
6127	6	18149735661320	none	6102	bd151ed8	512	224	0	6102
6128	7	18149752984040	none	6103	dbdedabe	512	224	0	6103
6129	0	18149766140750	none	6104	6bfa4b9c	512	224	0	6104
6130	1	18149783368700	none	6105	79c4b73d	512	224	0	6105
6131	2	18149800588710	none	6106	fd26c56d	512	224	0	6106
6132	3	18149817794430	none	6107	16220ff6	512	224	0	6107
6133	4	18149834989700	none	6108	8287428a	512	224	0	6108
6134	5	18149852191120	none	6109	5bddce0c	512	224	0	6109
6135	6	18149869409070	none	6110	a3f1cd0b	512	224	0	6110
6136	7	18149882593040	none	6111	cab69407	512	224	0	6111
6137	0	18149899794450	none	6112	84b77864	512	224	0	6112
6138	1	18149917092250	none	6113	4ee4ae2f	512	224	0	6113
6139	2	18149934351570	none	6114	de1b3289	512	224	0	6114
6140	3	18149951705740	none	6115	a49eaa71	512	224	0	6115
6141	4	18149968951370	none	6116	ea8ccf68	512	224	0	6116
6142	5	18149986165760	none	6117	72e2da40	512	224	0	6117
6143	6	18149999355480	none	6118	db70592c	512	224	0	6118
6144	7	18150016589760	none	6119	e93a8e7f	512	224	0	6119
6145	0	18150033894350	none	6120	29d7518d	512	224	0	6120
6146	1	18150051090410	none	6121	2e104def	512	224	0	6121
6147	2	18150068321850	none	6122	eed5f72b	512	224	0	6122
6148	3	18150085544700	none	6123	eaef36f4	512	224	0	6123
6149	4	18150102777620	none	6124	bd7df4eb	512	224	0	6124
6150	5	18150115923710	none	6125	3fb63f57	512	224	0	6125
6151	6	18150133130060	none	6126	ad85a27a	512	224	0	6126
6152	7	18150150451080	none	6127	2ecd3e6b	512	224	0	6127
6153	0	18150167665140	none	6128	6966b029	512	224	0	6128
6154	1	18150184904210	none	6129	a94c7254	512	224	0	6129
6155	2	18150202134140	none	6130	e4e958f2	512	224	0	6130
6156	3	18150215342470	none	6131	f066d809	512	224	0	6131
6157	4	18150232548110	none	6132	cb4065d9	512	224	0	6132
6158	5	18150249782500	none	6133	185c79ef	512	224	0	6133
6159	6	18150266977710	none	6134	697fe1eb	512	224	0	6134
6160	7	18150284198670	none	6135	3f5fe47a	512	224	0	6135
6161	0	18150301415110	none	6136	027ef066	512	224	0	6136
6162	1	18150318638780	none	6137	50983253	512	224	0	6137
6163	2	18150331792250	none	6138	d615de25	512	224	0	6138
6164	3	18150348971450	none	6139	fa83c2bc	512	224	0	6139
6165	4	18150366155010	none	6140	629a994c	512	224	0	6140
6166	5	18150383362890	none	6141	d3efdaf2	512	224	0	6141
6167	6	18150400691100	none	6142	cf9f678c	512	224	0	6142
6168	7	18150417946220	none	6143	ecd85389	512	224	0	6143
6169	0	18150435136290	none	6144	86fefc05	512	224	0	6144
6170	1	18150448445270	none	6145	28e238be	512	224	0	6145
6171	2	18150465719490	none	6146	b9d2711a	512	224	0	6146
6172	3	18150482944470	none	6147	d6f04bea	512	224	0	6147
6173	4	18150500169850	none	6148	4ea9a3b5	512	224	0	6148
6174	5	18150517398280	none	6149	9b02b78b	512	224	0	6149
6175	6	18150534785410	none	6150	15184f63	512	224	0	6150
6176	7	18150548051770	none	6151	34d707e8	512	224	0	6151
6177	0	18150565573760	none	6152	715c5a55	512	224	0	6152
6178	1	18150582936540	none	6153	ec09dbcc	512	224	0	6153
6179	2	18150600589820	none	6154	70e3ec14	512	224	0	6154
6180	3	18150618140860	none	6155	af07a268	512	224	0	6155
6181	4	18150631398720	none	6156	7d1e6129	512	224	0	6156
6182	5	18150648818800	none	6157	627a08dd	512	224	0	6157
6183	6	18150666077580	none	6158	4f172f51	512	224	0	6158
6184	7	18150683356440	none	6159	aa4de75e	512	224	0	6159
6185	0	18150700614350	none	6160	9ba1ccd3	512	224	0	6160
6186	1	18150717889840	none	6161	7d4b5d70	512	224	0	6161
6187	2	18150731241790	none	6162	7f361d58	512	224	0	6162
6188	3	18150748577220	none	6163	fdac27ec	512	224	0	6163
6189	4	18150766135620	none	6164	6a5e692f	512	224	0	6164
6190	5	18150783665240	none	6165	01e3ad52	512	224	0	6165
6191	6	18150801260630	none	6166	e9924417	512	224	0	6166
6192	7	18150814877780	none	6167	7545c197	512	224	0	6167
6193	0	18150832743230	none	6168	7ee561a2	512	224	0	6168
6194	1	18150850342680	none	6169	d8ddcec4	512	224	0	6169
6195	2	18150867951900	none	6170	70803fd7	512	224	0	6170
6196	3	18150881123980	none	6171	5dc05b8b	512	224	0	6171
6197	4	18150898398170	none	6172	baeed5e4	512	224	0	6172
6198	5	18150915610400	none	6173	e0590582	512	224	0	6173
6199	6	18150932888930	none	6174	4a1865e5	512	224	0	6174
6200	7	18150950103250	none	6175	a76c5561	512	224	0	6175
6201	0	18150967344000	none	6176	d5d8ec79	512	224	0	6176
6202	1	18150984598050	none	6177	7fadc08a	512	224	0	6177
6203	2	18150997774780	none	6178	03a37e53	512	224	0	6178
6204	3	18151014992750	none	6179	06469fac	512	224	0	6179
6205	4	18151032233270	none	6180	586e82f3	512	224	0	6180
6206	5	18151049458160	none	6181	994f312c	512	224	0	6181
6207	6	18151066696270	none	6182	4ee236b7	512	224	0	6182
6208	7	18151084044460	none	6183	edccefa6	512	224	0	6183
6209	0	18151097240010	none	6184	29ab9fc3	512	224	0	6184
6210	1	18151114469670	none	6185	4358a06d	512	224	0	6185
6211	2	18151131694990	none	6186	0a333056	512	224	0	6186
6212	3	18151148954410	none	6187	1ca96798	512	224	0	6187
6213	4	18151166155880	none	6188	0cb9a5ab	512	224	0	6188
6214	5	18151183387020	none	6189	4ea3ef9c	512	224	0	6189
6215	6	18151200620450	none	6190	cc94dcfb	512	224	0	6190
6216	7	18151213803510	none	6191	45a59d26	512	224	0	6191
6217	0	18151230981320	none	6192	00c07f64	512	224	0	6192
6218	1	18151248357450	none	6193	5ccd8b18	512	224	0	6193
6219	2	18151265616410	none	6194	f4566105	512	224	0	6194
6220	3	18151282959310	none	6195	7d9f1081	512	224	0	6195
6221	4	18151300172560	none	6196	1fc1de7a	512	224	0	6196
6222	5	18151317388910	none	6197	d248ceae	512	224	0	6197
6223	6	18151330559850	none	6198	17a91f37	512	224	0	6198
6224	7	18151347737150	none	6199	3fd96adf	512	224	0	6199
6225	0	18151365006880	none	6200	e950697a	512	224	0	6200
6226	1	18151382257700	none	6201	c21261e4	512	224	0	6201
6227	2	18151399523260	none	6202	9e79c1ee	512	224	0	6202
6228	3	18151416746560	none	6203	f75b4049	512	224	0	6203
6229	4	18151430034020	none	6204	3e4bdcd7	512	224	0	6204
6230	5	18151447261110	none	6205	bad0af66	512	224	0	6205
6231	6	18151464488960	none	6206	8ef8248a	512	224	0	6206
6232	7	18151481732200	none	6207	4b3b7079	512	224	0	6207
6233	0	18151499000220	none	6208	da555da2	512	224	0	6208
6234	1	18151516234420	none	6209	1b3a1474	512	224	0	6209
6235	2	18151533457380	none	6210	86130c9b	512	224	0	6210
6236	3	18151546654300	none	6211	ab47e6bb	512	224	0	6211
6237	4	18151563889650	none	6212	d4a49909	512	224	0	6212
6238	5	18151581081160	none	6213	7c1642fa	512	224	0	6213
6239	6	18151598326800	none	6214	d69e4c7b	512	224	0	6214
6240	7	18151615553670	none	6215	8058d21c	512	224	0	6215
6241	0	18151632755760	none	6216	3585c9ea	512	224	0	6216
6242	1	18151649957860	none	6217	9a7bb237	512	224	0	6217
6243	2	18151663301970	none	6218	8c6a4f92	512	224	0	6218
6244	3	18151680506820	none	6219	f2fac7a2	512	224	0	6219
6245	4	18151697801170	none	6220	05373219	512	224	0	6220
6246	5	18151714999100	none	6221	582c9ea9	512	224	0	6221
6247	6	18151732244850	none	6222	867b6d0b	512	224	0	6222
6248	7	18151749479290	none	6223	2e2edc89	512	224	0	6223
6249	0	18151766702340	none	6224	a7b4f999	512	224	0	6224
6250	1	18151780013830	none	6225	e74049ce	512	224	0	6225
6251	2	18151797380610	none	6226	38bfc5fa	512	224	0	6226
6252	3	18151814655190	none	6227	76dd8811	512	224	0	6227
6253	4	18151831861350	none	6228	0ed36e51	512	224	0	6228
6254	5	18151849062780	none	6229	1f0e363f	512	224	0	6229
6255	6	18151866301260	none	6230	f2e045dc	512	224	0	6230
6256	7	18151879467780	none	6231	6b665de6	512	224	0	6231
6257	0	18151896690340	none	6232	cf8e3277	512	224	0	6232
6258	1	18151913890080	none	6233	67ddf5e7	512	224	0	6233
6259	2	18151931104650	none	6234	97687bf9	512	224	0	6234
6260	3	18151948335690	none	6235	05a420c7	512	224	0	6235
6261	4	18151965573160	none	6236	715c4e64	512	224	0	6236
6262	5	18151982783740	none	6237	2cbb5815	512	224	0	6237
6263	6	18151995948940	none	6238	9e8ac5c9	512	224	0	6238
6264	7	18152013148360	none	6239	422de182	512	224	0	6239
6265	0	18152030378730	none	6240	523a305a	512	224	0	6240
6266	1	18152047697650	none	6241	2a895e1e	512	224	0	6241
6267	2	18152064894460	none	6242	3aa34a6a	512	224	0	6242
6268	3	18152082110610	none	6243	8f6f5379	512	224	0	6243
6269	4	18152099348160	none	6244	3ecd76cd	512	224	0	6244
6270	5	18152112731550	none	6245	0a77acf5	512	224	0	6245
6271	6	18152129921980	none	6246	e83cb489	512	224	0	6246
6272	7	18152147115810	none	6247	3b2f9f1d	512	224	0	6247
6273	0	18152164344700	none	6248	d4dd9c11	512	224	0	6248
6274	1	18152181570630	none	6249	f141b7a3	512	224	0	6249
6275	2	18152198767210	none	6250	a0c80c13	512	224	0	6250
6276	3	18152215991230	none	6251	cbd842d5	512	224	0	6251
6277	4	18152229167080	none	6252	3396bc4c	512	224	0	6252
6278	5	18152246514640	none	6253	75ff86ea	512	224	0	6253
6279	6	18152263727680	none	6254	6907e322	512	224	0	6254
6280	7	18152280919840	none	6255	2bac0a14	512	224	0	6255
6281	0	18152298117100	none	6256	74706d0f	512	224	0	6256
6282	1	18152315436330	none	6257	55ce9bb9	512	224	0	6257
6283	2	18152328651560	none	6258	a0dc2a98	512	224	0	6258
6284	3	18152345859010	none	6259	da44e1d7	512	224	0	6259
6285	4	18152363047070	none	6260	226b9038	512	224	0	6260
6286	5	18152380279920	none	6261	d66918a2	512	224	0	6261
6287	6	18152397491980	none	6262	9b5eed40	512	224	0	6262
6288	7	18152414716250	none	6263	4c46d3bc	512	224	0	6263
6289	0	18152432075160	none	6264	5e90ab74	512	224	0	6264
6290	1	18152445259000	none	6265	b6ec8cfd	512	224	0	6265
6291	2	18152462467420	none	6266	d029dd83	512	224	0	6266
6292	3	18152479765050	none	6267	c7b90025	512	224	0	6267
6293	4	18152497005830	none	6268	02c4dff9	512	224	0	6268
6294	5	18152514236760	none	6269	9ecad8c0	512	224	0	6269
6295	6	18152531468510	none	6270	b2ba3fa8	512	224	0	6270
6296	7	18152548689960	none	6271	0531d25e	512	224	0	6271
6297	0	18152561921740	none	6272	11bb98b5	512	224	0	6272
6298	1	18152579178650	none	6273	34608a56	512	224	0	6273
6299	2	18152596412960	none	6274	9caf4546	512	224	0	6274
6300	3	18152613639820	none	6275	1a034ade	512	224	0	6275
6301	4	18152630830330	none	6276	700a04fb	512	224	0	6276
6302	5	18152648005490	none	6277	4274d486	512	224	0	6277
6303	6	18152661319520	none	6278	a2928410	512	224	0	6278
6304	7	18152678538380	none	6279	7a3dd72f	512	224	0	6279
6305	0	18152695803060	none	6280	dfeb4359	512	224	0	6280
6306	1	18152712993370	none	6281	07731847	512	224	0	6281
6307	2	18152730237250	none	6282	b7aa7b97	512	224	0	6282
6308	3	18152747454850	none	6283	3a47cf97	512	224	0	6283
6309	4	18152764695870	none	6284	6a2893af	512	224	0	6284
6310	5	18152777836960	none	6285	6d7813bd	512	224	0	6285
6311	6	18152795223460	none	6286	8b2044d5	512	224	0	6286
6312	7	18152812429820	none	6287	d4333c3d	512	224	0	6287
6313	0	18152829666700	none	6288	929cad00	512	224	0	6288
6314	1	18152847021330	none	6289	0925d52d	512	224	0	6289
6315	2	18152864242490	none	6290	e1fa16d4	512	224	0	6290
6316	3	18152881475360	none	6291	5ccefc77	512	224	0	6291
6317	4	18152894835430	none	6292	6f820e36	512	224	0	6292
6318	5	18152912267100	none	6293	d4c268fa	512	224	0	6293
6319	6	18152929496520	none	6294	8c883371	512	224	0	6294
6320	7	18152946718540	none	6295	a579a18d	512	224	0	6295
6321	0	18152963914930	none	6296	793bbb29	512	224	0	6296
6322	1	18152981144540	none	6297	87556336	512	224	0	6297
6323	2	18152994365890	none	6298	803fe634	512	224	0	6298
6324	3	18153011583320	none	6299	e5ee2d2a	512	224	0	6299
6325	4	18153028786240	none	6300	084879f7	512	224	0	6300
6326	5	18153046013310	none	6301	2404bb61	512	224	0	6301
6327	6	18153063245200	none	6302	1e122527	512	224	0	6302
6328	7	18153080465430	none	6303	77cb0588	512	224	0	6303
6329	0	18153097699280	none	6304	822b937a	512	224	0	6304
6330	1	18153110920930	none	6305	adb3b27a	512	224	0	6305
6331	2	18153128180120	none	6306	9ce2c30b	512	224	0	6306
6332	3	18153145571010	none	6307	808044f7	512	224	0	6307
6333	4	18153162768850	none	6308	17d018dc	512	224	0	6308
6334	5	18153180112650	none	6309	6c882403	512	224	0	6309
6335	6	18153197341570	none	6310	2da6c1c9	512	224	0	6310
6336	7	18153210643150	none	6311	dbd03a66	512	224	0	6311
6337	0	18153227892010	none	6312	e75f9b02	512	224	0	6312
6338	1	18153245080160	none	6313	0444b329	512	224	0	6313
6339	2	18153262323580	none	6314	766a0856	512	224	0	6314
6340	3	18153279565950	none	6315	f23967d8	512	224	0	6315
6341	4	18153296767000	none	6316	299ba9ca	512	224	0	6316
6342	5	18153313981310	none	6317	a75853a0	512	224	0	6317
6343	6	18153327168010	none	6318	0db25bab	512	224	0	6318
6344	7	18153344526420	none	6319	f96df828	512	224	0	6319
6345	0	18153361728330	none	6320	5bba566f	512	224	0	6320
6346	1	18153378936540	none	6321	46e880e0	512	224	0	6321
6347	2	18153396162500	none	6322	e003ce8b	512	224	0	6322
6348	3	18153413543140	none	6323	0a5d11cb	512	224	0	6323
6349	4	18153426715930	none	6324	554e5067	512	224	0	6324
6350	5	18153443999810	none	6325	e8af03a1	512	224	0	6325
6351	6	18153461218980	none	6326	38bb7e98	512	224	0	6326
6352	7	18153478452460	none	6327	716860fd	512	224	0	6327
6353	0	18153495732580	none	6328	dccf7a47	512	224	0	6328
6354	1	18153512932460	none	6329	dd8efb7c	512	224	0	6329
6355	2	18153530147120	none	6330	3b5e58f4	512	224	0	6330
6356	3	18153543328530	none	6331	9a137448	512	224	0	6331
6357	4	18153560546730	none	6332	686c1db4	512	224	0	6332
6358	5	18153577753010	none	6333	0daa453f	512	224	0	6333
6359	6	18153595013350	none	6334	6883e936	512	224	0	6334
6360	7	18153612242150	none	6335	7437a42c	512	224	0	6335
6361	0	18153629470370	none	6336	4e4db640	512	224	0	6336
6362	1	18153646699680	none	6337	b446a8f2	512	224	0	6337
6363	2	18153659940320	none	6338	047f2941	512	224	0	6338
6364	3	18153677301540	none	6339	27f0aa61	512	224	0	6339
6365	4	18153694542690	none	6340	4a31de4f	512	224	0	6340
6366	5	18153711740850	none	6341	86634d90	512	224	0	6341
6367	6	18153729089320	none	6342	d67ae33a	512	224	0	6342
6368	7	18153746335530	none	6343	10d3a923	512	224	0	6343
6369	0	18153759632520	none	6344	79ed225d	512	224	0	6344
6370	1	18153776897480	none	6345	a14720c0	512	224	0	6345
6371	2	18153794098410	none	6346	ab8bc847	512	224	0	6346
6372	3	18153811333490	none	6347	d810c5dc	512	224	0	6347
6373	4	18153828551570	none	6348	49873f66	512	224	0	6348
6374	5	18153845765700	none	6349	266df2da	512	224	0	6349
6375	6	18153862984660	none	6350	913cacee	512	224	0	6350
6376	7	18153876198240	none	6351	848271f1	512	224	0	6351
6377	0	18153893420990	none	6352	e88ebad9	512	224	0	6352
6378	1	18153910849370	none	6353	de5f34a1	512	224	0	6353
6379	2	18153928118150	none	6354	013b37eb	512	224	0	6354
6380	3	18153945360430	none	6355	1046995e	512	224	0	6355
6381	4	18153962695760	none	6356	48d60cef	512	224	0	6356
6382	5	18153975952880	none	6357	d522b27e	512	224	0	6357
6383	6	18153993184820	none	6358	b20075b0	512	224	0	6358
6384	7	18154010399680	none	6359	67e7ed42	512	224	0	6359
6385	0	18154027636120	none	6360	fa6ac243	512	224	0	6360
6386	1	18154044847630	none	6361	bb057073	512	224	0	6361
6387	2	18154062210870	none	6362	14773169	512	224	0	6362
6388	3	18154079436180	none	6363	a8945fdf	512	224	0	6363
6389	4	18154092648200	none	6364	61bec7c5	512	224	0	6364
6390	5	18154109952280	none	6365	edc0b4a3	512	224	0	6365
6391	6	18154127176100	none	6366	82b11612	512	224	0	6366
6392	7	18154144414530	none	6367	6490ed6d	512	224	0	6367
6393	0	18154161659940	none	6368	c88ba766	512	224	0	6368
6394	1	18154178912280	none	6369	3842e1b8	512	224	0	6369
6395	2	18154192165030	none	6370	62420b2a	512	224	0	6370
6396	3	18154209394140	none	6371	a2f68780	512	224	0	6371
6397	4	18154226689360	none	6372	7bbe1dfc	512	224	0	6372
6398	5	18154244069980	none	6373	fafa0c05	512	224	0	6373
6399	6	18154261613830	none	6374	b00198ed	512	224	0	6374
6400	7	18154278810310	none	6375	57de44e3	512	224	0	6375
6401	0	18154291982690	none	6376	5a36f992	512	224	0	6376
6402	1	18154309215470	none	6377	5839f037	512	224	0	6377
6403	2	18154326448590	none	6378	1a3f70cb	512	224	0	6378
6404	3	18154343701020	none	6379	6788347c	512	224	0	6379
6405	4	18154360920450	none	6380	48a3fc89	512	224	0	6380
6406	5	18154378136850	none	6381	8d68d7f5	512	224	0	6381
6407	6	18154395367350	none	6382	633dbe0b	512	224	0	6382
6408	7	18154408592480	none	6383	29efdefb	512	224	0	6383
6409	0	18154425824400	none	6384	c612731a	512	224	0	6384
6410	1	18154443084550	none	6385	96b6c995	512	224	0	6385
6411	2	18154460343140	none	6386	ee769577	512	224	0	6386
6412	3	18154477565090	none	6387	2645ef49	512	224	0	6387
6413	4	18154494764510	none	6388	1b4aa58b	512	224	0	6388
6414	5	18154512098180	none	6389	14a12467	512	224	0	6389
6415	6	18154525289010	none	6390	cac42597	512	224	0	6390
6416	7	18154542530030	none	6391	eb91d0c7	512	224	0	6391
6417	0	18154559738560	none	6392	7bf466ff	512	224	0	6392
6418	1	18154577098330	none	6393	25c65622	512	224	0	6393
6419	2	18154594329410	none	6394	f1bf7454	512	224	0	6394
6420	3	18154611682910	none	6395	6c01029d	512	224	0	6395
6421	4	18154624913520	none	6396	9e50e40a	512	224	0	6396
6422	5	18154642165810	none	6397	321ce720	512	224	0	6397
6423	6	18154659396440	none	6398	cf50b9f2	512	224	0	6398
6424	7	18154676660720	none	6399	4c09a3ba	512	224	0	6399
6425	0	18154693847340	none	6400	b0f49d86	512	224	0	6400
6426	1	18154711220450	none	6401	858f454f	512	224	0	6401
6427	2	18154728510190	none	6402	11e45b77	512	224	0	6402
6428	3	18154741701420	none	6403	36ec7ac1	512	224	0	6403
6429	4	18154758961870	none	6404	1ff03946	512	224	0	6404
6430	5	18154776237360	none	6405	15825504	512	224	0	6405
6431	6	18154793467260	none	6406	ab1502f5	512	224	0	6406
6432	7	18154810683480	none	6407	4769b1fc	512	224	0	6407
6433	0	18154827954200	none	6408	487dc062	512	224	0	6408
6434	1	18154841130970	none	6409	324f922e	512	224	0	6409
6435	2	18154858411030	none	6410	2329808a	512	224	0	6410
6436	3	18154875657090	none	6411	9f5247fd	512	224	0	6411
6437	4	18154892845660	none	6412	33287c32	512	224	0	6412
6438	5	18154910215980	none	6413	2d1a52cc	512	224	0	6413
6439	6	18154927494070	none	6414	0b488464	512	224	0	6414
6440	7	18154944704270	none	6415	0d69a828	512	224	0	6415
6441	0	18154957971350	none	6416	39080cd3	512	224	0	6416
6442	1	18154975287740	none	6417	dbb591ed	512	224	0	6417
6443	2	18154992594170	none	6418	d05f5634	512	224	0	6418
6444	3	18155009838410	none	6419	f8d742ab	512	224	0	6419
6445	4	18155027063710	none	6420	c4bb1b64	512	224	0	6420
6446	5	18155044299300	none	6421	6575d748	512	224	0	6421
6447	6	18155057486570	none	6422	31a3c6e2	512	224	0	6422
6448	7	18155074756950	none	6423	39162efc	512	224	0	6423
6449	0	18155092010550	none	6424	c23ce559	512	224	0	6424
6450	1	18155109251890	none	6425	1b03dd96	512	224	0	6425
6451	2	18155126486510	none	6426	558df762	512	224	0	6426
6452	3	18155143684140	none	6427	f9fb3b38	512	224	0	6427
6453	4	18155160946810	none	6428	cb653f5d	512	224	0	6428
6454	5	18155174156560	none	6429	f956e97f	512	224	0	6429
6455	6	18155191438080	none	6430	6ef9fda0	512	224	0	6430
6456	7	18155208682620	none	6431	75fa48a9	512	224	0	6431
6457	0	18155226098400	none	6432	9cf07f8c	512	224	0	6432
6458	1	18155243356540	none	6433	bd0eee1b	512	224	0	6433
6459	2	18155260719430	none	6434	1abc639f	512	224	0	6434
6460	3	18155273923000	none	6435	d57cbac2	512	224	0	6435
6461	4	18155291169670	none	6436	9d71fec7	512	224	0	6436
6462	5	18155308430890	none	6437	f247c41a	512	224	0	6437
6463	6	18155325648230	none	6438	6d1db673	512	224	0	6438
6464	7	18155342883490	none	6439	eb4f9a59	512	224	0	6439
6465	0	18155360123610	none	6440	873db665	512	224	0	6440
6466	1	18155377339730	none	6441	bfa358d5	512	224	0	6441
6467	2	18155390532460	none	6442	590b4a3a	512	224	0	6442
6468	3	18155407785530	none	6443	f4007827	512	224	0	6443
6469	4	18155425135010	none	6444	17625806	512	224	0	6444
6470	5	18155442361120	none	6445	e291520b	512	224	0	6445
6471	6	18155459687430	none	6446	84244e97	512	224	0	6446
6472	7	18155476966050	none	6447	bf0d75c3	512	224	0	6447
6473	0	18155490146140	none	6448	9adfd6b7	512	224	0	6448
6474	1	18155507389750	none	6449	43907968	512	224	0	6449
6475	2	18155524704960	none	6450	30ca6350	512	224	0	6450
6476	3	18155541970590	none	6451	ee749334	512	224	0	6451
6477	4	18155559353750	none	6452	ac757894	512	224	0	6452
6478	5	18155576646580	none	6453	6755c9f3	512	224	0	6453
6479	6	18155589798120	none	6454	dd52048e	512	224	0	6454
6480	7	18155607053040	none	6455	82f408e5	512	224	0	6455
6481	0	18155624282990	none	6456	76266184	512	224	0	6456
6482	1	18155641565080	none	6457	0a4f4a2c	512	224	0	6457
6483	2	18155658771960	none	6458	9d94dbe1	512	224	0	6458
6484	3	18155675973540	none	6459	ba95a758	512	224	0	6459
6485	4	18155693217110	none	6460	8b3d6780	512	224	0	6460
6486	5	18155706408110	none	6461	e3dd7377	512	224	0	6461
6487	6	18155723642420	none	6462	2fc3e3dc	512	224	0	6462
6488	7	18155740974240	none	6463	42a07e10	512	224	0	6463
6489	0	18155758252640	none	6464	ef6b4adf	512	224	0	6464
6490	1	18155775568960	none	6465	d2fe3cb3	512	224	0	6465
6491	2	18155792870900	none	6466	52c6e826	512	224	0	6466
6492	3	18155806079940	none	6467	54dbd3a5	512	224	0	6467
6493	4	18155823296900	none	6468	a77ec120	512	224	0	6468
6494	5	18155840511740	none	6469	81dc84ba	512	224	0	6469
6495	6	18155857712350	none	6470	68dafb3d	512	224	0	6470
6496	7	18155875023040	none	6471	dce39109	512	224	0	6471
6497	0	18155892267680	none	6472	ed704266	512	224	0	6472
6498	1	18155909533600	none	6473	1fee757f	512	224	0	6473
6499	2	18155922698070	none	6474	44d51c91	512	224	0	6474
6500	3	18155940011350	none	6475	d1070577	512	224	0	6475
6501	4	18155957217370	none	6476	cd97c78c	512	224	0	6476
6502	5	18155974439750	none	6477	95357748	512	224	0	6477
6503	6	18155991714120	none	6478	f4d9930e	512	224	0	6478
6504	7	18156009048000	none	6479	c7bd2271	512	224	0	6479
6505	0	18156026300660	none	6480	906cf11c	512	224	0	6480
6506	1	18156039611520	none	6481	0d0aae7f	512	224	0	6481
6507	2	18156056877960	none	6482	72b18d0c	512	224	0	6482
6508	3	18156074138210	none	6483	d93fee84	512	224	0	6483
6509	4	18156091504020	none	6484	c0ae2811	512	224	0	6484
6510	5	18156108916920	none	6485	76c2fc0b	512	224	0	6485
6511	6	18156126168680	none	6486	5a027fb5	512	224	0	6486
6512	7	18156139355380	none	6487	64b029d2	512	224	0	6487
6513	0	18156156562470	none	6488	3914b13a	512	224	0	6488
6514	1	18156173754610	none	6489	dbce2fbe	512	224	0	6489
6515	2	18156190956140	none	6490	a9d07d0d	512	224	0	6490
6516	3	18156208361640	none	6491	56579a49	512	224	0	6491
6517	4	18156225612280	none	6492	c1b68297	512	224	0	6492
6518	5	18156238779560	none	6493	7b477734	512	224	0	6493
6519	6	18156255954910	none	6494	750a73ea	512	224	0	6494
6520	7	18156273162240	none	6495	c91ed988	512	224	0	6495
6521	0	18156290373690	none	6496	ea1bb61c	512	224	0	6496
6522	1	18156307793230	none	6497	2d487b76	512	224	0	6497
6523	2	18156325102370	none	6498	ca6f0e6d	512	224	0	6498
6524	3	18156342343110	none	6499	2a7d5bd0	512	224	0	6499
6525	4	18156355534870	none	6500	4cdc1720	512	224	0	6500
6526	5	18156372735720	none	6501	9b8a3f3d	512	224	0	6501
6527	6	18156389910110	none	6502	3937744d	512	224	0	6502
6528	7	18156407260090	none	6503	5be135a7	512	224	0	6503
6529	0	18156424468540	none	6504	6f383f38	512	224	0	6504
6530	1	18156441723160	none	6505	1b5c601f	512	224	0	6505
6531	2	18156459010070	none	6506	2d537807	512	224	0	6506
6532	3	18156472208530	none	6507	fafd69cb	512	224	0	6507
6533	4	18156489429650	none	6508	ce83378c	512	224	0	6508
6534	5	18156506648590	none	6509	50c12934	512	224	0	6509
6535	6	18156523832990	none	6510	e8999a68	512	224	0	6510
6536	7	18156541034270	none	6511	11c96a5c	512	224	0	6511
6537	0	18156558354420	none	6512	ac260517	512	224	0	6512
6538	1	18156571685670	none	6513	a1a1fbf4	512	224	0	6513
6539	2	18156589009060	none	6514	2a31b5a5	512	224	0	6514
6540	3	18156606230240	none	6515	cfd5dcf9	512	224	0	6515
6541	4	18156623540640	none	6516	9df74deb	512	224	0	6516
6542	5	18156640737630	none	6517	564a6819	512	224	0	6517
6543	6	18156658085820	none	6518	0a67a39b	512	224	0	6518
6544	7	18156675331240	none	6519	bd423d76	512	224	0	6519
6545	0	18156688515900	none	6520	40d693a0	512	224	0	6520
6546	1	18156705702680	none	6521	8756246a	512	224	0	6521
6547	2	18156722884390	none	6522	f02650e7	512	224	0	6522
6548	3	18156740119880	none	6523	6d8d3298	512	224	0	6523
6549	4	18156757340510	none	6524	05339875	512	224	0	6524
6550	5	18156774624530	none	6525	ea5b1688	512	224	0	6525
6551	6	18156787834550	none	6526	80e400b9	512	224	0	6526
6552	7	18156805027160	none	6527	fdd70ba4	512	224	0	6527
6553	0	18156822236530	none	6528	a5a2670d	512	224	0	6528
6554	1	18156839608510	none	6529	151be9a9	512	224	0	6529
6555	2	18156856912420	none	6530	480de9e4	512	224	0	6530
6556	3	18156874149180	none	6531	1b8650ad	512	224	0	6531
6557	4	18156891474780	none	6532	5c5f3628	512	224	0	6532
6558	5	18156904650490	none	6533	0224acce	512	224	0	6533
6559	6	18156921805560	none	6534	d6b5821f	512	224	0	6534
6560	7	18156938983300	none	6535	fb84d7ec	512	224	0	6535
6561	0	18156956348010	none	6536	13e4552c	512	224	0	6536
6562	1	18156973582780	none	6537	0923e4d7	512	224	0	6537
6563	2	18156990780250	none	6538	5097ea3e	512	224	0	6538
6564	3	18157008045030	none	6539	9424ee27	512	224	0	6539
6565	4	18157021273600	none	6540	32222860	512	224	0	6540
6566	5	18157038508680	none	6541	3c9b6630	512	224	0	6541
6567	6	18157055715580	none	6542	ca5647d3	512	224	0	6542
6568	7	18157072905920	none	6543	235d2cf0	512	224	0	6543
6569	0	18157090129910	none	6544	ba250750	512	224	0	6544
6570	1	18157107405030	none	6545	8d1dcf7c	512	224	0	6545
6571	2	18157120677420	none	6546	df12d12a	512	224	0	6546
6572	3	18157137995320	none	6547	a35fd068	512	224	0	6547
6573	4	18157155206010	none	6548	87986f38	512	224	0	6548
6574	5	18157172457920	none	6549	2145b040	512	224	0	6549
6575	6	18157189665400	none	6550	f6e09185	512	224	0	6550
6576	7	18157206989250	none	6551	1285045b	512	224	0	6551
6577	0	18157224201230	none	6552	a665bd18	512	224	0	6552
6578	1	18157237472030	none	6553	09aac13e	512	224	0	6553
6579	2	18157254651010	none	6554	653c6d0b	512	224	0	6554
6580	3	18157271845980	none	6555	59f91c56	512	224	0	6555
6581	4	18157289049590	none	6556	ac0d5904	512	224	0	6556
6582	5	18157306287290	none	6557	d1243d90	512	224	0	6557
6583	6	18157323509230	none	6558	1a59ab09	512	224	0	6558
6584	7	18157340701970	none	6559	917417f8	512	224	0	6559
6585	0	18157353928490	none	6560	897d2cce	512	224	0	6560
6586	1	18157371163080	none	6561	f1bf5a2f	512	224	0	6561
6587	2	18157388394230	none	6562	0d71da79	512	224	0	6562
6588	3	18157405738450	none	6563	070a2ba1	512	224	0	6563
6589	4	18157422954030	none	6564	eece1196	512	224	0	6564
6590	5	18157440267050	none	6565	d98746f5	512	224	0	6565
6591	6	18157453473950	none	6566	00e02693	512	224	0	6566
6592	7	18157470692890	none	6567	5127c5d0	512	224	0	6567
6593	0	18157487857770	none	6568	500afe80	512	224	0	6568
6594	1	18157505222210	none	6569	d9b61935	512	224	0	6569
6595	2	18157522448030	none	6570	626c1aea	512	224	0	6570
6596	3	18157539648840	none	6571	614e9fd8	512	224	0	6571
6597	4	18157556970040	none	6572	867cb236	512	224	0	6572
6598	5	18157570169630	none	6573	ac0c0244	512	224	0	6573
6599	6	18157587394090	none	6574	ebf559f5	512	224	0	6574
6600	7	18157604611770	none	6575	58f24a32	512	224	0	6575
6601	0	18157621807000	none	6576	703c415b	512	224	0	6576
6602	1	18157639043700	none	6577	19877151	512	224	0	6577
6603	2	18157656322370	none	6578	ad29dfb6	512	224	0	6578
6604	3	18157673563930	none	6579	88babf83	512	224	0	6579
6605	4	18157686715770	none	6580	9fa3be4f	512	224	0	6580
6606	5	18157703882610	none	6581	14f950f3	512	224	0	6581
6607	6	18157721095170	none	6582	60887510	512	224	0	6582
6608	7	18157738333890	none	6583	646c896c	512	224	0	6583
6609	0	18157755576480	none	6584	c9b0ea7a	512	224	0	6584
6610	1	18157772757010	none	6585	10d398aa	512	224	0	6585
6611	2	18157790099850	none	6586	62f97fca	512	224	0	6586
6612	3	18157803273730	none	6587	63e637d7	512	224	0	6587
6613	4	18157820526330	none	6588	dae3ba1b	512	224	0	6588
6614	5	18157837709740	none	6589	dc9f0be9	512	224	0	6589
6615	6	18157854968340	none	6590	420c89b3	512	224	0	6590
6616	7	18157872202460	none	6591	44d9dafe	512	224	0	6591
6617	0	18157889410800	none	6592	2aeffc10	512	224	0	6592
6618	1	18157902627690	none	6593	8741da1e	512	224	0	6593
6619	2	18157919846130	none	6594	438a3fbe	512	224	0	6594
6620	3	18157937033910	none	6595	2639164a	512	224	0	6595
6621	4	18157954369240	none	6596	e5277080	512	224	0	6596
6622	5	18157971599200	none	6597	b2b809f3	512	224	0	6597
6623	6	18157988790460	none	6598	55d60c44	512	224	0	6598
6624	7	18158006014650	none	6599	ad5e9627	512	224	0	6599
6625	0	18158019202180	none	6600	34596ef7	512	224	0	6600
6626	1	18158036467770	none	6601	52f8388b	512	224	0	6601
6627	2	18158053672300	none	6602	007526cc	512	224	0	6602
6628	3	18158070847730	none	6603	2ba41e98	512	224	0	6603
6629	4	18158088043920	none	6604	fbab2508	512	224	0	6604
6630	5	18158105286230	none	6605	143c87c3	512	224	0	6605
6631	6	18158122516590	none	6606	e9d8787f	512	224	0	6606
6632	7	18158135684030	none	6607	516f1653	512	224	0	6607
6633	0	18158152879330	none	6608	4cbaeb3b	512	224	0	6608
6634	1	18158170124620	none	6609	5d8a65cf	512	224	0	6609
6635	2	18158187393330	none	6610	fefb70ea	512	224	0	6610
6636	3	18158204633770	none	6611	719b409d	512	224	0	6611
6637	4	18158221838660	none	6612	1912439a	512	224	0	6612
6638	5	18158239128000	none	6613	cf13f45f	512	224	0	6613
6639	6	18158252323440	none	6614	719e5d5a	512	224	0	6614
6640	7	18158269544010	none	6615	4f0c1901	512	224	0	6615
6641	0	18158286749600	none	6616	b6498b87	512	224	0	6616
6642	1	18158304004100	none	6617	2085ee44	512	224	0	6617
6643	2	18158321234200	none	6618	ca987eff	512	224	0	6618
6644	3	18158338462100	none	6619	131cfa7b	512	224	0	6619
6645	4	18158355656320	none	6620	0f1f47f7	512	224	0	6620
6646	5	18158368806590	none	6621	4b8feac5	512	224	0	6621
6647	6	18158385986810	none	6622	88b3c38b	512	224	0	6622
6648	7	18158403319490	none	6623	a80bff41	512	224	0	6623
6649	0	18158420570870	none	6624	f53f0305	512	224	0	6624
6650	1	18158437868170	none	6625	02cd0535	512	224	0	6625
6651	2	18158455092200	none	6626	71067d98	512	224	0	6626
6652	3	18158472301960	none	6627	bd4d94ae	512	224	0	6627
6653	4	18158485483470	none	6628	660d15c1	512	224	0	6628
6654	5	18158502680320	none	6629	ff72e684	512	224	0	6629
6655	6	18158519857930	none	6630	8d8d1f2f	512	224	0	6630
6656	7	18158537090970	none	6631	7c8ff98c	512	224	0	6631
6657	0	18158554328110	none	6632	9446edc3	512	224	0	6632
6658	1	18158571565660	none	6633	fc605b7d	512	224	0	6633
6659	2	18158588761640	none	6634	0b603f26	512	224	0	6634
6660	3	18158601920180	none	6635	d156be79	512	224	0	6635
6661	4	18158619136490	none	6636	cdc39ab9	512	224	0	6636
6662	5	18158636365170	none	6637	e7787105	512	224	0	6637
6663	6	18158653590280	none	6638	25025546	512	224	0	6638
6664	7	18158670766100	none	6639	e0f4aaa6	512	224	0	6639
6665	0	18158688105580	none	6640	f21f95c3	512	224	0	6640
6666	1	18158701385340	none	6641	0f6488d5	512	224	0	6641
6667	2	18158718631170	none	6642	6853987e	512	224	0	6642
6668	3	18158735991290	none	6643	95f75c6e	512	224	0	6643
6669	4	18158753204710	none	6644	a7a0870a	512	224	0	6644
6670	5	18158770519630	none	6645	5798e5e3	512	224	0	6645
6671	6	18158787716540	none	6646	7652f960	512	224	0	6646
6672	7	18158804904230	none	6647	84974da4	512	224	0	6647
6673	0	18158818247730	none	6648	5680cb16	512	224	0	6648
6674	1	18158835478800	none	6649	11e474a1	512	224	0	6649
6675	2	18158852779330	none	6650	c8c0703b	512	224	0	6650
6676	3	18158869972900	none	6651	7459964c	512	224	0	6651
6677	4	18158887209190	none	6652	1a306ea4	512	224	0	6652
6678	5	18158904438340	none	6653	6e14c520	512	224	0	6653
6679	6	18158917600440	none	6654	fee66b0e	512	224	0	6654
6680	7	18158934774670	none	6655	55a3990f	512	224	0	6655
6681	0	18158951947360	none	6656	05926c99	512	224	0	6656
6682	1	18158969231000	none	6657	eeb31f41	512	224	0	6657
6683	2	18158986512290	none	6658	54e5e562	512	224	0	6658
6684	3	18159003740090	none	6659	961d8d36	512	224	0	6659
6685	4	18159020890680	none	6660	dda00555	512	224	0	6660
6686	5	18159034085810	none	6661	714e8f70	512	224	0	6661
6687	6	18159051291610	none	6662	7c369078	512	224	0	6662
6688	7	18159068513800	none	6663	c1eb32c4	512	224	0	6663
6689	0	18159085713790	none	6664	fcef380e	512	224	0	6664
6690	1	18159103007510	none	6665	1b1c7aa6	512	224	0	6665
6691	2	18159120213950	none	6666	1a8ce445	512	224	0	6666
6692	3	18159137439570	none	6667	c96d7b47	512	224	0	6667
6693	4	18159150601990	none	6668	a1b3a7bd	512	224	0	6668
6694	5	18159167779540	none	6669	e7f029d5	512	224	0	6669
6695	6	18159184953910	none	6670	0db38edf	512	224	0	6670
6696	7	18159202194110	none	6671	c28808e0	512	224	0	6671
6697	0	18159219417160	none	6672	cd8d07ac	512	224	0	6672
6698	1	18159236758650	none	6673	45d49467	512	224	0	6673
6699	2	18159253982490	none	6674	fe9ebb7e	512	224	0	6674
6700	3	18159267755190	none	6675	53f06613	512	224	0	6675
6701	4	18159285218230	none	6676	e2ef0632	512	224	0	6676
6702	5	18159302443160	none	6677	de44cd22	512	224	0	6677
6703	6	18159319644360	none	6678	e328d156	512	224	0	6678
6704	7	18159336838620	none	6679	f389fd38	512	224	0	6679
6705	0	18159354035420	none	6680	872c0603	512	224	0	6680
6706	1	18159367344610	none	6681	b59030b8	512	224	0	6681
6707	2	18159384562700	none	6682	0ae9a640	512	224	0	6682
6708	3	18159401821960	none	6683	f585a3c1	512	224	0	6683
6709	4	18159419030360	none	6684	0890c75f	512	224	0	6684
6710	5	18159436258740	none	6685	2c85d92b	512	224	0	6685
6711	6	18159453488600	none	6686	34ca62f6	512	224	0	6686
6712	7	18159470689000	none	6687	3e189b59	512	224	0	6687
6713	0	18159483843610	none	6688	bff9f887	512	224	0	6688
6714	1	18159501274390	none	6689	0192ecca	512	224	0	6689
6715	2	18159518591250	none	6690	b4348d51	512	224	0	6690
6716	3	18159535788830	none	6691	cf5e900c	512	224	0	6691
6717	4	18159552971920	none	6692	e0f357dc	512	224	0	6692
6718	5	18159570333590	none	6693	8dbe567a	512	224	0	6693
6719	6	18159583516470	none	6694	23894960	512	224	0	6694
6720	7	18159600822460	none	6695	a58fc8da	512	224	0	6695
6721	0	18159618016420	none	6696	21fe2171	512	224	0	6696
6722	1	18159635268530	none	6697	59c7dbdc	512	224	0	6697
6723	2	18159652492640	none	6698	64a9c032	512	224	0	6698
6724	3	18159669693150	none	6699	a51e2413	512	224	0	6699
6725	4	18159686883640	none	6700	a37b1ee2	512	224	0	6700
6726	5	18159700078910	none	6701	68565236	512	224	0	6701
6727	6	18159717289840	none	6702	bea70203	512	224	0	6702
6728	7	18159734492780	none	6703	d4c2dd97	512	224	0	6703
6729	0	18159751693420	none	6704	431d224d	512	224	0	6704
6730	1	18159768986540	none	6705	fab2b30c	512	224	0	6705
6731	2	18159786225380	none	6706	502a17be	512	224	0	6706
6732	3	18159803442140	none	6707	e4b77736	512	224	0	6707
6733	4	18159816686600	none	6708	5a37ed29	512	224	0	6708
6734	5	18159833901420	none	6709	5a37ed29	512	224	0	6709
6735	6	18159851131740	none	6710	32bb55f6	512	224	0	6710
6736	7	18159868371510	none	6711	32bb55f6	512	224	0	6711
6737	0	18159885575590	none	6712	d16f0a7f	512	224	0	6712
6738	1	18159902794910	none	6713	d16f0a7f	512	224	0	6713
6739	2	18159916131670	none	6714	d16f0a7f	512	224	0	6714
6740	3	18159933339230	none	6715	d16f0a7f	512	224	0	6715
6741	4	18159950650590	none	6716	d16f0a7f	512	224	0	6716
6742	5	18159967835950	none	6717	d16f0a7f	512	224	0	6717
6743	6	18159985126490	none	6718	d16f0a7f	512	224	0	6718
6744	7	18160002340820	none	6719	d16f0a7f	512	224	0	6719
6745	0	18160019653490	none	6720	d16f0a7f	512	224	0	6720
6746	1	18160032913460	none	6721	d16f0a7f	512	224	0	6721
6747	2	18160050184550	none	6722	d16f0a7f	512	224	0	6722
6748	3	18160067430140	none	6723	d16f0a7f	512	224	0	6723
6749	4	18160084624840	none	6724	d16f0a7f	512	224	0	6724
6750	5	18160101803760	none	6725	d16f0a7f	512	224	0	6725
6751	6	18160119180260	none	6726	d16f0a7f	512	224	0	6726
6752	7	18160132432230	none	6727	d16f0a7f	512	224	0	6727
6753	0	18160149786590	none	6728	d16f0a7f	512	224	0	6728
6754	1	18160166974570	none	6729	d16f0a7f	512	224	0	6729
6755	2	18160184238920	none	6730	d16f0a7f	512	224	0	6730
6756	3	18160201527580	none	6731	885f59ba	512	224	0	6731
6757	4	18160218714570	none	6732	f2f7479f	512	224	0	6732
6758	5	18160235914100	none	6733	d8ce7f27	512	224	0	6733
6759	6	18160249118810	none	6734	bc60bca8	512	224	0	6734
6760	7	18160266332740	none	6735	0a81a912	512	224	0	6735
6761	0	18160283553930	none	6736	c02b1799	512	224	0	6736
6762	1	18160300757980	none	6737	9ff26554	512	224	0	6737
6763	2	18160318022930	none	6738	8e1169e7	512	224	0	6738
6764	3	18160335238880	none	6739	ed997b15	512	224	0	6739
6765	4	18160352458970	none	6740	0615612e	512	224	0	6740
6766	5	18160365696410	none	6741	79ba1857	512	224	0	6741
6767	6	18160382889520	none	6742	e9d4342a	512	224	0	6742
6768	7	18160400112870	none	6743	847fb51e	512	224	0	6743
6769	0	18160417395860	none	6744	d753485c	512	224	0	6744
6770	1	18160434583030	none	6745	a6f3b194	512	224	0	6745
6771	2	18160451897620	none	6746	5453b585	512	224	0	6746
6772	3	18160465095180	none	6747	522e4053	512	224	0	6747
6773	4	18160482303200	none	6748	e1afc672	512	224	0	6748
6774	5	18160499537190	none	6749	96b1d3bd	512	224	0	6749
6775	6	18160516727850	none	6750	ba92c58c	512	224	0	6750
6776	7	18160534118580	none	6751	e05ed6d4	512	224	0	6751
6777	0	18160551329010	none	6752	a476f541	512	224	0	6752
6778	1	18160568656640	none	6753	f3438efd	512	224	0	6753
6779	2	18160581911590	none	6754	022eb7e7	512	224	0	6754
6780	3	18160599145390	none	6755	9e09648d	512	224	0	6755
6781	4	18160616386650	none	6756	40eeae09	512	224	0	6756
6782	5	18160633599700	none	6757	f2313e78	512	224	0	6757
6783	6	18160650782090	none	6758	31bd510e	512	224	0	6758
6784	7	18160668137330	none	6759	f904d1ad	512	224	0	6759
6785	0	18160685355270	none	6760	e03f8944	512	224	0	6760
6786	1	18160698543220	none	6761	412b2be5	512	224	0	6761
6787	2	18160715715520	none	6762	ad7f3eaa	512	224	0	6762
6788	3	18160732921300	none	6763	0e9eb4ac	512	224	0	6763
6789	4	18160750142110	none	6764	6f638801	512	224	0	6764
6790	5	18160767389540	none	6765	7b7f8044	512	224	0	6765
6791	6	18160784595020	none	6766	80dcc5c8	512	224	0	6766
6792	7	18160801884930	none	6767	b7629e39	512	224	0	6767
6793	0	18160815094890	none	6768	d82b7617	512	224	0	6768
6794	1	18160832480430	none	6769	7a57c9e7	512	224	0	6769
6795	2	18160849790370	none	6770	90b0da1e	512	224	0	6770
6796	3	18160866981750	none	6771	7495582b	512	224	0	6771
6797	4	18160884188500	none	6772	8254f4cc	512	224	0	6772
6798	5	18160901419030	none	6773	be3b2786	512	224	0	6773
6799	6	18160914614090	none	6774	ec670519	512	224	0	6774
6800	7	18160931821300	none	6775	233befee	512	224	0	6775
6801	0	18160949045200	none	6776	3cc98fa6	512	224	0	6776
6802	1	18160966288650	none	6777	5e2b042e	512	224	0	6777
6803	2	18160983513950	none	6778	1ce2252e	512	224	0	6778
6804	3	18161000739730	none	6779	6339db65	512	224	0	6779
6805	4	18161018053130	none	6780	f1418b39	512	224	0	6780
6806	5	18161031240560	none	6781	9ea77134	512	224	0	6781
6807	6	18161048465660	none	6782	9ed92364	512	224	0	6782
6808	7	18161065657450	none	6783	7f30b363	512	224	0	6783
6809	0	18161082864470	none	6784	d513c129	512	224	0	6784
6810	1	18161100127430	none	6785	67f6dcb2	512	224	0	6785
6811	2	18161117469150	none	6786	26e761f2	512	224	0	6786
6812	3	18161130642110	none	6787	df288337	512	224	0	6787
6813	4	18161147922400	none	6788	19b91371	512	224	0	6788
6814	5	18161165156400	none	6789	71dd5c1b	512	224	0	6789
6815	6	18161182432730	none	6790	ff790d52	512	224	0	6790
6816	7	18161199624370	none	6791	354064f1	512	224	0	6791
6817	0	18161216803960	none	6792	fd7c92b4	512	224	0	6792
6818	1	18161234012170	none	6793	118c0089	512	224	0	6793
6819	2	18161247215760	none	6794	8da895a6	512	224	0	6794
6820	3	18161264437470	none	6795	111f9e5d	512	224	0	6795
6821	4	18161281673270	none	6796	9497e69f	512	224	0	6796
6822	5	18161299001440	none	6797	ff60b872	512	224	0	6797
6823	6	18161316225930	none	6798	181c3060	512	224	0	6798
6824	7	18161333446060	none	6799	2a0bd819	512	224	0	6799
6825	0	18161350629930	none	6800	8c61336d	512	224	0	6800
6826	1	18161363953730	none	6801	f703ecb8	512	224	0	6801
6827	2	18161381195900	none	6802	9a5c5b51	512	224	0	6802
6828	3	18161398440500	none	6803	e94c482b	512	224	0	6803
6829	4	18161415631810	none	6804	daf79657	512	224	0	6804
6830	5	18161432828050	none	6805	a409f5d4	512	224	0	6805
6831	6	18161450070430	none	6806	cf88aea0	512	224	0	6806
6832	7	18161467302430	none	6807	20b86741	512	224	0	6807
6833	0	18161480507190	none	6808	b1b4ea76	512	224	0	6808
6834	1	18161497709800	none	6809	6a3ad139	512	224	0	6809
6835	2	18161514902980	none	6810	ca8499e1	512	224	0	6810
6836	3	18161532134290	none	6811	d35d32a4	512	224	0	6811
6837	4	18161549376610	none	6812	a83ee26d	512	224	0	6812
6838	5	18161566687080	none	6813	99830d27	512	224	0	6813
6839	6	18161579903560	none	6814	72816f7d	512	224	0	6814
6840	7	18161597143090	none	6815	68f8f104	512	224	0	6815
6841	0	18161614363820	none	6816	860ede53	512	224	0	6816
6842	1	18161631685060	none	6817	26662ad8	512	224	0	6817
6843	2	18161648888200	none	6818	b51f85d9	512	224	0	6818
6844	3	18161666268530	none	6819	d3e0d03d	512	224	0	6819
6845	4	18161683494190	none	6820	b367a577	512	224	0	6820
6846	5	18161696646820	none	6821	e58cbc26	512	224	0	6821
6847	6	18161713944380	none	6822	4029c466	512	224	0	6822
6848	7	18161731172860	none	6823	e699db9a	512	224	0	6823
6849	0	18161748399420	none	6824	f2df63ea	512	224	0	6824
6850	1	18161765592430	none	6825	bfc1c925	512	224	0	6825
6851	2	18161782768540	none	6826	ef957fbf	512	224	0	6826
6852	3	18161799973870	none	6827	08088dc8	512	224	0	6827
6853	4	18161813164720	none	6828	d8312f65	512	224	0	6828
6854	5	18161830397910	none	6829	3a641385	512	224	0	6829
6855	6	18161847583740	none	6830	82d31c72	512	224	0	6830
6856	7	18161864782600	none	6831	bde3c8d7	512	224	0	6831
6857	0	18161882063760	none	6832	42cc19e5	512	224	0	6832
6858	1	18161899305850	none	6833	4c2a5408	512	224	0	6833
6859	2	18161916540570	none	6834	ee85f21a	512	224	0	6834
6860	3	18161929701360	none	6835	e01357c2	512	224	0	6835
6861	4	18161946999140	none	6836	d0cac2cd	512	224	0	6836
6862	5	18161964230510	none	6837	05acb401	512	224	0	6837
6863	6	18161981459110	none	6838	35d1d27f	512	224	0	6838
6864	7	18161998661200	none	6839	315dd31c	512	224	0	6839
6865	0	18162015943320	none	6840	9c8fff81	512	224	0	6840
6866	1	18162029142520	none	6841	2031a59b	512	224	0	6841
6867	2	18162046383140	none	6842	8eab9558	512	224	0	6842
6868	3	18162063589030	none	6843	473999db	512	224	0	6843
6869	4	18162080778020	none	6844	dac751e8	512	224	0	6844
6870	5	18162098021980	none	6845	f7ba39b9	512	224	0	6845
6871	6	18162115403360	none	6846	c3d578b3	512	224	0	6846
6872	7	18162132621360	none	6847	8c2574b9	512	224	0	6847
6873	0	18162145774870	none	6848	57e42bd9	512	224	0	6848
6874	1	18162163053990	none	6849	ba36d7b9	512	224	0	6849
6875	2	18162180312310	none	6850	a3c037e7	512	224	0	6850
6876	3	18162197550020	none	6851	9ad38aae	512	224	0	6851
6877	4	18162214737270	none	6852	57dc3288	512	224	0	6852
6878	5	18162231932150	none	6853	03b167c8	512	224	0	6853
6879	6	18162249229470	none	6854	93a7fc40	512	224	0	6854
6880	7	18162262447870	none	6855	01ae6032	512	224	0	6855
6881	0	18162279655860	none	6856	536b9408	512	224	0	6856
6882	1	18162296832020	none	6857	6cc89bfe	512	224	0	6857
6883	2	18162314195810	none	6858	48b2246e	512	224	0	6858
6884	3	18162331423470	none	6859	85a3a742	512	224	0	6859
6885	4	18162348612410	none	6860	5f9bbb54	512	224	0	6860
6886	5	18162361931780	none	6861	ff0566ab	512	224	0	6861
6887	6	18162379168770	none	6862	b5c5555f	512	224	0	6862
6888	7	18162396391060	none	6863	254606e5	512	224	0	6863
6889	0	18162413589510	none	6864	1ee0da23	512	224	0	6864
6890	1	18162430799630	none	6865	7da57e17	512	224	0	6865
6891	2	18162448022210	none	6866	fe60daf3	512	224	0	6866
6892	3	18162465262990	none	6867	5f11670e	512	224	0	6867
6893	4	18162478509060	none	6868	089ed52a	512	224	0	6868
6894	5	18162495766250	none	6869	46f5df37	512	224	0	6869
6895	6	18162512964180	none	6870	2a978bcb	512	224	0	6870
6896	7	18162530189940	none	6871	ad5c12a3	512	224	0	6871
6897	0	18162547421680	none	6872	cb0a1ca8	512	224	0	6872
6898	1	18162564711020	none	6873	27aa84af	512	224	0	6873
6899	2	18162581945370	none	6874	f2891bdb	512	224	0	6874
6900	3	18162595123670	none	6875	61b06cf7	512	224	0	6875
6901	4	18162612417500	none	6876	dbbbbd48	512	224	0	6876
6902	5	18162629604140	none	6877	1db512f1	512	224	0	6877
6903	6	18162646816850	none	6878	31ee8b6e	512	224	0	6878
6904	7	18162664184260	none	6879	711873bd	512	224	0	6879
6905	0	18162681418900	none	6880	6cff9a3d	512	224	0	6880
6906	1	18162698641550	none	6881	70560535	512	224	0	6881
6907	2	18162712073820	none	6882	be55c94c	512	224	0	6882
6908	3	18162729427700	none	6883	f8aa38db	512	224	0	6883
6909	4	18162746634830	none	6884	bba741bc	512	224	0	6884
6910	5	18162763817180	none	6885	deff7b8e	512	224	0	6885
6911	6	18162781072670	none	6886	27db48b9	512	224	0	6886
6912	7	18162798288380	none	6887	05eb4cde	512	224	0	6887
6913	0	18162811489790	none	6888	a49b70c3	512	224	0	6888
6914	1	18162828716350	none	6889	24081c57	512	224	0	6889
6915	2	18162845898300	none	6890	b4f095b9	512	224	0	6890
6916	3	18162863274500	none	6891	a997819e	512	224	0	6891
6917	4	18162880513600	none	6892	223776c1	512	224	0	6892
6918	5	18162897703640	none	6893	a4e40819	512	224	0	6893
6919	6	18162915017560	none	6894	4c9fbe7f	512	224	0	6894
6920	7	18162928201610	none	6895	e8acdeed	512	224	0	6895
6921	0	18162945405370	none	6896	5aa3958f	512	224	0	6896
6922	1	18162962666360	none	6897	37c88b78	512	224	0	6897
6923	2	18162979897580	none	6898	a8a963ee	512	224	0	6898
6924	3	18162997164370	none	6899	c3a4cf31	512	224	0	6899
6925	4	18163014405880	none	6900	83392583	512	224	0	6900
6926	5	18163027559840	none	6901	a05366ff	512	224	0	6901
6927	6	18163044745030	none	6902	4b6bc0c1	512	224	0	6902
6928	7	18163061949660	none	6903	5432f15a	512	224	0	6903
6929	0	18163079167100	none	6904	797dc90e	512	224	0	6904
6930	1	18163096390650	none	6905	be5a4bf2	512	224	0	6905
6931	2	18163113707850	none	6906	ebd702d3	512	224	0	6906
6932	3	18163130949210	none	6907	8526f283	512	224	0	6907
6933	4	18163144144650	none	6908	1e28db42	512	224	0	6908
6934	5	18163161362980	none	6909	8f27ca10	512	224	0	6909
6935	6	18163178556730	none	6910	4dd17fdb	512	224	0	6910
6936	7	18163195767250	none	6911	efb4435c	512	224	0	6911
6937	0	18163213135660	none	6912	0fe72d21	512	224	0	6912
6938	1	18163230400000	none	6913	10a140c9	512	224	0	6913
6939	2	18163247640940	none	6914	4aedb9ad	512	224	0	6914
6940	3	18163260813340	none	6915	56afdbdd	512	224	0	6915
6941	4	18163278117780	none	6916	6e3176ca	512	224	0	6916
6942	5	18163295337610	none	6917	e6c5b0d9	512	224	0	6917
6943	6	18163312640610	none	6918	c6097d4c	512	224	0	6918
6944	7	18163329942990	none	6919	a89e7733	512	224	0	6919
6945	0	18163347178720	none	6920	42c4a097	512	224	0	6920
6946	1	18163360380260	none	6921	62a4dfb9	512	224	0	6921
6947	2	18163377585500	none	6922	e8d06a5a	512	224	0	6922
6948	3	18163394758620	none	6923	9a2ea2ca	512	224	0	6923
6949	4	18163411953820	none	6924	8737202b	512	224	0	6924
6950	5	18163429172510	none	6925	be43f386	512	224	0	6925
6951	6	18163446409150	none	6926	c03de236	512	224	0	6926
6952	7	18163463632300	none	6927	d4a936df	512	224	0	6927
6953	0	18163476806220	none	6928	d263bd5c	512	224	0	6928
6954	1	18163494066810	none	6929	103f6dbb	512	224	0	6929
6955	2	18163511292920	none	6930	6d3bf760	512	224	0	6930
6956	3	18163528529990	none	6931	5dc29746	512	224	0	6931
6957	4	18163545739150	none	6932	b24a52ed	512	224	0	6932
6958	5	18163563046950	none	6933	6adf57a0	512	224	0	6933
6959	6	18163580261040	none	6934	b8ac70bf	512	224	0	6934
6960	7	18163593451060	none	6935	c31211a8	512	224	0	6935
6961	0	18163610652240	none	6936	c3280949	512	224	0	6936
6962	1	18163627869460	none	6937	56037c91	512	224	0	6937
6963	2	18163645103500	none	6938	41f86f31	512	224	0	6938
6964	3	18163662470710	none	6939	7e549de7	512	224	0	6939
6965	4	18163679697120	none	6940	78aea7a1	512	224	0	6940
6966	5	18163696907090	none	6941	312d22e8	512	224	0	6941
6967	6	18163710114080	none	6942	787867db	512	224	0	6942
6968	7	18163727334560	none	6943	da7b169e	512	224	0	6943
6969	0	18163744544580	none	6944	43094929	512	224	0	6944
6970	1	18163761858580	none	6945	66827e0d	512	224	0	6945
6971	2	18163779169780	none	6946	56a7ba87	512	224	0	6946
6972	3	18163796502260	none	6947	4240ed56	512	224	0	6947
6973	4	18163809679600	none	6948	80a958cf	512	224	0	6948
6974	5	18163826869320	none	6949	215b1af2	512	224	0	6949
6975	6	18163844097900	none	6950	aeb4984b	512	224	0	6950
6976	7	18163861453030	none	6951	6c39928e	512	224	0	6951
6977	0	18163878673160	none	6952	13342ea7	512	224	0	6952
6978	1	18163895874460	none	6953	269b6fab	512	224	0	6953
6979	2	18163913107670	none	6954	d83f5171	512	224	0	6954
6980	3	18163926289900	none	6955	42dec516	512	224	0	6955
6981	4	18163943526950	none	6956	bba9cac7	512	224	0	6956
6982	5	18163960709690	none	6957	47fc775c	512	224	0	6957
6983	6	18163977929370	none	6958	bae742a7	512	224	0	6958
6984	7	18163995158040	none	6959	244b382e	512	224	0	6959
6985	0	18164012413870	none	6960	c6cba4b9	512	224	0	6960
6986	1	18164029620940	none	6961	c4c256ab	512	224	0	6961
6987	2	18164042798270	none	6962	82bd60d9	512	224	0	6962
6988	3	18164060042950	none	6963	2101f529	512	224	0	6963
6989	4	18164077245600	none	6964	6a494def	512	224	0	6964
6990	5	18164094480230	none	6965	c182332d	512	224	0	6965
6991	6	18164111766510	none	6966	df8b044f	512	224	0	6966
6992	7	18164128990420	none	6967	8834b74d	512	224	0	6967
6993	0	18164146223840	none	6968	be8a1e4a	512	224	0	6968
6994	1	18164159434240	none	6969	4867c9bc	512	224	0	6969
6995	2	18164176629200	none	6970	5fb66dbf	512	224	0	6970
6996	3	18164193823240	none	6971	247831c2	512	224	0	6971
6997	4	18164211198100	none	6972	ca1acc20	512	224	0	6972
6998	5	18164228481720	none	6973	40969cf5	512	224	0	6973
6999	6	18164245661610	none	6974	94abfbd9	512	224	0	6974
7000	7	18164258816840	none	6975	f8903683	512	224	0	6975
7001	0	18164276111670	none	6976	a7dcf285	512	224	0	6976
7002	1	18164293643590	none	6977	10c9eebe	512	224	0	6977
7003	2	18164311197940	none	6978	f44a17ff	512	224	0	6978
7004	3	18164328461080	none	6979	1163af7f	512	224	0	6979
7005	4	18164345718430	none	6980	5069fe28	512	224	0	6980
7006	5	18164358951910	none	6981	bf27c253	512	224	0	6981
7007	6	18164376395250	none	6982	20baefef	512	224	0	6982
7008	7	18164393590950	none	6983	c27e00f5	512	224	0	6983
7009	0	18164410898180	none	6984	cdb92445	512	224	0	6984
7010	1	18164428139810	none	6985	1a16e896	512	224	0	6985
7011	2	18164445357780	none	6986	f35afe16	512	224	0	6986
7012	3	18164458524790	none	6987	4aaa0259	512	224	0	6987
7013	4	18164475724600	none	6988	574952bf	512	224	0	6988
7014	5	18164492915010	none	6989	3ebaace9	512	224	0	6989
7015	6	18164510261640	none	6990	e21e5df8	512	224	0	6990
7016	7	18164527491320	none	6991	cd2744c9	512	224	0	6991
7017	0	18164544679710	none	6992	2871ca4f	512	224	0	6992
7018	1	18164562095800	none	6993	8ff7be46	512	224	0	6993
7019	2	18164575286060	none	6994	0297b3a7	512	224	0	6994
7020	3	18164592520500	none	6995	a9cf56fc	512	224	0	6995
7021	4	18164609706810	none	6996	f5482b88	512	224	0	6996
7022	5	18164626983780	none	6997	8b1f6c9e	512	224	0	6997
7023	6	18164644203700	none	6998	7cd99365	512	224	0	6998
7024	7	18164661451380	none	6999	de86b813	512	224	0	6999
7025	0	18164678627830	none	7000	455c7862	512	224	0	7000
7026	1	18164691779360	none	7001	1709916a	512	224	0	7001
7027	2	18164709156520	none	7002	c0b6aa3e	512	224	0	7002
7028	3	18164726447200	none	7003	bf679073	512	224	0	7003
7029	4	18164743655130	none	7004	b8af0fa1	512	224	0	7004
7030	5	18164760983700	none	7005	3ccb0920	512	224	0	7005
7031	6	18164778199400	none	7006	01d7eb40	512	224	0	7006
7032	7	18164791396910	none	7007	95efa98f	512	224	0	7007
7033	0	18164808635680	none	7008	41b42827	512	224	0	7008
7034	1	18164825879530	none	7009	12b37b13	512	224	0	7009
7035	2	18164843131470	none	7010	fa0d16d0	512	224	0	7010
7036	3	18164860412110	none	7011	17d95e2c	512	224	0	7011
7037	4	18164877605990	none	7012	d50671f4	512	224	0	7012
7038	5	18164894803430	none	7013	4b3cb22e	512	224	0	7013
7039	6	18164908007140	none	7014	ccd31ab4	512	224	0	7014
7040	7	18164925248540	none	7015	99d8d898	512	224	0	7015
7041	0	18164942469800	none	7016	231622be	512	224	0	7016
7042	1	18164959741530	none	7017	298e3cdf	512	224	0	7017
7043	2	18164976957770	none	7018	e2e4fcbc	512	224	0	7018
7044	3	18164994176010	none	7019	abd2c0ce	512	224	0	7019
7045	4	18165011402230	none	7020	9760f7f3	512	224	0	7020
7046	5	18165024569160	none	7021	33ff39a4	512	224	0	7021
7047	6	18165041826160	none	7022	5439e183	512	224	0	7022
7048	7	18165059189160	none	7023	16123c79	512	224	0	7023
7049	0	18165076424480	none	7024	c5cd3dcb	512	224	0	7024
7050	1	18165093649430	none	7025	2b9f03c5	512	224	0	7025
7051	2	18165111029330	none	7026	a6262ce9	512	224	0	7026
7052	3	18165124264880	none	7027	290438a7	512	224	0	7027
7053	4	18165141570050	none	7028	1dd943a3	512	224	0	7028
7054	5	18165158793510	none	7029	e2d4e1d1	512	224	0	7029
7055	6	18165176048390	none	7030	fccf589a	512	224	0	7030
7056	7	18165193274120	none	7031	1122f44c	512	224	0	7031
7057	0	18165210493480	none	7032	176c7c9b	512	224	0	7032
7058	1	18165227730520	none	7033	68b07177	512	224	0	7033
7059	2	18165240912620	none	7034	7bc35a6c	512	224	0	7034
7060	3	18165258357590	none	7035	ec203c52	512	224	0	7035
7061	4	18165275567640	none	7036	ed04f004	512	224	0	7036
7062	5	18165292760410	none	7037	44739925	512	224	0	7037
7063	6	18165310000140	none	7038	0f31f0af	512	224	0	7038
7064	7	18165327219870	none	7039	c0ace4e1	512	224	0	7039
7065	0	18165340408760	none	7040	7507073f	512	224	0	7040
7066	1	18165357631050	none	7041	9a8f0d0a	512	224	0	7041
7067	2	18165374936060	none	7042	3aefc96e	512	224	0	7042
7068	3	18165392213290	none	7043	5a5bc1f8	512	224	0	7043
7069	4	18165409445910	none	7044	235b13fd	512	224	0	7044
7070	5	18165426635030	none	7045	9a747de8	512	224	0	7045
7071	6	18165443829610	none	7046	aad925d5	512	224	0	7046
7072	7	18165457007700	none	7047	87b65d63	512	224	0	7047
7073	0	18165474211090	none	7048	3fbc03fe	512	224	0	7048
7074	1	18165491532080	none	7049	322c9989	512	224	0	7049
7075	2	18165508865830	none	7050	d1f63106	512	224	0	7050
7076	3	18165526108300	none	7051	97fa302c	512	224	0	7051
7077	4	18165543328240	none	7052	07c61e38	512	224	0	7052
7078	5	18165560517970	none	7053	27c3e4ee	512	224	0	7053
7079	6	18165573661400	none	7054	78481fc7	512	224	0	7054
7080	7	18165590843910	none	7055	e4fa38aa	512	224	0	7055
7081	0	18165608250530	none	7056	dc2b1f42	512	224	0	7056
7082	1	18165625522530	none	7057	9c8661cb	512	224	0	7057
7083	2	18165642724450	none	7058	bd8ea54b	512	224	0	7058
7084	3	18165659943750	none	7059	5995b590	512	224	0	7059
7085	4	18165673260320	none	7060	abacb2fc	512	224	0	7060
7086	5	18165690461630	none	7061	36b885cb	512	224	0	7061
7087	6	18165707728530	none	7062	cf60a798	512	224	0	7062
7088	7	18165725048220	none	7063	7caa506e	512	224	0	7063
7089	0	18165742294910	none	7064	c7cc230c	512	224	0	7064
7090	1	18165759489670	none	7065	8702fae0	512	224	0	7065
7091	2	18165776686140	none	7066	c0ad3521	512	224	0	7066
7092	3	18165789849860	none	7067	ae6db2a3	512	224	0	7067
7093	4	18165807222300	none	7068	05f6632f	512	224	0	7068
7094	5	18165824458410	none	7069	a30c1494	512	224	0	7069
7095	6	18165841714840	none	7070	9ffaf4c8	512	224	0	7070
7096	7	18165858999580	none	7071	ff807d70	512	224	0	7071
7097	0	18165876215960	none	7072	17ca034f	512	224	0	7072
7098	1	18165893468700	none	7073	05874d0f	512	224	0	7073
7099	2	18165906668240	none	7074	68b28a29	512	224	0	7074
7100	3	18165923895260	none	7075	7daa5cb2	512	224	0	7075
7101	4	18165941115910	none	7076	f84b46da	512	224	0	7076
7102	5	18165958380470	none	7077	295702e7	512	224	0	7077
7103	6	18165975599600	none	7078	f09439ce	512	224	0	7078
7104	7	18165992815220	none	7079	c76c95a9	512	224	0	7079
7105	0	18166006075760	none	7080	20fcb514	512	224	0	7080
7106	1	18166023292730	none	7081	0897e3db	512	224	0	7081
7107	2	18166040488690	none	7082	f8b32d08	512	224	0	7082
7108	3	18166057767070	none	7083	9404a4d6	512	224	0	7083
7109	4	18166075053980	none	7084	51e386c8	512	224	0	7084
7110	5	18166092309540	none	7085	dc5776b3	512	224	0	7085
7111	6	18166109511780	none	7086	84b10edf	512	224	0	7086
7112	7	18166122660010	none	7087	7e26070c	512	224	0	7087
7113	0	18166139891280	none	7088	f29b4a34	512	224	0	7088
7114	1	18166157157590	none	7089	079827d8	512	224	0	7089
7115	2	18166174422060	none	7090	bee9df60	512	224	0	7090
7116	3	18166191810790	none	7091	b7161a03	512	224	0	7091
7117	4	18166209094350	none	7092	c70dd9e8	512	224	0	7092
7118	5	18166222418410	none	7093	06ff8f7a	512	224	0	7093
7119	6	18166239603430	none	7094	027d0d6f	512	224	0	7094
7120	7	18166256899990	none	7095	33ac64bb	512	224	0	7095
7121	0	18166274134640	none	7096	24bb633e	512	224	0	7096
7122	1	18166291472130	none	7097	2c146726	512	224	0	7097
7123	2	18166308699210	none	7098	48a3c63a	512	224	0	7098
7124	3	18166325908610	none	7099	9e8fb4c3	512	224	0	7099
7125	4	18166339091810	none	7100	d6bca801	512	224	0	7100
7126	5	18166356438620	none	7101	a3aab445	512	224	0	7101
7127	6	18166373637850	none	7102	e326ea9a	512	224	0	7102
7128	7	18166390830730	none	7103	25ca23d0	512	224	0	7103
7129	0	18166408096280	none	7104	950d1a44	512	224	0	7104
7130	1	18166425376820	none	7105	9e19cccd	512	224	0	7105
7131	2	18166438567040	none	7106	25d371f0	512	224	0	7106
7132	3	18166455952800	none	7107	b42205a1	512	224	0	7107
7133	4	18166473167360	none	7108	20aebeaa	512	224	0	7108
7134	5	18166490409390	none	7109	cbc2886d	512	224	0	7109
7135	6	18166507635140	none	7110	bef6465e	512	224	0	7110
7136	7	18166524943790	none	7111	4e287369	512	224	0	7111
7137	0	18166542173070	none	7112	5c417cff	512	224	0	7112
7138	1	18166555401170	none	7113	c95dd262	512	224	0	7113
7139	2	18166572611950	none	7114	133f3a00	512	224	0	7114
7140	3	18166589788230	none	7115	d068be95	512	224	0	7115
7141	4	18166607026410	none	7116	5e77f722	512	224	0	7116
7142	5	18166624244640	none	7117	d96f6167	512	224	0	7117
7143	6	18166641549390	none	7118	c6778b5a	512	224	0	7118
7144	7	18166658763830	none	7119	a3cd6290	512	224	0	7119
7145	0	18166672086400	none	7120	00339422	512	224	0	7120
7146	1	18166689362610	none	7121	22066412	512	224	0	7121
7147	2	18166706676390	none	7122	7ea6d632	512	224	0	7122
7148	3	18166723912210	none	7123	01191054	512	224	0	7123
7149	4	18166741142080	none	7124	2dbe1c24	512	224	0	7124
7150	5	18166758415900	none	7125	388bfa56	512	224	0	7125
7151	6	18166771662200	none	7126	ef26f32f	512	224	0	7126
7152	7	18166788891750	none	7127	8eb53bc8	512	224	0	7127
7153	0	18166806131280	none	7128	1a76f935	512	224	0	7128
7154	1	18166823384280	none	7129	6b201587	512	224	0	7129
7155	2	18166840587630	none	7130	6dabf204	512	224	0	7130
7156	3	18166857761980	none	7131	0012ebfd	512	224	0	7131
7157	4	18166875177820	none	7132	171972ba	512	224	0	7132
7158	5	18166888381940	none	7133	73e1b0a0	512	224	0	7133
7159	6	18166905690190	none	7134	50eaebeb	512	224	0	7134
7160	7	18166922947430	none	7135	abbf2759	512	224	0	7135
7161	0	18166940180390	none	7136	e16a8757	512	224	0	7136
7162	1	18166957409000	none	7137	03c507e0	512	224	0	7137
7163	2	18166974705320	none	7138	d44cf819	512	224	0	7138
7164	3	18166987938690	none	7139	db5884cf	512	224	0	7139
7165	4	18167005307780	none	7140	27d7d0fb	512	224	0	7140
7166	5	18167022503180	none	7141	66b2eb14	512	224	0	7141
7167	6	18167039691690	none	7142	7c9dfa65	512	224	0	7142
7168	7	18167056905940	none	7143	39c36e29	512	224	0	7143
7169	0	18167074265580	none	7144	ca776cae	512	224	0	7144
7170	1	18167087527290	none	7145	ddf6bd29	512	224	0	7145
7171	2	18167104801910	none	7146	6f85904e	512	224	0	7146
7172	3	18167122026280	none	7147	1cef9288	512	224	0	7147
7173	4	18167139265800	none	7148	d20ae9c3	512	224	0	7148
7174	5	18167156467150	none	7149	01231a81	512	224	0	7149
7175	6	18167173646760	none	7150	d40f299d	512	224	0	7150
7176	7	18167190847170	none	7151	ca2ba74a	512	224	0	7151
7177	0	18167204066260	none	7152	f0ee3dee	512	224	0	7152
7178	1	18167221326820	none	7153	432b4470	512	224	0	7153
7179	2	18167238545390	none	7154	dcd014f0	512	224	0	7154
7180	3	18167255747830	none	7155	14075b5d	512	224	0	7155
7181	4	18167272962230	none	7156	4668b177	512	224	0	7156
7182	5	18167290180690	none	7157	b2fda404	512	224	0	7157
7183	6	18167307408440	none	7158	7a374a78	512	224	0	7158
7184	7	18167320761610	none	7159	1fec1a0f	512	224	0	7159
7185	0	18167337973230	none	7160	0b632a5e	512	224	0	7160
7186	1	18167355200800	none	7161	45ed6d4c	512	224	0	7161
7187	2	18167372415520	none	7162	f8a88385	512	224	0	7162
7188	3	18167389608950	none	7163	812bf468	512	224	0	7163
7189	4	18167406790870	none	7164	7dc962e1	512	224	0	7164
7190	5	18167424153060	none	7165	ca6673c7	512	224	0	7165
7191	6	18167437422410	none	7166	13b03f5e	512	224	0	7166
7192	7	18167454729660	none	7167	57b93b98	512	224	0	7167
7193	0	18167471963110	none	7168	1f7d37b3	512	224	0	7168
7194	1	18167489381530	none	7169	0c00f737	512	224	0	7169
7195	2	18167506619030	none	7170	1c8e1923	512	224	0	7170
7196	3	18167523848280	none	7171	5013400d	512	224	0	7171
7197	4	18167537037110	none	7172	f134affb	512	224	0	7172
7198	5	18167554254610	none	7173	b7cf59a4	512	224	0	7173
7199	6	18167571449940	none	7174	6e73c729	512	224	0	7174
7200	7	18167588653190	none	7175	16bce289	512	224	0	7175
7201	0	18167605858370	none	7176	92816413	512	224	0	7176
7202	1	18167623209740	none	7177	0d1f3d7a	512	224	0	7177
7203	2	18167640456000	none	7178	bd891295	512	224	0	7178
7204	3	18167653603400	none	7179	90ec36f7	512	224	0	7179
7205	4	18167670776700	none	7180	be7f419b	512	224	0	7180
7206	5	18167688010020	none	7181	4788e653	512	224	0	7181
7207	6	18167705222070	none	7182	37a4c641	512	224	0	7182
7208	7	18167722436930	none	7183	bc2ae8c2	512	224	0	7183
7209	0	18167739623960	none	7184	19de5836	512	224	0	7184
7210	1	18167756905670	none	7185	a0f31a32	512	224	0	7185
7211	2	18167770110940	none	7186	69872e98	512	224	0	7186
7212	3	18167787507930	none	7187	5d107e4c	512	224	0	7187
7213	4	18167804701970	none	7188	0321e9d8	512	224	0	7188
7214	5	18167821936190	none	7189	229f780b	512	224	0	7189
7215	6	18167839144490	none	7190	5af9aa3b	512	224	0	7190
7216	7	18167856354700	none	7191	efea7221	512	224	0	7191
7217	0	18167869608410	none	7192	2d89086b	512	224	0	7192
7218	1	18167886889820	none	7193	fb7d0de5	512	224	0	7193
7219	2	18167904117320	none	7194	74f63659	512	224	0	7194
7220	3	18167921434300	none	7195	d2a6da2a	512	224	0	7195
7221	4	18167938650490	none	7196	fc916aec	512	224	0	7196
7222	5	18167955851560	none	7197	8c9a72b4	512	224	0	7197
7223	6	18167973214790	none	7198	fcdf34d2	512	224	0	7198
7224	7	18167986401380	none	7199	61f1f121	512	224	0	7199
7225	0	18168003579920	none	7200	df72491e	512	224	0	7200
7226	1	18168020815740	none	7201	3b68522b	512	224	0	7201
7227	2	18168038092600	none	7202	c832eaf9	512	224	0	7202
7228	3	18168055340650	none	7203	4bb99dfd	512	224	0	7203
7229	4	18168072650600	none	7204	3b1c82d6	512	224	0	7204
7230	5	18168085910880	none	7205	6bdd95ce	512	224	0	7205
7231	6	18168103160260	none	7206	40b577d0	512	224	0	7206
7232	7	18168120393770	none	7207	576962a0	512	224	0	7207
7233	0	18168137612600	none	7208	9540dedd	512	224	0	7208
7234	1	18168154807640	none	7209	c6d9b085	512	224	0	7209
7235	2	18168172159420	none	7210	5b36f23c	512	224	0	7210
7236	3	18168189421210	none	7211	2e4d18fe	512	224	0	7211
7237	4	18168202574990	none	7212	0046b22f	512	224	0	7212
7238	5	18168219746550	none	7213	a9fde2d5	512	224	0	7213
7239	6	18168236974980	none	7214	7e013927	512	224	0	7214
7240	7	18168254186310	none	7215	d26395b8	512	224	0	7215
7241	0	18168271460240	none	7216	aa7cb714	512	224	0	7216
7242	1	18168288681640	none	7217	6f64da46	512	224	0	7217
7243	2	18168305910570	none	7218	89d784bd	512	224	0	7218
7244	3	18168319119060	none	7219	1daf849f	512	224	0	7219
7245	4	18168336469400	none	7220	32994989	512	224	0	7220
7246	5	18168353659230	none	7221	d3e391e2	512	224	0	7221
7247	6	18168370851930	none	7222	5294904b	512	224	0	7222
7248	7	18168388090140	none	7223	d6f68ab3	512	224	0	7223
7249	0	18168405308970	none	7224	88f3b734	512	224	0	7224
7250	1	18168422612940	none	7225	51054390	512	224	0	7225
7251	2	18168435890470	none	7226	9ebe1a79	512	224	0	7226
7252	3	18168453124880	none	7227	89ea9487	512	224	0	7227
7253	4	18168470397280	none	7228	8cac87e2	512	224	0	7228
7254	5	18168487641580	none	7229	30145eb2	512	224	0	7229
7255	6	18168504890010	none	7230	3bd66b53	512	224	0	7230
7256	7	18168522131470	none	7231	e1912490	512	224	0	7231
7257	0	18168535335490	none	7232	47a57307	512	224	0	7232
7258	1	18168552582560	none	7233	f11267a3	512	224	0	7233
7259	2	18168569785050	none	7234	446c8c6f	512	224	0	7234
7260	3	18168587127130	none	7235	9201c7b3	512	224	0	7235
7261	4	18168604328790	none	7236	01cee785	512	224	0	7236
7262	5	18168621634490	none	7237	ea9babe8	512	224	0	7237
7263	6	18168638946490	none	7238	0356d740	512	224	0	7238
7264	7	18168652122460	none	7239	b4cf547b	512	224	0	7239
7265	0	18168669359760	none	7240	a56c34f8	512	224	0	7240
7266	1	18168686558600	none	7241	fadd3479	512	224	0	7241
7267	2	18168703802320	none	7242	b57671ce	512	224	0	7242
7268	3	18168721173350	none	7243	458f53ad	512	224	0	7243
7269	4	18168738413950	none	7244	1d521b73	512	224	0	7244
7270	5	18168751573760	none	7245	7102ba10	512	224	0	7245
7271	6	18168768758680	none	7246	38b33328	512	224	0	7246
7272	7	18168785977890	none	7247	a9eb22f3	512	224	0	7247
7273	0	18168803316540	none	7248	7f68c7e4	512	224	0	7248
7274	1	18168820872570	none	7249	9441c726	512	224	0	7249
7275	2	18168838265920	none	7250	754d25f8	512	224	0	7250
7276	3	18168851481470	none	7251	77f5fbde	512	224	0	7251
7277	4	18168868748060	none	7252	96ce8b22	512	224	0	7252
7278	5	18168886415150	none	7253	f413b4d2	512	224	0	7253
7279	6	18168903962700	none	7254	68cc1871	512	224	0	7254
7280	7	18168921509900	none	7255	8d783ca9	512	224	0	7255
7281	0	18168935044860	none	7256	7d11fba0	512	224	0	7256
7282	1	18168952692940	none	7257	045087f1	512	224	0	7257
7283	2	18168970319710	none	7258	94188657	512	224	0	7258
7284	3	18168987641470	none	7259	a65fcc13	512	224	0	7259
7285	4	18169001390790	none	7260	b1169a22	512	224	0	7260
7286	5	18169019055390	none	7261	0c56945a	512	224	0	7261
7287	6	18169036403290	none	7262	62616f2a	512	224	0	7262
7288	7	18169053961570	none	7263	e059abaf	512	224	0	7263
7289	0	18169067583440	none	7264	978fd496	512	224	0	7264
7290	1	18169085065040	none	7265	a6845f83	512	224	0	7265
7291	2	18169102718520	none	7266	bc9b7995	512	224	0	7266
7292	3	18169120408260	none	7267	f22e33ce	512	224	0	7267
7293	4	18169137791770	none	7268	d5420cdc	512	224	0	7268
7294	5	18169150997110	none	7269	5f7c9d9a	512	224	0	7269
7295	6	18169168222060	none	7270	ff57e72a	512	224	0	7270
7296	7	18169185406780	none	7271	1b265f0d	512	224	0	7271
7297	0	18169202591220	none	7272	a96e15fe	512	224	0	7272
7298	1	18169219782940	none	7273	6089dce2	512	224	0	7273
7299	2	18169237021610	none	7274	ddccf2be	512	224	0	7274
7300	3	18169254236120	none	7275	869cdfa9	512	224	0	7275
7301	4	18169267404010	none	7276	3fec366f	512	224	0	7276
7302	5	18169284611050	none	7277	313b9474	512	224	0	7277
7303	6	18169301819770	none	7278	064ca506	512	224	0	7278
7304	7	18169319037270	none	7279	724458e8	512	224	0	7279
7305	0	18169336305410	none	7280	0ceb66d8	512	224	0	7280
7306	1	18169353525130	none	7281	49785e8c	512	224	0	7281
7307	2	18169370874650	none	7282	a7972248	512	224	0	7282
7308	3	18169384242160	none	7283	7729aa5e	512	224	0	7283
7309	4	18169401579150	none	7284	6c09d027	512	224	0	7284
7310	5	18169418793830	none	7285	f7160aa8	512	224	0	7285
7311	6	18169436085490	none	7286	e0e8e3a1	512	224	0	7286
7312	7	18169453316110	none	7287	0c02b6a0	512	224	0	7287
7313	0	18169470539000	none	7288	0541fedf	512	224	0	7288
7314	1	18169483679250	none	7289	d226b82f	512	224	0	7289
7315	2	18169500987420	none	7290	4ef79ac7	512	224	0	7290
7316	3	18169518185790	none	7291	008d278a	512	224	0	7291
7317	4	18169535397180	none	7292	0138f25e	512	224	0	7292
7318	5	18169552606990	none	7293	27de4ee6	512	224	0	7293
7319	6	18169569906380	none	7294	fc591467	512	224	0	7294
7320	7	18169587169630	none	7295	b9c101ce	512	224	0	7295
7321	0	18169600354350	none	7296	569b7179	512	224	0	7296
7322	1	18169617632320	none	7297	2c881cfb	512	224	0	7297
7323	2	18169634877930	none	7298	fa3cf5c6	512	224	0	7298
7324	3	18169652123370	none	7299	36a41e03	512	224	0	7299
7325	4	18169669514760	none	7300	85a65aba	512	224	0	7300
7326	5	18169686711190	none	7301	2c64f75b	512	224	0	7301
7327	6	18169699886750	none	7302	22e50a24	512	224	0	7302
7328	7	18169717095080	none	7303	626928b3	512	224	0	7303
7329	0	18169734305100	none	7304	cb50d43c	512	224	0	7304
7330	1	18169751505220	none	7305	da7b64ad	512	224	0	7305
7331	2	18169768694590	none	7306	f517ea9d	512	224	0	7306
7332	3	18169785910260	none	7307	e0272dcc	512	224	0	7307
7333	4	18169803131460	none	7308	2cb3cf3e	512	224	0	7308
7334	5	18169816336800	none	7309	05074ed6	512	224	0	7309
7335	6	18169833524360	none	7310	129b191a	512	224	0	7310
7336	7	18169850730410	none	7311	de77bf8a	512	224	0	7311
7337	0	18169867956400	none	7312	541e7fe2	512	224	0	7312
7338	1	18169885228640	none	7313	7b7fb582	512	224	0	7313
7339	2	18169902459090	none	7314	50be8710	512	224	0	7314
7340	3	18169919681140	none	7315	e4d4e267	512	224	0	7315
7341	4	18169932925850	none	7316	93a26747	512	224	0	7316
7342	5	18169950146390	none	7317	3072461e	512	224	0	7317
7343	6	18169967388380	none	7318	0e393cb8	512	224	0	7318
7344	7	18169984571280	none	7319	757f8c03	512	224	0	7319
7345	0	18170001760840	none	7320	6ac4c0e9	512	224	0	7320
7346	1	18170019090440	none	7321	b6ed08ee	512	224	0	7321
7347	2	18170036314440	none	7322	0d1c4bf6	512	224	0	7322
7348	3	18170049477480	none	7323	2ef3bc75	512	224	0	7323
7349	4	18170066658640	none	7324	010d7f71	512	224	0	7324
7350	5	18170083892260	none	7325	404d1528	512	224	0	7325
7351	6	18170101116500	none	7326	e46c926b	512	224	0	7326
7352	7	18170118454430	none	7327	2f1df528	512	224	0	7327
7353	0	18170135639080	none	7328	3e869c09	512	224	0	7328
7354	1	18170152890900	none	7329	c1159e69	512	224	0	7329
7355	2	18170166101530	none	7330	d131f3cc	512	224	0	7330
7356	3	18170183335870	none	7331	32d81c3d	512	224	0	7331
7357	4	18170200531340	none	7332	e13f10cf	512	224	0	7332
7358	5	18170217730160	none	7333	aaffa524	512	224	0	7333
7359	6	18170234954950	none	7334	ebd38f1c	512	224	0	7334
7360	7	18170252168340	none	7335	f9d365d6	512	224	0	7335
7361	0	18170269402010	none	7336	724abbc1	512	224	0	7336
7362	1	18170282554160	none	7337	6c799361	512	224	0	7337
7363	2	18170299780290	none	7338	81673bf6	512	224	0	7338
7364	3	18170316998730	none	7339	3061b870	512	224	0	7339
7365	4	18170334212660	none	7340	86f5c6a9	512	224	0	7340
7366	5	18170351469630	none	7341	de126688	512	224	0	7341
7367	6	18170368756830	none	7342	0190438b	512	224	0	7342
7368	7	18170385975440	none	7343	360f1b30	512	224	0	7343
7369	0	18170399142120	none	7344	92a72817	512	224	0	7344
7370	1	18170416385900	none	7345	5f1c87d3	512	224	0	7345
7371	2	18170433624580	none	7346	4b283116	512	224	0	7346
7372	3	18170450903890	none	7347	db9acf88	512	224	0	7347
7373	4	18170468141470	none	7348	55373d20	512	224	0	7348
7374	5	18170485378870	none	7349	181c44b8	512	224	0	7349
7375	6	18170498528010	none	7350	f5631176	512	224	0	7350
7376	7	18170515717930	none	7351	9ae1121d	512	224	0	7351
7377	0	18170533098330	none	7352	fcd88696	512	224	0	7352
7378	1	18170550335270	none	7353	7ac5f40e	512	224	0	7353
7379	2	18170567636900	none	7354	c831c54b	512	224	0	7354
7380	3	18170584944170	none	7355	19489591	512	224	0	7355
7381	4	18170602164580	none	7356	540dfdab	512	224	0	7356
7382	5	18170615365800	none	7357	c81d5b49	512	224	0	7357
7383	6	18170632563830	none	7358	b1e02114	512	224	0	7358
7384	7	18170649776120	none	7359	18f26c3d	512	224	0	7359
7385	0	18170667125620	none	7360	5609ded0	512	224	0	7360
7386	1	18170684372170	none	7361	be98d686	512	224	0	7361
7387	2	18170701684790	none	7362	986713f6	512	224	0	7362
7388	3	18170714970900	none	7363	7d2557f8	512	224	0	7363
7389	4	18170732210890	none	7364	69cb03ee	512	224	0	7364
7390	5	18170749410800	none	7365	f98d4aad	512	224	0	7365
7391	6	18170766585870	none	7366	c4713d24	512	224	0	7366
7392	7	18170783800070	none	7367	2855afde	512	224	0	7367
7393	0	18170801030650	none	7368	bd7f5f2f	512	224	0	7368
7394	1	18170818276740	none	7369	5c5c67a7	512	224	0	7369
7395	2	18170831446750	none	7370	9b233b61	512	224	0	7370
7396	3	18170848629740	none	7371	fc2b40d7	512	224	0	7371
7397	4	18170865823190	none	7372	5a1a3876	512	224	0	7372
7398	5	18170883120640	none	7373	f493e30f	512	224	0	7373
7399	6	18170900388640	none	7374	368d839a	512	224	0	7374
7400	7	18170917589020	none	7375	f44e4311	512	224	0	7375
7401	0	18170934779790	none	7376	de871ebb	512	224	0	7376
7402	1	18170948070280	none	7377	a376f818	512	224	0	7377
7403	2	18170965337940	none	7378	fbc95174	512	224	0	7378
7404	3	18170982608120	none	7379	a76fb1dc	512	224	0	7379
7405	4	18170999911090	none	7380	b9569efb	512	224	0	7380
7406	5	18171017155500	none	7381	a4eefd3f	512	224	0	7381
7407	6	18171034387240	none	7382	5e4b6216	512	224	0	7382
7408	7	18171051590510	none	7383	932ec682	512	224	0	7383
7409	0	18171064745070	none	7384	e81e8b0c	512	224	0	7384
7410	1	18171082075080	none	7385	20ad91cc	512	224	0	7385
7411	2	18171099286060	none	7386	5e93a995	512	224	0	7386
7412	3	18171116580710	none	7387	b06314b2	512	224	0	7387
7413	4	18171133779440	none	7388	4755a75b	512	224	0	7388
7414	5	18171151013090	none	7389	5a0d90aa	512	224	0	7389
7415	6	18171164223900	none	7390	4c673667	512	224	0	7390
7416	7	18171181406150	none	7391	7b1dd9a6	512	224	0	7391
7417	0	18171198584060	none	7392	51e55412	512	224	0	7392
7418	1	18171215834340	none	7393	ebdc19bf	512	224	0	7393
7419	2	18171233120670	none	7394	b93eb806	512	224	0	7394
7420	3	18171250343820	none	7395	d5ca9150	512	224	0	7395
7421	4	18171267532430	none	7396	40acf8a5	512	224	0	7396
7422	5	18171280686030	none	7397	21c2efbb	512	224	0	7397
7423	6	18171297990330	none	7398	f7002ff4	512	224	0	7398
7424	7	18171315207000	none	7399	d1f1c17a	512	224	0	7399
7425	0	18171332404580	none	7400	c3ec092a	512	224	0	7400
7426	1	18171349584130	none	7401	96edc578	512	224	0	7401
7427	2	18171366785650	none	7402	96477d35	512	224	0	7402
7428	3	18171384003890	none	7403	148c553d	512	224	0	7403
7429	4	18171397179540	none	7404	c4571e1d	512	224	0	7404
7430	5	18171414380340	none	7405	58652577	512	224	0	7405
7431	6	18171431574950	none	7406	e722cd26	512	224	0	7406
7432	7	18171448883100	none	7407	05e9336c	512	224	0	7407
7433	0	18171466109370	none	7408	27595583	512	224	0	7408
7434	1	18171483390880	none	7409	84c8579f	512	224	0	7409
7435	2	18171500588070	none	7410	181d498b	512	224	0	7410
7436	3	18171513741270	none	7411	a982428c	512	224	0	7411
7437	4	18171531095940	none	7412	d71dde74	512	224	0	7412
7438	5	18171548321960	none	7413	67914e10	512	224	0	7413
7439	6	18171565610940	none	7414	673615cf	512	224	0	7414
7440	7	18171582933350	none	7415	4761443a	512	224	0	7415
7441	0	18171600134850	none	7416	47f71d27	512	224	0	7416
7442	1	18171617375850	none	7417	e60cd6fe	512	224	0	7417
7443	2	18171630518880	none	7418	211a1c90	512	224	0	7418
7444	3	18171647706850	none	7419	20276dcf	512	224	0	7419
7445	4	18171664926210	none	7420	5bfa4896	512	224	0	7420
7446	5	18171682142580	none	7421	d3d3945d	512	224	0	7421
7447	6	18171699383080	none	7422	2192efba	512	224	0	7422
7448	7	18171716584340	none	7423	7bea4535	512	224	0	7423
7449	0	18171733786170	none	7424	30c08955	512	224	0	7424
7450	1	18171747138310	none	7425	bdf7581e	512	224	0	7425
7451	2	18171764398070	none	7426	c1f4f923	512	224	0	7426
7452	3	18171781621690	none	7427	ceba32bb	512	224	0	7427
7453	4	18171798819700	none	7428	66591692	512	224	0	7428
7454	5	18171816095680	none	7429	e255c7a5	512	224	0	7429
7455	6	18171833331350	none	7430	0cc5d5a2	512	224	0	7430
7456	7	18171846495820	none	7431	d2b6184f	512	224	0	7431
7457	0	18171863667100	none	7432	a17616e3	512	224	0	7432
7458	1	18171880881250	none	7433	fe961ae8	512	224	0	7433
7459	2	18171898112470	none	7434	4a4af29c	512	224	0	7434
7460	3	18171915350510	none	7435	593ae8f3	512	224	0	7435
7461	4	18171932545450	none	7436	884f6ef5	512	224	0	7436
7462	5	18171949777700	none	7437	750eef79	512	224	0	7437
7463	6	18171962946920	none	7438	0c957d6b	512	224	0	7438
7464	7	18171980220510	none	7439	19c3137e	512	224	0	7439
7465	0	18171997430560	none	7440	2cf262ca	512	224	0	7440
7466	1	18172014761450	none	7441	4c7b0387	512	224	0	7441
7467	2	18172032042770	none	7442	3f265cf1	512	224	0	7442
7468	3	18172049264540	none	7443	e0479ea6	512	224	0	7443
7469	4	18172066468990	none	7444	da764ac3	512	224	0	7444
7470	5	18172079620470	none	7445	2c2bdb7b	512	224	0	7445
7471	6	18172096825860	none	7446	94158429	512	224	0	7446
7472	7	18172114184000	none	7447	0660d60a	512	224	0	7447
7473	0	18172131365120	none	7448	b6c9921a	512	224	0	7448
7474	1	18172148558410	none	7449	f75b48dc	512	224	0	7449
7475	2	18172165768650	none	7450	5bc58080	512	224	0	7450
7476	3	18172183021240	none	7451	9422f4ef	512	224	0	7451
7477	4	18172196196250	none	7452	20161e35	512	224	0	7452
7478	5	18172213388770	none	7453	2d24561c	512	224	0	7453
7479	6	18172230569740	none	7454	edf5cd4d	512	224	0	7454
7480	7	18172247875140	none	7455	62c8f121	512	224	0	7455
7481	0	18172265119760	none	7456	e6ae6c67	512	224	0	7456
7482	1	18172282377270	none	7457	dc3d5716	512	224	0	7457
7483	2	18172295578180	none	7458	8bce07f5	512	224	0	7458
7484	3	18172312846680	none	7459	b114b246	512	224	0	7459
7485	4	18172330075550	none	7460	559218ed	512	224	0	7460
7486	5	18172347298970	none	7461	59f2aad8	512	224	0	7461
7487	6	18172364504900	none	7462	44568981	512	224	0	7462
7488	7	18172381698740	none	7463	d2e4ff58	512	224	0	7463
7489	0	18172399058460	none	7464	016d9608	512	224	0	7464
7490	1	18172412252810	none	7465	0ff46962	512	224	0	7465
7491	2	18172429447670	none	7466	3f011075	512	224	0	7466
7492	3	18172446628120	none	7467	9cfee293	512	224	0	7467
7493	4	18172463919010	none	7468	4e5e4e5d	512	224	0	7468
7494	5	18172481214840	none	7469	7d493be6	512	224	0	7469
7495	6	18172498424050	none	7470	6dc70881	512	224	0	7470
7496	7	18172515704120	none	7471	3283afaf	512	224	0	7471
7497	0	18172528898680	none	7472	0c38799d	512	224	0	7472
7498	1	18172546115210	none	7473	1e3cc84f	512	224	0	7473
7499	2	18172563464210	none	7474	6c6eea10	512	224	0	7474
7500	3	18172580698450	none	7475	2fd49ebc	512	224	0	7475
7501	4	18172597933890	none	7476	1ae2ef0c	512	224	0	7476
7502	5	18172615173230	none	7477	87611091	512	224	0	7477
7503	6	18172632369780	none	7478	c4b18c27	512	224	0	7478
7504	7	18172645519310	none	7479	b1bc9fed	512	224	0	7479
7505	0	18172662709630	none	7480	216b9b65	512	224	0	7480
7506	1	18172679933200	none	7481	cc68f187	512	224	0	7481
7507	2	18172697208210	none	7482	957c5fae	512	224	0	7482
7508	3	18172714408130	none	7483	25dcdc54	512	224	0	7483
7509	4	18172731682990	none	7484	fb60775c	512	224	0	7484
7510	5	18172744887940	none	7485	89672ff4	512	224	0	7485
7511	6	18172762245470	none	7486	41dd6602	512	224	0	7486
7512	7	18172779441250	none	7487	6f77de70	512	224	0	7487
7513	0	18172796633560	none	7488	d1596399	512	224	0	7488
7514	1	18172813986020	none	7489	765b067f	512	224	0	7489
7515	2	18172831252590	none	7490	88f13d64	512	224	0	7490
7516	3	18172848478100	none	7491	d57a3dbc	512	224	0	7491
7517	4	18172861657240	none	7492	997386f9	512	224	0	7492
7518	5	18172878882130	none	7493	6e450ee1	512	224	0	7493
7519	6	18172896102250	none	7494	13ed786a	512	224	0	7494
7520	7	18172913369670	none	7495	162a217f	512	224	0	7495
7521	0	18172931010340	none	7496	0a8ff6e5	512	224	0	7496
7522	1	18172944670950	none	7497	5c93a84c	512	224	0	7497
7523	2	18172961893310	none	7498	805669ec	512	224	0	7498
7524	3	18172979116980	none	7499	22c0d095	512	224	0	7499
7525	4	18172996410040	none	7500	1eaafef6	512	224	0	7500
7526	5	18173013619630	none	7501	ef0f00fd	512	224	0	7501
7527	6	18173030856170	none	7502	e8a856c4	512	224	0	7502
7528	7	18173048076700	none	7503	3182a95a	512	224	0	7503
7529	0	18173061269810	none	7504	357e38c5	512	224	0	7504
7530	1	18173078525860	none	7505	f2d9e9d1	512	224	0	7505
7531	2	18173095750550	none	7506	962b72d2	512	224	0	7506
7532	3	18173113072900	none	7507	bcb7fa12	512	224	0	7507
7533	4	18173130301480	none	7508	359279f9	512	224	0	7508
7534	5	18173147495810	none	7509	4e3a2bdf	512	224	0	7509
7535	6	18173164699730	none	7510	f104b8ce	512	224	0	7510
7536	7	18173177890040	none	7511	779585a5	512	224	0	7511
7537	0	18173195086740	none	7512	7e802969	512	224	0	7512
7538	1	18173212321520	none	7513	6c6c35dc	512	224	0	7513
7539	2	18173229535670	none	7514	8fc2514f	512	224	0	7514
7540	3	18173246745790	none	7515	991c6b84	512	224	0	7515
7541	4	18173263969940	none	7516	14a2fee7	512	224	0	7516
7542	5	18173277294900	none	7517	5b6dbdc9	512	224	0	7517
7543	6	18173294468280	none	7518	8781c093	512	224	0	7518
7544	7	18173311752230	none	7519	c3296180	512	224	0	7519
7545	0	18173328976850	none	7520	8a6c5fd7	512	224	0	7520
7546	1	18173346249960	none	7521	28d85602	512	224	0	7521
7547	2	18173363479750	none	7522	2be3ce7b	512	224	0	7522
7548	3	18173380667720	none	7523	70147a9d	512	224	0	7523
7549	4	18173393869520	none	7524	e234dbd9	512	224	0	7524
7550	5	18173411253950	none	7525	eeb177a4	512	224	0	7525
7551	6	18173428461130	none	7526	d7947a36	512	224	0	7526
7552	7	18173445650090	none	7527	c652f7c5	512	224	0	7527
7553	0	18173462989760	none	7528	b0a60002	512	224	0	7528
7554	1	18173480224290	none	7529	45365607	512	224	0	7529
7555	2	18173497435240	none	7530	8d143b36	512	224	0	7530
7556	3	18173510607640	none	7531	084e5967	512	224	0	7531
7557	4	18173527829670	none	7532	0ac03e1c	512	224	0	7532
7558	5	18173545038630	none	7533	d385cd69	512	224	0	7533
7559	6	18173562280430	none	7534	2e51ac9e	512	224	0	7534
7560	7	18173579466920	none	7535	df9a3135	512	224	0	7535
7561	0	18173596665330	none	7536	01dbe9e5	512	224	0	7536
7562	1	18173613947940	none	7537	0d9d56b8	512	224	0	7537
7563	2	18173627284380	none	7538	0c4b8ac2	512	224	0	7538
7564	3	18173644528280	none	7539	7fd1ed06	512	224	0	7539
7565	4	18173661975760	none	7540	b109884b	512	224	0	7540
7566	5	18173679211640	none	7541	6abce3c6	512	224	0	7541
7567	6	18173696399260	none	7542	4c539f8a	512	224	0	7542
7568	7	18173713585040	none	7543	1d062564	512	224	0	7543
7569	0	18173726877130	none	7544	acbbbed4	512	224	0	7544
7570	1	18173744196680	none	7545	ed3fffcf	512	224	0	7545
7571	2	18173761386040	none	7546	086e8969	512	224	0	7546
7572	3	18173778595210	none	7547	b314b6e4	512	224	0	7547
7573	4	18173795816890	none	7548	885f60ed	512	224	0	7548
7574	5	18173813026690	none	7549	02d1d329	512	224	0	7549
7575	6	18173830377970	none	7550	eb6398e4	512	224	0	7550
7576	7	18173843549310	none	7551	b8d33072	512	224	0	7551
7577	0	18173860883020	none	7552	9a6b75fb	512	224	0	7552
7578	1	18173878114450	none	7553	c1bc2c45	512	224	0	7553
7579	2	18173895386860	none	7554	a0f40bd4	512	224	0	7554
7580	3	18173912621770	none	7555	378bb8b8	512	224	0	7555
7581	4	18173929857280	none	7556	564c73af	512	224	0	7556
7582	5	18173943045620	none	7557	7f201af0	512	224	0	7557
7583	6	18173960407500	none	7558	fe6efdc4	512	224	0	7558
7584	7	18173977591800	none	7559	bb06f9db	512	224	0	7559
7585	0	18173994823670	none	7560	5a684286	512	224	0	7560
7586	1	18174012062390	none	7561	ab1eed17	512	224	0	7561
7587	2	18174029311220	none	7562	a4709390	512	224	0	7562
7588	3	18174046496410	none	7563	8c650fd2	512	224	0	7563
7589	4	18174059660250	none	7564	1041a9e8	512	224	0	7564
7590	5	18174076888580	none	7565	17c0890a	512	224	0	7565
7591	6	18174094103190	none	7566	b870e0f0	512	224	0	7566
7592	7	18174111330530	none	7567	81b78efd	512	224	0	7567
7593	0	18174128513360	none	7568	09ba5116	512	224	0	7568
7594	1	18174145774080	none	7569	5a4bc05f	512	224	0	7569
7595	2	18174163189330	none	7570	fc36dd09	512	224	0	7570
7596	3	18174176404520	none	7571	f2da669e	512	224	0	7571
7597	4	18174193647370	none	7572	ab472770	512	224	0	7572
7598	5	18174211028380	none	7573	9157c03f	512	224	0	7573
7599	6	18174228270010	none	7574	047dff02	512	224	0	7574
7600	7	18174245544190	none	7575	70a28144	512	224	0	7575
7601	0	18174262754690	none	7576	039e227f	512	224	0	7576
7602	1	18174276025140	none	7577	0cd24812	512	224	0	7577
7603	2	18174293268520	none	7578	4b8b8f32	512	224	0	7578
7604	3	18174310479750	none	7579	b15b3e49	512	224	0	7579
7605	4	18174327680350	none	7580	733a16b1	512	224	0	7580
7606	5	18174345057140	none	7581	de3ba015	512	224	0	7581
7607	6	18174362299710	none	7582	9c4fed31	512	224	0	7582
7608	7	18174375569630	none	7583	0ff3290f	512	224	0	7583
7609	0	18174392891950	none	7584	5c9a381d	512	224	0	7584
7610	1	18174410238060	none	7585	7d165518	512	224	0	7585
7611	2	18174427605070	none	7586	145346a6	512	224	0	7586
7612	3	18174444944560	none	7587	8214c1b1	512	224	0	7587
7613	4	18174462218290	none	7588	6c43e403	512	224	0	7588
7614	5	18174475516720	none	7589	dc0bdf72	512	224	0	7589
7615	6	18174492895060	none	7590	ae262c08	512	224	0	7590
7616	7	18174510138600	none	7591	7754d542	512	224	0	7591
7617	0	18174527413330	none	7592	67828fa3	512	224	0	7592
7618	1	18174544617620	none	7593	4a53b3dd	512	224	0	7593
7619	2	18174561838740	none	7594	38b9af41	512	224	0	7594
7620	3	18174575173470	none	7595	20ce0825	512	224	0	7595
7621	4	18174592379110	none	7596	7421f4f7	512	224	0	7596
7622	5	18174609671520	none	7597	0027fe2f	512	224	0	7597
7623	6	18174626956770	none	7598	a7c6dc88	512	224	0	7598
7624	7	18174644168580	none	7599	ac0f9051	512	224	0	7599
7625	0	18174661364960	none	7600	eb671c06	512	224	0	7600
7626	1	18174678705580	none	7601	d71cf89b	512	224	0	7601
7627	2	18174691984130	none	7602	08a64fb2	512	224	0	7602
7628	3	18174709243130	none	7603	bbeae3fa	512	224	0	7603
7629	4	18174726462940	none	7604	dec7e069	512	224	0	7604
7630	5	18174743733590	none	7605	cac2bee5	512	224	0	7605
7631	6	18174760952250	none	7606	f549cb7b	512	224	0	7606
7632	7	18174778316440	none	7607	a5d76636	512	224	0	7607
7633	0	18174795487370	none	7608	a87099a0	512	224	0	7608
7634	1	18174808653680	none	7609	1e9450fa	512	224	0	7609
7635	2	18174825947220	none	7610	a8705cb4	512	224	0	7610
7636	3	18174843210740	none	7611	019fbcdd	512	224	0	7611
7637	4	18174860414280	none	7612	d402ea7e	512	224	0	7612
7638	5	18174877623190	none	7613	f055c590	512	224	0	7613
7639	6	18174894852830	none	7614	e062a1cd	512	224	0	7614
7640	7	18174908026490	none	7615	5e15b532	512	224	0	7615
7641	0	18174925281940	none	7616	d7535b97	512	224	0	7616
7642	1	18174942499750	none	7617	acf4708e	512	224	0	7617
7643	2	18174959743800	none	7618	4c1b4fe7	512	224	0	7618
7644	3	18174976992790	none	7619	b99b5416	512	224	0	7619
7645	4	18174994240920	none	7620	1d1d4f93	512	224	0	7620
7646	5	18175011451420	none	7621	52fb2ede	512	224	0	7621
7647	6	18175024773720	none	7622	257f0d8a	512	224	0	7622
7648	7	18175042010560	none	7623	88251952	512	224	0	7623
7649	0	18175059258540	none	7624	3c18ead7	512	224	0	7624
7650	1	18175076437340	none	7625	043540c7	512	224	0	7625
7651	2	18175093669650	none	7626	6e3c4a54	512	224	0	7626
7652	3	18175110900300	none	7627	0854044d	512	224	0	7627
7653	4	18175128272930	none	7628	6619ed3b	512	224	0	7628
7654	5	18175141430880	none	7629	e5e56663	512	224	0	7629
7655	6	18175158676930	none	7630	39051539	512	224	0	7630
7656	7	18175175912880	none	7631	d54e5d00	512	224	0	7631
7657	0	18175193137040	none	7632	e741f7ab	512	224	0	7632
7658	1	18175210501150	none	7633	514525f4	512	224	0	7633
7659	2	18175227924770	none	7634	659bf536	512	224	0	7634
7660	3	18175241189530	none	7635	4f956389	512	224	0	7635
7661	4	18175258439020	none	7636	aa3c8f52	512	224	0	7636
7662	5	18175275640100	none	7637	1ac98516	512	224	0	7637
7663	6	18175292902520	none	7638	6bb8bca4	512	224	0	7638
7664	7	18175310144890	none	7639	fc7090b7	512	224	0	7639
7665	0	18175327468820	none	7640	5cd60f16	512	224	0	7640
7666	1	18175340638710	none	7641	754df955	512	224	0	7641
7667	2	18175358004540	none	7642	111e763b	512	224	0	7642
7668	3	18175375259060	none	7643	4a149903	512	224	0	7643
7669	4	18175392479050	none	7644	b4298aac	512	224	0	7644
7670	5	18175409679320	none	7645	b558b875	512	224	0	7645
7671	6	18175426904470	none	7646	3cc432c8	512	224	0	7646
7672	7	18175444151760	none	7647	21a7a64a	512	224	0	7647
7673	0	18175457315820	none	7648	fc9d4381	512	224	0	7648
7674	1	18175474713000	none	7649	c91c9ec9	512	224	0	7649
7675	2	18175492001090	none	7650	810f19b5	512	224	0	7650
7676	3	18175509249390	none	7651	1244cbaf	512	224	0	7651
7677	4	18175526460380	none	7652	9d7bf122	512	224	0	7652
7678	5	18175543764570	none	7653	2351acb1	512	224	0	7653
7679	6	18175556960220	none	7654	a12ab0b6	512	224	0	7654
7680	7	18175574192820	none	7655	f50be0e4	512	224	0	7655
7681	0	18175591485970	none	7656	f2ee9675	512	224	0	7656
7682	1	18175608737130	none	7657	d2e04289	512	224	0	7657
7683	2	18175626142120	none	7658	5ba16a47	512	224	0	7658
7684	3	18175643340740	none	7659	09bc8d4b	512	224	0	7659
7685	4	18175660530990	none	7660	f5ce2560	512	224	0	7660
7686	5	18175673700030	none	7661	469af9a4	512	224	0	7661
7687	6	18175690919700	none	7662	70c4b4f6	512	224	0	7662
7688	7	18175708233540	none	7663	4011a2bd	512	224	0	7663
7689	0	18175725455080	none	7664	3ca556b3	512	224	0	7664
7690	1	18175742710610	none	7665	199dd265	512	224	0	7665
7691	2	18175759962370	none	7666	94bfe60f	512	224	0	7666
7692	3	18175773201600	none	7667	669a682c	512	224	0	7667
7693	4	18175790414310	none	7668	da9ba2e9	512	224	0	7668
7694	5	18175807593890	none	7669	b1ab257c	512	224	0	7669
7695	6	18175824887700	none	7670	345d3e92	512	224	0	7670
7696	7	18175842126770	none	7671	57b21bd9	512	224	0	7671
7697	0	18175859389650	none	7672	cf03fdf3	512	224	0	7672
7698	1	18175876688200	none	7673	fad87c38	512	224	0	7673
7699	2	18175889935020	none	7674	338b3493	512	224	0	7674
7700	3	18175907168180	none	7675	6e5b4bb4	512	224	0	7675
7701	4	18175924354990	none	7676	26cd3a0c	512	224	0	7676
7702	5	18175941621150	none	7677	4f858aa9	512	224	0	7677
7703	6	18175958853940	none	7678	fd76f2aa	512	224	0	7678
7704	7	18175976238520	none	7679	7bf4141e	512	224	0	7679
7705	0	18175993436950	none	7680	24be8e37	512	224	0	7680
7706	1	18176006710840	none	7681	d0e0d67f	512	224	0	7681
7707	2	18176023973100	none	7682	3fbbb59d	512	224	0	7682
7708	3	18176041290060	none	7683	76b7fca9	512	224	0	7683
7709	4	18176058507870	none	7684	d3014a00	512	224	0	7684
7710	5	18176075838130	none	7685	6cfff0c7	512	224	0	7685
7711	6	18176093108430	none	7686	b8e01c65	512	224	0	7686
7712	7	18176106308870	none	7687	3b283121	512	224	0	7687
7713	0	18176123493620	none	7688	7cf5c1b5	512	224	0	7688
7714	1	18176140680520	none	7689	bd9887e7	512	224	0	7689
7715	2	18176157956450	none	7690	34bc6cfa	512	224	0	7690
7716	3	18176175348620	none	7691	f8180819	512	224	0	7691
7717	4	18176192539720	none	7692	e1a1c396	512	224	0	7692
7718	5	18176209766010	none	7693	37e7d8d3	512	224	0	7693
7719	6	18176222964910	none	7694	1632ca3e	512	224	0	7694
7720	7	18176240194440	none	7695	597c50f3	512	224	0	7695
7721	0	18176257363260	none	7696	994d4f50	512	224	0	7696
7722	1	18176274638200	none	7697	b5636c0b	512	224	0	7697
7723	2	18176291933900	none	7698	bc4d847f	512	224	0	7698
7724	3	18176309196120	none	7699	2d51ee44	512	224	0	7699
7725	4	18176322369380	none	7700	789d8e15	512	224	0	7700
7726	5	18176339561850	none	7701	44d689e0	512	224	0	7701
7727	6	18176356786160	none	7702	51a78069	512	224	0	7702
7728	7	18176374017230	none	7703	f6e62d0d	512	224	0	7703
7729	0	18176391307290	none	7704	4c0ebe1e	512	224	0	7704
7730	1	18176408540700	none	7705	80b19711	512	224	0	7705
7731	2	18176425863100	none	7706	cbbc3816	512	224	0	7706
7732	3	18176439053510	none	7707	288018ec	512	224	0	7707
7733	4	18176456283430	none	7708	1962348a	512	224	0	7708
7734	5	18176473476610	none	7709	ad39a230	512	224	0	7709
7735	6	18176490673390	none	7710	5d422515	512	224	0	7710
7736	7	18176507962390	none	7711	2fa14f26	512	224	0	7711
7737	0	18176525361100	none	7712	aed6abc7	512	224	0	7712
7738	1	18176542584610	none	7713	f4f387e8	512	224	0	7713
7739	2	18176555792520	none	7714	7a9db939	512	224	0	7714
7740	3	18176573040570	none	7715	58b9a584	512	224	0	7715
7741	4	18176590258580	none	7716	53559335	512	224	0	7716
7742	5	18176607445350	none	7717	1ca84188	512	224	0	7717
7743	6	18176624831170	none	7718	1f2196d2	512	224	0	7718
7744	7	18176642103930	none	7719	6b76f30c	512	224	0	7719
7745	0	18176655263160	none	7720	8b92e631	512	224	0	7720
7746	1	18176672445110	none	7721	38efa4e5	512	224	0	7721
7747	2	18176689621690	none	7722	3928ff14	512	224	0	7722
7748	3	18176706840740	none	7723	e695c4c7	512	224	0	7723
7749	4	18176724218910	none	7724	3c4ab683	512	224	0	7724
7750	5	18176741503420	none	7725	f5bb2b16	512	224	0	7725
7751	6	18176758766090	none	7726	ebe3064c	512	224	0	7726
7752	7	18176771964350	none	7727	43a8aee5	512	224	0	7727
7753	0	18176789182720	none	7728	f6baf1b4	512	224	0	7728
7754	1	18176806381070	none	7729	dbe7f6bf	512	224	0	7729
7755	2	18176823599630	none	7730	03b05f7d	512	224	0	7730
7756	3	18176840852140	none	7731	f66bf74f	512	224	0	7731
7757	4	18176858150770	none	7732	45323bce	512	224	0	7732
7758	5	18176875402540	none	7733	341d9708	512	224	0	7733
7759	6	18176888567600	none	7734	faed274f	512	224	0	7734
7760	7	18176905807710	none	7735	d3e15a75	512	224	0	7735
7761	0	18176923029420	none	7736	794184d6	512	224	0	7736
7762	1	18176940256040	none	7737	73beecfd	512	224	0	7737
7763	2	18176957459590	none	7738	0c92a963	512	224	0	7738
7764	3	18176974821180	none	7739	c1c0e257	512	224	0	7739
7765	4	18176988035570	none	7740	380dceea	512	224	0	7740
7766	5	18177005252830	none	7741	9cbd95ea	512	224	0	7741
7767	6	18177022430470	none	7742	cfe196a0	512	224	0	7742
7768	7	18177039637920	none	7743	b8f6848a	512	224	0	7743
7769	0	18177056900790	none	7744	bdbe2ad4	512	224	0	7744
7770	1	18177074190120	none	7745	548a6eb1	512	224	0	7745
7771	2	18177091567820	none	7746	a32e37e0	512	224	0	7746
7772	3	18177104787910	none	7747	7472053d	512	224	0	7747
7773	4	18177121992780	none	7748	9bc27b2f	512	224	0	7748
7774	5	18177139203170	none	7749	8f830483	512	224	0	7749
7775	6	18177156399440	none	7750	617b7376	512	224	0	7750
7776	7	18177173700750	none	7751	9645ebd1	512	224	0	7751
7777	0	18177190948370	none	7752	586e4108	512	224	0	7752
7778	1	18177204211820	none	7753	81f79e28	512	224	0	7753
7779	2	18177221403450	none	7754	1e7aeb72	512	224	0	7754
7780	3	18177238580490	none	7755	458c31eb	512	224	0	7755
7781	4	18177255818040	none	7756	4f1d277a	512	224	0	7756
7782	5	18177273193390	none	7757	bb83180d	512	224	0	7757
7783	6	18177290384310	none	7758	cb0c8bfe	512	224	0	7758
7784	7	18177307571860	none	7759	57a70359	512	224	0	7759
7785	0	18177320935280	none	7760	83186ed2	512	224	0	7760
7786	1	18177338189030	none	7761	c709256c	512	224	0	7761
7787	2	18177355438650	none	7762	e52dbfab	512	224	0	7762
7788	3	18177372728880	none	7763	5e280c90	512	224	0	7763
7789	4	18177389984180	none	7764	8a5c681c	512	224	0	7764
7790	5	18177407207660	none	7765	10c60ddd	512	224	0	7765
7791	6	18177424412070	none	7766	98cb8193	512	224	0	7766
7792	7	18177437712280	none	7767	d58b302d	512	224	0	7767
7793	0	18177455000750	none	7768	a44fbc7d	512	224	0	7768
7794	1	18177472234360	none	7769	f6dbe2b5	512	224	0	7769
7795	2	18177489432350	none	7770	c6b5ed23	512	224	0	7770
7796	3	18177506615110	none	7771	57473f74	512	224	0	7771
7797	4	18177523972730	none	7772	01b7ed7e	512	224	0	7772
7798	5	18177537214910	none	7773	9811b41b	512	224	0	7773
7799	6	18177554400200	none	7774	c40af46f	512	224	0	7774
7800	7	18177571588990	none	7775	e8a34ea3	512	224	0	7775
7801	0	18177588811950	none	7776	82f7995a	512	224	0	7776
7802	1	18177606083750	none	7777	b910b587	512	224	0	7777
7803	2	18177623364530	none	7778	a25b5c68	512	224	0	7778
7804	3	18177640646470	none	7779	9c75cddf	512	224	0	7779
7805	4	18177654033620	none	7780	90278f13	512	224	0	7780
7806	5	18177671224040	none	7781	33147c0d	512	224	0	7781
7807	6	18177688405240	none	7782	ca7b3450	512	224	0	7782
7808	7	18177705592510	none	7783	fc30a912	512	224	0	7783
7809	0	18177722916160	none	7784	c6e64a75	512	224	0	7784
7810	1	18177740249890	none	7785	952cc57a	512	224	0	7785
7811	2	18177753395490	none	7786	7a433cc2	512	224	0	7786
7812	3	18177770589350	none	7787	c6f0e83f	512	224	0	7787
7813	4	18177787811940	none	7788	8cd36b62	512	224	0	7788
7814	5	18177805026340	none	7789	306554ae	512	224	0	7789
7815	6	18177822375330	none	7790	7063e703	512	224	0	7790
7816	7	18177839563010	none	7791	f70773fe	512	224	0	7791
7817	0	18177856799330	none	7792	d0a22311	512	224	0	7792
7818	1	18177870016900	none	7793	cb2141b6	512	224	0	7793
7819	2	18177887337240	none	7794	8a035314	512	224	0	7794
7820	3	18177904546760	none	7795	a1cb3e8b	512	224	0	7795
7821	4	18177921772900	none	7796	9845659f	512	224	0	7796
7822	5	18177938997240	none	7797	2abc75ae	512	224	0	7797
7823	6	18177956220050	none	7798	a595a311	512	224	0	7798
7824	7	18177973423430	none	7799	06f0fcf6	512	224	0	7799
7825	0	18177986589590	none	7800	16eb64f5	512	224	0	7800
7826	1	18178003845820	none	7801	fdc22fc4	512	224	0	7801
7827	2	18178021230000	none	7802	781fa34f	512	224	0	7802
7828	3	18178038431870	none	7803	d619348b	512	224	0	7803
7829	4	18178055652870	none	7804	3a20bd0e	512	224	0	7804
7830	5	18178072990500	none	7805	f15e10b1	512	224	0	7805
7831	6	18178086185150	none	7806	03504bfd	512	224	0	7806
7832	7	18178103361540	none	7807	95b09310	512	224	0	7807
7833	0	18178120547700	none	7808	5670fb29	512	224	0	7808
7834	1	18178137820490	none	7809	1476132f	512	224	0	7809
7835	2	18178155179820	none	7810	e9e0fb38	512	224	0	7810
7836	3	18178172400980	none	7811	387bdf77	512	224	0	7811
7837	4	18178189588470	none	7812	51a89426	512	224	0	7812
7838	5	18178202777080	none	7813	af078ece	512	224	0	7813
7839	6	18178219993860	none	7814	3de0311e	512	224	0	7814
7840	7	18178237225680	none	7815	48f70c7f	512	224	0	7815
7841	0	18178254440130	none	7816	5e40a661	512	224	0	7816
7842	1	18178271830470	none	7817	b5a12b56	512	224	0	7817
7843	2	18178289072920	none	7818	f384acb4	512	224	0	7818
7844	3	18178306280380	none	7819	47521961	512	224	0	7819
7845	4	18178319427820	none	7820	39488384	512	224	0	7820
7846	5	18178336606010	none	7821	308904f1	512	224	0	7821
7847	6	18178353881470	none	7822	d0480a93	512	224	0	7822
7848	7	18178371252740	none	7823	cc1b8c50	512	224	0	7823
7849	0	18178388415060	none	7824	b7f7be8e	512	224	0	7824
7850	1	18178405697260	none	7825	19564c7b	512	224	0	7825
7851	2	18178418991900	none	7826	2acced09	512	224	0	7826
7852	3	18178436218710	none	7827	04b112ac	512	224	0	7827
7853	4	18178453437780	none	7828	4f70fafa	512	224	0	7828
7854	5	18178470613200	none	7829	ccfa342c	512	224	0	7829
7855	6	18178487943640	none	7830	52c5e6e3	512	224	0	7830
7856	7	18178505174080	none	7831	993ad423	512	224	0	7831
7857	0	18178522357220	none	7832	3f00c675	512	224	0	7832
7858	1	18178535512400	none	7833	6ffef6b1	512	224	0	7833
7859	2	18178552726650	none	7834	e8f0babd	512	224	0	7834
7860	3	18178569954570	none	7835	c079e0d8	512	224	0	7835
7861	4	18178587219920	none	7836	45d1bb36	512	224	0	7836
7862	5	18178604407190	none	7837	edcd0c73	512	224	0	7837
7863	6	18178621600390	none	7838	658c4ae3	512	224	0	7838
7864	7	18178638823690	none	7839	381c1294	512	224	0	7839
7865	0	18178652063580	none	7840	41a70b39	512	224	0	7840
7866	1	18178669298590	none	7841	cfe6169e	512	224	0	7841
7867	2	18178686524300	none	7842	dbbca833	512	224	0	7842
7868	3	18178703761940	none	7843	56d45716	512	224	0	7843
7869	4	18178721115730	none	7844	1e46d219	512	224	0	7844
7870	5	18178738300440	none	7845	55f63919	512	224	0	7845
7871	6	18178755501600	none	7846	b803e945	512	224	0	7846
7872	7	18178768683580	none	7847	965c5dbf	512	224	0	7847
7873	0	18178786066370	none	7848	d9b34907	512	224	0	7848
7874	1	18178803253450	none	7849	845e7605	512	224	0	7849
7875	2	18178820553370	none	7850	a71f3196	512	224	0	7850
7876	3	18178837769000	none	7851	af72ab4c	512	224	0	7851
7877	4	18178855054070	none	7852	e83aee09	512	224	0	7852
7878	5	18178868211320	none	7853	33f1d77d	512	224	0	7853
7879	6	18178885387080	none	7854	10e3fb16	512	224	0	7854
7880	7	18178902563560	none	7855	f1435bc5	512	224	0	7855
7881	0	18178919785250	none	7856	5ddad0e5	512	224	0	7856
7882	1	18178937017110	none	7857	5ab33ffb	512	224	0	7857
7883	2	18178954253600	none	7858	8947c687	512	224	0	7858
7884	3	18178971531220	none	7859	d704347c	512	224	0	7859
7885	4	18178984718340	none	7860	d99af6fe	512	224	0	7860
7886	5	18179001929490	none	7861	44328359	512	224	0	7861
7887	6	18179019282070	none	7862	bcb6fe4b	512	224	0	7862
7888	7	18179036476560	none	7863	4f55cf11	512	224	0	7863
7889	0	18179053680470	none	7864	4f306b6d	512	224	0	7864
7890	1	18179070993930	none	7865	2abe8afd	512	224	0	7865
7891	2	18179088220410	none	7866	2c936338	512	224	0	7866
7892	3	18179101364770	none	7867	a2f8f588	512	224	0	7867
7893	4	18179118560980	none	7868	3d7d0c20	512	224	0	7868
7894	5	18179135780820	none	7869	f259aa32	512	224	0	7869
7895	6	18179152994130	none	7870	99995a74	512	224	0	7870
7896	7	18179170222190	none	7871	0418e1cb	512	224	0	7871
7897	0	18179187420440	none	7872	38ce63bc	512	224	0	7872
7898	1	18179204646980	none	7873	e78f85fe	512	224	0	7873
7899	2	18179217838340	none	7874	46ffec2d	512	224	0	7874
7900	3	18179235128580	none	7875	1e79cd61	512	224	0	7875
7901	4	18179252351590	none	7876	06fa95f3	512	224	0	7876
7902	5	18179269684790	none	7877	985c1b62	512	224	0	7877
7903	6	18179286944980	none	7878	d4f87303	512	224	0	7878
7904	7	18179304162580	none	7879	f2f5293d	512	224	0	7879
7905	0	18179321351190	none	7880	7fea84dc	512	224	0	7880
7906	1	18179334497670	none	7881	c92adde9	512	224	0	7881
7907	2	18179351758310	none	7882	3a04c9d6	512	224	0	7882
7908	3	18179369158900	none	7883	b47600f9	512	224	0	7883
7909	4	18179386380660	none	7884	88cd416d	512	224	0	7884
7910	5	18179403578440	none	7885	4aad4a96	512	224	0	7885
7911	6	18179420821440	none	7886	c36c9ab4	512	224	0	7886
7912	7	18179433993070	none	7887	456d0d45	512	224	0	7887
7913	0	18179451229140	none	7888	ddf488a1	512	224	0	7888
7914	1	18179469091480	none	7889	c6efd337	512	224	0	7889
7915	2	18179486355860	none	7890	14353e41	512	224	0	7890
7916	3	18179503629990	none	7891	9df773db	512	224	0	7891
7917	4	18179517186590	none	7892	99e103e6	512	224	0	7892
7918	5	18179534361530	none	7893	0c28c38d	512	224	0	7893
7919	6	18179551542520	none	7894	871cb0ee	512	224	0	7894
7920	7	18179568870020	none	7895	4b74f9fb	512	224	0	7895
7921	0	18179586120150	none	7896	9fb54203	512	224	0	7896
7922	1	18179603328010	none	7897	62d23b3d	512	224	0	7897
7923	2	18179620557110	none	7898	b2f84c01	512	224	0	7898
7924	3	18179633768880	none	7899	ad146407	512	224	0	7899
7925	4	18179650974110	none	7900	cfc64940	512	224	0	7900
7926	5	18179668332110	none	7901	94e16f12	512	224	0	7901
7927	6	18179685538100	none	7902	075a5e0d	512	224	0	7902
7928	7	18179702757710	none	7903	9cd4bc1d	512	224	0	7903
7929	0	18179719997270	none	7904	6963512d	512	224	0	7904
7930	1	18179737267670	none	7905	b4780291	512	224	0	7905
7931	2	18179750563430	none	7906	d3a2221f	512	224	0	7906
7932	3	18179767804110	none	7907	8bcd8881	512	224	0	7907
7933	4	18179785031070	none	7908	b7d5c12e	512	224	0	7908
7934	5	18179802249780	none	7909	b9366067	512	224	0	7909
7935	6	18179819461510	none	7910	f5064029	512	224	0	7910
7936	7	18179836659150	none	7911	230679b2	512	224	0	7911
7937	0	18179849996900	none	7912	7d5b2907	512	224	0	7912
7938	1	18179867198360	none	7913	b2052ea7	512	224	0	7913
7939	2	18179884375200	none	7914	ff219f06	512	224	0	7914
7940	3	18179901563010	none	7915	16bf3449	512	224	0	7915
7941	4	18179918794830	none	7916	40cb9282	512	224	0	7916
7942	5	18179936070380	none	7917	b82c5be2	512	224	0	7917
7943	6	18179953265670	none	7918	e29db989	512	224	0	7918
7944	7	18179966468050	none	7919	060153e8	512	224	0	7919
7945	0	18179983672390	none	7920	b0a5bb15	512	224	0	7920
7946	1	18180000961160	none	7921	19818c61	512	224	0	7921
7947	2	18180018230890	none	7922	485fa882	512	224	0	7922
7948	3	18180035439230	none	7923	b6a58542	512	224	0	7923
7949	4	18180052665070	none	7924	77431d85	512	224	0	7924
7950	5	18180069898510	none	7925	0bc22992	512	224	0	7925
7951	6	18180083213820	none	7926	76182b0e	512	224	0	7926
7952	7	18180100394010	none	7927	8a099e8c	512	224	0	7927
7953	0	18180117716210	none	7928	33cb654a	512	224	0	7928
7954	1	18180134950360	none	7929	6be5d135	512	224	0	7929
7955	2	18180152186710	none	7930	7087fd26	512	224	0	7930
7956	3	18180169380240	none	7931	61414826	512	224	0	7931
7957	4	18180186562150	none	7932	8088d832	512	224	0	7932
7958	5	18180199794410	none	7933	f3174efe	512	224	0	7933
7959	6	18180217251170	none	7934	9cb05021	512	224	0	7934
7960	7	18180234452740	none	7935	d3032715	512	224	0	7935
7961	0	18180251660500	none	7936	34f0e4dd	512	224	0	7936
7962	1	18180269023560	none	7937	277a909e	512	224	0	7937
7963	2	18180286245150	none	7938	2aef4f17	512	224	0	7938
7964	3	18180299418640	none	7939	fce83e99	512	224	0	7939
7965	4	18180316592220	none	7940	75ed0583	512	224	0	7940
7966	5	18180333821550	none	7941	020b6147	512	224	0	7941
7967	6	18180351060420	none	7942	9e35b7a1	512	224	0	7942
7968	7	18180368249640	none	7943	81324b5d	512	224	0	7943
7969	0	18180385440370	none	7944	5f71eec8	512	224	0	7944
7970	1	18180402662010	none	7945	1efe8e33	512	224	0	7945
7971	2	18180415845910	none	7946	5f672dcc	512	224	0	7946
7972	3	18180433105310	none	7947	f7a4b893	512	224	0	7947
7973	4	18180450297470	none	7948	ab6fc6f2	512	224	0	7948
7974	5	18180467508890	none	7949	df713056	512	224	0	7949
7975	6	18180484738840	none	7950	73bd057e	512	224	0	7950
7976	7	18180502122720	none	7951	9484589e	512	224	0	7951
7977	0	18180519319140	none	7952	d5d2813c	512	224	0	7952
7978	1	18180532663280	none	7953	6b1e8319	512	224	0	7953
7979	2	18180549930810	none	7954	947eccd6	512	224	0	7954
7980	3	18180567156760	none	7955	3d03e9ca	512	224	0	7955
7981	4	18180584364860	none	7956	190cd822	512	224	0	7956
7982	5	18180601561840	none	7957	c67b6df9	512	224	0	7957
7983	6	18180618788660	none	7958	4e0c5959	512	224	0	7958
7984	7	18180632129010	none	7959	a144f442	512	224	0	7959
7985	0	18180649329910	none	7960	572ff625	512	224	0	7960
7986	1	18180666650590	none	7961	9d6a632c	512	224	0	7961
7987	2	18180683943900	none	7962	664b0a6b	512	224	0	7962
7988	3	18180701201850	none	7963	37cbf8a5	512	224	0	7963
7989	4	18180718393180	none	7964	e446a436	512	224	0	7964
7990	5	18180735575300	none	7965	0f763c4d	512	224	0	7965
7991	6	18180748761000	none	7966	f94e79b4	512	224	0	7966
7992	7	18180766136760	none	7967	24cf1307	512	224	0	7967
7993	0	18180783343770	none	7968	9b9e57a8	512	224	0	7968
7994	1	18180800550910	none	7969	85c7b914	512	224	0	7969
7995	2	18180817822360	none	7970	26fd4017	512	224	0	7970
7996	3	18180835072390	none	7971	d5292ded	512	224	0	7971
7997	4	18180848212700	none	7972	6a476b7c	512	224	0	7972
7998	5	18180865395060	none	7973	6e50cdb9	512	224	0	7973
7999	6	18180882707530	none	7974	cc230f2f	512	224	0	7974
8000	7	18180900283000	none	7975	02e66fe1	512	224	0	7975
8001	0	18180917654500	none	7976	89e6406a	512	224	0	7976
8002	1	18180935282530	none	7977	b8ad4b71	512	224	0	7977
8003	2	18180948961350	none	7978	f43e950c	512	224	0	7978
8004	3	18180966464200	none	7979	26e850cb	512	224	0	7979
8005	4	18180983954830	none	7980	9bda9485	512	224	0	7980
8006	5	18181001417050	none	7981	4e160487	512	224	0	7981
8007	6	18181014616130	none	7982	014bec8d	512	224	0	7982
8008	7	18181031856700	none	7983	adc05ab2	512	224	0	7983
8009	0	18181049147400	none	7984	2db49061	512	224	0	7984
8010	1	18181066661590	none	7985	2a10bc2c	512	224	0	7985
8011	2	18181084291030	none	7986	ffe8b275	512	224	0	7986
8012	3	18181097818020	none	7987	957adfe1	512	224	0	7987
8013	4	18181115281590	none	7988	52ab6ff1	512	224	0	7988
8014	5	18181132807160	none	7989	1d320aea	512	224	0	7989
8015	6	18181150192320	none	7990	d85d4783	512	224	0	7990
8016	7	18181167529940	none	7991	ed08e69d	512	224	0	7991
8017	0	18181184873890	none	7992	3d909213	512	224	0	7992
8018	1	18181198214680	none	7993	6fe70ab0	512	224	0	7993
8019	2	18181215939510	none	7994	da312603	512	224	0	7994
8020	3	18181233185790	none	7995	df5dcbdc	512	224	0	7995
8021	4	18181250400630	none	7996	b07055dc	512	224	0	7996
8022	5	18181267623080	none	7997	a3fe2a8c	512	224	0	7997
8023	6	18181280819290	none	7998	c927f95f	512	224	0	7998
8024	7	18181298042410	none	7999	7da9e0c7	512	224	0	7999
8025	0	18181315389730	none	8000	1963d456	512	224	0	8000
8026	1	18181332619120	none	8001	cceb817e	512	224	0	8001
8027	2	18181349875950	none	8002	262b5e78	512	224	0	8002
8028	3	18181367118030	none	8003	4399ddfb	512	224	0	8003
8029	4	18181384459130	none	8004	c857acdf	512	224	0	8004
8030	5	18181397642170	none	8005	50665fa8	512	224	0	8005
8031	6	18181414943710	none	8006	f0f3f014	512	224	0	8006
8032	7	18181432163740	none	8007	1a50ff9d	512	224	0	8007
8033	0	18181449374630	none	8008	176fd9af	512	224	0	8008
8034	1	18181466558920	none	8009	0090c90a	512	224	0	8009
8035	2	18181483787400	none	8010	e59cdee2	512	224	0	8010
8036	3	18181501028720	none	8011	16e05357	512	224	0	8011
8037	4	18181514184700	none	8012	f26a5d3d	512	224	0	8012
8038	5	18181531377590	none	8013	1c59e006	512	224	0	8013
8039	6	18181548585400	none	8014	15b2c150	512	224	0	8014
8040	7	18181565818560	none	8015	125d8092	512	224	0	8015
8041	0	18181583042000	none	8016	bba0bd42	512	224	0	8016
8042	1	18181600262960	none	8017	6aa724fd	512	224	0	8017
8043	2	18181617473060	none	8018	7dfd639f	512	224	0	8018
8044	3	18181630765550	none	8019	95a4570c	512	224	0	8019
8045	4	18181648007340	none	8020	4cc24914	512	224	0	8020
8046	5	18181665215140	none	8021	fbe828ce	512	224	0	8021
8047	6	18181682397240	none	8022	873e22af	512	224	0	8022
8048	7	18181699621510	none	8023	00329e24	512	224	0	8023
8049	0	18181716834530	none	8024	914694a7	512	224	0	8024
8050	1	18181730181010	none	8025	6794435f	512	224	0	8025
8051	2	18181747368780	none	8026	24ed53c9	512	224	0	8026
8052	3	18181764702020	none	8027	0b4e27ae	512	224	0	8027
8053	4	18181781945440	none	8028	c0c78d69	512	224	0	8028
8054	5	18181799226150	none	8029	2f345d49	512	224	0	8029
8055	6	18181816443440	none	8030	cfa5b149	512	224	0	8030
8056	7	18181833652240	none	8031	e721ee58	512	224	0	8031
8057	0	18181846907860	none	8032	d7c7e4f7	512	224	0	8032
8058	1	18181864154790	none	8033	c461a00e	512	224	0	8033
8059	2	18181881366450	none	8034	22131d12	512	224	0	8034
8060	3	18181898606110	none	8035	310da6fd	512	224	0	8035
8061	4	18181915829240	none	8036	2ea934ff	512	224	0	8036
8062	5	18181933202220	none	8037	04af29f4	512	224	0	8037
8063	6	18181946368620	none	8038	eb85b1e3	512	224	0	8038
8064	7	18181963725080	none	8039	86f124bb	512	224	0	8039
8065	0	18181980954960	none	8040	0a986eab	512	224	0	8040
8066	1	18181998175950	none	8041	c0b18730	512	224	0	8041
8067	2	18182015357870	none	8042	1dfb5466	512	224	0	8042
8068	3	18182032549890	none	8043	73e1c592	512	224	0	8043
8069	4	18182049806220	none	8044	5f24632f	512	224	0	8044
8070	5	18182062996250	none	8045	27035ffc	512	224	0	8045
8071	6	18182080180710	none	8046	82a0f494	512	224	0	8046
8072	7	18182097368630	none	8047	36665730	512	224	0	8047
8073	0	18182114564160	none	8048	041b4758	512	224	0	8048
8074	1	18182131813220	none	8049	946adccd	512	224	0	8049
8075	2	18182149122740	none	8050	49719031	512	224	0	8050
8076	3	18182166362280	none	8051	e7d33a26	512	224	0	8051
8077	4	18182179672190	none	8052	1c68cebb	512	224	0	8052
8078	5	18182196894710	none	8053	805badbf	512	224	0	8053
8079	6	18182214129600	none	8054	570020bf	512	224	0	8054
8080	7	18182231312730	none	8055	9ccbf1c7	512	224	0	8055
8081	0	18182248500380	none	8056	eaae3aad	512	224	0	8056
8082	1	18182265733890	none	8057	bdabbf1f	512	224	0	8057
8083	2	18182282940320	none	8058	f0329b79	512	224	0	8058
8084	3	18182296129330	none	8059	197745a7	512	224	0	8059
8085	4	18182313458280	none	8060	52c0b636	512	224	0	8060
8086	5	18182330673690	none	8061	b52779d0	512	224	0	8061
8087	6	18182347895020	none	8062	27457d34	512	224	0	8062
8088	7	18182365158130	none	8063	db533593	512	224	0	8063
8089	0	18182382474000	none	8064	1b56d38c	512	224	0	8064
8090	1	18182395905880	none	8065	5b40783c	512	224	0	8065
8091	2	18182413148930	none	8066	8575cf8c	512	224	0	8066
8092	3	18182430335360	none	8067	af9e95e0	512	224	0	8067
8093	4	18182447541550	none	8068	e31e986b	512	224	0	8068
8094	5	18182464769540	none	8069	3c473094	512	224	0	8069
8095	6	18182482158210	none	8070	a01b1a14	512	224	0	8070
8096	7	18182499345020	none	8071	7d68ff19	512	224	0	8071
8097	0	18182512498260	none	8072	af3d09a9	512	224	0	8072
8098	1	18182529727880	none	8073	d1a6091c	512	224	0	8073
8099	2	18182546938190	none	8074	c6f25d8e	512	224	0	8074
8100	3	18182564176380	none	8075	0e91ad4c	512	224	0	8075
8101	4	18182581356150	none	8076	ae57da2d	512	224	0	8076
8102	5	18182598555800	none	8077	4e816cdb	512	224	0	8077
8103	6	18182615871050	none	8078	5a9f95a6	512	224	0	8078
8104	7	18182629091370	none	8079	500bc651	512	224	0	8079
8105	0	18182646283830	none	8080	c39a7309	512	224	0	8080
8106	1	18182663564040	none	8081	6c7e1302	512	224	0	8081
8107	2	18182680825400	none	8082	468e9607	512	224	0	8082
8108	3	18182698118100	none	8083	cf757a74	512	224	0	8083
8109	4	18182715399470	none	8084	3d4abd02	512	224	0	8084
8110	5	18182728683240	none	8085	7b0a152d	512	224	0	8085
8111	6	18182745892400	none	8086	a1d2628c	512	224	0	8086
8112	7	18182763136060	none	8087	ef6ec4d5	512	224	0	8087
8113	0	18182780321440	none	8088	e4ade2cd	512	224	0	8088
8114	1	18182797520220	none	8089	afd19b77	512	224	0	8089
8115	2	18182814755510	none	8090	f79010df	512	224	0	8090
8116	3	18182832133940	none	8091	6b7aee08	512	224	0	8091
8117	4	18182845280170	none	8092	669b4b7f	512	224	0	8092
8118	5	18182862632580	none	8093	5e152b93	512	224	0	8093
8119	6	18182879848700	none	8094	379a30b5	512	224	0	8094
8120	7	18182897130330	none	8095	85dd599b	512	224	0	8095
8121	0	18182914319710	none	8096	e89e20c6	512	224	0	8096
8122	1	18182931649580	none	8097	663eafce	512	224	0	8097
8123	2	18182944912650	none	8098	0fbf2e9c	512	224	0	8098
8124	3	18182962151900	none	8099	3ef0983f	512	224	0	8099
8125	4	18182979425730	none	8100	3009b001	512	224	0	8100
8126	5	18182996656140	none	8101	574c3dc8	512	224	0	8101
8127	6	18183013879580	none	8102	ad952a5e	512	224	0	8102
8128	7	18183031240530	none	8103	5b62418b	512	224	0	8103
8129	0	18183048436430	none	8104	311c9d95	512	224	0	8104
8130	1	18183061636270	none	8105	9000679c	512	224	0	8105
8131	2	18183078967230	none	8106	8e331207	512	224	0	8106
8132	3	18183096217950	none	8107	f19fa8b4	512	224	0	8107
8133	4	18183113412280	none	8108	673e9d4e	512	224	0	8108
8134	5	18183130630040	none	8109	f2f7a91e	512	224	0	8109
8135	6	18183147846440	none	8110	986e9902	512	224	0	8110
8136	7	18183161057690	none	8111	c9747394	512	224	0	8111
8137	0	18183178247240	none	8112	4d71dfcb	512	224	0	8112
8138	1	18183195486710	none	8113	9a19f836	512	224	0	8113
8139	2	18183212744120	none	8114	9b5bc952	512	224	0	8114
8140	3	18183230017360	none	8115	7007d2a4	512	224	0	8115
8141	4	18183247215700	none	8116	3a6a4968	512	224	0	8116
8142	5	18183264472870	none	8117	202ab60d	512	224	0	8117
8143	6	18183277777930	none	8118	b7779ed8	512	224	0	8118
8144	7	18183295004260	none	8119	a7326daf	512	224	0	8119
8145	0	18183312223590	none	8120	9543b5e8	512	224	0	8120
8146	1	18183329411790	none	8121	1cd04ac6	512	224	0	8121
8147	2	18183346617160	none	8122	343c86f0	512	224	0	8122
8148	3	18183363894090	none	8123	8d0b1e7a	512	224	0	8123
8149	4	18183381136990	none	8124	c7cae4e7	512	224	0	8124
8150	5	18183394280080	none	8125	981c15e5	512	224	0	8125
8151	6	18183411469810	none	8126	2a480367	512	224	0	8126
8152	7	18183428694360	none	8127	645bd5d6	512	224	0	8127
8153	0	18183446071530	none	8128	343a5ea5	512	224	0	8128
8154	1	18183463315730	none	8129	d600655e	512	224	0	8129
8155	2	18183480735790	none	8130	108bd283	512	224	0	8130
8156	3	18183493936230	none	8131	d56b15ef	512	224	0	8131
8157	4	18183511161840	none	8132	6bc36ed2	512	224	0	8132
8158	5	18183528347050	none	8133	878b9e03	512	224	0	8133
8159	6	18183545540380	none	8134	bc14d6c8	512	224	0	8134
8160	7	18183562776150	none	8135	fdc64963	512	224	0	8135
8161	0	18183580160370	none	8136	e9dab4bf	512	224	0	8136
8162	1	18183597350070	none	8137	18b5a6cf	512	224	0	8137
8163	2	18183610528020	none	8138	98b62ed9	512	224	0	8138
8164	3	18183627761830	none	8139	64668b59	512	224	0	8139
8165	4	18183644990600	none	8140	5c4b1247	512	224	0	8140
8166	5	18183662180950	none	8141	6267253a	512	224	0	8141
8167	6	18183679368290	none	8142	8c46ff23	512	224	0	8142
8168	7	18183696572820	none	8143	9bf6f2a9	512	224	0	8143
8169	0	18183713876800	none	8144	38744f38	512	224	0	8144
8170	1	18183727084750	none	8145	e976f94d	512	224	0	8145
8171	2	18183744402900	none	8146	2d70a7d4	512	224	0	8146
8172	3	18183761618270	none	8147	968a5fe8	512	224	0	8147
8173	4	18183778822760	none	8148	189d088c	512	224	0	8148
8174	5	18183796121200	none	8149	0e195785	512	224	0	8149
8175	6	18183813308330	none	8150	46d45c2d	512	224	0	8150
8176	7	18183826608510	none	8151	52202d7d	512	224	0	8151
8177	0	18183843828150	none	8152	d1016bd6	512	224	0	8152
8178	1	18183861050350	none	8153	a1b499ca	512	224	0	8153
8179	2	18183878252120	none	8154	896122d9	512	224	0	8154
8180	3	18183895436710	none	8155	7011b2b5	512	224	0	8155
8181	4	18183912663970	none	8156	bc51546e	512	224	0	8156
8182	5	18183929976570	none	8157	b6be8a7f	512	224	0	8157
8183	6	18183943125070	none	8158	5d2ccda2	512	224	0	8158
8184	7	18183960328200	none	8159	0d6b9449	512	224	0	8159
8185	0	18183977512060	none	8160	7a5152f3	512	224	0	8160
8186	1	18183994900350	none	8161	457c82ff	512	224	0	8161
8187	2	18184012158950	none	8162	760682a3	512	224	0	8162
8188	3	18184029511830	none	8163	e62c586b	512	224	0	8163
8189	4	18184046719550	none	8164	78733a10	512	224	0	8164
8190	5	18184059889800	none	8165	e3c2094d	512	224	0	8165
8191	6	18184077107100	none	8166	e01920ee	512	224	0	8166
8192	7	18184094302640	none	8167	39f453cb	512	224	0	8167
8193	0	18184111510430	none	8168	d550dd30	512	224	0	8168
8194	1	18184128730120	none	8169	63e2085b	512	224	0	8169
8195	2	18184145962190	none	8170	e7577dda	512	224	0	8170
8196	3	18184163171270	none	8171	19216702	512	224	0	8171
8197	4	18184176324620	none	8172	3ddf6c7c	512	224	0	8172
8198	5	18184193510790	none	8173	ba62281c	512	224	0	8173
8199	6	18184210732160	none	8174	5350d421	512	224	0	8174
8200	7	18184227959490	none	8175	3a90b17d	512	224	0	8175
8201	0	18184245157640	none	8176	30b4d80f	512	224	0	8176
8202	1	18184262491220	none	8177	8aa87f5b	512	224	0	8177
8203	2	18184275913320	none	8178	e02f82eb	512	224	0	8178
8204	3	18184293125880	none	8179	2d0fb3ac	512	224	0	8179
8205	4	18184310318060	none	8180	9f0d8de5	512	224	0	8180
8206	5	18184327525460	none	8181	e055188f	512	224	0	8181
8207	6	18184344752660	none	8182	fd6ebaaf	512	224	0	8182
8208	7	18184362033600	none	8183	87e54219	512	224	0	8183
8209	0	18184379265580	none	8184	e8765387	512	224	0	8184
8210	1	18184392430060	none	8185	8cdedaf5	512	224	0	8185
8211	2	18184409653090	none	8186	d4f05741	512	224	0	8186
8212	3	18184426873280	none	8187	7f3a46d8	512	224	0	8187
8213	4	18184444118230	none	8188	cb6c8c58	512	224	0	8188
8214	5	18184461306250	none	8189	2cbb4519	512	224	0	8189
8215	6	18184478650630	none	8190	ffde898d	512	224	0	8190
8216	7	18184495969990	none	8191	44db3896	512	224	0	8191
8217	0	18184509137030	none	8192	55dcccaa	512	224	0	8192
8218	1	18184526412070	none	8193	05dfe507	512	224	0	8193
8219	2	18184544117090	none	8194	ed1fb15c	512	224	0	8194
8220	3	18184561382920	none	8195	b1132669	512	224	0	8195
8221	4	18184579153180	none	8196	e5cfefa3	512	224	0	8196
8222	5	18184592308940	none	8197	fd6cece6	512	224	0	8197
8223	6	18184609504270	none	8198	fbf36fd1	512	224	0	8198
8224	7	18184626752090	none	8199	5405988a	512	224	0	8199
8225	0	18184644123500	none	8200	c4d74f1f	512	224	0	8200
8226	1	18184661320740	none	8201	13d68930	512	224	0	8201
8227	2	18184678679900	none	8202	0d7a0701	512	224	0	8202
8228	3	18184691913830	none	8203	bf46387f	512	224	0	8203
8229	4	18184709138810	none	8204	5d4b5896	512	224	0	8204
8230	5	18184726328890	none	8205	080e7975	512	224	0	8205
8231	6	18184743548500	none	8206	46e16137	512	224	0	8206
8232	7	18184760775950	none	8207	50546903	512	224	0	8207
8233	0	18184778184570	none	8208	38b01617	512	224	0	8208
8234	1	18184795459660	none	8209	49a33e10	512	224	0	8209
8235	2	18184808672650	none	8210	b6bcaa5b	512	224	0	8210
8236	3	18184825970530	none	8211	619ffbf9	512	224	0	8211
8237	4	18184843175690	none	8212	e9b5f31e	512	224	0	8212
8238	5	18184860386710	none	8213	efbfa10b	512	224	0	8213
8239	6	18184877718380	none	8214	5a20b793	512	224	0	8214
8240	7	18184894972970	none	8215	ef45d22b	512	224	0	8215
8241	0	18184908149350	none	8216	7efa5ef6	512	224	0	8216
8242	1	18184925360990	none	8217	57ace78d	512	224	0	8217
8243	2	18184942616210	none	8218	343d41fb	512	224	0	8218
8244	3	18184959843370	none	8219	8434af17	512	224	0	8219
8245	4	18184977204310	none	8220	c80133ec	512	224	0	8220
8246	5	18184994418670	none	8221	51239cf2	512	224	0	8221
8247	6	18185011651130	none	8222	5c3808b8	512	224	0	8222
8248	7	18185024975680	none	8223	d4c0d58c	512	224	0	8223
8249	0	18185042246200	none	8224	42f9239c	512	224	0	8224
8250	1	18185059467270	none	8225	13a0ffa7	512	224	0	8225
8251	2	18185076711200	none	8226	514889c5	512	224	0	8226
8252	3	18185093979770	none	8227	14c884e8	512	224	0	8227
8253	4	18185111185360	none	8228	4ad12c91	512	224	0	8228
8254	5	18185128421840	none	8229	f4de7277	512	224	0	8229
8255	6	18185141626030	none	8230	5b6245d5	512	224	0	8230
8256	7	18185159004050	none	8231	5279cf2c	512	224	0	8231
8257	0	18185176208610	none	8232	0fda374d	512	224	0	8232
8258	1	18185193408590	none	8233	280c0a06	512	224	0	8233
8259	2	18185210656810	none	8234	9020362c	512	224	0	8234
8260	3	18185227976330	none	8235	29b08071	512	224	0	8235
8261	4	18185241128550	none	8236	50134776	512	224	0	8236
8262	5	18185258384510	none	8237	8ae5a1db	512	224	0	8237
8263	6	18185275604590	none	8238	c8c40f73	512	224	0	8238
8264	7	18185292827590	none	8239	782be51a	512	224	0	8239
8265	0	18185310101680	none	8240	27d44096	512	224	0	8240
8266	1	18185327472020	none	8241	08dc3504	512	224	0	8241
8267	2	18185344700040	none	8242	2f97f959	512	224	0	8242
8268	3	18185357867730	none	8243	d7eac011	512	224	0	8243
8269	4	18185375137950	none	8244	c9b8098e	512	224	0	8244
8270	5	18185392317990	none	8245	66ba79d6	512	224	0	8245
8271	6	18185409523520	none	8246	01102817	512	224	0	8246
8272	7	18185426818040	none	8247	ff35dbba	512	224	0	8247
8273	0	18185444056070	none	8248	c43dd138	512	224	0	8248
8274	1	18185461250010	none	8249	a8ebc7ae	512	224	0	8249
8275	2	18185474394510	none	8250	d81dea92	512	224	0	8250
8276	3	18185491700690	none	8251	76aac9b3	512	224	0	8251
8277	4	18185508949500	none	8252	2d103894	512	224	0	8252
8278	5	18185526279070	none	8253	192c8949	512	224	0	8253
8279	6	18185543478430	none	8254	6aefe480	512	224	0	8254
8280	7	18185560719850	none	8255	010c58a2	512	224	0	8255
8281	0	18185574007490	none	8256	dc35d1c7	512	224	0	8256
8282	1	18185591334320	none	8257	b79a8aa9	512	224	0	8257
8283	2	18185608595940	none	8258	5719eb34	512	224	0	8258
8284	3	18185625845950	none	8259	e9777fb2	512	224	0	8259
8285	4	18185643093950	none	8260	3986c119	512	224	0	8260
8286	5	18185660282590	none	8261	5bab9dcf	512	224	0	8261
8287	6	18185677505740	none	8262	62a45a68	512	224	0	8262
8288	7	18185690705630	none	8263	28148fa0	512	224	0	8263
8289	0	18185708070230	none	8264	dfbe71f6	512	224	0	8264
8290	1	18185725295980	none	8265	81c005a0	512	224	0	8265
8291	2	18185742488890	none	8266	d85c578c	512	224	0	8266
8292	3	18185759734910	none	8267	16ba810f	512	224	0	8267
8293	4	18185777059380	none	8268	715a24f7	512	224	0	8268
8294	5	18185790199040	none	8269	6a19dfc0	512	224	0	8269
8295	6	18185807407610	none	8270	9d7bed2f	512	224	0	8270
8296	7	18185824658010	none	8271	9987182f	512	224	0	8271
8297	0	18185842093630	none	8272	335ebf6a	512	224	0	8272
8298	1	18185859323230	none	8273	520a9409	512	224	0	8273
8299	2	18185876803020	none	8274	d6f1edf3	512	224	0	8274
8300	3	18185889975870	none	8275	9fd69c5a	512	224	0	8275
8301	4	18185907168150	none	8276	71679ff2	512	224	0	8276
8302	5	18185924353890	none	8277	71bf2339	512	224	0	8277
8303	6	18185941677160	none	8278	c3415bbf	512	224	0	8278
8304	7	18185958930800	none	8279	49717f7e	512	224	0	8279
8305	0	18185976156060	none	8280	e8be94cf	512	224	0	8280
8306	1	18185993370600	none	8281	0cc277d0	512	224	0	8281
8307	2	18186006569730	none	8282	a9dee177	512	224	0	8282
8308	3	18186023773320	none	8283	4b29825f	512	224	0	8283
8309	4	18186041138810	none	8284	fbf27d74	512	224	0	8284
8310	5	18186058403860	none	8285	b625916e	512	224	0	8285
8311	6	18186075737800	none	8286	11120332	512	224	0	8286
8312	7	18186092985750	none	8287	d8eb8396	512	224	0	8287
8313	0	18186106187410	none	8288	ae96c587	512	224	0	8288
8314	1	18186123410490	none	8289	189732e2	512	224	0	8289
8315	2	18186140768160	none	8290	c671a8d5	512	224	0	8290
8316	3	18186158095800	none	8291	0fe57b45	512	224	0	8291
8317	4	18186175438660	none	8292	7694c703	512	224	0	8292
8318	5	18186192676340	none	8293	ba3fded1	512	224	0	8293
8319	6	18186209911000	none	8294	af29cd95	512	224	0	8294
8320	7	18186223071950	none	8295	7d28e026	512	224	0	8295
8321	0	18186240251000	none	8296	fb2047bb	512	224	0	8296
8322	1	18186257430680	none	8297	35178b7a	512	224	0	8297
8323	2	18186274728940	none	8298	dfd84b27	512	224	0	8298
8324	3	18186291979040	none	8299	e0f45713	512	224	0	8299
8325	4	18186309198640	none	8300	575ff7ce	512	224	0	8300
8326	5	18186326398170	none	8301	539eedab	512	224	0	8301
8327	6	18186339592330	none	8302	1d9b4601	512	224	0	8302
8328	7	18186356808700	none	8303	83295165	512	224	0	8303
8329	0	18186374109370	none	8304	1e6a844c	512	224	0	8304
8330	1	18186391444520	none	8305	ca998720	512	224	0	8305
8331	2	18186408715950	none	8306	9bbe5f97	512	224	0	8306
8332	3	18186426013150	none	8307	6cf3133a	512	224	0	8307
8333	4	18186439182280	none	8308	53815647	512	224	0	8308
8334	5	18186456368010	none	8309	c8b49b08	512	224	0	8309
8335	6	18186473589510	none	8310	b6da9e30	512	224	0	8310
8336	7	18186490868150	none	8311	0cc392f1	512	224	0	8311
8337	0	18186508181090	none	8312	99e93312	512	224	0	8312
8338	1	18186525399380	none	8313	91e93597	512	224	0	8313
8339	2	18186542643750	none	8314	e8c65232	512	224	0	8314
8340	3	18186555828260	none	8315	dd298cf5	512	224	0	8315
8341	4	18186573053510	none	8316	a1515c06	512	224	0	8316
8342	5	18186590267970	none	8317	6f23bdd3	512	224	0	8317
8343	6	18186607483370	none	8318	aa44ab8e	512	224	0	8318
8344	7	18186624865580	none	8319	84a167d0	512	224	0	8319
8345	0	18186642099340	none	8320	c02f4784	512	224	0	8320
8346	1	18186655302910	none	8321	95ec6646	512	224	0	8321
8347	2	18186672593120	none	8322	8d3682d6	512	224	0	8322
8348	3	18186689811950	none	8323	aff69b0b	512	224	0	8323
8349	4	18186707043620	none	8324	a0d7121f	512	224	0	8324
8350	5	18186724354560	none	8325	3cac6cfd	512	224	0	8325
8351	6	18186741683130	none	8326	6cffcac0	512	224	0	8326
8352	7	18186758952130	none	8327	495b8f39	512	224	0	8327
8353	0	18186772107270	none	8328	272d71c2	512	224	0	8328
8354	1	18186789285320	none	8329	f55892a1	512	224	0	8329
8355	2	18186806475370	none	8330	f589ecc3	512	224	0	8330
8356	3	18186823709290	none	8331	7fa67abe	512	224	0	8331
8357	4	18186840937670	none	8332	ca720ae7	512	224	0	8332
8358	5	18186858234070	none	8333	e7ba1995	512	224	0	8333
8359	6	18186875454370	none	8334	4801da49	512	224	0	8334
8360	7	18186888641760	none	8335	528c1772	512	224	0	8335
8361	0	18186905907500	none	8336	8dd27010	512	224	0	8336
8362	1	18186923279090	none	8337	578d80cb	512	224	0	8337
8363	2	18186940479370	none	8338	340dd1aa	512	224	0	8338
8364	3	18186957697810	none	8339	419f96d7	512	224	0	8339
8365	4	18186975028710	none	8340	2c4adb7c	512	224	0	8340
8366	5	18186988217090	none	8341	41c2077b	512	224	0	8341
8367	6	18187005399450	none	8342	cef7f903	512	224	0	8342
8368	7	18187022626870	none	8343	d08503b9	512	224	0	8343
8369	0	18187039857680	none	8344	d85f2f55	512	224	0	8344
8370	1	18187057088300	none	8345	424418d9	512	224	0	8345
8371	2	18187074285900	none	8346	e899af32	512	224	0	8346
8372	3	18187091592520	none	8347	9507f74a	512	224	0	8347
8373	4	18187104831120	none	8348	e00ee45f	512	224	0	8348
8374	5	18187122066480	none	8349	737b40a0	512	224	0	8349
8375	6	18187139252040	none	8350	30353bce	512	224	0	8350
8376	7	18187156448780	none	8351	9566d542	512	224	0	8351
8377	0	18187173785720	none	8352	960693e1	512	224	0	8352
8378	1	18187191020740	none	8353	e4258fa2	512	224	0	8353
8379	2	18187208280650	none	8354	ab15bdf9	512	224	0	8354
8380	3	18187221454790	none	8355	53c621ec	512	224	0	8355
8381	4	18187238666190	none	8356	43555bbc	512	224	0	8356
8382	5	18187255906310	none	8357	0e2b1a15	512	224	0	8357
8383	6	18187273248570	none	8358	19cb125a	512	224	0	8358
8384	7	18187290423920	none	8359	64fffc6c	512	224	0	8359
8385	0	18187307660310	none	8360	2de010fa	512	224	0	8360
8386	1	18187320981310	none	8361	cadaee2c	512	224	0	8361
8387	2	18187338152990	none	8362	4bb855f5	512	224	0	8362
8388	3	18187355329450	none	8363	64037f63	512	224	0	8363
8389	4	18187372543240	none	8364	7b55e157	512	224	0	8364
8390	5	18187389765330	none	8365	29991144	512	224	0	8365
8391	6	18187407062310	none	8366	60edf24f	512	224	0	8366
8392	7	18187424255640	none	8367	8c567817	512	224	0	8367
8393	0	18187437586740	none	8368	72ccf3ae	512	224	0	8368
8394	1	18187454838970	none	8369	02c96ad6	512	224	0	8369
8395	2	18187472205370	none	8370	036cacf9	512	224	0	8370
8396	3	18187489410970	none	8371	2e30b19b	512	224	0	8371
8397	4	18187506647530	none	8372	fcdddd39	512	224	0	8372
8398	5	18187523994860	none	8373	d1436c27	512	224	0	8373
8399	6	18187537228590	none	8374	57858851	512	224	0	8374
8400	7	18187554429020	none	8375	a6bccd87	512	224	0	8375
8401	0	18187571665880	none	8376	7df2b17e	512	224	0	8376
8402	1	18187588889220	none	8377	121caf99	512	224	0	8377
8403	2	18187606070950	none	8378	f92e8f0d	512	224	0	8378
8404	3	18187623289180	none	8379	62c97520	512	224	0	8379
8405	4	18187640499340	none	8380	d52e91b1	512	224	0	8380
8406	5	18187653683830	none	8381	412777b3	512	224	0	8381
8407	6	18187670931850	none	8382	11193be9	512	224	0	8382
8408	7	18187688175060	none	8383	4aeae013	512	224	0	8383
8409	0	18187705423230	none	8384	60d41db0	512	224	0	8384
8410	1	18187722788600	none	8385	0114a4bd	512	224	0	8385
8411	2	18187740021190	none	8386	8d6ba523	512	224	0	8386
8412	3	18187757217290	none	8387	a0c812a8	512	224	0	8387
8413	4	18187770422400	none	8388	4cbb7058	512	224	0	8388
8414	5	18187787638300	none	8389	e6892ae2	512	224	0	8389
8415	6	18187804843460	none	8390	9515135c	512	224	0	8390
8416	7	18187822205850	none	8391	49b31732	512	224	0	8391
8417	0	18187839371090	none	8392	dff22110	512	224	0	8392
8418	1	18187856598610	none	8393	a4ead144	512	224	0	8393
8419	2	18187873825570	none	8394	c5fb6db2	512	224	0	8394
8420	3	18187887010150	none	8395	7e5452d1	512	224	0	8395
8421	4	18187904238190	none	8396	283d623f	512	224	0	8396
8422	5	18187921574160	none	8397	1679afcc	512	224	0	8397
8423	6	18187938946530	none	8398	f5eef94c	512	224	0	8398
8424	7	18187956142190	none	8399	39c31001	512	224	0	8399
8425	0	18187973376450	none	8400	a75d69e2	512	224	0	8400
8426	1	18187986610080	none	8401	3b485e45	512	224	0	8401
8427	2	18188003905570	none	8402	c5c6f40c	512	224	0	8402
8428	3	18188021316280	none	8403	a81e7987	512	224	0	8403
8429	4	18188038550660	none	8404	61379282	512	224	0	8404
8430	5	18188055760310	none	8405	bb6227e4	512	224	0	8405
8431	6	18188073018750	none	8406	1c2b8e45	512	224	0	8406
8432	7	18188090210120	none	8407	6e33d5b8	512	224	0	8407
8433	0	18188103415870	none	8408	6e435e8d	512	224	0	8408
8434	1	18188120634500	none	8409	907499e9	512	224	0	8409
8435	2	18188137841040	none	8410	7581a601	512	224	0	8410
8436	3	18188155057990	none	8411	f326f110	512	224	0	8411
8437	4	18188172254550	none	8412	8dfb6b86	512	224	0	8412
8438	5	18188189465680	none	8413	f44c36c9	512	224	0	8413
8439	6	18188206668080	none	8414	04d25e96	512	224	0	8414
8440	7	18188219843210	none	8415	b42aefc0	512	224	0	8415
8441	0	18188237165610	none	8416	d41a390e	512	224	0	8416
8442	1	18188254417910	none	8417	5678ad4b	512	224	0	8417
8443	2	18188271751870	none	8418	f7b67868	512	224	0	8418
8444	3	18188289015910	none	8419	b452c3f4	512	224	0	8419
8445	4	18188306211320	none	8420	f80d9b7b	512	224	0	8420
8446	5	18188319369280	none	8421	b538c5fb	512	224	0	8421
8447	6	18188336597890	none	8422	abbf6737	512	224	0	8422
8448	7	18188353848800	none	8423	c9f3d7ce	512	224	0	8423
8449	0	18188371226370	none	8424	51c40baa	512	224	0	8424
8450	1	18188388420030	none	8425	8d6ab7b3	512	224	0	8425
8451	2	18188405647310	none	8426	8bdc2545	512	224	0	8426
8452	3	18188422877020	none	8427	f240f2b8	512	224	0	8427
8453	4	18188436175220	none	8428	86a64a96	512	224	0	8428
8454	5	18188453359470	none	8429	b3c20be6	512	224	0	8429
8455	6	18188470683530	none	8430	11f6711b	512	224	0	8430
8456	7	18188487966170	none	8431	b200eb46	512	224	0	8431
8457	0	18188505294240	none	8432	6bc48a1b	512	224	0	8432
8458	1	18188522607090	none	8433	dbe72ab2	512	224	0	8433
8459	2	18188535813930	none	8434	3b038e0d	512	224	0	8434
8460	3	18188553029830	none	8435	b232cfc7	512	224	0	8435
8461	4	18188570367720	none	8436	eab57f8e	512	224	0	8436
8462	5	18188587597390	none	8437	86c4f228	512	224	0	8437
8463	6	18188604844460	none	8438	8b636519	512	224	0	8438
8464	7	18188622089330	none	8439	5152b551	512	224	0	8439
8465	0	18188639278700	none	8440	37131a50	512	224	0	8440
8466	1	18188652450770	none	8441	27968b60	512	224	0	8441
8467	2	18188669664420	none	8442	a2540ef7	512	224	0	8442
8468	3	18188686910520	none	8443	1f56ac57	512	224	0	8443
8469	4	18188704101140	none	8444	62c37dc9	512	224	0	8444
8470	5	18188721289520	none	8445	828cdb6b	512	224	0	8445
8471	6	18188738499440	none	8446	984d7aa9	512	224	0	8446
8472	7	18188755721800	none	8447	6c0cd844	512	224	0	8447
8473	0	18188768986560	none	8448	cf4a02df	512	224	0	8448
8474	1	18188786210430	none	8449	95977db6	512	224	0	8449
8475	2	18188803418060	none	8450	9a73ec10	512	224	0	8450
8476	3	18188820750990	none	8451	4c9ff92a	512	224	0	8451
8477	4	18188837991270	none	8452	53db5b37	512	224	0	8452
8478	5	18188855219600	none	8453	c9b77af2	512	224	0	8453
8479	6	18188868366850	none	8454	70841e53	512	224	0	8454
8480	7	18188885648840	none	8455	a954c2e3	512	224	0	8455
8481	0	18188902900430	none	8456	9f36d076	512	224	0	8456
8482	1	18188920117480	none	8457	267f9e07	512	224	0	8457
8483	2	18188937292100	none	8458	9ea3c881	512	224	0	8458
8484	3	18188954480180	none	8459	4097e491	512	224	0	8459
8485	4	18188971699900	none	8460	f04c3905	512	224	0	8460
8486	5	18188984882870	none	8461	954cd535	512	224	0	8461
8487	6	18189002067430	none	8462	0bb394bc	512	224	0	8462
8488	7	18189019374800	none	8463	13833469	512	224	0	8463
8489	0	18189036618440	none	8464	64c7d4ff	512	224	0	8464
8490	1	18189053909750	none	8465	578c7cf9	512	224	0	8465
8491	2	18189071106250	none	8466	321842e1	512	224	0	8466
8492	3	18189088309070	none	8467	2aa52c0b	512	224	0	8467
8493	4	18189101539440	none	8468	1a577e02	512	224	0	8468
8494	5	18189118767330	none	8469	5bf32191	512	224	0	8469
8495	6	18189135990720	none	8470	1543da19	512	224	0	8470
8496	7	18189153185580	none	8471	730b21ee	512	224	0	8471
8497	0	18189170394080	none	8472	799caa97	512	224	0	8472
8498	1	18189187611410	none	8473	cef1cdeb	512	224	0	8473
8499	2	18189204825200	none	8474	bdc1f95e	512	224	0	8474
8500	3	18189218016030	none	8475	f78479c0	512	224	0	8475
8501	4	18189235194460	none	8476	968dee3c	512	224	0	8476
8502	5	18189252370150	none	8477	c80667c5	512	224	0	8477
8503	6	18189269702210	none	8478	d6ee673d	512	224	0	8478
8504	7	18189286965050	none	8479	b26fa7d1	512	224	0	8479
8505	0	18189304208660	none	8480	3cd45850	512	224	0	8480
8506	1	18189321426420	none	8481	eb247b26	512	224	0	8481
8507	2	18189334603340	none	8482	86b2cb49	512	224	0	8482
8508	3	18189351814750	none	8483	eb50165c	512	224	0	8483
8509	4	18189369256110	none	8484	6801e23b	512	224	0	8484
8510	5	18189386443500	none	8485	7a01dae7	512	224	0	8485
8511	6	18189403662400	none	8486	3cfe8340	512	224	0	8486
8512	7	18189420896120	none	8487	4b74d578	512	224	0	8487
8513	0	18189434210500	none	8488	c6216611	512	224	0	8488
8514	1	18189451370210	none	8489	62a0a3d4	512	224	0	8489
8515	2	18189468713920	none	8490	9f41bdc4	512	224	0	8490
8516	3	18189485968330	none	8491	aaff20a2	512	224	0	8491
8517	4	18189503139390	none	8492	34434581	512	224	0	8492
8518	5	18189520323230	none	8493	de9710cd	512	224	0	8493
8519	6	18189537569780	none	8494	e8fa3557	512	224	0	8494
8520	7	18189550731040	none	8495	fc790418	512	224	0	8495
8521	0	18189567994830	none	8496	18c0b159	512	224	0	8496
8522	1	18189585343690	none	8497	711ce8ed	512	224	0	8497
8523	2	18189603083120	none	8498	f18778b9	512	224	0	8498
8524	3	18189620277120	none	8499	9c25bd7b	512	224	0	8499
8525	4	18189637504090	none	8500	d058e7fa	512	224	0	8500
8526	5	18189650696980	none	8501	64a683c1	512	224	0	8501
8527	6	18189667922100	none	8502	6f82278f	512	224	0	8502
8528	7	18189685119960	none	8503	684a66dd	512	224	0	8503
8529	0	18189702317410	none	8504	4bd429f2	512	224	0	8504
8530	1	18189719568900	none	8505	2646ea36	512	224	0	8505
8531	2	18189736788090	none	8506	eac85269	512	224	0	8506
8532	3	18189754121290	none	8507	0cbea001	512	224	0	8507
8533	4	18189767298570	none	8508	f3290dc6	512	224	0	8508
8534	5	18189784494090	none	8509	be90fef7	512	224	0	8509
8535	6	18189801704830	none	8510	959f7ede	512	224	0	8510
8536	7	18189819014420	none	8511	9a3bee7e	512	224	0	8511
8537	0	18189836221360	none	8512	ddadd5de	512	224	0	8512
8538	1	18189853455690	none	8513	957d7ee6	512	224	0	8513
8539	2	18189866650990	none	8514	d55cffed	512	224	0	8514
8540	3	18189883871940	none	8515	bd79e369	512	224	0	8515
8541	4	18189901063170	none	8516	8afe9662	512	224	0	8516
8542	5	18189918405150	none	8517	3db64bce	512	224	0	8517
8543	6	18189935642680	none	8518	e19ea06b	512	224	0	8518
8544	7	18189952875470	none	8519	8a4d3fe0	512	224	0	8519
8545	0	18189970086370	none	8520	982370f8	512	224	0	8520
8546	1	18189983377540	none	8521	f3c5de9c	512	224	0	8521
8547	2	18190000604530	none	8522	83a207a7	512	224	0	8522
8548	3	18190017909750	none	8523	0173a4cc	512	224	0	8523
8549	4	18190035125160	none	8524	cbe6f4f0	512	224	0	8524
8550	5	18190052317270	none	8525	ef2a0c83	512	224	0	8525
8551	6	18190069549540	none	8526	7d645394	512	224	0	8526
8552	7	18190086773860	none	8527	4c36c38b	512	224	0	8527
8553	0	18190100075850	none	8528	1882e2a0	512	224	0	8528
8554	1	18190117504370	none	8529	4a179e62	512	224	0	8529
8555	2	18190134958400	none	8530	77dfa270	512	224	0	8530
8556	3	18190152257640	none	8531	9b803794	512	224	0	8531
8557	4	18190169463420	none	8532	f3036371	512	224	0	8532
8558	5	18190186712500	none	8533	4dd6498b	512	224	0	8533
8559	6	18190199877710	none	8534	24fadac6	512	224	0	8534
8560	7	18190217237930	none	8535	4fb664cf	512	224	0	8535
8561	0	18190234442020	none	8536	e0aebb14	512	224	0	8536
8562	1	18190251669780	none	8537	341d9aa2	512	224	0	8537
8563	2	18190269013880	none	8538	90c80366	512	224	0	8538
8564	3	18190286191620	none	8539	d45760e6	512	224	0	8539
8565	4	18190299347710	none	8540	fd4eb594	512	224	0	8540
8566	5	18190316544520	none	8541	d874bb8c	512	224	0	8541
8567	6	18190333749900	none	8542	ea1eea9e	512	224	0	8542
8568	7	18190350981930	none	8543	30f36a6a	512	224	0	8543
8569	0	18190368210390	none	8544	d8b33dd2	512	224	0	8544
8570	1	18190385432890	none	8545	def40322	512	224	0	8545
8571	2	18190402653680	none	8546	fbbdfc1f	512	224	0	8546
8572	3	18190415839810	none	8547	8f7a94e2	512	224	0	8547
8573	4	18190433026170	none	8548	1325426f	512	224	0	8548
8574	5	18190450213500	none	8549	4ee230f0	512	224	0	8549
8575	6	18190467434130	none	8550	ef7a74fe	512	224	0	8550
8576	7	18190484660250	none	8551	44878447	512	224	0	8551
8577	0	18190501887410	none	8552	3f542a0c	512	224	0	8552
8578	1	18190519085900	none	8553	bc502be4	512	224	0	8553
8579	2	18190532380470	none	8554	136a3eca	512	224	0	8554
8580	3	18190549593970	none	8555	7691fe50	512	224	0	8555
8581	4	18190566899960	none	8556	d39e1f68	512	224	0	8556
8582	5	18190584143400	none	8557	4d0aa22f	512	224	0	8557
8583	6	18190601337180	none	8558	16ccf0b1	512	224	0	8558
8584	7	18190618565710	none	8559	87642bcf	512	224	0	8559
8585	0	18190635835940	none	8560	03ececc5	512	224	0	8560
8586	1	18190649016780	none	8561	93e587ec	512	224	0	8561
8587	2	18190666523040	none	8562	ff52b7d9	512	224	0	8562
8588	3	18190683732430	none	8563	c3605777	512	224	0	8563
8589	4	18190700961020	none	8564	3c99325d	512	224	0	8564
8590	5	18190718144790	none	8565	c976c947	512	224	0	8565
8591	6	18190735330500	none	8566	922953eb	512	224	0	8566
8592	7	18190748543650	none	8567	98e12f31	512	224	0	8567
8593	0	18190765756480	none	8568	d2a7f4a3	512	224	0	8568
8594	1	18190782975350	none	8569	02c76217	512	224	0	8569
8595	2	18190800161170	none	8570	bc61ee80	512	224	0	8570
8596	3	18190817434580	none	8571	359bf340	512	224	0	8571
8597	4	18190834670540	none	8572	9b86c315	512	224	0	8572
8598	5	18190851888490	none	8573	e8247af8	512	224	0	8573
8599	6	18190865054220	none	8574	c678310a	512	224	0	8574
8600	7	18190882223900	none	8575	946f7108	512	224	0	8575
8601	0	18190899421930	none	8576	37e1ae41	512	224	0	8576
8602	1	18190916863240	none	8577	2355230b	512	224	0	8577
8603	2	18190934069930	none	8578	e1b643ed	512	224	0	8578
8604	3	18190951280680	none	8579	bf9b73ee	512	224	0	8579
8605	4	18190968486580	none	8580	93b2a3d4	512	224	0	8580
8606	5	18190981751850	none	8581	7c284266	512	224	0	8581
8607	6	18190998979770	none	8582	194d7c1c	512	224	0	8582
8608	7	18191016172850	none	8583	43027a29	512	224	0	8583
8609	0	18191033445000	none	8584	e51363e8	512	224	0	8584
8610	1	18191050677510	none	8585	31985a2d	512	224	0	8585
8611	2	18191067907540	none	8586	af299890	512	224	0	8586
8612	3	18191085263470	none	8587	480b1281	512	224	0	8587
8613	4	18191098424770	none	8588	f559b85e	512	224	0	8588
8614	5	18191115747360	none	8589	ae71caac	512	224	0	8589
8615	6	18191132979830	none	8590	2d9364e4	512	224	0	8590
8616	7	18191150162570	none	8591	eea29157	512	224	0	8591
8617	0	18191167389590	none	8592	19162899	512	224	0	8592
8618	1	18191184636090	none	8593	be85c3a5	512	224	0	8593
8619	2	18191197876270	none	8594	dff50caf	512	224	0	8594
8620	3	18191215254170	none	8595	d3e7393a	512	224	0	8595
8621	4	18191232446510	none	8596	f5f0ad58	512	224	0	8596
8622	5	18191249665310	none	8597	829e4573	512	224	0	8597
8623	6	18191267009420	none	8598	17620241	512	224	0	8598
8624	7	18191284199320	none	8599	ea026c4d	512	224	0	8599
8625	0	18191301414560	none	8600	2da04283	512	224	0	8600
8626	1	18191314603310	none	8601	695380e1	512	224	0	8601
8627	2	18191331821620	none	8602	1ad23ec3	512	224	0	8602
8628	3	18191349021560	none	8603	f59b4eab	512	224	0	8603
8629	4	18191366224800	none	8604	685a6f63	512	224	0	8604
8630	5	18191383420120	none	8605	aac2f744	512	224	0	8605
8631	6	18191400654370	none	8606	3c7a64e5	512	224	0	8606
8632	7	18191417859420	none	8607	6f37014f	512	224	0	8607
8633	0	18191431187030	none	8608	f303a6df	512	224	0	8608
8634	1	18191448416000	none	8609	12aa8d67	512	224	0	8609
8635	2	18191465668710	none	8610	3ada8a1a	512	224	0	8610
8636	3	18191482945440	none	8611	e684ca03	512	224	0	8611
8637	4	18191500130640	none	8612	d27702e5	512	224	0	8612
8638	5	18191517318440	none	8613	1d1ff744	512	224	0	8613
8639	6	18191530668390	none	8614	536ddc87	512	224	0	8614
8640	7	18191547905200	none	8615	6d6da7c7	512	224	0	8615
8641	0	18191565151290	none	8616	a0281710	512	224	0	8616
8642	1	18191582381900	none	8617	9b84a95f	512	224	0	8617
8643	2	18191599620130	none	8618	32425aea	512	224	0	8618
8644	3	18191616849790	none	8619	c4cad50d	512	224	0	8619
8645	4	18191634203270	none	8620	7464e0c9	512	224	0	8620
8646	5	18191647372570	none	8621	ef7ff416	512	224	0	8621
8647	6	18191664701620	none	8622	5bd269ef	512	224	0	8622
8648	7	18191681988490	none	8623	73a90a3f	512	224	0	8623
8649	0	18191699225440	none	8624	d961812a	512	224	0	8624
8650	1	18191716476890	none	8625	fedb59e6	512	224	0	8625
8651	2	18191733715940	none	8626	e1aaa052	512	224	0	8626
8652	3	18191746894530	none	8627	674b259a	512	224	0	8627
8653	4	18191764252790	none	8628	3c6ac2e5	512	224	0	8628
8654	5	18191781476570	none	8629	3927fdfa	512	224	0	8629
8655	6	18191798687200	none	8630	d51762ee	512	224	0	8630
8656	7	18191816022890	none	8631	7e67e0ab	512	224	0	8631
8657	0	18191833198050	none	8632	0844f411	512	224	0	8632
8658	1	18191850415690	none	8633	5d2f334e	512	224	0	8633
8659	2	18191863596250	none	8634	8d87d4b1	512	224	0	8634
8660	3	18191880834290	none	8635	568d6923	512	224	0	8635
8661	4	18191898027970	none	8636	b6f686a3	512	224	0	8636
8662	5	18191915213440	none	8637	1e721f4a	512	224	0	8637
8663	6	18191932417840	none	8638	95f91312	512	224	0	8638
8664	7	18191949643180	none	8639	e47e9ba0	512	224	0	8639
8665	0	18191966925280	none	8640	60ca5995	512	224	0	8640
8666	1	18191980124260	none	8641	daa59aa9	512	224	0	8641
8667	2	18191997367800	none	8642	a3f64fce	512	224	0	8642
8668	3	18192014602360	none	8643	ff723c8e	512	224	0	8643
8669	4	18192031864110	none	8644	0363cf00	512	224	0	8644
8670	5	18192049121550	none	8645	395ca9a2	512	224	0	8645
8671	6	18192066408200	none	8646	c3acb4b6	512	224	0	8646
8672	7	18192079689690	none	8647	139bf734	512	224	0	8647
8673	0	18192096914250	none	8648	1469ecf9	512	224	0	8648
8674	1	18192114114750	none	8649	1c428726	512	224	0	8649
8675	2	18192131321100	none	8650	5a60d64a	512	224	0	8650
8676	3	18192148555370	none	8651	ad5b7555	512	224	0	8651
8677	4	18192165772360	none	8652	fa173e60	512	224	0	8652
8678	5	18192183179610	none	8653	f8777770	512	224	0	8653
8679	6	18192196346910	none	8654	b1a4f35d	512	224	0	8654
8680	7	18192213677840	none	8655	0b22ca52	512	224	0	8655
8681	0	18192231008240	none	8656	a5abec83	512	224	0	8656
8682	1	18192248232000	none	8657	93f5d7a3	512	224	0	8657
8683	2	18192265429870	none	8658	e49ec74d	512	224	0	8658
8684	3	18192282650390	none	8659	d0d5a6dc	512	224	0	8659
8685	4	18192299910090	none	8660	0bdcf8f3	512	224	0	8660
8686	5	18192313061870	none	8661	7b3d008b	512	224	0	8661
8687	6	18192330241580	none	8662	3ebf1ad2	512	224	0	8662
8688	7	18192347439060	none	8663	59613446	512	224	0	8663
8689	0	18192364661570	none	8664	6c1fe731	512	224	0	8664
8690	1	18192381888580	none	8665	514ba376	512	224	0	8665
8691	2	18192399143030	none	8666	19fa41cb	512	224	0	8666
8692	3	18192416344760	none	8667	6c2f16d6	512	224	0	8667
8693	4	18192429628040	none	8668	8e336ee8	512	224	0	8668
8694	5	18192446899980	none	8669	50e747c0	512	224	0	8669
8695	6	18192464103150	none	8670	e292a94f	512	224	0	8670
8696	7	18192481312780	none	8671	b5835d2b	512	224	0	8671
8697	0	18192498570280	none	8672	c5096ca8	512	224	0	8672
8698	1	18192515919580	none	8673	0446c468	512	224	0	8673
8699	2	18192529115400	none	8674	b2bc9838	512	224	0	8674
8700	3	18192546300050	none	8675	06c8daf5	512	224	0	8675
8701	4	18192563540920	none	8676	33d0feea	512	224	0	8676
8702	5	18192580748700	none	8677	9e93a483	512	224	0	8677
8703	6	18192598123740	none	8678	ed7ce967	512	224	0	8678
8704	7	18192615324090	none	8679	653e700c	512	224	0	8679
8705	0	18192632656270	none	8680	5a379942	512	224	0	8680
8706	1	18192645919560	none	8681	d512be5a	512	224	0	8681
8707	2	18192663106140	none	8682	9a4ea510	512	224	0	8682
8708	3	18192680327080	none	8683	5daebb68	512	224	0	8683
8709	4	18192697565370	none	8684	495ae644	512	224	0	8684
8710	5	18192714791470	none	8685	ef2e76ff	512	224	0	8685
8711	6	18192732140030	none	8686	446af8a4	512	224	0	8686
8712	7	18192745286650	none	8687	70106093	512	224	0	8687
8713	0	18192762747570	none	8688	6b22cb77	512	224	0	8688
8714	1	18192780070100	none	8689	1ffbae5f	512	224	0	8689
8715	2	18192797274930	none	8690	4d9b8fca	512	224	0	8690
8716	3	18192814503920	none	8691	55d5f089	512	224	0	8691
8717	4	18192831719890	none	8692	596c50c8	512	224	0	8692
8718	5	18192848968420	none	8693	ea889e9c	512	224	0	8693
8719	6	18192862122240	none	8694	c271efe7	512	224	0	8694
8720	7	18192879316850	none	8695	cf5d6364	512	224	0	8695
8721	0	18192896596530	none	8696	f55d0346	512	224	0	8696
8722	1	18192913823250	none	8697	8ed1d623	512	224	0	8697
8723	2	18192931016650	none	8698	f53611cc	512	224	0	8698
8724	3	18192948441140	none	8699	20215b68	512	224	0	8699
8725	4	18192961943100	none	8700	e5255742	512	224	0	8700
8726	5	18192979291600	none	8701	b8b885a3	512	224	0	8701
8727	6	18192996525080	none	8702	4b6d2a80	512	224	0	8702
8728	7	18193013746960	none	8703	0c75f89e	512	224	0	8703
8729	0	18193030972850	none	8704	366cb084	512	224	0	8704
8730	1	18193048233430	none	8705	a9f846b4	512	224	0	8705
8731	2	18193061435390	none	8706	9046c2ae	512	224	0	8706
8732	3	18193078646740	none	8707	7e03b16d	512	224	0	8707
8733	4	18193095880380	none	8708	224a56bf	512	224	0	8708
8734	5	18193113099700	none	8709	81a6eae2	512	224	0	8709
8735	6	18193130294700	none	8710	49ff153f	512	224	0	8710
8736	7	18193147524240	none	8711	a350366f	512	224	0	8711
8737	0	18193164724660	none	8712	0978d2f1	512	224	0	8712
8738	1	18193177975790	none	8713	24f010fe	512	224	0	8713
8739	2	18193195174320	none	8714	944c0e34	512	224	0	8714
8740	3	18193212393410	none	8715	32d75b9a	512	224	0	8715
8741	4	18193229641610	none	8716	9de4ee20	512	224	0	8716
8742	5	18193246886990	none	8717	91180a28	512	224	0	8717
8743	6	18193264085020	none	8718	1683e06b	512	224	0	8718
8744	7	18193281420060	none	8719	435ec893	512	224	0	8719
8745	0	18193294606340	none	8720	991e8dee	512	224	0	8720
8746	1	18193311927190	none	8721	1792f257	512	224	0	8721
8747	2	18193329160320	none	8722	6589f327	512	224	0	8722
8748	3	18193346365530	none	8723	188910ca	512	224	0	8723
8749	4	18193363590430	none	8724	37665e74	512	224	0	8724
8750	5	18193380816700	none	8725	ed1117e8	512	224	0	8725
8751	6	18193398008560	none	8726	3c3dd97a	512	224	0	8726
8752	7	18193411157910	none	8727	e3564d16	512	224	0	8727
8753	0	18193428346120	none	8728	d06a4187	512	224	0	8728
8754	1	18193445571520	none	8729	33fe0265	512	224	0	8729
8755	2	18193462812950	none	8730	2c8c1016	512	224	0	8730
8756	3	18193480185530	none	8731	a24da297	512	224	0	8731
8757	4	18193497434140	none	8732	b60842bc	512	224	0	8732
8758	5	18193510715620	none	8733	35cabc42	512	224	0	8733
8759	6	18193527960030	none	8734	a0880e2c	512	224	0	8734
8760	7	18193545132880	none	8735	3cb42525	512	224	0	8735
8761	0	18193562396920	none	8736	8aa3ed50	512	224	0	8736
8762	1	18193579653210	none	8737	2b08dfcb	512	224	0	8737
8763	2	18193596894820	none	8738	a9518b52	512	224	0	8738
8764	3	18193614088760	none	8739	ac05f837	512	224	0	8739
8765	4	18193627266320	none	8740	0c45a937	512	224	0	8740
8766	5	18193644489500	none	8741	41d6b1cf	512	224	0	8741
8767	6	18193661694940	none	8742	dfc77142	512	224	0	8742
8768	7	18193678928410	none	8743	d82d879e	512	224	0	8743
8769	0	18193696118280	none	8744	3f891579	512	224	0	8744
8770	1	18193713284900	none	8745	2c80a121	512	224	0	8745
8771	2	18193730612420	none	8746	9fc86dc2	512	224	0	8746
8772	3	18193743920890	none	8747	cb4f6c6f	512	224	0	8747
8773	4	18193761144050	none	8748	0cb86432	512	224	0	8748
8774	5	18193778343270	none	8749	b6a0f25a	512	224	0	8749
8775	6	18193795576380	none	8750	7eca7391	512	224	0	8750
8776	7	18193812811930	none	8751	e5cac539	512	224	0	8751
8777	0	18193830185920	none	8752	f9bfe2df	512	224	0	8752
8778	1	18193847435220	none	8753	43787270	512	224	0	8753
8779	2	18193860620480	none	8754	d20da754	512	224	0	8754
8780	3	18193877945590	none	8755	7b6f93ea	512	224	0	8755
8781	4	18193895131530	none	8756	c7658295	512	224	0	8756
8782	5	18193912326600	none	8757	bb8ce6e8	512	224	0	8757
8783	6	18193929557740	none	8758	513df762	512	224	0	8758
8784	7	18193946780090	none	8759	a42bd923	512	224	0	8759
8785	0	18193959946080	none	8760	a58e0156	512	224	0	8760
8786	1	18193977153150	none	8761	7874e65e	512	224	0	8761
8787	2	18193994348080	none	8762	13035317	512	224	0	8762
8788	3	18194011594290	none	8763	05d2e6ad	512	224	0	8763
8789	4	18194028812890	none	8764	dcb218ec	512	224	0	8764
8790	5	18194046029790	none	8765	f5b835a2	512	224	0	8765
8791	6	18194063246050	none	8766	af18069b	512	224	0	8766
8792	7	18194076434180	none	8767	e4b5d427	512	224	0	8767
8793	0	18194093664200	none	8768	c7f98e0e	512	224	0	8768
8794	1	18194111035720	none	8769	e86ac6bd	512	224	0	8769
8795	2	18194128267070	none	8770	f7f7aee3	512	224	0	8770
8796	3	18194145479860	none	8771	ff39ac69	512	224	0	8771
8797	4	18194162676190	none	8772	44081924	512	224	0	8772
8798	5	18194179976580	none	8773	6f5bc4d8	512	224	0	8773
8799	6	18194193122920	none	8774	70ef56d2	512	224	0	8774
8800	7	18194210328870	none	8775	5d855a66	512	224	0	8775
8801	0	18194227577720	none	8776	0b8a1fe8	512	224	0	8776
8802	1	18194244810910	none	8777	b1858d64	512	224	0	8777
8803	2	18194261999110	none	8778	be120209	512	224	0	8778
8804	3	18194279327000	none	8779	67e997f6	512	224	0	8779
8805	4	18194296566420	none	8780	e7e643cd	512	224	0	8780
8806	5	18194309772400	none	8781	5ee98f56	512	224	0	8781
8807	6	18194326974400	none	8782	b45f848a	512	224	0	8782
8808	7	18194344157500	none	8783	6af7b149	512	224	0	8783
8809	0	18194361412570	none	8784	9e194a27	512	224	0	8784
8810	1	18194378626050	none	8785	37dcdb36	512	224	0	8785
8811	2	18194395846820	none	8786	6e69a8ed	512	224	0	8786
8812	3	18194413066600	none	8787	87c1419f	512	224	0	8787
8813	4	18194426231030	none	8788	5c3d5629	512	224	0	8788
8814	5	18194443451060	none	8789	a1b60672	512	224	0	8789
8815	6	18194460665810	none	8790	82ad61b4	512	224	0	8790
8816	7	18194477901920	none	8791	50bf8ef4	512	224	0	8791
8817	0	18194495105010	none	8792	ceeb5448	512	224	0	8792
8818	1	18194512311460	none	8793	f4c47af0	512	224	0	8793
8819	2	18194529534680	none	8794	625169ca	512	224	0	8794
8820	3	18194542704750	none	8795	13ddf164	512	224	0	8795
8821	4	18194560000760	none	8796	d559e864	512	224	0	8796
8822	5	18194577200220	none	8797	87800a8d	512	224	0	8797
8823	6	18194594435340	none	8798	4b537361	512	224	0	8798
8824	7	18194611931680	none	8799	25c80877	512	224	0	8799
8825	0	18194629434390	none	8800	14bf24f7	512	224	0	8800
8826	1	18194642652090	none	8801	5f9f8dc6	512	224	0	8801
8827	2	18194660094760	none	8802	2e84a6f1	512	224	0	8802
8828	3	18194677592970	none	8803	cb343d5a	512	224	0	8803
8829	4	18194694818430	none	8804	c735acb9	512	224	0	8804
8830	5	18194712027090	none	8805	17a38a4d	512	224	0	8805
8831	6	18194729240750	none	8806	306658ec	512	224	0	8806
8832	7	18194742429740	none	8807	80d5910b	512	224	0	8807
8833	0	18194759651510	none	8808	bfc94c5f	512	224	0	8808
8834	1	18194776897570	none	8809	55b40e34	512	224	0	8809
8835	2	18194794098590	none	8810	a7cbabda	512	224	0	8810
8836	3	18194811275800	none	8811	5ceb390d	512	224	0	8811
8837	4	18194828597520	none	8812	8831a841	512	224	0	8812
8838	5	18194841917060	none	8813	b3b5ae9a	512	224	0	8813
8839	6	18194859131810	none	8814	a319b637	512	224	0	8814
8840	7	18194876331890	none	8815	e6d03f70	512	224	0	8815
8841	0	18194893594080	none	8816	7f111098	512	224	0	8816
8842	1	18194910899390	none	8817	ecbeed8e	512	224	0	8817
8843	2	18194928109340	none	8818	7278882c	512	224	0	8818
8844	3	18194945383790	none	8819	9da7dff6	512	224	0	8819
8845	4	18194958572900	none	8820	d3a5ebea	512	224	0	8820
8846	5	18194975800490	none	8821	126ac8db	512	224	0	8821
8847	6	18194993080370	none	8822	42e4a00d	512	224	0	8822
8848	7	18195010313290	none	8823	1d8012ef	512	224	0	8823
8849	0	18195027645500	none	8824	f416d169	512	224	0	8824
8850	1	18195044948540	none	8825	64b94906	512	224	0	8825
8851	2	18195058098580	none	8826	746dabb6	512	224	0	8826
8852	3	18195075323020	none	8827	8c11cf80	512	224	0	8827
8853	4	18195092549600	none	8828	1b6393ca	512	224	0	8828
8854	5	18195109784850	none	8829	261fb341	512	224	0	8829
8855	6	18195127102460	none	8830	4977c56a	512	224	0	8830
8856	7	18195144298130	none	8831	8efde62d	512	224	0	8831
8857	0	18195161543670	none	8832	cde9d2f7	512	224	0	8832
8858	1	18195174751940	none	8833	fe4fb7ef	512	224	0	8833
8859	2	18195191979150	none	8834	db360f12	512	224	0	8834
8860	3	18195209159220	none	8835	ea70ea79	512	224	0	8835
8861	4	18195226359630	none	8836	b5085e29	512	224	0	8836
8862	5	18195243576110	none	8837	68090268	512	224	0	8837
8863	6	18195260898700	none	8838	24ca10e4	512	224	0	8838
8864	7	18195278121110	none	8839	80a20f84	512	224	0	8839
8865	0	18195291286350	none	8840	ffb35a27	512	224	0	8840
8866	1	18195308553470	none	8841	d09945be	512	224	0	8841
8867	2	18195325783390	none	8842	802c3234	512	224	0	8842
8868	3	18195343077390	none	8843	6f76cfb3	512	224	0	8843
8869	4	18195360253500	none	8844	cb6fac6c	512	224	0	8844
8870	5	18195377607950	none	8845	449c06d2	512	224	0	8845
8871	6	18195394839390	none	8846	5462f8bb	512	224	0	8846
8872	7	18195408049550	none	8847	ab944291	512	224	0	8847
8873	0	18195425405730	none	8848	a6e511eb	512	224	0	8848
8874	1	18195442651130	none	8849	5726b967	512	224	0	8849
8875	2	18195459902090	none	8850	382acf7e	512	224	0	8850
8876	3	18195477099640	none	8851	98438c4b	512	224	0	8851
8877	4	18195494305550	none	8852	695780dc	512	224	0	8852
8878	5	18195507482100	none	8853	1311e0b2	512	224	0	8853
8879	6	18195524793750	none	8854	02dc380b	512	224	0	8854
8880	7	18195542080570	none	8855	363190ba	512	224	0	8855
8881	0	18195559268200	none	8856	d1d95246	512	224	0	8856
8882	1	18195576598290	none	8857	910de8be	512	224	0	8857
8883	2	18195593940680	none	8858	008f6b50	512	224	0	8858
8884	3	18195611163530	none	8859	26679b8e	512	224	0	8859
8885	4	18195624353080	none	8860	daa81705	512	224	0	8860
8886	5	18195641625460	none	8861	8f4c34b9	512	224	0	8861
8887	6	18195658873710	none	8862	50c4c780	512	224	0	8862
8888	7	18195676213860	none	8863	560dc781	512	224	0	8863
8889	0	18195693469850	none	8864	80954260	512	224	0	8864
8890	1	18195710750220	none	8865	8ce06c31	512	224	0	8865
8891	2	18195723954730	none	8866	8503645e	512	224	0	8866
8892	3	18195741161650	none	8867	55c9edd1	512	224	0	8867
8893	4	18195758450990	none	8868	769242ed	512	224	0	8868
8894	5	18195775677240	none	8869	492f89b3	512	224	0	8869
8895	6	18195792915270	none	8870	631231a1	512	224	0	8870
8896	7	18195810109360	none	8871	62b05356	512	224	0	8871
8897	0	18195827320130	none	8872	1f42b49a	512	224	0	8872
8898	1	18195840503350	none	8873	99dd6fe6	512	224	0	8873
8899	2	18195857709800	none	8874	9054fde9	512	224	0	8874
8900	3	18195875015690	none	8875	e1c15499	512	224	0	8875
8901	4	18195892232600	none	8876	def0384c	512	224	0	8876
8902	5	18195909464180	none	8877	e0c0cf3c	512	224	0	8877
8903	6	18195926688310	none	8878	428752bd	512	224	0	8878
8904	7	18195943908240	none	8879	deb9e27b	512	224	0	8879
8905	0	18195957126220	none	8880	4da5141e	512	224	0	8880
8906	1	18195974355490	none	8881	38736316	512	224	0	8881
8907	2	18195991638980	none	8882	3ae91615	512	224	0	8882
8908	3	18196008981590	none	8883	77859ce7	512	224	0	8883
8909	4	18196026214210	none	8884	bcafb5b8	512	224	0	8884
8910	5	18196043438530	none	8885	9535107a	512	224	0	8885
8911	6	18196056618130	none	8886	744884b1	512	224	0	8886
8912	7	18196073832080	none	8887	4814dcc8	512	224	0	8887
8913	0	18196091085700	none	8888	f46d0d7d	512	224	0	8888
8914	1	18196108385630	none	8889	88ade37a	512	224	0	8889
8915	2	18196125737850	none	8890	6afca547	512	224	0	8890
8916	3	18196142957810	none	8891	07de1350	512	224	0	8891
8917	4	18196160141310	none	8892	c3f00e54	512	224	0	8892
8918	5	18196173330270	none	8893	cc99dc11	512	224	0	8893
8919	6	18196190546560	none	8894	cc29c1e8	512	224	0	8894
8920	7	18196207763530	none	8895	2bd2dbee	512	224	0	8895
8921	0	18196225179510	none	8896	a28758fa	512	224	0	8896
8922	1	18196242450060	none	8897	e613e72c	512	224	0	8897
8923	2	18196259674540	none	8898	f8d0e3ce	512	224	0	8898
8924	3	18196272962910	none	8899	d7562c87	512	224	0	8899
8925	4	18196290146580	none	8900	0f474c9b	512	224	0	8900
8926	5	18196307323350	none	8901	4786e52b	512	224	0	8901
8927	6	18196324672350	none	8902	244e31d4	512	224	0	8902
8928	7	18196341928830	none	8903	cd2d8d08	512	224	0	8903
8929	0	18196359156590	none	8904	5271b288	512	224	0	8904
8930	1	18196376371730	none	8905	cdca0fe6	512	224	0	8905
8931	2	18196389603620	none	8906	a0325902	512	224	0	8906
8932	3	18196406822230	none	8907	8692f7d8	512	224	0	8907
8933	4	18196424157630	none	8908	d8400de6	512	224	0	8908
8934	5	18196441446400	none	8909	d5bc792d	512	224	0	8909
8935	6	18196458677200	none	8910	7c3b3ad0	512	224	0	8910
8936	7	18196475993150	none	8911	d7bbc775	512	224	0	8911
8937	0	18196489210500	none	8912	93bd7c02	512	224	0	8912
8938	1	18196506455110	none	8913	c9a4269e	512	224	0	8913
8939	2	18196523666710	none	8914	4674c889	512	224	0	8914
8940	3	18196540906640	none	8915	914428fb	512	224	0	8915
8941	4	18196558191930	none	8916	01cbce7e	512	224	0	8916
8942	5	18196575443050	none	8917	871158f9	512	224	0	8917
8943	6	18196592663130	none	8918	ca786121	512	224	0	8918
8944	7	18196606002400	none	8919	55d0163d	512	224	0	8919
8945	0	18196623188220	none	8920	7d3d9997	512	224	0	8920
8946	1	18196640413540	none	8921	d61d6857	512	224	0	8921
8947	2	18196657621950	none	8922	a3a676cb	512	224	0	8922
8948	3	18196675020960	none	8923	f5339873	512	224	0	8923
8949	4	18196692248190	none	8924	0f417d73	512	224	0	8924
8950	5	18196705438380	none	8925	d450e651	512	224	0	8925
8951	6	18196722651780	none	8926	a488027f	512	224	0	8926
8952	7	18196740029080	none	8927	a288bd75	512	224	0	8927
8953	0	18196757263400	none	8928	41d31a34	512	224	0	8928
8954	1	18196774682820	none	8929	0703e014	512	224	0	8929
8955	2	18196791973850	none	8930	3b4c104e	512	224	0	8930
8956	3	18196809190290	none	8931	45003bb2	512	224	0	8931
8957	4	18196822384670	none	8932	882a46e0	512	224	0	8932
8958	5	18196839591210	none	8933	e1fbccf8	512	224	0	8933
8959	6	18196856810190	none	8934	b81936b3	512	224	0	8934
8960	7	18196874160270	none	8935	2e12666b	512	224	0	8935
8961	0	18196891442760	none	8936	4278c298	512	224	0	8936
8962	1	18196908680540	none	8937	811c01e0	512	224	0	8937
8963	2	18196921877690	none	8938	a1e41922	512	224	0	8938
8964	3	18196939086160	none	8939	4e5b2ed8	512	224	0	8939
8965	4	18196956276850	none	8940	a4f42399	512	224	0	8940
8966	5	18196973594270	none	8941	322654e2	512	224	0	8941
8967	6	18196990930710	none	8942	9ca94797	512	224	0	8942
8968	7	18197008215380	none	8943	dac71af3	512	224	0	8943
8969	0	18197025500840	none	8944	d0735e2f	512	224	0	8944
8970	1	18197038689620	none	8945	3c80f444	512	224	0	8945
8971	2	18197055900160	none	8946	b944e12d	512	224	0	8946
8972	3	18197073233690	none	8947	81daada4	512	224	0	8947
8973	4	18197090483390	none	8948	969ebfc7	512	224	0	8948
8974	5	18197107709910	none	8949	f687350a	512	224	0	8949
8975	6	18197125023050	none	8950	f762512a	512	224	0	8950
8976	7	18197138199780	none	8951	be220abe	512	224	0	8951
8977	0	18197155431510	none	8952	5c4625f1	512	224	0	8952
8978	1	18197172645160	none	8953	5c40b5bd	512	224	0	8953
8979	2	18197189868440	none	8954	33a8ee64	512	224	0	8954
8980	3	18197207084280	none	8955	4b1d4313	512	224	0	8955
8981	4	18197224292210	none	8956	873c0c84	512	224	0	8956
8982	5	18197241568300	none	8957	9accfdb1	512	224	0	8957
8983	6	18197254761520	none	8958	f8a8251c	512	224	0	8958
8984	7	18197271947050	none	8959	f21934fd	512	224	0	8959
8985	0	18197289277710	none	8960	ef3f9e13	512	224	0	8960
8986	1	18197306542900	none	8961	8a06903e	512	224	0	8961
8987	2	18197323881060	none	8962	0f41d185	512	224	0	8962
8988	3	18197341085990	none	8963	8174ea57	512	224	0	8963
8989	4	18197354351890	none	8964	5c16571a	512	224	0	8964
8990	5	18197371560970	none	8965	0bc1b123	512	224	0	8965
8991	6	18197388779330	none	8966	42446378	512	224	0	8966
8992	7	18197405978740	none	8967	b6b8f70a	512	224	0	8967
8993	0	18197423172470	none	8968	5854c64f	512	224	0	8968
8994	1	18197440406490	none	8969	ffaa6c3c	512	224	0	8969
8995	2	18197457636040	none	8970	5eec63ee	512	224	0	8970
8996	3	18197470874730	none	8971	675b4b6a	512	224	0	8971
8997	4	18197488076500	none	8972	c8d4e797	512	224	0	8972
8998	5	18197505257100	none	8973	c89bb344	512	224	0	8973
8999	6	18197522596030	none	8974	3b1acfba	512	224	0	8974
9000	7	18197539938660	none	8975	25a8e549	512	224	0	8975
9001	0	18197557324630	none	8976	e55f6199	512	224	0	8976
9002	1	18197570610660	none	8977	6e166d4b	512	224	0	8977
9003	2	18197587849440	none	8978	19f0e666	512	224	0	8978
9004	3	18197605036710	none	8979	c6cfea72	512	224	0	8979
9005	4	18197622393690	none	8980	20caa2eb	512	224	0	8980
9006	5	18197639624890	none	8981	bec0a74c	512	224	0	8981
9007	6	18197656869340	none	8982	1916bf98	512	224	0	8982
9008	7	18197674073740	none	8983	351e9f77	512	224	0	8983
9009	0	18197687298370	none	8984	8c6c60ef	512	224	0	8984
9010	1	18197704512440	none	8985	e18a11db	512	224	0	8985
9011	2	18197721737850	none	8986	5bd216db	512	224	0	8986
9012	3	18197738951700	none	8987	8b1e6275	512	224	0	8987
9013	4	18197756131340	none	8988	cc222f5a	512	224	0	8988
9014	5	18197773352250	none	8989	d62d0b67	512	224	0	8989
9015	6	18197790557670	none	8990	b3fd566e	512	224	0	8990
9016	7	18197803744870	none	8991	668ed969	512	224	0	8991
9017	0	18197820940350	none	8992	8465fe2f	512	224	0	8992
9018	1	18197838154890	none	8993	b15ab952	512	224	0	8993
9019	2	18197855374410	none	8994	f9ebc1cb	512	224	0	8994
9020	3	18197872593420	none	8995	0647cdb4	512	224	0	8995
9021	4	18197889826010	none	8996	844d3a63	512	224	0	8996
9022	5	18197907077370	none	8997	e3f207f6	512	224	0	8997
9023	6	18197920245890	none	8998	0ccaf138	512	224	0	8998
9024	7	18197937466150	none	8999	3ead28b1	512	224	0	8999
9025	0	18197954670120	none	9000	ee49e9e3	512	224	0	9000
9026	1	18197971950360	none	9001	76efc041	512	224	0	9001
9027	2	18197989131010	none	9002	af915f67	512	224	0	9002
9028	3	18198006356360	none	9003	83aa91e1	512	224	0	9003
9029	4	18198023594490	none	9004	a83cee1a	512	224	0	9004
9030	5	18198036802900	none	9005	c5d35aa7	512	224	0	9005
9031	6	18198053988910	none	9006	c8ac3be0	512	224	0	9006
9032	7	18198071324250	none	9007	d0ab4e45	512	224	0	9007
9033	0	18198088653820	none	9008	a10ad251	512	224	0	9008
9034	1	18198105930030	none	9009	3606e8c9	512	224	0	9009
9035	2	18198123120050	none	9010	3819455e	512	224	0	9010
9036	3	18198140339220	none	9011	e70ca881	512	224	0	9011
9037	4	18198153516410	none	9012	4f2f765b	512	224	0	9012
9038	5	18198170731950	none	9013	6cbfa220	512	224	0	9013
9039	6	18198187918120	none	9014	9d1337f0	512	224	0	9014
9040	7	18198205223100	none	9015	38e093a1	512	224	0	9015
9041	0	18198222451140	none	9016	c1c06401	512	224	0	9016
9042	1	18198239664880	none	9017	7e209d5f	512	224	0	9017
9043	2	18198252983860	none	9018	2e331af0	512	224	0	9018
9044	3	18198270158610	none	9019	b92b406e	512	224	0	9019
9045	4	18198287375270	none	9020	01aaa4ab	512	224	0	9020
9046	5	18198304571480	none	9021	ade4fad7	512	224	0	9021
9047	6	18198321858220	none	9022	81fad1b9	512	224	0	9022
9048	7	18198339137100	none	9023	9fab9ba1	512	224	0	9023
9049	0	18198356385950	none	9024	f1d70505	512	224	0	9024
9050	1	18198369573090	none	9025	fcee54c1	512	224	0	9025
9051	2	18198386814980	none	9026	c865e499	512	224	0	9026
9052	3	18198404007360	none	9027	859a8fa3	512	224	0	9027
9053	4	18198421189970	none	9028	d16f0a7f	512	224	0	9028
9054	5	18198438418960	none	9029	d16f0a7f	512	224	0	9029
9055	6	18198455644720	none	9030	d16f0a7f	512	224	0	9030
9056	7	18198472911360	none	9031	d16f0a7f	512	224	0	9031
9057	0	18198486215660	none	9032	d16f0a7f	512	224	0	9032
9058	1	18198503423900	none	9033	d16f0a7f	512	224	0	9033
9059	2	18198520734680	none	9034	d16f0a7f	512	224	0	9034
9060	3	18198537957290	none	9035	d16f0a7f	512	224	0	9035
9061	4	18198555159450	none	9036	a7f00168	512	224	0	9036
9062	5	18198572385340	none	9037	85b1dcb7	512	224	0	9037
9063	6	18198589603870	none	9038	393831f0	512	224	0	9038
9064	7	18198602804900	none	9039	040bd14c	512	224	0	9039
9065	0	18198620258560	none	9040	28e16b9a	512	224	0	9040
9066	1	18198637508220	none	9041	0201713d	512	224	0	9041
9067	2	18198654725910	none	9042	ff5f35ce	512	224	0	9042
9068	3	18198671993140	none	9043	e1f253fe	512	224	0	9043
9069	4	18198689179530	none	9044	f76001c2	512	224	0	9044
9070	5	18198702435690	none	9045	99b294ee	512	224	0	9045
9071	6	18198719639970	none	9046	b7e827ee	512	224	0	9046
9072	7	18198736845670	none	9047	8db21cf2	512	224	0	9047
9073	0	18198754047820	none	9048	d6584e3f	512	224	0	9048
9074	1	18198771255570	none	9049	f9249b75	512	224	0	9049
9075	2	18198788488000	none	9050	d41b880f	512	224	0	9050
9076	3	18198805762980	none	9051	4184819c	512	224	0	9051
9077	4	18198818906770	none	9052	6d7acb9f	512	224	0	9052
9078	5	18198836091540	none	9053	b262d92e	512	224	0	9053
9079	6	18198853280930	none	9054	0038b2e1	512	224	0	9054
9080	7	18198870612250	none	9055	1bc679ee	512	224	0	9055
9081	0	18198887854490	none	9056	67e65bc0	512	224	0	9056
9082	1	18198905080870	none	9057	cb47eb8c	512	224	0	9057
9083	2	18198918389920	none	9058	eeded79e	512	224	0	9058
9084	3	18198935679750	none	9059	b310ed49	512	224	0	9059
9085	4	18198952916460	none	9060	205a4475	512	224	0	9060
9086	5	18198970186520	none	9061	ad77aea5	512	224	0	9061
9087	6	18198987459630	none	9062	f466b68b	512	224	0	9062
9088	7	18199004712480	none	9063	270cc428	512	224	0	9063
9089	0	18199021925310	none	9064	84f22f10	512	224	0	9064
9090	1	18199035280140	none	9065	2ac4acdd	512	224	0	9065
9091	2	18199052504450	none	9066	60f0cd7d	512	224	0	9066
9092	3	18199069840200	none	9067	0ae0b6a0	512	224	0	9067
9093	4	18199087085680	none	9068	034ac0ad	512	224	0	9068
9094	5	18199104265660	none	9069	3e2e1f98	512	224	0	9069
9095	6	18199121513660	none	9070	dc5a7894	512	224	0	9070
9096	7	18199134769340	none	9071	0aaa185b	512	224	0	9071
9097	0	18199152048420	none	9072	1df3d6e6	512	224	0	9072
9098	1	18199169444510	none	9073	429693f5	512	224	0	9073
9099	2	18199186725750	none	9074	69ed0afe	512	224	0	9074
9100	3	18199204026590	none	9075	8d9d2d99	512	224	0	9075
9101	4	18199221209910	none	9076	04111ee7	512	224	0	9076
9102	5	18199238435440	none	9077	749b336d	512	224	0	9077
9103	6	18199251612210	none	9078	9aa8f93f	512	224	0	9078
9104	7	18199268835350	none	9079	f210788a	512	224	0	9079
9105	0	18199286030900	none	9080	f0d74dee	512	224	0	9080
9106	1	18199303243770	none	9081	631a6255	512	224	0	9081
9107	2	18199320520810	none	9082	7a5e0909	512	224	0	9082
9108	3	18199337767730	none	9083	ca33776f	512	224	0	9083
9109	4	18199351040800	none	9084	3a0cb5af	512	224	0	9084
9110	5	18199368224460	none	9085	8a476bfb	512	224	0	9085
9111	6	18199385476250	none	9086	adc3d51e	512	224	0	9086
9112	7	18199402778740	none	9087	1fb4ba84	512	224	0	9087
9113	0	18199420031840	none	9088	1fb4ba84	512	224	0	9088
9114	1	18199437214640	none	9089	7c607cde	512	224	0	9089
9115	2	18199454468310	none	9090	946af196	512	224	0	9090
9116	3	18199467630570	none	9091	946af196	512	224	0	9091
9117	4	18199484851700	none	9092	946af196	512	224	0	9092
9118	5	18199502035720	none	9093	946af196	512	224	0	9093
9119	6	18199519240520	none	9094	946af196	512	224	0	9094
9120	7	18199536524590	none	9095	946af196	512	224	0	9095
9121	0	18199553737210	none	9096	946af196	512	224	0	9096
9122	1	18199570954220	none	9097	946af196	512	224	0	9097
9123	2	18199584300600	none	9098	946af196	512	224	0	9098
9124	3	18199601610960	none	9099	946af196	512	224	0	9099
9125	4	18199618914390	none	9100	946af196	512	224	0	9100
9126	5	18199636146750	none	9101	946af196	512	224	0	9101
9127	6	18199653386520	none	9102	949e32cf	512	224	0	9102
9128	7	18199670737660	none	9103	949e32cf	512	224	0	9103
9129	0	18199684276040	none	9104	a68927e6	512	224	0	9104
9130	1	18199701558560	none	9105	a68927e6	512	224	0	9105
9131	2	18199718883840	none	9106	f07efbba	512	224	0	9106
9132	3	18199736078530	none	9107	f07efbba	512	224	0	9107
9133	4	18199753272680	none	9108	946af196	512	224	0	9108
9134	5	18199770535880	none	9109	946af196	512	224	0	9109
9135	6	18199783717070	none	9110	946af196	512	224	0	9110
9136	7	18199800951900	none	9111	946af196	512	224	0	9111
9137	0	18199818296200	none	9112	946af196	512	224	0	9112
9138	1	18199835570400	none	9113	946af196	512	224	0	9113
9139	2	18199852815210	none	9114	946af196	512	224	0	9114
9140	3	18199870034230	none	9115	946af196	512	224	0	9115
9141	4	18199887404500	none	9116	946af196	512	224	0	9116
9142	5	18199900582470	none	9117	946af196	512	224	0	9117
9143	6	18199918034550	none	9118	946af196	512	224	0	9118
9144	7	18199935267380	none	9119	946af196	512	224	0	9119
9145	0	18199952487880	none	9120	946af196	512	224	0	9120
9146	1	18199969724720	none	9121	946af196	512	224	0	9121
9147	2	18199986909580	none	9122	946af196	512	224	0	9122
9148	3	18200000060910	none	9123	946af196	512	224	0	9123
9149	4	18200017429080	none	9124	946af196	512	224	0	9124
9150	5	18200034663990	none	9125	946af196	512	224	0	9125
9151	6	18200051863540	none	9126	946af196	512	224	0	9126
9152	7	18200069057580	none	9127	946af196	512	224	0	9127
9153	0	18200086281600	none	9128	949e32cf	512	224	0	9128
9154	1	18200103513370	none	9129	949e32cf	512	224	0	9129
9155	2	18200116690290	none	9130	a68927e6	512	224	0	9130
9156	3	18200133886980	none	9131	a68927e6	512	224	0	9131
9157	4	18200151069310	none	9132	f07efbba	512	224	0	9132
9158	5	18200168275420	none	9133	f07efbba	512	224	0	9133
9159	6	18200185544360	none	9134	946af196	512	224	0	9134
9160	7	18200202824300	none	9135	946af196	512	224	0	9135
9161	0	18200220012180	none	9136	946af196	512	224	0	9136
9162	1	18200233335140	none	9137	946af196	512	224	0	9137
9163	2	18200250550870	none	9138	946af196	512	224	0	9138
9164	3	18200267854660	none	9139	946af196	512	224	0	9139
9165	4	18200285052930	none	9140	946af196	512	224	0	9140
9166	5	18200302264610	none	9141	946af196	512	224	0	9141
9167	6	18200319485730	none	9142	946af196	512	224	0	9142
9168	7	18200336703110	none	9143	946af196	512	224	0	9143
9169	0	18200349921220	none	9144	946af196	512	224	0	9144
9170	1	18200367124160	none	9145	946af196	512	224	0	9145
9171	2	18200384338980	none	9146	946af196	512	224	0	9146
9172	3	18200401566850	none	9147	946af196	512	224	0	9147
9173	4	18200418822040	none	9148	946af196	512	224	0	9148
9174	5	18200436160650	none	9149	946af196	512	224	0	9149
9175	6	18200449390310	none	9150	946af196	512	224	0	9150
9176	7	18200466722860	none	9151	946af196	512	224	0	9151
9177	0	18200483966840	none	9152	946af196	512	224	0	9152
9178	1	18200501164570	none	9153	946af196	512	224	0	9153
9179	2	18200518391640	none	9154	949e32cf	512	224	0	9154
9180	3	18200535606420	none	9155	949e32cf	512	224	0	9155
9181	4	18200552824170	none	9156	a68927e6	512	224	0	9156
9182	5	18200565980300	none	9157	a68927e6	512	224	0	9157
9183	6	18200583149110	none	9158	f07efbba	512	224	0	9158
9184	7	18200600376510	none	9159	f07efbba	512	224	0	9159
9185	0	18200617615340	none	9160	946af196	512	224	0	9160
9186	1	18200634830110	none	9161	946af196	512	224	0	9161
9187	2	18200652092640	none	9162	946af196	512	224	0	9162
9188	3	18200669332900	none	9163	9172bbf9	512	224	0	9163
9189	4	18200682604200	none	9164	b48bae94	512	224	0	9164
9190	5	18200699905630	none	9165	6c131829	512	224	0	9165
9191	6	18200717134030	none	9166	6c131829	512	224	0	9166
9192	7	18200734372690	none	9167	d251f19f	512	224	0	9167
9193	0	18200751587100	none	9168	cc1c87dd	512	224	0	9168
9194	1	18200768806300	none	9169	eaaf191d	512	224	0	9169
9195	2	18200782107910	none	9170	84161602	512	224	0	9170
9196	3	18200799323220	none	9171	84161602	512	224	0	9171
9197	4	18200816691350	none	9172	c6ae442f	512	224	0	9172
9198	5	18200833893290	none	9173	4bc7763a	512	224	0	9173
9199	6	18200851103400	none	9174	492d6e3b	512	224	0	9174
9200	7	18200868319490	none	9175	b7836b8d	512	224	0	9175
9201	0	18200885641400	none	9176	b7836b8d	512	224	0	9176
9202	1	18200898909170	none	9177	b7836b8d	512	224	0	9177
9203	2	18200916114180	none	9178	b7836b8d	512	224	0	9178
9204	3	18200933332330	none	9179	b7836b8d	512	224	0	9179
9205	4	18200950603630	none	9180	b7836b8d	512	224	0	9180
9206	5	18200967846570	none	9181	b777a8d4	512	224	0	9181
9207	6	18200985199440	none	9182	8560bdfd	512	224	0	9182
9208	7	18200998370970	none	9183	8560bdfd	512	224	0	9183
9209	0	18201015770340	none	9184	d39761a1	512	224	0	9184
9210	1	18201032966990	none	9185	04b0102f	512	224	0	9185
9211	2	18201050165800	none	9186	6caf1af7	512	224	0	9186
9212	3	18201067395340	none	9187	d040930f	512	224	0	9187
9213	4	18201084602380	none	9188	5d8a3f3e	512	224	0	9188
9214	5	18201101849010	none	9189	1156a1eb	512	224	0	9189
9215	6	18201115015190	none	9190	01c5a959	512	224	0	9190
9216	7	18201132197570	none	9191	e4df5b2c	512	224	0	9191
9217	0	18201149416600	none	9192	11619364	512	224	0	9192
9218	1	18201166644130	none	9193	e2da8f71	512	224	0	9193
9219	2	18201183840320	none	9194	9b00a6c3	512	224	0	9194
9220	3	18201201092860	none	9195	9b00a6c3	512	224	0	9195
9221	4	18201218297470	none	9196	9b00a6c3	512	224	0	9196
9222	5	18201231562980	none	9197	9b00a6c3	512	224	0	9197
9223	6	18201248890250	none	9198	9b00a6c3	512	224	0	9198
9224	7	18201266150630	none	9199	9b00a6c3	512	224	0	9199
9225	0	18201283426720	none	9200	9b00a6c3	512	224	0	9200
9226	1	18201300640360	none	9201	9b00a6c3	512	224	0	9201
9227	2	18201317895530	none	9202	4beeac21	512	224	0	9202
9228	3	18201335114950	none	9203	9acdd587	512	224	0	9203
9229	4	18201348295300	none	9204	e5de2aec	512	224	0	9204
9230	5	18201365519130	none	9205	6150afd3	512	224	0	9205
9231	6	18201382721900	none	9206	6150afd3	512	224	0	9206
9232	7	18201400035440	none	9207	f2c5bbf0	512	224	0	9207
9233	0	18201417234180	none	9208	f7b431ba	512	224	0	9208
9234	1	18201434559630	none	9209	f7b431ba	512	224	0	9209
9235	2	18201447762590	none	9210	bc69864d	512	224	0	9210
9236	3	18201465094920	none	9211	4563484b	512	224	0	9211
9237	4	18201482327140	none	9212	21774267	512	224	0	9212
9238	5	18201499554380	none	9213	36267d24	512	224	0	9213
9239	6	18201516838470	none	9214	ee4f5f31	512	224	0	9214
9240	7	18201534189920	none	9215	be034cc6	512	224	0	9215
9241	0	18201551436120	none	9216	cb75f7c1	512	224	0	9216
9242	1	18201564600570	none	9217	4d644d80	512	224	0	9217
9243	2	18201581920630	none	9218	86a5ec68	512	224	0	9218
9244	3	18201599111210	none	9219	86a5ec68	512	224	0	9219
9245	4	18201616422190	none	9220	86a5ec68	512	224	0	9220
9246	5	18201633661830	none	9221	86a5ec68	512	224	0	9221
9247	6	18201650857990	none	9222	770c8a53	512	224	0	9222
9248	7	18201663988710	none	9223	7e03a289	512	224	0	9223
9249	0	18201681166820	none	9224	8fb19978	512	224	0	9224
9250	1	18201698388290	none	9225	3526027c	512	224	0	9225
9251	2	18201715592120	none	9226	3526027c	512	224	0	9226
9252	3	18201732809580	none	9227	4ce730b2	512	224	0	9227
9253	4	18201750096930	none	9228	8108dc19	512	224	0	9228
9254	5	18201767320400	none	9229	5c9dc63b	512	224	0	9229
9255	6	18201780509260	none	9230	14b73595	512	224	0	9230
9256	7	18201797753460	none	9231	14b73595	512	224	0	9231
9257	0	18201814998810	none	9232	a2591f6d	512	224	0	9232
9258	1	18201832207540	none	9233	988134a9	512	224	0	9233
9259	2	18201849442660	none	9234	aa962180	512	224	0	9234
9260	3	18201866667390	none	9235	b7fa17b5	512	224	0	9235
9261	4	18201883953950	none	9236	ac004db3	512	224	0	9236
9262	5	18201897105760	none	9237	d3525f01	512	224	0	9237
9263	6	18201914319880	none	9238	b746552d	512	224	0	9238
9264	7	18201931519800	none	9239	b746552d	512	224	0	9239
9265	0	18201948741710	none	9240	b746552d	512	224	0	9240
9266	1	18201965938130	none	9241	b746552d	512	224	0	9241
9267	2	18201983313740	none	9242	8f1911bc	512	224	0	9242
9268	3	18202000526680	none	9243	65ff7049	512	224	0	9243
9269	4	18202013713110	none	9244	0df852d2	512	224	0	9244
9270	5	18202030941800	none	9245	dbc4ef0c	512	224	0	9245
9271	6	18202048173850	none	9246	7bf7161d	512	224	0	9246
9272	7	18202065430750	none	9247	7bf7161d	512	224	0	9247
9273	0	18202082672260	none	9248	7bf7161d	512	224	0	9248
9274	1	18202099877040	none	9249	736249dd	512	224	0	9249
9275	2	18202117104520	none	9250	49d9b178	512	224	0	9250
9276	3	18202130313800	none	9251	23c229dc	512	224	0	9251
9277	4	18202147527830	none	9252	56c810ad	512	224	0	9252
9278	5	18202164760440	none	9253	5f9a9991	512	224	0	9253
9279	6	18202181941090	none	9254	bd713315	512	224	0	9254
9280	7	18202199131660	none	9255	23f12bee	512	224	0	9255
9281	0	18202216434800	none	9256	7d870675	512	224	0	9256
9282	1	18202229708890	none	9257	d16af186	512	224	0	9257
9283	2	18202246894900	none	9258	d16af186	512	224	0	9258
9284	3	18202264099370	none	9259	d16af186	512	224	0	9259
9285	4	18202281316120	none	9260	d19e32df	512	224	0	9260
9286	5	18202298537690	none	9261	d19e32df	512	224	0	9261
9287	6	18202315888630	none	9262	e38927f6	512	224	0	9262
9288	7	18202333115190	none	9263	e38927f6	512	224	0	9263
9289	0	18202346297660	none	9264	b57efbaa	512	224	0	9264
9290	1	18202363518990	none	9265	b57efbaa	512	224	0	9265
9291	2	18202380758500	none	9266	d16af186	512	224	0	9266
9292	3	18202398116130	none	9267	d16af186	512	224	0	9267
9293	4	18202415329030	none	9268	d16af186	512	224	0	9268
9294	5	18202432648790	none	9269	d16af186	512	224	0	9269
9295	6	18202449941870	none	9270	d16af186	512	224	0	9270
9296	7	18202463123180	none	9271	d16af186	512	224	0	9271
9297	0	18202480352930	none	9272	d16af186	512	224	0	9272
9298	1	18202497573490	none	9273	d16af186	512	224	0	9273
9299	2	18202514805420	none	9274	d16af186	512	224	0	9274
9300	3	18202532153050	none	9275	d16af186	512	224	0	9275
9301	4	18202549383030	none	9276	d16af186	512	224	0	9276
9302	5	18202562555220	none	9277	d16af186	512	224	0	9277
9303	6	18202579793520	none	9278	d16af186	512	224	0	9278
9304	7	18202597077370	none	9279	d16af186	512	224	0	9279
9305	0	18202614313450	none	9280	d16af186	512	224	0	9280
9306	1	18202631539230	none	9281	d16af186	512	224	0	9281
9307	2	18202648770880	none	9282	d16af186	512	224	0	9282
9308	3	18202665982030	none	9283	d16af186	512	224	0	9283
9309	4	18202679153370	none	9284	d16af186	512	224	0	9284
9310	5	18202696378480	none	9285	d16af186	512	224	0	9285
9311	6	18202713606120	none	9286	d19e32df	512	224	0	9286
9312	7	18202730804960	none	9287	d19e32df	512	224	0	9287
9313	0	18202747999780	none	9288	e38927f6	512	224	0	9288
9314	1	18202765197340	none	9289	e38927f6	512	224	0	9289
9315	2	18202782430830	none	9290	b57efbaa	512	224	0	9290
9316	3	18202795645020	none	9291	b57efbaa	512	224	0	9291
9317	4	18202812972710	none	9292	d16af186	512	224	0	9292
9318	5	18202830163080	none	9293	d16af186	512	224	0	9293
9319	6	18202847416970	none	9294	d16af186	512	224	0	9294
9320	7	18202864731220	none	9295	d16af186	512	224	0	9295
9321	0	18202881994650	none	9296	d16af186	512	224	0	9296
9322	1	18202899196300	none	9297	d16af186	512	224	0	9297
9323	2	18202912405770	none	9298	d16af186	512	224	0	9298
9324	3	18202929644390	none	9299	d16af186	512	224	0	9299
9325	4	18202946857810	none	9300	d16af186	512	224	0	9300
9326	5	18202964039670	none	9301	d16af186	512	224	0	9301
9327	6	18202981400830	none	9302	d16af186	512	224	0	9302
9328	7	18202998631070	none	9303	d16af186	512	224	0	9303
9329	0	18203011792360	none	9304	d16af186	512	224	0	9304
9330	1	18203028984040	none	9305	d16af186	512	224	0	9305
9331	2	18203046167070	none	9306	d16af186	512	224	0	9306
9332	3	18203063386640	none	9307	d16af186	512	224	0	9307
9333	4	18203080605340	none	9308	d16af186	512	224	0	9308
9334	5	18203097809070	none	9309	d16af186	512	224	0	9309
9335	6	18203115029150	none	9310	d16af186	512	224	0	9310
9336	7	18203128231580	none	9311	d16af186	512	224	0	9311
9337	0	18203145444370	none	9312	d19e32df	512	224	0	9312
9338	1	18203162667090	none	9313	d19e32df	512	224	0	9313
9339	2	18203179846140	none	9314	e38927f6	512	224	0	9314
9340	3	18203197109690	none	9315	e38927f6	512	224	0	9315
9341	4	18203214348290	none	9316	b57efbaa	512	224	0	9316
9342	5	18203231682380	none	9317	b57efbaa	512	224	0	9317
9343	6	18203244839120	none	9318	d16af186	512	224	0	9318
9344	7	18203262029660	none	9319	d16af186	512	224	0	9319
9345	0	18203279233890	none	9320	d16af186	512	224	0	9320
9346	1	18203296444150	none	9321	d16af186	512	224	0	9321
9347	2	18203313639160	none	9322	d16af186	512	224	0	9322
9348	3	18203330911610	none	9323	d16af186	512	224	0	9323
9349	4	18203348105270	none	9324	d16af186	512	224	0	9324
9350	5	18203361296540	none	9325	d16af186	512	224	0	9325
9351	6	18203378537990	none	9326	d16af186	512	224	0	9326
9352	7	18203395779690	none	9327	d16af186	512	224	0	9327
9353	0	18203412966530	none	9328	d16af186	512	224	0	9328
9354	1	18203430326660	none	9329	d16af186	512	224	0	9329
9355	2	18203447543180	none	9330	d16af186	512	224	0	9330
9356	3	18203464763180	none	9331	d16af186	512	224	0	9331
9357	4	18203477970550	none	9332	d16af186	512	224	0	9332
9358	5	18203495182850	none	9333	d16af186	512	224	0	9333
9359	6	18203512410750	none	9334	d16af186	512	224	0	9334
9360	7	18203529635560	none	9335	d16af186	512	224	0	9335
9361	0	18203546838600	none	9336	d16af186	512	224	0	9336
9362	1	18203564004570	none	9337	d16af186	512	224	0	9337
9363	2	18203581244660	none	9338	d16af186	512	224	0	9338
9364	3	18203594430460	none	9339	d19e32df	512	224	0	9339
9365	4	18203611654370	none	9340	e38927f6	512	224	0	9340
9366	5	18203628847210	none	9341	e38927f6	512	224	0	9341
9367	6	18203646133750	none	9342	b57efbaa	512	224	0	9342
9368	7	18203663407350	none	9343	b57efbaa	512	224	0	9343
9369	0	18203680754880	none	9344	d16af186	512	224	0	9344
9370	1	18203693919400	none	9345	d16af186	512	224	0	9345
9371	2	18203711197980	none	9346	d16af186	512	224	0	9346
9372	3	18203728416310	none	9347	d16af186	512	224	0	9347
9373	4	18203745638180	none	9348	d16af186	512	224	0	9348
9374	5	18203762899280	none	9349	d16af186	512	224	0	9349
9375	6	18203780103670	none	9350	d16af186	512	224	0	9350
9376	7	18203797332100	none	9351	d16af186	512	224	0	9351
9377	0	18203810498410	none	9352	d16af186	512	224	0	9352
9378	1	18203827722900	none	9353	d16af186	512	224	0	9353
9379	2	18203845050890	none	9354	d16af186	512	224	0	9354
9380	3	18203862282840	none	9355	d16af186	512	224	0	9355
9381	4	18203879619270	none	9356	d16af186	512	224	0	9356
9382	5	18203896930330	none	9357	d16af186	512	224	0	9357
9383	6	18203914197420	none	9358	d16af186	512	224	0	9358
9384	7	18203927398190	none	9359	d16af186	512	224	0	9359
9385	0	18203944629890	none	9360	d16af186	512	224	0	9360
9386	1	18203961814430	none	9361	d16af186	512	224	0	9361
9387	2	18203979171980	none	9362	d16af186	512	224	0	9362
9388	3	18203996404740	none	9363	d16af186	512	224	0	9363
9389	4	18204013644800	none	9364	d16af186	512	224	0	9364
9390	5	18204026957150	none	9365	d19e32df	512	224	0	9365
9391	6	18204044146630	none	9366	e38927f6	512	224	0	9366
9392	7	18204061372930	none	9367	e38927f6	512	224	0	9367
9393	0	18204078594880	none	9368	b57efbaa	512	224	0	9368
9394	1	18204095799650	none	9369	b57efbaa	512	224	0	9369
9395	2	18204112994130	none	9370	d16af186	512	224	0	9370
9396	3	18204130205690	none	9371	d16af186	512	224	0	9371
9397	4	18204143397760	none	9372	d16af186	512	224	0	9372
9398	5	18204160616550	none	9373	d16af186	512	224	0	9373
9399	6	18204177826340	none	9374	d16af186	512	224	0	9374
9400	7	18204195017430	none	9375	d16af186	512	224	0	9375
9401	0	18204212218020	none	9376	d16af186	512	224	0	9376
9402	1	18204229445930	none	9377	d16af186	512	224	0	9377
9403	2	18204246659990	none	9378	d16af186	512	224	0	9378
9404	3	18204259816520	none	9379	d16af186	512	224	0	9379
9405	4	18204276986430	none	9380	d16af186	512	224	0	9380
9406	5	18204294169880	none	9381	d16af186	512	224	0	9381
9407	6	18204311395250	none	9382	d16af186	512	224	0	9382
9408	7	18204328712530	none	9383	d16af186	512	224	0	9383
9409	0	18204345964480	none	9384	d16af186	512	224	0	9384
9410	1	18204363173610	none	9385	d16af186	512	224	0	9385
9411	2	18204376355020	none	9386	d16af186	512	224	0	9386
9412	3	18204393592090	none	9387	d16af186	512	224	0	9387
9413	4	18204410785680	none	9388	d16af186	512	224	0	9388
9414	5	18204428148850	none	9389	d16af186	512	224	0	9389
9415	6	18204445433610	none	9390	d16af186	512	224	0	9390
9416	7	18204462691870	none	9391	d19e32df	512	224	0	9391
9417	0	18204475963030	none	9392	e38927f6	512	224	0	9392
9418	1	18204493168860	none	9393	e38927f6	512	224	0	9393
9419	2	18204510442290	none	9394	b57efbaa	512	224	0	9394
9420	3	18204527662310	none	9395	b57efbaa	512	224	0	9395
9421	4	18204544852980	none	9396	d16af186	512	224	0	9396
9422	5	18204562049450	none	9397	d16af186	512	224	0	9397
9423	6	18204579284280	none	9398	d16af186	512	224	0	9398
9424	7	18204592469060	none	9399	d16af186	512	224	0	9399
9425	0	18204609714650	none	9400	d16af186	512	224	0	9400
9426	1	18204626905900	none	9401	d16af186	512	224	0	9401
9427	2	18204644118080	none	9402	d16af186	512	224	0	9402
9428	3	18204661361990	none	9403	d16af186	512	224	0	9403
9429	4	18204678615550	none	9404	d16af186	512	224	0	9404
9430	5	18204695804260	none	9405	d16af186	512	224	0	9405
9431	6	18204709207530	none	9406	d16af186	512	224	0	9406
9432	7	18204726686570	none	9407	d16af186	512	224	0	9407
9433	0	18204743946810	none	9408	d16af186	512	224	0	9408
9434	1	18204761139370	none	9409	d16af186	512	224	0	9409
9435	2	18204778364450	none	9410	d16af186	512	224	0	9410
9436	3	18204795604530	none	9411	d16af186	512	224	0	9411
9437	4	18204808764490	none	9412	d16af186	512	224	0	9412
9438	5	18204825955860	none	9413	d16af186	512	224	0	9413
9439	6	18204843124530	none	9414	d16af186	512	224	0	9414
9440	7	18204860362110	none	9415	d16af186	512	224	0	9415
9441	0	18204877715110	none	9416	d16af186	512	224	0	9416
9442	1	18204894975200	none	9417	d16af186	512	224	0	9417
9443	2	18204912224120	none	9418	d19e32df	512	224	0	9418
9444	3	18204925413300	none	9419	d19e32df	512	224	0	9419
9445	4	18204942632270	none	9420	e38927f6	512	224	0	9420
9446	5	18204959821210	none	9421	e38927f6	512	224	0	9421
9447	6	18204977212350	none	9422	b57efbaa	512	224	0	9422
9448	7	18204994467880	none	9423	b57efbaa	512	224	0	9423
9449	0	18205011718870	none	9424	d16af186	512	224	0	9424
9450	1	18205028999870	none	9425	d16af186	512	224	0	9425
9451	2	18205042170460	none	9426	d16af186	512	224	0	9426
9452	3	18205059392960	none	9427	d16af186	512	224	0	9427
9453	4	18205076609180	none	9428	d16af186	512	224	0	9428
9454	5	18205093807960	none	9429	d16af186	512	224	0	9429
9455	6	18205111077640	none	9430	d16af186	512	224	0	9430
9456	7	18205128326490	none	9431	d16af186	512	224	0	9431
9457	0	18205141528930	none	9432	d16af186	512	224	0	9432
9458	1	18205158779850	none	9433	d16af186	512	224	0	9433
9459	2	18205176147080	none	9434	d16af186	512	224	0	9434
9460	3	18205193372060	none	9435	d16af186	512	224	0	9435
9461	4	18205210604630	none	9436	d16af186	512	224	0	9436
9462	5	18205227821310	none	9437	d16af186	512	224	0	9437
9463	6	18205245028510	none	9438	d16af186	512	224	0	9438
9464	7	18205258227020	none	9439	d16af186	512	224	0	9439
9465	0	18205275453390	none	9440	d16af186	512	224	0	9440
9466	1	18205292687890	none	9441	d16af186	512	224	0	9441
9467	2	18205309909700	none	9442	d16af186	512	224	0	9442
9468	3	18205327106180	none	9443	d16af186	512	224	0	9443
9469	4	18205344343750	none	9444	d19e32df	512	224	0	9444
9470	5	18205361568740	none	9445	d19e32df	512	224	0	9445
9471	6	18205374728080	none	9446	e38927f6	512	224	0	9446
9472	7	18205392096430	none	9447	e38927f6	512	224	0	9447
9473	0	18205409324610	none	9448	b57efbaa	512	224	0	9448
9474	1	18205426670600	none	9449	b57efbaa	512	224	0	9449
9475	2	18205443950040	none	9450	d16af186	512	224	0	9450
9476	3	18205461168040	none	9451	d16af186	512	224	0	9451
9477	4	18205474429700	none	9452	d16af186	512	224	0	9452
9478	5	18205491700830	none	9453	d16af186	512	224	0	9453
9479	6	18205508974880	none	9454	d16af186	512	224	0	9454
9480	7	18205526414950	none	9455	d16af186	512	224	0	9455
9481	0	18205543667810	none	9456	d16af186	512	224	0	9456
9482	1	18205560867880	none	9457	d16af186	512	224	0	9457
9483	2	18205578067150	none	9458	d16af186	512	224	0	9458
9484	3	18205591254430	none	9459	d16af186	512	224	0	9459
9485	4	18205608497380	none	9460	d16af186	512	224	0	9460
9486	5	18205625741930	none	9461	91949cd0	512	224	0	9461
9487	6	18205642950330	none	9462	91949cd0	512	224	0	9462
9488	7	18205660166190	none	9463	ac66f80d	512	224	0	9463
9489	0	18205677381290	none	9464	ac66f80d	512	224	0	9464
9490	1	18205694607740	none	9465	e1e912cc	512	224	0	9465
9491	2	18205707909220	none	9466	e1e912cc	512	224	0	9466
9492	3	18205725334370	none	9467	70bbc6e4	512	224	0	9467
9493	4	18205742562300	none	9468	70bbc6e4	512	224	0	9468
9494	5	18205759756480	none	9469	93b58e1c	512	224	0	9469
9495	6	18205777008710	none	9470	93414d45	512	224	0	9470
9496	7	18205794235550	none	9471	dfdebb68	512	224	0	9471
9497	0	18205807455070	none	9472	edc9ae41	512	224	0	9472
9498	1	18205824759780	none	9473	8fbe86a6	512	224	0	9473
9499	2	18205841969770	none	9474	d9495afa	512	224	0	9474
9500	3	18205859181000	none	9475	67cf889f	512	224	0	9475
9501	4	18205876408750	none	9476	03db82b3	512	224	0	9476
9502	5	18205893644670	none	9477	359efaab	512	224	0	9477
9503	6	18205910863430	none	9478	359efaab	512	224	0	9478
9504	7	18205924017450	none	9479	eda07f30	512	224	0	9479
9505	0	18205941258080	none	9480	eda07f30	512	224	0	9480
9506	1	18205958509350	none	9481	d89baa69	512	224	0	9481
9507	2	18205975833360	none	9482	d89baa69	512	224	0	9482
9508	3	18205993042200	none	9483	e6056444	512	224	0	9483
9509	4	18206010268980	none	9484	e6056444	512	224	0	9484
9510	5	18206023457330	none	9485	1ae62e58	512	224	0	9485
9511	6	18206040676230	none	9486	1ae62e58	512	224	0	9486
9512	7	18206057969170	none	9487	0d8c5bbb	512	224	0	9487
9513	0	18206075362390	none	9488	0d8c5bbb	512	224	0	9488
9514	1	18206092585720	none	9489	ae6af120	512	224	0	9489
9515	2	18206109792150	none	9490	ae6af120	512	224	0	9490
9516	3	18206126995980	none	9491	ca8adadc	512	224	0	9491
9517	4	18206140306430	none	9492	ca8adadc	512	224	0	9492
9518	5	18206157509180	none	9493	e3fab1a5	512	224	0	9493
9519	6	18206174892740	none	9494	e3fab1a5	512	224	0	9494
9520	7	18206192110100	none	9495	7eab4a55	512	224	0	9495
9521	0	18206209342060	none	9496	7eab4a55	512	224	0	9496
9522	1	18206226570470	none	9497	bd2928a8	512	224	0	9497
9523	2	18206239753730	none	9498	8f3e3d81	512	224	0	9498
9524	3	18206256933900	none	9499	ac1f5d7d	512	224	0	9499
9525	4	18206274311820	none	9500	fae88121	512	224	0	9500
9526	5	18206291608890	none	9501	59af3190	512	224	0	9501
9527	6	18206308853610	none	9502	3dbb3bbc	512	224	0	9502
9528	7	18206326063760	none	9503	cfe3190c	512	224	0	9503
9529	0	18206343313350	none	9504	cfe3190c	512	224	0	9504
9530	1	18206356479640	none	9505	19ecfda2	512	224	0	9505
9531	2	18206373687750	none	9506	19ecfda2	512	224	0	9506
9532	3	18206390870640	none	9507	2e35a715	512	224	0	9507
9533	4	18206408160170	none	9508	2e35a715	512	224	0	9508
9534	5	18206425414510	none	9509	6b25f5c1	512	224	0	9509
9535	6	18206442707740	none	9510	6b25f5c1	512	224	0	9510
9536	7	18206456027270	none	9511	3ddc357d	512	224	0	9511
9537	0	18206473238940	none	9512	3ddc357d	512	224	0	9512
9538	1	18206490475910	none	9513	388afc60	512	224	0	9513
9539	2	18206507695950	none	9514	388afc60	512	224	0	9514
9540	3	18206525049870	none	9515	7d3178eb	512	224	0	9515
9541	4	18206542303120	none	9516	7d3178eb	512	224	0	9516
9542	5	18206559541650	none	9517	11c7a07f	512	224	0	9517
9543	6	18206572720810	none	9518	11c7a07f	512	224	0	9518
9544	7	18206590060310	none	9519	6c4e901a	512	224	0	9519
9545	0	18206607302240	none	9520	6c4e901a	512	224	0	9520
9546	1	18206624598930	none	9521	cc1ada74	512	224	0	9521
9547	2	18206641839630	none	9522	cc1ada74	512	224	0	9522
9548	3	18206659112590	none	9523	5808a738	512	224	0	9523
9549	4	18206672295860	none	9524	6a1fb211	512	224	0	9524
9550	5	18206689481930	none	9525	2386e713	512	224	0	9525
9551	6	18206706712680	none	9526	75713b4f	512	224	0	9526
9552	7	18206723967320	none	9527	8e8a123d	512	224	0	9527
9553	0	18206741173880	none	9528	ea9e1811	512	224	0	9528
9554	1	18206758436900	none	9529	cc274a23	512	224	0	9529
9555	2	18206775686750	none	9530	cc274a23	512	224	0	9530
9556	3	18206788853810	none	9531	0f75fb62	512	224	0	9531
9557	4	18206806028190	none	9532	0f75fb62	512	224	0	9532
9558	5	18206823371600	none	9533	3e25bf16	512	224	0	9533
9559	6	18206840626530	none	9534	3e25bf16	512	224	0	9534
9560	7	18206857824080	none	9535	ba2f2a5f	512	224	0	9535
9561	0	18206875087270	none	9536	ba2f2a5f	512	224	0	9536
9562	1	18206892326720	none	9537	4d7094bb	512	224	0	9537
9563	2	18206905507320	none	9538	4d7094bb	512	224	0	9538
9564	3	18206922709060	none	9539	72aacbaf	512	224	0	9539
9565	4	18206939892540	none	9540	72aacbaf	512	224	0	9540
9566	5	18206957080290	none	9541	d8188385	512	224	0	9541
9567	6	18206974345480	none	9542	d8188385	512	224	0	9542
9568	7	18206991618930	none	9543	34753dbb	512	224	0	9543
9569	0	18207008828920	none	9544	34753dbb	512	224	0	9544
9570	1	18207021990200	none	9545	9457a9a3	512	224	0	9545
9571	2	18207039221520	none	9546	9457a9a3	512	224	0	9546
9572	3	18207056428890	none	9547	33774afa	512	224	0	9547
9573	4	18207073750240	none	9548	33774afa	512	224	0	9548
9574	5	18207090935000	none	9549	784a3991	512	224	0	9549
9575	6	18207108381850	none	9550	4a5d2cb8	512	224	0	9550
9576	7	18207121608600	none	9551	55e094ab	512	224	0	9551
9577	0	18207138840030	none	9552	031748f7	512	224	0	9552
9578	1	18207156026300	none	9553	12155dc2	512	224	0	9553
9579	2	18207173249310	none	9554	760157ee	512	224	0	9554
9580	3	18207190451940	none	9555	c5d40b91	512	224	0	9555
9581	4	18207207676470	none	9556	c5d40b91	512	224	0	9556
9582	5	18207224950470	none	9557	aead1608	512	224	0	9557
9583	6	18207238276100	none	9558	aead1608	512	224	0	9558
9584	7	18207255473040	none	9559	45f94c75	512	224	0	9559
9585	0	18207272777340	none	9560	45f94c75	512	224	0	9560
9586	1	18207289982700	none	9561	a189c8f1	512	224	0	9561
9587	2	18207307194990	none	9562	a189c8f1	512	224	0	9562
9588	3	18207324417620	none	9563	cc6d8aa8	512	224	0	9563
9589	4	18207341706970	none	9564	cc6d8aa8	512	224	0	9564
9590	5	18207354862240	none	9565	17bfa266	512	224	0	9565
9591	6	18207372316370	none	9566	17bfa266	512	224	0	9566
9592	7	18207389562610	none	9567	22b22a6d	512	224	0	9567
9593	0	18207406773360	none	9568	22b22a6d	512	224	0	9568
9594	1	18207424003430	none	9569	5f53f875	512	224	0	9569
9595	2	18207441263510	none	9570	5f53f875	512	224	0	9570
9596	3	18207454473370	none	9571	5884d480	512	224	0	9571
9597	4	18207471682430	none	9572	5884d480	512	224	0	9572
9598	5	18207488861540	none	9573	a29b4e04	512	224	0	9573
9599	6	18207506049820	none	9574	a29b4e04	512	224	0	9574
9600	7	18207523279240	none	9575	ac7ddc6e	512	224	0	9575
9601	0	18207540491390	none	9576	ac891f37	512	224	0	9576
9602	1	18207557696660	none	9577	ceeb7b73	512	224	0	9577
9603	2	18207570909530	none	9578	fcfc6e5a	512	224	0	9578
9604	3	18207588081150	none	9579	9f3c4380	512	224	0	9579
9605	4	18207605296460	none	9580	c9cb9fdc	512	224	0	9580
9606	5	18207622561160	none	9581	7eaf3013	512	224	0	9581
9607	6	18207639782620	none	9582	1abb3a3f	512	224	0	9582
9608	7	18207657119110	none	9583	a1166be9	512	224	0	9583
9609	0	18207674336740	none	9584	a1166be9	512	224	0	9584
9610	1	18207687678180	none	9585	722bb472	512	224	0	9585
9611	2	18207704896500	none	9586	722bb472	512	224	0	9586
9612	3	18207722104410	none	9587	d8a9973e	512	224	0	9587
9613	4	18207739328380	none	9588	d8a9973e	512	224	0	9588
9614	5	18207756557140	none	9589	d8c27fc1	512	224	0	9589
9615	6	18207773733100	none	9590	d8c27fc1	512	224	0	9590
9616	7	18207790920350	none	9591	01ed4c80	512	224	0	9591
9617	0	18207804166720	none	9592	01ed4c80	512	224	0	9592
9618	1	18207821556630	none	9593	9ff706a9	512	224	0	9593
9619	2	18207838743500	none	9594	9ff706a9	512	224	0	9594
9620	3	18207855928310	none	9595	5f64de26	512	224	0	9595
9621	4	18207873141480	none	9596	5f64de26	512	224	0	9596
9622	5	18207890361640	none	9597	550bb13e	512	224	0	9597
9623	6	18207907634780	none	9598	550bb13e	512	224	0	9598
9624	7	18207920879550	none	9599	09a1116f	512	224	0	9599
9625	0	18207938120920	none	9600	09a1116f	512	224	0	9600
9626	1	18207955346200	none	9601	b0487b45	512	224	0	9601
9627	2	18207972580130	none	9602	b0bcb81c	512	224	0	9602
9628	3	18207989772430	none	9603	5c69f0ec	512	224	0	9603
9629	4	18208007117470	none	9604	6e7ee5c5	512	224	0	9604
9630	5	18208020297560	none	9605	ab1ac276	512	224	0	9605
9631	6	18208037508520	none	9606	fded1e2a	512	224	0	9606
9632	7	18208054700570	none	9607	e1cbe0ae	512	224	0	9607
9633	0	18208071997160	none	9608	85dfea82	512	224	0	9608
9634	1	18208089232810	none	9609	dbb0b37e	512	224	0	9609
9635	2	18208106448390	none	9610	dbb0b37e	512	224	0	9610
9636	3	18208123670860	none	9611	9bc423ea	512	224	0	9611
9637	4	18208136888180	none	9612	9bc423ea	512	224	0	9612
9638	5	18208154057990	none	9613	7c000e03	512	224	0	9613
9639	6	18208171456290	none	9614	7c000e03	512	224	0	9614
9640	7	18208188707020	none	9615	22c9fb63	512	224	0	9615
9641	0	18208206056130	none	9616	22c9fb63	512	224	0	9616
9642	1	18208223325490	none	9617	0b9881f3	512	224	0	9617
9643	2	18208236619490	none	9618	0b9881f3	512	224	0	9618
9644	3	18208253887920	none	9619	87e3639e	512	224	0	9619
9645	4	18208271083620	none	9620	87e3639e	512	224	0	9620
9646	5	18208288311300	none	9621	70455c33	512	224	0	9621
9647	6	18208305537540	none	9622	70455c33	512	224	0	9622
9648	7	18208322737860	none	9623	794e176e	512	224	0	9623
9649	0	18208339919110	none	9624	794e176e	512	224	0	9624
9650	1	18208353090800	none	9625	5cabb843	512	224	0	9625
9651	2	18208370503970	none	9626	5cabb843	512	224	0	9626
9652	3	18208387686680	none	9627	5123894b	512	224	0	9627
9653	4	18208404872820	none	9628	51d74a12	512	224	0	9628
9654	5	18208422106930	none	9629	c00f6ed1	512	224	0	9629
9655	6	18208439358570	none	9630	f2187bf8	512	224	0	9630
9656	7	18208456612110	none	9631	b9cec810	512	224	0	9631
9657	0	18208469778410	none	9632	ef39144c	512	224	0	9632
9658	1	18208486969790	none	9633	117f600d	512	224	0	9633
9659	2	18208504194550	none	9634	756b6a21	512	224	0	9634
9660	3	18208521412160	none	9635	ccd6224a	512	224	0	9635
9661	4	18208538651700	none	9636	ccd6224a	512	224	0	9636
9662	5	18208555852990	none	9637	94627e21	512	224	0	9637
9663	6	18208573041550	none	9638	94627e21	512	224	0	9638
9664	7	18208586242270	none	9639	82855ae6	512	224	0	9639
9665	0	18208603448450	none	9640	82855ae6	512	224	0	9640
9666	1	18208620675830	none	9641	9e0d9f1a	512	224	0	9641
9667	2	18208637857420	none	9642	9e0d9f1a	512	224	0	9642
9668	3	18208655115760	none	9643	d8f63415	512	224	0	9643
9669	4	18208672342250	none	9644	d8f63415	512	224	0	9644
9670	5	18208689655430	none	9645	d6284616	512	224	0	9645
9671	6	18208702917290	none	9646	d6284616	512	224	0	9646
9672	7	18208720141660	none	9647	549d87f9	512	224	0	9647
9673	0	18208737411440	none	9648	549d87f9	512	224	0	9648
9674	1	18208754628900	none	9649	d2055ccb	512	224	0	9649
9675	2	18208771880070	none	9650	d2055ccb	512	224	0	9650
9676	3	18208789233610	none	9651	26d00e69	512	224	0	9651
9677	4	18208802410840	none	9652	26d00e69	512	224	0	9652
9678	5	18208819749610	none	9653	717ed0d0	512	224	0	9653
9679	6	18208836955110	none	9654	717ed0d0	512	224	0	9654
9680	7	18208854151790	none	9655	0cbf6230	512	224	0	9655
9681	0	18208871380790	none	9656	3ea87719	512	224	0	9656
9682	1	18208888588920	none	9657	d3d8a885	512	224	0	9657
9683	2	18208905807170	none	9658	852f74d9	512	224	0	9658
9684	3	18208918962100	none	9659	37e6cba8	512	224	0	9659
9685	4	18208936186700	none	9660	53f2c184	512	224	0	9660
9686	5	18208953432480	none	9661	f1b63250	512	224	0	9661
9687	6	18208970703380	none	9662	f1b63250	512	224	0	9662
9688	7	18208987908600	none	9663	eb031936	512	224	0	9663
9689	0	18209005133500	none	9664	eb031936	512	224	0	9664
9690	1	18209022394970	none	9665	2d3195e7	512	224	0	9665
9691	2	18209035674040	none	9666	2d3195e7	512	224	0	9666
9692	3	18209052846820	none	9667	0ebe1b40	512	224	0	9667
9693	4	18209070049180	none	9668	0ebe1b40	512	224	0	9668
9694	5	18209087251410	none	9669	5b70c6f5	512	224	0	9669
9695	6	18209104446150	none	9670	5b70c6f5	512	224	0	9670
9696	7	18209121675180	none	9671	3c984abc	512	224	0	9671
9697	0	18209138917460	none	9672	3c984abc	512	224	0	9672
9698	1	18209152093530	none	9673	ec0e051d	512	224	0	9673
9699	2	18209169327040	none	9674	ec0e051d	512	224	0	9674
9700	3	18209186584520	none	9675	bb2a6bfb	512	224	0	9675
9701	4	18209203849410	none	9676	bb2a6bfb	512	224	0	9676
9702	5	18209221045540	none	9677	593cd905	512	224	0	9677
9703	6	18209238544890	none	9678	593cd905	512	224	0	9678
9704	7	18209251728220	none	9679	fe37bbfe	512	224	0	9679
9705	0	18209268992260	none	9680	fe37bbfe	512	224	0	9680
9706	1	18209286218260	none	9681	a2dd1c01	512	224	0	9681
9707	2	18209303435020	none	9682	90ca0928	512	224	0	9682
9708	3	18209320661740	none	9683	19642697	512	224	0	9683
9709	4	18209337833930	none	9684	4f93facb	512	224	0	9684
9710	5	18209355030760	none	9685	f06310ce	512	224	0	9685
9711	6	18209368229810	none	9686	94771ae2	512	224	0	9686
9712	7	18209385436900	none	9687	dc2191c3	512	224	0	9687
9713	0	18209402664330	none	9688	dc2191c3	512	224	0	9688
9714	1	18209419986380	none	9689	721f39f2	512	224	0	9689
9715	2	18209437213260	none	9690	721f39f2	512	224	0	9690
9716	3	18209454439880	none	9691	12f03c78	512	224	0	9691
9717	4	18209471658830	none	9692	12f03c78	512	224	0	9692
9718	5	18209484868490	none	9693	c30b5d2f	512	224	0	9693
9719	6	18209502205370	none	9694	c30b5d2f	512	224	0	9694
9720	7	18209519517810	none	9695	eef1ef07	512	224	0	9695
9721	0	18209536725240	none	9696	eef1ef07	512	224	0	9696
9722	1	18209553912490	none	9697	a969d6d7	512	224	0	9697
9723	2	18209571125070	none	9698	a969d6d7	512	224	0	9698
9724	3	18209584314230	none	9699	8784d189	512	224	0	9699
9725	4	18209601532820	none	9700	8784d189	512	224	0	9700
9726	5	18209618715920	none	9701	75d48c96	512	224	0	9701
9727	6	18209635903080	none	9702	75d48c96	512	224	0	9702
9728	7	18209653132560	none	9703	6227569c	512	224	0	9703
9729	0	18209670342910	none	9704	6227569c	512	224	0	9704
9730	1	18209687638190	none	9705	29d6a9f1	512	224	0	9705
9731	2	18209700911710	none	9706	29d6a9f1	512	224	0	9706
9732	3	18209718116210	none	9707	15a3010c	512	224	0	9707
9733	4	18209735401820	none	9708	27b41425	512	224	0	9708
9734	5	18209752838580	none	9709	cbec9292	512	224	0	9709
9735	6	18209770316540	none	9710	9d1b4ece	512	224	0	9710
9736	7	18209787678490	none	9711	02238700	512	224	0	9711
9737	0	18209800918460	none	9712	66378d2c	512	224	0	9712
9738	1	18209818132680	none	9713	b070303d	512	224	0	9713
9739	2	18209835365090	none	9714	b070303d	512	224	0	9714
9740	3	18209852626040	none	9715	ca6afe31	512	224	0	9715
9741	4	18209869799350	none	9716	ca6afe31	512	224	0	9716
9742	5	18209887212660	none	9717	5c6050d8	512	224	0	9717
9743	6	18209900388360	none	9718	5c6050d8	512	224	0	9718
9744	7	18209917720540	none	9719	94fd1a00	512	224	0	9719
9745	0	18209934958240	none	9720	94fd1a00	512	224	0	9720
9746	1	18209952194140	none	9721	f9a83974	512	224	0	9721
9747	2	18209969405910	none	9722	f9a83974	512	224	0	9722
9748	3	18209986642380	none	9723	b38293ed	512	224	0	9723
9749	4	18210003871760	none	9724	b38293ed	512	224	0	9724
9750	5	18210017097700	none	9725	db9461f3	512	224	0	9725
9751	6	18210034393880	none	9726	db9461f3	512	224	0	9726
9752	7	18210051627260	none	9727	cf23fa63	512	224	0	9727
9753	0	18210068805980	none	9728	cf23fa63	512	224	0	9728
9754	1	18210086180330	none	9729	a11b8367	512	224	0	9729
9755	2	18210103398920	none	9730	a11b8367	512	224	0	9730
9756	3	18210120640800	none	9731	7b041f21	512	224	0	9731
9757	4	18210133936600	none	9732	7b041f21	512	224	0	9732
9758	5	18210151146640	none	9733	2a994543	512	224	0	9733
9759	6	18210168369640	none	9734	2a6d861a	512	224	0	9734
9760	7	18210185599230	none	9735	18388a83	512	224	0	9735
9761	0	18210202794680	none	9736	2a2f9faa	512	224	0	9736
9762	1	18210220007870	none	9737	ab336287	512	224	0	9737
9763	2	18210233202850	none	9738	fdc4bedb	512	224	0	9738
9764	3	18210250410410	none	9739	249ea8fa	512	224	0	9739
9765	4	18210267645030	none	9740	408aa2d6	512	224	0	9740
9766	5	18210284838910	none	9741	4ca462d7	512	224	0	9741
9767	6	18210302144410	none	9742	4ca462d7	512	224	0	9742
9768	7	18210319387390	none	9743	0576fbc0	512	224	0	9743
9769	0	18210336754130	none	9744	0576fbc0	512	224	0	9744
9770	1	18210349922720	none	9745	d708b92a	512	224	0	9745
9771	2	18210367131390	none	9746	d708b92a	512	224	0	9746
9772	3	18210384354020	none	9747	78dd53aa	512	224	0	9747
9773	4	18210401587950	none	9748	78dd53aa	512	224	0	9748
9774	5	18210418783580	none	9749	1df51f1d	512	224	0	9749
9775	6	18210435962960	none	9750	1df51f1d	512	224	0	9750
9776	7	18210453185660	none	9751	da55c2a7	512	224	0	9751
9777	0	18210466380770	none	9752	da55c2a7	512	224	0	9752
9778	1	18210483630260	none	9753	8a93cb58	512	224	0	9753
9779	2	18210500817150	none	9754	8a93cb58	512	224	0	9754
9780	3	18210518014660	none	9755	b557540b	512	224	0	9755
9781	4	18210535359360	none	9756	b557540b	512	224	0	9756
9782	5	18210552593140	none	9757	1168e627	512	224	0	9757
9783	6	18210569890270	none	9758	1168e627	512	224	0	9758
9784	7	18210583115800	none	9759	76ef53e5	512	224	0	9759
9785	0	18210600381940	none	9760	761b90bc	512	224	0	9760
9786	1	18210617615600	none	9761	cb92115e	512	224	0	9761
9787	2	18210634799440	none	9762	f9850477	512	224	0	9762
9788	3	18210651996310	none	9763	32598c85	512	224	0	9763
9789	4	18210669230120	none	9764	95562ec8	512	224	0	9764
9790	5	18210682409340	none	9765	72a508ed	512	224	0	9765
9791	6	18210699642200	none	9766	16b102c1	512	224	0	9766
9792	7	18210716819700	none	9767	8061f4a7	512	224	0	9767
9793	0	18210734024700	none	9768	c69e1777	512	224	0	9768
9794	1	18210751245340	none	9769	78794aee	512	224	0	9769
9795	2	18210768467080	none	9770	05254303	512	224	0	9770
9796	3	18210785752300	none	9771	14467b04	512	224	0	9771
9797	4	18210798925540	none	9772	56fe2929	512	224	0	9772
9798	5	18210816173190	none	9773	ac577501	512	224	0	9773
9799	6	18210833431470	none	9774	aebd6d00	512	224	0	9774
9800	7	18210850644150	none	9775	3674f011	512	224	0	9775
9801	0	18210867859330	none	9776	3674f011	512	224	0	9776
9802	1	18210885220630	none	9777	195c34e2	512	224	0	9777
9803	2	18210902426940	none	9778	195c34e2	512	224	0	9778
9804	3	18210915629220	none	9779	b0ef1302	512	224	0	9779
9805	4	18210932935820	none	9780	b0ef1302	512	224	0	9780
9806	5	18210950190550	none	9781	d31526d7	512	224	0	9781
9807	6	18210967410090	none	9782	d31526d7	512	224	0	9782
9808	7	18210984654280	none	9783	ff9e34b8	512	224	0	9783
9809	0	18211001845210	none	9784	ff9e34b8	512	224	0	9784
9810	1	18211019043790	none	9785	aa738e61	512	224	0	9785
9811	2	18211032238980	none	9786	a68c4dcc	512	224	0	9786
9812	3	18211049460030	none	9787	b58b0d5f	512	224	0	9787
9813	4	18211066669450	none	9788	c3f9c1e2	512	224	0	9788
9814	5	18211083852180	none	9789	ab92fe40	512	224	0	9789
9815	6	18211101066090	none	9790	877a409c	512	224	0	9790
9816	7	18211118312830	none	9791	eb041cf6	512	224	0	9791
9817	0	18211135552920	none	9792	83278f57	512	224	0	9792
9818	1	18211148726380	none	9793	bf953a92	512	224	0	9793
9819	2	18211166006730	none	9794	c64f1320	512	224	0	9794
9820	3	18211183230920	none	9795	0069422e	512	224	0	9795
9821	4	18211200453700	none	9796	0069422e	512	224	0	9796
9822	5	18211217675880	none	9797	7b464454	512	224	0	9797
9823	6	18211235510750	none	9798	7b464454	512	224	0	9798
9824	7	18211249042780	none	9799	c6160be8	512	224	0	9799
9825	0	18211266538470	none	9800	c6160be8	512	224	0	9800
9826	1	18211283924590	none	9801	34af17c9	512	224	0	9801
9827	2	18211301309340	none	9802	e4411d2b	512	224	0	9802
9828	3	18211314687070	none	9803	7117b2a4	512	224	0	9803
9829	4	18211332017840	none	9804	0e044dcf	512	224	0	9804
9830	5	18211349324800	none	9805	a1e2a0de	512	224	0	9805
9831	6	18211366638750	none	9806	a1e2a0de	512	224	0	9806
9832	7	18211383938570	none	9807	4eb6b03c	512	224	0	9807
9833	0	18211401185400	none	9808	79d02f5f	512	224	0	9808
9834	1	18211418449880	none	9809	af6ebe73	512	224	0	9809
9835	2	18211431626330	none	9810	1b8d8f0d	512	224	0	9810
9836	3	18211448908610	none	9811	111682e3	512	224	0	9811
9837	4	18211466501710	none	9812	11e241ba	512	224	0	9812
9838	5	18211483823090	none	9813	5055bb7b	512	224	0	9813
9839	6	18211501099890	none	9814	14e3a56e	512	224	0	9814
9840	7	18211514698440	none	9815	a8f551e7	512	224	0	9815
9841	0	18211532257170	none	9816	8b7436bc	512	224	0	9816
9842	1	18211549670990	none	9817	440e15b1	512	224	0	9817
9843	2	18211567107350	none	9818	ebdbbe75	512	224	0	9818
9844	3	18211584684780	none	9819	96086c0a	512	224	0	9819
9845	4	18211597872630	none	9820	96086c0a	512	224	0	9820
9846	5	18211615088780	none	9821	f77049be	512	224	0	9821
9847	6	18211632333120	none	9822	06d92f85	512	224	0	9822
9848	7	18211649579940	none	9823	f75981d8	512	224	0	9823
9849	0	18211666895290	none	9824	06ebba29	512	224	0	9824
9850	1	18211684138810	none	9825	d0ee7061	512	224	0	9825
9851	2	18211701357520	none	9826	d0ee7061	512	224	0	9826
9852	3	18211714545800	none	9827	70863f5c	512	224	0	9827
9853	4	18211731741480	none	9828	bd69d3f7	512	224	0	9828
9854	5	18211749089570	none	9829	76a14394	512	224	0	9829
9855	6	18211766319530	none	9830	239ee21f	512	224	0	9830
9856	7	18211783657880	none	9831	f4e037a4	512	224	0	9831
9857	0	18211800955310	none	9832	4d2fa70e	512	224	0	9832
9858	1	18211814159390	none	9833	61e4d971	512	224	0	9833
9859	2	18211831363790	none	9834	61e4d971	512	224	0	9834
9860	3	18211848577630	none	9835	21ebe563	512	224	0	9835
9861	4	18211865768950	none	9836	6ce66339	512	224	0	9836
9862	5	18211882962790	none	9837	85c2a7dd	512	224	0	9837
9863	6	18211900228640	none	9838	85c2a7dd	512	224	0	9838
9864	7	18211917446920	none	9839	5316cac9	512	224	0	9839
9865	0	18211930609900	none	9840	6101dfe0	512	224	0	9840
9866	1	18211947809780	none	9841	fcf59dcf	512	224	0	9841
9867	2	18211965024800	none	9842	925d0502	512	224	0	9842
9868	3	18211982263440	none	9843	61d8f8a6	512	224	0	9843
9869	4	18211999482490	none	9844	6dcbd011	512	224	0	9844
9870	5	18212016687310	none	9845	8356fc6f	512	224	0	9845
9871	6	18212033997080	none	9846	2365057e	512	224	0	9846
9872	7	18212047190570	none	9847	02ebbb9a	512	224	0	9847
9873	0	18212064433900	none	9848	02ebbb9a	512	224	0	9848
9874	1	18212081637840	none	9849	90aec510	512	224	0	9849
9875	2	18212098836790	none	9850	aa153db5	512	224	0	9850
9876	3	18212116049840	none	9851	cc43840d	512	224	0	9851
9877	4	18212133293760	none	9852	2dc50a8e	512	224	0	9852
9878	5	18212150532500	none	9853	938f14f1	512	224	0	9853
9879	6	18212163720940	none	9854	6e22e24f	512	224	0	9854
9880	7	18212180934720	none	9855	690724d9	512	224	0	9855
9881	0	18212198170870	none	9856	37710942	512	224	0	9856
9882	1	18212215385570	none	9857	4a7e8e8b	512	224	0	9857
9883	2	18212232706560	none	9858	4a7e8e8b	512	224	0	9858
9884	3	18212249985240	none	9859	7af4b263	512	224	0	9859
9885	4	18212263183720	none	9860	7af4b263	512	224	0	9860
9886	5	18212280389510	none	9861	25c2d389	512	224	0	9861
9887	6	18212297613630	none	9862	25c2d389	512	224	0	9862
9888	7	18212314825910	none	9863	29f699d8	512	224	0	9863
9889	0	18212332189480	none	9864	29f699d8	512	224	0	9864
9890	1	18212349390980	none	9865	6097a7b5	512	224	0	9865
9891	2	18212366610000	none	9866	5280b29c	512	224	0	9866
9892	3	18212379760160	none	9867	67381517	512	224	0	9867
9893	4	18212397004320	none	9868	31cfc94b	512	224	0	9868
9894	5	18212414237790	none	9869	60823421	512	224	0	9869
9895	6	18212431515340	none	9870	04963e0d	512	224	0	9870
9896	7	18212448772210	none	9871	80b75c26	512	224	0	9871
9897	0	18212465975260	none	9872	80b75c26	512	224	0	9872
9898	1	18212483218090	none	9873	2aa4e0c9	512	224	0	9873
9899	2	18212496390150	none	9874	2aa4e0c9	512	224	0	9874
9900	3	18212513607460	none	9875	c5c069a2	512	224	0	9875
9901	4	18212530800710	none	9876	c5c069a2	512	224	0	9876
9902	5	18212547999530	none	9877	421e6df6	512	224	0	9877
9903	6	18212565234650	none	9878	421e6df6	512	224	0	9878
9904	7	18212582479550	none	9879	db2dde66	512	224	0	9879
9905	0	18212599711410	none	9880	db2dde66	512	224	0	9880
9906	1	18212613036770	none	9881	b409d76d	512	224	0	9881
9907	2	18212630262700	none	9882	b409d76d	512	224	0	9882
9908	3	18212647471110	none	9883	ee29b4a0	512	224	0	9883
9909	4	18212664674780	none	9884	ee29b4a0	512	224	0	9884
9910	5	18212681934580	none	9885	b6b5ce58	512	224	0	9885
9911	6	18212699238590	none	9886	b6b5ce58	512	224	0	9886
9912	7	18212712431690	none	9887	56980773	512	224	0	9887
9913	0	18212729626680	none	9888	56980773	512	224	0	9888
9914	1	18212746802900	none	9889	43895374	512	224	0	9889
9915	2	18212763998020	none	9890	43895374	512	224	0	9890
9916	3	18212781349750	none	9891	356f7dad	512	224	0	9891
9917	4	18212798601770	none	9892	07786884	512	224	0	9892
9918	5	18212815797950	none	9893	2da221d7	512	224	0	9893
9919	6	18212828973110	none	9894	7b55fd8b	512	224	0	9894
9920	7	18212846196390	none	9895	ff8aa9e1	512	224	0	9895
9921	0	18212863422980	none	9896	9b9ea3cd	512	224	0	9896
9922	1	18212880646810	none	9897	3632a1d3	512	224	0	9897
9923	2	18212897820410	none	9898	3632a1d3	512	224	0	9898
9924	3	18212915015920	none	9899	2dc0905d	512	224	0	9899
9925	4	18212932246240	none	9900	2dc0905d	512	224	0	9900
9926	5	18212945429580	none	9901	f2a2dec6	512	224	0	9901
9927	6	18212962639910	none	9902	f2a2dec6	512	224	0	9902
9928	7	18212979999770	none	9903	48a6c1af	512	224	0	9903
9929	0	18212997348910	none	9904	48a6c1af	512	224	0	9904
9930	1	18213014782110	none	9905	333b1078	512	224	0	9905
9931	2	18213032011280	none	9906	333b1078	512	224	0	9906
9932	3	18213045224130	none	9907	1a2d4677	512	224	0	9907
9933	4	18213062439060	none	9908	1a2d4677	512	224	0	9908
9934	5	18213079632490	none	9909	33966881	512	224	0	9909
9935	6	18213096811910	none	9910	33966881	512	224	0	9910
9936	7	18213114029540	none	9911	614646f0	512	224	0	9911
9937	0	18213131271750	none	9912	614646f0	512	224	0	9912
9938	1	18213148510040	none	9913	b2df2cab	512	224	0	9913
9939	2	18213161675790	none	9914	b2df2cab	512	224	0	9914
9940	3	18213178872060	none	9915	edadffeb	512	224	0	9915
9941	4	18213196126970	none	9916	edadffeb	512	224	0	9916
9942	5	18213213340170	none	9917	c650d7be	512	224	0	9917
9943	6	18213230681500	none	9918	c6a414e7	512	224	0	9918
9944	7	18213247950880	none	9919	517c575d	512	224	0	9919
9945	0	18213265180960	none	9920	636b4274	512	224	0	9920
9946	1	18213278359260	none	9921	a4626944	512	224	0	9921
9947	2	18213295571910	none	9922	f295b518	512	224	0	9922
9948	3	18213312752620	none	9923	0c2eb76c	512	224	0	9923
9949	4	18213329935450	none	9924	683abd40	512	224	0	9924
9950	5	18213347162010	none	9925	2bcc852b	512	224	0	9925
9951	6	18213364376780	none	9926	2bcc852b	512	224	0	9926
9952	7	18213381603620	none	9927	852c035b	512	224	0	9927
9953	0	18213394752860	none	9928	852c035b	512	224	0	9928
9954	1	18213412012150	none	9929	78f8a508	512	224	0	9929
9955	2	18213429249270	none	9930	78f8a508	512	224	0	9930
9956	3	18213446453710	none	9931	40208233	512	224	0	9931
9957	4	18213463649410	none	9932	40208233	512	224	0	9932
9958	5	18213480985490	none	9933	d2215bea	512	224	0	9933
9959	6	18213498270910	none	9934	fb4bf722	512	224	0	9934
9960	7	18213511512530	none	9935	d5e56120	512	224	0	9935
9961	0	18213528738460	none	9936	dd274360	512	224	0	9936
9962	1	18213545918760	none	9937	c15fff80	512	224	0	9937
9963	2	18213563166270	none	9938	69b1852f	512	224	0	9938
9964	3	18213580382320	none	9939	2f752974	512	224	0	9939
9965	4	18213597587390	none	9940	382b38dd	512	224	0	9940
9966	5	18213614776730	none	9941	843d49d2	512	224	0	9941
9967	6	18213627942910	none	9942	1cc8040a	512	224	0	9942
9968	7	18213645166640	none	9943	873fa5d6	512	224	0	9943
9969	0	18213662411360	none	9944	a85d02b8	512	224	0	9944
9970	1	18213679685360	none	9945	ba57c2a0	512	224	0	9945
9971	2	18213696956560	none	9946	9a65095e	512	224	0	9946
9972	3	18213714197220	none	9947	fd451f54	512	224	0	9947
9973	4	18213727375140	none	9948	e80febd7	512	224	0	9948
9974	5	18213744577660	none	9949	ac846d1f	512	224	0	9949
9975	6	18213761837830	none	9950	0165e8e8	512	224	0	9950
9976	7	18213779253840	none	9951	b2324399	512	224	0	9951
9977	0	18213796518130	none	9952	7e112046	512	224	0	9952
9978	1	18213813727960	none	9953	872f9fd8	512	224	0	9953
9979	2	18213831007390	none	9954	5af799f9	512	224	0	9954
9980	3	18213844192980	none	9955	922757a4	512	224	0	9955
9981	4	18213861423180	none	9956	41d5125d	512	224	0	9956
9982	5	18213878632330	none	9957	a7b819c8	512	224	0	9957
9983	6	18213895823800	none	9958	2f540cf2	512	224	0	9958
9984	7	18213913117130	none	9959	6e16be26	512	224	0	9959
9985	0	18213930358270	none	9960	ff6bb608	512	224	0	9960
9986	1	18213947585390	none	9961	35ca462e	512	224	0	9961
9987	2	18213960738750	none	9962	f6f60b22	512	224	0	9962
9988	3	18213977928710	none	9963	9c0d8db2	512	224	0	9963
9989	4	18213995161750	none	9964	fbddaa2a	512	224	0	9964
9990	5	18214012428810	none	9965	b189145e	512	224	0	9965
9991	6	18214029669150	none	9966	055367ae	512	224	0	9966
9992	7	18214047051850	none	9967	a192ad77	512	224	0	9967
9993	0	18214060234270	none	9968	2c438aef	512	224	0	9968
9994	1	18214077459730	none	9969	0b9c7a3c	512	224	0	9969
9995	2	18214094655800	none	9970	6862f6d5	512	224	0	9970
9996	3	18214111908280	none	9971	a3d0d031	512	224	0	9971
9997	4	18214129147060	none	9972	b6964ff8	512	224	0	9972
9998	5	18214146352960	none	9973	8c125da9	512	224	0	9973
9999	6	18214163578550	none	9974	8d0c75d5	512	224	0	9974
10000	7	18214176721250	none	9975	dc99aded	512	224	0	9975
10001	0	18214194074490	none	9976	bb745e43	512	224	0	9976
10002	1	18214211291050	none	9977	706cb014	512	224	0	9977
10003	2	18214228622360	none	9978	050c6f53	512	224	0	9978
10004	3	18214245939830	none	9979	c9aee91a	512	224	0	9979
10005	4	18214263167600	none	9980	1ceb6db5	512	224	0	9980
10006	5	18214280399010	none	9981	fc4b577b	512	224	0	9981
10007	6	18214293562020	none	9982	1a05ea0a	512	224	0	9982
10008	7	18214310780770	none	9983	166da4dd	512	224	0	9983
10009	0	18214328166500	none	9984	39236dfe	512	224	0	9984
10010	1	18214345390320	none	9985	e3cf85c9	512	224	0	9985
10011	2	18214362687760	none	9986	d1535892	512	224	0	9986
10012	3	18214379997760	none	9987	a64eba4b	512	224	0	9987
10013	4	18214393184700	none	9988	c1d7f7dd	512	224	0	9988
10014	5	18214410402280	none	9989	f07fdf20	512	224	0	9989
10015	6	18214427689550	none	9990	eb277a38	512	224	0	9990
10016	7	18214444955170	none	9991	240314b7	512	224	0	9991
10017	0	18214462193050	none	9992	19ccdada	512	224	0	9992
10018	1	18214479444850	none	9993	1dcd2ddf	512	224	0	9993
10019	2	18214496661210	none	9994	4cb0a260	512	224	0	9994
10020	3	18214509813870	none	9995	8b718e66	512	224	0	9995
10021	4	18214527227500	none	9996	a357c120	512	224	0	9996
10022	5	18214544457480	none	9997	298d3379	512	224	0	9997
10023	6	18214561696350	none	9998	c951db70	512	224	0	9998
10024	7	18214578999810	none	9999	ed7fa4da	512	224	0	9999
10025	0	18214596206150	none	10000	9aca0598	512	224	0	10000
10026	1	18214609397960	none	10001	1fceced6	512	224	0	10001
10027	2	18214626595570	none	10002	2a1274d6	512	224	0	10002
10028	3	18214643785300	none	10003	8067ce3e	512	224	0	10003
10029	4	18214660989110	none	10004	b7625524	512	224	0	10004
10030	5	18214678218370	none	10005	f4160a89	512	224	0	10005
10031	6	18214695439590	none	10006	d2d74241	512	224	0	10006
10032	7	18214712632950	none	10007	9b4f8fd1	512	224	0	10007
10033	0	18214725784210	none	10008	a18def4d	512	224	0	10008
10034	1	18214743113060	none	10009	848e15d6	512	224	0	10009
10035	2	18214760407060	none	10010	2bfdf9fa	512	224	0	10010
10036	3	18214777884520	none	10011	6fab2ad3	512	224	0	10011
10037	4	18214795203570	none	10012	c88ed166	512	224	0	10012
10038	5	18214812569480	none	10013	e89a7179	512	224	0	10013
10039	6	18214825737870	none	10014	7879ac10	512	224	0	10014
10040	7	18214843095930	none	10015	69efbf38	512	224	0	10015
10041	0	18214860315370	none	10016	b9922813	512	224	0	10016
10042	1	18214877691650	none	10017	aa2a6c5d	512	224	0	10017
10043	2	18214894884760	none	10018	350983e9	512	224	0	10018
10044	3	18214912123920	none	10019	c6c7576c	512	224	0	10019
10045	4	18214929338270	none	10020	0493242c	512	224	0	10020
10046	5	18214942606990	none	10021	4062885c	512	224	0	10021
10047	6	18214959874620	none	10022	9ee51369	512	224	0	10022
10048	7	18214977155590	none	10023	450b2f3a	512	224	0	10023
10049	0	18214994386840	none	10024	2ab1e15a	512	224	0	10024
10050	1	18215011592420	none	10025	785f60e7	512	224	0	10025
10051	2	18215028795490	none	10026	659cafea	512	224	0	10026
10052	3	18215042122550	none	10027	d4b50be3	512	224	0	10027
10053	4	18215059352750	none	10028	ea5ba6d6	512	224	0	10028
10054	5	18215076665550	none	10029	4ed7b032	512	224	0	10029
10055	6	18215093996940	none	10030	6dc87a01	512	224	0	10030
10056	7	18215111229680	none	10031	a2ca97be	512	224	0	10031
10057	0	18215128461500	none	10032	f07b8e3f	512	224	0	10032
10058	1	18215145657560	none	10033	a42fc6d8	512	224	0	10033
10059	2	18215158819110	none	10034	251711ca	512	224	0	10034
10060	3	18215176200400	none	10035	2b05f11f	512	224	0	10035
10061	4	18215193417460	none	10036	b2143515	512	224	0	10036
10062	5	18215210619280	none	10037	bd42b93a	512	224	0	10037
10063	6	18215227978680	none	10038	e9be954c	512	224	0	10038
10064	7	18215245194360	none	10039	668506a2	512	224	0	10039
10065	0	18215258387630	none	10040	66d51eda	512	224	0	10040
10066	1	18215275582350	none	10041	a4b8a7ce	512	224	0	10041
10067	2	18215292792950	none	10042	761b01fd	512	224	0	10042
10068	3	18215310003570	none	10043	8a16bf30	512	224	0	10043
10069	4	18215327297660	none	10044	096e4e99	512	224	0	10044
10070	5	18215344547560	none	10045	a1dad066	512	224	0	10045
10071	6	18215361767510	none	10046	d8cc9cd2	512	224	0	10046
10072	7	18215374953920	none	10047	684b0742	512	224	0	10047
10073	0	18215392175160	none	10048	c5158d1f	512	224	0	10048
10074	1	18215409414490	none	10049	b8514f74	512	224	0	10049
10075	2	18215426630210	none	10050	29d66b91	512	224	0	10050
10076	3	18215443842630	none	10051	15b10bb7	512	224	0	10051
10077	4	18215461125000	none	10052	606688c1	512	224	0	10052
10078	5	18215478413640	none	10053	d1a1777d	512	224	0	10053
10079	6	18215491714100	none	10054	40148175	512	224	0	10054
10080	7	18215508936810	none	10055	4adcb500	512	224	0	10055
10081	0	18215526212760	none	10056	50db8388	512	224	0	10056
10082	1	18215543477620	none	10057	f0cc2820	512	224	0	10057
10083	2	18215560681010	none	10058	2f3c0c71	512	224	0	10058
10084	3	18215577932710	none	10059	ebab120b	512	224	0	10059
10085	4	18215591238400	none	10060	a8019324	512	224	0	10060
10086	5	18215608513670	none	10061	daeeb613	512	224	0	10061
10087	6	18215625951380	none	10062	07c20013	512	224	0	10062
10088	7	18215643195560	none	10063	556222c2	512	224	0	10063
10089	0	18215660469840	none	10064	60c8b2bd	512	224	0	10064
10090	1	18215677714240	none	10065	9f57b2e2	512	224	0	10065
10091	2	18215690861440	none	10066	7f20cc65	512	224	0	10066
10092	3	18215708113610	none	10067	4a403907	512	224	0	10067
10093	4	18215725468910	none	10068	9b57f710	512	224	0	10068
10094	5	18215742684440	none	10069	9799500f	512	224	0	10069
10095	6	18215759869920	none	10070	a66e1d95	512	224	0	10070
10096	7	18215777104110	none	10071	7d3b2b54	512	224	0	10071
10097	0	18215794336020	none	10072	988ccdab	512	224	0	10072
10098	1	18215807523980	none	10073	54d3637a	512	224	0	10073
10099	2	18215824808040	none	10074	17f8f73d	512	224	0	10074
10100	3	18215842062360	none	10075	00ce4348	512	224	0	10075
10101	4	18215859297560	none	10076	8575c4c2	512	224	0	10076
10102	5	18215876540350	none	10077	66b6c7ef	512	224	0	10077
10103	6	18215893778530	none	10078	e62c0f6e	512	224	0	10078
10104	7	18215911167510	none	10079	1270ce15	512	224	0	10079
10105	0	18215924433840	none	10080	cc9cdcc2	512	224	0	10080
10106	1	18215941711090	none	10081	2091855e	512	224	0	10081
10107	2	18215958928480	none	10082	f806c2dd	512	224	0	10082
10108	3	18215976165760	none	10083	171771ca	512	224	0	10083
10109	4	18215993394450	none	10084	7f1b3990	512	224	0	10084
10110	5	18216010590180	none	10085	da0cd2ad	512	224	0	10085
10111	6	18216023774410	none	10086	5158546e	512	224	0	10086
10112	7	18216040970760	none	10087	095ad857	512	224	0	10087
10113	0	18216058237240	none	10088	50aea5e7	512	224	0	10088
10114	1	18216075492290	none	10089	e12d1afe	512	224	0	10089
10115	2	18216092686350	none	10090	da9beb3e	512	224	0	10090
10116	3	18216110050710	none	10091	d769dc2a	512	224	0	10091
10117	4	18216127266850	none	10092	df95d9a5	512	224	0	10092
10118	5	18216140557240	none	10093	ad3ef629	512	224	0	10093
10119	6	18216157913780	none	10094	c48cdd85	512	224	0	10094
10120	7	18216175230320	none	10095	4f92e3b3	512	224	0	10095
10121	0	18216192558550	none	10096	a87d2500	512	224	0	10096
10122	1	18216209815860	none	10097	a6d23988	512	224	0	10097
10123	2	18216227034220	none	10098	087dc385	512	224	0	10098
10124	3	18216240368010	none	10099	cabd1697	512	224	0	10099
10125	4	18216257555030	none	10100	e88d88ff	512	224	0	10100
10126	5	18216274921250	none	10101	d45e2f1a	512	224	0	10101
10127	6	18216292177210	none	10102	cd5c7087	512	224	0	10102
10128	7	18216309432490	none	10103	4b716239	512	224	0	10103
10129	0	18216326640820	none	10104	e2777157	512	224	0	10104
10130	1	18216339813860	none	10105	ef9196d5	512	224	0	10105
10131	2	18216357018410	none	10106	e91d2d63	512	224	0	10106
10132	3	18216374327000	none	10107	eeda64c9	512	224	0	10107
10133	4	18216391694210	none	10108	bc8d63e8	512	224	0	10108
10134	5	18216409073800	none	10109	f2928efc	512	224	0	10109
10135	6	18216426441260	none	10110	cd644196	512	224	0	10110
10136	7	18216439841230	none	10111	7aab3572	512	224	0	10111
10137	0	18216457128610	none	10112	0262344a	512	224	0	10112
10138	1	18216474363100	none	10113	9adf16c1	512	224	0	10113
10139	2	18216491630100	none	10114	29864b25	512	224	0	10114
10140	3	18216508847700	none	10115	9a98c898	512	224	0	10115
10141	4	18216526091240	none	10116	ba2c4505	512	224	0	10116
10142	5	18216539409510	none	10117	dc09da29	512	224	0	10117
10143	6	18216556600960	none	10118	7d4b09ac	512	224	0	10118
10144	7	18216573900150	none	10119	22bfb9c1	512	224	0	10119
10145	0	18216591142100	none	10120	cd7af297	512	224	0	10120
10146	1	18216608412230	none	10121	7cb23d33	512	224	0	10121
10147	2	18216625625580	none	10122	cbfeb8cb	512	224	0	10122
10148	3	18216642819760	none	10123	d992bb29	512	224	0	10123
10149	4	18216656024970	none	10124	e98e5a19	512	224	0	10124
10150	5	18216673393210	none	10125	f97b40bc	512	224	0	10125
10151	6	18216690618900	none	10126	aae0bc59	512	224	0	10126
10152	7	18216707819720	none	10127	39ccf6d7	512	224	0	10127
10153	0	18216725123240	none	10128	c5701adc	512	224	0	10128
10154	1	18216742357990	none	10129	a0c02a36	512	224	0	10129
10155	2	18216759567380	none	10130	e9b98407	512	224	0	10130
10156	3	18216772737800	none	10131	4100df6d	512	224	0	10131
10157	4	18216789932560	none	10132	d5face7c	512	224	0	10132
10158	5	18216807165940	none	10133	4139decb	512	224	0	10133
10159	6	18216824444820	none	10134	434f4ea6	512	224	0	10134
10160	7	18216841728490	none	10135	3c3bea3e	512	224	0	10135
10161	0	18216859097260	none	10136	c49b3b51	512	224	0	10136
10162	1	18216872273800	none	10137	c34a650b	512	224	0	10137
10163	2	18216889500480	none	10138	47031424	512	224	0	10138
10164	3	18216906681390	none	10139	015ace6a	512	224	0	10139
10165	4	18216923993810	none	10140	6e64a12c	512	224	0	10140
10166	5	18216941276660	none	10141	329bca4d	512	224	0	10141
10167	6	18216958555040	none	10142	3a1fbd7e	512	224	0	10142
10168	7	18216975914600	none	10143	2232687b	512	224	0	10143
10169	0	18216989140350	none	10144	a004c15e	512	224	0	10144
10170	1	18217006403310	none	10145	5841e01e	512	224	0	10145
10171	2	18217023617910	none	10146	37ec7bf2	512	224	0	10146
10172	3	18217040796120	none	10147	cff96cb3	512	224	0	10147
10173	4	18217058110890	none	10148	09b9530b	512	224	0	10148
10174	5	18217075375780	none	10149	1f195348	512	224	0	10149
10175	6	18217088645680	none	10150	93b0236d	512	224	0	10150
10176	7	18217105891330	none	10151	1fc80d1c	512	224	0	10151
10177	0	18217123121820	none	10152	60382611	512	224	0	10152
10178	1	18217140367770	none	10153	fa61f816	512	224	0	10153
10179	2	18217157558840	none	10154	75426ad3	512	224	0	10154
10180	3	18217174856150	none	10155	95ebf4e7	512	224	0	10155
10181	4	18217192269680	none	10156	4f681854	512	224	0	10156
10182	5	18217205467540	none	10157	a84554e3	512	224	0	10157
10183	6	18217222787260	none	10158	ec5c34b4	512	224	0	10158
10184	7	18217240071070	none	10159	10f86ea2	512	224	0	10159
10185	0	18217257307160	none	10160	26442207	512	224	0	10160
10186	1	18217274586710	none	10161	622b9406	512	224	0	10161
10187	2	18217291841100	none	10162	83091f46	512	224	0	10162
10188	3	18217305059710	none	10163	50f52238	512	224	0	10163
10189	4	18217322443710	none	10164	90d224c4	512	224	0	10164
10190	5	18217339637940	none	10165	927a6066	512	224	0	10165
10191	6	18217356829420	none	10166	490741d1	512	224	0	10166
10192	7	18217374063830	none	10167	a04b499f	512	224	0	10167
10193	0	18217391491750	none	10168	010fe85d	512	224	0	10168
10194	1	18217404676660	none	10169	d5c6dc54	512	224	0	10169
10195	2	18217421994820	none	10170	e3f9149d	512	224	0	10170
10196	3	18217439221250	none	10171	63e62822	512	224	0	10171
10197	4	18217456425500	none	10172	99e6f74f	512	224	0	10172
10198	5	18217473622170	none	10173	77d23ed2	512	224	0	10173
10199	6	18217490912520	none	10174	cae90954	512	224	0	10174
10200	7	18217508202360	none	10175	ec49091d	512	224	0	10175
10201	0	18217521388180	none	10176	dab289d2	512	224	0	10176
10202	1	18217538623340	none	10177	f000a6b2	512	224	0	10177
10203	2	18217555835220	none	10178	59b5bd8e	512	224	0	10178
10204	3	18217573088210	none	10179	c3f658f8	512	224	0	10179
10205	4	18217590298700	none	10180	10c594f3	512	224	0	10180
10206	5	18217607518100	none	10181	a35d5cb9	512	224	0	10181
10207	6	18217624901940	none	10182	59ce5859	512	224	0	10182
10208	7	18217638118370	none	10183	dccd2973	512	224	0	10183
10209	0	18217655334560	none	10184	4b332533	512	224	0	10184
10210	1	18217672551800	none	10185	29babd75	512	224	0	10185
10211	2	18217689731560	none	10186	4d6e133b	512	224	0	10186
10212	3	18217707095660	none	10187	8f245d4f	512	224	0	10187
10213	4	18217724327870	none	10188	718fe976	512	224	0	10188
10214	5	18217737674370	none	10189	c2834835	512	224	0	10189
10215	6	18217754915560	none	10190	a9c2f9ed	512	224	0	10190
10216	7	18217772298960	none	10191	9810bdb6	512	224	0	10191
10217	0	18217789509570	none	10192	046ff0a3	512	224	0	10192
10218	1	18217806688870	none	10193	18f813e5	512	224	0	10193
10219	2	18217823916130	none	10194	c557be5a	512	224	0	10194
10220	3	18217841206750	none	10195	217e4108	512	224	0	10195
10221	4	18217854458660	none	10196	895e16a7	512	224	0	10196
10222	5	18217871675930	none	10197	8ac4dd7d	512	224	0	10197
10223	6	18217888856210	none	10198	8b2cae5f	512	224	0	10198
10224	7	18217906112700	none	10199	2192edb6	512	224	0	10199
10225	0	18217923332220	none	10200	b8011e15	512	224	0	10200
10226	1	18217940636070	none	10201	50283e71	512	224	0	10201
10227	2	18217953898610	none	10202	bcca788e	512	224	0	10202
10228	3	18217971129410	none	10203	4b950c98	512	224	0	10203
10229	4	18217988352780	none	10204	1b66b67e	512	224	0	10204
10230	5	18218005554560	none	10205	69e3f7a2	512	224	0	10205
10231	6	18218022780700	none	10206	b0a4ea3f	512	224	0	10206
10232	7	18218040172120	none	10207	c9315dd0	512	224	0	10207
10233	0	18218057420930	none	10208	b0ae4fb0	512	224	0	10208
10234	1	18218070655280	none	10209	e4093fc3	512	224	0	10209
10235	2	18218087932620	none	10210	87365471	512	224	0	10210
10236	3	18218105181060	none	10211	273fdf34	512	224	0	10211
10237	4	18218122415600	none	10212	58e85679	512	224	0	10212
10238	5	18218139597780	none	10213	054d7d87	512	224	0	10213
10239	6	18218156795030	none	10214	a216ba98	512	224	0	10214
10240	7	18218174029290	none	10215	17ae4ce5	512	224	0	10215
10241	0	18218187263740	none	10216	a169a75d	512	224	0	10216
10242	1	18218204476650	none	10217	90dfb980	512	224	0	10217
10243	2	18218221673130	none	10218	4ac9f614	512	224	0	10218
10244	3	18218238866280	none	10219	8d52d26b	512	224	0	10219
10245	4	18218256111480	none	10220	10c4212d	512	224	0	10220
10246	5	18218273334710	none	10221	c2eb20a3	512	224	0	10221
10247	6	18218286538010	none	10222	7c06c018	512	224	0	10222
10248	7	18218303746570	none	10223	447bdafc	512	224	0	10223
10249	0	18218320994210	none	10224	3d77b0ed	512	224	0	10224
10250	1	18218338208460	none	10225	7939c5f7	512	224	0	10225
10251	2	18218355413110	none	10226	d8e95a75	512	224	0	10226
10252	3	18218372623990	none	10227	cbda47b4	512	224	0	10227
10253	4	18218389898570	none	10228	7bd35bef	512	224	0	10228
10254	5	18218403109030	none	10229	525a2782	512	224	0	10229
10255	6	18218420325680	none	10230	1097a4b1	512	224	0	10230
10256	7	18218437517090	none	10231	6b7ca6e4	512	224	0	10231
10257	0	18218454686000	none	10232	06265b5e	512	224	0	10232
10258	1	18218471881900	none	10233	a6598a54	512	224	0	10233
10259	2	18218489241980	none	10234	5aba4a81	512	224	0	10234
10260	3	18218506485420	none	10235	36475f3d	512	224	0	10235
10261	4	18218519660490	none	10236	d236dbd0	512	224	0	10236
10262	5	18218536942790	none	10237	ec9f37cd	512	224	0	10237
10263	6	18218554191100	none	10238	d2637f1d	512	224	0	10238
10264	7	18218571643060	none	10239	eab78d63	512	224	0	10239
10265	0	18218588855300	none	10240	26e40f13	512	224	0	10240
10266	1	18218606088320	none	10241	1b1dc617	512	224	0	10241
10267	2	18218623328710	none	10242	f4b2699d	512	224	0	10242
10268	3	18218636496880	none	10243	1310e653	512	224	0	10243
10269	4	18218653690670	none	10244	6d05eebd	512	224	0	10244
10270	5	18218670987360	none	10245	48038a9e	512	224	0	10245
10271	6	18218688206220	none	10246	1d25eb99	512	224	0	10246
10272	7	18218705429310	none	10247	93c5f1bb	512	224	0	10247
10273	0	18218722625890	none	10248	400f6224	512	224	0	10248
10274	1	18218735858200	none	10249	a3c6213e	512	224	0	10249
10275	2	18218753074240	none	10250	61adae4d	512	224	0	10250
10276	3	18218770284240	none	10251	af315689	512	224	0	10251
10277	4	18218787485720	none	10252	6de10396	512	224	0	10252
10278	5	18218804675350	none	10253	453c55b0	512	224	0	10253
10279	6	18218821980390	none	10254	4b62a239	512	224	0	10254
10280	7	18218839225340	none	10255	d6325c10	512	224	0	10255
10281	0	18218852426420	none	10256	1ec0d8b4	512	224	0	10256
10282	1	18218869629580	none	10257	49523462	512	224	0	10257
10283	2	18218886801310	none	10258	45817510	512	224	0	10258
10284	3	18218904090960	none	10259	0c7708a2	512	224	0	10259
10285	4	18218921345680	none	10260	2916a57a	512	224	0	10260
10286	5	18218938650350	none	10261	4e68b9f1	512	224	0	10261
10287	6	18218955945080	none	10262	cb480be6	512	224	0	10262
10288	7	18218969115430	none	10263	72d3f4c8	512	224	0	10263
10289	0	18218986350480	none	10264	916a6768	512	224	0	10264
10290	1	18219003534800	none	10265	1a5aaaeb	512	224	0	10265
10291	2	18219020727870	none	10266	65e4480b	512	224	0	10266
10292	3	18219037917890	none	10267	81deb6be	512	224	0	10267
10293	4	18219055133600	none	10268	8881ab5a	512	224	0	10268
10294	5	18219072381580	none	10269	45a5350a	512	224	0	10269
10295	6	18219085551610	none	10270	981ed035	512	224	0	10270
10296	7	18219102761630	none	10271	e6988c5e	512	224	0	10271
10297	0	18219120030500	none	10272	bbe0c886	512	224	0	10272
10298	1	18219137239070	none	10273	ab194a71	512	224	0	10273
10299	2	18219154463960	none	10274	34aa35c2	512	224	0	10274
10300	3	18219171653590	none	10275	517e075d	512	224	0	10275
10301	4	18219188933460	none	10276	02b0e10c	512	224	0	10276
10302	5	18219202155910	none	10277	eb22ef24	512	224	0	10277
10303	6	18219219379500	none	10278	596e8986	512	224	0	10278
10304	7	18219236556130	none	10279	99fc443c	512	224	0	10279
10305	0	18219253741080	none	10280	4414d4f7	512	224	0	10280
10306	1	18219270946110	none	10281	8fce3d00	512	224	0	10281
10307	2	18219288178460	none	10282	71c81244	512	224	0	10282
10308	3	18219305400690	none	10283	80fefe4f	512	224	0	10283
10309	4	18219318544400	none	10284	9d11691c	512	224	0	10284
10310	5	18219335740530	none	10285	2af949a1	512	224	0	10285
10311	6	18219353137680	none	10286	175074ac	512	224	0	10286
10312	7	18219370541890	none	10287	ae40e9f5	512	224	0	10287
10313	0	18219387827770	none	10288	8c9d1d0e	512	224	0	10288
10314	1	18219405054150	none	10289	07ed0ed1	512	224	0	10289
10315	2	18219418228570	none	10290	b1279325	512	224	0	10290
10316	3	18219435457880	none	10291	6082f018	512	224	0	10291
10317	4	18219452638500	none	10292	7667eb3b	512	224	0	10292
10318	5	18219469849920	none	10293	39634af6	512	224	0	10293
10319	6	18219487231020	none	10294	4dbe7600	512	224	0	10294
10320	7	18219504454780	none	10295	e5a259d1	512	224	0	10295
10321	0	18219521628090	none	10296	54632638	512	224	0	10296
10322	1	18219534787670	none	10297	23d7d1f8	512	224	0	10297
10323	2	18219551987290	none	10298	968f5f53	512	224	0	10298
10324	3	18219569203850	none	10299	692c3f12	512	224	0	10299
10325	4	18219586428570	none	10300	1f9e7430	512	224	0	10300
10326	5	18219603611240	none	10301	d972e336	512	224	0	10301
10327	6	18219620900850	none	10302	63885d9b	512	224	0	10302
10328	7	18219638164140	none	10303	170fafd1	512	224	0	10303
10329	0	18219651383760	none	10304	0de391b7	512	224	0	10304
10330	1	18219668594180	none	10305	68347581	512	224	0	10305
10331	2	18219685777950	none	10306	b084332b	512	224	0	10306
10332	3	18219703001940	none	10307	0fcebac6	512	224	0	10307
10333	4	18219720295650	none	10308	cde87231	512	224	0	10308
10334	5	18219737492230	none	10309	69a1d81d	512	224	0	10309
10335	6	18219754675550	none	10310	94d8b4f8	512	224	0	10310
10336	7	18219768044520	none	10311	71102a8a	512	224	0	10311
10337	0	18219785244170	none	10312	f35dc909	512	224	0	10312
10338	1	18219802499630	none	10313	e1073bfc	512	224	0	10313
10339	2	18219820000240	none	10314	e036c411	512	224	0	10314
10340	3	18219837601350	none	10315	2bc7e2a9	512	224	0	10315
10341	4	18219850765280	none	10316	e1db4bca	512	224	0	10316
10342	5	18219868011460	none	10317	d0b6f125	512	224	0	10317
10343	6	18219885269170	none	10318	b4913358	512	224	0	10318
10344	7	18219902567840	none	10319	964366dd	512	224	0	10319
10345	0	18219919898150	none	10320	17745672	512	224	0	10320
10346	1	18219937186840	none	10321	001a88e0	512	224	0	10321
10347	2	18219954393230	none	10322	21ac6069	512	224	0	10322
10348	3	18219967557880	none	10323	61be6b18	512	224	0	10323
10349	4	18219984743910	none	10324	0ca63c32	512	224	0	10324
10350	5	18220002102900	none	10325	c9c06bd7	512	224	0	10325
10351	6	18220019331350	none	10326	1fb68fcf	512	224	0	10326
10352	7	18220036636890	none	10327	56a785d8	512	224	0	10327
10353	0	18220053941990	none	10328	61eb2a5a	512	224	0	10328
10354	1	18220067146310	none	10329	06557ee6	512	224	0	10329
10355	2	18220084379110	none	10330	7b8cc804	512	224	0	10330
10356	3	18220101571290	none	10331	80638c67	512	224	0	10331
10357	4	18220118756950	none	10332	b51b03d3	512	224	0	10332
10358	5	18220136130810	none	10333	ebefdb19	512	224	0	10333
10359	6	18220153395170	none	10334	aeee37e9	512	224	0	10334
10360	7	18220170581380	none	10335	98a68875	512	224	0	10335
10361	0	18220183729640	none	10336	1a27f6bd	512	224	0	10336
10362	1	18220201092970	none	10337	7e5c3133	512	224	0	10337
10363	2	18220218326250	none	10338	44a648fb	512	224	0	10338
10364	3	18220235630280	none	10339	30fd0598	512	224	0	10339
10365	4	18220252939440	none	10340	bbda7a45	512	224	0	10340
10366	5	18220270155410	none	10341	3078b5c1	512	224	0	10341
10367	6	18220283340460	none	10342	f665fcb3	512	224	0	10342
10368	7	18220300517490	none	10343	2cac2d37	512	224	0	10343
10369	0	18220317718060	none	10344	bd41e612	512	224	0	10344
10370	1	18220334934420	none	10345	4a7e44a5	512	224	0	10345
10371	2	18220352204730	none	10346	b81eb2e4	512	224	0	10346
10372	3	18220369445030	none	10347	0bb6743b	512	224	0	10347
10373	4	18220386640700	none	10348	436f327f	512	224	0	10348
10374	5	18220399822570	none	10349	62914406	512	224	0	10349
10375	6	18220417097190	none	10350	77a82e99	512	224	0	10350
10376	7	18220434364360	none	10351	ecb80e6a	512	224	0	10351
10377	0	18220451574310	none	10352	e054e2c3	512	224	0	10352
10378	1	18220468884740	none	10353	72e1ef72	512	224	0	10353
10379	2	18220486118800	none	10354	8e30a180	512	224	0	10354
10380	3	18220503358320	none	10355	ec04976b	512	224	0	10355
10381	4	18220516506920	none	10356	0279b3c6	512	224	0	10356
10382	5	18220533688220	none	10357	bc6ba09b	512	224	0	10357
10383	6	18220551072790	none	10358	329eb3ce	512	224	0	10358
10384	7	18220568307360	none	10359	d9c26560	512	224	0	10359
10385	0	18220585603860	none	10360	27621595	512	224	0	10360
10386	1	18220602922430	none	10361	7493daf5	512	224	0	10361
10387	2	18220616112740	none	10362	ab5a3ec5	512	224	0	10362
10388	3	18220633337400	none	10363	0ea52afe	512	224	0	10363
10389	4	18220650520370	none	10364	35fc776f	512	224	0	10364
10390	5	18220667715210	none	10365	abe38072	512	224	0	10365
10391	6	18220685024020	none	10366	b1ea8c96	512	224	0	10366
10392	7	18220702244100	none	10367	787d718a	512	224	0	10367
10393	0	18220719463220	none	10368	78eae3e1	512	224	0	10368
10394	1	18220732613480	none	10369	2b41b38a	512	224	0	10369
10395	2	18220749792010	none	10370	20d42217	512	224	0	10370
10396	3	18220767018030	none	10371	9cfd634a	512	224	0	10371
10397	4	18220784361680	none	10372	0fc820fe	512	224	0	10372
10398	5	18220801546650	none	10373	a096c58e	512	224	0	10373
10399	6	18220818732150	none	10374	4b3be270	512	224	0	10374
10400	7	18220835997780	none	10375	8a647feb	512	224	0	10375
10401	0	18220849183410	none	10376	26ef2bff	512	224	0	10376
10402	1	18220866463980	none	10377	24721672	512	224	0	10377
10403	2	18220883658070	none	10378	8027450a	512	224	0	10378
10404	3	18220900852850	none	10379	978faacc	512	224	0	10379
10405	4	18220918088630	none	10380	0825bfa7	512	224	0	10380
10406	5	18220935328250	none	10381	95e51b23	512	224	0	10381
10407	6	18220952593310	none	10382	ee7b4c85	512	224	0	10382
10408	7	18220965758500	none	10383	57afa268	512	224	0	10383
10409	0	18220982970830	none	10384	540be494	512	224	0	10384
10410	1	18221000175590	none	10385	9c54200a	512	224	0	10385
10411	2	18221017405100	none	10386	f10159a8	512	224	0	10386
10412	3	18221034700280	none	10387	076c6a10	512	224	0	10387
10413	4	18221051951200	none	10388	9cfcc54e	512	224	0	10388
10414	5	18221069162420	none	10389	c34716b3	512	224	0	10389
10415	6	18221082362170	none	10390	4ecaa8d0	512	224	0	10390
10416	7	18221099553900	none	10391	1c9e7c9f	512	224	0	10391
10417	0	18221116759820	none	10392	adb34eab	512	224	0	10392
10418	1	18221134153260	none	10393	3971c78d	512	224	0	10393
10419	2	18221151391980	none	10394	4c8e6931	512	224	0	10394
10420	3	18221168591910	none	10395	1245149a	512	224	0	10395
10421	4	18221181735480	none	10396	e9f8d7b6	512	224	0	10396
10422	5	18221199079320	none	10397	d6142665	512	224	0	10397
10423	6	18221216376910	none	10398	b1676aed	512	224	0	10398
10424	7	18221233721890	none	10399	1273eb5b	512	224	0	10399
10425	0	18221250960020	none	10400	09ee41b6	512	224	0	10400
10426	1	18221268174630	none	10401	bb641588	512	224	0	10401
10427	2	18221285431360	none	10402	f804dbec	512	224	0	10402
10428	3	18221298584110	none	10403	f332eb93	512	224	0	10403
10429	4	18221315778350	none	10404	c4a3894e	512	224	0	10404
10430	5	18221333148280	none	10405	050cd940	512	224	0	10405
10431	6	18221350371700	none	10406	9cfec47b	512	224	0	10406
10432	7	18221367582080	none	10407	9a54cc6e	512	224	0	10407
10433	0	18221384793290	none	10408	6f2622d9	512	224	0	10408
10434	1	18221398060680	none	10409	8b18d43a	512	224	0	10409
10435	2	18221415269380	none	10410	d5483350	512	224	0	10410
10436	3	18221432512790	none	10411	b0eea674	512	224	0	10411
10437	4	18221449701040	none	10412	dc82ccae	512	224	0	10412
10438	5	18221467006680	none	10413	6f3c3258	512	224	0	10413
10439	6	18221484325790	none	10414	b8f70bc9	512	224	0	10414
10440	7	18221501539780	none	10415	98ed774f	512	224	0	10415
10441	0	18221514684940	none	10416	67fd67b2	512	224	0	10416
10442	1	18221531885900	none	10417	2a9ee793	512	224	0	10417
10443	2	18221549100750	none	10418	abcc730d	512	224	0	10418
10444	3	18221566336250	none	10419	77d22901	512	224	0	10419
10445	4	18221583625450	none	10420	e85bdb67	512	224	0	10420
10446	5	18221600822680	none	10421	ae21bbed	512	224	0	10421
10447	6	18221618126220	none	10422	8515ea03	512	224	0	10422
10448	7	18221631329710	none	10423	ba315310	512	224	0	10423
10449	0	18221648501380	none	10424	e6a6b0b5	512	224	0	10424
10450	1	18221665704570	none	10425	dcdbae02	512	224	0	10425
10451	2	18221683104820	none	10426	41fc9298	512	224	0	10426
10452	3	18221700336430	none	10427	10d59bd8	512	224	0	10427
10453	4	18221717545720	none	10428	0bc32f9e	512	224	0	10428
10454	5	18221734737900	none	10429	7d55a7c5	512	224	0	10429
10455	6	18221748166880	none	10430	2a5e6367	512	224	0	10430
10456	7	18221765434250	none	10431	89fe0b70	512	224	0	10431
10457	0	18221782816080	none	10432	c9ff163e	512	224	0	10432
10458	1	18221800050940	none	10433	23ad8222	512	224	0	10433
10459	2	18221817299200	none	10434	e2329440	512	224	0	10434
10460	3	18221834496950	none	10435	5462efbc	512	224	0	10435
10461	4	18221847648890	none	10436	8b65d3aa	512	224	0	10436
10462	5	18221864845330	none	10437	623d59ef	512	224	0	10437
10463	6	18221882196680	none	10438	5a8cc3ad	512	224	0	10438
10464	7	18221899429200	none	10439	a9baea0a	512	224	0	10439
10465	0	18221916618130	none	10440	b0e77950	512	224	0	10440
10466	1	18221933963510	none	10441	fefb7da1	512	224	0	10441
10467	2	18221947156800	none	10442	2a2ebda8	512	224	0	10442
10468	3	18221964396550	none	10443	b904b5e6	512	224	0	10443
10469	4	18221981602620	none	10444	dfa9dd90	512	224	0	10444
10470	5	18221998803650	none	10445	34ca47a1	512	224	0	10445
10471	6	18222016170860	none	10446	e2874f7e	512	224	0	10446
10472	7	18222033444720	none	10447	61f03acb	512	224	0	10447
10473	0	18222050665130	none	10448	eb9069ed	512	224	0	10448
10474	1	18222063842590	none	10449	fecbaeb5	512	224	0	10449
10475	2	18222081210700	none	10450	4cc6ad3c	512	224	0	10450
10476	3	18222098430260	none	10451	09df441c	512	224	0	10451
10477	4	18222115621110	none	10452	a89d7c22	512	224	0	10452
10478	5	18222132957730	none	10453	620e808d	512	224	0	10453
10479	6	18222150176470	none	10454	25093fd0	512	224	0	10454
10480	7	18222167409670	none	10455	e4e5ecf7	512	224	0	10455
10481	0	18222180570020	none	10456	aeb3f900	512	224	0	10456
10482	1	18222197751470	none	10457	cf06c798	512	224	0	10457
10483	2	18222215099350	none	10458	71f4ff16	512	224	0	10458
10484	3	18222232334180	none	10459	d7a80b53	512	224	0	10459
10485	4	18222249522850	none	10460	586fde6c	512	224	0	10460
10486	5	18222266726130	none	10461	297a7968	512	224	0	10461
10487	6	18222279955860	none	10462	a215847b	512	224	0	10462
10488	7	18222297195310	none	10463	8a21b14a	512	224	0	10463
10489	0	18222314434380	none	10464	d150f684	512	224	0	10464
10490	1	18222331738210	none	10465	7517ad50	512	224	0	10465
10491	2	18222348975920	none	10466	e3d20931	512	224	0	10466
10492	3	18222366205700	none	10467	fafe11b2	512	224	0	10467
10493	4	18222383464720	none	10468	28fba688	512	224	0	10468
10494	5	18222396601020	none	10469	c0e30850	512	224	0	10469
10495	6	18222413792510	none	10470	d184f026	512	224	0	10470
10496	7	18222431150820	none	10471	f65fd85d	512	224	0	10471
10497	0	18222448388860	none	10472	258a4340	512	224	0	10472
10498	1	18222465588510	none	10473	6243ed39	512	224	0	10473
10499	2	18222482793480	none	10474	81b1ae7f	512	224	0	10474
10500	3	18222500036960	none	10475	684f0794	512	224	0	10475
10501	4	18222513202880	none	10476	8c61121a	512	224	0	10476
10502	5	18222530564530	none	10477	bf38132a	512	224	0	10477
10503	6	18222547942780	none	10478	33173a13	512	224	0	10478
10504	7	18222565170890	none	10479	bb578c75	512	224	0	10479
10505	0	18222582404220	none	10480	a44702b0	512	224	0	10480
10506	1	18222599582170	none	10481	38f89f97	512	224	0	10481
10507	2	18222612733840	none	10482	cef86a2c	512	224	0	10482
10508	3	18222629948950	none	10483	8d6b64f9	512	224	0	10483
10509	4	18222647170300	none	10484	2862e94a	512	224	0	10484
10510	5	18222664396790	none	10485	b5628f3f	512	224	0	10485
10511	6	18222681589870	none	10486	023f3ee2	512	224	0	10486
10512	7	18222698778250	none	10487	94833eeb	512	224	0	10487
10513	0	18222716080030	none	10488	355230d1	512	224	0	10488
10514	1	18222729266710	none	10489	834a7265	512	224	0	10489
10515	2	18222746451060	none	10490	2444d539	512	224	0	10490
10516	3	18222763628180	none	10491	b61d362a	512	224	0	10491
10517	4	18222780964610	none	10492	b11469c8	512	224	0	10492
10518	5	18222798187880	none	10493	e4f68b82	512	224	0	10493
10519	6	18222815423370	none	10494	6dfe7f77	512	224	0	10494
10520	7	18222832621730	none	10495	11b6ec1a	512	224	0	10495
10521	0	18222845773220	none	10496	68657ad4	512	224	0	10496
10522	1	18222862993810	none	10497	08e51535	512	224	0	10497
10523	2	18222880319230	none	10498	1b842626	512	224	0	10498
10524	3	18222897528390	none	10499	27d4d648	512	224	0	10499
10525	4	18222914715350	none	10500	2f38677a	512	224	0	10500
10526	5	18222931994870	none	10501	bc29748e	512	224	0	10501
10527	6	18222949231610	none	10502	ccea26ec	512	224	0	10502
10528	7	18222962406950	none	10503	20c95d9c	512	224	0	10503
10529	0	18222979689080	none	10504	ea8b385b	512	224	0	10504
10530	1	18222996947740	none	10505	75e2e632	512	224	0	10505
10531	2	18223014161560	none	10506	4b178472	512	224	0	10506
10532	3	18223031398670	none	10507	cfdd6d02	512	224	0	10507
10533	4	18223048630470	none	10508	8a63d444	512	224	0	10508
10534	5	18223065837480	none	10509	18809cec	512	224	0	10509
10535	6	18223079245940	none	10510	21fb61c0	512	224	0	10510
10536	7	18223096540550	none	10511	c7716aeb	512	224	0	10511
10537	0	18223113787590	none	10512	3844b6f7	512	224	0	10512
10538	1	18223131025960	none	10513	03075bb5	512	224	0	10513
10539	2	18223148265730	none	10514	04e94039	512	224	0	10514
10540	3	18223165480180	none	10515	fc3b01ef	512	224	0	10515
10541	4	18223178637240	none	10516	54219c46	512	224	0	10516
10542	5	18223195842810	none	10517	8f34e2c0	512	224	0	10517
10543	6	18223213056110	none	10518	07037757	512	224	0	10518
10544	7	18223230275910	none	10519	0fee8746	512	224	0	10519
10545	0	18223247474240	none	10520	120952cd	512	224	0	10520
10546	1	18223264672810	none	10521	cd79c0d3	512	224	0	10521
10547	2	18223281874180	none	10522	f0bedb1f	512	224	0	10522
10548	3	18223295191310	none	10523	bc7d68da	512	224	0	10523
10549	4	18223312405140	none	10524	88f83cb6	512	224	0	10524
10550	5	18223329708000	none	10525	c71abcc3	512	224	0	10525
10551	6	18223346950070	none	10526	a96ffdee	512	224	0	10526
10552	7	18223364178320	none	10527	13862c91	512	224	0	10527
10553	0	18223381415080	none	10528	d7a7e64c	512	224	0	10528
10554	1	18223398610970	none	10529	36185a48	512	224	0	10529
10555	2	18223411776680	none	10530	dd848fc7	512	224	0	10530
10556	3	18223429132450	none	10531	bee4025e	512	224	0	10531
10557	4	18223446352110	none	10532	ac72ccc6	512	224	0	10532
10558	5	18223463554940	none	10533	468e7d1e	512	224	0	10533
10559	6	18223480768830	none	10534	e583b251	512	224	0	10534
10560	7	18223498142510	none	10535	6615e6f1	512	224	0	10535
10561	0	18223511336470	none	10536	96c91491	512	224	0	10536
10562	1	18223528643390	none	10537	b2106538	512	224	0	10537
10563	2	18223545946260	none	10538	2807d292	512	224	0	10538
10564	3	18223563156720	none	10539	369a75c7	512	224	0	10539
10565	4	18223580381840	none	10540	1bef7f6d	512	224	0	10540
10566	5	18223597546600	none	10541	6326702b	512	224	0	10541
10567	6	18223614812030	none	10542	a8fa0daf	512	224	0	10542
10568	7	18223628054200	none	10543	ce1fbea8	512	224	0	10543
10569	0	18223645339180	none	10544	3c07d102	512	224	0	10544
10570	1	18223662519060	none	10545	37bbf45d	512	224	0	10545
10571	2	18223679698050	none	10546	5ff40ebd	512	224	0	10546
10572	3	18223696919980	none	10547	f514da1c	512	224	0	10547
10573	4	18223714134910	none	10548	aae31719	512	224	0	10548
10574	5	18223731358060	none	10549	40498d1b	512	224	0	10549
10575	6	18223744601640	none	10550	096aa970	512	224	0	10550
10576	7	18223761892900	none	10551	90bc42c3	512	224	0	10551
10577	0	18223779123010	none	10552	2646387a	512	224	0	10552
10578	1	18223796357040	none	10553	3653e7cc	512	224	0	10553
10579	2	18223813557950	none	10554	92d9961b	512	224	0	10554
10580	3	18223830737160	none	10555	5e813f06	512	224	0	10555
10581	4	18223844048090	none	10556	2e6ea644	512	224	0	10556
10582	5	18223861283810	none	10557	b857526a	512	224	0	10557
10583	6	18223878643280	none	10558	1a1142f9	512	224	0	10558
10584	7	18223895980580	none	10559	a8816b4a	512	224	0	10559
10585	0	18223913271890	none	10560	d30d0754	512	224	0	10560
10586	1	18223930458730	none	10561	a78def5a	512	224	0	10561
10587	2	18223947748860	none	10562	784989a1	512	224	0	10562
10588	3	18223960964780	none	10563	27da30ff	512	224	0	10563
10589	4	18223978189800	none	10564	435fb7fd	512	224	0	10564
10590	5	18223995457830	none	10565	65a7c666	512	224	0	10565
10591	6	18224012660140	none	10566	fcb2f69e	512	224	0	10566
10592	7	18224029893350	none	10567	da9c404c	512	224	0	10567
10593	0	18224047261970	none	10568	bb7ae1c5	512	224	0	10568
10594	1	18224060424240	none	10569	76bd7eca	512	224	0	10569
10595	2	18224077739550	none	10570	2a68608e	512	224	0	10570
10596	3	18224094975020	none	10571	1b6da59e	512	224	0	10571
10597	4	18224112186690	none	10572	45273b5f	512	224	0	10572
10598	5	18224129423920	none	10573	4cc5f1bb	512	224	0	10573
10599	6	18224146663010	none	10574	659cbeb4	512	224	0	10574
10600	7	18224163969350	none	10575	f87fd24a	512	224	0	10575
10601	0	18224177219920	none	10576	b06a5bf4	512	224	0	10576
10602	1	18224194411190	none	10577	4711a18b	512	224	0	10577
10603	2	18224211594660	none	10578	52d1dc68	512	224	0	10578
10604	3	18224228804130	none	10579	3ebb6f62	512	224	0	10579
10605	4	18224246046420	none	10580	b00437b3	512	224	0	10580
10606	5	18224263261900	none	10581	37eda116	512	224	0	10581
10607	6	18224280470900	none	10582	b36e65b3	512	224	0	10582
10608	7	18224293711050	none	10583	8243e8f2	512	224	0	10583
10609	0	18224310940850	none	10584	510c4979	512	224	0	10584
10610	1	18224328182240	none	10585	47a20cbd	512	224	0	10585
10611	2	18224345400720	none	10586	7104a916	512	224	0	10586
10612	3	18224362720970	none	10587	e83ab505	512	224	0	10587
10613	4	18224379963140	none	10588	6e2a254e	512	224	0	10588
10614	5	18224393137630	none	10589	a33c0921	512	224	0	10589
10615	6	18224410400020	none	10590	d8caae0e	512	224	0	10590
10616	7	18224427641550	none	10591	9260ce69	512	224	0	10591
10617	0	18224444877900	none	10592	308abd63	512	224	0	10592
10618	1	18224462101050	none	10593	12cdba9f	512	224	0	10593
10619	2	18224479336570	none	10594	9c271da1	512	224	0	10594
10620	3	18224496639080	none	10595	7826463f	512	224	0	10595
10621	4	18224509910480	none	10596	a52f18a0	512	224	0	10596
10622	5	18224527144550	none	10597	499d1eb3	512	224	0	10597
10623	6	18224544370350	none	10598	27adb358	512	224	0	10598
10624	7	18224561565220	none	10599	4be80032	512	224	0	10599
10625	0	18224578751590	none	10600	d4df7570	512	224	0	10600
10626	1	18224596125090	none	10601	527c761d	512	224	0	10601
10627	2	18224613361400	none	10602	ed591adc	512	224	0	10602
10628	3	18224626517560	none	10603	342324c4	512	224	0	10603
10629	4	18224643699240	none	10604	18a9a449	512	224	0	10604
10630	5	18224660942710	none	10605	fe268c85	512	224	0	10605
10631	6	18224678242000	none	10606	1fc9ab4f	512	224	0	10606
10632	7	18224695485800	none	10607	70770963	512	224	0	10607
10633	0	18224712704230	none	10608	7c6fc8a0	512	224	0	10608
10634	1	18224725897320	none	10609	7befe916	512	224	0	10609
10635	2	18224743102330	none	10610	30ea2937	512	224	0	10610
10636	3	18224760328920	none	10611	634c8c3d	512	224	0	10611
10637	4	18224777572460	none	10612	09085559	512	224	0	10612
10638	5	18224794754520	none	10613	72979d07	512	224	0	10613
10639	6	18224812093080	none	10614	8db5610e	512	224	0	10614
10640	7	18224829323330	none	10615	cbcddbf6	512	224	0	10615
10641	0	18224842644870	none	10616	108ca0cd	512	224	0	10616
10642	1	18224860130430	none	10617	be20f310	512	224	0	10617
10643	2	18224877483870	none	10618	9527727f	512	224	0	10618
10644	3	18224894682230	none	10619	2390da79	512	224	0	10619
10645	4	18224911926020	none	10620	764d7a5f	512	224	0	10620
10646	5	18224929142890	none	10621	ce10b64c	512	224	0	10621
10647	6	18224942334020	none	10622	a91bf01d	512	224	0	10622
10648	7	18224959575040	none	10623	5aa0690a	512	224	0	10623
10649	0	18224976968040	none	10624	7c0e0c98	512	224	0	10624
10650	1	18224994212400	none	10625	54c601d4	512	224	0	10625
10651	2	18225011423120	none	10626	f74e6ab0	512	224	0	10626
10652	3	18225028597350	none	10627	7d329c9d	512	224	0	10627
10653	4	18225045946400	none	10628	8a49a510	512	224	0	10628
10654	5	18225059124370	none	10629	809ff558	512	224	0	10629
10655	6	18225076361210	none	10630	51c0aa85	512	224	0	10630
10656	7	18225093571100	none	10631	8c608e04	512	224	0	10631
10657	0	18225110785490	none	10632	26bcb376	512	224	0	10632
10658	1	18225128009790	none	10633	bce475c0	512	224	0	10633
10659	2	18225145382570	none	10634	6b88e62a	512	224	0	10634
10660	3	18225158543900	none	10635	3a2ec0da	512	224	0	10635
10661	4	18225175881360	none	10636	f9a825a7	512	224	0	10636
10662	5	18225193101430	none	10637	8d9fe06f	512	224	0	10637
10663	6	18225210440520	none	10638	ae7991f8	512	224	0	10638
10664	7	18225227738380	none	10639	b68cd3de	512	224	0	10639
10665	0	18225245165530	none	10640	4b392d6f	512	224	0	10640
10666	1	18225258366250	none	10641	dc04ece5	512	224	0	10641
10667	2	18225275683650	none	10642	9dc8cb96	512	224	0	10642
10668	3	18225292950430	none	10643	d9bc936f	512	224	0	10643
10669	4	18225310190930	none	10644	3f680b8b	512	224	0	10644
10670	5	18225327401190	none	10645	0709d646	512	224	0	10645
10671	6	18225344697220	none	10646	7dcd5aa2	512	224	0	10646
10672	7	18225361955330	none	10647	0808b7d5	512	224	0	10647
10673	0	18225375129600	none	10648	54fc5833	512	224	0	10648
10674	1	18225392373340	none	10649	479647a0	512	224	0	10649
10675	2	18225409560610	none	10650	5495239c	512	224	0	10650
10676	3	18225426771380	none	10651	2c25ba1e	512	224	0	10651
10677	4	18225444147270	none	10652	e2a5a2c5	512	224	0	10652
10678	5	18225461369980	none	10653	7f9bd433	512	224	0	10653
10679	6	18225478603600	none	10654	4fe897d4	512	224	0	10654
10680	7	18225491988270	none	10655	55c2445a	512	224	0	10655
10681	0	18225509236580	none	10656	9ebb83c1	512	224	0	10656
10682	1	18225526456220	none	10657	16beb36a	512	224	0	10657
10683	2	18225543662510	none	10658	f6aa87de	512	224	0	10658
10684	3	18225560899600	none	10659	6ee5f168	512	224	0	10659
10685	4	18225578138360	none	10660	4177a243	512	224	0	10660
10686	5	18225591339370	none	10661	ff41212d	512	224	0	10661
10687	6	18225608551370	none	10662	ddefd189	512	224	0	10662
10688	7	18225625772660	none	10663	62cccad9	512	224	0	10663
10689	0	18225642999370	none	10664	5c75b1ad	512	224	0	10664
10690	1	18225660223430	none	10665	8c2165f8	512	224	0	10665
10691	2	18225677420560	none	10666	b7904729	512	224	0	10666
10692	3	18225694703630	none	10667	32987de9	512	224	0	10667
10693	4	18225707911290	none	10668	b7fc0d9b	512	224	0	10668
10694	5	18225725187020	none	10669	20fde382	512	224	0	10669
10695	6	18225742398300	none	10670	77ebb001	512	224	0	10670
10696	7	18225759666230	none	10671	2a21d614	512	224	0	10671
10697	0	18225776899810	none	10672	4c06036e	512	224	0	10672
10698	1	18225794284920	none	10673	97361b27	512	224	0	10673
10699	2	18225807458500	none	10674	bfcaf81a	512	224	0	10674
10700	3	18225824737280	none	10675	05af500c	512	224	0	10675
10701	4	18225842001250	none	10676	4428cd9c	512	224	0	10676
10702	5	18225859224560	none	10677	edd96b23	512	224	0	10677
10703	6	18225876415230	none	10678	1fb74319	512	224	0	10678
10704	7	18225893711700	none	10679	c6566c07	512	224	0	10679
10705	0	18225910949410	none	10680	77e10cdf	512	224	0	10680
10706	1	18225924138940	none	10681	e325f0de	512	224	0	10681
10707	2	18225941435050	none	10682	838c88e3	512	224	0	10682
10708	3	18225958655810	none	10683	29f3a515	512	224	0	10683
10709	4	18225975878550	none	10684	dd8516d2	512	224	0	10684
10710	5	18225993252890	none	10685	b270c3ae	512	224	0	10685
10711	6	18226010543940	none	10686	f19d24a3	512	224	0	10686
10712	7	18226023798600	none	10687	28813fb1	512	224	0	10687
10713	0	18226041033280	none	10688	df0b67cd	512	224	0	10688
10714	1	18226058305320	none	10689	755abb00	512	224	0	10689
10715	2	18226075579920	none	10690	f8341abb	512	224	0	10690
10716	3	18226092781050	none	10691	d1e9f1e9	512	224	0	10691
10717	4	18226110011920	none	10692	c4e80e5b	512	224	0	10692
10718	5	18226127231290	none	10693	c8816ba7	512	224	0	10693
10719	6	18226140411940	none	10694	a16b2e22	512	224	0	10694
10720	7	18226157587270	none	10695	3e6010e4	512	224	0	10695
10721	0	18226175023830	none	10696	7c559d36	512	224	0	10696
10722	1	18226192275990	none	10697	ee65ea78	512	224	0	10697
10723	2	18226209475190	none	10698	8754e501	512	224	0	10698
10724	3	18226226669290	none	10699	2af929e9	512	224	0	10699
10725	4	18226243987050	none	10700	c494f0f1	512	224	0	10700
10726	5	18226257189100	none	10701	d2a75f8a	512	224	0	10701
10727	6	18226274532110	none	10702	f2c66a05	512	224	0	10702
10728	7	18226291831720	none	10703	a405f13a	512	224	0	10703
10729	0	18226309048210	none	10704	aa27027a	512	224	0	10704
10730	1	18226326300080	none	10705	a1dd50fd	512	224	0	10705
10731	2	18226343580260	none	10706	0ae82d0a	512	224	0	10706
10732	3	18226356748300	none	10707	27355270	512	224	0	10707
10733	4	18226373999890	none	10708	d19187c9	512	224	0	10708
10734	5	18226391266700	none	10709	04ed826e	512	224	0	10709
10735	6	18226408503900	none	10710	e44a99c9	512	224	0	10710
10736	7	18226425691530	none	10711	0cabce03	512	224	0	10711
10737	0	18226443000400	none	10712	904e62a7	512	224	0	10712
10738	1	18226460299790	none	10713	b5df9c68	512	224	0	10713
10739	2	18226473460800	none	10714	69c38258	512	224	0	10714
10740	3	18226490649240	none	10715	be17567c	512	224	0	10715
10741	4	18226508050990	none	10716	d0b05b4c	512	224	0	10716
10742	5	18226525304070	none	10717	b34bcfe3	512	224	0	10717
10743	6	18226542641100	none	10718	f5f3c3c6	512	224	0	10718
10744	7	18226559952910	none	10719	c0ad3551	512	224	0	10719
10745	0	18226573132000	none	10720	c205dcc1	512	224	0	10720
10746	1	18226590350380	none	10721	8e577dce	512	224	0	10721
10747	2	18226607532510	none	10722	c1d9743a	512	224	0	10722
10748	3	18226624828960	none	10723	3b942347	512	224	0	10723
10749	4	18226642214040	none	10724	3b2c59fd	512	224	0	10724
10750	5	18226659403910	none	10725	15649917	512	224	0	10725
10751	6	18226676581300	none	10726	dd954132	512	224	0	10726
10752	7	18226689757960	none	10727	249ab9fd	512	224	0	10727
10753	0	18226706997520	none	10728	7723867f	512	224	0	10728
10754	1	18226724232570	none	10729	c531b252	512	224	0	10729
10755	2	18226741526940	none	10730	c30c2954	512	224	0	10730
10756	3	18226758743770	none	10731	00d0aee5	512	224	0	10731
10757	4	18226775974180	none	10732	0f1cd7c7	512	224	0	10732
10758	5	18226789169880	none	10733	b0237c6c	512	224	0	10733
10759	6	18226806366480	none	10734	1674595d	512	224	0	10734
10760	7	18226823560080	none	10735	e612cf76	512	224	0	10735
10761	0	18226840746650	none	10736	fa8f183e	512	224	0	10736
10762	1	18226858013320	none	10737	ec08c3c1	512	224	0	10737
10763	2	18226875285650	none	10738	5fdbd666	512	224	0	10738
10764	3	18226892497730	none	10739	072e9411	512	224	0	10739
10765	4	18226905653960	none	10740	16e6aeb7	512	224	0	10740
10766	5	18226922990780	none	10741	30451acd	512	224	0	10741
10767	6	18226940214110	none	10742	f76f9eae	512	224	0	10742
10768	7	18226957431450	none	10743	e7043ea6	512	224	0	10743
10769	0	18226974683040	none	10744	88f53d68	512	224	0	10744
10770	1	18226992031210	none	10745	6ced078d	512	224	0	10745
10771	2	18227009290240	none	10746	c13d2fd7	512	224	0	10746
10772	3	18227022432300	none	10747	8f3b9ea2	512	224	0	10747
10773	4	18227039616460	none	10748	1b074097	512	224	0	10748
10774	5	18227057035130	none	10749	6b68b366	512	224	0	10749
10775	6	18227074292030	none	10750	521fca89	512	224	0	10750
10776	7	18227091711280	none	10751	ea3f8471	512	224	0	10751
10777	0	18227108955540	none	10752	e06c5936	512	224	0	10752
10778	1	18227122162990	none	10753	acb84c00	512	224	0	10753
10779	2	18227139365310	none	10754	beb74c70	512	224	0	10754
10780	3	18227156552880	none	10755	dd11c9ce	512	224	0	10755
10781	4	18227173761650	none	10756	c8d99768	512	224	0	10756
10782	5	18227191161260	none	10757	a8ce2487	512	224	0	10757
10783	6	18227208401660	none	10758	8c1894e6	512	224	0	10758
10784	7	18227225600760	none	10759	9e149aaf	512	224	0	10759
10785	0	18227238783920	none	10760	ed0700a2	512	224	0	10760
10786	1	18227256075340	none	10761	b45e1f73	512	224	0	10761
10787	2	18227273300110	none	10762	f86502f1	512	224	0	10762
10788	3	18227290600550	none	10763	6b5f95cd	512	224	0	10763
10789	4	18227307930040	none	10764	4d3d72da	512	224	0	10764
10790	5	18227325199110	none	10765	ba6990b6	512	224	0	10765
10791	6	18227338367270	none	10766	ec040719	512	224	0	10766
10792	7	18227355600980	none	10767	fba507c5	512	224	0	10767
10793	0	18227372838470	none	10768	360653f4	512	224	0	10768
10794	1	18227390211490	none	10769	a9aefb37	512	224	0	10769
10795	2	18227407406400	none	10770	7af8a232	512	224	0	10770
10796	3	18227424671870	none	10771	accc299c	512	224	0	10771
10797	4	18227442000250	none	10772	e6310567	512	224	0	10772
10798	5	18227455206060	none	10773	eb7c059c	512	224	0	10773
10799	6	18227472399320	none	10774	dfc65450	512	224	0	10774
10800	7	18227489570380	none	10775	82cf0d10	512	224	0	10775
10801	0	18227506780030	none	10776	3465d0c8	512	224	0	10776
10802	1	18227524018950	none	10777	9e2bea2d	512	224	0	10777
10803	2	18227541326890	none	10778	8bb461b5	512	224	0	10778
10804	3	18227558564490	none	10779	e2ada528	512	224	0	10779
10805	4	18227571736610	none	10780	5adfa42a	512	224	0	10780
10806	5	18227588964000	none	10781	c7d3e903	512	224	0	10781
10807	6	18227606214670	none	10782	dcef2fe9	512	224	0	10782
10808	7	18227623457630	none	10783	e1bedcdf	512	224	0	10783
10809	0	18227640784760	none	10784	d7834f5b	512	224	0	10784
10810	1	18227658068030	none	10785	38bf8147	512	224	0	10785
10811	2	18227671285850	none	10786	a0486aab	512	224	0	10786
10812	3	18227688515450	none	10787	39bee7f7	512	224	0	10787
10813	4	18227705704100	none	10788	f89647dd	512	224	0	10788
10814	5	18227722956460	none	10789	63ab1a35	512	224	0	10789
10815	6	18227740192330	none	10790	ca080e7f	512	224	0	10790
10816	7	18227757385340	none	10791	96d8cd6a	512	224	0	10791
10817	0	18227774644930	none	10792	2de74cd6	512	224	0	10792
10818	1	18227787869160	none	10793	4e21c074	512	224	0	10793
10819	2	18227805083020	none	10794	5a1f7415	512	224	0	10794
10820	3	18227822304200	none	10795	d5fdb9cc	512	224	0	10795
10821	4	18227839591840	none	10796	f4fb70a2	512	224	0	10796
10822	5	18227856916720	none	10797	e5389887	512	224	0	10797
10823	6	18227874231270	none	10798	c76890dd	512	224	0	10798
10824	7	18227887483180	none	10799	3c1f2b8b	512	224	0	10799
10825	0	18227904674320	none	10800	14479227	512	224	0	10800
10826	1	18227921888700	none	10801	39489712	512	224	0	10801
10827	2	18227939313110	none	10802	0482707d	512	224	0	10802
10828	3	18227956515070	none	10803	b617552b	512	224	0	10803
10829	4	18227973694550	none	10804	79de9115	512	224	0	10804
10830	5	18227990994880	none	10805	22c8ca03	512	224	0	10805
10831	6	18228004261670	none	10806	95ca8975	512	224	0	10806
10832	7	18228021434950	none	10807	5846b844	512	224	0	10807
10833	0	18228038635000	none	10808	f7b1ecb5	512	224	0	10808
10834	1	18228055876420	none	10809	3bb0122f	512	224	0	10809
10835	2	18228073110210	none	10810	ae70f119	512	224	0	10810
10836	3	18228090350890	none	10811	4f43b60b	512	224	0	10811
10837	4	18228107537540	none	10812	35a082b5	512	224	0	10812
10838	5	18228120802670	none	10813	3abab9bf	512	224	0	10813
10839	6	18228138084810	none	10814	a1f43c2d	512	224	0	10814
10840	7	18228155302200	none	10815	2e8b244c	512	224	0	10815
10841	0	18228172491580	none	10816	1bd7e3dd	512	224	0	10816
10842	1	18228189800860	none	10817	a5380614	512	224	0	10817
10843	2	18228207029740	none	10818	048e7e78	512	224	0	10818
10844	3	18228220223580	none	10819	b069769a	512	224	0	10819
10845	4	18228237389480	none	10820	73f392fa	512	224	0	10820
10846	5	18228254566880	none	10821	1cb4ec6c	512	224	0	10821
10847	6	18228271887500	none	10822	4a25f758	512	224	0	10822
10848	7	18228289137000	none	10823	2a22448e	512	224	0	10823
10849	0	18228306347340	none	10824	f8beb6b2	512	224	0	10824
10850	1	18228323540200	none	10825	01d8eeb8	512	224	0	10825
10851	2	18228336708810	none	10826	1095fd38	512	224	0	10826
10852	3	18228354067010	none	10827	03a33c84	512	224	0	10827
10853	4	18228371289480	none	10828	ae04b7f6	512	224	0	10828
10854	5	18228388639030	none	10829	6024df61	512	224	0	10829
10855	6	18228405942740	none	10830	bbaee9ac	512	224	0	10830
10856	7	18228423267380	none	10831	28597b49	512	224	0	10831
10857	0	18228436558240	none	10832	550a1d3a	512	224	0	10832
10858	1	18228453802870	none	10833	226982aa	512	224	0	10833
10859	2	18228471015350	none	10834	5ed002dc	512	224	0	10834
10860	3	18228488414460	none	10835	b8b10c71	512	224	0	10835
10861	4	18228505620960	none	10836	eee8a751	512	224	0	10836
10862	5	18228522857130	none	10837	c3c0ae91	512	224	0	10837
10863	6	18228540088060	none	10838	9cb82399	512	224	0	10838
10864	7	18228553297440	none	10839	71231f10	512	224	0	10839
10865	0	18228570520370	none	10840	3b5af11e	512	224	0	10840
10866	1	18228587715680	none	10841	4f7f49c1	512	224	0	10841
10867	2	18228604947370	none	10842	976bf2f8	512	224	0	10842
10868	3	18228622185260	none	10843	122173a6	512	224	0	10843
10869	4	18228639391860	none	10844	b70d6a3e	512	224	0	10844
10870	5	18228656562000	none	10845	b28466fd	512	224	0	10845
10871	6	18228669748220	none	10846	bf4440ac	512	224	0	10846
10872	7	18228686999450	none	10847	411de42f	512	224	0	10847
10873	0	18228704225570	none	10848	cc32d91e	512	224	0	10848
10874	1	18228721433760	none	10849	503eef7d	512	224	0	10849
10875	2	18228738682590	none	10850	9d73c4a2	512	224	0	10850
10876	3	18228755919090	none	10851	288d7beb	512	224	0	10851
10877	4	18228773135530	none	10852	1653304a	512	224	0	10852
10878	5	18228786307610	none	10853	ee874f03	512	224	0	10853
10879	6	18228803506350	none	10854	5adc4ad5	512	224	0	10854
10880	7	18228820697550	none	10855	a8bfe6a6	512	224	0	10855
10881	0	18228837984800	none	10856	f80561c4	512	224	0	10856
10882	1	18228855219530	none	10857	7fc010ec	512	224	0	10857
10883	2	18228872410870	none	10858	9f9777c3	512	224	0	10858
10884	3	18228889602190	none	10859	a19bae15	512	224	0	10859
10885	4	18228902774260	none	10860	b1a0c3bf	512	224	0	10860
10886	5	18228919984270	none	10861	955f45cc	512	224	0	10861
10887	6	18228937375290	none	10862	3b43a766	512	224	0	10862
10888	7	18228954673650	none	10863	5b1194d7	512	224	0	10863
10889	0	18228971892730	none	10864	0dc62620	512	224	0	10864
10890	1	18228989147520	none	10865	69518c5e	512	224	0	10865
10891	2	18229002316150	none	10866	a81c6f5a	512	224	0	10866
10892	3	18229019498890	none	10867	2d713ff6	512	224	0	10867
10893	4	18229036684200	none	10868	99eefdbd	512	224	0	10868
10894	5	18229053913720	none	10869	c6e5c99a	512	224	0	10869
10895	6	18229071138650	none	10870	04ab1240	512	224	0	10870
10896	7	18229088357450	none	10871	66f52b11	512	224	0	10871
10897	0	18229105551050	none	10872	054d52a9	512	224	0	10872
10898	1	18229118719210	none	10873	2777e197	512	224	0	10873
10899	2	18229135943140	none	10874	5a2309cf	512	224	0	10874
10900	3	18229153155390	none	10875	ab6cb7c6	512	224	0	10875
10901	4	18229170359350	none	10876	2f303e18	512	224	0	10876
10902	5	18229187546760	none	10877	8af161dc	512	224	0	10877
10903	6	18229204761560	none	10878	7b46d3ce	512	224	0	10878
10904	7	18229222076900	none	10879	0b23dec8	512	224	0	10879
10905	0	18229235322690	none	10880	fd4076cf	512	224	0	10880
10906	1	18229252495170	none	10881	a4622864	512	224	0	10881
10907	2	18229269666900	none	10882	210d5d50	512	224	0	10882
10908	3	18229286960410	none	10883	7472200a	512	224	0	10883
10909	4	18229304187670	none	10884	3790e5b7	512	224	0	10884
10910	5	18229321388120	none	10885	6adb7d9a	512	224	0	10885
10911	6	18229338560220	none	10886	20c17187	512	224	0	10886
10912	7	18229351739760	none	10887	49b8ce31	512	224	0	10887
10913	0	18229368978530	none	10888	f9ffb332	512	224	0	10888
10914	1	18229386342850	none	10889	60eebfbb	512	224	0	10889
10915	2	18229403525100	none	10890	5ece3e9a	512	224	0	10890
10916	3	18229420709090	none	10891	f956471e	512	224	0	10891
10917	4	18229437989530	none	10892	3121ba37	512	224	0	10892
10918	5	18229455211090	none	10893	9ce23bcb	512	224	0	10893
10919	6	18229468390690	none	10894	c8a99fd0	512	224	0	10894
10920	7	18229485660740	none	10895	b0187361	512	224	0	10895
10921	0	18229502914380	none	10896	12197a4e	512	224	0	10896
10922	1	18229520139200	none	10897	72f18fd3	512	224	0	10897
10923	2	18229537332500	none	10898	c5baa1f6	512	224	0	10898
10924	3	18229554508990	none	10899	e376c86d	512	224	0	10899
10925	4	18229571709770	none	10900	3af3e5ac	512	224	0	10900
10926	5	18229584885860	none	10901	be04d5f4	512	224	0	10901
10927	6	18229602115680	none	10902	8a2242c7	512	224	0	10902
10928	7	18229619302030	none	10903	2c37ba8a	512	224	0	10903
10929	0	18229636627110	none	10904	4feef786	512	224	0	10904
10930	1	18229653876180	none	10905	86237c29	512	224	0	10905
10931	2	18229671116450	none	10906	5eee808a	512	224	0	10906
10932	3	18229688316790	none	10907	f6b96827	512	224	0	10907
10933	4	18229701578450	none	10908	285f3652	512	224	0	10908
10934	5	18229718890910	none	10909	28805149	512	224	0	10909
10935	6	18229736130250	none	10910	a287bed6	512	224	0	10910
10936	7	18229753368550	none	10911	61d4ade1	512	224	0	10911
10937	0	18229770556850	none	10912	6936a3ea	512	224	0	10912
10938	1	18229787776630	none	10913	fef1af8d	512	224	0	10913
10939	2	18229801115600	none	10914	a97c231d	512	224	0	10914
10940	3	18229818310050	none	10915	396435fa	512	224	0	10915
10941	4	18229835589880	none	10916	33d48c65	512	224	0	10916
10942	5	18229852946860	none	10917	704d6141	512	224	0	10917
10943	6	18229870301150	none	10918	528e3746	512	224	0	10918
10944	7	18229887831670	none	10919	19a52f65	512	224	0	10919
10945	0	18229901217410	none	10920	e0562a85	512	224	0	10920
10946	1	18229918416570	none	10921	b00508b7	512	224	0	10921
10947	2	18229935710940	none	10922	1e036ddb	512	224	0	10922
10948	3	18229952951560	none	10923	5c609319	512	224	0	10923
10949	4	18229970190130	none	10924	308381c2	512	224	0	10924
10950	5	18229987405970	none	10925	72c287dc	512	224	0	10925
10951	6	18230000579170	none	10926	0d551b18	512	224	0	10926
10952	7	18230017843840	none	10927	3d159a2f	512	224	0	10927
10953	0	18230035237750	none	10928	8fad323a	512	224	0	10928
10954	1	18230052453370	none	10929	add3f67b	512	224	0	10929
10955	2	18230069644310	none	10930	cd182c49	512	224	0	10930
10956	3	18230086983120	none	10931	d668cb7a	512	224	0	10931
10957	4	18230104333360	none	10932	2ca0499a	512	224	0	10932
10958	5	18230117466630	none	10933	4c933ad5	512	224	0	10933
10959	6	18230134824310	none	10934	ff0fc9ef	512	224	0	10934
10960	7	18230152043860	none	10935	bded6e5f	512	224	0	10935
10961	0	18230169282370	none	10936	106b8e9c	512	224	0	10936
10962	1	18230186472970	none	10937	7ea24d80	512	224	0	10937
10963	2	18230203680200	none	10938	6ec3a57f	512	224	0	10938
10964	3	18230216880610	none	10939	cefaa8a8	512	224	0	10939
10965	4	18230234283070	none	10940	8373d4ff	512	224	0	10940
10966	5	18230251501780	none	10941	7469ee23	512	224	0	10941
10967	6	18230268823450	none	10942	deb05395	512	224	0	10942
10968	7	18230286044140	none	10943	d812d3ae	512	224	0	10943
10969	0	18230303281350	none	10944	a8063cd5	512	224	0	10944
10970	1	18230320504890	none	10945	6600793a	512	224	0	10945
10971	2	18230333655710	none	10946	0402038e	512	224	0	10946
10972	3	18230350885670	none	10947	12612f73	512	224	0	10947
10973	4	18230368168620	none	10948	e7949d16	512	224	0	10948
10974	5	18230385387010	none	10949	bb6b2d79	512	224	0	10949
10975	6	18230402586380	none	10950	caf0f74a	512	224	0	10950
10976	7	18230419821660	none	10951	31f22810	512	224	0	10951
10977	0	18230437036810	none	10952	a617e4a8	512	224	0	10952
10978	1	18230450340960	none	10953	9bf3632e	512	224	0	10953
10979	2	18230467593340	none	10954	8c0a040d	512	224	0	10954
10980	3	18230484921420	none	10955	f63c1ba9	512	224	0	10955
10981	4	18230502143220	none	10956	d5479e29	512	224	0	10956
10982	5	18230519332740	none	10957	b108ea4e	512	224	0	10957
10983	6	18230536523740	none	10958	0aa52181	512	224	0	10958
10984	7	18230549712980	none	10959	66f83af8	512	224	0	10959
10985	0	18230566923150	none	10960	b6932079	512	224	0	10960
10986	1	18230584155050	none	10961	b71439d4	512	224	0	10961
10987	2	18230601348550	none	10962	721d85ec	512	224	0	10962
10988	3	18230618538060	none	10963	c95e6541	512	224	0	10963
10989	4	18230635741500	none	10964	cb802a27	512	224	0	10964
10990	5	18230653136640	none	10965	52c36f24	512	224	0	10965
10991	6	18230666299740	none	10966	b073db37	512	224	0	10966
10992	7	18230683607820	none	10967	8a095f8d	512	224	0	10967
10993	0	18230700938940	none	10968	540c0e8b	512	224	0	10968
10994	1	18230718180650	none	10969	1213ab9f	512	224	0	10969
10995	2	18230735387400	none	10970	59db2ed5	512	224	0	10970
10996	3	18230752572880	none	10971	8c6a80ef	512	224	0	10971
10997	4	18230769792760	none	10972	a03adb3a	512	224	0	10972
10998	5	18230782976680	none	10973	4751f3aa	512	224	0	10973
10999	6	18230800229400	none	10974	2b405a42	512	224	0	10974
11000	7	18230817456660	none	10975	b98c258a	512	224	0	10975
11001	0	18230834681420	none	10976	1cabaadc	512	224	0	10976
11002	1	18230851919330	none	10977	f0be42a9	512	224	0	10977
11003	2	18230869162900	none	10978	d8c65ccc	512	224	0	10978
11004	3	18230886357740	none	10979	1837a7de	512	224	0	10979
11005	4	18230899627150	none	10980	ebca61fa	512	224	0	10980
11006	5	18230916886580	none	10981	e649b39b	512	224	0	10981
11007	6	18230934111970	none	10982	2309497f	512	224	0	10982
11008	7	18230951299710	none	10983	4f425b25	512	224	0	10983
11009	0	18230968490550	none	10984	a4f724cb	512	224	0	10984
11010	1	18230985710840	none	10985	6ae6a0e2	512	224	0	10985
11011	2	18231002933840	none	10986	f078b602	512	224	0	10986
11012	3	18231016125270	none	10987	89bf2a4f	512	224	0	10987
11013	4	18231033452560	none	10988	923ccb73	512	224	0	10988
11014	5	18231050645640	none	10989	dcb0755f	512	224	0	10989
11015	6	18231067988990	none	10990	44d8a40e	512	224	0	10990
11016	7	18231085231270	none	10991	5d276f32	512	224	0	10991
11017	0	18231102542430	none	10992	5a2a3b95	512	224	0	10992
11018	1	18231115716690	none	10993	83f1d619	512	224	0	10993
11019	2	18231133031710	none	10994	0100c39f	512	224	0	10994
11020	3	18231150258700	none	10995	15b79de6	512	224	0	10995
11021	4	18231167449560	none	10996	83ec435d	512	224	0	10996
11022	5	18231184638700	none	10997	04574478	512	224	0	10997
11023	6	18231201873990	none	10998	064981cc	512	224	0	10998
11024	7	18231219098570	none	10999	b494a0ae	512	224	0	10999
11025	0	18231232272280	none	11000	6759d8dd	512	224	0	11000
11026	1	18231249453700	none	11001	35a80721	512	224	0	11001
11027	2	18231266768750	none	11002	86ed3fc8	512	224	0	11002
11028	3	18231283996970	none	11003	7f1ac7d8	512	224	0	11003
11029	4	18231301220690	none	11004	554eded6	512	224	0	11004
11030	5	18231318408250	none	11005	4aede431	512	224	0	11005
11031	6	18231335614400	none	11006	35c7418c	512	224	0	11006
11032	7	18231348905350	none	11007	e55491fd	512	224	0	11007
11033	0	18231366123040	none	11008	8e9f8b19	512	224	0	11008
11034	1	18231383322510	none	11009	d2a03b75	512	224	0	11009
11035	2	18231400490760	none	11010	e6d1cb20	512	224	0	11010
11036	3	18231417688530	none	11011	4cda2b76	512	224	0	11011
11037	4	18231434909410	none	11012	72f7e172	512	224	0	11012
11038	5	18231448233110	none	11013	910a64df	512	224	0	11013
11039	6	18231465410230	none	11014	a1c06979	512	224	0	11014
11040	7	18231482710920	none	11015	5bad0f1d	512	224	0	11015
11041	0	18231499945640	none	11016	8712f0ee	512	224	0	11016
11042	1	18231517273740	none	11017	c5e59582	512	224	0	11017
11043	2	18231534463110	none	11018	c3a01aaf	512	224	0	11018
11044	3	18231551771860	none	11019	6d5e2bac	512	224	0	11019
11045	4	18231564949830	none	11020	521d3da9	512	224	0	11020
11046	5	18231582171420	none	11021	8cb5873a	512	224	0	11021
11047	6	18231599368230	none	11022	49085396	512	224	0	11022
11048	7	18231616593930	none	11023	dbf46f8c	512	224	0	11023
11049	0	18231633844040	none	11024	4733c3c0	512	224	0	11024
11050	1	18231651216240	none	11025	320ffb68	512	224	0	11025
11051	2	18231668401670	none	11026	9a6b1fc5	512	224	0	11026
11052	3	18231681553880	none	11027	bf662185	512	224	0	11027
11053	4	18231698793050	none	11028	70ae74b6	512	224	0	11028
11054	5	18231715995880	none	11029	56aa76fb	512	224	0	11029
11055	6	18231733231120	none	11030	3d91d137	512	224	0	11030
11056	7	18231750423530	none	11031	7b0f0cda	512	224	0	11031
11057	0	18231767624390	none	11032	ac556847	512	224	0	11032
11058	1	18231784887340	none	11033	57c406a0	512	224	0	11033
11059	2	18231798104600	none	11034	a03f0d1d	512	224	0	11034
11060	3	18231815411780	none	11035	6b0ed0d5	512	224	0	11035
11061	4	18231832604910	none	11036	626268bc	512	224	0	11036
11062	5	18231849836420	none	11037	d13243fe	512	224	0	11037
11063	6	18231867137250	none	11038	173154ea	512	224	0	11038
11064	7	18231884377390	none	11039	90fa0bd7	512	224	0	11039
11065	0	18231897681040	none	11040	29fa8393	512	224	0	11040
11066	1	18231914902340	none	11041	ca29eed9	512	224	0	11041
11067	2	18231932144920	none	11042	88fd1e5d	512	224	0	11042
11068	3	18231949351010	none	11043	27919c15	512	224	0	11043
11069	4	18231966548190	none	11044	d44dac2f	512	224	0	11044
11070	5	18231983775190	none	11045	ff55e76e	512	224	0	11045
11071	6	18232001164420	none	11046	5648acad	512	224	0	11046
11072	7	18232014332170	none	11047	273d61ac	512	224	0	11047
11073	0	18232031555600	none	11048	e73d218b	512	224	0	11048
11074	1	18232048784800	none	11049	91cefe9c	512	224	0	11049
11075	2	18232066120630	none	11050	2e8df182	512	224	0	11050
11076	3	18232083318220	none	11051	d9f83527	512	224	0	11051
11077	4	18232100607080	none	11052	281f5d23	512	224	0	11052
11078	5	18232113902100	none	11053	ff07895e	512	224	0	11053
11079	6	18232131153190	none	11054	ed16e975	512	224	0	11054
11080	7	18232148368660	none	11055	fd4f1dd3	512	224	0	11055
11081	0	18232165587100	none	11056	0b1838a9	512	224	0	11056
11082	1	18232182821310	none	11057	449c33d8	512	224	0	11057
11083	2	18232200208170	none	11058	847dec8e	512	224	0	11058
11084	3	18232217404030	none	11059	f6eca42b	512	224	0	11059
11085	4	18232230557100	none	11060	c3093e39	512	224	0	11060
11086	5	18232247771740	none	11061	1d0ee058	512	224	0	11061
11087	6	18232264980430	none	11062	3388eade	512	224	0	11062
11088	7	18232282225040	none	11063	b595f792	512	224	0	11063
11089	0	18232299415780	none	11064	faa7fa87	512	224	0	11064
11090	1	18232316600160	none	11065	892fb444	512	224	0	11065
11091	2	18232333895580	none	11066	6bfef855	512	224	0	11066
11092	3	18232347180100	none	11067	d18bd1da	512	224	0	11067
11093	4	18232364391040	none	11068	b8af1c13	512	224	0	11068
11094	5	18232381563130	none	11069	3fdce0b7	512	224	0	11069
11095	6	18232398812150	none	11070	f26e4b79	512	224	0	11070
11096	7	18232416103430	none	11071	2741aff5	512	224	0	11071
11097	0	18232433299430	none	11072	8ef81b45	512	224	0	11072
11098	1	18232446566380	none	11073	5255ef58	512	224	0	11073
11099	2	18232463890660	none	11074	d1361f3c	512	224	0	11074
11100	3	18232481133370	none	11075	dedda4e4	512	224	0	11075
11101	4	18232498325040	none	11076	c1333954	512	224	0	11076
11102	5	18232515512660	none	11077	1c44d940	512	224	0	11077
11103	6	18232532737270	none	11078	aaf39da2	512	224	0	11078
11104	7	18232550021370	none	11079	38309643	512	224	0	11079
11105	0	18232563211040	none	11080	5eb77355	512	224	0	11080
11106	1	18232580402070	none	11081	7122a6b0	512	224	0	11081
11107	2	18232597587100	none	11082	ed00be8a	512	224	0	11082
11108	3	18232614836660	none	11083	d7ac20c5	512	224	0	11083
11109	4	18232632084150	none	11084	4c89ffa3	512	224	0	11084
11110	5	18232649396440	none	11085	807038f2	512	224	0	11085
11111	6	18232666769330	none	11086	87939e1a	512	224	0	11086
11112	7	18232679982940	none	11087	2eaa1dfe	512	224	0	11087
11113	0	18232697223690	none	11088	f59f78b2	512	224	0	11088
11114	1	18232714406790	none	11089	1668737c	512	224	0	11089
11115	2	18232731615160	none	11090	c149ffb2	512	224	0	11090
11116	3	18232748845150	none	11091	2831fc85	512	224	0	11091
11117	4	18232766063040	none	11092	f5c9c24a	512	224	0	11092
11118	5	18232783300190	none	11093	df8a82d9	512	224	0	11093
11119	6	18232796477660	none	11094	ff9935dd	512	224	0	11094
11120	7	18232813675880	none	11095	b16f5ca0	512	224	0	11095
11121	0	18232830998180	none	11096	e6508bba	512	224	0	11096
11122	1	18232848228120	none	11097	b09f02e9	512	224	0	11097
11123	2	18232865413950	none	11098	fe31bbe7	512	224	0	11098
11124	3	18232882617720	none	11099	934e5590	512	224	0	11099
11125	4	18232895891370	none	11100	ba133f1f	512	224	0	11100
11126	5	18232913114380	none	11101	ec51d4b1	512	224	0	11101
11127	6	18232930316330	none	11102	91bedcbc	512	224	0	11102
11128	7	18232947578860	none	11103	89e64e20	512	224	0	11103
11129	0	18232964846360	none	11104	be1f8043	512	224	0	11104
11130	1	18232982093430	none	11105	ee5ca52f	512	224	0	11105
11131	2	18232999439960	none	11106	3c354643	512	224	0	11106
11132	3	18233012669200	none	11107	6b733be0	512	224	0	11107
11133	4	18233030374180	none	11108	c024a0bb	512	224	0	11108
11134	5	18233047637880	none	11109	dce042ae	512	224	0	11109
11135	6	18233064849390	none	11110	a584001b	512	224	0	11110
11136	7	18233082090430	none	11111	191bbcfb	512	224	0	11111
11137	0	18233099294170	none	11112	745cb17c	512	224	0	11112
11138	1	18233112445730	none	11113	4b7ec653	512	224	0	11113
11139	2	18233129652170	none	11114	1bb78402	512	224	0	11114
11140	3	18233146878610	none	11115	137389b0	512	224	0	11115
11141	4	18233164130630	none	11116	43f16431	512	224	0	11116
11142	5	18233181327900	none	11117	08f4aa1e	512	224	0	11117
11143	6	18233198655750	none	11118	a94e5b47	512	224	0	11118
11144	7	18233211968170	none	11119	862ab1ba	512	224	0	11119
11145	0	18233229208670	none	11120	38cd9d29	512	224	0	11120
11146	1	18233246404240	none	11121	c24c49b0	512	224	0	11121
11147	2	18233263596860	none	11122	5d4bdb57	512	224	0	11122
11148	3	18233280820180	none	11123	283d0ef7	512	224	0	11123
11149	4	18233298228120	none	11124	c0efc73f	512	224	0	11124
11150	5	18233315435710	none	11125	427dd766	512	224	0	11125
11151	6	18233328603080	none	11126	d4548f6f	512	224	0	11126
11152	7	18233345943330	none	11127	512f9b29	512	224	0	11127
11153	0	18233363181210	none	11128	ff232213	512	224	0	11128
11154	1	18233380367980	none	11129	6bb1d03c	512	224	0	11129
11155	2	18233397561000	none	11130	5440207b	512	224	0	11130
11156	3	18233414804570	none	11131	8f210d80	512	224	0	11131
11157	4	18233432054630	none	11132	d9a18921	512	224	0	11132
11158	5	18233445236200	none	11133	e26ac2b3	512	224	0	11133
11159	6	18233462474360	none	11134	180f5cae	512	224	0	11134
11160	7	18233479768000	none	11135	6d1799f9	512	224	0	11135
11161	0	18233497187330	none	11136	c0052726	512	224	0	11136
11162	1	18233514376880	none	11137	f6a03711	512	224	0	11137
11163	2	18233531589540	none	11138	de5afdd8	512	224	0	11138
11164	3	18233544785650	none	11139	a84600c9	512	224	0	11139
11165	4	18233562001500	none	11140	8343b2e2	512	224	0	11140
11166	5	18233579217740	none	11141	080b0a03	512	224	0	11141
11167	6	18233596404840	none	11142	7ad32d5d	512	224	0	11142
11168	7	18233613610560	none	11143	66db342c	512	224	0	11143
11169	0	18233630896790	none	11144	26e3d387	512	224	0	11144
11170	1	18233648139710	none	11145	27392624	512	224	0	11145
11171	2	18233661309250	none	11146	6dd2ed96	512	224	0	11146
11172	3	18233678534720	none	11147	e4e65fb9	512	224	0	11147
11173	4	18233695750560	none	11148	1848fd2e	512	224	0	11148
11174	5	18233713138710	none	11149	1ad3ffef	512	224	0	11149
11175	6	18233730419050	none	11150	6c8d25c6	512	224	0	11150
11176	7	18233747752220	none	11151	8f536c0d	512	224	0	11151
11177	0	18233761120790	none	11152	44a1b3a5	512	224	0	11152
11178	1	18233778325150	none	11153	a90837c0	512	224	0	11153
11179	2	18233795493530	none	11154	468b24cc	512	224	0	11154
11180	3	18233812703610	none	11155	8b36a379	512	224	0	11155
11181	4	18233829919750	none	11156	af4a2776	512	224	0	11156
11182	5	18233847271430	none	11157	493dadb2	512	224	0	11157
11183	6	18233864484900	none	11158	b09f57f7	512	224	0	11158
11184	7	18233877666660	none	11159	3737414f	512	224	0	11159
11185	0	18233894954030	none	11160	0559140c	512	224	0	11160
11186	1	18233912175310	none	11161	0fd00a59	512	224	0	11161
11187	2	18233929374250	none	11162	7dd628dc	512	224	0	11162
11188	3	18233946555530	none	11163	324fc596	512	224	0	11163
11189	4	18233963789880	none	11164	6d2674d2	512	224	0	11164
11190	5	18233981008810	none	11165	3dc0bb6a	512	224	0	11165
11191	6	18233994195290	none	11166	1369fd7d	512	224	0	11166
11192	7	18234011570560	none	11167	88e2b7de	512	224	0	11167
11193	0	18234028839880	none	11168	d7dd1cd8	512	224	0	11168
11194	1	18234046319870	none	11169	ea0aa894	512	224	0	11169
11195	2	18234063629310	none	11170	00f30e63	512	224	0	11170
11196	3	18234080856710	none	11171	03f78fa7	512	224	0	11171
11197	4	18234094064720	none	11172	125edf68	512	224	0	11172
11198	5	18234111263910	none	11173	14d2b180	512	224	0	11173
11199	6	18234128432850	none	11174	638e4545	512	224	0	11174
11200	7	18234145625500	none	11175	fc2352ce	512	224	0	11175
11201	0	18234162853030	none	11176	7a3cd37d	512	224	0	11176
11202	1	18234180080610	none	11177	c5cbd531	512	224	0	11177
11203	2	18234197274850	none	11178	28367870	512	224	0	11178
11204	3	18234210447950	none	11179	e2624427	512	224	0	11179
11205	4	18234227645380	none	11180	89e7055c	512	224	0	11180
11206	5	18234244878170	none	11181	404e4b88	512	224	0	11181
11207	6	18234262148920	none	11182	b81e69c5	512	224	0	11182
11208	7	18234279391440	none	11183	afcb3326	512	224	0	11183
11209	0	18234296743080	none	11184	7cd6ec42	512	224	0	11184
11210	1	18234313976420	none	11185	754762f7	512	224	0	11185
11211	2	18234327175570	none	11186	b6a30b17	512	224	0	11186
11212	3	18234344381360	none	11187	07348dcb	512	224	0	11187
11213	4	18234361559160	none	11188	bf78b485	512	224	0	11188
11214	5	18234378791090	none	11189	510018cc	512	224	0	11189
11215	6	18234396171530	none	11190	6554fa87	512	224	0	11190
11216	7	18234413374430	none	11191	d3ee500e	512	224	0	11191
11217	0	18234430564560	none	11192	cb173d53	512	224	0	11192
11218	1	18234443759430	none	11193	5d0d1cfb	512	224	0	11193
11219	2	18234460975420	none	11194	66ccfc83	512	224	0	11194
11220	3	18234478259220	none	11195	f6ca3e54	512	224	0	11195
11221	4	18234495591500	none	11196	29c936b0	512	224	0	11196
11222	5	18234512946060	none	11197	17570c87	512	224	0	11197
11223	6	18234530216150	none	11198	1d68b723	512	224	0	11198
11224	7	18234543375410	none	11199	e0a78089	512	224	0	11199
11225	0	18234560585390	none	11200	152f0129	512	224	0	11200
11226	1	18234577830840	none	11201	63c39f32	512	224	0	11201
11227	2	18234595205270	none	11202	d7af04a3	512	224	0	11202
11228	3	18234612412750	none	11203	afe5d2c7	512	224	0	11203
11229	4	18234629626820	none	11204	8ba903c5	512	224	0	11204
11230	5	18234642933020	none	11205	b6a613b5	512	224	0	11205
11231	6	18234660154360	none	11206	1ab2188d	512	224	0	11206
11232	7	18234677382600	none	11207	a6cd93c7	512	224	0	11207
11233	0	18234694599760	none	11208	bf45a2a7	512	224	0	11208
11234	1	18234711825000	none	11209	8e4a5c5c	512	224	0	11209
11235	2	18234729085500	none	11210	b750122a	512	224	0	11210
11236	3	18234746305070	none	11211	ad666fb4	512	224	0	11211
11237	4	18234759449710	none	11212	4fae3879	512	224	0	11212
11238	5	18234776648670	none	11213	86632353	512	224	0	11213
11239	6	18234793913450	none	11214	3152dd79	512	224	0	11214
11240	7	18234811180110	none	11215	61dbb7be	512	224	0	11215
11241	0	18234828369760	none	11216	b229c17c	512	224	0	11216
11242	1	18234845730220	none	11217	fb573af6	512	224	0	11217
11243	2	18234862960560	none	11218	69a7fdc3	512	224	0	11218
11244	3	18234876156260	none	11219	d81edc74	512	224	0	11219
11245	4	18234893413200	none	11220	6984bd5d	512	224	0	11220
11246	5	18234911220450	none	11221	d3dfdd84	512	224	0	11221
11247	6	18234928686370	none	11222	f8c2db1d	512	224	0	11222
11248	7	18234945967560	none	11223	08f4fbe5	512	224	0	11223
11249	0	18234959162630	none	11224	11f28fab	512	224	0	11224
11250	1	18234976354080	none	11225	9eeddae6	512	224	0	11225
11251	2	18234993524770	none	11226	ca04ee9f	512	224	0	11226
11252	3	18235010810960	none	11227	e1b31bff	512	224	0	11227
11253	4	18235028053640	none	11228	326f60e6	512	224	0	11228
11254	5	18235045255440	none	11229	02b4edba	512	224	0	11229
11255	6	18235062481200	none	11230	5c41ac3f	512	224	0	11230
11256	7	18235075702490	none	11231	ac170b22	512	224	0	11231
11257	0	18235092950200	none	11232	f6ed1c3a	512	224	0	11232
11258	1	18235110158420	none	11233	2c65f92e	512	224	0	11233
11259	2	18235127354980	none	11234	ebd1529a	512	224	0	11234
11260	3	18235144751030	none	11235	69239a0c	512	224	0	11235
11261	4	18235161987420	none	11236	a0c9f0e5	512	224	0	11236
11262	5	18235179226200	none	11237	a62111e1	512	224	0	11237
11263	6	18235192386300	none	11238	a04270b1	512	224	0	11238
11264	7	18235209572610	none	11239	06f00ccd	512	224	0	11239
11265	0	18235226797400	none	11240	7cd80c8b	512	224	0	11240
11266	1	18235244223050	none	11241	d1594937	512	224	0	11241
11267	2	18235261394250	none	11242	4e20335e	512	224	0	11242
11268	3	18235278634820	none	11243	9d7ca330	512	224	0	11243
11269	4	18235291951770	none	11244	1e00593e	512	224	0	11244
11270	5	18235309181010	none	11245	d774c547	512	224	0	11245
11271	6	18235326464780	none	11246	850da9df	512	224	0	11246
11272	7	18235343709190	none	11247	0d0f6b9d	512	224	0	11247
11273	0	18235360950390	none	11248	78ece419	512	224	0	11248
11274	1	18235378220360	none	11249	5f9e0b98	512	224	0	11249
11275	2	18235395412380	none	11250	f123f7a1	512	224	0	11250
11276	3	18235408586130	none	11251	40d53eb9	512	224	0	11251
11277	4	18235425832410	none	11252	f9393652	512	224	0	11252
11278	5	18235443054060	none	11253	482b7f1e	512	224	0	11253
11279	6	18235460246610	none	11254	04593064	512	224	0	11254
11280	7	18235477444950	none	11255	8dbd0f3b	512	224	0	11255
11281	0	18235494720230	none	11256	aee72c59	512	224	0	11256
11282	1	18235511932510	none	11257	24b33386	512	224	0	11257
11283	2	18235525114420	none	11258	0a247b4b	512	224	0	11258
11284	3	18235542323060	none	11259	c8e21a7f	512	224	0	11259
11285	4	18235559508950	none	11260	20618192	512	224	0	11260
11286	5	18235576728180	none	11261	3a3dfffa	512	224	0	11261
11287	6	18235594090420	none	11262	3646ee98	512	224	0	11262
11288	7	18235611335710	none	11263	109228ad	512	224	0	11263
11289	0	18235628518690	none	11264	d15d447c	512	224	0	11264
11290	1	18235641721880	none	11265	c2fa8698	512	224	0	11265
11291	2	18235659074910	none	11266	c56a8e1b	512	224	0	11266
11292	3	18235676285000	none	11267	be1f988c	512	224	0	11267
11293	4	18235693639400	none	11268	ba08df42	512	224	0	11268
11294	5	18235710949470	none	11269	332e7398	512	224	0	11269
11295	6	18235728167920	none	11270	a733159d	512	224	0	11270
11296	7	18235741388720	none	11271	cb27b286	512	224	0	11271
11297	0	18235758629230	none	11272	52ae8e9d	512	224	0	11272
11298	1	18235775861170	none	11273	c2c98959	512	224	0	11273
11299	2	18235793229730	none	11274	9a40d73e	512	224	0	11274
11300	3	18235810421320	none	11275	6cc37700	512	224	0	11275
11301	4	18235827633310	none	11276	9968ac19	512	224	0	11276
11302	5	18235840957170	none	11277	3873d6f3	512	224	0	11277
11303	6	18235858276030	none	11278	5dc490ca	512	224	0	11278
11304	7	18235875522950	none	11279	f939601c	512	224	0	11279
11305	0	18235892777410	none	11280	183d80cc	512	224	0	11280
11306	1	18235910005420	none	11281	132249e0	512	224	0	11281
11307	2	18235927213900	none	11282	a427a819	512	224	0	11282
11308	3	18235944420950	none	11283	4567ab8c	512	224	0	11283
11309	4	18235957590240	none	11284	78a0b6e5	512	224	0	11284
11310	5	18235974838910	none	11285	6ebc3151	512	224	0	11285
11311	6	18235992217800	none	11286	9c55e819	512	224	0	11286
11312	7	18236009407020	none	11287	f1aa5907	512	224	0	11287
11313	0	18236026619070	none	11288	e9bc5906	512	224	0	11288
11314	1	18236043970000	none	11289	98d04d21	512	224	0	11289
11315	2	18236061190950	none	11290	7fd8cf58	512	224	0	11290
11316	3	18236074361230	none	11291	006ae2b8	512	224	0	11291
11317	4	18236091699120	none	11292	bf135ab8	512	224	0	11292
11318	5	18236108931190	none	11293	6fe1d222	512	224	0	11293
11319	6	18236126174160	none	11294	025249b7	512	224	0	11294
11320	7	18236143470230	none	11295	5197499c	512	224	0	11295
11321	0	18236160717890	none	11296	a44226a5	512	224	0	11296
11322	1	18236174045590	none	11297	2aa3b205	512	224	0	11297
11323	2	18236191302000	none	11298	3daa9c11	512	224	0	11298
11324	3	18236208532400	none	11299	5a1da0e4	512	224	0	11299
11325	4	18236225891400	none	11300	64d30f36	512	224	0	11300
11326	5	18236243140310	none	11301	251ad53d	512	224	0	11301
11327	6	18236260322460	none	11302	200191e0	512	224	0	11302
11328	7	18236277522420	none	11303	98352225	512	224	0	11303
11329	0	18236290716070	none	11304	655b675d	512	224	0	11304
11330	1	18236308122430	none	11305	1d0c87cb	512	224	0	11305
11331	2	18236325344580	none	11306	60694b82	512	224	0	11306
11332	3	18236342675810	none	11307	42cb8f4b	512	224	0	11307
11333	4	18236359956770	none	11308	a1ca12e1	512	224	0	11308
11334	5	18236377178050	none	11309	efc17dd7	512	224	0	11309
11335	6	18236390355020	none	11310	93d5a106	512	224	0	11310
11336	7	18236407598620	none	11311	c702ef4f	512	224	0	11311
11337	0	18236424927440	none	11312	1946c19c	512	224	0	11312
11338	1	18236442317430	none	11313	b76a0aaf	512	224	0	11313
11339	2	18236459518360	none	11314	296f85d4	512	224	0	11314
11340	3	18236476749280	none	11315	80baeae3	512	224	0	11315
11341	4	18236490022260	none	11316	cb0c82c0	512	224	0	11316
11342	5	18236507217390	none	11317	0a2a30b0	512	224	0	11317
11343	6	18236524475020	none	11318	866d5f01	512	224	0	11318
11344	7	18236541842860	none	11319	b3c3dd5e	512	224	0	11319
11345	0	18236559082380	none	11320	dd48c278	512	224	0	11320
11346	1	18236576296400	none	11321	5b652bb6	512	224	0	11321
11347	2	18236593502170	none	11322	4019656e	512	224	0	11322
11348	3	18236606689320	none	11323	718f5f79	512	224	0	11323
11349	4	18236623906000	none	11324	0daa1964	512	224	0	11324
11350	5	18236641296480	none	11325	2e346f14	512	224	0	11325
11351	6	18236658578990	none	11326	20b6d471	512	224	0	11326
11352	7	18236675830200	none	11327	c9bcb16f	512	224	0	11327
11353	0	18236693072740	none	11328	69d80052	512	224	0	11328
11354	1	18236706239710	none	11329	42fece26	512	224	0	11329
11355	2	18236723407440	none	11330	a8b567a2	512	224	0	11330
11356	3	18236740602910	none	11331	f2a79de5	512	224	0	11331
11357	4	18236757824690	none	11332	da6163e6	512	224	0	11332
11358	5	18236775136290	none	11333	c28864e6	512	224	0	11333
11359	6	18236792353250	none	11334	cffebf10	512	224	0	11334
11360	7	18236809555120	none	11335	38968cdc	512	224	0	11335
11361	0	18236822808460	none	11336	07347788	512	224	0	11336
11362	1	18236840042120	none	11337	6095e799	512	224	0	11337
11363	2	18236857245130	none	11338	d43d44e5	512	224	0	11338
11364	3	18236874448410	none	11339	54f71af8	512	224	0	11339
11365	4	18236891828880	none	11340	f64fda7f	512	224	0	11340
11366	5	18236909058600	none	11341	300fe868	512	224	0	11341
11367	6	18236926294930	none	11342	17c768b6	512	224	0	11342
11368	7	18236939439610	none	11343	3c0b7e2e	512	224	0	11343
11369	0	18236956658580	none	11344	dda49ebf	512	224	0	11344
11370	1	18236973900050	none	11345	4a9fc00f	512	224	0	11345
11371	2	18236991133660	none	11346	4acb2525	512	224	0	11346
11372	3	18237008399930	none	11347	6922f067	512	224	0	11347
11373	4	18237025652330	none	11348	ca4eda83	512	224	0	11348
11374	5	18237042884010	none	11349	8c446f9e	512	224	0	11349
11375	6	18237056212480	none	11350	7123ed7d	512	224	0	11350
11376	7	18237073384810	none	11351	1f142901	512	224	0	11351
11377	0	18237090726200	none	11352	943cbf1d	512	224	0	11352
11378	1	18237108068360	none	11353	7fe87397	512	224	0	11353
11379	2	18237125313890	none	11354	32141fba	512	224	0	11354
11380	3	18237142524950	none	11355	e6255ae1	512	224	0	11355
11381	4	18237155709380	none	11356	c595430f	512	224	0	11356
11382	5	18237172913090	none	11357	fc5d2d29	512	224	0	11357
11383	6	18237190395920	none	11358	fd0180c3	512	224	0	11358
11384	7	18237207641000	none	11359	908a1252	512	224	0	11359
11385	0	18237224970630	none	11360	a2583c8a	512	224	0	11360
11386	1	18237242200480	none	11361	3c212923	512	224	0	11361
11387	2	18237255351440	none	11362	dd4facb1	512	224	0	11362
11388	3	18237272534500	none	11363	1ec6c7e2	512	224	0	11363
11389	4	18237289749750	none	11364	7af40816	512	224	0	11364
11390	5	18237306976910	none	11365	c24458c7	512	224	0	11365
11391	6	18237324205370	none	11366	fd7ccc9a	512	224	0	11366
11392	7	18237341491620	none	11367	3cfc84bf	512	224	0	11367
11393	0	18237358752400	none	11368	8dc7cfd7	512	224	0	11368
11394	1	18237372076910	none	11369	f388fa53	512	224	0	11369
11395	2	18237389264350	none	11370	324540ee	512	224	0	11370
11396	3	18237406442610	none	11371	a5f7c9f5	512	224	0	11371
11397	4	18237423662180	none	11372	c0181969	512	224	0	11372
11398	5	18237440943470	none	11373	de1fa058	512	224	0	11373
11399	6	18237458262040	none	11374	017f2d03	512	224	0	11374
11400	7	18237475485940	none	11375	420c8521	512	224	0	11375
11401	0	18237488667800	none	11376	feb7fac9	512	224	0	11376
11402	1	18237505877880	none	11377	f3947bee	512	224	0	11377
11403	2	18237523098290	none	11378	0f79dfa6	512	224	0	11378
11404	3	18237540348740	none	11379	d47a512f	512	224	0	11379
11405	4	18237557534290	none	11380	5b061080	512	224	0	11380
11406	5	18237574793040	none	11381	5a8c1bac	512	224	0	11381
11407	6	18237592037110	none	11382	a5a2e000	512	224	0	11382
11408	7	18237605335500	none	11383	33c36765	512	224	0	11383
11409	0	18237622579880	none	11384	c7b88ba2	512	224	0	11384
11410	1	18237639875980	none	11385	7a1f0354	512	224	0	11385
11411	2	18237657105390	none	11386	761b725e	512	224	0	11386
11412	3	18237674302260	none	11387	267e19f7	512	224	0	11387
11413	4	18237691593030	none	11388	d57e2ae3	512	224	0	11388
11414	5	18237704798110	none	11389	26ef6927	512	224	0	11389
11415	6	18237722060460	none	11390	01b56154	512	224	0	11390
11416	7	18237739411010	none	11391	b8fe5ce4	512	224	0	11391
11417	0	18237756621160	none	11392	6d8eb938	512	224	0	11392
11418	1	18237773843830	none	11393	b2e69c9e	512	224	0	11393
11419	2	18237791090240	none	11394	4c4265ad	512	224	0	11394
11420	3	18237808360590	none	11395	510df558	512	224	0	11395
11421	4	18237821545480	none	11396	b531d3c8	512	224	0	11396
11422	5	18237838764530	none	11397	77b3b221	512	224	0	11397
11423	6	18237855990740	none	11398	b0b3daa3	512	224	0	11398
11424	7	18237873216800	none	11399	79c66687	512	224	0	11399
11425	0	18237890416530	none	11400	944049de	512	224	0	11400
11426	1	18237907657050	none	11401	4524f352	512	224	0	11401
11427	2	18237921061410	none	11402	5a287fc7	512	224	0	11402
11428	3	18237938250130	none	11403	68e0b296	512	224	0	11403
11429	4	18237955437290	none	11404	b27183d1	512	224	0	11404
11430	5	18237972664000	none	11405	faf40925	512	224	0	11405
11431	6	18237990041500	none	11406	d022e109	512	224	0	11406
11432	7	18238007263410	none	11407	b54e6f28	512	224	0	11407
11433	0	18238024478430	none	11408	eecab3b7	512	224	0	11408
11434	1	18238037721220	none	11409	e3a0c43d	512	224	0	11409
11435	2	18238054953500	none	11410	f345e503	512	224	0	11410
11436	3	18238072153970	none	11411	8109439d	512	224	0	11411
11437	4	18238089354420	none	11412	81892ab5	512	224	0	11412
11438	5	18238106563800	none	11413	929ffe63	512	224	0	11413
11439	6	18238123793150	none	11414	ea472872	512	224	0	11414
11440	7	18238141014260	none	11415	f90124fa	512	224	0	11415
11441	0	18238154389350	none	11416	ce196550	512	224	0	11416
11442	1	18238171593580	none	11417	6eae974f	512	224	0	11417
11443	2	18238188907440	none	11418	d32f0156	512	224	0	11418
11444	3	18238206137500	none	11419	0a6ba314	512	224	0	11419
11445	4	18238223338330	none	11420	78d14666	512	224	0	11420
11446	5	18238240541470	none	11421	c1afb0a7	512	224	0	11421
11447	6	18238253750260	none	11422	8e084c83	512	224	0	11422
11448	7	18238271036140	none	11423	951f0a3f	512	224	0	11423
11449	0	18238288391670	none	11424	1d9ae81f	512	224	0	11424
11450	1	18238305618750	none	11425	7dbecb5f	512	224	0	11425
11451	2	18238322851310	none	11426	23140b8b	512	224	0	11426
11452	3	18238340101570	none	11427	17405900	512	224	0	11427
11453	4	18238357295790	none	11428	11995465	512	224	0	11428
11454	5	18238370458200	none	11429	6923826e	512	224	0	11429
11455	6	18238387675920	none	11430	4037db66	512	224	0	11430
11456	7	18238404884870	none	11431	65b42f2e	512	224	0	11431
11457	0	18238422138170	none	11432	9959f10d	512	224	0	11432
11458	1	18238439332600	none	11433	244be1ee	512	224	0	11433
11459	2	18238456539110	none	11434	6274ca3e	512	224	0	11434
11460	3	18238473784780	none	11435	f3acf574	512	224	0	11435
11461	4	18238486976570	none	11436	42a91b93	512	224	0	11436
11462	5	18238504162890	none	11437	8fc06455	512	224	0	11437
11463	6	18238521375730	none	11438	3e060048	512	224	0	11438
11464	7	18238538612140	none	11439	7c5af92c	512	224	0	11439
11465	0	18238555828240	none	11440	f6bcca59	512	224	0	11440
11466	1	18238573123910	none	11441	162b6e2b	512	224	0	11441
11467	2	18238590325450	none	11442	12374f04	512	224	0	11442
11468	3	18238603618930	none	11443	8b69172f	512	224	0	11443
11469	4	18238620903930	none	11444	1e9d066c	512	224	0	11444
11470	5	18238638135670	none	11445	a9d1f2aa	512	224	0	11445
11471	6	18238655321490	none	11446	997d1054	512	224	0	11446
11472	7	18238672530130	none	11447	5050a7e5	512	224	0	11447
11473	0	18238689772940	none	11448	68a74042	512	224	0	11448
11474	1	18238703132380	none	11449	c4ff8e98	512	224	0	11449
11475	2	18238720294190	none	11450	95da338c	512	224	0	11450
11476	3	18238737614130	none	11451	3a6c5ac9	512	224	0	11451
11477	4	18238754968760	none	11452	1934bb00	512	224	0	11452
11478	5	18238772183280	none	11453	c28a8b44	512	224	0	11453
11479	6	18238789504820	none	11454	0efcf5ad	512	224	0	11454
11480	7	18238802735540	none	11455	47cc87a1	512	224	0	11455
11481	0	18238819988920	none	11456	7e75478c	512	224	0	11456
11482	1	18238837316310	none	11457	f13e8701	512	224	0	11457
11483	2	18238854514540	none	11458	81482db3	512	224	0	11458
11484	3	18238871771070	none	11459	361d2a56	512	224	0	11459
11485	4	18238889018440	none	11460	ea7a205c	512	224	0	11460
11486	5	18238906214900	none	11461	271c0f96	512	224	0	11461
11487	6	18238919348830	none	11462	9670762f	512	224	0	11462
11488	7	18238936564160	none	11463	633bce10	512	224	0	11463
11489	0	18238953819100	none	11464	10f55fdc	512	224	0	11464
11490	1	18238971046030	none	11465	3e0d04eb	512	224	0	11465
11491	2	18238988243880	none	11466	38cc52b5	512	224	0	11466
11492	3	18239005433930	none	11467	7c904603	512	224	0	11467
11493	4	18239022679590	none	11468	c3463b14	512	224	0	11468
11494	5	18239035851380	none	11469	b4f4f671	512	224	0	11469
11495	6	18239053114190	none	11470	b7046d44	512	224	0	11470
11496	7	18239070314010	none	11471	2df176fa	512	224	0	11471
11497	0	18239087499690	none	11472	2a7ad0a0	512	224	0	11472
11498	1	18239104721010	none	11473	ebb50013	512	224	0	11473
11499	2	18239122074020	none	11474	47cd3304	512	224	0	11474
11500	3	18239139302310	none	11475	811bc023	512	224	0	11475
11501	4	18239152612380	none	11476	e7ed6399	512	224	0	11476
11502	5	18239169898570	none	11477	0f0ed904	512	224	0	11477
11503	6	18239187199810	none	11478	3efd7e60	512	224	0	11478
11504	7	18239204384250	none	11479	6d428391	512	224	0	11479
11505	0	18239221596030	none	11480	7cac397f	512	224	0	11480
11506	1	18239238815430	none	11481	9cd7e4c6	512	224	0	11481
11507	2	18239252147890	none	11482	e0271725	512	224	0	11482
11508	3	18239269335970	none	11483	369293ae	512	224	0	11483
11509	4	18239286668550	none	11484	54aaedff	512	224	0	11484
11510	5	18239303969200	none	11485	9a77356f	512	224	0	11485
11511	6	18239321190640	none	11486	cfd33e41	512	224	0	11486
11512	7	18239338406610	none	11487	4d015672	512	224	0	11487
11513	0	18239355730490	none	11488	ac4df00b	512	224	0	11488
11514	1	18239369078750	none	11489	7c775bdc	512	224	0	11489
11515	2	18239386662660	none	11490	a7b1a867	512	224	0	11490
11516	3	18239404241680	none	11491	9f80592a	512	224	0	11491
11517	4	18239421900430	none	11492	2524a6bd	512	224	0	11492
11518	5	18239435435140	none	11493	3cec9489	512	224	0	11493
11519	6	18239452805510	none	11494	86cb415d	512	224	0	11494
11520	7	18239470181400	none	11495	3789f5f7	512	224	0	11495
11521	0	18239487544870	none	11496	7d816509	512	224	0	11496
11522	1	18239505149350	none	11497	33f6f1df	512	224	0	11497
11523	2	18239518710980	none	11498	86e67524	512	224	0	11498
11524	3	18239536225820	none	11499	c512d1fd	512	224	0	11499
11525	4	18239553864950	none	11500	75651430	512	224	0	11500
11526	5	18239571263820	none	11501	5af836f3	512	224	0	11501
11527	6	18239588576350	none	11502	21562d4c	512	224	0	11502
11528	7	18239602243870	none	11503	a60b6f8d	512	224	0	11503
11529	0	18239619900250	none	11504	f6d65d30	512	224	0	11504
11530	1	18239637356440	none	11505	7833aae8	512	224	0	11505
11531	2	18239654711070	none	11506	75b03c31	512	224	0	11506
11532	3	18239668055510	none	11507	0c6ba91b	512	224	0	11507
11533	4	18239685508960	none	11508	b93785a9	512	224	0	11508
11534	5	18239702724040	none	11509	ae16e585	512	224	0	11509
11535	6	18239719953680	none	11510	49db7fd1	512	224	0	11510
11536	7	18239737196340	none	11511	873f5969	512	224	0	11511
11537	0	18239754381830	none	11512	9e836215	512	224	0	11512
11538	1	18239771607070	none	11513	d5df9403	512	224	0	11513
11539	2	18239784816480	none	11514	66cab0b4	512	224	0	11514
11540	3	18239802051370	none	11515	da05ec50	512	224	0	11515
11541	4	18239819252300	none	11516	703e9884	512	224	0	11516
11542	5	18239836460050	none	11517	3386d85b	512	224	0	11517
11543	6	18239853752670	none	11518	e48129fe	512	224	0	11518
11544	7	18239871181040	none	11519	f7072c01	512	224	0	11519
11545	0	18239884357970	none	11520	0fee5629	512	224	0	11520
11546	1	18239901596430	none	11521	deec6e2b	512	224	0	11521
11547	2	18239919011540	none	11522	73976955	512	224	0	11522
11548	3	18239936621570	none	11523	1ad7f01c	512	224	0	11523
11549	4	18239953897020	none	11524	6bc11386	512	224	0	11524
11550	5	18239971114810	none	11525	0c794c17	512	224	0	11525
11551	6	18239984293640	none	11526	806cfd15	512	224	0	11526
11552	7	18240001471830	none	11527	07fe9ba3	512	224	0	11527
11553	0	18240018703810	none	11528	0a10b274	512	224	0	11528
11554	1	18240036025630	none	11529	0f96aaca	512	224	0	11529
11555	2	18240053244400	none	11530	d743deec	512	224	0	11530
11556	3	18240070466890	none	11531	71feb9aa	512	224	0	11531
11557	4	18240087744650	none	11532	114b0050	512	224	0	11532
11558	5	18240100977290	none	11533	871753b2	512	224	0	11533
11559	6	18240118211210	none	11534	a18acc02	512	224	0	11534
11560	7	18240135426690	none	11535	5b3f4a52	512	224	0	11535
11561	0	18240152687030	none	11536	9c27252b	512	224	0	11536
11562	1	18240170051000	none	11537	5f82c3b6	512	224	0	11537
11563	2	18240187289200	none	11538	0591ee41	512	224	0	11538
11564	3	18240200580710	none	11539	f60a7138	512	224	0	11539
11565	4	18240217879120	none	11540	326906d5	512	224	0	11540
11566	5	18240235105630	none	11541	40bff3c9	512	224	0	11541
11567	6	18240252308350	none	11542	821db315	512	224	0	11542
11568	7	18240269508320	none	11543	ff6a993c	512	224	0	11543
11569	0	18240286726020	none	11544	ecb1de69	512	224	0	11544
11570	1	18240303945480	none	11545	c793167a	512	224	0	11545
11571	2	18240317107890	none	11546	bc6032cb	512	224	0	11546
11572	3	18240334446410	none	11547	d3859d81	512	224	0	11547
11573	4	18240351674970	none	11548	7dd66936	512	224	0	11548
11574	5	18240368879860	none	11549	7d8279fe	512	224	0	11549
11575	6	18240386110280	none	11550	4732132a	512	224	0	11550
11576	7	18240403338630	none	11551	91e320c4	512	224	0	11551
11577	0	18240420557560	none	11552	a5e767ed	512	224	0	11552
11578	1	18240433735170	none	11553	0effc3b6	512	224	0	11553
11579	2	18240450968160	none	11554	663dd029	512	224	0	11554
11580	3	18240468169130	none	11555	b0cb842c	512	224	0	11555
11581	4	18240485352530	none	11556	7fd96c06	512	224	0	11556
11582	5	18240502562540	none	11557	d021a760	512	224	0	11557
11583	6	18240519772890	none	11558	10dcedf5	512	224	0	11558
11584	7	18240536989410	none	11559	3056cad7	512	224	0	11559
11585	0	18240550160940	none	11560	d833cfb0	512	224	0	11560
11586	1	18240567322700	none	11561	b68a361e	512	224	0	11561
11587	2	18240584532400	none	11562	a8418ad2	512	224	0	11562
11588	3	18240601765890	none	11563	9a50317e	512	224	0	11563
11589	4	18240619124080	none	11564	923a11af	512	224	0	11564
11590	5	18240636329000	none	11565	7ed2cf76	512	224	0	11565
11591	6	18240653680470	none	11566	22dc7948	512	224	0	11566
11592	7	18240666932800	none	11567	c22b71d1	512	224	0	11567
11593	0	18240684183620	none	11568	dbf6450c	512	224	0	11568
11594	1	18240701375950	none	11569	09edd2b7	512	224	0	11569
11595	2	18240718604470	none	11570	deddb41a	512	224	0	11570
11596	3	18240735819710	none	11571	37acf503	512	224	0	11571
11597	4	18240753198340	none	11572	9971a9b0	512	224	0	11572
11598	5	18240766360250	none	11573	8980ca57	512	224	0	11573
11599	6	18240783748620	none	11574	a303e0f9	512	224	0	11574
11600	7	18240800974060	none	11575	b69b71ea	512	224	0	11575
11601	0	18240818161400	none	11576	b15c3de1	512	224	0	11576
11602	1	18240835343240	none	11577	712e687f	512	224	0	11577
11603	2	18240852547610	none	11578	4fd4ab08	512	224	0	11578
11604	3	18240869784380	none	11579	bb90d6d9	512	224	0	11579
11605	4	18240882992700	none	11580	2926871e	512	224	0	11580
11606	5	18240900187450	none	11581	ad89841e	512	224	0	11581
11607	6	18240917387400	none	11582	415865a7	512	224	0	11582
11608	7	18240934612850	none	11583	83090f93	512	224	0	11583
11609	0	18240951865670	none	11584	e0b8b515	512	224	0	11584
11610	1	18240969095500	none	11585	be8f81ce	512	224	0	11585
11611	2	18240986284840	none	11586	0b5b1284	512	224	0	11586
11612	3	18240999462240	none	11587	7fadbdf2	512	224	0	11587
11613	4	18241016682050	none	11588	82035dff	512	224	0	11588
11614	5	18241034008880	none	11589	693429cb	512	224	0	11589
11615	6	18241051199400	none	11590	e7098f68	512	224	0	11590
11616	7	18241068391000	none	11591	f9fd49e0	512	224	0	11591
11617	0	18241085635400	none	11592	6dfadbce	512	224	0	11592
11618	1	18241102944230	none	11593	74b5d8fc	512	224	0	11593
11619	2	18241116113190	none	11594	66be9d29	512	224	0	11594
11620	3	18241133303470	none	11595	65ffc485	512	224	0	11595
11621	4	18241150540300	none	11596	5747bcfd	512	224	0	11596
11622	5	18241167766550	none	11597	21278e50	512	224	0	11597
11623	6	18241185017690	none	11598	f675cadd	512	224	0	11598
11624	7	18241202377750	none	11599	da16172e	512	224	0	11599
11625	0	18241215556920	none	11600	9bdefcf7	512	224	0	11600
11626	1	18241232870830	none	11601	68aacec9	512	224	0	11601
11627	2	18241250094180	none	11602	853b24e3	512	224	0	11602
11628	3	18241267283100	none	11603	d7d36177	512	224	0	11603
11629	4	18241284461370	none	11604	adc5203d	512	224	0	11604
11630	5	18241301683710	none	11605	83171cc2	512	224	0	11605
11631	6	18241318910400	none	11606	96b61655	512	224	0	11606
11632	7	18241332068900	none	11607	81d3c1d5	512	224	0	11607
11633	0	18241349247880	none	11608	0bf46872	512	224	0	11608
11634	1	18241366451350	none	11609	2b232120	512	224	0	11609
11635	2	18241383678660	none	11610	3cc0f063	512	224	0	11610
11636	3	18241400913660	none	11611	08a4e501	512	224	0	11611
11637	4	18241418124340	none	11612	b6e3e2c2	512	224	0	11612
11638	5	18241435353730	none	11613	e74f0f1b	512	224	0	11613
11639	6	18241448550320	none	11614	926f2f62	512	224	0	11614
11640	7	18241465807010	none	11615	5eb4ae8a	512	224	0	11615
11641	0	18241483104770	none	11616	3ebc0d46	512	224	0	11616
11642	1	18241500307510	none	11617	f2382937	512	224	0	11617
11643	2	18241517503830	none	11618	4b199326	512	224	0	11618
11644	3	18241534727130	none	11619	9104a69f	512	224	0	11619
11645	4	18241552035970	none	11620	6caab6cb	512	224	0	11620
11646	5	18241565198860	none	11621	3d2d0426	512	224	0	11621
11647	6	18241582421060	none	11622	8653e2a8	512	224	0	11622
11648	7	18241599749230	none	11623	055aa5ee	512	224	0	11623
11649	0	18241617286260	none	11624	899ba5f7	512	224	0	11624
11650	1	18241634722020	none	11625	62f01cec	512	224	0	11625
11651	2	18241648066230	none	11626	8c812b75	512	224	0	11626
11652	3	18241665436140	none	11627	35c3e4bc	512	224	0	11627
11653	4	18241683179780	none	11628	e90dfd6e	512	224	0	11628
11654	5	18241700777220	none	11629	644c033e	512	224	0	11629
11655	6	18241718117910	none	11630	ea45a206	512	224	0	11630
11656	7	18241731399730	none	11631	e9175c0a	512	224	0	11631
11657	0	18241748632120	none	11632	3642dc13	512	224	0	11632
11658	1	18241765846520	none	11633	729851b1	512	224	0	11633
11659	2	18241783157570	none	11634	32e8cc3e	512	224	0	11634
11660	3	18241800515840	none	11635	c0d09d26	512	224	0	11635
11661	4	18241817837630	none	11636	d4dee15c	512	224	0	11636
11662	5	18241831088330	none	11637	94bf0d60	512	224	0	11637
11663	6	18241848373220	none	11638	3969452d	512	224	0	11638
11664	7	18241866091020	none	11639	1b1c6154	512	224	0	11639
11665	0	18241883935260	none	11640	e0a6e21d	512	224	0	11640
11666	1	18241901391000	none	11641	9e1e2fb9	512	224	0	11641
11667	2	18241914959010	none	11642	ee3c451f	512	224	0	11642
11668	3	18241932548080	none	11643	3b41a52e	512	224	0	11643
11669	4	18241949785290	none	11644	93ff5c08	512	224	0	11644
11670	5	18241967030650	none	11645	aa073e9c	512	224	0	11645
11671	6	18241984318730	none	11646	6b655949	512	224	0	11646
11672	7	18241997559690	none	11647	ccfe9a46	512	224	0	11647
11673	0	18242014778520	none	11648	3ff3b8bf	512	224	0	11648
11674	1	18242032047950	none	11649	e743df10	512	224	0	11649
11675	2	18242049273840	none	11650	86e80bc9	512	224	0	11650
11676	3	18242066472290	none	11651	45257df7	512	224	0	11651
11677	4	18242083690280	none	11652	f64a6aee	512	224	0	11652
11678	5	18242101038980	none	11653	46772ce4	512	224	0	11653
11679	6	18242114204890	none	11654	2f2f5d99	512	224	0	11654
11680	7	18242131397120	none	11655	d6c10eca	512	224	0	11655
11681	0	18242148621600	none	11656	e8361ef6	512	224	0	11656
11682	1	18242165876490	none	11657	fab613a1	512	224	0	11657
11683	2	18242183101870	none	11658	0a00ad29	512	224	0	11658
11684	3	18242200512950	none	11659	ea6330d5	512	224	0	11659
11685	4	18242217745130	none	11660	87b6d049	512	224	0	11660
11686	5	18242230939350	none	11661	7ed47a23	512	224	0	11661
11687	6	18242248152420	none	11662	10008bc1	512	224	0	11662
11688	7	18242265352630	none	11663	025642f9	512	224	0	11663
11689	0	18242282585000	none	11664	68b25174	512	224	0	11664
11690	1	18242299816130	none	11665	3627dcc9	512	224	0	11665
11691	2	18242317045750	none	11666	305ba82a	512	224	0	11666
11692	3	18242334236170	none	11667	0b467de6	512	224	0	11667
11693	4	18242347414630	none	11668	5a7d56e0	512	224	0	11668
11694	5	18242364646890	none	11669	3f5d875a	512	224	0	11669
11695	6	18242382011490	none	11670	01c0eeb4	512	224	0	11670
11696	7	18242399207440	none	11671	e5c8075e	512	224	0	11671
11697	0	18242416438480	none	11672	2b9207ba	512	224	0	11672
11698	1	18242433669310	none	11673	00a0b1eb	512	224	0	11673
11699	2	18242446978930	none	11674	7b2161cf	512	224	0	11674
11700	3	18242464162580	none	11675	93caa724	512	224	0	11675
11701	4	18242481370830	none	11676	46408a46	512	224	0	11676
11702	5	18242498600820	none	11677	be0cd550	512	224	0	11677
11703	6	18242515851380	none	11678	e72d2a11	512	224	0	11678
11704	7	18242533105530	none	11679	ecca300b	512	224	0	11679
11705	0	18242550333680	none	11680	9011e29a	512	224	0	11680
11706	1	18242563533130	none	11681	30ad3da8	512	224	0	11681
11707	2	18242581023590	none	11682	d21e65c6	512	224	0	11682
11708	3	18242598281520	none	11683	79716b38	512	224	0	11683
11709	4	18242615488910	none	11684	e73ede17	512	224	0	11684
11710	5	18242632724070	none	11685	b2a01744	512	224	0	11685
11711	6	18242650027780	none	11686	689d925c	512	224	0	11686
11712	7	18242663162290	none	11687	3906ac20	512	224	0	11687
11713	0	18242680376080	none	11688	d00cde70	512	224	0	11688
11714	1	18242697600180	none	11689	9f95c719	512	224	0	11689
11715	2	18242714819010	none	11690	954294fa	512	224	0	11690
11716	3	18242732044490	none	11691	fc4c5233	512	224	0	11691
11717	4	18242749367580	none	11692	99f5ffcb	512	224	0	11692
11718	5	18242766595360	none	11693	b920f859	512	224	0	11693
11719	6	18242779782130	none	11694	3fe596dc	512	224	0	11694
11720	7	18242797054080	none	11695	676a375d	512	224	0	11695
11721	0	18242814259100	none	11696	30086f9c	512	224	0	11696
11722	1	18242831470390	none	11697	ebd9e715	512	224	0	11697
11723	2	18242848729530	none	11698	43f9c726	512	224	0	11698
11724	3	18242865958880	none	11699	3fca7a5a	512	224	0	11699
11725	4	18242883174600	none	11700	f73dc3a9	512	224	0	11700
11726	5	18242896319350	none	11701	2464d75e	512	224	0	11701
11727	6	18242913542030	none	11702	b92c3826	512	224	0	11702
11728	7	18242930754510	none	11703	5d337171	512	224	0	11703
11729	0	18242947986430	none	11704	d1dad575	512	224	0	11704
11730	1	18242965197020	none	11705	1a5fa289	512	224	0	11705
11731	2	18242982395870	none	11706	620ef2a8	512	224	0	11706
11732	3	18242999633690	none	11707	32cbdfe5	512	224	0	11707
11733	4	18243012810780	none	11708	ff2d8cb3	512	224	0	11708
11734	5	18243030044010	none	11709	012bae64	512	224	0	11709
11735	6	18243047248640	none	11710	c09b7178	512	224	0	11710
11736	7	18243064499380	none	11711	a2ed9462	512	224	0	11711
11737	0	18243081747650	none	11712	60c06079	512	224	0	11712
11738	1	18243099053050	none	11713	7893c99a	512	224	0	11713
11739	2	18243116244220	none	11714	f6b3849f	512	224	0	11714
11740	3	18243129414690	none	11715	08ed6430	512	224	0	11715
11741	4	18243146626970	none	11716	ba25b366	512	224	0	11716
11742	5	18243163834110	none	11717	5f5a7bfa	512	224	0	11717
11743	6	18243181070440	none	11718	d76a0dd1	512	224	0	11718
11744	7	18243198399390	none	11719	17d2d9fc	512	224	0	11719
11745	0	18243215626860	none	11720	8c7b3845	512	224	0	11720
11746	1	18243228797170	none	11721	b0521633	512	224	0	11721
11747	2	18243246031370	none	11722	2616def7	512	224	0	11722
11748	3	18243263205360	none	11723	1c8a2ce7	512	224	0	11723
11749	4	18243280392640	none	11724	d99e58b1	512	224	0	11724
11750	5	18243297630600	none	11725	178a6e3d	512	224	0	11725
11751	6	18243314876690	none	11726	358f46e9	512	224	0	11726
11752	7	18243332196730	none	11727	53d4998b	512	224	0	11727
11753	0	18243345365910	none	11728	54b7943a	512	224	0	11728
11754	1	18243362748230	none	11729	32071469	512	224	0	11729
11755	2	18243380001590	none	11730	320b1030	512	224	0	11730
11756	3	18243397393360	none	11731	320a89a9	512	224	0	11731
11757	4	18243414610140	none	11732	adf28e67	512	224	0	11732
11758	5	18243431868500	none	11733	27c9fe85	512	224	0	11733
11759	6	18243449067820	none	11734	11473036	512	224	0	11734
11760	7	18243462214600	none	11735	b78c58dd	512	224	0	11735
11761	0	18243479404860	none	11736	cae2da6e	512	224	0	11736
11762	1	18243496663940	none	11737	077e31e2	512	224	0	11737
11763	2	18243513882520	none	11738	9f20d2d7	512	224	0	11738
11764	3	18243531082940	none	11739	120282c4	512	224	0	11739
11765	4	18243548281280	none	11740	48cbe5d4	512	224	0	11740
11766	5	18243565488380	none	11741	0d084cbc	512	224	0	11741
11767	6	18243578701510	none	11742	02274c5e	512	224	0	11742
11768	7	18243595976760	none	11743	76be80a1	512	224	0	11743
11769	0	18243613242700	none	11744	b264da3e	512	224	0	11744
11770	1	18243630452820	none	11745	9b8420a9	512	224	0	11745
11771	2	18243647750560	none	11746	179b5ee7	512	224	0	11746
11772	3	18243665001180	none	11747	9d7427b9	512	224	0	11747
11773	4	18243678152400	none	11748	241d9ec0	512	224	0	11748
11774	5	18243695358090	none	11749	621a65d0	512	224	0	11749
11775	6	18243712584340	none	11750	78c3fb48	512	224	0	11750
11776	7	18243729803130	none	11751	7c2ee3fe	512	224	0	11751
11777	0	18243747181390	none	11752	0d23b99e	512	224	0	11752
11778	1	18243764373650	none	11753	85fad3f9	512	224	0	11753
11779	2	18243781617590	none	11754	fad681ce	512	224	0	11754
11780	3	18243794788040	none	11755	48b234d5	512	224	0	11755
11781	4	18243811997500	none	11756	ba90f5d0	512	224	0	11756
11782	5	18243829177910	none	11757	c39fa203	512	224	0	11757
11783	6	18243846478210	none	11758	70afe0d6	512	224	0	11758
11784	7	18243863723520	none	11759	781641e5	512	224	0	11759
11785	0	18243880946660	none	11760	5b87176d	512	224	0	11760
11786	1	18243898147950	none	11761	e0925c6a	512	224	0	11761
11787	2	18243911310210	none	11762	307b67db	512	224	0	11762
11788	3	18243928516510	none	11763	4cf46806	512	224	0	11763
11789	4	18243945758980	none	11764	29e6c66c	512	224	0	11764
11790	5	18243963004030	none	11765	28fa3200	512	224	0	11765
11791	6	18243980201960	none	11766	91559f0e	512	224	0	11766
11792	7	18243997491870	none	11767	019fb0f0	512	224	0	11767
11793	0	18244014718100	none	11768	f98a95af	512	224	0	11768
11794	1	18244028045240	none	11769	ada02d46	512	224	0	11769
11795	2	18244045238860	none	11770	59e8d831	512	224	0	11770
11796	3	18244062440820	none	11771	1a023f2e	512	224	0	11771
11797	4	18244079666750	none	11772	f8fb18bb	512	224	0	11772
11798	5	18244096966480	none	11773	f6d48431	512	224	0	11773
11799	6	18244114193680	none	11774	870208ef	512	224	0	11774
11800	7	18244127394300	none	11775	9a41f3f5	512	224	0	11775
11801	0	18244144661020	none	11776	e0a29805	512	224	0	11776
11802	1	18244161877870	none	11777	7a290222	512	224	0	11777
11803	2	18244179076360	none	11778	9eeb945c	512	224	0	11778
11804	3	18244196413620	none	11779	9cc3a2d6	512	224	0	11779
11805	4	18244213634410	none	11780	315569bb	512	224	0	11780
11806	5	18244230892250	none	11781	9ef9879b	512	224	0	11781
11807	6	18244244058300	none	11782	5638e464	512	224	0	11782
11808	7	18244261234100	none	11783	2f3c9ba8	512	224	0	11783
11809	0	18244278442820	none	11784	9199381a	512	224	0	11784
11810	1	18244295668910	none	11785	5945ca35	512	224	0	11785
11811	2	18244312886330	none	11786	627c5a55	512	224	0	11786
11812	3	18244330100680	none	11787	e7d3cba2	512	224	0	11787
11813	4	18244347317850	none	11788	4c22d7aa	512	224	0	11788
11814	5	18244360525600	none	11789	37b01e9f	512	224	0	11789
11815	6	18244377808740	none	11790	1c433e44	512	224	0	11790
11816	7	18244395213310	none	11791	5b4a702f	512	224	0	11791
11817	0	18244412407400	none	11792	240b88b3	512	224	0	11792
11818	1	18244429621810	none	11793	de861b1f	512	224	0	11793
11819	2	18244446998320	none	11794	44f1e8ad	512	224	0	11794
11820	3	18244460163470	none	11795	20e702a7	512	224	0	11795
11821	4	18244477372770	none	11796	7a010220	512	224	0	11796
11822	5	18244494610960	none	11797	1a3d3cef	512	224	0	11797
11823	6	18244511859570	none	11798	8ef586b7	512	224	0	11798
11824	7	18244529076620	none	11799	fdc2d7ca	512	224	0	11799
11825	0	18244546266230	none	11800	a8b48b33	512	224	0	11800
11826	1	18244563474410	none	11801	f93a074c	512	224	0	11801
11827	2	18244576651510	none	11802	14781e6d	512	224	0	11802
11828	3	18244593885240	none	11803	91dcb8d5	512	224	0	11803
11829	4	18244611122280	none	11804	3f9413d8	512	224	0	11804
11830	5	18244628302810	none	11805	c1cd5d96	512	224	0	11805
11831	6	18244645696030	none	11806	ce3348cb	512	224	0	11806
11832	7	18244663022450	none	11807	7f1e4784	512	224	0	11807
11833	0	18244680247340	none	11808	76666eef	512	224	0	11808
11834	1	18244693447900	none	11809	73eadcea	512	224	0	11809
11835	2	18244710682390	none	11810	97d10274	512	224	0	11810
11836	3	18244727909940	none	11811	6e89e8a8	512	224	0	11811
11837	4	18244745241200	none	11812	ff80937b	512	224	0	11812
11838	5	18244762459380	none	11813	ed81cb82	512	224	0	11813
11839	6	18244779790760	none	11814	c60b4827	512	224	0	11814
11840	7	18244792994880	none	11815	bbcf4f42	512	224	0	11815
11841	0	18244810168000	none	11816	620460d4	512	224	0	11816
11842	1	18244827349460	none	11817	03857d17	512	224	0	11817
11843	2	18244844590680	none	11818	70d192ba	512	224	0	11818
11844	3	18244861800500	none	11819	4b6493b5	512	224	0	11819
11845	4	18244879062380	none	11820	c0c45c26	512	224	0	11820
11846	5	18244896260150	none	11821	2cf80adb	512	224	0	11821
11847	6	18244909453300	none	11822	f84dc932	512	224	0	11822
11848	7	18244926725540	none	11823	a12b4e4a	512	224	0	11823
11849	0	18244944150010	none	11824	637e633d	512	224	0	11824
11850	1	18244962094870	none	11825	8a0398ac	512	224	0	11825
11851	2	18244979679980	none	11826	8f5a3f20	512	224	0	11826
11852	3	18244992889210	none	11827	c5628a53	512	224	0	11827
11853	4	18245010094730	none	11828	f2c4b589	512	224	0	11828
11854	5	18245027276720	none	11829	015d670a	512	224	0	11829
11855	6	18245044612730	none	11830	c51d6023	512	224	0	11830
11856	7	18245061954980	none	11831	de26cd72	512	224	0	11831
11857	0	18245079160530	none	11832	597675df	512	224	0	11832
11858	1	18245096348250	none	11833	5afffbe5	512	224	0	11833
11859	2	18245109554060	none	11834	d585a419	512	224	0	11834
11860	3	18245126767420	none	11835	66cdea00	512	224	0	11835
11861	4	18245143987920	none	11836	4cb1fc56	512	224	0	11836
11862	5	18245161193820	none	11837	82aa7fc0	512	224	0	11837
11863	6	18245178414710	none	11838	5b0a0785	512	224	0	11838
11864	7	18245195670090	none	11839	6c92bf00	512	224	0	11839
11865	0	18245208868600	none	11840	c753b796	512	224	0	11840
11866	1	18245226075740	none	11841	dbf06e3c	512	224	0	11841
11867	2	18245243271650	none	11842	e8a3aea7	512	224	0	11842
11868	3	18245260491010	none	11843	15a4af45	512	224	0	11843
11869	4	18245277704540	none	11844	1a9a4c10	512	224	0	11844
11870	5	18245295011180	none	11845	0db6958d	512	224	0	11845
11871	6	18245312204930	none	11846	c9127f24	512	224	0	11846
11872	7	18245325366710	none	11847	37be12ea	512	224	0	11847
11873	0	18245342678460	none	11848	ce634000	512	224	0	11848
11874	1	18245360065250	none	11849	f76fb8e9	512	224	0	11849
11875	2	18245377254540	none	11850	58d80362	512	224	0	11850
11876	3	18245394472420	none	11851	eb1e057d	512	224	0	11851
11877	4	18245411676300	none	11852	e749ff7c	512	224	0	11852
11878	5	18245429078010	none	11853	c94ea735	512	224	0	11853
11879	6	18245442238310	none	11854	59ce5efd	512	224	0	11854
11880	7	18245459472160	none	11855	c5c059d8	512	224	0	11855
11881	0	18245476709070	none	11856	c85d3af6	512	224	0	11856
11882	1	18245494036650	none	11857	a8433fd7	512	224	0	11857
11883	2	18245511235480	none	11858	d9275455	512	224	0	11858
11884	3	18245528444540	none	11859	d54e4821	512	224	0	11859
11885	4	18245541680430	none	11860	e9e2ea98	512	224	0	11860
11886	5	18245559065050	none	11861	fc9452e9	512	224	0	11861
11887	6	18245576243900	none	11862	2520952f	512	224	0	11862
11888	7	18245593590050	none	11863	ffac9188	512	224	0	11863
11889	0	18245610944470	none	11864	718bec66	512	224	0	11864
11890	1	18245628159630	none	11865	4c55f446	512	224	0	11865
11891	2	18245645380090	none	11866	40e1f99b	512	224	0	11866
11892	3	18245658571350	none	11867	bacfc2d7	512	224	0	11867
11893	4	18245675777080	none	11868	16a51e9d	512	224	0	11868
11894	5	18245693174100	none	11869	4f560675	512	224	0	11869
11895	6	18245710434400	none	11870	4d378bea	512	224	0	11870
11896	7	18245727698690	none	11871	2b0adf7f	512	224	0	11871
11897	0	18245745055310	none	11872	c584e2b0	512	224	0	11872
11898	1	18245758220490	none	11873	fc118cac	512	224	0	11873
11899	2	18245775440690	none	11874	1a649be7	512	224	0	11874
11900	3	18245792663380	none	11875	671f4f91	512	224	0	11875
11901	4	18245809882030	none	11876	e5048382	512	224	0	11876
11902	5	18245827101280	none	11877	afc7649d	512	224	0	11877
11903	6	18245844309250	none	11878	35da7b18	512	224	0	11878
11904	7	18245861539790	none	11879	f97e4a3b	512	224	0	11879
11905	0	18245874726460	none	11880	09ad721c	512	224	0	11880
11906	1	18245892132730	none	11881	15613847	512	224	0	11881
11907	2	18245909337860	none	11882	7a901e2a	512	224	0	11882
11908	3	18245926567660	none	11883	ab71f1ca	512	224	0	11883
11909	4	18245943818790	none	11884	4f9ac254	512	224	0	11884
11910	5	18245961019660	none	11885	cda3d5c2	512	224	0	11885
11911	6	18245974283360	none	11886	978d9bb4	512	224	0	11886
11912	7	18245991587700	none	11887	9e8bf8a2	512	224	0	11887
11913	0	18246008845730	none	11888	08c2f432	512	224	0	11888
11914	1	18246026052670	none	11889	cc3d4745	512	224	0	11889
11915	2	18246043260810	none	11890	1a433379	512	224	0	11890
11916	3	18246060487010	none	11891	02bdfd2f	512	224	0	11891
11917	4	18246077710520	none	11892	a4b4e9b7	512	224	0	11892
11918	5	18246090924140	none	11893	d5685323	512	224	0	11893
11919	6	18246108217070	none	11894	cec246e1	512	224	0	11894
11920	7	18246125440770	none	11895	1e4d086c	512	224	0	11895
11921	0	18246142757980	none	11896	306c9468	512	224	0	11896
11922	1	18246160015820	none	11897	d06a0010	512	224	0	11897
11923	2	18246177212750	none	11898	145d4b92	512	224	0	11898
11924	3	18246194432390	none	11899	5ba30e9f	512	224	0	11899
11925	4	18246207636290	none	11900	179e349d	512	224	0	11900
11926	5	18246224952110	none	11901	54ab2ef6	512	224	0	11901
11927	6	18246242423350	none	11902	a88db478	512	224	0	11902
11928	7	18246259677350	none	11903	039a46ff	512	224	0	11903
11929	0	18246276921340	none	11904	7e00afe4	512	224	0	11904
11930	1	18246294134750	none	11905	8ebbea18	512	224	0	11905
11931	2	18246307262630	none	11906	df745034	512	224	0	11906
11932	3	18246324485740	none	11907	cbb309b4	512	224	0	11907
11933	4	18246341724420	none	11908	70a59254	512	224	0	11908
11934	5	18246358965940	none	11909	b59b134f	512	224	0	11909
11935	6	18246376161800	none	11910	2f680078	512	224	0	11910
11936	7	18246393374820	none	11911	b6eec20b	512	224	0	11911
11937	0	18246410647270	none	11912	2cbff837	512	224	0	11912
11938	1	18246423838930	none	11913	a5d06db1	512	224	0	11913
11939	2	18246441246530	none	11914	326b95d9	512	224	0	11914
11940	3	18246458547530	none	11915	53aca228	512	224	0	11915
11941	4	18246475814890	none	11916	8c1532e8	512	224	0	11916
11942	5	18246493031560	none	11917	3665565c	512	224	0	11917
11943	6	18246510293720	none	11918	a633f6d3	512	224	0	11918
11944	7	18246523480660	none	11919	db61ded6	512	224	0	11919
11945	0	18246540698030	none	11920	e69906a9	512	224	0	11920
11946	1	18246557977680	none	11921	3d2a5f14	512	224	0	11921
11947	2	18246575203890	none	11922	e79a374e	512	224	0	11922
11948	3	18246592467040	none	11923	bca6027c	512	224	0	11923
11949	4	18246609695580	none	11924	915db743	512	224	0	11924
11950	5	18246627077620	none	11925	941f38fd	512	224	0	11925
11951	6	18246640229510	none	11926	1b3aeb9e	512	224	0	11926
11952	7	18246657436520	none	11927	9d80e20d	512	224	0	11927
11953	0	18246674717470	none	11928	111a00c9	512	224	0	11928
11954	1	18246692091190	none	11929	6b16866b	512	224	0	11929
11955	2	18246709289530	none	11930	2e20aba2	512	224	0	11930
11956	3	18246726530080	none	11931	ca18860d	512	224	0	11931
11957	4	18246739735080	none	11932	c7ebacde	512	224	0	11932
11958	5	18246757067470	none	11933	7699f2ff	512	224	0	11933
11959	6	18246774277140	none	11934	fdf11847	512	224	0	11934
11960	7	18246791735160	none	11935	71bd6559	512	224	0	11935
11961	0	18246808982240	none	11936	31479ada	512	224	0	11936
11962	1	18246826177800	none	11937	bbb75808	512	224	0	11937
11963	2	18246843382760	none	11938	d424ba7c	512	224	0	11938
11964	3	18246856562150	none	11939	dd3a976d	512	224	0	11939
11965	4	18246873892280	none	11940	4afd8dca	512	224	0	11940
11966	5	18246891100860	none	11941	092653e9	512	224	0	11941
11967	6	18246908384040	none	11942	446c81fa	512	224	0	11942
11968	7	18246925637280	none	11943	a0b9c6a5	512	224	0	11943
11969	0	18246942863890	none	11944	27446548	512	224	0	11944
11970	1	18246956184010	none	11945	80080cda	512	224	0	11945
11971	2	18246973386270	none	11946	c433cedc	512	224	0	11946
11972	3	18246990701300	none	11947	89a03734	512	224	0	11947
11973	4	18247007997000	none	11948	12d6dab2	512	224	0	11948
11974	5	18247025217820	none	11949	140b6014	512	224	0	11949
11975	6	18247042459690	none	11950	0390fdfd	512	224	0	11950
11976	7	18247059707530	none	11951	0c372d78	512	224	0	11951
11977	0	18247072928440	none	11952	56d35872	512	224	0	11952
11978	1	18247090251430	none	11953	4ea56786	512	224	0	11953
11979	2	18247107479230	none	11954	0590efe0	512	224	0	11954
11980	3	18247124767640	none	11955	017f90d7	512	224	0	11955
11981	4	18247142021250	none	11956	afaab522	512	224	0	11956
11982	5	18247159223400	none	11957	3c121fb8	512	224	0	11957
11983	6	18247172398000	none	11958	41b875c0	512	224	0	11958
11984	7	18247189620600	none	11959	233e5af2	512	224	0	11959
11985	0	18247206835160	none	11960	b31780a0	512	224	0	11960
11986	1	18247224065770	none	11961	0d249bba	512	224	0	11961
11987	2	18247241334210	none	11962	ff8323d5	512	224	0	11962
11988	3	18247258594000	none	11963	6d42b997	512	224	0	11963
11989	4	18247275825600	none	11964	8eb04b56	512	224	0	11964
11990	5	18247288980480	none	11965	24f841a3	512	224	0	11965
11991	6	18247306180750	none	11966	ffd25d87	512	224	0	11966
11992	7	18247323387510	none	11967	a59b40bc	512	224	0	11967
11993	0	18247340705920	none	11968	2eae1081	512	224	0	11968
11994	1	18247358007260	none	11969	ecc164a6	512	224	0	11969
11995	2	18247375260320	none	11970	479934f9	512	224	0	11970
11996	3	18247392524210	none	11971	946af196	512	224	0	11971
11997	4	18247405815070	none	11972	946af196	512	224	0	11972
11998	5	18247423012670	none	11973	e44e0547	512	224	0	11973
11999	6	18247440224490	none	11974	8bc5a79a	512	224	0	11974
12000	7	18247457435350	none	11975	8bc5a79a	512	224	0	11975
12001	0	18247474733040	none	11976	09b67efd	512	224	0	11976
12002	1	18247492021250	none	11977	48ea3d35	512	224	0	11977
12003	2	18247505419490	none	11978	8a476bfb	512	224	0	11978
12004	3	18247522624290	none	11979	3a0cb5af	512	224	0	11979
12005	4	18247539959450	none	11980	260eaa23	512	224	0	11980
12006	5	18247557150570	none	11981	b7aaab65	512	224	0	11981
12007	6	18247574385340	none	11982	631a6255	512	224	0	11982
12008	7	18247591711680	none	11983	a98f9507	512	224	0	11983
12009	0	18247604944500	none	11984	749165c7	512	224	0	11984
12010	1	18247622143830	none	11985	708d9f4e	512	224	0	11985
12011	2	18247639516090	none	11986	011dcc41	512	224	0	11986
12012	3	18247656718850	none	11987	3d0cdef1	512	224	0	11987
12013	4	18247673951260	none	11988	b1d4b10f	512	224	0	11988
12014	5	18247691153100	none	11989	b5e33d38	512	224	0	11989
12015	6	18247708447760	none	11990	3d6b5571	512	224	0	11990
12016	7	18247721648070	none	11991	a4d149ba	512	224	0	11991
12017	0	18247738861860	none	11992	40765a85	512	224	0	11992
12018	1	18247756069390	none	11993	fd73ff7a	512	224	0	11993
12019	2	18247773283280	none	11994	63034c79	512	224	0	11994
12020	3	18247790530230	none	11995	b64e1dee	512	224	0	11995
12021	4	18247807738760	none	11996	8fc670ad	512	224	0	11996
12022	5	18247825103230	none	11997	286e872e	512	224	0	11997
12023	6	18247838301360	none	11998	946d56ac	512	224	0	11998
12024	7	18247855573030	none	11999	714c373e	512	224	0	11999
12025	0	18247872866910	none	12000	73dc9551	512	224	0	12000
12026	1	18247890238280	none	12001	3e6fcb8e	512	224	0	12001
12027	2	18247907546590	none	12002	e611be73	512	224	0	12002
12028	3	18247924880620	none	12003	a388a6b7	512	224	0	12003
12029	4	18247938076050	none	12004	76f2fad6	512	224	0	12004
12030	5	18247955311030	none	12005	e8f1f150	512	224	0	12005
12031	6	18247972552160	none	12006	bd1c5696	512	224	0	12006
12032	7	18247989827620	none	12007	e874e958	512	224	0	12007
12033	0	18248007046570	none	12008	5a21b193	512	224	0	12008
12034	1	18248024225610	none	12009	2252da47	512	224	0	12009
12035	2	18248041493670	none	12010	77cfe577	512	224	0	12010
12036	3	18248054846410	none	12011	33c1d274	512	224	0	12011
12037	4	18248072090900	none	12012	b5037436	512	224	0	12012
12038	5	18248089323980	none	12013	0373ddf2	512	224	0	12013
12039	6	18248106669060	none	12014	48fbd24b	512	224	0	12014
12040	7	18248124039880	none	12015	769361a0	512	224	0	12015
12041	0	18248141290850	none	12016	161bf37a	512	224	0	12016
12042	1	18248154673850	none	12017	240d2d97	512	224	0	12017
12043	2	18248171910560	none	12018	1a31be95	512	224	0	12018
12044	3	18248189103750	none	12019	9bc0832e	512	224	0	12019
12045	4	18248206279840	none	12020	1aed2767	512	224	0	12020
12046	5	18248223543350	none	12021	463d9d40	512	224	0	12021
12047	6	18248240765070	none	12022	0201713d	512	224	0	12022
12048	7	18248254137600	none	12023	e304cc1f	512	224	0	12023
12049	0	18248271323500	none	12024	61786de6	512	224	0	12024
12050	1	18248288714490	none	12025	393831f0	512	224	0	12025
12051	2	18248305986920	none	12026	b079e9b1	512	224	0	12026
12052	3	18248323286030	none	12027	8f67e43d	512	224	0	12027
12053	4	18248340544410	none	12028	5a37ed29	512	224	0	12028
12054	5	18248353870600	none	12029	5a37ed29	512	224	0	12029
12055	6	18248371090910	none	12030	32bb55f6	512	224	0	12030
12056	7	18248388362530	none	12031	32bb55f6	512	224	0	12031
12057	0	18248405664140	none	12032	d16f0a7f	512	224	0	12032
12058	1	18248423056590	none	12033	d16f0a7f	512	224	0	12033
12059	2	18248440247870	none	12034	d16f0a7f	512	224	0	12034
12060	3	18248453534070	none	12035	d16f0a7f	512	224	0	12035
12061	4	18248470736170	none	12036	d16f0a7f	512	224	0	12036
12062	5	18248487995380	none	12037	d16f0a7f	512	224	0	12037
12063	6	18248505256630	none	12038	f6d37c47	512	224	0	12038
12064	7	18248522485500	none	12039	b55c28f1	512	224	0	12039
12065	0	18248539707980	none	12040	b359d1b6	512	224	0	12040
12066	1	18248556940800	none	12041	0173537e	512	224	0	12041
12067	2	18248570081800	none	12042	6654367a	512	224	0	12042
12068	3	18248587436080	none	12043	1b0df30d	512	224	0	12043
12069	4	18248604670680	none	12044	53f64364	512	224	0	12044
12070	5	18248621932740	none	12045	ca679b80	512	224	0	12045
12071	6	18248639126930	none	12046	1cde2dc1	512	224	0	12046
12072	7	18248656332710	none	12047	cd196741	512	224	0	12047
12073	0	18248673551210	none	12048	508e1103	512	224	0	12048
12074	1	18248686737140	none	12049	abef1fa9	512	224	0	12049
12075	2	18248703951170	none	12050	f6b332d9	512	224	0	12050
12076	3	18248721126730	none	12051	c49c7fb4	512	224	0	12051
12077	4	18248738327960	none	12052	a3c68256	512	224	0	12052
12078	5	18248755553740	none	12053	ea5dfdcd	512	224	0	12053
12079	6	18248772788650	none	12054	2e7978ea	512	224	0	12054
12080	7	18248789971360	none	12055	aae37e0d	512	224	0	12055
12081	0	18248803271830	none	12056	0156bad0	512	224	0	12056
12082	1	18248820528680	none	12057	4d8c8c53	512	224	0	12057
12083	2	18248837816490	none	12058	9159dcea	512	224	0	12058
12084	3	18248855000340	none	12059	50a9ad3c	512	224	0	12059
12085	4	18248872206480	none	12060	e1f9e1f7	512	224	0	12060
12086	5	18248889429580	none	12061	5c26495e	512	224	0	12061
12087	6	18248902729510	none	12062	80dbb38f	512	224	0	12062
12088	7	18248919943600	none	12063	b585982f	512	224	0	12063
12089	0	18248937207130	none	12064	80d2ca18	512	224	0	12064
12090	1	18248954415960	none	12065	80db2a0a	512	224	0	12065
12091	2	18248971645970	none	12066	aa0519e0	512	224	0	12066
12092	3	18248988880640	none	12067	05df6e58	512	224	0	12067
12093	4	18249006243950	none	12068	bf33840e	512	224	0	12068
12094	5	18249019418540	none	12069	c578d53c	512	224	0	12069
12095	6	18249036765050	none	12070	5c76e803	512	224	0	12070
12096	7	18249053964400	none	12071	73a1fefc	512	224	0	12071
12097	0	18249071145660	none	12072	4642a38d	512	224	0	12072
12098	1	18249088344990	none	12073	d19fe4a2	512	224	0	12073
12099	2	18249105568630	none	12074	7c6fe68a	512	224	0	12074
12100	3	18249122795160	none	12075	f99edb72	512	224	0	12075
12101	4	18249135976030	none	12076	412b9586	512	224	0	12076
12102	5	18249153161020	none	12077	9ffda2a5	512	224	0	12077
12103	6	18249170485310	none	12078	2c42de9c	512	224	0	12078
12104	7	18249187688890	none	12079	1d823006	512	224	0	12079
12105	0	18249204912490	none	12080	92f7bf8f	512	224	0	12080
12106	1	18249222091830	none	12081	00552f2f	512	224	0	12081
12107	2	18249239375770	none	12082	fc4ecaa1	512	224	0	12082
12108	3	18249252705810	none	12083	c96394c6	512	224	0	12083
12109	4	18249269941470	none	12084	70b5ba2a	512	224	0	12084
12110	5	18249287164500	none	12085	b34869cc	512	224	0	12085
12111	6	18249304357150	none	12086	897e9e2c	512	224	0	12086
12112	7	18249321582470	none	12087	d93f41c4	512	224	0	12087
12113	0	18249338797380	none	12088	c2666421	512	224	0	12088
12114	1	18249352093800	none	12089	6d88133a	512	224	0	12089
12115	2	18249369276670	none	12090	e0ace3bf	512	224	0	12090
12116	3	18249386503510	none	12091	deb2ba9b	512	224	0	12091
12117	4	18249403753700	none	12092	76616474	512	224	0	12092
12118	5	18249421074980	none	12093	a4bedfac	512	224	0	12093
12119	6	18249438272120	none	12094	f22989de	512	224	0	12094
12120	7	18249455575920	none	12095	0d79cbd7	512	224	0	12095
12121	0	18249468889320	none	12096	8ff7820c	512	224	0	12096
12122	1	18249486086620	none	12097	2ab58af6	512	224	0	12097
12123	2	18249503265190	none	12098	ffec248c	512	224	0	12098
12124	3	18249520557730	none	12099	4b8fecf3	512	224	0	12099
12125	4	18249537778380	none	12100	53783c31	512	224	0	12100
12126	5	18249555115930	none	12101	ee573fbe	512	224	0	12101
12127	6	18249572294580	none	12102	4c6621ab	512	224	0	12102
12128	7	18249585482260	none	12103	d7aebb37	512	224	0	12103
12129	0	18249602671120	none	12104	8aebe88e	512	224	0	12104
12130	1	18249619894060	none	12105	91947803	512	224	0	12105
12131	2	18249637174770	none	12106	75ee83c4	512	224	0	12106
12132	3	18249654353540	none	12107	a444aaad	512	224	0	12107
12133	4	18249671585590	none	12108	faf4ec40	512	224	0	12108
12134	5	18249684803350	none	12109	81f4464d	512	224	0	12109
12135	6	18249702026460	none	12110	1ead090e	512	224	0	12110
12136	7	18249719218020	none	12111	74552ab9	512	224	0	12111
12137	0	18249736442840	none	12112	f240600e	512	224	0	12112
12138	1	18249753667490	none	12113	088cee96	512	224	0	12113
12139	2	18249771017830	none	12114	27113596	512	224	0	12114
12140	3	18249788218200	none	12115	b93121b1	512	224	0	12115
12141	4	18249801513190	none	12116	5c6b1c2b	512	224	0	12116
12142	5	18249818715400	none	12117	a989f4a5	512	224	0	12117
12143	6	18249836002820	none	12118	4d928e1e	512	224	0	12118
12144	7	18249853183550	none	12119	be44b3b8	512	224	0	12119
12145	0	18249870397910	none	12120	014e81de	512	224	0	12120
12146	1	18249887618660	none	12121	3f3284e0	512	224	0	12121
12147	2	18249904898980	none	12122	c9f89799	512	224	0	12122
12148	3	18249918062490	none	12123	9f71f915	512	224	0	12123
12149	4	18249935315500	none	12124	21ee3142	512	224	0	12124
12150	5	18249952627350	none	12125	8ca8fcef	512	224	0	12125
12151	6	18249970078600	none	12126	0d1e4332	512	224	0	12126
12152	7	18249987947540	none	12127	889b4fca	512	224	0	12127
12153	0	18250001207640	none	12128	a4771259	512	224	0	12128
12154	1	18250018450930	none	12129	9d17ce0a	512	224	0	12129
12155	2	18250035681980	none	12130	9dca4c76	512	224	0	12130
12156	3	18250052966270	none	12131	5d1562da	512	224	0	12131
12157	4	18250070188150	none	12132	847d1f24	512	224	0	12132
12158	5	18250087419170	none	12133	20b57a99	512	224	0	12133
12159	6	18250104742590	none	12134	eac4ff2d	512	224	0	12134
12160	7	18250117918660	none	12135	fa912b1e	512	224	0	12135
12161	0	18250135119370	none	12136	08bc18ca	512	224	0	12136
12162	1	18250152312480	none	12137	cad755e0	512	224	0	12137
12163	2	18250169529600	none	12138	9fc5599c	512	224	0	12138
12164	3	18250186757080	none	12139	1e4b7af3	512	224	0	12139
12165	4	18250204105290	none	12140	0c17a288	512	224	0	12140
12166	5	18250217267030	none	12141	2d46f4a6	512	224	0	12141
12167	6	18250234642040	none	12142	5a9efe03	512	224	0	12142
12168	7	18250251939810	none	12143	eeae18c9	512	224	0	12143
12169	0	18250269124130	none	12144	a213d34b	512	224	0	12144
12170	1	18250286341060	none	12145	f0435532	512	224	0	12145
12171	2	18250303574620	none	12146	7f97829a	512	224	0	12146
12172	3	18250320781850	none	12147	a16409d1	512	224	0	12147
12173	4	18250333934530	none	12148	41fdc51d	512	224	0	12148
12174	5	18250351134990	none	12149	26410a0f	512	224	0	12149
12175	6	18250368332650	none	12150	c2b14f03	512	224	0	12150
12176	7	18250385560770	none	12151	4617f646	512	224	0	12151
12177	0	18250402774950	none	12152	53dfbe4a	512	224	0	12152
12178	1	18250420010300	none	12153	8d288d4b	512	224	0	12153
12179	2	18250437217550	none	12154	13d22a67	512	224	0	12154
12180	3	18250450399180	none	12155	db9eec2a	512	224	0	12155
12181	4	18250467642090	none	12156	07e9c293	512	224	0	12156
12182	5	18250485003700	none	12157	c0540f63	512	224	0	12157
12183	6	18250502209870	none	12158	0633f5b9	512	224	0	12158
12184	7	18250519419930	none	12159	2799c98f	512	224	0	12159
12185	0	18250536624050	none	12160	ca7a525d	512	224	0	12160
12186	1	18250553913340	none	12161	865099b6	512	224	0	12161
12187	2	18250567063120	none	12162	f5fbb074	512	224	0	12162
12188	3	18250584235960	none	12163	a97f47f4	512	224	0	12163
12189	4	18250601458060	none	12164	ec4efc1c	512	224	0	12164
12190	5	18250618694050	none	12165	0e7801b0	512	224	0	12165
12191	6	18250635919760	none	12166	ec2fa46f	512	224	0	12166
12192	7	18250653262980	none	12167	c3c43221	512	224	0	12167
12193	0	18250670534120	none	12168	e48197cb	512	224	0	12168
12194	1	18250683695200	none	12169	3769cd77	512	224	0	12169
12195	2	18250700946090	none	12170	18f80de7	512	224	0	12170
12196	3	18250718120520	none	12171	1a785c3e	512	224	0	12171
12197	4	18250735350620	none	12172	4274bfa8	512	224	0	12172
12198	5	18250752575130	none	12173	e84c8a96	512	224	0	12173
12199	6	18250769798090	none	12174	379b83be	512	224	0	12174
12200	7	18250786994470	none	12175	78d1f97f	512	224	0	12175
12201	0	18250800141140	none	12176	cbe3e514	512	224	0	12176
12202	1	18250817319940	none	12177	5308788f	512	224	0	12177
12203	2	18250834532640	none	12178	a7b28753	512	224	0	12178
12204	3	18250851754940	none	12179	5bdaac63	512	224	0	12179
12205	4	18250868950550	none	12180	c97cfc34	512	224	0	12180
12206	5	18250886147180	none	12181	c9698165	512	224	0	12181
12207	6	18250903361220	none	12182	4ae722b7	512	224	0	12182
12208	7	18250916548560	none	12183	af304927	512	224	0	12183
12209	0	18250933764150	none	12184	aa28a8fd	512	224	0	12184
12210	1	18250950964500	none	12185	6818eecc	512	224	0	12185
12211	2	18250968146150	none	12186	680a7187	512	224	0	12186
12212	3	18250985340750	none	12187	fde7abf4	512	224	0	12187
12213	4	18251002672770	none	12188	a2564974	512	224	0	12188
12214	5	18251016025910	none	12189	cf55124c	512	224	0	12189
12215	6	18251033224820	none	12190	c6547719	512	224	0	12190
12216	7	18251050458840	none	12191	0d8da966	512	224	0	12191
12217	0	18251067675440	none	12192	1ca0f05b	512	224	0	12192
12218	1	18251084907050	none	12193	6a37196f	512	224	0	12193
12219	2	18251102221870	none	12194	b589e9eb	512	224	0	12194
12220	3	18251119466570	none	12195	558790b2	512	224	0	12195
12221	4	18251132645810	none	12196	167706c7	512	224	0	12196
12222	5	18251149946280	none	12197	6ba6fdf4	512	224	0	12197
12223	6	18251167139490	none	12198	5be9c312	512	224	0	12198
12224	7	18251184357860	none	12199	4b1e0be4	512	224	0	12199
12225	0	18251201588210	none	12200	2dceb234	512	224	0	12200
12226	1	18251218801960	none	12201	195eba15	512	224	0	12201
12227	2	18251235990670	none	12202	0dcadfda	512	224	0	12202
12228	3	18251249169820	none	12203	f0e4f88d	512	224	0	12203
12229	4	18251266430990	none	12204	f178ad1a	512	224	0	12204
12230	5	18251283651920	none	12205	0e1718ff	512	224	0	12205
12231	6	18251300877980	none	12206	799f77e9	512	224	0	12206
12232	7	18251318111910	none	12207	12471451	512	224	0	12207
12233	0	18251335335210	none	12208	f2c8aa69	512	224	0	12208
12234	1	18251352566660	none	12209	69100805	512	224	0	12209
12235	2	18251365755370	none	12210	f8944b40	512	224	0	12210
12236	3	18251382997470	none	12211	906b6443	512	224	0	12211
12237	4	18251400194500	none	12212	9c0f9c69	512	224	0	12212
12238	5	18251417417520	none	12213	5b18febe	512	224	0	12213
12239	6	18251434660930	none	12214	85ff8bdb	512	224	0	12214
12240	7	18251451943570	none	12215	7fa818f2	512	224	0	12215
12241	0	18251469132330	none	12216	14bfc750	512	224	0	12216
12242	1	18251482303010	none	12217	b6c457ca	512	224	0	12217
12243	2	18251499531860	none	12218	b48b5103	512	224	0	12218
12244	3	18251516753360	none	12219	0def1dfb	512	224	0	12219
12245	4	18251534068900	none	12220	8ecea9b6	512	224	0	12220
12246	5	18251551463840	none	12221	6d13c598	512	224	0	12221
12247	6	18251568712880	none	12222	10b5c33a	512	224	0	12222
12248	7	18251581876170	none	12223	be46e9ba	512	224	0	12223
12249	0	18251599071820	none	12224	174b1fe1	512	224	0	12224
12250	1	18251616249900	none	12225	e0ecbbca	512	224	0	12225
12251	2	18251633476430	none	12226	ccf88a69	512	224	0	12226
12252	3	18251650709290	none	12227	460161d4	512	224	0	12227
12253	4	18251667905120	none	12228	17dcfc6c	512	224	0	12228
12254	5	18251685092920	none	12229	e283ae96	512	224	0	12229
12255	6	18251698267150	none	12230	0cf52b6a	512	224	0	12230
12256	7	18251715503620	none	12231	e19d1f7a	512	224	0	12231
12257	0	18251732740000	none	12232	f550bf2d	512	224	0	12232
12258	1	18251749939590	none	12233	0d45fc5a	512	224	0	12233
12259	2	18251767129640	none	12234	1173e705	512	224	0	12234
12260	3	18251784329340	none	12235	6134e6b9	512	224	0	12235
12261	4	18251801584350	none	12236	0d8ca5a7	512	224	0	12236
12262	5	18251814794320	none	12237	f4528361	512	224	0	12237
12263	6	18251832006480	none	12238	41b84ed3	512	224	0	12238
12264	7	18251849192140	none	12239	a15019f2	512	224	0	12239
12265	0	18251866436890	none	12240	2563d891	512	224	0	12240
12266	1	18251883630220	none	12241	2c1bd9bc	512	224	0	12241
12267	2	18251900929220	none	12242	ee4a4928	512	224	0	12242
12268	3	18251918120760	none	12243	f59086df	512	224	0	12243
12269	4	18251931312000	none	12244	d7403503	512	224	0	12244
12270	5	18251948535300	none	12245	dfa6580a	512	224	0	12245
12271	6	18251965769710	none	12246	a23849ee	512	224	0	12246
12272	7	18251982951500	none	12247	d0c5d048	512	224	0	12247
12273	0	18252000329790	none	12248	12aec3f3	512	224	0	12248
12274	1	18252017560360	none	12249	60d02bdb	512	224	0	12249
12275	2	18252034780940	none	12250	e173c329	512	224	0	12250
12276	3	18252047960300	none	12251	3acfa815	512	224	0	12251
12277	4	18252065258980	none	12252	9f68489d	512	224	0	12252
12278	5	18252082503420	none	12253	c3f502a5	512	224	0	12253
12279	6	18252099775720	none	12254	c22f176a	512	224	0	12254
12280	7	18252116983910	none	12255	a41645d1	512	224	0	12255
12281	0	18252134178820	none	12256	57cc05ae	512	224	0	12256
12282	1	18252151424580	none	12257	d8fcae5c	512	224	0	12257
12283	2	18252164612010	none	12258	aa69f175	512	224	0	12258
12284	3	18252181967460	none	12259	a35c3376	512	224	0	12259
12285	4	18252199170260	none	12260	ddad18d2	512	224	0	12260
12286	5	18252216426950	none	12261	43b2521d	512	224	0	12261
12287	6	18252233633240	none	12262	f52c371d	512	224	0	12262
12288	7	18252251025630	none	12263	a2ece2df	512	224	0	12263
12289	0	18252264176240	none	12264	d8dcf03b	512	224	0	12264
12290	1	18252281403340	none	12265	6c3c5e58	512	224	0	12265
12291	2	18252298603950	none	12266	2da1dbe7	512	224	0	12266
12292	3	18252315852300	none	12267	74b3782a	512	224	0	12267
12293	4	18252333209540	none	12268	8d9b3dc9	512	224	0	12268
12294	5	18252350485290	none	12269	dbf0d9c4	512	224	0	12269
12295	6	18252367718830	none	12270	4f380966	512	224	0	12270
12296	7	18252381010320	none	12271	20fa5974	512	224	0	12271
12297	0	18252398195800	none	12272	534835a6	512	224	0	12272
12298	1	18252415432470	none	12273	6c6f1dc9	512	224	0	12273
12299	2	18252432648920	none	12274	1bc6edbf	512	224	0	12274
12300	3	18252449948160	none	12275	e7429649	512	224	0	12275
12301	4	18252467136620	none	12276	6c2e7989	512	224	0	12276
12302	5	18252480319940	none	12277	bdc7019b	512	224	0	12277
12303	6	18252497547360	none	12278	8a763a21	512	224	0	12278
12304	7	18252514780580	none	12279	c3a76a0c	512	224	0	12279
12305	0	18252531957880	none	12280	732e4148	512	224	0	12280
12306	1	18252549307290	none	12281	bc3cab3b	512	224	0	12281
12307	2	18252566547400	none	12282	1b757c8f	512	224	0	12282
12308	3	18252583772800	none	12283	87ff4d00	512	224	0	12283
12309	4	18252597039960	none	12284	032473a7	512	224	0	12284
12310	5	18252614303700	none	12285	3da71cca	512	224	0	12285
12311	6	18252631536630	none	12286	af0c44cd	512	224	0	12286
12312	7	18252648756070	none	12287	bd9cc695	512	224	0	12287
12313	0	18252665961920	none	12288	51658599	512	224	0	12288
12314	1	18252683160510	none	12289	60138278	512	224	0	12289
12315	2	18252700462870	none	12290	44c9a010	512	224	0	12290
12316	3	18252713649360	none	12291	b02f888b	512	224	0	12291
12317	4	18252730849440	none	12292	155b30f6	512	224	0	12292
12318	5	18252748187740	none	12293	ee161107	512	224	0	12293
12319	6	18252765420450	none	12294	f2ae5dbb	512	224	0	12294
12320	7	18252782628900	none	12295	44420088	512	224	0	12295
12321	0	18252799982800	none	12296	1fcb8ef5	512	224	0	12296
12322	1	18252813164050	none	12297	d08300ff	512	224	0	12297
12323	2	18252830400520	none	12298	593dd30c	512	224	0	12298
12324	3	18252847619080	none	12299	13b97272	512	224	0	12299
12325	4	18252864928740	none	12300	845e0e19	512	224	0	12300
12326	5	18252882136830	none	12301	9f23d319	512	224	0	12301
12327	6	18252899365290	none	12302	81436eda	512	224	0	12302
12328	7	18252916574210	none	12303	3e66cef2	512	224	0	12303
12329	0	18252929768750	none	12304	e8cd7d84	512	224	0	12304
12330	1	18252946950830	none	12305	d28da0fb	512	224	0	12305
12331	2	18252964119000	none	12306	1500a0f1	512	224	0	12306
12332	3	18252981337310	none	12307	27a5a8d8	512	224	0	12307
12333	4	18252998649120	none	12308	60dc6fc0	512	224	0	12308
12334	5	18253015946580	none	12309	fb7e48f1	512	224	0	12309
12335	6	18253033158600	none	12310	cb6c1865	512	224	0	12310
12336	7	18253046418370	none	12311	29bea36a	512	224	0	12311
12337	0	18253064127860	none	12312	6748956e	512	224	0	12312
12338	1	18253081377620	none	12313	68516087	512	224	0	12313
12339	2	18253098721530	none	12314	968f2968	512	224	0	12314
12340	3	18253115957920	none	12315	c448d042	512	224	0	12315
12341	4	18253129144370	none	12316	7fcbb87c	512	224	0	12316
12342	5	18253146420520	none	12317	b16fe5db	512	224	0	12317
12343	6	18253163656160	none	12318	e348a801	512	224	0	12318
12344	7	18253180882580	none	12319	047e009d	512	224	0	12319
12345	0	18253198234730	none	12320	6b506015	512	224	0	12320
12346	1	18253215482500	none	12321	a9933945	512	224	0	12321
12347	2	18253232706820	none	12322	95dd17c4	512	224	0	12322
12348	3	18253245880580	none	12323	1d08c614	512	224	0	12323
12349	4	18253263074820	none	12324	88d296a1	512	224	0	12324
12350	5	18253280268290	none	12325	4447f610	512	224	0	12325
12351	6	18253297611260	none	12326	196eacfe	512	224	0	12326
12352	7	18253314943830	none	12327	a1c15217	512	224	0	12327
12353	0	18253332157190	none	12328	0de09e5a	512	224	0	12328
12354	1	18253349387760	none	12329	715fcbd3	512	224	0	12329
12355	2	18253362565730	none	12330	494f1565	512	224	0	12330
12356	3	18253379771700	none	12331	429659c8	512	224	0	12331
12357	4	18253397190850	none	12332	7b3eda06	512	224	0	12332
12358	5	18253414511150	none	12333	fffffbc4	512	224	0	12333
12359	6	18253431760480	none	12334	7d5fad0d	512	224	0	12334
12360	7	18253448995630	none	12335	c50a590f	512	224	0	12335
12361	0	18253462160280	none	12336	89976a9c	512	224	0	12336
12362	1	18253479384740	none	12337	970ed895	512	224	0	12337
12363	2	18253496610380	none	12338	a00f7de0	512	224	0	12338
12364	3	18253513833450	none	12339	ffb58e5a	512	224	0	12339
12365	4	18253531034480	none	12340	515734e7	512	224	0	12340
12366	5	18253548240270	none	12341	76c05d42	512	224	0	12341
12367	6	18253565465870	none	12342	2d3db0d4	512	224	0	12342
12368	7	18253578676720	none	12343	fce2f53a	512	224	0	12343
12369	0	18253595877970	none	12344	50e2b8ac	512	224	0	12344
12370	1	18253613078900	none	12345	c40486ff	512	224	0	12345
12371	2	18253630291790	none	12346	43a0efb1	512	224	0	12346
12372	3	18253647612490	none	12347	de17a380	512	224	0	12347
12373	4	18253664932490	none	12348	b09c0a3f	512	224	0	12348
12374	5	18253682161690	none	12349	545e22a2	512	224	0	12349
12375	6	18253695384220	none	12350	58b7dc32	512	224	0	12350
12376	7	18253712672570	none	12351	955b58ba	512	224	0	12351
12377	0	18253729892880	none	12352	4a879474	512	224	0	12352
12378	1	18253747081160	none	12353	00c43695	512	224	0	12353
12379	2	18253764286420	none	12354	016ee265	512	224	0	12354
12380	3	18253781494080	none	12355	3da5352a	512	224	0	12355
12381	4	18253794724740	none	12356	eed02028	512	224	0	12356
12382	5	18253812062500	none	12357	a51a97ba	512	224	0	12357
12383	6	18253829237630	none	12358	09a8d849	512	224	0	12358
12384	7	18253846575770	none	12359	a6c18aff	512	224	0	12359
12385	0	18253863924490	none	12360	b916d85d	512	224	0	12360
12386	1	18253881116520	none	12361	8919378b	512	224	0	12361
12387	2	18253898371320	none	12362	d2bfae52	512	224	0	12362
12388	3	18253911551660	none	12363	947d3afd	512	224	0	12363
12389	4	18253928792750	none	12364	9bc6eac9	512	224	0	12364
12390	5	18253946189250	none	12365	2eace3ca	512	224	0	12365
12391	6	18253963424370	none	12366	12f94155	512	224	0	12366
12392	7	18253980639790	none	12367	efdeb8cc	512	224	0	12367
12393	0	18253997978640	none	12368	2116d884	512	224	0	12368
12394	1	18254011129140	none	12369	805c44e7	512	224	0	12369
12395	2	18254028353540	none	12370	6a6792c5	512	224	0	12370
12396	3	18254045561340	none	12371	4c9d85d4	512	224	0	12371
12397	4	18254062793860	none	12372	41ebc85e	512	224	0	12372
12398	5	18254079990990	none	12373	1dd8dd6e	512	224	0	12373
12399	6	18254097197270	none	12374	407a1231	512	224	0	12374
12400	7	18254114427510	none	12375	327f4ae3	512	224	0	12375
12401	0	18254127602610	none	12376	ddcb4aa1	512	224	0	12376
12402	1	18254144816510	none	12377	f33b961a	512	224	0	12377
12403	2	18254162000250	none	12378	e9ef60e7	512	224	0	12378
12404	3	18254179212960	none	12379	1ee630f3	512	224	0	12379
12405	4	18254196485010	none	12380	26e272bd	512	224	0	12380
12406	5	18254213824850	none	12381	9e112e54	512	224	0	12381
12407	6	18254231099780	none	12382	03820c1e	512	224	0	12382
12408	7	18254244293840	none	12383	7aa01b42	512	224	0	12383
12409	0	18254261501210	none	12384	27b54841	512	224	0	12384
12410	1	18254278726140	none	12385	ff751c56	512	224	0	12385
12411	2	18254295988550	none	12386	9f6d1ec2	512	224	0	12386
12412	3	18254313177800	none	12387	295eca0a	512	224	0	12387
12413	4	18254330401920	none	12388	fecc76c7	512	224	0	12388
12414	5	18254347632680	none	12389	8098079b	512	224	0	12389
12415	6	18254360838120	none	12390	7f34267e	512	224	0	12390
12416	7	18254378021580	none	12391	b72d36eb	512	224	0	12391
12417	0	18254395378500	none	12392	e6219126	512	224	0	12392
12418	1	18254412593400	none	12393	6573c8ad	512	224	0	12393
12419	2	18254429878680	none	12394	cab34fe5	512	224	0	12394
12420	3	18254447068930	none	12395	d56dcdb9	512	224	0	12395
12421	4	18254460281480	none	12396	f580a96f	512	224	0	12396
12422	5	18254477588190	none	12397	9bbd7e2f	512	224	0	12397
12423	6	18254494860100	none	12398	0aa469d3	512	224	0	12398
12424	7	18254512052280	none	12399	cee02016	512	224	0	12399
12425	0	18254529275130	none	12400	0d3f0216	512	224	0	12400
12426	1	18254546502380	none	12401	4a0cd9e7	512	224	0	12401
12427	2	18254563736240	none	12402	d06b9471	512	224	0	12402
12428	3	18254577015380	none	12403	c083db57	512	224	0	12403
12429	4	18254594188830	none	12404	40a1753a	512	224	0	12404
12430	5	18254611431810	none	12405	65988e87	512	224	0	12405
12431	6	18254628664610	none	12406	9b0e8f88	512	224	0	12406
12432	7	18254645985660	none	12407	80ce9034	512	224	0	12407
12433	0	18254663185270	none	12408	10cbc581	512	224	0	12408
12434	1	18254680422350	none	12409	fd1d64b0	512	224	0	12409
12435	2	18254693600830	none	12410	2d91e1fa	512	224	0	12410
12436	3	18254710867350	none	12411	b30b4954	512	224	0	12411
12437	4	18254728101040	none	12412	0b8b7339	512	224	0	12412
12438	5	18254745347480	none	12413	f4db783b	512	224	0	12413
12439	6	18254762587790	none	12414	8b20d590	512	224	0	12414
12440	7	18254779804070	none	12415	90497771	512	224	0	12415
12441	0	18254796988230	none	12416	b5c90d73	512	224	0	12416
12442	1	18254810312940	none	12417	f198d9c9	512	224	0	12417
12443	2	18254827514600	none	12418	d7f0093d	512	224	0	12418
12444	3	18254844830470	none	12419	553f9f97	512	224	0	12419
12445	4	18254862040640	none	12420	84ca6ef5	512	224	0	12420
12446	5	18254879232080	none	12421	9d89c6ff	512	224	0	12421
12447	6	18254896465900	none	12422	6d0b2ce7	512	224	0	12422
12448	7	18254909654890	none	12423	8739f405	512	224	0	12423
12449	0	18254926843630	none	12424	c589be49	512	224	0	12424
12450	1	18254944180830	none	12425	3b54acfb	512	224	0	12425
12451	2	18254961432820	none	12426	dcb1e7de	512	224	0	12426
12452	3	18254978665720	none	12427	26b7e2a2	512	224	0	12427
12453	4	18254996044650	none	12428	0a2768be	512	224	0	12428
12454	5	18255013337250	none	12429	d1f5d64d	512	224	0	12429
12455	6	18255026858990	none	12430	e0384a5c	512	224	0	12430
12456	7	18255044265540	none	12431	ace22e60	512	224	0	12431
12457	0	18255061519480	none	12432	a5edcfd5	512	224	0	12432
12458	1	18255078741350	none	12433	870392ff	512	224	0	12433
12459	2	18255096005450	none	12434	980e772a	512	224	0	12434
12460	3	18255113197480	none	12435	2b2163c4	512	224	0	12435
12461	4	18255126403180	none	12436	3c9cdf1c	512	224	0	12436
12462	5	18255143729480	none	12437	66623726	512	224	0	12437
12463	6	18255160953450	none	12438	8d3702e1	512	224	0	12438
12464	7	18255178139840	none	12439	d13248cd	512	224	0	12439
12465	0	18255195383190	none	12440	7115f27c	512	224	0	12440
12466	1	18255212609160	none	12441	b2122883	512	224	0	12441
12467	2	18255225795750	none	12442	5793230f	512	224	0	12442
12468	3	18255243168450	none	12443	1b0eafd4	512	224	0	12443
12469	4	18255260446290	none	12444	8d2417ee	512	224	0	12444
12470	5	18255277670640	none	12445	509a5e1a	512	224	0	12445
12471	6	18255294989930	none	12446	68171ef9	512	224	0	12446
12472	7	18255312193220	none	12447	0d7d20b6	512	224	0	12447
12473	0	18255329401940	none	12448	86c705e1	512	224	0	12448
12474	1	18255342578190	none	12449	501f2bd0	512	224	0	12449
12475	2	18255359786430	none	12450	89c98aec	512	224	0	12450
12476	3	18255377011340	none	12451	3103ef46	512	224	0	12451
12477	4	18255394214820	none	12452	176d592c	512	224	0	12452
12478	5	18255411496030	none	12453	bf920fc9	512	224	0	12453
12479	6	18255428719600	none	12454	75a7470d	512	224	0	12454
12480	7	18255445915900	none	12455	5983b158	512	224	0	12455
12481	0	18255459231230	none	12456	f388109b	512	224	0	12456
12482	1	18255476449680	none	12457	5b25ea31	512	224	0	12457
12483	2	18255493777720	none	12458	09f3d37c	512	224	0	12458
12484	3	18255510984470	none	12459	33334dbf	512	224	0	12459
12485	4	18255528252840	none	12460	8e5699a3	512	224	0	12460
12486	5	18255545496350	none	12461	afd64085	512	224	0	12461
12487	6	18255558709000	none	12462	595152e2	512	224	0	12462
12488	7	18255575903810	none	12463	43949a93	512	224	0	12463
12489	0	18255593110430	none	12464	ffa04f70	512	224	0	12464
12490	1	18255610341580	none	12465	cf36777b	512	224	0	12465
12491	2	18255627577010	none	12466	873d7ac5	512	224	0	12466
12492	3	18255644806230	none	12467	1179d101	512	224	0	12467
12493	4	18255662179410	none	12468	89a4bfbf	512	224	0	12468
12494	5	18255675377020	none	12469	f00c5235	512	224	0	12469
12495	6	18255692712050	none	12470	c50f02ef	512	224	0	12470
12496	7	18255709954700	none	12471	76d93f81	512	224	0	12471
12497	0	18255727142560	none	12472	41a4a4d8	512	224	0	12472
12498	1	18255744391620	none	12473	893d9daa	512	224	0	12473
12499	2	18255761673500	none	12474	616b868c	512	224	0	12474
12500	3	18255774836130	none	12475	510951a1	512	224	0	12475
12501	4	18255792275300	none	12476	bccfd0a3	512	224	0	12476
12502	5	18255809546900	none	12477	aafa5bcc	512	224	0	12477
12503	6	18255826782710	none	12478	ee59343d	512	224	0	12478
12504	7	18255843996740	none	12479	5623af59	512	224	0	12479
12505	0	18255861183370	none	12480	a2d80c5d	512	224	0	12480
12506	1	18255878429440	none	12481	79e72b81	512	224	0	12481
12507	2	18255891588180	none	12482	325eb650	512	224	0	12482
12508	3	18255908808140	none	12483	f6ab6e32	512	224	0	12483
12509	4	18255926045690	none	12484	ebfb7c50	512	224	0	12484
12510	5	18255943260230	none	12485	4148ebc8	512	224	0	12485
12511	6	18255960487640	none	12486	cb4e17d7	512	224	0	12486
12512	7	18255977794410	none	12487	2adf55f5	512	224	0	12487
12513	0	18255995001570	none	12488	e2725286	512	224	0	12488
12514	1	18256008373450	none	12489	49c99c78	512	224	0	12489
12515	2	18256025593160	none	12490	889b2718	512	224	0	12490
12516	3	18256042814860	none	12491	48790ff4	512	224	0	12491
12517	4	18256060082440	none	12492	b73fb771	512	224	0	12492
12518	5	18256077298840	none	12493	40c31017	512	224	0	12493
12519	6	18256094518620	none	12494	b19e4a54	512	224	0	12494
12520	7	18256107792200	none	12495	ead9408b	512	224	0	12495
12521	0	18256125038830	none	12496	c428af7d	512	224	0	12496
12522	1	18256142270060	none	12497	3d1f3ea1	512	224	0	12497
12523	2	18256159493290	none	12498	d33e2d93	512	224	0	12498
12524	3	18256176711680	none	12499	7073a42c	512	224	0	12499
12525	4	18256193895090	none	12500	8ea55347	512	224	0	12500
12526	5	18256211258780	none	12501	c3f6e52e	512	224	0	12501
12527	6	18256224450810	none	12502	7d6ef64b	512	224	0	12502
12528	7	18256241856900	none	12503	1eefed9c	512	224	0	12503
12529	0	18256259045890	none	12504	af7eb1bb	512	224	0	12504
12530	1	18256276341540	none	12505	91fa76dc	512	224	0	12505
12531	2	18256293552290	none	12506	aeb2b207	512	224	0	12506
12532	3	18256310773550	none	12507	b0a5e2e7	512	224	0	12507
12533	4	18256323972250	none	12508	16aeb404	512	224	0	12508
12534	5	18256341409280	none	12509	c7fcc274	512	224	0	12509
12535	6	18256358700110	none	12510	c4b31548	512	224	0	12510
12536	7	18256375924950	none	12511	7040975a	512	224	0	12511
12537	0	18256393116580	none	12512	331034db	512	224	0	12512
12538	1	18256410338340	none	12513	faac284c	512	224	0	12513
12539	2	18256427559950	none	12514	c8dfc89e	512	224	0	12514
12540	3	18256440742760	none	12515	ec45a1bf	512	224	0	12515
12541	4	18256458003450	none	12516	8721cc2d	512	224	0	12516
12542	5	18256475262970	none	12517	b82c0c45	512	224	0	12517
12543	6	18256492497130	none	12518	512d42ac	512	224	0	12518
12544	7	18256509747120	none	12519	d4daf5df	512	224	0	12519
12545	0	18256526941680	none	12520	d9cb4d7b	512	224	0	12520
12546	1	18256544137650	none	12521	f1f7fa06	512	224	0	12521
12547	2	18256557333890	none	12522	cc63f74f	512	224	0	12522
12548	3	18256574628120	none	12523	df391029	512	224	0	12523
12549	4	18256591986120	none	12524	7a69011c	512	224	0	12524
12550	5	18256609211850	none	12525	56662da4	512	224	0	12525
12551	6	18256626435050	none	12526	4d4fdae6	512	224	0	12526
12552	7	18256643661330	none	12527	f4377829	512	224	0	12527
12553	0	18256656901200	none	12528	0f14845a	512	224	0	12528
12554	1	18256674086140	none	12529	b020ca86	512	224	0	12529
12555	2	18256691338470	none	12530	3b95530d	512	224	0	12530
12556	3	18256708562520	none	12531	48bebfed	512	224	0	12531
12557	4	18256725785250	none	12532	5ad4e4cf	512	224	0	12532
12558	5	18256742974050	none	12533	9cba3070	512	224	0	12533
12559	6	18256760330640	none	12534	7ec62685	512	224	0	12534
12560	7	18256773518400	none	12535	9df8c3e3	512	224	0	12535
12561	0	18256790835810	none	12536	18444515	512	224	0	12536
12562	1	18256808130530	none	12537	f6a8b95d	512	224	0	12537
12563	2	18256825387430	none	12538	d079c4fe	512	224	0	12538
12564	3	18256842617550	none	12539	a99a7e65	512	224	0	12539
12565	4	18256859919480	none	12540	2e15a00e	512	224	0	12540
12566	5	18256873102240	none	12541	7e306983	512	224	0	12541
12567	6	18256890519010	none	12542	01e84e23	512	224	0	12542
12568	7	18256907744180	none	12543	2ea55a42	512	224	0	12543
12569	0	18256925027150	none	12544	54b4992f	512	224	0	12544
12570	1	18256942301540	none	12545	e46021c2	512	224	0	12545
12571	2	18256959516870	none	12546	043f8bbd	512	224	0	12546
12572	3	18256976756310	none	12547	9e3c9cbe	512	224	0	12547
12573	4	18256989920850	none	12548	29d345bc	512	224	0	12548
12574	5	18257007115680	none	12549	e4a50bb8	512	224	0	12549
12575	6	18257024342070	none	12550	8da738c3	512	224	0	12550
12576	7	18257041614340	none	12551	ed9cdf27	512	224	0	12551
12577	0	18257058871490	none	12552	1200ab6d	512	224	0	12552
12578	1	18257076052980	none	12553	f947bb34	512	224	0	12553
12579	2	18257093281490	none	12554	3a218577	512	224	0	12554
12580	3	18257106471150	none	12555	57ee4ba2	512	224	0	12555
12581	4	18257123749130	none	12556	d909b0ef	512	224	0	12556
12582	5	18257141019460	none	12557	914f4ec6	512	224	0	12557
12583	6	18257158359640	none	12558	5848ba95	512	224	0	12558
12584	7	18257175581250	none	12559	f777d651	512	224	0	12559
12585	0	18257192891480	none	12560	06418454	512	224	0	12560
12586	1	18257206047900	none	12561	748da363	512	224	0	12561
12587	2	18257223258280	none	12562	7e9b76c4	512	224	0	12562
12588	3	18257240483310	none	12563	7f6e7d4a	512	224	0	12563
12589	4	18257257699280	none	12564	8a5d5be5	512	224	0	12564
12590	5	18257275094680	none	12565	448d4073	512	224	0	12565
12591	6	18257292344100	none	12566	cdb0c633	512	224	0	12566
12592	7	18257305632150	none	12567	65984ade	512	224	0	12567
12593	0	18257322889400	none	12568	6819e26c	512	224	0	12568
12594	1	18257340087500	none	12569	778ee974	512	224	0	12569
12595	2	18257357322970	none	12570	7830330a	512	224	0	12570
12596	3	18257374600230	none	12571	d6c42e98	512	224	0	12571
12597	4	18257391942970	none	12572	90a2ac08	512	224	0	12572
12598	5	18257405495090	none	12573	146b9b2b	512	224	0	12573
12599	6	18257422710950	none	12574	2ccf287d	512	224	0	12574
12600	7	18257440010990	none	12575	57590d2b	512	224	0	12575
12601	0	18257457214090	none	12576	1cb91b1e	512	224	0	12576
12602	1	18257474444540	none	12577	79d22c13	512	224	0	12577
12603	2	18257491721720	none	12578	ac36cc3e	512	224	0	12578
12604	3	18257509021750	none	12579	ced4e138	512	224	0	12579
12605	4	18257522209550	none	12580	b98d792f	512	224	0	12580
12606	5	18257539435850	none	12581	58e5b2ab	512	224	0	12581
12607	6	18257556661930	none	12582	861ee822	512	224	0	12582
12608	7	18257573863020	none	12583	ad220f79	512	224	0	12583
12609	0	18257591086160	none	12584	9a4feead	512	224	0	12584
12610	1	18257608460400	none	12585	b30e289c	512	224	0	12585
12611	2	18257625692950	none	12586	6ff6ec06	512	224	0	12586
12612	3	18257638867130	none	12587	c11ec476	512	224	0	12587
12613	4	18257656090300	none	12588	4c628f7d	512	224	0	12588
12614	5	18257673323720	none	12589	ddbd0d91	512	224	0	12589
12615	6	18257690524010	none	12590	e5200814	512	224	0	12590
12616	7	18257707759800	none	12591	96861851	512	224	0	12591
12617	0	18257725031100	none	12592	4b565c23	512	224	0	12592
12618	1	18257738327330	none	12593	f3d1a56a	512	224	0	12593
12619	2	18257755524960	none	12594	f9fe2887	512	224	0	12594
12620	3	18257772750570	none	12595	ae9a55e0	512	224	0	12595
12621	4	18257789997680	none	12596	c048bcb7	512	224	0	12596
12622	5	18257807195100	none	12597	d2e1afa7	512	224	0	12597
12623	6	18257824430080	none	12598	0cd64c99	512	224	0	12598
12624	7	18257841697610	none	12599	08cc02e2	512	224	0	12599
12625	0	18257854920070	none	12600	f1e53b1f	512	224	0	12600
12626	1	18257872093810	none	12601	e67e09c4	512	224	0	12601
12627	2	18257889322430	none	12602	2e07f995	512	224	0	12602
12628	3	18257906543020	none	12603	440628af	512	224	0	12603
12629	4	18257923784060	none	12604	2d40745d	512	224	0	12604
12630	5	18257941014220	none	12605	f7f92fcd	512	224	0	12605
12631	6	18257958349530	none	12606	a8663e42	512	224	0	12606
12632	7	18257971542150	none	12607	174173df	512	224	0	12607
12633	0	18257988772840	none	12608	3174d161	512	224	0	12608
12634	1	18258005975430	none	12609	5a8055ea	512	224	0	12609
12635	2	18258023191330	none	12610	a02e9bba	512	224	0	12610
12636	3	18258040422620	none	12611	54258ee6	512	224	0	12611
12637	4	18258057749420	none	12612	ebc83dce	512	224	0	12612
12638	5	18258075025070	none	12613	a1976037	512	224	0	12613
12639	6	18258088223460	none	12614	e21c8374	512	224	0	12614
12640	7	18258105439560	none	12615	3e67cca1	512	224	0	12615
12641	0	18258122661690	none	12616	07d8dac0	512	224	0	12616
12642	1	18258139854190	none	12617	6984f3cd	512	224	0	12617
12643	2	18258157202480	none	12618	74f220fe	512	224	0	12618
12644	3	18258174432930	none	12619	a5145f13	512	224	0	12619
12645	4	18258187703390	none	12620	e8d013c8	512	224	0	12620
12646	5	18258204951450	none	12621	3207b3d2	512	224	0	12621
12647	6	18258222131620	none	12622	3d777a84	512	224	0	12622
12648	7	18258239350020	none	12623	414b4a05	512	224	0	12623
12649	0	18258256554420	none	12624	2e0e83de	512	224	0	12624
12650	1	18258273775450	none	12625	ff62bcf8	512	224	0	12625
12651	2	18258290965620	none	12626	4db765b9	512	224	0	12626
12652	3	18258304241680	none	12627	cc96b5dd	512	224	0	12627
12653	4	18258321462130	none	12628	67e05297	512	224	0	12628
12654	5	18258338678700	none	12629	edbac35f	512	224	0	12629
12655	6	18258355872790	none	12630	8d073b8e	512	224	0	12630
12656	7	18258373105810	none	12631	dc93098b	512	224	0	12631
12657	0	18258390325680	none	12632	4e213338	512	224	0	12632
12658	1	18258407661610	none	12633	7bb10605	512	224	0	12633
12659	2	18258420896100	none	12634	366f95e9	512	224	0	12634
12660	3	18258438081380	none	12635	44bacbea	512	224	0	12635
12661	4	18258455325870	none	12636	aef0ce23	512	224	0	12636
12662	5	18258472589050	none	12637	3fea02f5	512	224	0	12637
12663	6	18258489904980	none	12638	21485bc8	512	224	0	12638
12664	7	18258507190470	none	12639	d367924e	512	224	0	12639
12665	0	18258520386030	none	12640	6ec9a597	512	224	0	12640
12666	1	18258537603130	none	12641	269e1477	512	224	0	12641
12667	2	18258554843560	none	12642	d8751757	512	224	0	12642
12668	3	18258572098530	none	12643	6fb3daef	512	224	0	12643
12669	4	18258589318710	none	12644	0c03e1cd	512	224	0	12644
12670	5	18258606637900	none	12645	5aebd4ab	512	224	0	12645
12671	6	18258623946070	none	12646	d0ca73ef	512	224	0	12646
12672	7	18258637103270	none	12647	3ab5d1ca	512	224	0	12647
12673	0	18258654325140	none	12648	316712a3	512	224	0	12648
12674	1	18258671521540	none	12649	4a785b42	512	224	0	12649
12675	2	18258688756970	none	12650	15d19b73	512	224	0	12650
12676	3	18258705944590	none	12651	c4ef4231	512	224	0	12651
12677	4	18258723258310	none	12652	689bc13d	512	224	0	12652
12678	5	18258740523370	none	12653	ba18f1ef	512	224	0	12653
12679	6	18258753713290	none	12654	2d202975	512	224	0	12654
12680	7	18258770885170	none	12655	f17f4e02	512	224	0	12655
12681	0	18258788069980	none	12656	4be7fac9	512	224	0	12656
12682	1	18258805304420	none	12657	fc17fe7c	512	224	0	12657
12683	2	18258822499980	none	12658	25355922	512	224	0	12658
12684	3	18258839733070	none	12659	79e7becf	512	224	0	12659
12685	4	18258856996380	none	12660	af6b404d	512	224	0	12660
12686	5	18258870155920	none	12661	dfb63dae	512	224	0	12661
12687	6	18258887381500	none	12662	dd776faa	512	224	0	12662
12688	7	18258904598350	none	12663	ec4caa60	512	224	0	12663
12689	0	18258921819450	none	12664	bbf0ab6e	512	224	0	12664
12690	1	18258939018750	none	12665	b8d15493	512	224	0	12665
12691	2	18258956252750	none	12666	9036415c	512	224	0	12666
12692	3	18258973466900	none	12667	ec1d971c	512	224	0	12667
12693	4	18258986732580	none	12668	294be5a7	512	224	0	12668
12694	5	18259003982970	none	12669	f19a446e	512	224	0	12669
12695	6	18259021241220	none	12670	6452f784	512	224	0	12670
12696	7	18259038453090	none	12671	2f1e7b4e	512	224	0	12671
12697	0	18259055764110	none	12672	899ec2ac	512	224	0	12672
12698	1	18259072962820	none	12673	87757eeb	512	224	0	12673
12699	2	18259086129790	none	12674	60f77728	512	224	0	12674
12700	3	18259103358580	none	12675	92c7e26f	512	224	0	12675
12701	4	18259120589010	none	12676	875f5952	512	224	0	12676
12702	5	18259137781930	none	12677	c8141a91	512	224	0	12677
12703	6	18259155124650	none	12678	a52605c1	512	224	0	12678
12704	7	18259172370070	none	12679	1f4a7bcf	512	224	0	12679
12705	0	18259189604330	none	12680	ec42e41a	512	224	0	12680
12706	1	18259202768700	none	12681	63c4192c	512	224	0	12681
12707	2	18259219953790	none	12682	7ccdf374	512	224	0	12682
12708	3	18259237195680	none	12683	8fdd5d9f	512	224	0	12683
12709	4	18259254417260	none	12684	ebb2c007	512	224	0	12684
12710	5	18259271710740	none	12685	2143df93	512	224	0	12685
12711	6	18259288905920	none	12686	721164cc	512	224	0	12686
12712	7	18259306093330	none	12687	d36cec0c	512	224	0	12687
12713	0	18259319275840	none	12688	9bfa2197	512	224	0	12688
12714	1	18259336494380	none	12689	4d907c38	512	224	0	12689
12715	2	18259353729260	none	12690	c323dd51	512	224	0	12690
12716	3	18259370903780	none	12691	30d4a316	512	224	0	12691
12717	4	18259388110480	none	12692	3a2e893f	512	224	0	12692
12718	5	18259405348830	none	12693	ecbec225	512	224	0	12693
12719	6	18259422595560	none	12694	9f0fb141	512	224	0	12694
12720	7	18259435743850	none	12695	cb11be13	512	224	0	12695
12721	0	18259452930690	none	12696	3edb3e35	512	224	0	12696
12722	1	18259470131880	none	12697	592779a9	512	224	0	12697
12723	2	18259487358720	none	12698	93d269e9	512	224	0	12698
12724	3	18259504686830	none	12699	c7b55d1f	512	224	0	12699
12725	4	18259521989630	none	12700	03fe674f	512	224	0	12700
12726	5	18259539234580	none	12701	da746a80	512	224	0	12701
12727	6	18259552475900	none	12702	074f82ca	512	224	0	12702
12728	7	18259569711860	none	12703	04a72d93	512	224	0	12703
12729	0	18259586898720	none	12704	62f0b4a8	512	224	0	12704
12730	1	18259604268420	none	12705	e6ac30f5	512	224	0	12705
12731	2	18259621503160	none	12706	7ccb48db	512	224	0	12706
12732	3	18259638732130	none	12707	8fb5d65d	512	224	0	12707
12733	4	18259651960630	none	12708	4bb3145f	512	224	0	12708
12734	5	18259669215210	none	12709	f85f4964	512	224	0	12709
12735	6	18259686445630	none	12710	ac1afa1c	512	224	0	12710
12736	7	18259703708680	none	12711	c9480bf2	512	224	0	12711
12737	0	18259720898500	none	12712	117e4548	512	224	0	12712
12738	1	18259738089840	none	12713	f903df86	512	224	0	12713
12739	2	18259755324410	none	12714	fb03181c	512	224	0	12714
12740	3	18259768496050	none	12715	29ea1e31	512	224	0	12715
12741	4	18259785819840	none	12716	759c4af6	512	224	0	12716
12742	5	18259803059810	none	12717	cbdab125	512	224	0	12717
12743	6	18259820289230	none	12718	98418cc0	512	224	0	12718
12744	7	18259837488020	none	12719	93adbf66	512	224	0	12719
12745	0	18259854787810	none	12720	34e8f588	512	224	0	12720
12746	1	18259871974140	none	12721	e57b2a28	512	224	0	12721
12747	2	18259885114750	none	12722	fe61ebfd	512	224	0	12722
12748	3	18259902338380	none	12723	e261855a	512	224	0	12723
12749	4	18259919570310	none	12724	ce09c078	512	224	0	12724
12750	5	18259936883860	none	12725	7764b721	512	224	0	12725
12751	6	18259954080130	none	12726	70ddfa05	512	224	0	12726
12752	7	18259971295780	none	12727	00ba7be6	512	224	0	12727
12753	0	18259988515640	none	12728	90811816	512	224	0	12728
12754	1	18260001695170	none	12729	7f0079dc	512	224	0	12729
12755	2	18260018877160	none	12730	8004e084	512	224	0	12730
12756	3	18260036082980	none	12731	0021239d	512	224	0	12731
12757	4	18260053927160	none	12732	c3eb03a3	512	224	0	12732
12758	5	18260071164730	none	12733	198dd6bc	512	224	0	12733
12759	6	18260084518490	none	12734	cba20458	512	224	0	12734
12760	7	18260102084890	none	12735	7fea8a26	512	224	0	12735
12761	0	18260119304100	none	12736	d506fb77	512	224	0	12736
12762	1	18260136515830	none	12737	f35b39ad	512	224	0	12737
12763	2	18260153865140	none	12738	84f48ecc	512	224	0	12738
12764	3	18260171064120	none	12739	199ec5d3	512	224	0	12739
12765	4	18260184276050	none	12740	e312adf9	512	224	0	12740
12766	5	18260201498280	none	12741	b0777abb	512	224	0	12741
12767	6	18260218740620	none	12742	6cb9e8aa	512	224	0	12742
12768	7	18260235933030	none	12743	5ab4de66	512	224	0	12743
12769	0	18260253302160	none	12744	aa040e17	512	224	0	12744
12770	1	18260270557190	none	12745	335d8b7e	512	224	0	12745
12771	2	18260287755760	none	12746	dcf08585	512	224	0	12746
12772	3	18260300980950	none	12747	57653efa	512	224	0	12747
12773	4	18260318352640	none	12748	9c2b301a	512	224	0	12748
12774	5	18260335681900	none	12749	0937e292	512	224	0	12749
12775	6	18260352956170	none	12750	71075fb2	512	224	0	12750
12776	7	18260370187770	none	12751	59a99279	512	224	0	12751
12777	0	18260387418660	none	12752	f34d384b	512	224	0	12752
12778	1	18260400623510	none	12753	80d78ae0	512	224	0	12753
12779	2	18260417831220	none	12754	8476edef	512	224	0	12754
12780	3	18260435007360	none	12755	2deb9c0d	512	224	0	12755
12781	4	18260452360470	none	12756	56cd09e9	512	224	0	12756
12782	5	18260469587080	none	12757	a8393657	512	224	0	12757
12783	6	18260486796270	none	12758	8f9b1471	512	224	0	12758
12784	7	18260504009300	none	12759	261e1697	512	224	0	12759
12785	0	18260517238940	none	12760	d4b076b2	512	224	0	12760
12786	1	18260534455280	none	12761	228387de	512	224	0	12761
12787	2	18260551683790	none	12762	7455ccd5	512	224	0	12762
12788	3	18260568871390	none	12763	a427319f	512	224	0	12763
12789	4	18260586073170	none	12764	0a1cec7a	512	224	0	12764
12790	5	18260603345530	none	12765	9f47e62a	512	224	0	12765
12791	6	18260620607990	none	12766	9b7f5b93	512	224	0	12766
12792	7	18260633756420	none	12767	bac392aa	512	224	0	12767
12793	0	18260650936170	none	12768	f36a5622	512	224	0	12768
12794	1	18260668134660	none	12769	fa9ce43f	512	224	0	12769
12795	2	18260685346760	none	12770	a5f5ffda	512	224	0	12770
12796	3	18260702672860	none	12771	9b3957cb	512	224	0	12771
12797	4	18260719952970	none	12772	d0f4b5d1	512	224	0	12772
12798	5	18260737195600	none	12773	b3db69c0	512	224	0	12773
12799	6	18260750383210	none	12774	16a2b94c	512	224	0	12774
12800	7	18260767609970	none	12775	ac931fa0	512	224	0	12775
12801	0	18260784824010	none	12776	1d559595	512	224	0	12776
12802	1	18260802192800	none	12777	71041a5c	512	224	0	12777
12803	2	18260819414310	none	12778	b30e857a	512	224	0	12778
12804	3	18260836657650	none	12779	9124e7a6	512	224	0	12779
12805	4	18260849841820	none	12780	60157e97	512	224	0	12780
12806	5	18260867096920	none	12781	2d6aca56	512	224	0	12781
12807	6	18260884341740	none	12782	887bfb92	512	224	0	12782
12808	7	18260901684530	none	12783	744eba0c	512	224	0	12783
12809	0	18260918953880	none	12784	d557ad38	512	224	0	12784
12810	1	18260936176490	none	12785	7dfab068	512	224	0	12785
12811	2	18260953406770	none	12786	4136539f	512	224	0	12786
12812	3	18260966590640	none	12787	140215e1	512	224	0	12787
12813	4	18260983780330	none	12788	57fd70e6	512	224	0	12788
12814	5	18261001125340	none	12789	f9072868	512	224	0	12789
12815	6	18261018362450	none	12790	607fa699	512	224	0	12790
12816	7	18261035590500	none	12791	5277bc75	512	224	0	12791
12817	0	18261052797040	none	12792	88811d42	512	224	0	12792
12818	1	18261069987940	none	12793	1339a189	512	224	0	12793
12819	2	18261083176380	none	12794	f017043b	512	224	0	12794
12820	3	18261100389060	none	12795	68618563	512	224	0	12795
12821	4	18261117639850	none	12796	5f8bd4d9	512	224	0	12796
12822	5	18261134909150	none	12797	6619bc96	512	224	0	12797
12823	6	18261152142540	none	12798	0c4d426c	512	224	0	12798
12824	7	18261169369300	none	12799	35183c91	512	224	0	12799
12825	0	18261182539410	none	12800	76162d8f	512	224	0	12800
12826	1	18261199764660	none	12801	20f03c1b	512	224	0	12801
12827	2	18261217089740	none	12802	9ab6695a	512	224	0	12802
12828	3	18261234309680	none	12803	90257c0b	512	224	0	12803
12829	4	18261251620280	none	12804	6324ad2a	512	224	0	12804
12830	5	18261268935400	none	12805	a091f1a4	512	224	0	12805
12831	6	18261286137430	none	12806	c64cec94	512	224	0	12806
12832	7	18261299326150	none	12807	6ce1ff25	512	224	0	12807
12833	0	18261316574860	none	12808	a543d1af	512	224	0	12808
12834	1	18261333904020	none	12809	5abc3ccb	512	224	0	12809
12835	2	18261351133740	none	12810	52734beb	512	224	0	12810
12836	3	18261368356130	none	12811	775e5450	512	224	0	12811
12837	4	18261385583300	none	12812	74fc61e2	512	224	0	12812
12838	5	18261402792050	none	12813	b8b4ae7e	512	224	0	12813
12839	6	18261416159150	none	12814	e554b94b	512	224	0	12814
12840	7	18261433426370	none	12815	871072ff	512	224	0	12815
12841	0	18261450727010	none	12816	26b82249	512	224	0	12816
12842	1	18261467994230	none	12817	101a648c	512	224	0	12817
12843	2	18261485228910	none	12818	f9ca5295	512	224	0	12818
12844	3	18261502463840	none	12819	ba94d699	512	224	0	12819
12845	4	18261515652610	none	12820	93b9a319	512	224	0	12820
12846	5	18261532838020	none	12821	1f28aebf	512	224	0	12821
12847	6	18261550178360	none	12822	86842949	512	224	0	12822
12848	7	18261567402830	none	12823	85a0ba4b	512	224	0	12823
12849	0	18261584650620	none	12824	c33a31df	512	224	0	12824
12850	1	18261601993480	none	12825	e2feef5a	512	224	0	12825
12851	2	18261615181570	none	12826	8d7e04e0	512	224	0	12826
12852	3	18261632394060	none	12827	3a0c6ab8	512	224	0	12827
12853	4	18261649741410	none	12828	a18e38fa	512	224	0	12828
12854	5	18261666954050	none	12829	cd503861	512	224	0	12829
12855	6	18261684188570	none	12830	69136844	512	224	0	12830
12856	7	18261701421030	none	12831	25ef906a	512	224	0	12831
12857	0	18261718659240	none	12832	edf28273	512	224	0	12832
12858	1	18261731832750	none	12833	ddf363dd	512	224	0	12833
12859	2	18261749015180	none	12834	58e7cf85	512	224	0	12834
12860	3	18261766227580	none	12835	97f94002	512	224	0	12835
12861	4	18261783439830	none	12836	fd063de3	512	224	0	12836
12862	5	18261800744620	none	12837	1cc025f1	512	224	0	12837
12863	6	18261817941620	none	12838	3066b618	512	224	0	12838
12864	7	18261835151330	none	12839	99256ffa	512	224	0	12839
12865	0	18261848334100	none	12840	2abd20e3	512	224	0	12840
12866	1	18261865551290	none	12841	30079846	512	224	0	12841
12867	2	18261882753470	none	12842	de4bf1f6	512	224	0	12842
12868	3	18261900014950	none	12843	eb457d4d	512	224	0	12843
12869	4	18261917269750	none	12844	a277b0ae	512	224	0	12844
12870	5	18261934531600	none	12845	c75f54b0	512	224	0	12845
12871	6	18261951738760	none	12846	cf89c23a	512	224	0	12846
12872	7	18261964899780	none	12847	ab451793	512	224	0	12847
12873	0	18261982112640	none	12848	c7765d9b	512	224	0	12848
12874	1	18261999524110	none	12849	23e6e7e3	512	224	0	12849
12875	2	18262016768910	none	12850	c9995373	512	224	0	12850
12876	3	18262033972100	none	12851	c5501e48	512	224	0	12851
12877	4	18262051197770	none	12852	877a41e8	512	224	0	12852
12878	5	18262068408860	none	12853	e5cf07ff	512	224	0	12853
12879	6	18262081612340	none	12854	31daf740	512	224	0	12854
12880	7	18262098800870	none	12855	53153dd9	512	224	0	12855
12881	0	18262115985670	none	12856	d21a93ef	512	224	0	12856
12882	1	18262133208430	none	12857	aa550cdd	512	224	0	12857
12883	2	18262150440670	none	12858	e4405676	512	224	0	12858
12884	3	18262167681850	none	12859	352c8abd	512	224	0	12859
12885	4	18262184909290	none	12860	5d2e200c	512	224	0	12860
12886	5	18262198122890	none	12861	690dda78	512	224	0	12861
12887	6	18262215345260	none	12862	900bef65	512	224	0	12862
12888	7	18262232582920	none	12863	83bb5b43	512	224	0	12863
12889	0	18262249855100	none	12864	10a7a061	512	224	0	12864
12890	1	18262267113850	none	12865	4886e74b	512	224	0	12865
12891	2	18262284327760	none	12866	ee0c8a50	512	224	0	12866
12892	3	18262297513430	none	12867	841f02f9	512	224	0	12867
12893	4	18262314691270	none	12868	93dbd4df	512	224	0	12868
12894	5	18262331887340	none	12869	77bf2eb7	512	224	0	12869
12895	6	18262349096670	none	12870	f765e8ff	512	224	0	12870
12896	7	18262366335870	none	12871	b535db30	512	224	0	12871
12897	0	18262383555470	none	12872	f10e7740	512	224	0	12872
12898	1	18262400759540	none	12873	1fe5c8d3	512	224	0	12873
12899	2	18262413931740	none	12874	e4724c65	512	224	0	12874
12900	3	18262431120100	none	12875	49272ca2	512	224	0	12875
12901	4	18262448644830	none	12876	297aa9ed	512	224	0	12876
12902	5	18262465965160	none	12877	47410597	512	224	0	12877
12903	6	18262483215690	none	12878	8bf98e3e	512	224	0	12878
12904	7	18262500429880	none	12879	f4202412	512	224	0	12879
12905	0	18262517675190	none	12880	dbca1e10	512	224	0	12880
12906	1	18262530838810	none	12881	584b66d4	512	224	0	12881
12907	2	18262548199080	none	12882	8f938f75	512	224	0	12882
12908	3	18262565413080	none	12883	f71b0685	512	224	0	12883
12909	4	18262582636540	none	12884	8f189822	512	224	0	12884
12910	5	18262599821660	none	12885	dc14feeb	512	224	0	12885
12911	6	18262617012950	none	12886	3a864f72	512	224	0	12886
12912	7	18262630194980	none	12887	31d866f6	512	224	0	12887
12913	0	18262647401260	none	12888	39761596	512	224	0	12888
12914	1	18262664632220	none	12889	70e45228	512	224	0	12889
12915	2	18262681890420	none	12890	e931c591	512	224	0	12890
12916	3	18262699103630	none	12891	483283e3	512	224	0	12891
12917	4	18262716388330	none	12892	a987a1ce	512	224	0	12892
12918	5	18262733679850	none	12893	4551bed3	512	224	0	12893
12919	6	18262746832970	none	12894	d74ed14c	512	224	0	12894
12920	7	18262764123460	none	12895	70d326cd	512	224	0	12895
12921	0	18262781331420	none	12896	38396983	512	224	0	12896
12922	1	18262798661430	none	12897	b434eabb	512	224	0	12897
12923	2	18262815951130	none	12898	ebcd8999	512	224	0	12898
12924	3	18262833173160	none	12899	7dd5346d	512	224	0	12899
12925	4	18262850388060	none	12900	e6b04b3e	512	224	0	12900
12926	5	18262863727460	none	12901	e7550a9b	512	224	0	12901
12927	6	18262880902320	none	12902	d166044f	512	224	0	12902
12928	7	18262898131910	none	12903	333493b1	512	224	0	12903
12929	0	18262915359780	none	12904	266a1d81	512	224	0	12904
12930	1	18262932583370	none	12905	c88fe3b2	512	224	0	12905
12931	2	18262949787720	none	12906	cbfff555	512	224	0	12906
12932	3	18262963090760	none	12907	4a5d638b	512	224	0	12907
12933	4	18262980370590	none	12908	321b60ec	512	224	0	12908
12934	5	18262997703270	none	12909	43b70199	512	224	0	12909
12935	6	18263015001760	none	12910	7159797a	512	224	0	12910
12936	7	18263032233950	none	12911	5b09d204	512	224	0	12911
12937	0	18263049451030	none	12912	d0552786	512	224	0	12912
12938	1	18263066675760	none	12913	1bbe1801	512	224	0	12913
12939	2	18263079841670	none	12914	8475b344	512	224	0	12914
12940	3	18263097209450	none	12915	51a8655b	512	224	0	12915
12941	4	18263114409760	none	12916	ccc32a28	512	224	0	12916
12942	5	18263131648980	none	12917	66837ab8	512	224	0	12917
12943	6	18263148965810	none	12918	68c0ead3	512	224	0	12918
12944	7	18263166185990	none	12919	038bd6ff	512	224	0	12919
12945	0	18263179365550	none	12920	68ecae05	512	224	0	12920
12946	1	18263196580920	none	12921	fe34d7ae	512	224	0	12921
12947	2	18263213754600	none	12922	6b87d6f2	512	224	0	12922
12948	3	18263230943410	none	12923	8593d3ea	512	224	0	12923
12949	4	18263248178890	none	12924	99e8e3f2	512	224	0	12924
12950	5	18263265422450	none	12925	88b9b3dd	512	224	0	12925
12951	6	18263282672990	none	12926	a01c85ea	512	224	0	12926
12952	7	18263295821250	none	12927	5957e37c	512	224	0	12927
12953	0	18263313119480	none	12928	35381639	512	224	0	12928
12954	1	18263330340490	none	12929	9f9623ce	512	224	0	12929
12955	2	18263347659810	none	12930	6928b96f	512	224	0	12930
12956	3	18263364844960	none	12931	00fb7ade	512	224	0	12931
12957	4	18263382127250	none	12932	bc8bd949	512	224	0	12932
12958	5	18263399338360	none	12933	3636719c	512	224	0	12933
12959	6	18263412631050	none	12934	85dc615d	512	224	0	12934
12960	7	18263429904010	none	12935	7d79ae24	512	224	0	12935
12961	0	18263447128720	none	12936	0cf44f20	512	224	0	12936
12962	1	18263464348990	none	12937	a050cb5a	512	224	0	12937
12963	2	18263481579770	none	12938	2978306f	512	224	0	12938
12964	3	18263498782300	none	12939	4af60cef	512	224	0	12939
12965	4	18263512106250	none	12940	ef39f41f	512	224	0	12940
12966	5	18263529365220	none	12941	a4e48623	512	224	0	12941
12967	6	18263546839640	none	12942	1170ad20	512	224	0	12942
12968	7	18263564071660	none	12943	fb3b14f2	512	224	0	12943
12969	0	18263581299780	none	12944	2c34a634	512	224	0	12944
12970	1	18263598534630	none	12945	73ec2253	512	224	0	12945
12971	2	18263615746650	none	12946	6eaa649e	512	224	0	12946
12972	3	18263628907050	none	12947	7d03554e	512	224	0	12947
12973	4	18263646265310	none	12948	6d7eb55c	512	224	0	12948
12974	5	18263663495080	none	12949	f183ba96	512	224	0	12949
12975	6	18263680685360	none	12950	083fd246	512	224	0	12950
12976	7	18263698005050	none	12951	2e8f0d10	512	224	0	12951
12977	0	18263715234140	none	12952	bac83ca5	512	224	0	12952
12978	1	18263728398710	none	12953	1a4363dc	512	224	0	12953
12979	2	18263745608530	none	12954	ff025d1d	512	224	0	12954
12980	3	18263762828070	none	12955	e6bbf7cf	512	224	0	12955
12981	4	18263780167760	none	12956	28ffb0fa	512	224	0	12956
12982	5	18263797414560	none	12957	7ff416cf	512	224	0	12957
12983	6	18263814643850	none	12958	c299363b	512	224	0	12958
12984	7	18263831840980	none	12959	ab0519e2	512	224	0	12959
12985	0	18263844979440	none	12960	a0ad6909	512	224	0	12960
12986	1	18263862200710	none	12961	cdc939e7	512	224	0	12961
12987	2	18263879425760	none	12962	2188cdc9	512	224	0	12962
12988	3	18263896655710	none	12963	1c87fa79	512	224	0	12963
12989	4	18263913849900	none	12964	c7d59cc3	512	224	0	12964
12990	5	18263931134470	none	12965	a1e97ba3	512	224	0	12965
12991	6	18263948353120	none	12966	33293d7e	512	224	0	12966
12992	7	18263961638110	none	12967	ba33efef	512	224	0	12967
12993	0	18263978899250	none	12968	b9107f23	512	224	0	12968
12994	1	18263996119930	none	12969	9a9fc637	512	224	0	12969
12995	2	18264013341360	none	12970	2a88aa09	512	224	0	12970
12996	3	18264030579220	none	12971	9aa060f6	512	224	0	12971
12997	4	18264047847160	none	12972	6ebe5b6b	512	224	0	12972
12998	5	18264061253120	none	12973	44c889b5	512	224	0	12973
12999	6	18264078629140	none	12974	da325bf2	512	224	0	12974
13000	7	18264095912020	none	12975	e65cad3c	512	224	0	12975
13001	0	18264113147040	none	12976	ec10f44e	512	224	0	12976
13002	1	18264130373910	none	12977	e970c27d	512	224	0	12977
13003	2	18264147611870	none	12978	83fb33c9	512	224	0	12978
13004	3	18264164791130	none	12979	572dcd16	512	224	0	12979
13005	4	18264177935240	none	12980	f5d7c019	512	224	0	12980
13006	5	18264195291430	none	12981	4c6eedb2	512	224	0	12981
13007	6	18264212508070	none	12982	0b624275	512	224	0	12982
13008	7	18264229731190	none	12983	51b22118	512	224	0	12983
13009	0	18264247008030	none	12984	4e638636	512	224	0	12984
13010	1	18264264232840	none	12985	0fe789f3	512	224	0	12985
13011	2	18264281437400	none	12986	db26deb4	512	224	0	12986
13012	3	18264294609730	none	12987	43b3eeec	512	224	0	12987
13013	4	18264311821760	none	12988	3101394c	512	224	0	12988
13014	5	18264329077690	none	12989	d4498443	512	224	0	12989
13015	6	18264346434310	none	12990	9d9b2ec5	512	224	0	12990
13016	7	18264363655280	none	12991	04597c77	512	224	0	12991
13017	0	18264380847770	none	12992	fe408417	512	224	0	12992
13018	1	18264394012370	none	12993	9f508657	512	224	0	12993
13019	2	18264411252140	none	12994	02ab4c05	512	224	0	12994
13020	3	18264428483560	none	12995	32830cba	512	224	0	12995
13021	4	18264445731290	none	12996	c43987d3	512	224	0	12996
13022	5	18264462914640	none	12997	76e2dd8e	512	224	0	12997
13023	6	18264480137890	none	12998	5ad00de4	512	224	0	12998
13024	7	18264497350310	none	12999	366262d8	512	224	0	12999
13025	0	18264510626660	none	13000	e3fde1dc	512	224	0	13000
13026	1	18264527902480	none	13001	4ab29d9e	512	224	0	13001
13027	2	18264545131160	none	13002	fbe568ca	512	224	0	13002
13028	3	18264562396260	none	13003	ca6d13b7	512	224	0	13003
13029	4	18264579644090	none	13004	5fd7c3e6	512	224	0	13004
13030	5	18264596859010	none	13005	86626173	512	224	0	13005
13031	6	18264610211670	none	13006	6d211135	512	224	0	13006
13032	7	18264627420680	none	13007	1370b945	512	224	0	13007
13033	0	18264644726110	none	13008	b5168494	512	224	0	13008
13034	1	18264661957340	none	13009	e9e48788	512	224	0	13009
13035	2	18264679168660	none	13010	8d4545c3	512	224	0	13010
13036	3	18264696406900	none	13011	18c3fb6c	512	224	0	13011
13037	4	18264713639990	none	13012	c2fdf6cd	512	224	0	13012
13038	5	18264726794670	none	13013	af16c239	512	224	0	13013
13039	6	18264744178080	none	13014	2b986081	512	224	0	13014
13040	7	18264761387130	none	13015	0e758e3f	512	224	0	13015
13041	0	18264778619030	none	13016	2f3f5017	512	224	0	13016
13042	1	18264795802090	none	13017	e74a9103	512	224	0	13017
13043	2	18264812989650	none	13018	7fdfefb6	512	224	0	13018
13044	3	18264830218260	none	13019	36ad4e82	512	224	0	13019
13045	4	18264843398160	none	13020	d540f1b5	512	224	0	13020
13046	5	18264860662680	none	13021	0ea5429f	512	224	0	13021
13047	6	18264877892800	none	13022	925ad65a	512	224	0	13022
13048	7	18264895097020	none	13023	0be6afac	512	224	0	13023
13049	0	18264912309620	none	13024	a326c5b8	512	224	0	13024
13050	1	18264929544820	none	13025	dbaead66	512	224	0	13025
13051	2	18264946736460	none	13026	2b4afe58	512	224	0	13026
13052	3	18264959956720	none	13027	bb17b704	512	224	0	13027
13053	4	18264977257240	none	13028	3702e5f9	512	224	0	13028
13054	5	18264994505760	none	13029	cb74ff7d	512	224	0	13029
13055	6	18265011705250	none	13030	6dda58f4	512	224	0	13030
13056	7	18265029084470	none	13031	ce6f436f	512	224	0	13031
13057	0	18265046314300	none	13032	61d2bb85	512	224	0	13032
13058	1	18265059595270	none	13033	fb03fe75	512	224	0	13033
13059	2	18265076866340	none	13034	4fd6b94d	512	224	0	13034
13060	3	18265094115840	none	13035	255114d4	512	224	0	13035
13061	4	18265111464450	none	13036	90d09e15	512	224	0	13036
13062	5	18265128887050	none	13037	37bfd5f6	512	224	0	13037
13063	6	18265146220110	none	13038	f433ec30	512	224	0	13038
13064	7	18265159617070	none	13039	72af34c6	512	224	0	13039
13065	0	18265177057120	none	13040	db3eb931	512	224	0	13040
13066	1	18265194295050	none	13041	c23263c1	512	224	0	13041
13067	2	18265211531400	none	13042	71975035	512	224	0	13042
13068	3	18265228729270	none	13043	1abece87	512	224	0	13043
13069	4	18265245940460	none	13044	5446e117	512	224	0	13044
13070	5	18265259242060	none	13045	b09d7e32	512	224	0	13045
13071	6	18265276504290	none	13046	766fad57	512	224	0	13046
13072	7	18265293766370	none	13047	cf0df471	512	224	0	13047
13073	0	18265310968830	none	13048	6aee9455	512	224	0	13048
13074	1	18265328200410	none	13049	2e8ef4c1	512	224	0	13049
13075	2	18265345420600	none	13050	ab6361fe	512	224	0	13050
13076	3	18265362717610	none	13051	6af30470	512	224	0	13051
13077	4	18265375918530	none	13052	b1a42f6f	512	224	0	13052
13078	5	18265393207590	none	13053	eb61a69b	512	224	0	13053
13079	6	18265410447220	none	13054	1520980e	512	224	0	13054
13080	7	18265427662280	none	13055	1c9d45b5	512	224	0	13055
13081	0	18265444857190	none	13056	3b8918c8	512	224	0	13056
13082	1	18265462226110	none	13057	890f3bcc	512	224	0	13057
13083	2	18265479455430	none	13058	cb64d0df	512	224	0	13058
13084	3	18265492618280	none	13059	91ca3f0b	512	224	0	13059
13085	4	18265509943700	none	13060	a39eb6e2	512	224	0	13060
13086	5	18265527185020	none	13061	572a2d04	512	224	0	13061
13087	6	18265544405540	none	13062	3f7c12ef	512	224	0	13062
13088	7	18265561632720	none	13063	5db70167	512	224	0	13063
13089	0	18265578812500	none	13064	490f8d48	512	224	0	13064
13090	1	18265591977490	none	13065	432f27c1	512	224	0	13065
13091	2	18265609199190	none	13066	b9593238	512	224	0	13066
13092	3	18265626409880	none	13067	3ce36868	512	224	0	13067
13093	4	18265643640350	none	13068	bda83a4a	512	224	0	13068
13094	5	18265660873150	none	13069	3a541ec1	512	224	0	13069
13095	6	18265678122740	none	13070	cb208397	512	224	0	13070
13096	7	18265695345700	none	13071	e92a717a	512	224	0	13071
13097	0	18265708638500	none	13072	86735862	512	224	0	13072
13098	1	18265725896190	none	13073	edd7e2cd	512	224	0	13073
13099	2	18265743156250	none	13074	dd3aeae8	512	224	0	13074
13100	3	18265760380740	none	13075	40469026	512	224	0	13075
13101	4	18265777633930	none	13076	c9b40109	512	224	0	13076
13102	5	18265794809040	none	13077	d2614b0e	512	224	0	13077
13103	6	18265812177350	none	13078	354b5726	512	224	0	13078
13104	7	18265825352330	none	13079	07ac4563	512	224	0	13079
13105	0	18265842641910	none	13080	126be5b6	512	224	0	13080
13106	1	18265859835000	none	13081	355644b7	512	224	0	13081
13107	2	18265877119880	none	13082	99230c7a	512	224	0	13082
13108	3	18265894351370	none	13083	4c4fe02c	512	224	0	13083
13109	4	18265911712980	none	13084	ccd42a62	512	224	0	13084
13110	5	18265924908370	none	13085	51dd9d8e	512	224	0	13085
13111	6	18265942190860	none	13086	78ca21fe	512	224	0	13086
13112	7	18265959418670	none	13087	86a12ffd	512	224	0	13087
13113	0	18265976650380	none	13088	49b37668	512	224	0	13088
13114	1	18265993834600	none	13089	123669d7	512	224	0	13089
13115	2	18266011179690	none	13090	f5f6e1e4	512	224	0	13090
13116	3	18266028444480	none	13091	0362fab6	512	224	0	13091
13117	4	18266041589900	none	13092	05835ddc	512	224	0	13092
13118	5	18266058782500	none	13093	72639ed9	512	224	0	13093
13119	6	18266075971280	none	13094	ecec28f4	512	224	0	13094
13120	7	18266093212270	none	13095	199a3618	512	224	0	13095
13121	0	18266110446200	none	13096	fdb9223a	512	224	0	13096
13122	1	18266127645280	none	13097	317f9b73	512	224	0	13097
13123	2	18266144896330	none	13098	3f0c08e7	512	224	0	13098
13124	3	18266158102280	none	13099	356657d5	512	224	0	13099
13125	4	18266175548030	none	13100	7723e381	512	224	0	13100
13126	5	18266192771060	none	13101	082b12ad	512	224	0	13101
13127	6	18266209960920	none	13102	9e43838c	512	224	0	13102
13128	7	18266227199360	none	13103	852b2d51	512	224	0	13103
13129	0	18266244439170	none	13104	f04a51a6	512	224	0	13104
13130	1	18266257690720	none	13105	3c3a860e	512	224	0	13105
13131	2	18266274955600	none	13106	831e75c8	512	224	0	13106
13132	3	18266292202830	none	13107	37d4a47c	512	224	0	13107
13133	4	18266309408510	none	13108	c805468d	512	224	0	13108
13134	5	18266326628580	none	13109	4d44495b	512	224	0	13109
13135	6	18266343895150	none	13110	63e4976d	512	224	0	13110
13136	7	18266361131020	none	13111	ae02782c	512	224	0	13111
13137	0	18266374323950	none	13112	102480d3	512	224	0	13112
13138	1	18266391608750	none	13113	d152918e	512	224	0	13113
13139	2	18266408781470	none	13114	3431f01e	512	224	0	13114
13140	3	18266426127910	none	13115	398db312	512	224	0	13115
13141	4	18266443367810	none	13116	3e75fdab	512	224	0	13116
13142	5	18266460676670	none	13117	8c5633b2	512	224	0	13117
13143	6	18266473912160	none	13118	5eba952d	512	224	0	13118
13144	7	18266491128400	none	13119	4243ffd4	512	224	0	13119
13145	0	18266508487440	none	13120	f15d3b5f	512	224	0	13120
13146	1	18266525702750	none	13121	9684ba53	512	224	0	13121
13147	2	18266542903630	none	13122	a12ca9f8	512	224	0	13122
13148	3	18266560259170	none	13123	b379ba3e	512	224	0	13123
13149	4	18266577472570	none	13124	fe849e59	512	224	0	13124
13150	5	18266590633150	none	13125	d6df3aa9	512	224	0	13125
13151	6	18266607941100	none	13126	8637a989	512	224	0	13126
13152	7	18266625193080	none	13127	7854eff5	512	224	0	13127
13153	0	18266642435390	none	13128	fe6dd975	512	224	0	13128
13154	1	18266659651780	none	13129	75cfd203	512	224	0	13129
13155	2	18266676826000	none	13130	326cfc66	512	224	0	13130
13156	3	18266694034270	none	13131	b449ac13	512	224	0	13131
13157	4	18266707263400	none	13132	8ee8544b	512	224	0	13132
13158	5	18266724636650	none	13133	3b661dbd	512	224	0	13133
13159	6	18266742004980	none	13134	2f044fed	512	224	0	13134
13160	7	18266759222460	none	13135	97cfcaf1	512	224	0	13135
13161	0	18266776463410	none	13136	a40e5535	512	224	0	13136
13162	1	18266793698810	none	13137	1c116306	512	224	0	13137
13163	2	18266806969330	none	13138	fa1f0484	512	224	0	13138
13164	3	18266824182820	none	13139	92ea7b7f	512	224	0	13139
13165	4	18266841468360	none	13140	e9ca407b	512	224	0	13140
13166	5	18266858727790	none	13141	ad8e0191	512	224	0	13141
13167	6	18266875910590	none	13142	137a1c77	512	224	0	13142
13168	7	18266893149470	none	13143	b465a28e	512	224	0	13143
13169	0	18266910353790	none	13144	f648e689	512	224	0	13144
13170	1	18266923552430	none	13145	7b74b3a4	512	224	0	13145
13171	2	18266940748330	none	13146	9f1d7e02	512	224	0	13146
13172	3	18266957996810	none	13147	43d610f2	512	224	0	13147
13173	4	18266975321150	none	13148	698cc40a	512	224	0	13148
13174	5	18266992596760	none	13149	20a47bcf	512	224	0	13149
13175	6	18267009879550	none	13150	6bd9f60c	512	224	0	13150
13176	7	18267023075070	none	13151	bc1e5a76	512	224	0	13151
13177	0	18267040308330	none	13152	b2f22b4a	512	224	0	13152
13178	1	18267057524890	none	13153	8ede37ba	512	224	0	13153
13179	2	18267074831710	none	13154	1b463d73	512	224	0	13154
13180	3	18267092062560	none	13155	6ecf2bda	512	224	0	13155
13181	4	18267109430010	none	13156	ab112283	512	224	0	13156
13182	5	18267126621810	none	13157	452efd48	512	224	0	13157
13183	6	18267139780100	none	13158	bc0b4810	512	224	0	13158
13184	7	18267156965170	none	13159	17eb0d9e	512	224	0	13159
13185	0	18267174193150	none	13160	98e4860b	512	224	0	13160
13186	1	18267191482700	none	13161	d80fa9d6	512	224	0	13161
13187	2	18267208696300	none	13162	3a04b67d	512	224	0	13162
13188	3	18267225909840	none	13163	29803a61	512	224	0	13163
13189	4	18267243158300	none	13164	2e2b21fc	512	224	0	13164
13190	5	18267256348090	none	13165	bf2f84ad	512	224	0	13165
13191	6	18267273599760	none	13166	3632e93e	512	224	0	13166
13192	7	18267290801470	none	13167	bfc689a0	512	224	0	13167
13193	0	18267308194890	none	13168	64dc772a	512	224	0	13168
13194	1	18267325426550	none	13169	a26c0626	512	224	0	13169
13195	2	18267342643280	none	13170	ae2c8111	512	224	0	13170
13196	3	18267355935800	none	13171	6f9e7f04	512	224	0	13171
13197	4	18267373153460	none	13172	6c074a83	512	224	0	13172
13198	5	18267390356510	none	13173	2f58e3db	512	224	0	13173
13199	6	18267407590110	none	13174	4a546063	512	224	0	13174
13200	7	18267424881170	none	13175	0408c72c	512	224	0	13175
13201	0	18267442121100	none	13176	134453a5	512	224	0	13176
13202	1	18267459351320	none	13177	41c7d6be	512	224	0	13177
13203	2	18267472553810	none	13178	857de836	512	224	0	13178
13204	3	18267489762980	none	13179	427afac9	512	224	0	13179
13205	4	18267507006030	none	13180	a750a2e0	512	224	0	13180
13206	5	18267524249970	none	13181	0dccf17a	512	224	0	13181
13207	6	18267541549690	none	13182	5d3da932	512	224	0	13182
13208	7	18267558880350	none	13183	b0a07036	512	224	0	13183
13209	0	18267572061050	none	13184	c7c1ba1e	512	224	0	13184
13210	1	18267589286110	none	13185	396fc77e	512	224	0	13185
13211	2	18267606504640	none	13186	aceee6e0	512	224	0	13186
13212	3	18267623708360	none	13187	a56351a5	512	224	0	13187
13213	4	18267640901910	none	13188	7543c835	512	224	0	13188
13214	5	18267658290420	none	13189	32a23618	512	224	0	13189
13215	6	18267675528780	none	13190	de095674	512	224	0	13190
13216	7	18267688693350	none	13191	ff15c6f6	512	224	0	13191
13217	0	18267705956360	none	13192	d5f44738	512	224	0	13192
13218	1	18267723174960	none	13193	2b4558a2	512	224	0	13193
13219	2	18267740416890	none	13194	4d3fa724	512	224	0	13194
13220	3	18267757608410	none	13195	c7f1ca33	512	224	0	13195
13221	4	18267775016050	none	13196	31c38ef0	512	224	0	13196
13222	5	18267792287860	none	13197	1b91ffcd	512	224	0	13197
13223	6	18267805507020	none	13198	fa909950	512	224	0	13198
13224	7	18267822707030	none	13199	33e6c36a	512	224	0	13199
13225	0	18267839896710	none	13200	2605fe65	512	224	0	13200
13226	1	18267857246670	none	13201	4de1fee5	512	224	0	13201
13227	2	18267874464530	none	13202	35341e56	512	224	0	13202
13228	3	18267891727570	none	13203	ee007aed	512	224	0	13203
13229	4	18267905046920	none	13204	dafaa8ea	512	224	0	13204
13230	5	18267922281050	none	13205	183e5d5e	512	224	0	13205
13231	6	18267939502480	none	13206	a53cac2b	512	224	0	13206
13232	7	18267956692340	none	13207	f6f29c11	512	224	0	13207
13233	0	18267973861650	none	13208	ef1e1767	512	224	0	13208
13234	1	18267991079510	none	13209	cbfbbfe3	512	224	0	13209
13235	2	18268008377350	none	13210	2264d018	512	224	0	13210
13236	3	18268021562780	none	13211	7a99dd07	512	224	0	13211
13237	4	18268038814920	none	13212	26090293	512	224	0	13212
13238	5	18268056078740	none	13213	d02b56a9	512	224	0	13213
13239	6	18268073302730	none	13214	0e0ba9d6	512	224	0	13214
13240	7	18268090542540	none	13215	262409e7	512	224	0	13215
13241	0	18268107811440	none	13216	48899e3d	512	224	0	13216
13242	1	18268125113770	none	13217	6117a784	512	224	0	13217
13243	2	18268138305110	none	13218	19184af6	512	224	0	13218
13244	3	18268155542160	none	13219	59b3c286	512	224	0	13219
13245	4	18268172764860	none	13220	55b6e14d	512	224	0	13220
13246	5	18268189950060	none	13221	74ac5e75	512	224	0	13221
13247	6	18268207288060	none	13222	81c10ee7	512	224	0	13222
13248	7	18268224520430	none	13223	ad5a796d	512	224	0	13223
13249	0	18268237725140	none	13224	a0026e8c	512	224	0	13224
13250	1	18268254952860	none	13225	31609250	512	224	0	13225
13251	2	18268272216460	none	13226	b22baf2a	512	224	0	13226
13252	3	18268289523970	none	13227	1cda5a1e	512	224	0	13227
13253	4	18268306907380	none	13228	c6f77e00	512	224	0	13228
13254	5	18268324160300	none	13229	7a6985cb	512	224	0	13229
13255	6	18268337429230	none	13230	97a228f5	512	224	0	13230
13256	7	18268354615880	none	13231	77ed6356	512	224	0	13231
13257	0	18268372044820	none	13232	fa02e547	512	224	0	13232
13258	1	18268389269130	none	13233	ff0b5d1f	512	224	0	13233
13259	2	18268406597360	none	13234	be85a128	512	224	0	13234
13260	3	18268423779690	none	13235	f6545de6	512	224	0	13235
13261	4	18268440991740	none	13236	02a2e602	512	224	0	13236
13262	5	18268454224400	none	13237	44e5067d	512	224	0	13237
13263	6	18268471442220	none	13238	1c32fc2f	512	224	0	13238
13264	7	18268488631050	none	13239	43071478	512	224	0	13239
13265	0	18268505841880	none	13240	3c27e4cb	512	224	0	13240
13266	1	18268523052570	none	13241	32dbfb20	512	224	0	13241
13267	2	18268540278630	none	13242	a97a0fae	512	224	0	13242
13268	3	18268557526490	none	13243	b188c982	512	224	0	13243
13269	4	18268570809320	none	13244	0da946be	512	224	0	13244
13270	5	18268588079870	none	13245	8c030122	512	224	0	13245
13271	6	18268605397110	none	13246	1ea936b3	512	224	0	13246
13272	7	18268622624130	none	13247	75461716	512	224	0	13247
13273	0	18268639893660	none	13248	13ffa594	512	224	0	13248
13274	1	18268657124540	none	13249	70b20cfa	512	224	0	13249
13275	2	18268670309850	none	13250	a9a0b3b5	512	224	0	13250
13276	3	18268687542410	none	13251	a9da7c0f	512	224	0	13251
13277	4	18268704716100	none	13252	0a66820b	512	224	0	13252
13278	5	18268722065440	none	13253	6fc83115	512	224	0	13253
13279	6	18268739296030	none	13254	8fa43170	512	224	0	13254
13280	7	18268756611590	none	13255	9a4649e9	512	224	0	13255
13281	0	18268773790030	none	13256	414e19cb	512	224	0	13256
13282	1	18268787076210	none	13257	b98c7fd1	512	224	0	13257
13283	2	18268804283410	none	13258	f2fbb014	512	224	0	13258
13284	3	18268821521550	none	13259	dea629e4	512	224	0	13259
13285	4	18268838722980	none	13260	9f83a294	512	224	0	13260
13286	5	18268856049370	none	13261	e9df5781	512	224	0	13261
13287	6	18268873433280	none	13262	ea32b487	512	224	0	13262
13288	7	18268886582850	none	13263	624f0f5e	512	224	0	13263
13289	0	18268903756390	none	13264	1f87ed83	512	224	0	13264
13290	1	18268921063970	none	13265	f030cb00	512	224	0	13265
13291	2	18268938283230	none	13266	f21a15e3	512	224	0	13266
13292	3	18268955597420	none	13267	a5f7a863	512	224	0	13267
13293	4	18268972931790	none	13268	706f40b2	512	224	0	13268
13294	5	18268990183780	none	13269	f87a3e3d	512	224	0	13269
13295	6	18269003361190	none	13270	63b175eb	512	224	0	13270
13296	7	18269020577090	none	13271	2704f4f2	512	224	0	13271
13297	0	18269037754310	none	13272	f1344e3c	512	224	0	13272
13298	1	18269054938050	none	13273	6d79c0a9	512	224	0	13273
13299	2	18269072181140	none	13274	90827127	512	224	0	13274
13300	3	18269089399860	none	13275	0dc9743e	512	224	0	13275
13301	4	18269106629100	none	13276	d04a6076	512	224	0	13276
13302	5	18269119866850	none	13277	98697e57	512	224	0	13277
13303	6	18269137089140	none	13278	13b3cf8b	512	224	0	13278
13304	7	18269154291660	none	13279	7eca5909	512	224	0	13279
13305	0	18269171532720	none	13280	14adb069	512	224	0	13280
13306	1	18269188730040	none	13281	b0cf7222	512	224	0	13281
13307	2	18269206006340	none	13282	6bc7a934	512	224	0	13282
13308	3	18269223252460	none	13283	d7c31f98	512	224	0	13283
13309	4	18269236434720	none	13284	c8a3b639	512	224	0	13284
13310	5	18269253634690	none	13285	8c4ea4e8	512	224	0	13285
13311	6	18269270808400	none	13286	f959dc9a	512	224	0	13286
13312	7	18269287999770	none	13287	2a760c00	512	224	0	13287
13313	0	18269305229820	none	13288	6c9a7248	512	224	0	13288
13314	1	18269322476200	none	13289	d31f066d	512	224	0	13289
13315	2	18269339702810	none	13290	4471eb06	512	224	0	13290
13316	3	18269352846580	none	13291	c4ab702f	512	224	0	13291
13317	4	18269370109900	none	13292	7e04e32c	512	224	0	13292
13318	5	18269387333100	none	13293	96ef2efb	512	224	0	13293
13319	6	18269404626710	none	13294	60ce5361	512	224	0	13294
13320	7	18269421936460	none	13295	4441023c	512	224	0	13295
13321	0	18269439159310	none	13296	ea5a2de5	512	224	0	13296
13322	1	18269452343860	none	13297	d04a7b05	512	224	0	13297
13323	2	18269469551190	none	13298	0f55b780	512	224	0	13298
13324	3	18269486716770	none	13299	615c5f7d	512	224	0	13299
13325	4	18269503924440	none	13300	c88048fb	512	224	0	13300
13326	5	18269521202720	none	13301	bf56ecb5	512	224	0	13301
13327	6	18269538462310	none	13302	c9aad244	512	224	0	13302
13328	7	18269555679830	none	13303	6294113e	512	224	0	13303
13329	0	18269568892930	none	13304	09f034f2	512	224	0	13304
13330	1	18269586106240	none	13305	fbe66e83	512	224	0	13305
13331	2	18269603311020	none	13306	9d46ce86	512	224	0	13306
13332	3	18269620566870	none	13307	2b7b0dea	512	224	0	13307
13333	4	18269637760360	none	13308	b996c1b0	512	224	0	13308
13334	5	18269655234900	none	13309	8913160c	512	224	0	13309
13335	6	18269672486770	none	13310	d55a2d40	512	224	0	13310
13336	7	18269685645880	none	13311	45059609	512	224	0	13311
13337	0	18269702831400	none	13312	3197239f	512	224	0	13312
13338	1	18269720116470	none	13313	e750333b	512	224	0	13313
13339	2	18269737343470	none	13314	70f3b51b	512	224	0	13314
13340	3	18269754564830	none	13315	cd227735	512	224	0	13315
13341	4	18269771746500	none	13316	0e543be2	512	224	0	13316
13342	5	18269785065860	none	13317	93235432	512	224	0	13317
13343	6	18269802268500	none	13318	ab641902	512	224	0	13318
13344	7	18269819468740	none	13319	4321ff40	512	224	0	13319
13345	0	18269836657270	none	13320	eb038c5a	512	224	0	13320
13346	1	18269853916340	none	13321	c7e1dbe3	512	224	0	13321
13347	2	18269871140660	none	13322	1e18c56c	512	224	0	13322
13348	3	18269888344610	none	13323	adf69c43	512	224	0	13323
13349	4	18269901554190	none	13324	f399711a	512	224	0	13324
13350	5	18269918784980	none	13325	aac6c481	512	224	0	13325
13351	6	18269935964710	none	13326	7a6e6a1a	512	224	0	13326
13352	7	18269953305250	none	13327	be7fff29	512	224	0	13327
13353	0	18269970574590	none	13328	7401b816	512	224	0	13328
13354	1	18269987754760	none	13329	89e3f762	512	224	0	13329
13355	2	18270005002580	none	13330	c16121b5	512	224	0	13330
13356	3	18270018199250	none	13331	5936a897	512	224	0	13331
13357	4	18270035435960	none	13332	3c8cd269	512	224	0	13332
13358	5	18270052652940	none	13333	922ebbcd	512	224	0	13333
13359	6	18270069838690	none	13334	c887bd18	512	224	0	13334
13360	7	18270087094280	none	13335	e762570d	512	224	0	13335
13361	0	18270104320750	none	13336	4f89b4e4	512	224	0	13336
13362	1	18270121541570	none	13337	530386d4	512	224	0	13337
13363	2	18270134700920	none	13338	9ca02b20	512	224	0	13338
13364	3	18270151938020	none	13339	b8b53bc9	512	224	0	13339
13365	4	18270169202860	none	13340	dd902896	512	224	0	13340
13366	5	18270186950110	none	13341	ed35be3c	512	224	0	13341
13367	6	18270204234380	none	13342	b57ba06f	512	224	0	13342
13368	7	18270221456500	none	13343	e0baf457	512	224	0	13343
13369	0	18270234635510	none	13344	31dae795	512	224	0	13344
13370	1	18270251897840	none	13345	fea31e2e	512	224	0	13345
13371	2	18270269123970	none	13346	5d711807	512	224	0	13346
13372	3	18270286337000	none	13347	9eef10c2	512	224	0	13347
13373	4	18270303570120	none	13348	c4c5c1b9	512	224	0	13348
13374	5	18270320758910	none	13349	f494e714	512	224	0	13349
13375	6	18270338095290	none	13350	8a343893	512	224	0	13350
13376	7	18270351310100	none	13351	6f2a6738	512	224	0	13351
13377	0	18270368533360	none	13352	74820def	512	224	0	13352
13378	1	18270385721900	none	13353	b26db299	512	224	0	13353
13379	2	18270402985170	none	13354	4dbf8605	512	224	0	13354
13380	3	18270420204350	none	13355	b2930b63	512	224	0	13355
13381	4	18270437466570	none	13356	1d2df8df	512	224	0	13356
13382	5	18270450635910	none	13357	8f9fa74f	512	224	0	13357
13383	6	18270467825570	none	13358	ae7a04d9	512	224	0	13358
13384	7	18270485026300	none	13359	c4e2e1ea	512	224	0	13359
13385	0	18270502364480	none	13360	eb86129d	512	224	0	13360
13386	1	18270519564170	none	13361	c2559ac5	512	224	0	13361
13387	2	18270536756630	none	13362	ae47257b	512	224	0	13362
13388	3	18270554000740	none	13363	4acfa167	512	224	0	13363
13389	4	18270567181540	none	13364	82ac8e33	512	224	0	13364
13390	5	18270584398040	none	13365	d16bd42b	512	224	0	13365
13391	6	18270601606410	none	13366	f435704a	512	224	0	13366
13392	7	18270618811330	none	13367	2e19ed40	512	224	0	13367
13393	0	18270636057540	none	13368	6e801ebe	512	224	0	13368
13394	1	18270653322980	none	13369	47e83d1f	512	224	0	13369
13395	2	18270670564680	none	13370	6e444eef	512	224	0	13370
13396	3	18270683721420	none	13371	a4827a1f	512	224	0	13371
13397	4	18270700926590	none	13372	9a0a90b9	512	224	0	13372
13398	5	18270718171440	none	13373	5d1e5ebf	512	224	0	13373
13399	6	18270735398140	none	13374	fc681329	512	224	0	13374
13400	7	18270752659280	none	13375	abee62a9	512	224	0	13375
13401	0	18270769829880	none	13376	54507258	512	224	0	13376
13402	1	18270787162200	none	13377	83166b78	512	224	0	13377
13403	2	18270800376740	none	13378	93b5201c	512	224	0	13378
13404	3	18270817569240	none	13379	7c654730	512	224	0	13379
13405	4	18270834746290	none	13380	b166aec2	512	224	0	13380
13406	5	18270852051800	none	13381	c7e04965	512	224	0	13381
13407	6	18270869275090	none	13382	09d611b5	512	224	0	13382
13408	7	18270886500620	none	13383	42435447	512	224	0	13383
13409	0	18270903692040	none	13384	faab392b	512	224	0	13384
13410	1	18270916832740	none	13385	4d6e7393	512	224	0	13385
13411	2	18270934058480	none	13386	fc4d9e7a	512	224	0	13386
13412	3	18270951403640	none	13387	e05754ac	512	224	0	13387
13413	4	18270968629200	none	13388	49e78dd4	512	224	0	13388
13414	5	18270985953360	none	13389	e48a7de4	512	224	0	13389
13415	6	18271003184020	none	13390	cde7def5	512	224	0	13390
13416	7	18271016326660	none	13391	2b61a055	512	224	0	13391
13417	0	18271033542990	none	13392	7ba75314	512	224	0	13392
13418	1	18271050724040	none	13393	4b0a92a3	512	224	0	13393
13419	2	18271067908460	none	13394	490c9387	512	224	0	13394
13420	3	18271085146690	none	13395	e4eb0d63	512	224	0	13395
13421	4	18271102381680	none	13396	94ac0dfd	512	224	0	13396
13422	5	18271119598320	none	13397	48aa6d60	512	224	0	13397
13423	6	18271136775520	none	13398	fda20106	512	224	0	13398
13424	7	18271150011780	none	13399	d53fe2bc	512	224	0	13399
13425	0	18271167210740	none	13400	6bd22d08	512	224	0	13400
13426	1	18271184446620	none	13401	b14a1603	512	224	0	13401
13427	2	18271201700550	none	13402	b89d2c82	512	224	0	13402
13428	3	18271218887440	none	13403	ba3f77e1	512	224	0	13403
13429	4	18271236183370	none	13404	6d27afd7	512	224	0	13404
13430	5	18271249382690	none	13405	c19821e4	512	224	0	13405
13431	6	18271266576560	none	13406	61ebdc90	512	224	0	13406
13432	7	18271283748660	none	13407	00a5145a	512	224	0	13407
13433	0	18271301052120	none	13408	601e2217	512	224	0	13408
13434	1	18271318267170	none	13409	3dd7a35b	512	224	0	13409
13435	2	18271335501970	none	13410	3535a4f1	512	224	0	13410
13436	3	18271352693080	none	13411	4009ad24	512	224	0	13411
13437	4	18271365832720	none	13412	90b92850	512	224	0	13412
13438	5	18271383085780	none	13413	b888353f	512	224	0	13413
13439	6	18271400422370	none	13414	0f3ac917	512	224	0	13414
13440	7	18271417603860	none	13415	436fc086	512	224	0	13415
13441	0	18271434790990	none	13416	50c9b7da	512	224	0	13416
13442	1	18271452034720	none	13417	8b3257cd	512	224	0	13417
13443	2	18271469264710	none	13418	fcd6bc9c	512	224	0	13418
13444	3	18271482446780	none	13419	84905317	512	224	0	13419
13445	4	18271499653660	none	13420	85c960ad	512	224	0	13420
13446	5	18271516854630	none	13421	958db8ae	512	224	0	13421
13447	6	18271534078390	none	13422	c8d2a89b	512	224	0	13422
13448	7	18271551316500	none	13423	898001f4	512	224	0	13423
13449	0	18271568524170	none	13424	c364c4f5	512	224	0	13424
13450	1	18271585699750	none	13425	0674657c	512	224	0	13425
13451	2	18271598854630	none	13426	6cb8ca99	512	224	0	13426
13452	3	18271616128950	none	13427	0ef559b2	512	224	0	13427
13453	4	18271633308220	none	13428	4d99f759	512	224	0	13428
13454	5	18271650604880	none	13429	ac9ca018	512	224	0	13429
13455	6	18271667928060	none	13430	a8208bb9	512	224	0	13430
13456	7	18271685141390	none	13431	9465d666	512	224	0	13431
13457	0	18271702359090	none	13432	ed156c4c	512	224	0	13432
13458	1	18271715609340	none	13433	12980c7b	512	224	0	13433
13459	2	18271732882000	none	13434	6ab78dd8	512	224	0	13434
13460	3	18271750106430	none	13435	70481bff	512	224	0	13435
13461	4	18271767336760	none	13436	67805ebd	512	224	0	13436
13462	5	18271784684080	none	13437	063d7d5f	512	224	0	13437
13463	6	18271801853380	none	13438	58ca9c25	512	224	0	13438
13464	7	18271815159060	none	13439	864f3b9e	512	224	0	13439
13465	0	18271832362990	none	13440	071f373c	512	224	0	13440
13466	1	18271849758140	none	13441	ce28c564	512	224	0	13441
13467	2	18271867019490	none	13442	fd940d0f	512	224	0	13442
13468	3	18271884217660	none	13443	27b1d531	512	224	0	13443
13469	4	18271901473110	none	13444	9a1dfd07	512	224	0	13444
13470	5	18271918661650	none	13445	f6f17ba4	512	224	0	13445
13471	6	18271931805310	none	13446	a2aa1050	512	224	0	13446
13472	7	18271949964250	none	13447	021cdf8a	512	224	0	13447
13473	0	18271967405910	none	13448	99d29304	512	224	0	13448
13474	1	18271984733050	none	13449	bd24f0d8	512	224	0	13449
13475	2	18271998095060	none	13450	bd14b14e	512	224	0	13450
13476	3	18272015815990	none	13451	81f1704b	512	224	0	13451
13477	4	18272033165880	none	13452	ba7c0b34	512	224	0	13452
13478	5	18272050471070	none	13453	2bf76862	512	224	0	13453
13479	6	18272067935360	none	13454	576bef50	512	224	0	13454
13480	7	18272085262980	none	13455	4baba63c	512	224	0	13455
13481	0	18272098457920	none	13456	9000c5dc	512	224	0	13456
13482	1	18272115667240	none	13457	0823a13f	512	224	0	13457
13483	2	18272132939590	none	13458	5ac887cd	512	224	0	13458
13484	3	18272150338300	none	13459	87566e16	512	224	0	13459
13485	4	18272167596170	none	13460	923a9fcf	512	224	0	13460
13486	5	18272181139000	none	13461	f4ad4eda	512	224	0	13461
13487	6	18272198895750	none	13462	23f075c2	512	224	0	13462
13488	7	18272216295530	none	13463	bb6150a4	512	224	0	13463
13489	0	18272233920830	none	13464	b10c655e	512	224	0	13464
13490	1	18272251368280	none	13465	87be9587	512	224	0	13465
13491	2	18272264758810	none	13466	29fef32b	512	224	0	13466
13492	3	18272282131280	none	13467	79cc1cb0	512	224	0	13467
13493	4	18272299464130	none	13468	a1c3b93a	512	224	0	13468
13494	5	18272316685420	none	13469	e2d10e06	512	224	0	13469
13495	6	18272334058570	none	13470	09e3d823	512	224	0	13470
13496	7	18272351275240	none	13471	22c6be29	512	224	0	13471
13497	0	18272364614520	none	13472	a2db4705	512	224	0	13472
13498	1	18272381887900	none	13473	36afeeb8	512	224	0	13473
13499	2	18272399127980	none	13474	45561abe	512	224	0	13474
13500	3	18272416364500	none	13475	69e466a9	512	224	0	13475
13501	4	18272433559930	none	13476	e97b1049	512	224	0	13476
13502	5	18272450737820	none	13477	e476a484	512	224	0	13477
13503	6	18272467933590	none	13478	fa13a448	512	224	0	13478
13504	7	18272481125270	none	13479	3f94f5ec	512	224	0	13479
13505	0	18272498488330	none	13480	c6e917b0	512	224	0	13480
13506	1	18272515689020	none	13481	95dcf0fb	512	224	0	13481
13507	2	18272532895400	none	13482	d8b595eb	512	224	0	13482
13508	3	18272550230480	none	13483	6cb86372	512	224	0	13483
13509	4	18272567555780	none	13484	cf2e94c7	512	224	0	13484
13510	5	18272580803520	none	13485	899d0181	512	224	0	13485
13511	6	18272598203760	none	13486	99133b2f	512	224	0	13486
13512	7	18272615410830	none	13487	3cfcb4c4	512	224	0	13487
13513	0	18272632613580	none	13488	00b5165b	512	224	0	13488
13514	1	18272649815490	none	13489	241a1397	512	224	0	13489
13515	2	18272667044210	none	13490	34a8fb9a	512	224	0	13490
13516	3	18272684261210	none	13491	7d9c5877	512	224	0	13491
13517	4	18272697452290	none	13492	1a2e77a8	512	224	0	13492
13518	5	18272714635650	none	13493	360a02b2	512	224	0	13493
13519	6	18272731822350	none	13494	0ed5071b	512	224	0	13494
13520	7	18272749063070	none	13495	368cb02d	512	224	0	13495
13521	0	18272766276080	none	13496	257c50bd	512	224	0	13496
13522	1	18272783483800	none	13497	bca9dd40	512	224	0	13497
13523	2	18272800669310	none	13498	14881c39	512	224	0	13498
13524	3	18272813894400	none	13499	fe57d25e	512	224	0	13499
13525	4	18272831139080	none	13500	47eb5412	512	224	0	13500
13526	5	18272848422120	none	13501	7c3a07bd	512	224	0	13501
13527	6	18272865674400	none	13502	9a5b1dd2	512	224	0	13502
13528	7	18272882858240	none	13503	a09745f4	512	224	0	13503
13529	0	18272900078410	none	13504	3624006f	512	224	0	13504
13530	1	18272913372180	none	13505	6b679040	512	224	0	13505
13531	2	18272930559900	none	13506	4c0686b0	512	224	0	13506
13532	3	18272947820030	none	13507	99b6eefb	512	224	0	13507
13533	4	18272965070980	none	13508	4bdd6926	512	224	0	13508
13534	5	18272982289550	none	13509	a10f68d8	512	224	0	13509
13535	6	18272999518410	none	13510	22b24dbd	512	224	0	13510
13536	7	18273016700840	none	13511	7625854d	512	224	0	13511
13537	0	18273029895510	none	13512	a57d1cb1	512	224	0	13512
13538	1	18273047270640	none	13513	3cedeb65	512	224	0	13513
13539	2	18273064506570	none	13514	5553483f	512	224	0	13514
13540	3	18273081832450	none	13515	619b6f8e	512	224	0	13515
13541	4	18273099440350	none	13516	f6a065b8	512	224	0	13516
13542	5	18273116657010	none	13517	56b13abb	512	224	0	13517
13543	6	18273129822590	none	13518	1f149295	512	224	0	13518
13544	7	18273147234740	none	13519	dfd04331	512	224	0	13519
13545	0	18273164476050	none	13520	feff61c6	512	224	0	13520
13546	1	18273181677500	none	13521	4e90bc6e	512	224	0	13521
13547	2	18273198988590	none	13522	4bbe8ea3	512	224	0	13522
13548	3	18273216356840	none	13523	e5307b7f	512	224	0	13523
13549	4	18273229523120	none	13524	bc34269d	512	224	0	13524
13550	5	18273246814650	none	13525	d1177509	512	224	0	13525
13551	6	18273264056180	none	13526	cc3b4443	512	224	0	13526
13552	7	18273281274580	none	13527	49f9f98b	512	224	0	13527
13553	0	18273298514320	none	13528	9c33e40f	512	224	0	13528
13554	1	18273315713410	none	13529	41f80aa1	512	224	0	13529
13555	2	18273332918080	none	13530	e7de3988	512	224	0	13530
13556	3	18273346116240	none	13531	2f3f6af6	512	224	0	13531
13557	4	18273363373400	none	13532	f0eabf00	512	224	0	13532
13558	5	18273380593620	none	13533	466ab120	512	224	0	13533
13559	6	18273397794200	none	13534	425e7713	512	224	0	13534
13560	7	18273415042540	none	13535	81956e52	512	224	0	13535
13561	0	18273432253860	none	13536	65a80fb7	512	224	0	13536
13562	1	18273449481200	none	13537	aa76872b	512	224	0	13537
13563	2	18273462721910	none	13538	3c171e72	512	224	0	13538
13564	3	18273479921030	none	13539	df5f2413	512	224	0	13539
13565	4	18273497161800	none	13540	4c2eb5cc	512	224	0	13540
13566	5	18273514399240	none	13541	c2b016b9	512	224	0	13541
13567	6	18273531587170	none	13542	a7cde24b	512	224	0	13542
13568	7	18273548767440	none	13543	80b943d6	512	224	0	13543
13569	0	18273566148580	none	13544	39bf8ee0	512	224	0	13544
13570	1	18273579349810	none	13545	c434d2a2	512	224	0	13545
13571	2	18273596654970	none	13546	93cc7f6c	512	224	0	13546
13572	3	18273613936860	none	13547	cd01a68c	512	224	0	13547
13573	4	18273631179830	none	13548	49b923e9	512	224	0	13548
13574	5	18273648479070	none	13549	0a293105	512	224	0	13549
13575	6	18273665688730	none	13550	a594956b	512	224	0	13550
13576	7	18273678836620	none	13551	4895a3e7	512	224	0	13551
13577	0	18273696212620	none	13552	088cd2b6	512	224	0	13552
13578	1	18273713451010	none	13553	1286e24d	512	224	0	13553
13579	2	18273730644030	none	13554	183c20fb	512	224	0	13554
13580	3	18273747837590	none	13555	166dc905	512	224	0	13555
13581	4	18273765197440	none	13556	1a6c8884	512	224	0	13556
13582	5	18273782430500	none	13557	a4f5f3f2	512	224	0	13557
13583	6	18273795582530	none	13558	2129f556	512	224	0	13558
13584	7	18273812780300	none	13559	8436860b	512	224	0	13559
13585	0	18273830010020	none	13560	7980d01e	512	224	0	13560
13586	1	18273847225730	none	13561	bd789e8f	512	224	0	13561
13587	2	18273864497480	none	13562	818989cf	512	224	0	13562
13588	3	18273881676410	none	13563	1a6cecd1	512	224	0	13563
13589	4	18273894944970	none	13564	f1cb2ca5	512	224	0	13564
13590	5	18273912184540	none	13565	361a2e81	512	224	0	13565
13591	6	18273929453230	none	13566	b2af3ad9	512	224	0	13566
13592	7	18273946640300	none	13567	2d72ebe8	512	224	0	13567
13593	0	18273963842710	none	13568	6cd9996f	512	224	0	13568
13594	1	18273981106220	none	13569	acd1c7e0	512	224	0	13569
13595	2	18273998365040	none	13570	5c650f2d	512	224	0	13570
13596	3	18274011607600	none	13571	d155ba50	512	224	0	13571
13597	4	18274028882260	none	13572	0b3b009a	512	224	0	13572
13598	5	18274046124570	none	13573	26cb9394	512	224	0	13573
13599	6	18274063367760	none	13574	2bf4ea81	512	224	0	13574
13600	7	18274080550040	none	13575	02e62d85	512	224	0	13575
13601	0	18274097755650	none	13576	7b9bcba7	512	224	0	13576
13602	1	18274115145410	none	13577	19529955	512	224	0	13577
13603	2	18274128331790	none	13578	bebf85d0	512	224	0	13578
13604	3	18274145660260	none	13579	2a3abcb5	512	224	0	13579
13605	4	18274162950080	none	13580	b2acf915	512	224	0	13580
13606	5	18274180216470	none	13581	235e899e	512	224	0	13581
13607	6	18274197460420	none	13582	9e4ae958	512	224	0	13582
13608	7	18274214744200	none	13583	48b64861	512	224	0	13583
13609	0	18274227957900	none	13584	34cacf21	512	224	0	13584
13610	1	18274245190670	none	13585	b3d175d9	512	224	0	13585
13611	2	18274262419540	none	13586	a6003119	512	224	0	13586
13612	3	18274279617520	none	13587	e70e8075	512	224	0	13587
13613	4	18274296780010	none	13588	4fded728	512	224	0	13588
13614	5	18274314136090	none	13589	31ed881e	512	224	0	13589
13615	6	18274331367800	none	13590	5a3ce3b9	512	224	0	13590
13616	7	18274344537650	none	13591	9d1ce3ac	512	224	0	13591
13617	0	18274361745010	none	13592	4e811a5d	512	224	0	13592
13618	1	18274378957740	none	13593	cc69999e	512	224	0	13593
13619	2	18274396194710	none	13594	c862a7d3	512	224	0	13594
13620	3	18274413430520	none	13595	907a4626	512	224	0	13595
13621	4	18274430648510	none	13596	f5bbf735	512	224	0	13596
13622	5	18274447992720	none	13597	87b97e57	512	224	0	13597
13623	6	18274461177940	none	13598	dcd9a418	512	224	0	13598
13624	7	18274478466350	none	13599	bb4a3f16	512	224	0	13599
13625	0	18274495732020	none	13600	d7ce4dde	512	224	0	13600
13626	1	18274512960560	none	13601	5299f112	512	224	0	13601
13627	2	18274530177790	none	13602	0941a3fa	512	224	0	13602
13628	3	18274547402940	none	13603	ac5f98d6	512	224	0	13603
13629	4	18274560662710	none	13604	ff386cb9	512	224	0	13604
13630	5	18274577898670	none	13605	812a5f29	512	224	0	13605
13631	6	18274595120680	none	13606	fd331499	512	224	0	13606
13632	7	18274612385120	none	13607	531bf8b7	512	224	0	13607
13633	0	18274629605150	none	13608	05e2f011	512	224	0	13608
13634	1	18274646800910	none	13609	f9e15816	512	224	0	13609
13635	2	18274664192160	none	13610	3fcd6d7d	512	224	0	13610
13636	3	18274677441100	none	13611	13760a01	512	224	0	13611
13637	4	18274694648870	none	13612	b721d4e9	512	224	0	13612
13638	5	18274711881780	none	13613	1a0dfcde	512	224	0	13613
13639	6	18274729124050	none	13614	30fc7f23	512	224	0	13614
13640	7	18274746384190	none	13615	a5975bec	512	224	0	13615
13641	0	18274763716500	none	13616	a3233f41	512	224	0	13616
13642	1	18274776920310	none	13617	049c55c6	512	224	0	13617
13643	2	18274794146350	none	13618	e3cccf0b	512	224	0	13618
13644	3	18274811380830	none	13619	9ceb70ba	512	224	0	13619
13645	4	18274828585690	none	13620	86cef025	512	224	0	13620
13646	5	18274845760030	none	13621	07e5d037	512	224	0	13621
13647	6	18274863182370	none	13622	c4ea36f9	512	224	0	13622
13648	7	18274880417740	none	13623	b4242bb8	512	224	0	13623
13649	0	18274893569070	none	13624	29235718	512	224	0	13624
13650	1	18274910736760	none	13625	e9cd4993	512	224	0	13625
13651	2	18274927977080	none	13626	fdfaa6c0	512	224	0	13626
13652	3	18274945212040	none	13627	607e267d	512	224	0	13627
13653	4	18274962554230	none	13628	4a901244	512	224	0	13628
13654	5	18274979783980	none	13629	3d4ec4a1	512	224	0	13629
13655	6	18274997046200	none	13630	a6523ab0	512	224	0	13630
13656	7	18275010221000	none	13631	1acde659	512	224	0	13631
13657	0	18275027483580	none	13632	ddbf25d9	512	224	0	13632
13658	1	18275044690390	none	13633	9562c428	512	224	0	13633
13659	2	18275061889050	none	13634	cc9b67fa	512	224	0	13634
13660	3	18275079113910	none	13635	b28b538e	512	224	0	13635
13661	4	18275096337400	none	13636	9bd63c2b	512	224	0	13636
13662	5	18275109596620	none	13637	0e9d64ab	512	224	0	13637
13663	6	18275126868010	none	13638	f0d50190	512	224	0	13638
13664	7	18275144152480	none	13639	68dfd462	512	224	0	13639
13665	0	18275161377660	none	13640	f85d798e	512	224	0	13640
13666	1	18275178579300	none	13641	83946614	512	224	0	13641
13667	2	18275195942800	none	13642	d4cfcbf3	512	224	0	13642
13668	3	18275213388820	none	13643	e891cd1a	512	224	0	13643
13669	4	18275226976910	none	13644	6dfdb948	512	224	0	13644
13670	5	18275244282780	none	13645	9bbb850e	512	224	0	13645
13671	6	18275261491660	none	13646	ca23d012	512	224	0	13646
13672	7	18275278680350	none	13647	2021001b	512	224	0	13647
13673	0	18275295897470	none	13648	2f328f56	512	224	0	13648
13674	1	18275313167870	none	13649	deaeaae7	512	224	0	13649
13675	2	18275326368120	none	13650	10f45129	512	224	0	13650
13676	3	18275343560610	none	13651	93e1c585	512	224	0	13651
13677	4	18275360771160	none	13652	7a1f4312	512	224	0	13652
13678	5	18275378085470	none	13653	18737827	512	224	0	13653
13679	6	18275395308850	none	13654	cc921e86	512	224	0	13654
13680	7	18275412645870	none	13655	6efbbc0c	512	224	0	13655
13681	0	18275425904200	none	13656	c436c44b	512	224	0	13656
13682	1	18275443128880	none	13657	874ae9a6	512	224	0	13657
13683	2	18275460361390	none	13658	93febc22	512	224	0	13658
13684	3	18275477558460	none	13659	5380c67f	512	224	0	13659
13685	4	18275494876350	none	13660	df0e5b38	512	224	0	13660
13686	5	18275512303730	none	13661	b2d36822	512	224	0	13661
13687	6	18275529514290	none	13662	9d8afe2a	512	224	0	13662
13688	7	18275542656070	none	13663	60cdd906	512	224	0	13663
13689	0	18275559942650	none	13664	3b4fbc3a	512	224	0	13664
13690	1	18275577158350	none	13665	519e44f6	512	224	0	13665
13691	2	18275594440380	none	13666	e556703c	512	224	0	13666
13692	3	18275611681050	none	13667	675da5ba	512	224	0	13667
13693	4	18275628873340	none	13668	78b1a72d	512	224	0	13668
13694	5	18275642057320	none	13669	8954e0c2	512	224	0	13669
13695	6	18275659295260	none	13670	009fc8a5	512	224	0	13670
13696	7	18275676489400	none	13671	88c799f6	512	224	0	13671
13697	0	18275693654890	none	13672	39c79821	512	224	0	13672
13698	1	18275710861280	none	13673	5fd424ee	512	224	0	13673
13699	2	18275728141480	none	13674	e8ae209c	512	224	0	13674
13700	3	18275745352770	none	13675	58dc16bd	512	224	0	13675
13701	4	18275758537880	none	13676	52997e2d	512	224	0	13676
13702	5	18275775775060	none	13677	fc0c7319	512	224	0	13677
13703	6	18275793053030	none	13678	e624a190	512	224	0	13678
13704	7	18275810306220	none	13679	5b1e7326	512	224	0	13679
13705	0	18275827495160	none	13680	178b1ff8	512	224	0	13680
13706	1	18275844690820	none	13681	5ac58273	512	224	0	13681
13707	2	18275862000120	none	13682	e839a0a2	512	224	0	13682
13708	3	18275875182020	none	13683	a9489889	512	224	0	13683
13709	4	18275892426230	none	13684	27346be3	512	224	0	13684
13710	5	18275909612190	none	13685	e67af5ea	512	224	0	13685
13711	6	18275926800020	none	13686	6ed6c1de	512	224	0	13686
13712	7	18275944036160	none	13687	01d40dbf	512	224	0	13687
13713	0	18275961389370	none	13688	097d7b12	512	224	0	13688
13714	1	18275978664190	none	13689	54d3155d	512	224	0	13689
13715	2	18275991846990	none	13690	0fcba383	512	224	0	13690
13716	3	18276009070540	none	13691	30f5721b	512	224	0	13691
13717	4	18276026351620	none	13692	bc54b5a7	512	224	0	13692
13718	5	18276043577060	none	13693	a917ad78	512	224	0	13693
13719	6	18276060801730	none	13694	e1e4b22b	512	224	0	13694
13720	7	18276078045030	none	13695	1b14c562	512	224	0	13695
13721	0	18276095270110	none	13696	a1224dab	512	224	0	13696
13722	1	18276108432050	none	13697	4de6cdee	512	224	0	13697
13723	2	18276125631560	none	13698	8a2696f2	512	224	0	13698
13724	3	18276142830030	none	13699	3c8499b4	512	224	0	13699
13725	4	18276160192220	none	13700	d06c4408	512	224	0	13700
13726	5	18276177425150	none	13701	e6bc1dae	512	224	0	13701
13727	6	18276194624660	none	13702	6d359c49	512	224	0	13702
13728	7	18276207787340	none	13703	f79c51f9	512	224	0	13703
13729	0	18276225049060	none	13704	bc06e06b	512	224	0	13704
13730	1	18276242277800	none	13705	65957a19	512	224	0	13705
13731	2	18276259475410	none	13706	c0f63230	512	224	0	13706
13732	3	18276276660660	none	13707	1c23254f	512	224	0	13707
13733	4	18276293896880	none	13708	99b70217	512	224	0	13708
13734	5	18276311157670	none	13709	d6d1ba42	512	224	0	13709
13735	6	18276324377160	none	13710	73797765	512	224	0	13710
13736	7	18276341639090	none	13711	8c87b133	512	224	0	13711
13737	0	18276358902400	none	13712	f9fdbfdc	512	224	0	13712
13738	1	18276376112730	none	13713	3fd683f9	512	224	0	13713
13739	2	18276393339210	none	13714	a1ce64eb	512	224	0	13714
13740	3	18276410639670	none	13715	7e13f662	512	224	0	13715
13741	4	18276427952890	none	13716	b22e7ca5	512	224	0	13716
13742	5	18276441131770	none	13717	a39ae2e8	512	224	0	13717
13743	6	18276458408400	none	13718	4ac72eec	512	224	0	13718
13744	7	18276475599490	none	13719	1123fff5	512	224	0	13719
13745	0	18276492784680	none	13720	c5a74cf7	512	224	0	13720
13746	1	18276510142760	none	13721	a526f3ca	512	224	0	13721
13747	2	18276527378450	none	13722	4c9c5925	512	224	0	13722
13748	3	18276544579240	none	13723	4acb55e6	512	224	0	13723
13749	4	18276557765260	none	13724	eeb43e17	512	224	0	13724
13750	5	18276575050730	none	13725	64aea49a	512	224	0	13725
13751	6	18276592311920	none	13726	f83ae09a	512	224	0	13726
13752	7	18276609505580	none	13727	32d0619a	512	224	0	13727
13753	0	18276626699920	none	13728	a9534d19	512	224	0	13728
13754	1	18276643911210	none	13729	dcf7e556	512	224	0	13729
13755	2	18276657110600	none	13730	a50d15e2	512	224	0	13730
13756	3	18276674318870	none	13731	62223029	512	224	0	13731
13757	4	18276691612950	none	13732	ebc91125	512	224	0	13732
13758	5	18276708815350	none	13733	82199ade	512	224	0	13733
13759	6	18276726054520	none	13734	c0817fca	512	224	0	13734
13760	7	18276743295460	none	13735	611d8556	512	224	0	13735
13761	0	18276760496140	none	13736	d64c0a87	512	224	0	13736
13762	1	18276773646810	none	13737	bb39a797	512	224	0	13737
13763	2	18276790977440	none	13738	685438a1	512	224	0	13738
13764	3	18276808242380	none	13739	19246cae	512	224	0	13739
13765	4	18276825470720	none	13740	f80f351d	512	224	0	13740
13766	5	18276842709750	none	13741	ac184d29	512	224	0	13741
13767	6	18276860059750	none	13742	ec44701b	512	224	0	13742
13768	7	18276877289690	none	13743	181a603b	512	224	0	13743
13769	0	18276890449930	none	13744	70910fb7	512	224	0	13744
13770	1	18276907647790	none	13745	b31420c4	512	224	0	13745
13771	2	18276925053980	none	13746	7aa584fe	512	224	0	13746
13772	3	18276942303760	none	13747	82bbdbc4	512	224	0	13747
13773	4	18276959638020	none	13748	03a93f69	512	224	0	13748
13774	5	18276976941500	none	13749	a5d042ed	512	224	0	13749
13775	6	18276990200290	none	13750	8ad57490	512	224	0	13750
13776	7	18277007422050	none	13751	dae6e15f	512	224	0	13751
13777	0	18277024711110	none	13752	9972094d	512	224	0	13752
13778	1	18277041975720	none	13753	783b8eed	512	224	0	13753
13779	2	18277059345500	none	13754	ab5e2f88	512	224	0	13754
13780	3	18277076560500	none	13755	b0b5b780	512	224	0	13755
13781	4	18277089768340	none	13756	186c45c8	512	224	0	13756
13782	5	18277107048220	none	13757	5e66a43e	512	224	0	13757
13783	6	18277124275330	none	13758	02c281fa	512	224	0	13758
13784	7	18277141541910	none	13759	cd7bc528	512	224	0	13759
13785	0	18277158903790	none	13760	34ca823a	512	224	0	13760
13786	1	18277176135580	none	13761	60bc0f43	512	224	0	13761
13787	2	18277193370060	none	13762	3a474248	512	224	0	13762
13788	3	18277206522190	none	13763	82c30128	512	224	0	13763
13789	4	18277223702230	none	13764	1f8c1a6c	512	224	0	13764
13790	5	18277240930530	none	13765	2f4599d6	512	224	0	13765
13791	6	18277258356440	none	13766	7756d499	512	224	0	13766
13792	7	18277275557840	none	13767	5c9196a4	512	224	0	13767
13793	0	18277292741990	none	13768	d11a5837	512	224	0	13768
13794	1	18277309999060	none	13769	f7f9598d	512	224	0	13769
13795	2	18277323171030	none	13770	dc49787a	512	224	0	13770
13796	3	18277340402180	none	13771	f9f4e2b9	512	224	0	13771
13797	4	18277357720820	none	13772	e15def52	512	224	0	13772
13798	5	18277375023700	none	13773	2661972e	512	224	0	13773
13799	6	18277392278530	none	13774	53738d8d	512	224	0	13774
13800	7	18277409482730	none	13775	84c05747	512	224	0	13775
13801	0	18277422632930	none	13776	736b5563	512	224	0	13776
13802	1	18277439829040	none	13777	d9e98ec3	512	224	0	13777
13803	2	18277457040680	none	13778	66e7c967	512	224	0	13778
13804	3	18277474263540	none	13779	ac33d2f8	512	224	0	13779
13805	4	18277491538990	none	13780	763cd3d9	512	224	0	13780
13806	5	18277508920280	none	13781	a86acc75	512	224	0	13781
13807	6	18277526128140	none	13782	ab0c7d8f	512	224	0	13782
13808	7	18277539309330	none	13783	4bbcb0a6	512	224	0	13783
13809	0	18277556509600	none	13784	956cc98d	512	224	0	13784
13810	1	18277573694210	none	13785	f9bc6845	512	224	0	13785
13811	2	18277590924650	none	13786	03c2d542	512	224	0	13786
13812	3	18277608343110	none	13787	dfe44833	512	224	0	13787
13813	4	18277625623020	none	13788	c6d6b7ed	512	224	0	13788
13814	5	18277638815750	none	13789	4266f9f7	512	224	0	13789
13815	6	18277656044180	none	13790	5497aab0	512	224	0	13790
13816	7	18277673267640	none	13791	6c1fdb24	512	224	0	13791
13817	0	18277690450180	none	13792	2c2d99cc	512	224	0	13792
13818	1	18277707748510	none	13793	32087d9a	512	224	0	13793
13819	2	18277725028580	none	13794	bd4770a1	512	224	0	13794
13820	3	18277742267570	none	13795	13720ec3	512	224	0	13795
13821	4	18277755429220	none	13796	7cdf3bc8	512	224	0	13796
13822	5	18277772610690	none	13797	9e669447	512	224	0	13797
13823	6	18277789818280	none	13798	6c2de562	512	224	0	13798
13824	7	18277807181060	none	13799	5ff1b744	512	224	0	13799
13825	0	18277824411500	none	13800	bce51f17	512	224	0	13800
13826	1	18277841697330	none	13801	ec5ebe68	512	224	0	13801
13827	2	18277858998850	none	13802	e98e7620	512	224	0	13802
13828	3	18277872181300	none	13803	6bdd27e8	512	224	0	13803
13829	4	18277889442450	none	13804	bf81ade1	512	224	0	13804
13830	5	18277906636380	none	13805	98622ecf	512	224	0	13805
13831	6	18277923823690	none	13806	3b6fd6b9	512	224	0	13806
13832	7	18277941047070	none	13807	6bbc242d	512	224	0	13807
13833	0	18277958363320	none	13808	95462acc	512	224	0	13808
13834	1	18277971582360	none	13809	57affd39	512	224	0	13809
13835	2	18277988772680	none	13810	9a8f5cd5	512	224	0	13810
13836	3	18278005986590	none	13811	9610ec43	512	224	0	13811
13837	4	18278023190190	none	13812	8573c713	512	224	0	13812
13838	5	18278040404090	none	13813	c4c8f6bf	512	224	0	13813
13839	6	18278057707360	none	13814	55fa72b4	512	224	0	13814
13840	7	18278075019400	none	13815	96a157e0	512	224	0	13815
13841	0	18278088224600	none	13816	a8eb4b48	512	224	0	13816
13842	1	18278105417800	none	13817	f2f4b413	512	224	0	13817
13843	2	18278122614270	none	13818	652d777b	512	224	0	13818
13844	3	18278139893730	none	13819	853282c3	512	224	0	13819
13845	4	18278157168190	none	13820	14c52663	512	224	0	13820
13846	5	18278174406210	none	13821	a82ee3fd	512	224	0	13821
13847	6	18278191709860	none	13822	23968123	512	224	0	13822
13848	7	18278204913950	none	13823	7eec4d92	512	224	0	13823
13849	0	18278222110430	none	13824	028581f5	512	224	0	13824
13850	1	18278239341590	none	13825	6054772a	512	224	0	13825
13851	2	18278256641470	none	13826	718be0cd	512	224	0	13826
13852	3	18278273947130	none	13827	8f8e7a7b	512	224	0	13827
13853	4	18278291161040	none	13828	c041d1d0	512	224	0	13828
13854	5	18278304394900	none	13829	a8819f74	512	224	0	13829
13855	6	18278321573940	none	13830	f279e19f	512	224	0	13830
13856	7	18278338764730	none	13831	b502fac8	512	224	0	13831
13857	0	18278356132230	none	13832	46995507	512	224	0	13832
13858	1	18278373356420	none	13833	8fb20362	512	224	0	13833
13859	2	18278390557150	none	13834	dea436ea	512	224	0	13834
13860	3	18278407758070	none	13835	a9d8e85e	512	224	0	13835
13861	4	18278420999330	none	13836	e114cbf2	512	224	0	13836
13862	5	18278438263810	none	13837	fb343d3f	512	224	0	13837
13863	6	18278455473070	none	13838	4fd8caf1	512	224	0	13838
13864	7	18278472674280	none	13839	431ba7c8	512	224	0	13839
13865	0	18278489900990	none	13840	dafb0429	512	224	0	13840
13866	1	18278507119240	none	13841	c3f0dbbb	512	224	0	13841
13867	2	18278524360910	none	13842	3fe66d08	512	224	0	13842
13868	3	18278537586610	none	13843	04234ccc	512	224	0	13843
13869	4	18278554767710	none	13844	bc7d8194	512	224	0	13844
13870	5	18278572081530	none	13845	44dae829	512	224	0	13845
13871	6	18278589299140	none	13846	49da1be1	512	224	0	13846
13872	7	18278606647120	none	13847	39e5c622	512	224	0	13847
13873	0	18278623864830	none	13848	4b6116bf	512	224	0	13848
13874	1	18278641081000	none	13849	3bc3e6bc	512	224	0	13849
13875	2	18278654338430	none	13850	b525412e	512	224	0	13850
13876	3	18278671518160	none	13851	efcebf77	512	224	0	13851
13877	4	18278688879350	none	13852	7bba5b0f	512	224	0	13852
13878	5	18278706132900	none	13853	31c52788	512	224	0	13853
13879	6	18278723395220	none	13854	a6c8d888	512	224	0	13854
13880	7	18278740580650	none	13855	1e9671fa	512	224	0	13855
13881	0	18278753727030	none	13856	7bd8a2e9	512	224	0	13856
13882	1	18278771064160	none	13857	05640e76	512	224	0	13857
13883	2	18278788283510	none	13858	b4950d54	512	224	0	13858
13884	3	18278805563640	none	13859	f1f50e33	512	224	0	13859
13885	4	18278822758000	none	13860	04fa318d	512	224	0	13860
13886	5	18278839986970	none	13861	f49c064d	512	224	0	13861
13887	6	18278857213030	none	13862	6b6dabef	512	224	0	13862
13888	7	18278870407240	none	13863	c58e47f6	512	224	0	13863
13889	0	18278887596660	none	13864	cb6a87fb	512	224	0	13864
13890	1	18278904767240	none	13865	e738a799	512	224	0	13865
13891	2	18278922000250	none	13866	4541f6fb	512	224	0	13866
13892	3	18278939231410	none	13867	84dd4e5b	512	224	0	13867
13893	4	18278956485560	none	13868	4201706b	512	224	0	13868
13894	5	18278973760850	none	13869	e80bf282	512	224	0	13869
13895	6	18278987054020	none	13870	31615d17	512	224	0	13870
13896	7	18279004280500	none	13871	d565e0f0	512	224	0	13871
13897	0	18279021460710	none	13872	634dfd4b	512	224	0	13872
13898	1	18279038660630	none	13873	43702d4d	512	224	0	13873
13899	2	18279055981940	none	13874	9db31a6f	512	224	0	13874
13900	3	18279073247490	none	13875	dc6b3456	512	224	0	13875
13901	4	18279086404860	none	13876	f5340462	512	224	0	13876
13902	5	18279103570940	none	13877	de16a0f8	512	224	0	13877
13903	6	18279120762660	none	13878	80d69d9c	512	224	0	13878
13904	7	18279137993060	none	13879	e344353a	512	224	0	13879
13905	0	18279155259710	none	13880	031e3b14	512	224	0	13880
13906	1	18279172480980	none	13881	0220f9b3	512	224	0	13881
13907	2	18279189671440	none	13882	3f4b5524	512	224	0	13882
13908	3	18279202868710	none	13883	0fbd947a	512	224	0	13883
13909	4	18279220157800	none	13884	23c87413	512	224	0	13884
13910	5	18279237389060	none	13885	991f988d	512	224	0	13885
13911	6	18279254769110	none	13886	b293d5e3	512	224	0	13886
13912	7	18279272015860	none	13887	2011a15e	512	224	0	13887
13913	0	18279289245710	none	13888	27770b79	512	224	0	13888
13914	1	18279306438410	none	13889	c4c32927	512	224	0	13889
13915	2	18279319586820	none	13890	37bc2a33	512	224	0	13890
13916	3	18279336764650	none	13891	be048d97	512	224	0	13891
13917	4	18279354106250	none	13892	fed7e7ff	512	224	0	13892
13918	5	18279371341150	none	13893	d98a61a2	512	224	0	13893
13919	6	18279388526360	none	13894	bbd64fb2	512	224	0	13894
13920	7	18279405718150	none	13895	8b76d41b	512	224	0	13895
13921	0	18279422939040	none	13896	106cf659	512	224	0	13896
13922	1	18279436203210	none	13897	4eb15491	512	224	0	13897
13923	2	18279453386770	none	13898	2985fd6f	512	224	0	13898
13924	3	18279470585000	none	13899	90ba0fbd	512	224	0	13899
13925	4	18279487900120	none	13900	e5aa2efc	512	224	0	13900
13926	5	18279505163670	none	13901	c7b9b6ff	512	224	0	13901
13927	6	18279522388000	none	13902	75f5c5d5	512	224	0	13902
13928	7	18279539571640	none	13903	2da020c2	512	224	0	13903
13929	0	18279552716260	none	13904	4b46c2f5	512	224	0	13904
13930	1	18279570080110	none	13905	4b8242a3	512	224	0	13905
13931	2	18279587282070	none	13906	ec9d788d	512	224	0	13906
13932	3	18279604572740	none	13907	5f99a4fe	512	224	0	13907
13933	4	18279621796130	none	13908	6e0d775e	512	224	0	13908
13934	5	18279639079640	none	13909	62c9935d	512	224	0	13909
13935	6	18279652251180	none	13910	09951b65	512	224	0	13910
13936	7	18279669440170	none	13911	e6149b49	512	224	0	13911
13937	0	18279686621250	none	13912	e465085c	512	224	0	13912
13938	1	18279703936260	none	13913	072cde05	512	224	0	13913
13939	2	18279721186620	none	13914	dbebddb2	512	224	0	13914
13940	3	18279738377840	none	13915	74425822	512	224	0	13915
13941	4	18279755631860	none	13916	2e9e5e5a	512	224	0	13916
13942	5	18279768815950	none	13917	dab9d155	512	224	0	13917
13943	6	18279786023300	none	13918	45a9269c	512	224	0	13918
13944	7	18279803367270	none	13919	2bb0470d	512	224	0	13919
13945	0	18279820554280	none	13920	c478b3ec	512	224	0	13920
13946	1	18279837732960	none	13921	6d157b5a	512	224	0	13921
13947	2	18279854994380	none	13922	9d3b9048	512	224	0	13922
13948	3	18279872221120	none	13923	fc0821d2	512	224	0	13923
13949	4	18279885377380	none	13924	d3f76730	512	224	0	13924
13950	5	18279902557430	none	13925	7d7c7471	512	224	0	13925
13951	6	18279919762990	none	13926	02ec738f	512	224	0	13926
13952	7	18279937003610	none	13927	f4d54091	512	224	0	13927
13953	0	18279954222590	none	13928	465bb4eb	512	224	0	13928
13954	1	18279971420190	none	13929	e19ff848	512	224	0	13929
13955	2	18279988618650	none	13930	e5c5a299	512	224	0	13930
13956	3	18280001793530	none	13931	b86d8f15	512	224	0	13931
13957	4	18280019085830	none	13932	26ff4c1a	512	224	0	13932
13958	5	18280036334610	none	13933	1847aea3	512	224	0	13933
13959	6	18280053660920	none	13934	d1a8f003	512	224	0	13934
13960	7	18280070948510	none	13935	890b51ab	512	224	0	13935
13961	0	18280088194020	none	13936	f31891ca	512	224	0	13936
13962	1	18280105398690	none	13937	05e5568f	512	224	0	13937
13963	2	18280118541660	none	13938	be346b6e	512	224	0	13938
13964	3	18280135732010	none	13939	d0b67eaf	512	224	0	13939
13965	4	18280153006380	none	13940	97c05b5a	512	224	0	13940
13966	5	18280170234830	none	13941	467b9be5	512	224	0	13941
13967	6	18280187430910	none	13942	9fc4c1e6	512	224	0	13942
13968	7	18280204690400	none	13943	2408d9b9	512	224	0	13943
13969	0	18280217880880	none	13944	4006979f	512	224	0	13944
13970	1	18280235294720	none	13945	b21a4b48	512	224	0	13945
13971	2	18280252781000	none	13946	0872d9b8	512	224	0	13946
13972	3	18280270091730	none	13947	39166e38	512	224	0	13947
13973	4	18280287484870	none	13948	fdb3a9dd	512	224	0	13948
13974	5	18280304819870	none	13949	7398f71f	512	224	0	13949
13975	6	18280318145780	none	13950	aa2a2dd6	512	224	0	13950
13976	7	18280335358670	none	13951	a4e50938	512	224	0	13951
13977	0	18280352622040	none	13952	a660c16c	512	224	0	13952
13978	1	18280369943450	none	13953	e24f9c56	512	224	0	13953
13979	2	18280387224290	none	13954	67581042	512	224	0	13954
13980	3	18280404418230	none	13955	d4b4a686	512	224	0	13955
13981	4	18280417553770	none	13956	c539e0ab	512	224	0	13956
13982	5	18280434734820	none	13957	3b7268e9	512	224	0	13957
13983	6	18280452082910	none	13958	13a80bd4	512	224	0	13958
13984	7	18280469321120	none	13959	79589ff4	512	224	0	13959
13985	0	18280486533420	none	13960	9f842555	512	224	0	13960
13986	1	18280503732190	none	13961	a7e11273	512	224	0	13961
13987	2	18280520960750	none	13962	7c764ee7	512	224	0	13962
13988	3	18280534131000	none	13963	d3e3bd77	512	224	0	13963
13989	4	18280551458360	none	13964	3d8c3c05	512	224	0	13964
13990	5	18280568667510	none	13965	9c7d3571	512	224	0	13965
13991	6	18280585925400	none	13966	299dfe85	512	224	0	13966
13992	7	18280603128910	none	13967	6ccc5760	512	224	0	13967
13993	0	18280620364240	none	13968	155760ac	512	224	0	13968
13994	1	18280637546380	none	13969	dbcb4eb2	512	224	0	13969
13995	2	18280650692110	none	13970	0d5ab1cd	512	224	0	13970
13996	3	18280667923040	none	13971	797ef085	512	224	0	13971
13997	4	18280685142690	none	13972	80abf757	512	224	0	13972
13998	5	18280702376120	none	13973	2a5af301	512	224	0	13973
13999	6	18280719569020	none	13974	4718aa4e	512	224	0	13974
14000	7	18280736803190	none	13975	da66ea2c	512	224	0	13975
14001	0	18280754018280	none	13976	1778f9a4	512	224	0	13976
14002	1	18280767333480	none	13977	e92db9b4	512	224	0	13977
14003	2	18280784513730	none	13978	baeb17ab	512	224	0	13978
14004	3	18280801813170	none	13979	eb678a87	512	224	0	13979
14005	4	18280819060280	none	13980	27a98f32	512	224	0	13980
14006	5	18280836312660	none	13981	6ca59c65	512	224	0	13981
14007	6	18280853548230	none	13982	2cd3c48d	512	224	0	13982
14008	7	18280870743820	none	13983	5a4afad4	512	224	0	13983
14009	0	18280883925920	none	13984	8d42aec0	512	224	0	13984
14010	1	18280901302560	none	13985	0c88b888	512	224	0	13985
14011	2	18280918487730	none	13986	6fb15784	512	224	0	13986
14012	3	18280935687700	none	13987	0bee4191	512	224	0	13987
14013	4	18280952996690	none	13988	8d2725b5	512	224	0	13988
14014	5	18280970246770	none	13989	afb65240	512	224	0	13989
14015	6	18280983406080	none	13990	2a4ad91b	512	224	0	13990
14016	7	18281000594480	none	13991	1bf64510	512	224	0	13991
14017	0	18281017783870	none	13992	2b211190	512	224	0	13992
14018	1	18281035012020	none	13993	814d1928	512	224	0	13993
14019	2	18281052244440	none	13994	f1a11cff	512	224	0	13994
14020	3	18281069435040	none	13995	f9385717	512	224	0	13995
14021	4	18281086684110	none	13996	7462fdf1	512	224	0	13996
14022	5	18281099894110	none	13997	c3072c98	512	224	0	13997
14023	6	18281117136970	none	13998	c199617b	512	224	0	13998
14024	7	18281134372560	none	13999	b5258ba2	512	224	0	13999
14025	0	18281151572410	none	14000	1a716ed9	512	224	0	14000
14026	1	18281168793780	none	14001	1e438369	512	224	0	14001
14027	2	18281186080950	none	14002	e2b399f5	512	224	0	14002
14028	3	18281203302210	none	14003	dd36525e	512	224	0	14003
14029	4	18281216557700	none	14004	607c83db	512	224	0	14004
14030	5	18281233758110	none	14005	d9a71ae3	512	224	0	14005
14031	6	18281251098690	none	14006	e36f657e	512	224	0	14006
14032	7	18281268326910	none	14007	5ab72da8	512	224	0	14007
14033	0	18281285514870	none	14008	50029455	512	224	0	14008
14034	1	18281302726970	none	14009	d6e00485	512	224	0	14009
14035	2	18281319945800	none	14010	1401bda0	512	224	0	14010
14036	3	18281333183630	none	14011	658a81e0	512	224	0	14011
14037	4	18281350540200	none	14012	f9d09b3d	512	224	0	14012
14038	5	18281367759690	none	14013	36fc42ad	512	224	0	14013
14039	6	18281385010740	none	14014	836ac06d	512	224	0	14014
14040	7	18281402335460	none	14015	be3fe263	512	224	0	14015
14041	0	18281419509260	none	14016	c00a2768	512	224	0	14016
14042	1	18281432663830	none	14017	baf33ed5	512	224	0	14017
14043	2	18281449871580	none	14018	5c555d44	512	224	0	14018
14044	3	18281467090420	none	14019	4f552df9	512	224	0	14019
14045	4	18281484351760	none	14020	ffc18f6e	512	224	0	14020
14046	5	18281501560870	none	14021	7a9c8efe	512	224	0	14021
14047	6	18281518769170	none	14022	b67798d6	512	224	0	14022
14048	7	18281536072720	none	14023	cef34316	512	224	0	14023
14049	0	18281549272560	none	14024	bf377130	512	224	0	14024
14050	1	18281566459180	none	14025	897fe07d	512	224	0	14025
14051	2	18281583664360	none	14026	8eaed9b8	512	224	0	14026
14052	3	18281600996260	none	14027	44b468b5	512	224	0	14027
14053	4	18281618367860	none	14028	9577ea52	512	224	0	14028
14054	5	18281635709680	none	14029	ee1d9575	512	224	0	14029
14055	6	18281648901630	none	14030	29d000ca	512	224	0	14030
14056	7	18281666160290	none	14031	f1cec86e	512	224	0	14031
14057	0	18281683413820	none	14032	5eeb11b4	512	224	0	14032
14058	1	18281700614000	none	14033	a8e05862	512	224	0	14033
14059	2	18281717841490	none	14034	cc99321c	512	224	0	14034
14060	3	18281735111250	none	14035	24adb153	512	224	0	14035
14061	4	18281752338410	none	14036	1b4ac6b7	512	224	0	14036
14062	5	18281765599990	none	14037	d8465762	512	224	0	14037
14063	6	18281782881930	none	14038	fa08641e	512	224	0	14038
14064	7	18281800105790	none	14039	a6b021aa	512	224	0	14039
14065	0	18281817323470	none	14040	e40105f9	512	224	0	14040
14066	1	18281834508160	none	14041	3a1245e6	512	224	0	14041
14067	2	18281851706950	none	14042	fa0e17a3	512	224	0	14042
14068	3	18281868951730	none	14043	ccb6203f	512	224	0	14043
14069	4	18281882156380	none	14044	f0e031ee	512	224	0	14044
14070	5	18281899494410	none	14045	7a684005	512	224	0	14045
14071	6	18281916707930	none	14046	64411fc3	512	224	0	14046
14072	7	18281933957060	none	14047	44fa9847	512	224	0	14047
14073	0	18281951188750	none	14048	51041424	512	224	0	14048
14074	1	18281968392140	none	14049	af186a7d	512	224	0	14049
14075	2	18281985596010	none	14050	470faa27	512	224	0	14050
14076	3	18281998783110	none	14051	1b47241c	512	224	0	14051
14077	4	18282015982440	none	14052	49caed18	512	224	0	14052
14078	5	18282033197370	none	14053	601b6080	512	224	0	14053
14079	6	18282050413150	none	14054	7ccc9a46	512	224	0	14054
14080	7	18282067599050	none	14055	e46d1378	512	224	0	14055
14081	0	18282084834220	none	14056	3207329b	512	224	0	14056
14082	1	18282102059730	none	14057	ef9447b5	512	224	0	14057
14083	2	18282115255760	none	14058	1acaec0c	512	224	0	14058
14084	3	18282132459870	none	14059	a34e2348	512	224	0	14059
14085	4	18282149658650	none	14060	f43c8b53	512	224	0	14060
14086	5	18282166912240	none	14061	e92d36e3	512	224	0	14061
14087	6	18282184193420	none	14062	b89df45c	512	224	0	14062
14088	7	18282201474080	none	14063	0cb47f59	512	224	0	14063
14089	0	18282214758200	none	14064	bbf66fdf	512	224	0	14064
14090	1	18282231982130	none	14065	eff58e87	512	224	0	14065
14091	2	18282249220510	none	14066	9067e8d8	512	224	0	14066
14092	3	18282266446230	none	14067	f0d18171	512	224	0	14067
14093	4	18282283719330	none	14068	8e8cfd46	512	224	0	14068
14094	5	18282300955490	none	14069	04b78b30	512	224	0	14069
14095	6	18282318316910	none	14070	d4416204	512	224	0	14070
14096	7	18282331475140	none	14071	0800fed6	512	224	0	14071
14097	0	18282348809560	none	14072	4149d14c	512	224	0	14072
14098	1	18282366032810	none	14073	3e5ca3f7	512	224	0	14073
14099	2	18282383269470	none	14074	bd45e4fc	512	224	0	14074
14100	3	18282400467710	none	14075	303c26e0	512	224	0	14075
14101	4	18282417701920	none	14076	ffa195ad	512	224	0	14076
14102	5	18282430926610	none	14077	94544766	512	224	0	14077
14103	6	18282448295230	none	14078	60c7fe52	512	224	0	14078
14104	7	18282465494190	none	14079	39c7c36d	512	224	0	14079
14105	0	18282482725410	none	14080	d4e6a20b	512	224	0	14080
14106	1	18282499995060	none	14081	3fe7e339	512	224	0	14081
14107	2	18282517218850	none	14082	0de29edc	512	224	0	14082
14108	3	18282534445450	none	14083	7b279ada	512	224	0	14083
14109	4	18282547582640	none	14084	0192120c	512	224	0	14084
14110	5	18282564796680	none	14085	2c5fc97b	512	224	0	14085
14111	6	18282582011990	none	14086	679e3290	512	224	0	14086
14112	7	18282599279000	none	14087	3baf17c2	512	224	0	14087
14113	0	18282616490250	none	14088	c89413d3	512	224	0	14088
14114	1	18282633672740	none	14089	6d2cea58	512	224	0	14089
14115	2	18282650911470	none	14090	32d30a8e	512	224	0	14090
14116	3	18282664094230	none	14091	373417f5	512	224	0	14091
14117	4	18282681340270	none	14092	94a97c4c	512	224	0	14092
14118	5	18282698660170	none	14093	4a8f7769	512	224	0	14093
14119	6	18282715916520	none	14094	a5b34b70	512	224	0	14094
14120	7	18282733184230	none	14095	b3de3079	512	224	0	14095
14121	0	18282750401010	none	14096	1377ac3e	512	224	0	14096
14122	1	18282763697910	none	14097	42b3788b	512	224	0	14097
14123	2	18282780931220	none	14098	d70a2c9c	512	224	0	14098
14124	3	18282798161690	none	14099	1c508d2e	512	224	0	14099
14125	4	18282815367690	none	14100	0069dc08	512	224	0	14100
14126	5	18282832546190	none	14101	7c6b3ff7	512	224	0	14101
14127	6	18282849770010	none	14102	dd4544f1	512	224	0	14102
14128	7	18282867164600	none	14103	51904359	512	224	0	14103
14129	0	18282880362570	none	14104	86b8bd93	512	224	0	14104
14130	1	18282897662670	none	14105	f1851062	512	224	0	14105
14131	2	18282914947900	none	14106	0a294a26	512	224	0	14106
14132	3	18282932172700	none	14107	e7268626	512	224	0	14107
14133	4	18282949380690	none	14108	442f6ef7	512	224	0	14108
14134	5	18282966658280	none	14109	a39d170f	512	224	0	14109
14135	6	18282983897410	none	14110	ee18e36d	512	224	0	14110
14136	7	18282997063650	none	14111	42ac23c3	512	224	0	14111
14137	0	18283014283540	none	14112	3002a35d	512	224	0	14112
14138	1	18283031489930	none	14113	6d20aafc	512	224	0	14113
14139	2	18283048734900	none	14114	b70658a2	512	224	0	14114
14140	3	18283065968680	none	14115	e6e559e7	512	224	0	14115
14141	4	18283083206340	none	14116	50dc411e	512	224	0	14116
14142	5	18283100425630	none	14117	846dfe5d	512	224	0	14117
14143	6	18283113589240	none	14118	cd52dd98	512	224	0	14118
14144	7	18283130805760	none	14119	c954f4fe	512	224	0	14119
14145	0	18283148022550	none	14120	d8654519	512	224	0	14120
14146	1	18283165255600	none	14121	dee5efaf	512	224	0	14121
14147	2	18283182453760	none	14122	1dad802a	512	224	0	14122
14148	3	18283199639980	none	14123	9f106784	512	224	0	14123
14149	4	18283212962140	none	14124	e01c2ec3	512	224	0	14124
14150	5	18283230229960	none	14125	f82e763f	512	224	0	14125
14151	6	18283247450870	none	14126	4303deda	512	224	0	14126
14152	7	18283264640140	none	14127	5f920c3f	512	224	0	14127
14153	0	18283282014680	none	14128	0d08103a	512	224	0	14128
14154	1	18283299332210	none	14129	215b62ac	512	224	0	14129
14155	2	18283316636310	none	14130	b7933a67	512	224	0	14130
14156	3	18283329906260	none	14131	4fbf1ed1	512	224	0	14131
14157	4	18283347130380	none	14132	da73bb6c	512	224	0	14132
14158	5	18283364350820	none	14133	472d8966	512	224	0	14133
14159	6	18283381529230	none	14134	fc3f71e1	512	224	0	14134
14160	7	18283398730070	none	14135	bd5a3d95	512	224	0	14135
14161	0	18283416092050	none	14136	e965c161	512	224	0	14136
14162	1	18283429276870	none	14137	0f725eec	512	224	0	14137
14163	2	18283446589830	none	14138	ad5f5cf5	512	224	0	14138
14164	3	18283463925330	none	14139	e739e3f7	512	224	0	14139
14165	4	18283481205240	none	14140	b8e3430f	512	224	0	14140
14166	5	18283498472900	none	14141	ebfe1509	512	224	0	14141
14167	6	18283515678410	none	14142	7f6cdf98	512	224	0	14142
14168	7	18283532911320	none	14143	86d6aeb1	512	224	0	14143
14169	0	18283546068930	none	14144	7fc55dea	512	224	0	14144
14170	1	18283563287060	none	14145	83995ae5	512	224	0	14145
14171	2	18283580494720	none	14146	a4d2c460	512	224	0	14146
14172	3	18283597709400	none	14147	ed968f12	512	224	0	14147
14173	4	18283614926350	none	14148	41d660db	512	224	0	14148
14174	5	18283632160910	none	14149	97ea3a3d	512	224	0	14149
14175	6	18283649365280	none	14150	2f5e493a	512	224	0	14150
14176	7	18283662527170	none	14151	437d183e	512	224	0	14151
14177	0	18283679735410	none	14152	26d843cd	512	224	0	14152
14178	1	18283696997920	none	14153	df89511d	512	224	0	14153
14179	2	18283714209760	none	14154	32f9a353	512	224	0	14154
14180	3	18283731400350	none	14155	45d6e612	512	224	0	14155
14181	4	18283748709140	none	14156	ec19f3e3	512	224	0	14156
14182	5	18283766040170	none	14157	28b0b230	512	224	0	14157
14183	6	18283779369850	none	14158	1f2e2569	512	224	0	14158
14184	7	18283796577340	none	14159	02bb03f2	512	224	0	14159
14185	0	18283813793990	none	14160	4e694c24	512	224	0	14160
14186	1	18283831086660	none	14161	99157b1a	512	224	0	14161
14187	2	18283848304450	none	14162	c3e54acf	512	224	0	14162
14188	3	18283865615440	none	14163	12b32322	512	224	0	14163
14189	4	18283878905320	none	14164	e91338a8	512	224	0	14164
14190	5	18283896145590	none	14165	0cd4b4b8	512	224	0	14165
14191	6	18283913354070	none	14166	a1e5a4a5	512	224	0	14166
14192	7	18283930529440	none	14167	94417ee4	512	224	0	14167
14193	0	18283947743040	none	14168	ceeebc83	512	224	0	14168
14194	1	18283965112590	none	14169	f7bbcb92	512	224	0	14169
14195	2	18283982309310	none	14170	47f60667	512	224	0	14170
14196	3	18283995458680	none	14171	3d37655e	512	224	0	14171
14197	4	18284012803890	none	14172	e5655543	512	224	0	14172
14198	5	18284030065150	none	14173	f3d49ea0	512	224	0	14173
14199	6	18284047301940	none	14174	57c73dc8	512	224	0	14174
14200	7	18284064601080	none	14175	4cf3f321	512	224	0	14175
14201	0	18284081937650	none	14176	21493bba	512	224	0	14176
14202	1	18284095142590	none	14177	27fc479d	512	224	0	14177
14203	2	18284112329210	none	14178	20a88a97	512	224	0	14178
14204	3	18284129605550	none	14179	823fb72c	512	224	0	14179
14205	4	18284146838700	none	14180	e6099333	512	224	0	14180
14206	5	18284164200940	none	14181	c2f21f99	512	224	0	14181
14207	6	18284181403770	none	14182	40bc40e2	512	224	0	14182
14208	7	18284198591390	none	14183	f46148e6	512	224	0	14183
14209	0	18284211785570	none	14184	e6b8fdf9	512	224	0	14184
14210	1	18284228995230	none	14185	761253f6	512	224	0	14185
14211	2	18284246241080	none	14186	915e30b1	512	224	0	14186
14212	3	18284263441380	none	14187	2ce56573	512	224	0	14187
14213	4	18284280698740	none	14188	4789518c	512	224	0	14188
14214	5	18284297956150	none	14189	a7eebb09	512	224	0	14189
14215	6	18284311175460	none	14190	ea8f56bd	512	224	0	14190
14216	7	18284328366040	none	14191	d7dd30fa	512	224	0	14191
14217	0	18284345583250	none	14192	e2bcc3df	512	224	0	14192
14218	1	18284362819470	none	14193	50156e2f	512	224	0	14193
14219	2	18284380127740	none	14194	0c1f5587	512	224	0	14194
14220	3	18284397393240	none	14195	f102184e	512	224	0	14195
14221	4	18284414687610	none	14196	9a0015e4	512	224	0	14196
14222	5	18284427909710	none	14197	cd08d874	512	224	0	14197
14223	6	18284445144580	none	14198	9c90d356	512	224	0	14198
14224	7	18284462385670	none	14199	0ca426b8	512	224	0	14199
14225	0	18284479577690	none	14200	0ad98ea6	512	224	0	14200
14226	1	18284496802310	none	14201	115d7ed6	512	224	0	14201
14227	2	18284514181540	none	14202	28513d22	512	224	0	14202
14228	3	18284531375220	none	14203	99a53bd2	512	224	0	14203
14229	4	18284544553600	none	14204	6dcccb0f	512	224	0	14204
14230	5	18284561779140	none	14205	74b6f1d9	512	224	0	14205
14231	6	18284579097130	none	14206	5fef1be0	512	224	0	14206
14232	7	18284596295630	none	14207	d8fa5740	512	224	0	14207
14233	0	18284613596730	none	14208	41f44f22	512	224	0	14208
14234	1	18284630946510	none	14209	39b07af3	512	224	0	14209
14235	2	18284644130700	none	14210	8286e789	512	224	0	14210
14236	3	18284661324200	none	14211	cfd01519	512	224	0	14211
14237	4	18284678524170	none	14212	87e8aca4	512	224	0	14212
14238	5	18284695741740	none	14213	7f2718b2	512	224	0	14213
14239	6	18284713107190	none	14214	ca75fc4d	512	224	0	14214
14240	7	18284730295720	none	14215	9d27de05	512	224	0	14215
14241	0	18284747491780	none	14216	7008d554	512	224	0	14216
14242	1	18284760656340	none	14217	b1cfc687	512	224	0	14217
14243	2	18284777882040	none	14218	608b5642	512	224	0	14218
14244	3	18284795126210	none	14219	42441536	512	224	0	14219
14245	4	18284812445300	none	14220	7509770e	512	224	0	14220
14246	5	18284829712950	none	14221	7414d53c	512	224	0	14221
14247	6	18284846982510	none	14222	cb0fda70	512	224	0	14222
14248	7	18284860200280	none	14223	46b76be9	512	224	0	14223
14249	0	18284877406620	none	14224	d691c728	512	224	0	14224
14250	1	18284894599850	none	14225	2412918a	512	224	0	14225
14251	2	18284911819510	none	14226	4f02009f	512	224	0	14226
14252	3	18284929099440	none	14227	001c31d4	512	224	0	14227
14253	4	18284946330110	none	14228	67377ae3	512	224	0	14228
14254	5	18284963662840	none	14229	c5f96d04	512	224	0	14229
14255	6	18284976910760	none	14230	6016137c	512	224	0	14230
14256	7	18284994155500	none	14231	9350ee2f	512	224	0	14231
14257	0	18285011352240	none	14232	a72b7135	512	224	0	14232
14258	1	18285028572230	none	14233	51deb0a6	512	224	0	14233
14259	2	18285045890500	none	14234	1aaedfe4	512	224	0	14234
14260	3	18285063138060	none	14235	521eee82	512	224	0	14235
14261	4	18285080422990	none	14236	30d29929	512	224	0	14236
14262	5	18285093700610	none	14237	93ac5ebe	512	224	0	14237
14263	6	18285110958280	none	14238	29a6071a	512	224	0	14238
14264	7	18285128170270	none	14239	ca1f299c	512	224	0	14239
14265	0	18285145361410	none	14240	989dd2db	512	224	0	14240
14266	1	18285162687780	none	14241	89fab39c	512	224	0	14241
14267	2	18285179945790	none	14242	229d87b4	512	224	0	14242
14268	3	18285193129610	none	14243	b38876ab	512	224	0	14243
14269	4	18285210322640	none	14244	48bfc035	512	224	0	14244
14270	5	18285227519190	none	14245	ee1552d6	512	224	0	14245
14271	6	18285244715550	none	14246	135eaefb	512	224	0	14246
14272	7	18285262028450	none	14247	3da7cb7d	512	224	0	14247
14273	0	18285279572550	none	14248	e2e6a969	512	224	0	14248
14274	1	18285296831150	none	14249	604ba5c9	512	224	0	14249
14275	2	18285310005920	none	14250	1b54385e	512	224	0	14250
14276	3	18285327245190	none	14251	c23cf724	512	224	0	14251
14277	4	18285344502370	none	14252	637ff8c1	512	224	0	14252
14278	5	18285361769900	none	14253	fab1cd95	512	224	0	14253
14279	6	18285378999350	none	14254	9357b023	512	224	0	14254
14280	7	18285396229200	none	14255	8a4c32ef	512	224	0	14255
14281	0	18285409397190	none	14256	247da00d	512	224	0	14256
14282	1	18285426582350	none	14257	b8cebc4a	512	224	0	14257
14283	2	18285443833070	none	14258	e67b3795	512	224	0	14258
14284	3	18285461043740	none	14259	ad43f953	512	224	0	14259
14285	4	18285478274240	none	14260	6fc4a53d	512	224	0	14260
14286	5	18285495488890	none	14261	ce46839b	512	224	0	14261
14287	6	18285512813950	none	14262	8241ed45	512	224	0	14262
14288	7	18285525991910	none	14263	94c4a7e3	512	224	0	14263
14289	0	18285543277900	none	14264	c6287c28	512	224	0	14264
14290	1	18285560453390	none	14265	643150e8	512	224	0	14265
14291	2	18285577656130	none	14266	5d7d6c32	512	224	0	14266
14292	3	18285594896640	none	14267	13821ab8	512	224	0	14267
14293	4	18285612134690	none	14268	557bcb94	512	224	0	14268
14294	5	18285629358190	none	14269	d63ab47c	512	224	0	14269
14295	6	18285642530020	none	14270	fc374267	512	224	0	14270
14296	7	18285659920790	none	14271	adeda471	512	224	0	14271
14297	0	18285677127580	none	14272	ece5520f	512	224	0	14272
14298	1	18285694335040	none	14273	3a97b836	512	224	0	14273
14299	2	18285711624940	none	14274	e59107ee	512	224	0	14274
14300	3	18285728946490	none	14275	ff0a7b9b	512	224	0	14275
14301	4	18285742131950	none	14276	29e0c9c0	512	224	0	14276
14302	5	18285759329730	none	14277	df12a9ff	512	224	0	14277
14303	6	18285776515510	none	14278	5e18c92a	512	224	0	14278
14304	7	18285793739750	none	14279	edf2d241	512	224	0	14279
14305	0	18285810961370	none	14280	a40f5d0a	512	224	0	14280
14306	1	18285828172010	none	14281	e44470db	512	224	0	14281
14307	2	18285845366160	none	14282	99d88ffc	512	224	0	14282
14308	3	18285862572220	none	14283	7fc6cb31	512	224	0	14283
14309	4	18285875766640	none	14284	9856290c	512	224	0	14284
14310	5	18285893011810	none	14285	ec6225d5	512	224	0	14285
14311	6	18285910239940	none	14286	cbb8fe90	512	224	0	14286
14312	7	18285927419210	none	14287	59d4d1a7	512	224	0	14287
14313	0	18285944605210	none	14288	614607be	512	224	0	14288
14314	1	18285961908460	none	14289	f8738d91	512	224	0	14289
14315	2	18285975124150	none	14290	6e7d726e	512	224	0	14290
14316	3	18285992337940	none	14291	b62b6eb6	512	224	0	14291
14317	4	18286009529470	none	14292	aa33b88e	512	224	0	14292
14318	5	18286026755100	none	14293	f0f1017b	512	224	0	14293
14319	6	18286043997180	none	14294	718cc9b6	512	224	0	14294
14320	7	18286061224060	none	14295	6c736f66	512	224	0	14295
14321	0	18286078416250	none	14296	4e59666b	512	224	0	14296
14322	1	18286091570970	none	14297	c6d2bae8	512	224	0	14297
14323	2	18286108807110	none	14298	0d7cedd4	512	224	0	14298
14324	3	18286126106540	none	14299	f713261e	512	224	0	14299
14325	4	18286143338120	none	14300	153df6d2	512	224	0	14300
14326	5	18286160734760	none	14301	f0cd1558	512	224	0	14301
14327	6	18286177987470	none	14302	2cd1c844	512	224	0	14302
14328	7	18286195211430	none	14303	d9e983ac	512	224	0	14303
14329	0	18286208369920	none	14304	ecc1e5b0	512	224	0	14304
14330	1	18286225578240	none	14305	3cdb39c4	512	224	0	14305
14331	2	18286242800900	none	14306	345862fd	512	224	0	14306
14332	3	18286260156570	none	14307	0ac5a651	512	224	0	14307
14333	4	18286277357470	none	14308	7d67def4	512	224	0	14308
14334	5	18286294562450	none	14309	a28aea9a	512	224	0	14309
14335	6	18286311802440	none	14310	d66341dc	512	224	0	14310
14336	7	18286325019120	none	14311	112c71d8	512	224	0	14311
14337	0	18286342250960	none	14312	b151b629	512	224	0	14312
14338	1	18286359434360	none	14313	d400ed39	512	224	0	14313
14339	2	18286376635410	none	14314	d1c15490	512	224	0	14314
14340	3	18286393891380	none	14315	627f899b	512	224	0	14315
14341	4	18286411154950	none	14316	4eb380bd	512	224	0	14316
14342	5	18286424313430	none	14317	1d98dc6b	512	224	0	14317
14343	6	18286441635640	none	14318	cc5d5267	512	224	0	14318
14344	7	18286458897850	none	14319	f61f7938	512	224	0	14319
14345	0	18286476115320	none	14320	c0f0ec7a	512	224	0	14320
14346	1	18286493326750	none	14321	97dd9313	512	224	0	14321
14347	2	18286510519800	none	14322	1d60eed0	512	224	0	14322
14348	3	18286527747930	none	14323	511da414	512	224	0	14323
14349	4	18286541063600	none	14324	f0cb65fe	512	224	0	14324
14350	5	18286558353160	none	14325	2b3f9a65	512	224	0	14325
14351	6	18286575554670	none	14326	bfca51c3	512	224	0	14326
14352	7	18286592888320	none	14327	8205bbac	512	224	0	14327
14353	0	18286610129830	none	14328	539dc5cb	512	224	0	14328
14354	1	18286627320400	none	14329	9bcd1a8f	512	224	0	14329
14355	2	18286644510550	none	14330	525d086e	512	224	0	14330
14356	3	18286657702970	none	14331	bf9c7d03	512	224	0	14331
14357	4	18286675112360	none	14332	8b83bd0f	512	224	0	14332
14358	5	18286692435480	none	14333	6fa16eb0	512	224	0	14333
14359	6	18286709763940	none	14334	7cb95987	512	224	0	14334
14360	7	18286726983930	none	14335	e4a0a599	512	224	0	14335
14361	0	18286744205220	none	14336	45a46139	512	224	0	14336
14362	1	18286757353300	none	14337	5f93a8b7	512	224	0	14337
14363	2	18286774592820	none	14338	89f0ddec	512	224	0	14338
14364	3	18286791859230	none	14339	f4ea2d96	512	224	0	14339
14365	4	18286809247560	none	14340	74b4e2d4	512	224	0	14340
14366	5	18286826455630	none	14341	61afc9de	512	224	0	14341
14367	6	18286843659830	none	14342	b5020982	512	224	0	14342
14368	7	18286856958300	none	14343	bc67d6da	512	224	0	14343
14369	0	18286874201120	none	14344	58120a9e	512	224	0	14344
14370	1	18286891476460	none	14345	ae678bcc	512	224	0	14345
14371	2	18286908725990	none	14346	7a7b38ae	512	224	0	14346
14372	3	18286925941020	none	14347	18897556	512	224	0	14347
14373	4	18286943210480	none	14348	bb1aa0a1	512	224	0	14348
14374	5	18286960421660	none	14349	038d5f63	512	224	0	14349
14375	6	18286973597940	none	14350	0549a1e8	512	224	0	14350
14376	7	18286990988300	none	14351	39c44810	512	224	0	14351
14377	0	18287008402360	none	14352	3ba4e3d5	512	224	0	14352
14378	1	18287025633370	none	14353	37d46b75	512	224	0	14353
14379	2	18287042852450	none	14354	80801bc0	512	224	0	14354
14380	3	18287060113690	none	14355	95b01a20	512	224	0	14355
14381	4	18287073285720	none	14356	2da6217d	512	224	0	14356
14382	5	18287090508870	none	14357	6978faaa	512	224	0	14357
14383	6	18287107724390	none	14358	92ef990a	512	224	0	14358
14384	7	18287125067380	none	14359	22484854	512	224	0	14359
14385	0	18287142281390	none	14360	fbed52db	512	224	0	14360
14386	1	18287159479260	none	14361	540c1bc1	512	224	0	14361
14387	2	18287176698370	none	14362	3ad9baed	512	224	0	14362
14388	3	18287190021890	none	14363	d0c417b3	512	224	0	14363
14389	4	18287207246390	none	14364	01f340ad	512	224	0	14364
14390	5	18287224435020	none	14365	db392b8d	512	224	0	14365
14391	6	18287241726280	none	14366	f4ae18fc	512	224	0	14366
14392	7	18287259061220	none	14367	87574e6c	512	224	0	14367
14393	0	18287276258830	none	14368	596d1e2e	512	224	0	14368
14394	1	18287293446370	none	14369	e1ae09ab	512	224	0	14369
14395	2	18287306611470	none	14370	371aa57a	512	224	0	14370
14396	3	18287323857270	none	14371	531640aa	512	224	0	14371
14397	4	18287341085120	none	14372	1aed4a6c	512	224	0	14372
14398	5	18287358451890	none	14373	41462d20	512	224	0	14373
14399	6	18287375679230	none	14374	7a53eea7	512	224	0	14374
14400	7	18287392995730	none	14375	1ffedc88	512	224	0	14375
14401	0	18287406196010	none	14376	84ce5d61	512	224	0	14376
14402	1	18287423374830	none	14377	67809b85	512	224	0	14377
14403	2	18287440558580	none	14378	56bcd579	512	224	0	14378
14404	3	18287457919310	none	14379	d5e4659f	512	224	0	14379
14405	4	18287475226290	none	14380	ad9ca96b	512	224	0	14380
14406	5	18287492492220	none	14381	709049d3	512	224	0	14381
14407	6	18287509729460	none	14382	fcbda0f1	512	224	0	14382
14408	7	18287522929300	none	14383	b63d61fe	512	224	0	14383
14409	0	18287540138180	none	14384	ec04a54d	512	224	0	14384
14410	1	18287557470050	none	14385	7001b2ef	512	224	0	14385
14411	2	18287574748680	none	14386	383cdda5	512	224	0	14386
14412	3	18287591997840	none	14387	490255fd	512	224	0	14387
14413	4	18287609240010	none	14388	8aab5abb	512	224	0	14388
14414	5	18287622400530	none	14389	0f60cb4b	512	224	0	14389
14415	6	18287639568690	none	14390	96095dcf	512	224	0	14390
14416	7	18287656793090	none	14391	e378c90c	512	224	0	14391
14417	0	18287674005830	none	14392	46cbef8f	512	224	0	14392
14418	1	18287691347750	none	14393	7751c827	512	224	0	14393
14419	2	18287708599840	none	14394	e7520e9d	512	224	0	14394
14420	3	18287725851730	none	14395	6b3562e4	512	224	0	14395
14421	4	18287739068960	none	14396	938092e1	512	224	0	14396
14422	5	18287756346620	none	14397	46434a82	512	224	0	14397
14423	6	18287773542180	none	14398	bb6bf9a1	512	224	0	14398
14424	7	18287790886370	none	14399	ec11a7d2	512	224	0	14399
14425	0	18287808228990	none	-1	daebea57	512	224	0	14400
14426	1	18287825573500	none	-1	c4ff9596	512	224	0	14401
14427	2	18287838836780	none	-1	98e839f9	512	224	0	14402
