core_frame	header_ctr	capture_ns	dup_reason	movie_frame	hash	width	height	segment	avi_frame
29	4	17984915798790	none	0	61605322	512	224	0	0
30	5	17984933029850	none	1	61605322	512	224	0	1
31	6	17984950288370	none	2	61605322	512	224	0	2
32	7	17984967936650	none	3	61605322	512	224	0	3
33	0	17984985441730	none	4	61605322	512	224	0	4
34	1	17984998736530	none	5	61605322	512	224	0	5
35	2	17985016087920	none	6	70a038ec	512	224	0	6
36	3	17985033345290	none	7	697e44b7	512	224	0	7
37	4	17985050547710	none	8	b7923d76	512	224	0	8
38	5	17985067889870	none	9	c27fcc4e	512	224	0	9
39	6	17985085114510	none	10	c27fcc4e	512	224	0	10
40	7	17985098300960	none	11	c27fcc4e	512	224	0	11
41	0	17985115494420	none	12	c27fcc4e	512	224	0	12
42	1	17985132751710	none	13	c27fcc4e	512	224	0	13
43	2	17985150074550	none	14	c27fcc4e	512	224	0	14
44	3	17985167279600	none	15	c27fcc4e	512	224	0	15
45	4	17985184637390	none	16	c27fcc4e	512	224	0	16
46	5	17985197905850	none	17	c27fcc4e	512	224	0	17
47	6	17985215109380	none	18	c27fcc4e	512	224	0	18
48	7	17985232301010	none	19	c27fcc4e	512	224	0	19
49	0	17985249513500	none	20	c27fcc4e	512	224	0	20
50	1	17985266912270	none	21	c27fcc4e	512	224	0	21
51	2	17985284274360	none	22	c27fcc4e	512	224	0	22
52	3	17985301464610	none	23	c27fcc4e	512	224	0	23
53	4	17985314671020	none	24	c27fcc4e	512	224	0	24
54	5	17985331946980	none	25	c27fcc4e	512	224	0	25
55	6	17985349140880	none	26	c27fcc4e	512	224	0	26
56	7	17985366344960	none	27	c27fcc4e	512	224	0	27
57	0	17985383526600	none	28	c27fcc4e	512	224	0	28
58	1	17985400784940	none	29	c27fcc4e	512	224	0	29
59	2	17985418011450	none	30	c27fcc4e	512	224	0	30
60	3	17985431188020	none	31	c27fcc4e	512	224	0	31
61	4	17985448368680	none	32	c27fcc4e	512	224	0	32
62	5	17985465568110	none	33	c27fcc4e	512	224	0	33
63	6	17985482826760	none	34	c27fcc4e	512	224	0	34
64	7	17985500053170	none	35	c27fcc4e	512	224	0	35
65	0	17985517292720	none	36	c27fcc4e	512	224	0	36
66	1	17985534527020	none	37	c27fcc4e	512	224	0	37
67	2	17985547750290	none	38	c27fcc4e	512	224	0	38
68	3	17985565007040	none	39	c27fcc4e	512	224	0	39
69	4	17985582196570	none	40	c27fcc4e	512	224	0	40
70	5	17985599372730	none	41	c27fcc4e	512	224	0	41
71	6	17985616609310	none	42	c27fcc4e	512	224	0	42
72	7	17985633913770	none	43	c27fcc4e	512	224	0	43
73	0	17985651131770	none	44	c27fcc4e	512	224	0	44
74	1	17985664286510	none	45	c27fcc4e	512	224	0	45
75	2	17985681538470	none	46	c27fcc4e	512	224	0	46
76	3	17985698790080	none	47	c27fcc4e	512	224	0	47
77	4	17985715999240	none	48	c27fcc4e	512	224	0	48
78	5	17985733351340	none	49	c27fcc4e	512	224	0	49
79	6	17985750546830	none	50	c27fcc4e	512	224	0	50
80	7	17985763763080	none	51	c27fcc4e	512	224	0	51
81	0	17985781002940	none	52	c27fcc4e	512	224	0	52
82	1	17985798189260	none	53	c27fcc4e	512	224	0	53
83	2	17985815389120	none	54	c27fcc4e	512	224	0	54
84	3	17985832573050	none	55	c27fcc4e	512	224	0	55
85	4	17985849821120	none	56	c27fcc4e	512	224	0	56
86	5	17985867027150	none	57	c27fcc4e	512	224	0	57
87	6	17985880193250	none	58	c27fcc4e	512	224	0	58
88	7	17985897366360	none	59	c27fcc4e	512	224	0	59
89	0	17985914560640	none	60	c27fcc4e	512	224	0	60
90	1	17985931796540	none	61	c27fcc4e	512	224	0	61
91	2	17985949085130	none	62	c27fcc4e	512	224	0	62
92	3	17985966294590	none	63	c27fcc4e	512	224	0	63
93	4	17985983493970	none	64	c27fcc4e	512	224	0	64
94	5	17985996724530	none	65	c27fcc4e	512	224	0	65
95	6	17986013996700	none	66	c27fcc4e	512	224	0	66
96	7	17986031203070	none	67	c27fcc4e	512	224	0	67
97	0	17986048501750	none	68	c27fcc4e	512	224	0	68
98	1	17986065760050	none	69	c27fcc4e	512	224	0	69
99	2	17986083070650	none	70	c27fcc4e	512	224	0	70
100	3	17986100277070	none	71	c27fcc4e	512	224	0	71
101	4	17986113411190	none	72	c27fcc4e	512	224	0	72
102	5	17986130627320	none	73	c27fcc4e	512	224	0	73
103	6	17986147854590	none	74	c27fcc4e	512	224	0	74
104	7	17986165068940	none	75	c27fcc4e	512	224	0	75
105	0	17986182413090	none	76	c27fcc4e	512	224	0	76
106	1	17986199644420	none	77	c27fcc4e	512	224	0	77
107	2	17986216869910	none	78	c27fcc4e	512	224	0	78
108	3	17986230045550	none	79	c27fcc4e	512	224	0	79
109	4	17986247229710	none	80	c27fcc4e	512	224	0	80
110	5	17986264428440	none	81	c27fcc4e	512	224	0	81
111	6	17986281689470	none	82	c27fcc4e	512	224	0	82
112	7	17986298914870	none	83	c27fcc4e	512	224	0	83
113	0	17986316143070	none	84	c27fcc4e	512	224	0	84
114	1	17986333349340	none	85	c27fcc4e	512	224	0	85
115	2	17986346499010	none	86	c27fcc4e	512	224	0	86
116	3	17986363755380	none	87	c27fcc4e	512	224	0	87
117	4	17986380966140	none	88	c27fcc4e	512	224	0	88
118	5	17986398159710	none	89	c27fcc4e	512	224	0	89
119	6	17986415343530	none	90	c27fcc4e	512	224	0	90
120	7	17986432732540	none	91	c27fcc4e	512	224	0	91
121	0	17986445923410	none	92	c27fcc4e	512	224	0	92
122	1	17986463139170	none	93	c27fcc4e	512	224	0	93
123	2	17986480333850	none	94	c27fcc4e	512	224	0	94
124	3	17986497520130	none	95	c27fcc4e	512	224	0	95
125	4	17986514871590	none	96	c27fcc4e	512	224	0	96
126	5	17986532094130	none	97	c27fcc4e	512	224	0	97
127	6	17986549319300	none	98	c27fcc4e	512	224	0	98
128	7	17986562468110	none	99	c27fcc4e	512	224	0	99
129	0	17986579814550	none	100	c27fcc4e	512	224	0	100
130	1	17986597091730	none	101	c27fcc4e	512	224	0	101
131	2	17986614281540	none	102	c27fcc4e	512	224	0	102
132	3	17986631612510	none	103	c27fcc4e	512	224	0	103
133	4	17986648946330	none	104	c27fcc4e	512	224	0	104
134	5	17986666149970	none	105	c27fcc4e	512	224	0	105
135	6	17986679300260	none	106	c27fcc4e	512	224	0	106
136	7	17986696480590	none	107	c27fcc4e	512	224	0	107
137	0	17986713737040	none	108	c27fcc4e	512	224	0	108
138	1	17986731103990	none	109	c27fcc4e	512	224	0	109
139	2	17986748301780	none	110	c27fcc4e	512	224	0	110
140	3	17986765494740	none	111	c27fcc4e	512	224	0	111
141	4	17986778712300	none	112	c27fcc4e	512	224	0	112
142	5	17986795944580	none	113	c27fcc4e	512	224	0	113
143	6	17986813152630	none	114	c27fcc4e	512	224	0	114
144	7	17986830441820	none	115	c27fcc4e	512	224	0	115
145	0	17986847684290	none	116	c27fcc4e	512	224	0	116
146	1	17986864945740	none	117	c27fcc4e	512	224	0	117
147	2	17986882175410	none	118	c27fcc4e	512	224	0	118
148	3	17986895339660	none	119	c27fcc4e	512	224	0	119
149	4	17986912553340	none	120	c27fcc4e	512	224	0	120
150	5	17986929785480	none	121	c27fcc4e	512	224	0	121
151	6	17986947084100	none	122	c27fcc4e	512	224	0	122
152	7	17986964282530	none	123	c27fcc4e	512	224	0	123
153	0	17986981488530	none	124	c27fcc4e	512	224	0	124
154	1	17986998746970	none	125	c27fcc4e	512	224	0	125
155	2	17987012045840	none	126	c27fcc4e	512	224	0	126
156	3	17987029225710	none	127	c27fcc4e	512	224	0	127
157	4	17987046410870	none	128	c27fcc4e	512	224	0	128
158	5	17987063646410	none	129	c27fcc4e	512	224	0	129
159	6	17987080942350	none	130	c27fcc4e	512	224	0	130
160	7	17987098150680	none	131	c27fcc4e	512	224	0	131
161	0	17987115371260	none	132	c27fcc4e	512	224	0	132
162	1	17987128544020	none	133	c27fcc4e	512	224	0	133
163	2	17987145784480	none	134	c27fcc4e	512	224	0	134
164	3	17987163005690	none	135	c27fcc4e	512	224	0	135
165	4	17987180337360	none	136	c27fcc4e	512	224	0	136
166	5	17987197547610	none	137	c27fcc4e	512	224	0	137
167	6	17987214784160	none	138	c27fcc4e	512	224	0	138
168	7	17987227971840	none	139	c27fcc4e	512	224	0	139
169	0	17987245158790	none	140	c27fcc4e	512	224	0	140
170	1	17987262355870	none	141	c27fcc4e	512	224	0	141
171	2	17987279536080	none	142	c27fcc4e	512	224	0	142
172	3	17987296772620	none	143	c27fcc4e	512	224	0	143
173	4	17987313989840	none	144	c27fcc4e	512	224	0	144
174	5	17987331210340	none	145	c27fcc4e	512	224	0	145
175	6	17987344380460	none	146	c27fcc4e	512	224	0	146
176	7	17987361603560	none	147	c27fcc4e	512	224	0	147
177	0	17987378867230	none	148	c27fcc4e	512	224	0	148
178	1	17987396112280	none	149	c27fcc4e	512	224	0	149
179	2	17987413303560	none	150	c27fcc4e	512	224	0	150
180	3	17987430641380	none	151	c27fcc4e	512	224	0	151
181	4	17987447943620	none	152	c27fcc4e	512	224	0	152
182	5	17987461160600	none	153	c27fcc4e	512	224	0	153
183	6	17987478337730	none	154	c27fcc4e	512	224	0	154
184	7	17987495518950	none	155	c27fcc4e	512	224	0	155
185	0	17987512764490	none	156	c27fcc4e	512	224	0	156
186	1	17987530068860	none	157	c27fcc4e	512	224	0	157
187	2	17987547268280	none	158	c27fcc4e	512	224	0	158
188	3	17987564471820	none	159	c27fcc4e	512	224	0	159
189	4	17987577692610	none	160	c27fcc4e	512	224	0	160
190	5	17987595051000	none	161	c27fcc4e	512	224	0	161
191	6	17987612244020	none	162	c27fcc4e	512	224	0	162
192	7	17987629584050	none	163	c27fcc4e	512	224	0	163
193	0	17987646937290	none	164	c27fcc4e	512	224	0	164
194	1	17987664150600	none	165	c27fcc4e	512	224	0	165
195	2	17987677304720	none	166	c27fcc4e	512	224	0	166
196	3	17987694477620	none	167	c27fcc4e	512	224	0	167
197	4	17987711734400	none	168	c27fcc4e	512	224	0	168
198	5	17987728937880	none	169	c27fcc4e	512	224	0	169
199	6	17987746140770	none	170	c27fcc4e	512	224	0	170
200	7	17987763348180	none	171	c27fcc4e	512	224	0	171
201	0	17987780576730	none	172	c27fcc4e	512	224	0	172
202	1	17987793757540	none	173	c27fcc4e	512	224	0	173
203	2	17987811018550	none	174	c27fcc4e	512	224	0	174
204	3	17987828218070	none	175	c27fcc4e	512	224	0	175
205	4	17987845410950	none	176	c27fcc4e	512	224	0	176
206	5	17987862646070	none	177	c27fcc4e	512	224	0	177
207	6	17987879950620	none	178	c27fcc4e	512	224	0	178
208	7	17987897160060	none	179	c27fcc4e	512	224	0	179
209	0	17987910339410	none	180	c27fcc4e	512	224	0	180
210	1	17987927531110	none	181	c27fcc4e	512	224	0	181
211	2	17987944789690	none	182	c27fcc4e	512	224	0	182
212	3	17987962000700	none	183	c27fcc4e	512	224	0	183
213	4	17987979333080	none	184	c27fcc4e	512	224	0	184
214	5	17987996564200	none	185	c27fcc4e	512	224	0	185
215	6	17988013789650	none	186	c27fcc4e	512	224	0	186
216	7	17988026960410	none	187	c27fcc4e	512	224	0	187
217	0	17988044147890	none	188	c27fcc4e	512	224	0	188
218	1	17988061341020	none	189	c27fcc4e	512	224	0	189
219	2	17988078756580	none	190	c27fcc4e	512	224	0	190
220	3	17988096351540	none	191	c27fcc4e	512	224	0	191
221	4	17988110085250	none	192	c27fcc4e	512	224	0	192
222	5	17988127277890	none	193	c27fcc4e	512	224	0	193
223	6	17988144477610	none	194	c27fcc4e	512	224	0	194
224	7	17988161734280	none	195	c27fcc4e	512	224	0	195
225	0	17988179193650	none	196	c27fcc4e	512	224	0	196
226	1	17988196918710	none	197	c27fcc4e	512	224	0	197
227	2	17988210229570	none	198	c27fcc4e	512	224	0	198
228	3	17988227524370	none	199	c27fcc4e	512	224	0	199
229	4	17988244878730	none	200	c27fcc4e	512	224	0	200
230	5	17988262227340	none	201	c27fcc4e	512	224	0	201
231	6	17988279789020	none	202	c27fcc4e	512	224	0	202
232	7	17988293405580	none	203	c27fcc4e	512	224	0	203
233	0	17988310779170	none	204	c27fcc4e	512	224	0	204
234	1	17988328670520	none	205	c27fcc4e	512	224	0	205
235	2	17988346335860	none	206	c27fcc4e	512	224	0	206
236	3	17988359786820	none	207	c27fcc4e	512	224	0	207
237	4	17988377149880	none	208	c27fcc4e	512	224	0	208
238	5	17988394483250	none	209	c27fcc4e	512	224	0	209
239	6	17988411987650	none	210	c27fcc4e	512	224	0	210
240	7	17988429674180	none	211	c27fcc4e	512	224	0	211
241	0	17988443125330	none	212	c27fcc4e	512	224	0	212
242	1	17988460806740	none	213	c27fcc4e	512	224	0	213
243	2	17988478592560	none	214	c27fcc4e	512	224	0	214
244	3	17988496141330	none	215	c27fcc4e	512	224	0	215
245	4	17988509405280	none	216	c27fcc4e	512	224	0	216
246	5	17988526687150	none	217	c27fcc4e	512	224	0	217
247	6	17988543916620	none	218	c27fcc4e	512	224	0	218
248	7	17988561124310	none	219	c27fcc4e	512	224	0	219
249	0	17988578332880	none	220	c27fcc4e	512	224	0	220
250	1	17988595641470	none	221	c27fcc4e	512	224	0	221
251	2	17988609006640	none	222	c27fcc4e	512	224	0	222
252	3	17988626200640	none	223	c27fcc4e	512	224	0	223
253	4	17988643372980	none	224	c27fcc4e	512	224	0	224
254	5	17988660592460	none	225	c27fcc4e	512	224	0	225
255	6	17988677870270	none	226	c27fcc4e	512	224	0	226
256	7	17988695076310	none	227	c27fcc4e	512	224	0	227
257	0	17988712307950	none	228	c27fcc4e	512	224	0	228
258	1	17988725465640	none	229	c27fcc4e	512	224	0	229
259	2	17988742712100	none	230	c27fcc4e	512	224	0	230
260	3	17988759914250	none	231	c27fcc4e	512	224	0	231
261	4	17988777267400	none	232	c27fcc4e	512	224	0	232
262	5	17988794463370	none	233	c27fcc4e	512	224	0	233
263	6	17988811727740	none	234	c27fcc4e	512	224	0	234
264	7	17988829000470	none	235	c27fcc4e	512	224	0	235
265	0	17988842159310	none	236	c27fcc4e	512	224	0	236
266	1	17988859350210	none	237	c27fcc4e	512	224	0	237
267	2	17988876561000	none	238	c27fcc4e	512	224	0	238
268	3	17988893794100	none	239	c27fcc4e	512	224	0	239
269	4	17988911011780	none	240	c27fcc4e	512	224	0	240
270	5	17988928211500	none	241	c27fcc4e	512	224	0	241
271	6	17988945406040	none	242	c27fcc4e	512	224	0	242
272	7	17988958600400	none	243	c27fcc4e	512	224	0	243
273	0	17988975885020	none	244	c27fcc4e	512	224	0	244
274	1	17988993068750	none	245	c27fcc4e	512	224	0	245
275	2	17989010279370	none	246	c27fcc4e	512	224	0	246
276	3	17989027478260	none	247	c27fcc4e	512	224	0	247
277	4	17989044746780	none	248	c27fcc4e	512	224	0	248
278	5	17989062100070	none	249	c27fcc4e	512	224	0	249
279	6	17989075252880	none	250	c27fcc4e	512	224	0	250
280	7	17989092436770	none	251	c27fcc4e	512	224	0	251
281	0	17989109689500	none	252	c27fcc4e	512	224	0	252
282	1	17989126972440	none	253	c27fcc4e	512	224	0	253
283	2	17989144175650	none	254	c27fcc4e	512	224	0	254
284	3	17989161359400	none	255	c27fcc4e	512	224	0	255
285	4	17989178613080	none	256	c27fcc4e	512	224	0	256
286	5	17989191814680	none	257	c27fcc4e	512	224	0	257
287	6	17989209000500	none	258	c27fcc4e	512	224	0	258
288	7	17989226313760	none	259	c27fcc4e	512	224	0	259
289	0	17989243550630	none	260	c27fcc4e	512	224	0	260
290	1	17989260795670	none	261	c27fcc4e	512	224	0	261
291	2	17989278014450	none	262	c27fcc4e	512	224	0	262
292	3	17989291167520	none	263	c27fcc4e	512	224	0	263
293	4	17989308370590	none	264	c27fcc4e	512	224	0	264
294	5	17989325623850	none	265	c27fcc4e	512	224	0	265
295	6	17989342862060	none	266	c27fcc4e	512	224	0	266
296	7	17989360066180	none	267	c27fcc4e	512	224	0	267
297	0	17989377265560	none	268	c27fcc4e	512	224	0	268
298	1	17989394446670	none	269	c27fcc4e	512	224	0	269
299	2	17989407662090	none	270	c27fcc4e	512	224	0	270
300	3	17989424903420	none	271	c27fcc4e	512	224	0	271
301	4	17989442102620	none	272	c27fcc4e	512	224	0	272
302	5	17989459294090	none	273	c27fcc4e	512	224	0	273
303	6	17989476497810	none	274	c27fcc4e	512	224	0	274
304	7	17989493732500	none	275	c27fcc4e	512	224	0	275
305	0	17989511073840	none	276	c27fcc4e	512	224	0	276
306	1	17989524224020	none	277	c27fcc4e	512	224	0	277
307	2	17989541455970	none	278	c27fcc4e	512	224	0	278
308	3	17989558702160	none	279	c27fcc4e	512	224	0	279
309	4	17989575985830	none	280	c27fcc4e	512	224	0	280
310	5	17989593196660	none	281	c27fcc4e	512	224	0	281
311	6	17989610394200	none	282	c27fcc4e	512	224	0	282
312	7	17989627685470	none	283	c27fcc4e	512	224	0	283
313	0	17989640856510	none	284	c27fcc4e	512	224	0	284
314	1	17989658092410	none	285	c27fcc4e	512	224	0	285
315	2	17989675405730	none	286	c27fcc4e	512	224	0	286
316	3	17989692630030	none	287	c27fcc4e	512	224	0	287
317	4	17989709848610	none	288	c27fcc4e	512	224	0	288
318	5	17989727062130	none	289	c27fcc4e	512	224	0	289
319	6	17989744261850	none	290	c27fcc4e	512	224	0	290
320	7	17989757409070	none	291	c27fcc4e	512	224	0	291
321	0	17989774722440	none	292	c27fcc4e	512	224	0	292
322	1	17989791970650	none	293	c27fcc4e	512	224	0	293
323	2	17989809160500	none	294	c27fcc4e	512	224	0	294
324	3	17989826364530	none	295	c27fcc4e	512	224	0	295
325	4	17989843603770	none	296	c27fcc4e	512	224	0	296
326	5	17989860845650	none	297	c27fcc4e	512	224	0	297
327	6	17989874009930	none	298	c27fcc4e	512	224	0	298
328	7	17989891252830	none	299	c27fcc4e	512	224	0	299
329	0	17989908450330	none	300	c27fcc4e	512	224	0	300
330	1	17989925791810	none	301	c27fcc4e	512	224	0	301
331	2	17989943018990	none	302	3e58f228	512	224	0	302
332	3	17989960217970	none	303	3e58f228	512	224	0	303
333	4	17989973366160	none	304	3e58f228	512	224	0	304
334	5	17989990616030	none	305	52f53cbc	512	224	0	305
335	6	17990007925030	none	306	52f53cbc	512	224	0	306
336	7	17990025160160	none	307	52f53cbc	512	224	0	307
337	0	17990042396710	none	308	44dca0f0	512	224	0	308
338	1	17990059708200	none	309	44dca0f0	512	224	0	309
339	2	17990076915450	none	310	44dca0f0	512	224	0	310
340	3	17990090230520	none	311	0722ac57	512	224	0	311
341	4	17990107476000	none	312	0722ac57	512	224	0	312
342	5	17990124848540	none	313	0722ac57	512	224	0	313
343	6	17990142081960	none	314	854f6b8d	512	224	0	314
344	7	17990159267720	none	315	854f6b8d	512	224	0	315
345	0	17990176460020	none	316	854f6b8d	512	224	0	316
346	1	17990189664910	none	317	12449b77	512	224	0	317
347	2	17990206874080	none	318	12449b77	512	224	0	318
348	3	17990224241230	none	319	12449b77	512	224	0	319
349	4	17990241478530	none	320	a0de90a8	512	224	0	320
350	5	17990258729930	none	321	a0de90a8	512	224	0	321
351	6	17990275998020	none	322	a0de90a8	512	224	0	322
352	7	17990293190920	none	323	0270cb70	512	224	0	323
353	0	17990306471120	none	324	0270cb70	512	224	0	324
354	1	17990323730590	none	325	0270cb70	512	224	0	325
355	2	17990341026330	none	326	e2aa5dea	512	224	0	326
356	3	17990358242110	none	327	e2aa5dea	512	224	0	327
357	4	17990375435780	none	328	e2aa5dea	512	224	0	328
358	5	17990392700110	none	329	da0a9f7f	512	224	0	329
359	6	17990406023990	none	330	da0a9f7f	512	224	0	330
360	7	17990423213480	none	331	da0a9f7f	512	224	0	331
361	0	17990440409000	none	332	d12dbf5f	512	224	0	332
362	1	17990457690600	none	333	d12dbf5f	512	224	0	333
363	2	17990474995460	none	334	d12dbf5f	512	224	0	334
364	3	17990492203240	none	335	ffd4c35f	512	224	0	335
365	4	17990509378360	none	336	ffd4c35f	512	224	0	336
366	5	17990522600710	none	337	ffd4c35f	512	224	0	337
367	6	17990539810090	none	338	e8c39445	512	224	0	338
368	7	17990557016700	none	339	e8c39445	512	224	0	339
369	0	17990574330020	none	340	e8c39445	512	224	0	340
370	1	17990591622300	none	341	9179a85a	512	224	0	341
371	2	17990608837910	none	342	9179a85a	512	224	0	342
372	3	17990626030800	none	343	9179a85a	512	224	0	343
373	4	17990639320410	none	344	63209595	512	224	0	344
374	5	17990656522930	none	345	e5ee1834	512	224	0	345
375	6	17990673880660	none	346	9b30685e	512	224	0	346
376	7	17990691140290	none	347	4d611f12	512	224	0	347
377	0	17990708339070	none	348	4d611f12	512	224	0	348
378	1	17990725592810	none	349	4d611f12	512	224	0	349
379	2	17990738773940	none	350	563359cf	512	224	0	350
380	3	17990755965950	none	351	563359cf	512	224	0	351
381	4	17990773284520	none	352	563359cf	512	224	0	352
382	5	17990790538560	none	353	aed9e63e	512	224	0	353
383	6	17990807817460	none	354	aed9e63e	512	224	0	354
384	7	17990825035360	none	355	aed9e63e	512	224	0	355
385	0	17990842262980	none	356	f5d486e4	512	224	0	356
386	1	17990855555380	none	357	f5d486e4	512	224	0	357
387	2	17990872804660	none	358	f5d486e4	512	224	0	358
388	3	17990890032240	none	359	7f79cd59	512	224	0	359
389	4	17990907231030	none	360	7f79cd59	512	224	0	360
390	5	17990924572260	none	361	7f79cd59	512	224	0	361
391	6	17990941828900	none	362	2604fd73	512	224	0	362
392	7	17990959040040	none	363	2604fd73	512	224	0	363
393	0	17990972190980	none	364	2604fd73	512	224	0	364
394	1	17990989385260	none	365	82250225	512	224	0	365
395	2	17991006641770	none	366	82250225	512	224	0	366
396	3	17991023978620	none	367	82250225	512	224	0	367
397	4	17991041298610	none	368	dafc7c96	512	224	0	368
398	5	17991058536900	none	369	dafc7c96	512	224	0	369
399	6	17991071720290	none	370	dafc7c96	512	224	0	370
400	7	17991088918430	none	371	51d935d7	512	224	0	371
401	0	17991106241480	none	372	51d935d7	512	224	0	372
402	1	17991123444880	none	373	51d935d7	512	224	0	373
403	2	17991140768360	none	374	bb41be6d	512	224	0	374
404	3	17991158088110	none	375	bb41be6d	512	224	0	375
405	4	17991175297990	none	376	bb41be6d	512	224	0	376
406	5	17991188636620	none	377	4420bf90	512	224	0	377
407	6	17991205894250	none	378	4420bf90	512	224	0	378
408	7	17991223113170	none	379	4420bf90	512	224	0	379
409	0	17991240308400	none	380	4c9866a9	512	224	0	380
410	1	17991257568860	none	381	4c9866a9	512	224	0	381
411	2	17991274813030	none	382	4c9866a9	512	224	0	382
412	3	17991288121360	none	383	b96cdb81	512	224	0	383
413	4	17991305304240	none	384	b96cdb81	512	224	0	384
414	5	17991322671400	none	385	b96cdb81	512	224	0	385
415	6	17991339969030	none	386	49df9b6d	512	224	0	386
416	7	17991357199550	none	387	49df9b6d	512	224	0	387
417	0	17991374565980	none	388	49df9b6d	512	224	0	388
418	1	17991387800520	none	389	dc3420b3	512	224	0	389
419	2	17991405018920	none	390	dc3420b3	512	224	0	390
420	3	17991422204550	none	391	dc3420b3	512	224	0	391
421	4	17991439397030	none	392	5420ddc8	512	224	0	392
422	5	17991456680900	none	393	5420ddc8	512	224	0	393
423	6	17991473899000	none	394	5420ddc8	512	224	0	394
424	7	17991491339970	none	395	c39097c2	512	224	0	395
425	0	17991504563010	none	396	c39097c2	512	224	0	396
426	1	17991521877310	none	397	c39097c2	512	224	0	397
427	2	17991539069420	none	398	6537e79e	512	224	0	398
428	3	17991556260970	none	399	6537e79e	512	224	0	399
429	4	17991573454580	none	400	6537e79e	512	224	0	400
430	5	17991590798450	none	401	45843009	512	224	0	401
431	6	17991604007680	none	402	45843009	512	224	0	402
432	7	17991621348620	none	403	45843009	512	224	0	403
433	0	17991638620080	none	404	a2de24aa	512	224	0	404
434	1	17991655837620	none	405	a2de24aa	512	224	0	405
435	2	17991673048050	none	406	a2de24aa	512	224	0	406
436	3	17991690222890	none	407	e7c21e8b	512	224	0	407
437	4	17991707475260	none	408	e7c21e8b	512	224	0	408
438	5	17991720710340	none	409	e7c21e8b	512	224	0	409
439	6	17991737906110	none	410	bd813793	512	224	0	410
440	7	17991755103360	none	411	bd813793	512	224	0	411
441	0	17991772308640	none	412	bd813793	512	224	0	412
442	1	17991789538210	none	413	daea4b14	512	224	0	413
443	2	17991806752250	none	414	daea4b14	512	224	0	414
444	3	17991823942720	none	415	daea4b14	512	224	0	415
445	4	17991837342630	none	416	a5954639	512	224	0	416
446	5	17991854571250	none	417	a5954639	512	224	0	417
447	6	17991871874110	none	418	a5954639	512	224	0	418
448	7	17991889065900	none	419	d26d6ac7	512	224	0	419
449	0	17991906271190	none	420	d26d6ac7	512	224	0	420
450	1	17991923526740	none	421	d26d6ac7	512	224	0	421
451	2	17991936905770	none	422	1ce6e1a4	512	224	0	422
452	3	17991954085970	none	423	1ce6e1a4	512	224	0	423
453	4	17991971277910	none	424	1ce6e1a4	512	224	0	424
454	5	17991988499780	none	425	f1acc3c3	512	224	0	425
455	6	17992005728780	none	426	f1acc3c3	512	224	0	426
456	7	17992022929160	none	427	f1acc3c3	512	224	0	427
457	0	17992040270200	none	428	aa53742d	512	224	0	428
458	1	17992053518820	none	429	aa53742d	512	224	0	429
459	2	17992070830560	none	430	aa53742d	512	224	0	430
460	3	17992088017890	none	431	911df207	512	224	0	431
461	4	17992105214260	none	432	911df207	512	224	0	432
462	5	17992122420190	none	433	911df207	512	224	0	433
463	6	17992139660650	none	434	e01c3d6d	512	224	0	434
464	7	17992156870190	none	435	e01c3d6d	512	224	0	435
465	0	17992170166390	none	436	e01c3d6d	512	224	0	436
466	1	17992187350880	none	437	2b073b06	512	224	0	437
467	2	17992204580740	none	438	2b073b06	512	224	0	438
468	3	17992221803120	none	439	2b073b06	512	224	0	439
469	4	17992238994860	none	440	414d1f63	512	224	0	440
470	5	17992256165880	none	441	414d1f63	512	224	0	441
471	6	17992273360990	none	442	414d1f63	512	224	0	442
472	7	17992286711820	none	443	3b4680c0	512	224	0	443
473	0	17992303922360	none	444	3b4680c0	512	224	0	444
474	1	17992321160980	none	445	3b4680c0	512	224	0	445
475	2	17992338347430	none	446	6540ea34	512	224	0	446
476	3	17992355606490	none	447	6540ea34	512	224	0	447
477	4	17992372893570	none	448	6540ea34	512	224	0	448
478	5	17992386064010	none	449	2c840cd2	512	224	0	449
479	6	17992403253310	none	450	2c840cd2	512	224	0	450
480	7	17992420448720	none	451	2c840cd2	512	224	0	451
481	0	17992437739390	none	452	1e5f28b3	512	224	0	452
482	1	17992455053740	none	453	1e5f28b3	512	224	0	453
483	2	17992472228130	none	454	1e5f28b3	512	224	0	454
484	3	17992489621810	none	455	1acd9118	512	224	0	455
485	4	17992502907360	none	456	1acd9118	512	224	0	456
486	5	17992520144550	none	457	1acd9118	512	224	0	457
487	6	17992537332350	none	458	1acd9118	512	224	0	458
488	7	17992554573510	none	459	1acd9118	512	224	0	459
489	0	17992571788420	none	460	1acd9118	512	224	0	460
490	1	17992589178200	none	461	1acd9118	512	224	0	461
491	2	17992606375540	none	462	1acd9118	512	224	0	462
492	3	17992619605530	none	463	1acd9118	512	224	0	463
493	4	17992636928500	none	464	1acd9118	512	224	0	464
494	5	17992654233370	none	465	1acd9118	512	224	0	465
495	6	17992671549630	none	466	1acd9118	512	224	0	466
496	7	17992688810700	none	467	1acd9118	512	224	0	467
497	0	17992706037060	none	468	1acd9118	512	224	0	468
498	1	17992719190760	none	469	1acd9118	512	224	0	469
499	2	17992736369260	none	470	1acd9118	512	224	0	470
500	3	17992753601120	none	471	1acd9118	512	224	0	471
501	4	17992770828770	none	472	1acd9118	512	224	0	472
502	5	17992788018510	none	473	1acd9118	512	224	0	473
503	6	17992805197450	none	474	1acd9118	512	224	0	474
504	7	17992822382840	none	475	1acd9118	512	224	0	475
505	0	17992835681020	none	476	1acd9118	512	224	0	476
506	1	17992852879360	none	477	1acd9118	512	224	0	477
507	2	17992870112390	none	478	1acd9118	512	224	0	478
508	3	17992887275840	none	479	1acd9118	512	224	0	479
509	4	17992904485290	none	480	1acd9118	512	224	0	480
510	5	17992921711540	none	481	1acd9118	512	224	0	481
511	6	17992938982120	none	482	1acd9118	512	224	0	482
512	7	17992952149400	none	483	1acd9118	512	224	0	483
513	0	17992969385800	none	484	1acd9118	512	224	0	484
514	1	17992986696380	none	485	1acd9118	512	224	0	485
515	2	17993004037110	none	486	1acd9118	512	224	0	486
516	3	17993021254150	none	487	1acd9118	512	224	0	487
517	4	17993038612300	none	488	1acd9118	512	224	0	488
518	5	17993051904980	none	489	1acd9118	512	224	0	489
519	6	17993069112160	none	490	1acd9118	512	224	0	490
520	7	17993086301980	none	491	1acd9118	512	224	0	491
521	0	17993103536330	none	492	1acd9118	512	224	0	492
522	1	17993120886910	none	493	1acd9118	512	224	0	493
523	2	17993138378440	none	494	1acd9118	512	224	0	494
524	3	17993151736500	none	495	1acd9118	512	224	0	495
525	4	17993169028230	none	496	1acd9118	512	224	0	496
526	5	17993186207340	none	497	1acd9118	512	224	0	497
527	6	17993203421500	none	498	1acd9118	512	224	0	498
528	7	17993220667620	none	499	1acd9118	512	224	0	499
529	0	17993237895860	none	500	1acd9118	512	224	0	500
530	1	17993255092540	none	501	1acd9118	512	224	0	501
531	2	17993268241500	none	502	1acd9118	512	224	0	502
532	3	17993285433460	none	503	1acd9118	512	224	0	503
533	4	17993302672940	none	504	1acd9118	512	224	0	504
534	5	17993319995160	none	505	1acd9118	512	224	0	505
535	6	17993337308640	none	506	1acd9118	512	224	0	506
536	7	17993354549970	none	507	1acd9118	512	224	0	507
537	0	17993371781870	none	508	1acd9118	512	224	0	508
538	1	17993384970690	none	509	1acd9118	512	224	0	509
539	2	17993402154290	none	510	1acd9118	512	224	0	510
540	3	17993419383250	none	511	1acd9118	512	224	0	511
541	4	17993436677870	none	512	1acd9118	512	224	0	512
542	5	17993453887400	none	513	1acd9118	512	224	0	513
543	6	17993471083070	none	514	1acd9118	512	224	0	514
544	7	17993484312750	none	515	1acd9118	512	224	0	515
545	0	17993501772650	none	516	1acd9118	512	224	0	516
546	1	17993518996810	none	517	1acd9118	512	224	0	517
547	2	17993536191610	none	518	1acd9118	512	224	0	518
548	3	17993553415730	none	519	1acd9118	512	224	0	519
549	4	17993570647560	none	520	1acd9118	512	224	0	520
550	5	17993587929610	none	521	1acd9118	512	224	0	521
551	6	17993601098570	none	522	1acd9118	512	224	0	522
552	7	17993618276950	none	523	1acd9118	512	224	0	523
553	0	17993635505950	none	524	1acd9118	512	224	0	524
554	1	17993652733150	none	525	1acd9118	512	224	0	525
555	2	17993669935790	none	526	1acd9118	512	224	0	526
556	3	17993687289980	none	527	1acd9118	512	224	0	527
557	4	17993704523280	none	528	1acd9118	512	224	0	528
558	5	17993717705090	none	529	1acd9118	512	224	0	529
559	6	17993734949230	none	530	1acd9118	512	224	0	530
560	7	17993752123210	none	531	1acd9118	512	224	0	531
561	0	17993769332470	none	532	1acd9118	512	224	0	532
562	1	17993786622360	none	533	1acd9118	512	224	0	533
563	2	17993803941210	none	534	1acd9118	512	224	0	534
564	3	17993817096000	none	535	1acd9118	512	224	0	535
565	4	17993834296250	none	536	1acd9118	512	224	0	536
566	5	17993851507860	none	537	1acd9118	512	224	0	537
567	6	17993868726370	none	538	1acd9118	512	224	0	538
568	7	17993885940050	none	539	1acd9118	512	224	0	539
569	0	17993903130360	none	540	1acd9118	512	224	0	540
570	1	17993920302560	none	541	1acd9118	512	224	0	541
571	2	17993933507810	none	542	1acd9118	512	224	0	542
572	3	17993950722860	none	543	1acd9118	512	224	0	543
573	4	17993967990800	none	544	1acd9118	512	224	0	544
574	5	17993985170850	none	545	1acd9118	512	224	0	545
575	6	17994002346930	none	546	1acd9118	512	224	0	546
576	7	17994019590900	none	547	1acd9118	512	224	0	547
577	0	17994036968730	none	548	1acd9118	512	224	0	548
578	1	17994050123100	none	549	1acd9118	512	224	0	549
579	2	17994067327120	none	550	1acd9118	512	224	0	550
580	3	17994084571390	none	551	1acd9118	512	224	0	551
581	4	17994101792690	none	552	1acd9118	512	224	0	552
582	5	17994118984120	none	553	1acd9118	512	224	0	553
583	6	17994136331840	none	554	1acd9118	512	224	0	554
584	7	17994153582490	none	555	1acd9118	512	224	0	555
585	0	17994166764200	none	556	1acd9118	512	224	0	556
586	1	17994183976590	none	557	1acd9118	512	224	0	557
587	2	17994201163520	none	558	1acd9118	512	224	0	558
588	3	17994218344830	none	559	1acd9118	512	224	0	559
589	4	17994235643000	none	560	1acd9118	512	224	0	560
590	5	17994252943750	none	561	1acd9118	512	224	0	561
591	6	17994270121670	none	562	1acd9118	512	224	0	562
592	7	17994283279010	none	563	1acd9118	512	224	0	563
593	0	17994300661850	none	564	1acd9118	512	224	0	564
594	1	17994317863320	none	565	1acd9118	512	224	0	565
595	2	17994335202860	none	566	1acd9118	512	224	0	566
596	3	17994352402900	none	567	1acd9118	512	224	0	567
597	4	17994369636600	none	568	1acd9118	512	224	0	568
598	5	17994382941340	none	569	1acd9118	512	224	0	569
599	6	17994400160310	none	570	1acd9118	512	224	0	570
600	7	17994417334830	none	571	1acd9118	512	224	0	571
601	0	17994434597510	none	572	1acd9118	512	224	0	572
602	1	17994451826280	none	573	1acd9118	512	224	0	573
603	2	17994469030300	none	574	1acd9118	512	224	0	574
604	3	17994486254770	none	575	1acd9118	512	224	0	575
605	4	17994499416580	none	576	1acd9118	512	224	0	576
606	5	17994516672400	none	577	1acd9118	512	224	0	577
607	6	17994533880080	none	578	1acd9118	512	224	0	578
608	7	17994551096350	none	579	1acd9118	512	224	0	579
609	0	17994568397600	none	580	1acd9118	512	224	0	580
610	1	17994585752100	none	581	1acd9118	512	224	0	581
611	2	17994602970250	none	582	1acd9118	512	224	0	582
612	3	17994616125390	none	583	1acd9118	512	224	0	583
613	4	17994633320890	none	584	1acd9118	512	224	0	584
614	5	17994650573900	none	585	1acd9118	512	224	0	585
615	6	17994667788530	none	586	1acd9118	512	224	0	586
616	7	17994685148080	none	587	1acd9118	512	224	0	587
617	0	17994702330460	none	588	1acd9118	512	224	0	588
618	1	17994715539140	none	589	1acd9118	512	224	0	589
619	2	17994732745890	none	590	1acd9118	512	224	0	590
620	3	17994750074950	none	591	1acd9118	512	224	0	591
621	4	17994767293030	none	592	1acd9118	512	224	0	592
622	5	17994784654290	none	593	1acd9118	512	224	0	593
623	6	17994801944240	none	594	1acd9118	512	224	0	594
624	7	17994819147840	none	595	1acd9118	512	224	0	595
625	0	17994832375050	none	596	1acd9118	512	224	0	596
626	1	17994849617070	none	597	1acd9118	512	224	0	597
627	2	17994866822170	none	598	1acd9118	512	224	0	598
628	3	17994884172090	none	599	1acd9118	512	224	0	599
629	4	17994901380730	none	600	1acd9118	512	224	0	600
630	5	17994918619420	none	601	1acd9118	512	224	0	601
631	6	17994931929660	none	602	1acd9118	512	224	0	602
632	7	17994949112540	none	603	1acd9118	512	224	0	603
633	0	17994966310970	none	604	1acd9118	512	224	0	604
634	1	17994983574880	none	605	1acd9118	512	224	0	605
635	2	17995000842280	none	606	1acd9118	512	224	0	606
636	3	17995018042610	none	607	1acd9118	512	224	0	607
637	4	17995035261910	none	608	1acd9118	512	224	0	608
638	5	17995048487380	none	609	1acd9118	512	224	0	609
639	6	17995065702590	none	610	1acd9118	512	224	0	610
640	7	17995082920130	none	611	1acd9118	512	224	0	611
641	0	17995100111760	none	612	1acd9118	512	224	0	612
642	1	17995117333330	none	613	1acd9118	512	224	0	613
643	2	17995134703950	none	614	1acd9118	512	224	0	614
644	3	17995151945070	none	615	1acd9118	512	224	0	615
645	4	17995165108970	none	616	1acd9118	512	224	0	616
646	5	17995182301480	none	617	1acd9118	512	224	0	617
647	6	17995199559040	none	618	1acd9118	512	224	0	618
648	7	17995216872010	none	619	1acd9118	512	224	0	619
649	0	17995234083400	none	620	1acd9118	512	224	0	620
650	1	17995251291190	none	621	1acd9118	512	224	0	621
651	2	17995268524560	none	622	1acd9118	512	224	0	622
652	3	17995281699020	none	623	1acd9118	512	224	0	623
653	4	17995299031400	none	624	1acd9118	512	224	0	624
654	5	17995316226560	none	625	1acd9118	512	224	0	625
655	6	17995333591260	none	626	1acd9118	512	224	0	626
656	7	17995350913180	none	627	1acd9118	512	224	0	627
657	0	17995368119950	none	628	1acd9118	512	224	0	628
658	1	17995381296130	none	629	1acd9118	512	224	0	629
659	2	17995398535060	none	630	1acd9118	512	224	0	630
660	3	17995415730290	none	631	1acd9118	512	224	0	631
661	4	17995432943600	none	632	1acd9118	512	224	0	632
662	5	17995450136700	none	633	1acd9118	512	224	0	633
663	6	17995467314080	none	634	1acd9118	512	224	0	634
664	7	17995484577470	none	635	1acd9118	512	224	0	635
665	0	17995497778850	none	636	1acd9118	512	224	0	636
666	1	17995515008380	none	637	1acd9118	512	224	0	637
667	2	17995532191970	none	638	1acd9118	512	224	0	638
668	3	17995549388960	none	639	1acd9118	512	224	0	639
669	4	17995566642810	none	640	1acd9118	512	224	0	640
670	5	17995583943160	none	641	1acd9118	512	224	0	641
671	6	17995601140900	none	642	1acd9118	512	224	0	642
672	7	17995614284910	none	643	1acd9118	512	224	0	643
673	0	17995631547630	none	644	1acd9118	512	224	0	644
674	1	17995648772320	none	645	1acd9118	512	224	0	645
675	2	17995665996520	none	646	1acd9118	512	224	0	646
676	3	17995683198340	none	647	1acd9118	512	224	0	647
677	4	17995700396310	none	648	1acd9118	512	224	0	648
678	5	17995717630800	none	649	1acd9118	512	224	0	649
679	6	17995730813650	none	650	1acd9118	512	224	0	650
680	7	17995748088930	none	651	1acd9118	512	224	0	651
681	0	17995765274640	none	652	1acd9118	512	224	0	652
682	1	17995782662920	none	653	1acd9118	512	224	0	653
683	2	17995799945970	none	654	1acd9118	512	224	0	654
684	3	17995817126040	none	655	1acd9118	512	224	0	655
685	4	17995834317200	none	656	1acd9118	512	224	0	656
686	5	17995847615820	none	657	1acd9118	512	224	0	657
687	6	17995864832760	none	658	1acd9118	512	224	0	658
688	7	17995882220930	none	659	1acd9118	512	224	0	659
689	0	17995899584760	none	660	1acd9118	512	224	0	660
690	1	17995916824700	none	661	1acd9118	512	224	0	661
691	2	17995934029690	none	662	1acd9118	512	224	0	662
692	3	17995947179380	none	663	1acd9118	512	224	0	663
693	4	17995964367970	none	664	1acd9118	512	224	0	664
694	5	17995981609430	none	665	1acd9118	512	224	0	665
695	6	17995998883240	none	666	1acd9118	512	224	0	666
696	7	17996016083170	none	667	1acd9118	512	224	0	667
697	0	17996033292870	none	668	1acd9118	512	224	0	668
698	1	17996050556220	none	669	1acd9118	512	224	0	669
699	2	17996063717980	none	670	1acd9118	512	224	0	670
700	3	17996080920430	none	671	1acd9118	512	224	0	671
701	4	17996098108150	none	672	1acd9118	512	224	0	672
702	5	17996115317530	none	673	1acd9118	512	224	0	673
703	6	17996132687350	none	674	1acd9118	512	224	0	674
704	7	17996149921790	none	675	1acd9118	512	224	0	675
705	0	17996167174930	none	676	1acd9118	512	224	0	676
706	1	17996180329140	none	677	1acd9118	512	224	0	677
707	2	17996197585150	none	678	1acd9118	512	224	0	678
708	3	17996214892760	none	679	1acd9118	512	224	0	679
709	4	17996232095800	none	680	1acd9118	512	224	0	680
710	5	17996249338960	none	681	1acd9118	512	224	0	681
711	6	17996266576630	none	682	1acd9118	512	224	0	682
712	7	17996279749980	none	683	1acd9118	512	224	0	683
713	0	17996297080450	none	684	1acd9118	512	224	0	684
714	1	17996314274580	none	685	1acd9118	512	224	0	685
715	2	17996331644000	none	686	1acd9118	512	224	0	686
716	3	17996348940520	none	687	1acd9118	512	224	0	687
717	4	17996366138700	none	688	1acd9118	512	224	0	688
718	5	17996383333470	none	689	1acd9118	512	224	0	689
719	6	17996396576610	none	690	1acd9118	512	224	0	690
720	7	17996413794180	none	691	1acd9118	512	224	0	691
721	0	17996431202820	none	692	1acd9118	512	224	0	692
722	1	17996448584130	none	693	1acd9118	512	224	0	693
723	2	17996465809720	none	694	1acd9118	512	224	0	694
724	3	17996483024880	none	695	1acd9118	512	224	0	695
725	4	17996496174760	none	696	1acd9118	512	224	0	696
726	5	17996513365290	none	697	1acd9118	512	224	0	697
727	6	17996530701940	none	698	1acd9118	512	224	0	698
728	7	17996547908060	none	699	1acd9118	512	224	0	699
729	0	17996565107260	none	700	1acd9118	512	224	0	700
730	1	17996582288680	none	701	1acd9118	512	224	0	701
731	2	17996599538220	none	702	1acd9118	512	224	0	702
732	3	17996612732540	none	703	1acd9118	512	224	0	703
733	4	17996629947230	none	704	1acd9118	512	224	0	704
734	5	17996647122770	none	705	1acd9118	512	224	0	705
735	6	17996664319850	none	706	1acd9118	512	224	0	706
736	7	17996681604630	none	707	1acd9118	512	224	0	707
737	0	17996698812870	none	708	1acd9118	512	224	0	708
738	1	17996716080530	none	709	1acd9118	512	224	0	709
739	2	17996729234260	none	710	1acd9118	512	224	0	710
740	3	17996746452590	none	711	1acd9118	512	224	0	711
741	4	17996763660170	none	712	1acd9118	512	224	0	712
742	5	17996780939390	none	713	1acd9118	512	224	0	713
743	6	17996798136840	none	714	1acd9118	512	224	0	714
744	7	17996815323770	none	715	1acd9118	512	224	0	715
745	0	17996832623030	none	716	1acd9118	512	224	0	716
746	1	17996845798970	none	717	1acd9118	512	224	0	717
747	2	17996862986530	none	718	1acd9118	512	224	0	718
748	3	17996880314740	none	719	1acd9118	512	224	0	719
749	4	17996897568600	none	720	1acd9118	512	224	0	720
750	5	17996914774260	none	721	1acd9118	512	224	0	721
751	6	17996932001660	none	722	1acd9118	512	224	0	722
752	7	17996949186360	none	723	1acd9118	512	224	0	723
753	0	17996962455740	none	724	1acd9118	512	224	0	724
754	1	17996979705630	none	725	1acd9118	512	224	0	725
755	2	17996996917040	none	726	1acd9118	512	224	0	726
756	3	17997014149500	none	727	1acd9118	512	224	0	727
757	4	17997031354020	none	728	1acd9118	512	224	0	728
758	5	17997048601770	none	729	1acd9118	512	224	0	729
759	6	17997061770730	none	730	1acd9118	512	224	0	730
760	7	17997079166470	none	731	1acd9118	512	224	0	731
761	0	17997096343870	none	732	1acd9118	512	224	0	732
762	1	17997113590110	none	733	1acd9118	512	224	0	733
763	2	17997130818970	none	734	1acd9118	512	224	0	734
764	3	17997148018690	none	735	1acd9118	512	224	0	735
765	4	17997165204490	none	736	1acd9118	512	224	0	736
766	5	17997178365180	none	737	1acd9118	512	224	0	737
767	6	17997195626880	none	738	1acd9118	512	224	0	738
768	7	17997212893080	none	739	1acd9118	512	224	0	739
769	0	17997230135380	none	740	1acd9118	512	224	0	740
770	1	17997247332060	none	741	1acd9118	512	224	0	741
771	2	17997264582760	none	742	1acd9118	512	224	0	742
772	3	17997281781000	none	743	1acd9118	512	224	0	743
773	4	17997295098070	none	744	1acd9118	512	224	0	744
774	5	17997312280300	none	745	1acd9118	512	224	0	745
775	6	17997329668830	none	746	1acd9118	512	224	0	746
776	7	17997346943600	none	747	1acd9118	512	224	0	747
777	0	17997364136850	none	748	1acd9118	512	224	0	748
778	1	17997381353010	none	749	1acd9118	512	224	0	749
779	2	17997394560300	none	750	1acd9118	512	224	0	750
780	3	17997411760980	none	751	1acd9118	512	224	0	751
781	4	17997429187010	none	752	1acd9118	512	224	0	752
782	5	17997446398730	none	753	1acd9118	512	224	0	753
783	6	17997463612090	none	754	1acd9118	512	224	0	754
784	7	17997480822050	none	755	1acd9118	512	224	0	755
785	0	17997498109550	none	756	1acd9118	512	224	0	756
786	1	17997511286820	none	757	1acd9118	512	224	0	757
787	2	17997528532790	none	758	1acd9118	512	224	0	758
788	3	17997545783120	none	759	1acd9118	512	224	0	759
789	4	17997562991760	none	760	1acd9118	512	224	0	760
790	5	17997580177790	none	761	1acd9118	512	224	0	761
791	6	17997597392110	none	762	1acd9118	512	224	0	762
792	7	17997614624700	none	763	1acd9118	512	224	0	763
793	0	17997627812170	none	764	1acd9118	512	224	0	764
794	1	17997645008080	none	765	1acd9118	512	224	0	765
795	2	17997662189430	none	766	1acd9118	512	224	0	766
796	3	17997679429670	none	767	1acd9118	512	224	0	767
797	4	17997696656820	none	768	1acd9118	512	224	0	768
798	5	17997713860270	none	769	1acd9118	512	224	0	769
799	6	17997731060670	none	770	1acd9118	512	224	0	770
800	7	17997744347210	none	771	1acd9118	512	224	0	771
801	0	17997761624520	none	772	1acd9118	512	224	0	772
802	1	17997778960190	none	773	1acd9118	512	224	0	773
803	2	17997796192670	none	774	1acd9118	512	224	0	774
804	3	17997813424340	none	775	1acd9118	512	224	0	775
805	4	17997830700570	none	776	1acd9118	512	224	0	776
806	5	17997843868870	none	777	1acd9118	512	224	0	777
807	6	17997861062850	none	778	1acd9118	512	224	0	778
808	7	17997878423230	none	779	1acd9118	512	224	0	779
809	0	17997895698840	none	780	1acd9118	512	224	0	780
810	1	17997912901920	none	781	1acd9118	512	224	0	781
811	2	17997930107850	none	782	1acd9118	512	224	0	782
812	3	17997947291000	none	783	1acd9118	512	224	0	783
813	4	17997960504140	none	784	1acd9118	512	224	0	784
814	5	17997977704390	none	785	1acd9118	512	224	0	785
815	6	17997994949980	none	786	1acd9118	512	224	0	786
816	7	17998012134450	none	787	1acd9118	512	224	0	787
817	0	17998029345810	none	788	1acd9118	512	224	0	788
818	1	17998046627720	none	789	1acd9118	512	224	0	789
819	2	17998063835980	none	790	1acd9118	512	224	0	790
820	3	17998076991660	none	791	1acd9118	512	224	0	791
821	4	17998094164650	none	792	1acd9118	512	224	0	792
822	5	17998111427860	none	793	1acd9118	512	224	0	793
823	6	17998128654670	none	794	1acd9118	512	224	0	794
824	7	17998145979500	none	795	1acd9118	512	224	0	795
825	0	17998163269590	none	796	1acd9118	512	224	0	796
826	1	17998176643390	none	797	1acd9118	512	224	0	797
827	2	17998193849600	none	798	1acd9118	512	224	0	798
828	3	17998211040890	none	799	1acd9118	512	224	0	799
829	4	17998228233460	none	800	1acd9118	512	224	0	800
830	5	17998245476210	none	801	1acd9118	512	224	0	801
831	6	17998262688630	none	802	1acd9118	512	224	0	802
832	7	17998279875260	none	803	1acd9118	512	224	0	803
833	0	17998293210440	none	804	1acd9118	512	224	0	804
834	1	17998310458780	none	805	1acd9118	512	224	0	805
835	2	17998327792030	none	806	1acd9118	512	224	0	806
836	3	17998344980280	none	807	1acd9118	512	224	0	807
837	4	17998362210850	none	808	1acd9118	512	224	0	808
838	5	17998379474200	none	809	1acd9118	512	224	0	809
839	6	17998396723150	none	810	1acd9118	512	224	0	810
840	7	17998409893300	none	811	1acd9118	512	224	0	811
841	0	17998427273290	none	812	1acd9118	512	224	0	812
842	1	17998444536920	none	813	1acd9118	512	224	0	813
843	2	17998461743000	none	814	1acd9118	512	224	0	814
844	3	17998478936050	none	815	1acd9118	512	224	0	815
845	4	17998496315400	none	816	1acd9118	512	224	0	816
846	5	17998509524440	none	817	1acd9118	512	224	0	817
847	6	17998526838380	none	818	1acd9118	512	224	0	818
848	7	17998544033440	none	819	1acd9118	512	224	0	819
849	0	17998561231550	none	820	1acd9118	512	224	0	820
850	1	17998578476570	none	821	1acd9118	512	224	0	821
851	2	17998595703350	none	822	1acd9118	512	224	0	822
852	3	17998612908500	none	823	1acd9118	512	224	0	823
853	4	17998626055630	none	824	1acd9118	512	224	0	824
854	5	17998643242290	none	825	1acd9118	512	224	0	825
855	6	17998660466570	none	826	1acd9118	512	224	0	826
856	7	17998677689570	none	827	1acd9118	512	224	0	827
857	0	17998694884570	none	828	1acd9118	512	224	0	828
858	1	17998712104150	none	829	1acd9118	512	224	0	829
859	2	17998729290840	none	830	1acd9118	512	224	0	830
860	3	17998742624360	none	831	1acd9118	512	224	0	831
861	4	17998759883590	none	832	1acd9118	512	224	0	832
862	5	17998777081840	none	833	1acd9118	512	224	0	833
863	6	17998794271620	none	834	1acd9118	512	224	0	834
864	7	17998811523970	none	835	1acd9118	512	224	0	835
865	0	17998828822920	none	836	1acd9118	512	224	0	836
866	1	17998842133210	none	837	1acd9118	512	224	0	837
867	2	17998859303470	none	838	1acd9118	512	224	0	838
868	3	17998876644860	none	839	1acd9118	512	224	0	839
869	4	17998893946700	none	840	1acd9118	512	224	0	840
870	5	17998911137850	none	841	1acd9118	512	224	0	841
871	6	17998928326620	none	842	1acd9118	512	224	0	842
872	7	17998945570190	none	843	1acd9118	512	224	0	843
873	0	17998958749730	none	844	1acd9118	512	224	0	844
874	1	17998976024180	none	845	1acd9118	512	224	0	845
875	2	17998993206120	none	846	1acd9118	512	224	0	846
876	3	17999010439660	none	847	1acd9118	512	224	0	847
877	4	17999027657590	none	848	1acd9118	512	224	0	848
878	5	17999044854220	none	849	1acd9118	512	224	0	849
879	6	17999062039300	none	850	1acd9118	512	224	0	850
880	7	17999075194540	none	851	1acd9118	512	224	0	851
881	0	17999092442730	none	852	1acd9118	512	224	0	852
882	1	17999109656670	none	853	1acd9118	512	224	0	853
883	2	17999126978520	none	854	1acd9118	512	224	0	854
884	3	17999144157690	none	855	1acd9118	512	224	0	855
885	4	17999161378060	none	856	1acd9118	512	224	0	856
886	5	17999178620240	none	857	1acd9118	512	224	0	857
887	6	17999191874340	none	858	1acd9118	512	224	0	858
888	7	17999209099580	none	859	1acd9118	512	224	0	859
889	0	17999226298250	none	860	1acd9118	512	224	0	860
890	1	17999243538900	none	861	1acd9118	512	224	0	861
891	2	17999260758570	none	862	1acd9118	512	224	0	862
892	3	17999277935470	none	863	1acd9118	512	224	0	863
893	4	17999295276910	none	864	1acd9118	512	224	0	864
894	5	17999308492980	none	865	1acd9118	512	224	0	865
895	6	17999325823460	none	866	1acd9118	512	224	0	866
896	7	17999343007440	none	867	1acd9118	512	224	0	867
897	0	17999360211320	none	868	1acd9118	512	224	0	868
898	1	17999377564160	none	869	1acd9118	512	224	0	869
899	2	17999394793260	none	870	1acd9118	512	224	0	870
900	3	17999407969900	none	871	1acd9118	512	224	0	871
901	4	17999425193220	none	872	1acd9118	512	224	0	872
902	5	17999442447790	none	873	1acd9118	512	224	0	873
903	6	17999459677120	none	874	1acd9118	512	224	0	874
904	7	17999476862480	none	875	1acd9118	512	224	0	875
905	0	17999494203210	none	876	1acd9118	512	224	0	876
906	1	17999511442860	none	877	1acd9118	512	224	0	877
907	2	17999524613060	none	878	1acd9118	512	224	0	878
908	3	17999541936360	none	879	1acd9118	512	224	0	879
909	4	17999559122600	none	880	1acd9118	512	224	0	880
910	5	17999576321460	none	881	1acd9118	512	224	0	881
911	6	17999593555240	none	882	1acd9118	512	224	0	882
912	7	17999610762980	none	883	1acd9118	512	224	0	883
913	0	17999628001250	none	884	1acd9118	512	224	0	884
914	1	17999641153790	none	885	1acd9118	512	224	0	885
915	2	17999658379980	none	886	1acd9118	512	224	0	886
916	3	17999675595340	none	887	1acd9118	512	224	0	887
917	4	17999692811460	none	888	1acd9118	512	224	0	888
918	5	17999710157920	none	889	1acd9118	512	224	0	889
919	6	17999727389470	none	890	1acd9118	512	224	0	890
920	7	17999740670210	none	891	1acd9118	512	224	0	891
921	0	17999757913420	none	892	1acd9118	512	224	0	892
922	1	17999775113940	none	893	1acd9118	512	224	0	893
923	2	17999792306680	none	894	1acd9118	512	224	0	894
924	3	17999809550370	none	895	1acd9118	512	224	0	895
925	4	17999826772970	none	896	1acd9118	512	224	0	896
926	5	17999844130170	none	897	1acd9118	512	224	0	897
927	6	17999857287870	none	898	1acd9118	512	224	0	898
928	7	17999874699940	none	899	1acd9118	512	224	0	899
929	0	17999891986700	none	900	1acd9118	512	224	0	900
930	1	17999909163950	none	901	1acd9118	512	224	0	901
931	2	17999926373780	none	902	1acd9118	512	224	0	902
932	3	17999943671500	none	903	1acd9118	512	224	0	903
933	4	17999956909100	none	904	1acd9118	512	224	0	904
934	5	17999974189200	none	905	08aded64	512	224	0	905
935	6	17999991494960	none	906	47fb3878	512	224	0	906
936	7	18000008714530	none	907	e4457f12	512	224	0	907
937	0	18000025907250	none	908	4d3a5745	512	224	0	908
938	1	18000043255800	none	909	a7df9b44	512	224	0	909
939	2	18000060504270	none	910	b98ae3a7	512	224	0	910
940	3	18000073681840	none	911	58e0d695	512	224	0	911
941	4	18000090979240	none	912	3933c6dc	512	224	0	912
942	5	18000108201240	none	913	94bfb7f0	512	224	0	913
943	6	18000125470430	none	914	52c6bbd5	512	224	0	914
944	7	18000142702550	none	915	ff6f50d0	512	224	0	915
945	0	18000159937080	none	916	30faca53	512	224	0	916
946	1	18000177172350	none	917	251def29	512	224	0	917
947	2	18000190414620	none	918	d0dc8e5d	512	224	0	918
948	3	18000207714360	none	919	644ef22d	512	224	0	919
949	4	18000225000630	none	920	fecc73c9	512	224	0	920
950	5	18000242199960	none	921	14b7c32c	512	224	0	921
951	6	18000259444140	none	922	43b130cd	512	224	0	922
952	7	18000276650400	none	923	8a41a46a	512	224	0	923
953	0	18000289902350	none	924	85402abb	512	224	0	924
954	1	18000307063940	none	925	7fce451c	512	224	0	925
955	2	18000324379830	none	926	69ec09ad	512	224	0	926
956	3	18000341632200	none	927	110016bc	512	224	0	927
957	4	18000358856240	none	928	95cb6b82	512	224	0	928
958	5	18000376054690	none	929	5d20fe3d	512	224	0	929
959	6	18000393253900	none	930	7c1b3f1a	512	224	0	930
960	7	18000406465830	none	931	15b4cd1b	512	224	0	931
961	0	18000424613750	none	932	dc7373a8	512	224	0	932
962	1	18000442380300	none	933	3d9b856f	512	224	0	933
963	2	18000459986730	none	934	ab9f6176	512	224	0	934
964	3	18000473376370	none	935	d03ca197	512	224	0	935
965	4	18000490889790	none	936	b772e724	512	224	0	936
966	5	18000508561580	none	937	f31a2767	512	224	0	937
967	6	18000526061670	none	938	03df43e4	512	224	0	938
968	7	18000539298060	none	939	016af4b1	512	224	0	939
969	0	18000556684460	none	940	463f6218	512	224	0	940
970	1	18000574003400	none	941	73dec8ac	512	224	0	941
971	2	18000591341050	none	942	4004938d	512	224	0	942
972	3	18000608674820	none	943	f2d7463d	512	224	0	943
973	4	18000626057450	none	944	181b25b2	512	224	0	944
974	5	18000639338760	none	945	63c6313b	512	224	0	945
975	6	18000656905130	none	946	f04f0c83	512	224	0	946
976	7	18000674598830	none	947	1ca1690c	512	224	0	947
977	0	18000692061290	none	948	2a33adb1	512	224	0	948
978	1	18000709725480	none	949	0b83629e	512	224	0	949
979	2	18000723240120	none	950	b6ffc85f	512	224	0	950
980	3	18000741046340	none	951	b6ffc85f	512	224	0	951
981	4	18000758461660	none	952	b6ffc85f	512	224	0	952
982	5	18000776194950	none	953	31a92a69	512	224	0	953
983	6	18000789796950	none	954	4fc4c913	512	224	0	954
984	7	18000807294450	none	955	1f1a1a30	512	224	0	955
985	0	18000825073320	none	956	27f9d73f	512	224	0	956
986	1	18000842384170	none	957	27f9d73f	512	224	0	957
987	2	18000855743970	none	958	27f9d73f	512	224	0	958
988	3	18000873036990	none	959	e5bbfdf9	512	224	0	959
989	4	18000890258850	none	960	e496ab37	512	224	0	960
990	5	18000907578220	none	961	7d577c09	512	224	0	961
991	6	18000924932000	none	962	57ca2cc3	512	224	0	962
992	7	18000942532460	none	963	57ca2cc3	512	224	0	963
993	0	18000955740000	none	964	57ca2cc3	512	224	0	964
994	1	18000973163780	none	965	52cbfb51	512	224	0	965
995	2	18000990943510	none	966	a28d1700	512	224	0	966
996	3	18001008279610	none	967	556e2b87	512	224	0	967
997	4	18001021920260	none	968	a062ccbd	512	224	0	968
998	5	18001039681520	none	969	a062ccbd	512	224	0	969
999	6	18001057271390	none	970	a062ccbd	512	224	0	970
1000	7	18001074682570	none	971	7f680e88	512	224	0	971
1001	0	18001092024450	none	972	f4f79931	512	224	0	972
1002	1	18001105188110	none	973	a0fe6381	512	224	0	973
1003	2	18001122452940	none	974	90d61210	512	224	0	974
1004	3	18001139669200	none	975	90d61210	512	224	0	975
1005	4	18001156862330	none	976	90d61210	512	224	0	976
1006	5	18001174101890	none	977	858d5e04	512	224	0	977
1007	6	18001191543080	none	978	f5dc15dc	512	224	0	978
1008	7	18001208779590	none	979	95e3d611	512	224	0	979
1009	0	18001221953290	none	980	07ea0e6d	512	224	0	980
1010	1	18001239208390	none	981	07ea0e6d	512	224	0	981
1011	2	18001256450280	none	982	07ea0e6d	512	224	0	982
1012	3	18001273665060	none	983	308ff8e9	512	224	0	983
1013	4	18001291133610	none	984	ec4a9c90	512	224	0	984
1014	5	18001308411040	none	985	4081bc23	512	224	0	985
1015	6	18001321596390	none	986	ac5a09c2	512	224	0	986
1016	7	18001338834860	none	987	ac5a09c2	512	224	0	987
1017	0	18001356095330	none	988	ac5a09c2	512	224	0	988
1018	1	18001373351530	none	989	f11750ca	512	224	0	989
1019	2	18001390676350	none	990	6bbd1549	512	224	0	990
1020	3	18001407947230	none	991	e5e93ee0	512	224	0	991
1021	4	18001425155230	none	992	40a96a95	512	224	0	992
1022	5	18001438369430	none	993	dc013cfa	512	224	0	993
1023	6	18001455578680	none	994	d9d5cb4e	512	224	0	994
1024	7	18001472796540	none	995	35d6f41d	512	224	0	995
1025	0	18001490211000	none	996	35d6f41d	512	224	0	996
1026	1	18001507514460	none	997	35d6f41d	512	224	0	997
1027	2	18001524772610	none	998	b03f7648	512	224	0	998
1028	3	18001537962910	none	999	337d9905	512	224	0	999
1029	4	18001555144270	none	1000	9e7004ea	512	224	0	1000
1030	5	18001572352640	none	1001	815e07a4	512	224	0	1001
1031	6	18001589565250	none	1002	815e07a4	512	224	0	1002
1032	7	18001606787570	none	1003	815e07a4	512	224	0	1003
1033	0	18001623972320	none	1004	45ce98c0	512	224	0	1004
1034	1	18001641275350	none	1005	3180f104	512	224	0	1005
1035	2	18001654518860	none	1006	24bef8aa	512	224	0	1006
1036	3	18001671724290	none	1007	4c1e342c	512	224	0	1007
1037	4	18001688916810	none	1008	4c1e342c	512	224	0	1008
1038	5	18001706090100	none	1009	4c1e342c	512	224	0	1009
1039	6	18001723320960	none	1010	c4428a39	512	224	0	1010
1040	7	18001740654160	none	1011	865fdbed	512	224	0	1011
1041	0	18001757958460	none	1012	eb2412e1	512	224	0	1012
1042	1	18001771244650	none	1013	8edcb5f2	512	224	0	1013
1043	2	18001788490560	none	1014	8edcb5f2	512	224	0	1014
1044	3	18001805710050	none	1015	8edcb5f2	512	224	0	1015
1045	4	18001822915310	none	1016	078cca3a	512	224	0	1016
1046	5	18001840115180	none	1017	16ea612f	512	224	0	1017
1047	6	18001857347880	none	1018	ca52168d	512	224	0	1018
1048	7	18001870572900	none	1019	47d98550	512	224	0	1019
1049	0	18001887771570	none	1020	47d98550	512	224	0	1020
1050	1	18001905089360	none	1021	47d98550	512	224	0	1021
1051	2	18001922309730	none	1022	722ded4a	512	224	0	1022
1052	3	18001939656210	none	1023	9954f7b0	512	224	0	1023
1053	4	18001956950350	none	1024	072e34df	512	224	0	1024
1054	5	18001974221380	none	1025	cc66282c	512	224	0	1025
1055	6	18001987464740	none	1026	cc66282c	512	224	0	1026
1056	7	18002004683200	none	1027	cc66282c	512	224	0	1027
1057	0	18002021901000	none	1028	edff6cbb	512	224	0	1028
1058	1	18002039275270	none	1029	2a680e6a	512	224	0	1029
1059	2	18002056519740	none	1030	0a80030e	512	224	0	1030
1060	3	18002073729790	none	1031	51084cf8	512	224	0	1031
1061	4	18002086990150	none	1032	51084cf8	512	224	0	1032
1062	5	18002104163830	none	1033	51084cf8	512	224	0	1033
1063	6	18002121397380	none	1034	d31cac9f	512	224	0	1034
1064	7	18002138600500	none	1035	9da84ace	512	224	0	1035
1065	0	18002155804300	none	1036	1190d553	512	224	0	1036
1066	1	18002173007640	none	1037	758f2acd	512	224	0	1037
1067	2	18002190221450	none	1038	a6b5e8a4	512	224	0	1038
1068	3	18002203508930	none	1039	1a85f7a6	512	224	0	1039
1069	4	18002220696470	none	1040	1a85f7a6	512	224	0	1040
1070	5	18002237900410	none	1041	1a85f7a6	512	224	0	1041
1071	6	18002255081970	none	1042	1a85f7a6	512	224	0	1042
1072	7	18002272305110	none	1043	1a85f7a6	512	224	0	1043
1073	0	18002289539130	none	1044	1a85f7a6	512	224	0	1044
1074	1	18002306733340	none	1045	1a85f7a6	512	224	0	1045
1075	2	18002320028720	none	1046	1a85f7a6	512	224	0	1046
1076	3	18002337189460	none	1047	1a85f7a6	512	224	0	1047
1077	4	18002354437120	none	1048	1a85f7a6	512	224	0	1048
1078	5	18002371654490	none	1049	1a85f7a6	512	224	0	1049
1079	6	18002388925490	none	1050	1a85f7a6	512	224	0	1050
1080	7	18002406116970	none	1051	1a85f7a6	512	224	0	1051
1081	0	18002423337600	none	1052	1a85f7a6	512	224	0	1052
1082	1	18002436508300	none	1053	1a85f7a6	512	224	0	1053
1083	2	18002453703020	none	1054	1a85f7a6	512	224	0	1054
1084	3	18002470913320	none	1055	1a85f7a6	512	224	0	1055
1085	4	18002488275740	none	1056	1a85f7a6	512	224	0	1056
1086	5	18002505524710	none	1057	1a85f7a6	512	224	0	1057
1087	6	18002522734560	none	1058	1a85f7a6	512	224	0	1058
1088	7	18002539998220	none	1059	1a85f7a6	512	224	0	1059
1089	0	18002553175050	none	1060	1a85f7a6	512	224	0	1060
1090	1	18002570448130	none	1061	1a85f7a6	512	224	0	1061
1091	2	18002587655800	none	1062	1a85f7a6	512	224	0	1062
1092	3	18002604866240	none	1063	1a85f7a6	512	224	0	1063
1093	4	18002622051430	none	1064	1a85f7a6	512	224	0	1064
1094	5	18002639255820	none	1065	1a85f7a6	512	224	0	1065
1095	6	18002656501550	none	1066	1a85f7a6	512	224	0	1066
1096	7	18002669677870	none	1067	1a85f7a6	512	224	0	1067
1097	0	18002686880150	none	1068	1a85f7a6	512	224	0	1068
1098	1	18002704051210	none	1069	1a85f7a6	512	224	0	1069
1099	2	18002721220100	none	1070	1a85f7a6	512	224	0	1070
1100	3	18002738483900	none	1071	1a85f7a6	512	224	0	1071
1101	4	18002755695750	none	1072	1a85f7a6	512	224	0	1072
1102	5	18002768997480	none	1073	1a85f7a6	512	224	0	1073
1103	6	18002786167670	none	1074	1a85f7a6	512	224	0	1074
1104	7	18002803430830	none	1075	1a85f7a6	512	224	0	1075
1105	0	18002820740560	none	1076	1a85f7a6	512	224	0	1076
1106	1	18002838015260	none	1077	1a85f7a6	512	224	0	1077
1107	2	18002855204640	none	1078	1a85f7a6	512	224	0	1078
1108	3	18002872456130	none	1079	1a85f7a6	512	224	0	1079
1109	4	18002885621190	none	1080	1a85f7a6	512	224	0	1080
1110	5	18002902818800	none	1081	1a85f7a6	512	224	0	1081
1111	6	18002920058910	none	1082	1a85f7a6	512	224	0	1082
1112	7	18002937432360	none	1083	1a85f7a6	512	224	0	1083
1113	0	18002954645600	none	1084	1a85f7a6	512	224	0	1084
1114	1	18002971854200	none	1085	1a85f7a6	512	224	0	1085
1115	2	18002989068890	none	1086	1a85f7a6	512	224	0	1086
1116	3	18003002231450	none	1087	1a85f7a6	512	224	0	1087
1117	4	18003019487390	none	1088	1a85f7a6	512	224	0	1088
1118	5	18003036782450	none	1089	1a85f7a6	512	224	0	1089
1119	6	18003053989050	none	1090	1a85f7a6	512	224	0	1090
1120	7	18003071168880	none	1091	1a85f7a6	512	224	0	1091
1121	0	18003088426790	none	1092	1a85f7a6	512	224	0	1092
1122	1	18003105675780	none	1093	1a85f7a6	512	224	0	1093
1123	2	18003118842460	none	1094	1a85f7a6	512	224	0	1094
1124	3	18003136200890	none	1095	1a85f7a6	512	224	0	1095
1125	4	18003153449440	none	1096	1a85f7a6	512	224	0	1096
1126	5	18003170697680	none	1097	1a85f7a6	512	224	0	1097
1127	6	18003188420050	none	1098	1a85f7a6	512	224	0	1098
1128	7	18003201721620	none	1099	1a85f7a6	512	224	0	1099
1129	0	18003218911330	none	1100	1a85f7a6	512	224	0	1100
1130	1	18003236288560	none	1101	1a85f7a6	512	224	0	1101
1131	2	18003253501520	none	1102	1a85f7a6	512	224	0	1102
1132	3	18003270707610	none	1103	1a85f7a6	512	224	0	1103
1133	4	18003288000430	none	1104	1a85f7a6	512	224	0	1104
1134	5	18003305217060	none	1105	1a85f7a6	512	224	0	1105
1135	6	18003318407590	none	1106	1a85f7a6	512	224	0	1106
1136	7	18003335631440	none	1107	1a85f7a6	512	224	0	1107
1137	0	18003352855760	none	1108	1a85f7a6	512	224	0	1108
1138	1	18003370097110	none	1109	1a85f7a6	512	224	0	1109
1139	2	18003387330450	none	1110	1a85f7a6	512	224	0	1110
1140	3	18003404547440	none	1111	1a85f7a6	512	224	0	1111
1141	4	18003421756180	none	1112	1a85f7a6	512	224	0	1112
1142	5	18003434908260	none	1113	1a85f7a6	512	224	0	1113
1143	6	18003452111880	none	1114	1a85f7a6	512	224	0	1114
1144	7	18003469319990	none	1115	1a85f7a6	512	224	0	1115
1145	0	18003486696090	none	1116	1a85f7a6	512	224	0	1116
1146	1	18003503955600	none	1117	1a85f7a6	512	224	0	1117
1147	2	18003521140420	none	1118	1a85f7a6	512	224	0	1118
1148	3	18003538382320	none	1119	1a85f7a6	512	224	0	1119
1149	4	18003551568970	none	1120	1a85f7a6	512	224	0	1120
1150	5	18003568872950	none	1121	1a85f7a6	512	224	0	1121
1151	6	18003586093690	none	1122	1a85f7a6	512	224	0	1122
1152	7	18003603371340	none	1123	1a85f7a6	512	224	0	1123
1153	0	18003620688410	none	1124	1a85f7a6	512	224	0	1124
1154	1	18003637877660	none	1125	1a85f7a6	512	224	0	1125
1155	2	18003651184580	none	1126	1a85f7a6	512	224	0	1126
1156	3	18003668403930	none	1127	1a85f7a6	512	224	0	1127
1157	4	18003685717790	none	1128	1a85f7a6	512	224	0	1128
1158	5	18003702951500	none	1129	1a85f7a6	512	224	0	1129
1159	6	18003720124270	none	1130	1a85f7a6	512	224	0	1130
1160	7	18003737354120	none	1131	1a85f7a6	512	224	0	1131
1161	0	18003754567490	none	1132	1a85f7a6	512	224	0	1132
1162	1	18003767725610	none	1133	1a85f7a6	512	224	0	1133
1163	2	18003784919300	none	1134	1a85f7a6	512	224	0	1134
1164	3	18003802115600	none	1135	1a85f7a6	512	224	0	1135
1165	4	18003819362740	none	1136	1a85f7a6	512	224	0	1136
1166	5	18003836595940	none	1137	1a85f7a6	512	224	0	1137
1167	6	18003853806400	none	1138	1a85f7a6	512	224	0	1138
1168	7	18003871090840	none	1139	1a85f7a6	512	224	0	1139
1169	0	18003884287730	none	1140	1a85f7a6	512	224	0	1140
1170	1	18003901550120	none	1141	1a85f7a6	512	224	0	1141
1171	2	18003918754830	none	1142	1a85f7a6	512	224	0	1142
1172	3	18003936024740	none	1143	1a85f7a6	512	224	0	1143
1173	4	18003953223570	none	1144	1a85f7a6	512	224	0	1144
1174	5	18003970461600	none	1145	1a85f7a6	512	224	0	1145
1175	6	18003983632770	none	1146	1a85f7a6	512	224	0	1146
1176	7	18004000865410	none	1147	1a85f7a6	512	224	0	1147
1177	0	18004018047390	none	1148	1a85f7a6	512	224	0	1148
1178	1	18004035276740	none	1149	1a85f7a6	512	224	0	1149
1179	2	18004052501670	none	1150	1a85f7a6	512	224	0	1150
1180	3	18004069724020	none	1151	1a85f7a6	512	224	0	1151
1181	4	18004086915550	none	1152	1a85f7a6	512	224	0	1152
1182	5	18004100225840	none	1153	1a85f7a6	512	224	0	1153
1183	6	18004117451350	none	1154	1a85f7a6	512	224	0	1154
1184	7	18004134752160	none	1155	1a85f7a6	512	224	0	1155
1185	0	18004152002130	none	1156	1a85f7a6	512	224	0	1156
1186	1	18004169195020	none	1157	1a85f7a6	512	224	0	1157
1187	2	18004186453360	none	1158	1a85f7a6	512	224	0	1158
1188	3	18004203658280	none	1159	1a85f7a6	512	224	0	1159
1189	4	18004216832620	none	1160	1a85f7a6	512	224	0	1160
1190	5	18004234187660	none	1161	1a85f7a6	512	224	0	1161
1191	6	18004251483390	none	1162	1a85f7a6	512	224	0	1162
1192	7	18004268686180	none	1163	1a85f7a6	512	224	0	1163
1193	0	18004285993840	none	1164	1a85f7a6	512	224	0	1164
1194	1	18004303174880	none	1165	1a85f7a6	512	224	0	1165
1195	2	18004316402730	none	1166	1a85f7a6	512	224	0	1166
1196	3	18004333618360	none	1167	1a85f7a6	512	224	0	1167
1197	4	18004350820840	none	1168	1a85f7a6	512	224	0	1168
1198	5	18004368017470	none	1169	1a85f7a6	512	224	0	1169
1199	6	18004385233450	none	1170	1a85f7a6	512	224	0	1170
1200	7	18004402492680	none	1171	1a85f7a6	512	224	0	1171
1201	0	18004419819190	none	1172	1a85f7a6	512	224	0	1172
1202	1	18004432983400	none	1173	1a85f7a6	512	224	0	1173
1203	2	18004450173990	none	1174	1a85f7a6	512	224	0	1174
1204	3	18004467428870	none	1175	1a85f7a6	512	224	0	1175
1205	4	18004484656210	none	1176	1a85f7a6	512	224	0	1176
1206	5	18004501931230	none	1177	1a85f7a6	512	224	0	1177
1207	6	18004519124990	none	1178	1a85f7a6	512	224	0	1178
1208	7	18004536358720	none	1179	1a85f7a6	512	224	0	1179
1209	0	18004549632740	none	1180	1a85f7a6	512	224	0	1180
1210	1	18004566883640	none	1181	1a85f7a6	512	224	0	1181
1211	2	18004584071130	none	1182	1a85f7a6	512	224	0	1182
1212	3	18004601308680	none	1183	1a85f7a6	512	224	0	1183
1213	4	18004618517310	none	1184	1a85f7a6	512	224	0	1184
1214	5	18004635715570	none	1185	1a85f7a6	512	224	0	1185
1215	6	18004652918560	none	1186	1a85f7a6	512	224	0	1186
1216	7	18004666068500	none	1187	1a85f7a6	512	224	0	1187
1217	0	18004683473560	none	1188	1a85f7a6	512	224	0	1188
1218	1	18004700705880	none	1189	1a85f7a6	512	224	0	1189
1219	2	18004717917660	none	1190	1a85f7a6	512	224	0	1190
1220	3	18004735131250	none	1191	1a85f7a6	512	224	0	1191
1221	4	18004752423140	none	1192	1a85f7a6	512	224	0	1192
1222	5	18004769630520	none	1193	1a85f7a6	512	224	0	1193
1223	6	18004782792440	none	1194	1a85f7a6	512	224	0	1194
1224	7	18004799991140	none	1195	1a85f7a6	512	224	0	1195
1225	0	18004817176720	none	1196	1a85f7a6	512	224	0	1196
1226	1	18004834432210	none	1197	1a85f7a6	512	224	0	1197
1227	2	18004851640940	none	1198	1a85f7a6	512	224	0	1198
1228	3	18004868850670	none	1199	1a85f7a6	512	224	0	1199
1229	4	18004886034810	none	1200	1a85f7a6	512	224	0	1200
1230	5	18004899415160	none	1201	1a85f7a6	512	224	0	1201
1231	6	18004916611790	none	1202	1a85f7a6	512	224	0	1202
1232	7	18004933890550	none	1203	1a85f7a6	512	224	0	1203
1233	0	18004951114880	none	1204	1a85f7a6	512	224	0	1204
1234	1	18004968342720	none	1205	1a85f7a6	512	224	0	1205
1235	2	18004985575670	none	1206	1a85f7a6	512	224	0	1206
1236	3	18004998889140	none	1207	1a85f7a6	512	224	0	1207
1237	4	18005016078040	none	1208	1a85f7a6	512	224	0	1208
1238	5	18005033305900	none	1209	1a85f7a6	512	224	0	1209
1239	6	18005050540140	none	1210	1a85f7a6	512	224	0	1210
1240	7	18005067759040	none	1211	1a85f7a6	512	224	0	1211
1241	0	18005084949490	none	1212	1a85f7a6	512	224	0	1212
1242	1	18005102394000	none	1213	1a85f7a6	512	224	0	1213
1243	2	18005115577630	none	1214	1a85f7a6	512	224	0	1214
1244	3	18005132888800	none	1215	1a85f7a6	512	224	0	1215
1245	4	18005150095070	none	1216	1a85f7a6	512	224	0	1216
1246	5	18005167336710	none	1217	1a85f7a6	512	224	0	1217
1247	6	18005184572420	none	1218	1a85f7a6	512	224	0	1218
1248	7	18005201782190	none	1219	1a85f7a6	512	224	0	1219
1249	0	18005215015440	none	1220	1a85f7a6	512	224	0	1220
1250	1	18005232422100	none	1221	1a85f7a6	512	224	0	1221
1251	2	18005249630040	none	1222	1a85f7a6	512	224	0	1222
1252	3	18005266846290	none	1223	1a85f7a6	512	224	0	1223
1253	4	18005284040250	none	1224	1a85f7a6	512	224	0	1224
1254	5	18005301250150	none	1225	1a85f7a6	512	224	0	1225
1255	6	18005318472300	none	1226	1a85f7a6	512	224	0	1226
1256	7	18005331654430	none	1227	1a85f7a6	512	224	0	1227
1257	0	18005348842550	none	1228	1a85f7a6	512	224	0	1228
1258	1	18005366028390	none	1229	1a85f7a6	512	224	0	1229
1259	2	18005383254510	none	1230	1a85f7a6	512	224	0	1230
1260	3	18005400481350	none	1231	1a85f7a6	512	224	0	1231
1261	4	18005417690680	none	1232	1a85f7a6	512	224	0	1232
1262	5	18005434901530	none	1233	1a85f7a6	512	224	0	1233
1263	6	18005448057960	none	1234	1a85f7a6	512	224	0	1234
1264	7	18005465693070	none	1235	1a85f7a6	512	224	0	1235
1265	0	18005483137190	none	1236	1a85f7a6	512	224	0	1236
1266	1	18005500538980	none	1237	1a85f7a6	512	224	0	1237
1267	2	18005517937710	none	1238	1a85f7a6	512	224	0	1238
1268	3	18005531209940	none	1239	1a85f7a6	512	224	0	1239
1269	4	18005548992220	none	1240	1a85f7a6	512	224	0	1240
1270	5	18005566420540	none	1241	1a85f7a6	512	224	0	1241
1271	6	18005583942860	none	1242	1a85f7a6	512	224	0	1242
1272	7	18005601357270	none	1243	1a85f7a6	512	224	0	1243
1273	0	18005614569020	none	1244	1a85f7a6	512	224	0	1244
1274	1	18005631874180	none	1245	1a85f7a6	512	224	0	1245
1275	2	18005649165620	none	1246	1a85f7a6	512	224	0	1246
1276	3	18005666869450	none	1247	1a85f7a6	512	224	0	1247
1277	4	18005684279740	none	1248	1a85f7a6	512	224	0	1248
1278	5	18005697750240	none	1249	1a85f7a6	512	224	0	1249
1279	6	18005715409500	none	1250	1a85f7a6	512	224	0	1250
1280	7	18005732753550	none	1251	1a85f7a6	512	224	0	1251
1281	0	18005750371160	none	1252	1a85f7a6	512	224	0	1252
1282	1	18005767909790	none	1253	1a85f7a6	512	224	0	1253
1283	2	18005781216070	none	1254	1a85f7a6	512	224	0	1254
1284	3	18005799161710	none	1255	1a85f7a6	512	224	0	1255
1285	4	18005816436510	none	1256	1a85f7a6	512	224	0	1256
1286	5	18005833826530	none	1257	1a85f7a6	512	224	0	1257
1287	6	18005847627940	none	1258	1a85f7a6	512	224	0	1258
1288	7	18005865127500	none	1259	1a85f7a6	512	224	0	1259
1289	0	18005882541180	none	1260	1a85f7a6	512	224	0	1260
1290	1	18005900359180	none	1261	1a85f7a6	512	224	0	1261
1291	2	18005917697710	none	1262	1a85f7a6	512	224	0	1262
1292	3	18005930970370	none	1263	1a85f7a6	512	224	0	1263
1293	4	18005948327880	none	1264	1a85f7a6	512	224	0	1264
1294	5	18005965559560	none	1265	1a85f7a6	512	224	0	1265
1295	6	18005982784040	none	1266	1a85f7a6	512	224	0	1266
1296	7	18006000259620	none	1267	1a85f7a6	512	224	0	1267
1297	0	18006017538790	none	1268	1a85f7a6	512	224	0	1268
1298	1	18006030823400	none	1269	1a85f7a6	512	224	0	1269
1299	2	18006048437530	none	1270	1a85f7a6	512	224	0	1270
1300	3	18006066207590	none	1271	1a85f7a6	512	224	0	1271
1301	4	18006083947220	none	1272	1a85f7a6	512	224	0	1272
1302	5	18006097261880	none	1273	1a85f7a6	512	224	0	1273
1303	6	18006114749620	none	1274	1a85f7a6	512	224	0	1274
1304	7	18006132201640	none	1275	1a85f7a6	512	224	0	1275
1305	0	18006150088490	none	1276	1a85f7a6	512	224	0	1276
1306	1	18006163615690	none	1277	1a85f7a6	512	224	0	1277
1307	2	18006181162320	none	1278	1a85f7a6	512	224	0	1278
1308	3	18006198524180	none	1279	1a85f7a6	512	224	0	1279
1309	4	18006215863230	none	1280	1a85f7a6	512	224	0	1280
1310	5	18006233290430	none	1281	1a85f7a6	512	224	0	1281
1311	6	18006246671920	none	1282	1a85f7a6	512	224	0	1282
1312	7	18006263923290	none	1283	1a85f7a6	512	224	0	1283
1313	0	18006281200400	none	1284	1a85f7a6	512	224	0	1284
1314	1	18006298452390	none	1285	1a85f7a6	512	224	0	1285
1315	2	18006315727460	none	1286	1a85f7a6	512	224	0	1286
1316	3	18006333055300	none	1287	1a85f7a6	512	224	0	1287
1317	4	18006350357820	none	1288	1a85f7a6	512	224	0	1288
1318	5	18006363762280	none	1289	1a85f7a6	512	224	0	1289
1319	6	18006381177370	none	1290	1a85f7a6	512	224	0	1290
1320	7	18006398605660	none	1291	1a85f7a6	512	224	0	1291
1321	0	18006416239830	none	1292	1a85f7a6	512	224	0	1292
1322	1	18006433551420	none	1293	1a85f7a6	512	224	0	1293
1323	2	18006446817190	none	1294	1a85f7a6	512	224	0	1294
1324	3	18006464293790	none	1295	1a85f7a6	512	224	0	1295
1325	4	18006481744510	none	1296	1a85f7a6	512	224	0	1296
1326	5	18006499376660	none	1297	1a85f7a6	512	224	0	1297
1327	6	18006516783970	none	1298	1a85f7a6	512	224	0	1298
1328	7	18006530025550	none	1299	1a85f7a6	512	224	0	1299
1329	0	18006547379630	none	1300	1a85f7a6	512	224	0	1300
1330	1	18006565144060	none	1301	1a85f7a6	512	224	0	1301
1331	2	18006582555840	none	1302	1a85f7a6	512	224	0	1302
1332	3	18006599937960	none	1303	1a85f7a6	512	224	0	1303
1333	4	18006613123900	none	1304	1a85f7a6	512	224	0	1304
1334	5	18006630404770	none	1305	1a85f7a6	512	224	0	1305
1335	6	18006647649880	none	1306	1a85f7a6	512	224	0	1306
1336	7	18006664924130	none	1307	1a85f7a6	512	224	0	1307
1337	0	18006682466110	none	1308	1a85f7a6	512	224	0	1308
1338	1	18006696028220	none	1309	1a85f7a6	512	224	0	1309
1339	2	18006713432410	none	1310	1a85f7a6	512	224	0	1310
1340	3	18006731264710	none	1311	1a85f7a6	512	224	0	1311
1341	4	18006748687240	none	1312	1a85f7a6	512	224	0	1312
1342	5	18006766137220	none	1313	1a85f7a6	512	224	0	1313
1343	6	18006779520030	none	1314	1a85f7a6	512	224	0	1314
1344	7	18006797052650	none	1315	1a85f7a6	512	224	0	1315
1345	0	18006814378180	none	1316	1a85f7a6	512	224	0	1316
1346	1	18006829056270	none	1317	1a85f7a6	512	224	0	1317
1347	2	18006847392870	none	1318	1a85f7a6	512	224	0	1318
1348	3	18006865710980	none	1319	1a85f7a6	512	224	0	1319
1349	4	18006879357900	none	1320	1a85f7a6	512	224	0	1320
1350	5	18006897418970	none	1321	1a85f7a6	512	224	0	1321
1351	6	18006915915370	none	1322	1a85f7a6	512	224	0	1322
1352	7	18006930141110	none	1323	1a85f7a6	512	224	0	1323
1353	0	18006948316420	none	1324	1a85f7a6	512	224	0	1324
1354	1	18006966165450	none	1325	1a85f7a6	512	224	0	1325
1355	2	18006980411540	none	1326	1a85f7a6	512	224	0	1326
1356	3	18006998123970	none	1327	1a85f7a6	512	224	0	1327
1357	4	18007015618420	none	1328	1a85f7a6	512	224	0	1328
1358	5	18007029229850	none	1329	1a85f7a6	512	224	0	1329
1359	6	18007047480670	none	1330	1a85f7a6	512	224	0	1330
1360	7	18007065653130	none	1331	1a85f7a6	512	224	0	1331
1361	0	18007079421420	none	1332	1a85f7a6	512	224	0	1332
1362	1	18007096699140	none	1333	1a85f7a6	512	224	0	1333
1363	2	18007114036270	none	1334	1a85f7a6	512	224	0	1334
1364	3	18007131258640	none	1335	1a85f7a6	512	224	0	1335
1365	4	18007148589260	none	1336	1a85f7a6	512	224	0	1336
1366	5	18007161739810	none	1337	1a85f7a6	512	224	0	1337
1367	6	18007179021690	none	1338	1a85f7a6	512	224	0	1338
1368	7	18007196259480	none	1339	1a85f7a6	512	224	0	1339
1369	0	18007213496550	none	1340	1a85f7a6	512	224	0	1340
1370	1	18007230700980	none	1341	1a85f7a6	512	224	0	1341
1371	2	18007248091650	none	1342	1a85f7a6	512	224	0	1342
1372	3	18007265554210	none	1343	1a85f7a6	512	224	0	1343
1373	4	18007279073360	none	1344	1a85f7a6	512	224	0	1344
1374	5	18007296421500	none	1345	1a85f7a6	512	224	0	1345
1375	6	18007313738200	none	1346	1a85f7a6	512	224	0	1346
1376	7	18007331336200	none	1347	1a85f7a6	512	224	0	1347
1377	0	18007348675630	none	1348	1a85f7a6	512	224	0	1348
1378	1	18007361994720	none	1349	1a85f7a6	512	224	0	1349
1379	2	18007379222690	none	1350	1a85f7a6	512	224	0	1350
1380	3	18007396467830	none	1351	1a85f7a6	512	224	0	1351
1381	4	18007413706570	none	1352	1a85f7a6	512	224	0	1352
1382	5	18007431134550	none	1353	1a85f7a6	512	224	0	1353
1383	6	18007448449590	none	1354	1a85f7a6	512	224	0	1354
1384	7	18007462004820	none	1355	1a85f7a6	512	224	0	1355
1385	0	18007479385250	none	1356	1a85f7a6	512	224	0	1356
1386	1	18007496756290	none	1357	1a85f7a6	512	224	0	1357
1387	2	18007514139830	none	1358	1a85f7a6	512	224	0	1358
1388	3	18007531492310	none	1359	1a85f7a6	512	224	0	1359
1389	4	18007545182520	none	1360	1a85f7a6	512	224	0	1360
1390	5	18007563286060	none	1361	1a85f7a6	512	224	0	1361
1391	6	18007580700310	none	1362	1a85f7a6	512	224	0	1362
1392	7	18007598140530	none	1363	1a85f7a6	512	224	0	1363
1393	0	18007611604610	none	1364	1a85f7a6	512	224	0	1364
1394	1	18007629099700	none	1365	1a85f7a6	512	224	0	1365
1395	2	18007646491970	none	1366	1a85f7a6	512	224	0	1366
1396	3	18007663800310	none	1367	1a85f7a6	512	224	0	1367
1397	4	18007681433370	none	1368	1a85f7a6	512	224	0	1368
1398	5	18007694621330	none	1369	1a85f7a6	512	224	0	1369
1399	6	18007711858890	none	1370	1a85f7a6	512	224	0	1370
1400	7	18007729080560	none	1371	1a85f7a6	512	224	0	1371
1401	0	18007746505210	none	1372	1a85f7a6	512	224	0	1372
1402	1	18007763761300	none	1373	1a85f7a6	512	224	0	1373
1403	2	18007781048310	none	1374	1a85f7a6	512	224	0	1374
1404	3	18007794298280	none	1375	1a85f7a6	512	224	0	1375
1405	4	18007811904020	none	1376	1a85f7a6	512	224	0	1376
1406	5	18007829307800	none	1377	1a85f7a6	512	224	0	1377
1407	6	18007846829040	none	1378	1a85f7a6	512	224	0	1378
1408	7	18007864170070	none	1379	1a85f7a6	512	224	0	1379
1409	0	18007877508570	none	1380	1a85f7a6	512	224	0	1380
1410	1	18007895215060	none	1381	1a85f7a6	512	224	0	1381
1411	2	18007912643130	none	1382	1a85f7a6	512	224	0	1382
1412	3	18007930286270	none	1383	1a85f7a6	512	224	0	1383
1413	4	18007947746830	none	1384	1a85f7a6	512	224	0	1384
1414	5	18007960985730	none	1385	1a85f7a6	512	224	0	1385
1415	6	18007978429720	none	1386	1a85f7a6	512	224	0	1386
1416	7	18007995803660	none	1387	1a85f7a6	512	224	0	1387
1417	0	18008013146300	none	1388	1a85f7a6	512	224	0	1388
1418	1	18008030472340	none	1389	1a85f7a6	512	224	0	1389
1419	2	18008043677640	none	1390	1a85f7a6	512	224	0	1390
1420	3	18008060899720	none	1391	1a85f7a6	512	224	0	1391
1421	4	18008078092320	none	1392	1a85f7a6	512	224	0	1392
1422	5	18008095466310	none	1393	1a85f7a6	512	224	0	1393
1423	6	18008113320680	none	1394	1a85f7a6	512	224	0	1394
1424	7	18008127170490	none	1395	1a85f7a6	512	224	0	1395
1425	0	18008144603690	none	1396	1a85f7a6	512	224	0	1396
1426	1	18008162277650	none	1397	1a85f7a6	512	224	0	1397
1427	2	18008179998320	none	1398	1a85f7a6	512	224	0	1398
1428	3	18008197414340	none	1399	1a85f7a6	512	224	0	1399
1429	4	18008211249280	none	1400	1a85f7a6	512	224	0	1400
1430	5	18008228684860	none	1401	1a85f7a6	512	224	0	1401
1431	6	18008247155440	none	1402	1a85f7a6	512	224	0	1402
1432	7	18008260426480	none	1403	1a85f7a6	512	224	0	1403
1433	0	18008278146340	none	1404	1a85f7a6	512	224	0	1404
1434	1	18008297065030	none	1405	1a85f7a6	512	224	0	1405
1435	2	18008310470400	none	1406	1a85f7a6	512	224	0	1406
1436	3	18008328001380	none	1407	1a85f7a6	512	224	0	1407
1437	4	18008346250490	none	1408	1a85f7a6	512	224	0	1408
1438	5	18008363732560	none	1409	1a85f7a6	512	224	0	1409
1439	6	18008377373530	none	1410	1a85f7a6	512	224	0	1410
1440	7	18008396062080	none	1411	1a85f7a6	512	224	0	1411
1441	0	18008413618710	none	1412	1a85f7a6	512	224	0	1412
1442	1	18008428016220	none	1413	1a85f7a6	512	224	0	1413
1443	2	18008446422170	none	1414	1a85f7a6	512	224	0	1414
1444	3	18008459819930	none	1415	1a85f7a6	512	224	0	1415
1445	4	18008477497180	none	1416	1a85f7a6	512	224	0	1416
1446	5	18008495446590	none	1417	1a85f7a6	512	224	0	1417
1447	6	18008513052690	none	1418	1a85f7a6	512	224	0	1418
1448	7	18008526380370	none	1419	1a85f7a6	512	224	0	1419
1449	0	18008544603540	none	1420	1a85f7a6	512	224	0	1420
1450	1	18008562013640	none	1421	1a85f7a6	512	224	0	1421
1451	2	18008579274060	none	1422	1a85f7a6	512	224	0	1422
1452	3	18008596561700	none	1423	1a85f7a6	512	224	0	1423
1453	4	18008609725010	none	1424	1a85f7a6	512	224	0	1424
1454	5	18008626998070	none	1425	1a85f7a6	512	224	0	1425
1455	6	18008644227600	none	1426	1a85f7a6	512	224	0	1426
1456	7	18008661445910	none	1427	1a85f7a6	512	224	0	1427
1457	0	18008678667270	none	1428	1a85f7a6	512	224	0	1428
1458	1	18008695989430	none	1429	1a85f7a6	512	224	0	1429
1459	2	18008709160320	none	1430	1a85f7a6	512	224	0	1430
1460	3	18008726403700	none	1431	1a85f7a6	512	224	0	1431
1461	4	18008743618820	none	1432	1a85f7a6	512	224	0	1432
1462	5	18008760861640	none	1433	1a85f7a6	512	224	0	1433
1463	6	18008778527590	none	1434	1a85f7a6	512	224	0	1434
1464	7	18008796122780	none	1435	1a85f7a6	512	224	0	1435
1465	0	18008809474780	none	1436	1a85f7a6	512	224	0	1436
1466	1	18008826972870	none	1437	1a85f7a6	512	224	0	1437
1467	2	18008844589980	none	1438	1a85f7a6	512	224	0	1438
1468	3	18008862034640	none	1439	1a85f7a6	512	224	0	1439
1469	4	18008879539700	none	1440	1a85f7a6	512	224	0	1440
1470	5	18008892715840	none	1441	1a85f7a6	512	224	0	1441
1471	6	18008909885450	none	1442	1a85f7a6	512	224	0	1442
1472	7	18008927102420	none	1443	1a85f7a6	512	224	0	1443
1473	0	18008944651160	none	1444	1a85f7a6	512	224	0	1444
1474	1	18008962368580	none	1445	1a85f7a6	512	224	0	1445
1475	2	18008976134340	none	1446	1a85f7a6	512	224	0	1446
1476	3	18008993808310	none	1447	1a85f7a6	512	224	0	1447
1477	4	18009011442390	none	1448	1a85f7a6	512	224	0	1448
1478	5	18009028783310	none	1449	1a85f7a6	512	224	0	1449
1479	6	18009042750240	none	1450	1a85f7a6	512	224	0	1450
1480	7	18009060388590	none	1451	1a85f7a6	512	224	0	1451
1481	0	18009077945810	none	1452	1a85f7a6	512	224	0	1452
1482	1	18009095390320	none	1453	1a85f7a6	512	224	0	1453
1483	2	18009108626670	none	1454	1a85f7a6	512	224	0	1454
1484	3	18009125842150	none	1455	1a85f7a6	512	224	0	1455
1485	4	18009143231430	none	1456	1a85f7a6	512	224	0	1456
1486	5	18009160465950	none	1457	1a85f7a6	512	224	0	1457
1487	6	18009177671260	none	1458	1a85f7a6	512	224	0	1458
1488	7	18009194984700	none	1459	1a85f7a6	512	224	0	1459
1489	0	18009212274810	none	1460	1a85f7a6	512	224	0	1460
1490	1	18009225471620	none	1461	1a85f7a6	512	224	0	1461
1491	2	18009242668150	none	1462	1a85f7a6	512	224	0	1462
1492	3	18009259877280	none	1463	1a85f7a6	512	224	0	1463
1493	4	18009277081190	none	1464	1a85f7a6	512	224	0	1464
1494	5	18009294351140	none	1465	1a85f7a6	512	224	0	1465
1495	6	18009311565300	none	1466	1a85f7a6	512	224	0	1466
1496	7	18009328768800	none	1467	1a85f7a6	512	224	0	1467
1497	0	18009341926330	none	1468	1a85f7a6	512	224	0	1468
1498	1	18009359128480	none	1469	1a85f7a6	512	224	0	1469
1499	2	18009376383540	none	1470	1a85f7a6	512	224	0	1470
1500	3	18009393688470	none	1471	1a85f7a6	512	224	0	1471
1501	4	18009410956810	none	1472	1a85f7a6	512	224	0	1472
1502	5	18009428179180	none	1473	1a85f7a6	512	224	0	1473
1503	6	18009441368530	none	1474	1a85f7a6	512	224	0	1474
1504	7	18009458609920	none	1475	1a85f7a6	512	224	0	1475
1505	0	18009475829660	none	1476	1a85f7a6	512	224	0	1476
1506	1	18009493231060	none	1477	1a85f7a6	512	224	0	1477
1507	2	18009510454450	none	1478	1a85f7a6	512	224	0	1478
1508	3	18009527676650	none	1479	1a85f7a6	512	224	0	1479
1509	4	18009544990310	none	1480	1a85f7a6	512	224	0	1480
1510	5	18009558255680	none	1481	1a85f7a6	512	224	0	1481
1511	6	18009575460930	none	1482	1a85f7a6	512	224	0	1482
1512	7	18009592756820	none	1483	1a85f7a6	512	224	0	1483
1513	0	18009609952650	none	1484	1a85f7a6	512	224	0	1484
1514	1	18009627177810	none	1485	1a85f7a6	512	224	0	1485
1515	2	18009644408180	none	1486	1a85f7a6	512	224	0	1486
1516	3	18009661613910	none	1487	1a85f7a6	512	224	0	1487
1517	4	18009674777480	none	1488	1a85f7a6	512	224	0	1488
1518	5	18009691973770	none	1489	1a85f7a6	512	224	0	1489
1519	6	18009709203770	none	1490	1a85f7a6	512	224	0	1490
1520	7	18009726431050	none	1491	1a85f7a6	512	224	0	1491
1521	0	18009743736730	none	1492	1a85f7a6	512	224	0	1492
1522	1	18009760963690	none	1493	1a85f7a6	512	224	0	1493
1523	2	18009774114280	none	1494	1a85f7a6	512	224	0	1494
1524	3	18009791399740	none	1495	1a85f7a6	512	224	0	1495
1525	4	18009808631950	none	1496	1a85f7a6	512	224	0	1496
1526	5	18009825883230	none	1497	1a85f7a6	512	224	0	1497
1527	6	18009843119990	none	1498	1a85f7a6	512	224	0	1498
1528	7	18009860369820	none	1499	1a85f7a6	512	224	0	1499
1529	0	18009877586930	none	1500	1a85f7a6	512	224	0	1500
1530	1	18009890737100	none	1501	1a85f7a6	512	224	0	1501
1531	2	18009908139320	none	1502	3a695560	512	224	0	1502
1532	3	18009925394210	none	1503	641db5f2	512	224	0	1503
1533	4	18009942701820	none	1504	20d4c1c7	512	224	0	1504
1534	5	18009959951700	none	1505	e53bdef3	512	224	0	1505
1535	6	18009977177500	none	1506	aabeb7a9	512	224	0	1506
1536	7	18009990410890	none	1507	be2940f1	512	224	0	1507
1537	0	18010007717770	none	1508	da99c9f0	512	224	0	1508
1538	1	18010024915650	none	1509	44eb9d07	512	224	0	1509
1539	2	18010042115390	none	1510	1dc47841	512	224	0	1510
1540	3	18010059412540	none	1511	a57de9d7	512	224	0	1511
1541	4	18010076629430	none	1512	908de761	512	224	0	1512
1542	5	18010093832880	none	1513	d3a82d43	512	224	0	1513
1543	6	18010107239860	none	1514	50ba3953	512	224	0	1514
1544	7	18010124519230	none	1515	c7bf8399	512	224	0	1515
1545	0	18010141840730	none	1516	9421e1eb	512	224	0	1516
1546	1	18010159056960	none	1517	b3b184bf	512	224	0	1517
1547	2	18010176318610	none	1518	feb9645b	512	224	0	1518
1548	3	18010193554590	none	1519	43c2cf4c	512	224	0	1519
1549	4	18010206706330	none	1520	98a1340f	512	224	0	1520
1550	5	18010223883820	none	1521	db1f5daa	512	224	0	1521
1551	6	18010241324580	none	1522	0a395cec	512	224	0	1522
1552	7	18010258557940	none	1523	f359a2a6	512	224	0	1523
1553	0	18010275791910	none	1524	7eb99016	512	224	0	1524
1554	1	18010293027940	none	1525	0ef5e457	512	224	0	1525
1555	2	18010310293600	none	1526	a27efe25	512	224	0	1526
1556	3	18010323480160	none	1527	a45e93d1	512	224	0	1527
1557	4	18010340682790	none	1528	31800c59	512	224	0	1528
1558	5	18010357919750	none	1529	2d63e691	512	224	0	1529
1559	6	18010375164390	none	1530	56da95a7	512	224	0	1530
1560	7	18010392397040	none	1531	690b75eb	512	224	0	1531
1561	0	18010409604410	none	1532	99c9e958	512	224	0	1532
1562	1	18010426807260	none	1533	bf2754a0	512	224	0	1533
1563	2	18010439988350	none	1534	d9294464	512	224	0	1534
1564	3	18010457195180	none	1535	34a2708e	512	224	0	1535
1565	4	18010474496680	none	1536	b6426c32	512	224	0	1536
1566	5	18010491729410	none	1537	4228da3b	512	224	0	1537
1567	6	18010509001140	none	1538	80d31c08	512	224	0	1538
1568	7	18010526255260	none	1539	2c433381	512	224	0	1539
1569	0	18010543549510	none	1540	ecff0b86	512	224	0	1540
1570	1	18010556879780	none	1541	b7151bdf	512	224	0	1541
1571	2	18010574186590	none	1542	57afd05f	512	224	0	1542
1572	3	18010591438810	none	1543	4d846006	512	224	0	1543
1573	4	18010608672890	none	1544	c37bb348	512	224	0	1544
1574	5	18010625869280	none	1545	0cf19c96	512	224	0	1545
1575	6	18010643041780	none	1546	99a1eb98	512	224	0	1546
1576	7	18010656380950	none	1547	489f3465	512	224	0	1547
1577	0	18010673588630	none	1548	e927d2c8	512	224	0	1548
1578	1	18010690971570	none	1549	c6612f04	512	224	0	1549
1579	2	18010708247200	none	1550	cf841d5a	512	224	0	1550
1580	3	18010725469300	none	1551	a0d5dca8	512	224	0	1551
1581	4	18010742677420	none	1552	d6c20abe	512	224	0	1552
1582	5	18010755826000	none	1553	e78869fb	512	224	0	1553
1583	6	18010773013520	none	1554	9583ae27	512	224	0	1554
1584	7	18010790374830	none	1555	cbedf68f	512	224	0	1555
1585	0	18010807688770	none	1556	eeca9ad0	512	224	0	1556
1586	1	18010824963890	none	1557	44f63350	512	224	0	1557
1587	2	18010842204090	none	1558	44f63350	512	224	0	1558
1588	3	18010859467340	none	1559	7f3358e5	512	224	0	1559
1589	4	18010872638900	none	1560	c0b0782a	512	224	0	1560
1590	5	18010889839130	none	1561	c0b0782a	512	224	0	1561
1591	6	18010907021220	none	1562	11d6fd75	512	224	0	1562
1592	7	18010924295590	none	1563	0756feb8	512	224	0	1563
1593	0	18010941547620	none	1564	0756feb8	512	224	0	1564
1594	1	18010958752570	none	1565	2f902f6e	512	224	0	1565
1595	2	18010975945330	none	1566	6ad3386e	512	224	0	1566
1596	3	18010989151160	none	1567	6ad3386e	512	224	0	1567
1597	4	18011006360540	none	1568	3be7df0e	512	224	0	1568
1598	5	18011023631880	none	1569	0307e07c	512	224	0	1569
1599	6	18011041005670	none	1570	0307e07c	512	224	0	1570
1600	7	18011058289360	none	1571	378a2495	512	224	0	1571
1601	0	18011075548450	none	1572	3a92738e	512	224	0	1572
1602	1	18011088737630	none	1573	3a92738e	512	224	0	1573
1603	2	18011105973750	none	1574	0c59a11c	512	224	0	1574
1604	3	18011123240520	none	1575	887f08fd	512	224	0	1575
1605	4	18011140458950	none	1576	887f08fd	512	224	0	1576
1606	5	18011157738360	none	1577	2a60428d	512	224	0	1577
1607	6	18011175083740	none	1578	cda6f2a1	512	224	0	1578
1608	7	18011192339460	none	1579	cda6f2a1	512	224	0	1579
1609	0	18011205679770	none	1580	90c2877f	512	224	0	1580
1610	1	18011222901780	none	1581	be26ad17	512	224	0	1581
1611	2	18011240141510	none	1582	be26ad17	512	224	0	1582
1612	3	18011257430310	none	1583	0ac82f20	512	224	0	1583
1613	4	18011274679160	none	1584	8e1847e4	512	224	0	1584
1614	5	18011291890400	none	1585	8e1847e4	512	224	0	1585
1615	6	18011305250660	none	1586	2ca1a4f7	512	224	0	1586
1616	7	18011322459500	none	1587	dc6165a5	512	224	0	1587
1617	0	18011339788540	none	1588	dc6165a5	512	224	0	1588
1618	1	18011357005540	none	1589	fe9851de	512	224	0	1589
1619	2	18011374302540	none	1590	8644b8a4	512	224	0	1590
1620	3	18011391539670	none	1591	2b6ebce6	512	224	0	1591
1621	4	18011404783750	none	1592	92f629ee	512	224	0	1592
1622	5	18011421968100	none	1593	a5e6a8b4	512	224	0	1593
1623	6	18011439182470	none	1594	83f426a8	512	224	0	1594
1624	7	18011456396400	none	1595	f9c9c6ea	512	224	0	1595
1625	0	18011473614830	none	1596	543c5794	512	224	0	1596
1626	1	18011490882000	none	1597	543c5794	512	224	0	1597
1627	2	18011508297380	none	1598	50fe571c	512	224	0	1598
1628	3	18011521502020	none	1599	c338f852	512	224	0	1599
1629	4	18011538806680	none	1600	c338f852	512	224	0	1600
1630	5	18011555985550	none	1601	43a4aec0	512	224	0	1601
1631	6	18011573278410	none	1602	ca4c0c35	512	224	0	1602
1632	7	18011590507700	none	1603	ca4c0c35	512	224	0	1603
1633	0	18011607824530	none	1604	4509a371	512	224	0	1604
1634	1	18011621037350	none	1605	776df123	512	224	0	1605
1635	2	18011638456160	none	1606	776df123	512	224	0	1606
1636	3	18011655652060	none	1607	bdc6544e	512	224	0	1607
1637	4	18011672849230	none	1608	fba7a50f	512	224	0	1608
1638	5	18011690057770	none	1609	fba7a50f	512	224	0	1609
1639	6	18011707298770	none	1610	f4a19607	512	224	0	1610
1640	7	18011724577650	none	1611	6f19fd2f	512	224	0	1611
1641	0	18011737742480	none	1612	6f19fd2f	512	224	0	1612
1642	1	18011754919680	none	1613	2b00a4f9	512	224	0	1613
1643	2	18011772142450	none	1614	df0c8721	512	224	0	1614
1644	3	18011789376980	none	1615	df0c8721	512	224	0	1615
1645	4	18011806572470	none	1616	d1a2d8f2	512	224	0	1616
1646	5	18011823768300	none	1617	881dbfb7	512	224	0	1617
1647	6	18011841056820	none	1618	881dbfb7	512	224	0	1618
1648	7	18011854427000	none	1619	7239be3a	512	224	0	1619
1649	0	18011871754380	none	1620	a59b79ff	512	224	0	1620
1650	1	18011889029540	none	1621	a59b79ff	512	224	0	1621
1651	2	18011906281980	none	1622	74237378	512	224	0	1622
1652	3	18011923536310	none	1623	f60a96a0	512	224	0	1623
1653	4	18011940882800	none	1624	f60a96a0	512	224	0	1624
1654	5	18011954136260	none	1625	55238dd2	512	224	0	1625
1655	6	18011971362950	none	1626	968bf14f	512	224	0	1626
1656	7	18011988589830	none	1627	968bf14f	512	224	0	1627
1657	0	18012005769270	none	1628	b3265c60	512	224	0	1628
1658	1	18012023127530	none	1629	a63f0e05	512	224	0	1629
1659	2	18012040355250	none	1630	33e311ee	512	224	0	1630
1660	3	18012053703020	none	1631	c11e903a	512	224	0	1631
1661	4	18012070903550	none	1632	87a1b2e3	512	224	0	1632
1662	5	18012088096290	none	1633	5510ed86	512	224	0	1633
1663	6	18012105331570	none	1634	3978003c	512	224	0	1634
1664	7	18012122553400	none	1635	3ce1fc5b	512	224	0	1635
1665	0	18012139766120	none	1636	31ce49f8	512	224	0	1636
1666	1	18012156982270	none	1637	52180cb5	512	224	0	1637
1667	2	18012170233430	none	1638	e4b36069	512	224	0	1638
1668	3	18012187590840	none	1639	47a1c97b	512	224	0	1639
1669	4	18012204944520	none	1640	fbc5f42a	512	224	0	1640
1670	5	18012222162850	none	1641	c36fd5a0	512	224	0	1641
1671	6	18012239390610	none	1642	6c1cb30f	512	224	0	1642
1672	7	18012256573400	none	1643	52191c52	512	224	0	1643
1673	0	18012273767460	none	1644	2d8a3f0c	512	224	0	1644
1674	1	18012287048600	none	1645	5aa5a879	512	224	0	1645
1675	2	18012304303240	none	1646	89ccd454	512	224	0	1646
1676	3	18012321506240	none	1647	a3272b16	512	224	0	1647
1677	4	18012338715040	none	1648	421398c7	512	224	0	1648
1678	5	18012355902850	none	1649	03a4f570	512	224	0	1649
1679	6	18012373133170	none	1650	c9969c0d	512	224	0	1650
1680	7	18012390367080	none	1651	9e2b3360	512	224	0	1651
1681	0	18012403655690	none	1652	c2671ec6	512	224	0	1652
1682	1	18012420876500	none	1653	ff6742b7	512	224	0	1653
1683	2	18012438120410	none	1654	075309ff	512	224	0	1654
1684	3	18012455411320	none	1655	5acef528	512	224	0	1655
1685	4	18012472673200	none	1656	f15e70cc	512	224	0	1656
1686	5	18012489895580	none	1657	9ec439f4	512	224	0	1657
1687	6	18012503065270	none	1658	c6d29c1d	512	224	0	1658
1688	7	18012520301630	none	1659	84c262c3	512	224	0	1659
1689	0	18012537507230	none	1660	8d188e44	512	224	0	1660
1690	1	18012554706170	none	1661	f9795ad6	512	224	0	1661
1691	2	18012572047500	none	1662	d934d970	512	224	0	1662
1692	3	18012589303520	none	1663	01df1041	512	224	0	1663
1693	4	18012606629450	none	1664	8a3476ba	512	224	0	1664
1694	5	18012619768900	none	1665	40f94560	512	224	0	1665
1695	6	18012637115740	none	1666	2ebec47e	512	224	0	1666
1696	7	18012654340370	none	1667	2ded6c9d	512	224	0	1667
1697	0	18012671628320	none	1668	eadc7907	512	224	0	1668
1698	1	18012689315180	none	1669	cc40d890	512	224	0	1669
1699	2	18012702708260	none	1670	6ece5f44	512	224	0	1670
1700	3	18012719926670	none	1671	36bfc0e6	512	224	0	1671
1701	4	18012737187030	none	1672	3c13a970	512	224	0	1672
1702	5	18012754423250	none	1673	de4190cf	512	224	0	1673
1703	6	18012771637040	none	1674	b599bf2d	512	224	0	1674
1704	7	18012788891390	none	1675	3958ac48	512	224	0	1675
1705	0	18012806132610	none	1676	bce63375	512	224	0	1676
1706	1	18012819334490	none	1677	f843372f	512	224	0	1677
1707	2	18012836556020	none	1678	d2aab327	512	224	0	1678
1708	3	18012853745350	none	1679	a4ce6e04	512	224	0	1679
1709	4	18012871081870	none	1680	169aab31	512	224	0	1680
1710	5	18012888320940	none	1681	a5a8d56d	512	224	0	1681
1711	6	18012905632270	none	1682	a5a8d56d	512	224	0	1682
1712	7	18012918907840	none	1683	a5a8d56d	512	224	0	1683
1713	0	18012936166770	none	1684	a5a8d56d	512	224	0	1684
1714	1	18012953432860	none	1685	a5a8d56d	512	224	0	1685
1715	2	18012970627510	none	1686	a5a8d56d	512	224	0	1686
1716	3	18012987829350	none	1687	a5a8d56d	512	224	0	1687
1717	4	18013005240220	none	1688	a5a8d56d	512	224	0	1688
1718	5	18013022447550	none	1689	a5a8d56d	512	224	0	1689
1719	6	18013035621840	none	1690	a5a8d56d	512	224	0	1690
1720	7	18013052932750	none	1691	a5a8d56d	512	224	0	1691
1721	0	18013070145140	none	1692	a5a8d56d	512	224	0	1692
1722	1	18013087383760	none	1693	a5a8d56d	512	224	0	1693
1723	2	18013104603380	none	1694	a5a8d56d	512	224	0	1694
1724	3	18013121806030	none	1695	a5a8d56d	512	224	0	1695
1725	4	18013138993730	none	1696	a5a8d56d	512	224	0	1696
1726	5	18013152258190	none	1697	a5a8d56d	512	224	0	1697
1727	6	18013169493770	none	1698	a5a8d56d	512	224	0	1698
1728	7	18013186753540	none	1699	a5a8d56d	512	224	0	1699
1729	0	18013204019830	none	1700	a5a8d56d	512	224	0	1700
1730	1	18013221261570	none	1701	a5a8d56d	512	224	0	1701
1731	2	18013238482320	none	1702	a5a8d56d	512	224	0	1702
1732	3	18013252037500	none	1703	a5a8d56d	512	224	0	1703
1733	4	18013269476140	none	1704	a5a8d56d	512	224	0	1704
1734	5	18013286767220	none	1705	a5a8d56d	512	224	0	1705
1735	6	18013303963180	none	1706	a5a8d56d	512	224	0	1706
1736	7	18013321225950	none	1707	a5a8d56d	512	224	0	1707
1737	0	18013338443200	none	1708	a5a8d56d	512	224	0	1708
1738	1	18013351615160	none	1709	a5a8d56d	512	224	0	1709
1739	2	18013368858890	none	1710	a5a8d56d	512	224	0	1710
1740	3	18013386058970	none	1711	a5a8d56d	512	224	0	1711
1741	4	18013403353710	none	1712	a5a8d56d	512	224	0	1712
1742	5	18013420551590	none	1713	a5a8d56d	512	224	0	1713
1743	6	18013437755130	none	1714	a5a8d56d	512	224	0	1714
1744	7	18013455011270	none	1715	a5a8d56d	512	224	0	1715
1745	0	18013468248050	none	1716	a5a8d56d	512	224	0	1716
1746	1	18013485473080	none	1717	a5a8d56d	512	224	0	1717
1747	2	18013502683300	none	1718	a5a8d56d	512	224	0	1718
1748	3	18013519855000	none	1719	a5a8d56d	512	224	0	1719
1749	4	18013537024050	none	1720	a5a8d56d	512	224	0	1720
1750	5	18013554384700	none	1721	a5a8d56d	512	224	0	1721
1751	6	18013571614470	none	1722	a5a8d56d	512	224	0	1722
1752	7	18013584773820	none	1723	a5a8d56d	512	224	0	1723
1753	0	18013601973460	none	1724	a5a8d56d	512	224	0	1724
1754	1	18013619278320	none	1725	a5a8d56d	512	224	0	1725
1755	2	18013636478140	none	1726	a5a8d56d	512	224	0	1726
1756	3	18013653685060	none	1727	a5a8d56d	512	224	0	1727
1757	4	18013670880320	none	1728	a5a8d56d	512	224	0	1728
1758	5	18013688107210	none	1729	a5a8d56d	512	224	0	1729
1759	6	18013701306640	none	1730	a5a8d56d	512	224	0	1730
1760	7	18013718508420	none	1731	a5a8d56d	512	224	0	1731
1761	0	18013735777230	none	1732	a5a8d56d	512	224	0	1732
1762	1	18013752951550	none	1733	a5a8d56d	512	224	0	1733
1763	2	18013770182370	none	1734	a5a8d56d	512	224	0	1734
1764	3	18013787413440	none	1735	a5a8d56d	512	224	0	1735
1765	4	18013804625710	none	1736	a5a8d56d	512	224	0	1736
1766	5	18013817852870	none	1737	a5a8d56d	512	224	0	1737
1767	6	18013835064320	none	1738	a5a8d56d	512	224	0	1738
1768	7	18013852297130	none	1739	a5a8d56d	512	224	0	1739
1769	0	18013869491150	none	1740	a5a8d56d	512	224	0	1740
1770	1	18013886732970	none	1741	a5a8d56d	512	224	0	1741
1771	2	18013903969990	none	1742	a5a8d56d	512	224	0	1742
1772	3	18013921213080	none	1743	a5a8d56d	512	224	0	1743
1773	4	18013934385960	none	1744	a5a8d56d	512	224	0	1744
1774	5	18013951582440	none	1745	a5a8d56d	512	224	0	1745
1775	6	18013968782480	none	1746	a5a8d56d	512	224	0	1746
1776	7	18013985962320	none	1747	a5a8d56d	512	224	0	1747
1777	0	18014003415000	none	1748	a5a8d56d	512	224	0	1748
1778	1	18014020625060	none	1749	a5a8d56d	512	224	0	1749
1779	2	18014033769980	none	1750	a5a8d56d	512	224	0	1750
1780	3	18014051056910	none	1751	a5a8d56d	512	224	0	1751
1781	4	18014068318110	none	1752	a5a8d56d	512	224	0	1752
1782	5	18014085516210	none	1753	a5a8d56d	512	224	0	1753
1783	6	18014102730510	none	1754	a5a8d56d	512	224	0	1754
1784	7	18014119916320	none	1755	a5a8d56d	512	224	0	1755
1785	0	18014137133660	none	1756	a5a8d56d	512	224	0	1756
1786	1	18014150329020	none	1757	a5a8d56d	512	224	0	1757
1787	2	18014167536760	none	1758	a5a8d56d	512	224	0	1758
1788	3	18014184739110	none	1759	a5a8d56d	512	224	0	1759
1789	4	18014201927570	none	1760	a5a8d56d	512	224	0	1760
1790	5	18014219176100	none	1761	a5a8d56d	512	224	0	1761
1791	6	18014236389520	none	1762	a5a8d56d	512	224	0	1762
1792	7	18014253608800	none	1763	a5a8d56d	512	224	0	1763
1793	0	18014266780030	none	1764	a5a8d56d	512	224	0	1764
1794	1	18014284008700	none	1765	a5a8d56d	512	224	0	1765
1795	2	18014301232980	none	1766	a5a8d56d	512	224	0	1766
1796	3	18014318442570	none	1767	a5a8d56d	512	224	0	1767
1797	4	18014335656080	none	1768	a5a8d56d	512	224	0	1768
1798	5	18014352950070	none	1769	a5a8d56d	512	224	0	1769
1799	6	18014370212390	none	1770	a5a8d56d	512	224	0	1770
1800	7	18014383407790	none	1771	a5a8d56d	512	224	0	1771
1801	0	18014400620260	none	1772	a5a8d56d	512	224	0	1772
1802	1	18014417791420	none	1773	a5a8d56d	512	224	0	1773
1803	2	18014434972410	none	1774	a5a8d56d	512	224	0	1774
1804	3	18014452355620	none	1775	a5a8d56d	512	224	0	1775
1805	4	18014469565280	none	1776	a5a8d56d	512	224	0	1776
1806	5	18014486770320	none	1777	a5a8d56d	512	224	0	1777
1807	6	18014499978110	none	1778	a5a8d56d	512	224	0	1778
1808	7	18014517224210	none	1779	a5a8d56d	512	224	0	1779
1809	0	18014534432200	none	1780	a5a8d56d	512	224	0	1780
1810	1	18014551657150	none	1781	a5a8d56d	512	224	0	1781
1811	2	18014568854030	none	1782	a5a8d56d	512	224	0	1782
1812	3	18014586078200	none	1783	a5a8d56d	512	224	0	1783
1813	4	18014603343140	none	1784	a5a8d56d	512	224	0	1784
1814	5	18014616506400	none	1785	a5a8d56d	512	224	0	1785
1815	6	18014633713020	none	1786	a5a8d56d	512	224	0	1786
1816	7	18014650937620	none	1787	a5a8d56d	512	224	0	1787
1817	0	18014668191770	none	1788	a5a8d56d	512	224	0	1788
1818	1	18014685426530	none	1789	a5a8d56d	512	224	0	1789
1819	2	18014702617680	none	1790	a5a8d56d	512	224	0	1790
1820	3	18014719814940	none	1791	a5a8d56d	512	224	0	1791
1821	4	18014733075920	none	1792	a5a8d56d	512	224	0	1792
1822	5	18014750295090	none	1793	a5a8d56d	512	224	0	1793
1823	6	18014767507800	none	1794	a5a8d56d	512	224	0	1794
1824	7	18014784696730	none	1795	a5a8d56d	512	224	0	1795
1825	0	18014801999240	none	1796	a5a8d56d	512	224	0	1796
1826	1	18014819242080	none	1797	a5a8d56d	512	224	0	1797
1827	2	18014836443980	none	1798	a5a8d56d	512	224	0	1798
1828	3	18014849609390	none	1799	a5a8d56d	512	224	0	1799
1829	4	18014866790850	none	1800	a5a8d56d	512	224	0	1800
1830	5	18014883981520	none	1801	a5a8d56d	512	224	0	1801
1831	6	18014901382720	none	1802	a5a8d56d	512	224	0	1802
1832	7	18014918645810	none	1803	a5a8d56d	512	224	0	1803
1833	0	18014935837040	none	1804	a5a8d56d	512	224	0	1804
1834	1	18014949009540	none	1805	a5a8d56d	512	224	0	1805
1835	2	18014966249240	none	1806	a5a8d56d	512	224	0	1806
1836	3	18014983475050	none	1807	a5a8d56d	512	224	0	1807
1837	4	18015000684050	none	1808	a5a8d56d	512	224	0	1808
1838	5	18015017863990	none	1809	a5a8d56d	512	224	0	1809
1839	6	18015035083290	none	1810	a5a8d56d	512	224	0	1810
1840	7	18015052317000	none	1811	a5a8d56d	512	224	0	1811
1841	0	18015065525560	none	1812	a5a8d56d	512	224	0	1812
1842	1	18015082736110	none	1813	a5a8d56d	512	224	0	1813
1843	2	18015099922880	none	1814	a5a8d56d	512	224	0	1814
1844	3	18015117157760	none	1815	a5a8d56d	512	224	0	1815
1845	4	18015134380230	none	1816	a5a8d56d	512	224	0	1816
1846	5	18015151588220	none	1817	a5a8d56d	512	224	0	1817
1847	6	18015168772000	none	1818	a5a8d56d	512	224	0	1818
1848	7	18015182114520	none	1819	a5a8d56d	512	224	0	1819
1849	0	18015199339280	none	1820	a5a8d56d	512	224	0	1820
1850	1	18015216539680	none	1821	a5a8d56d	512	224	0	1821
1851	2	18015233741570	none	1822	a5a8d56d	512	224	0	1822
1852	3	18015250997510	none	1823	a5a8d56d	512	224	0	1823
1853	4	18015268241430	none	1824	a5a8d56d	512	224	0	1824
1854	5	18015285448660	none	1825	a5a8d56d	512	224	0	1825
1855	6	18015298609030	none	1826	a5a8d56d	512	224	0	1826
1856	7	18015315788520	none	1827	a5a8d56d	512	224	0	1827
1857	0	18015332976760	none	1828	a5a8d56d	512	224	0	1828
1858	1	18015350393750	none	1829	a5a8d56d	512	224	0	1829
1859	2	18015367611420	none	1830	a5a8d56d	512	224	0	1830
1860	3	18015384799910	none	1831	a5a8d56d	512	224	0	1831
1861	4	18015402016050	none	1832	a5a8d56d	512	224	0	1832
1862	5	18015415223800	none	1833	a5a8d56d	512	224	0	1833
1863	6	18015432439160	none	1834	a5a8d56d	512	224	0	1834
1864	7	18015449669850	none	1835	a5a8d56d	512	224	0	1835
1865	0	18015466868710	none	1836	a5a8d56d	512	224	0	1836
1866	1	18015484111660	none	1837	a5a8d56d	512	224	0	1837
1867	2	18015501364140	none	1838	a5a8d56d	512	224	0	1838
1868	3	18015518574780	none	1839	a5a8d56d	512	224	0	1839
1869	4	18015531727430	none	1840	a5a8d56d	512	224	0	1840
1870	5	18015548922040	none	1841	a5a8d56d	512	224	0	1841
1871	6	18015566185350	none	1842	a5a8d56d	512	224	0	1842
1872	7	18015583406190	none	1843	a5a8d56d	512	224	0	1843
1873	0	18015600632110	none	1844	a5a8d56d	512	224	0	1844
1874	1	18015617813530	none	1845	a5a8d56d	512	224	0	1845
1875	2	18015631113310	none	1846	a5a8d56d	512	224	0	1846
1876	3	18015648329060	none	1847	a5a8d56d	512	224	0	1847
1877	4	18015665542840	none	1848	a5a8d56d	512	224	0	1848
1878	5	18015682732040	none	1849	a5a8d56d	512	224	0	1849
1879	6	18015699985150	none	1850	a5a8d56d	512	224	0	1850
1880	7	18015717244930	none	1851	a5a8d56d	512	224	0	1851
1881	0	18015734457740	none	1852	a5a8d56d	512	224	0	1852
1882	1	18015747603670	none	1853	a5a8d56d	512	224	0	1853
1883	2	18015764800480	none	1854	a5a8d56d	512	224	0	1854
1884	3	18015781986840	none	1855	a5a8d56d	512	224	0	1855
1885	4	18015799364780	none	1856	a5a8d56d	512	224	0	1856
1886	5	18015816567780	none	1857	a5a8d56d	512	224	0	1857
1887	6	18015833760530	none	1858	a5a8d56d	512	224	0	1858
1888	7	18015851004950	none	1859	a5a8d56d	512	224	0	1859
1889	0	18015864236760	none	1860	a5a8d56d	512	224	0	1860
1890	1	18015881471490	none	1861	a5a8d56d	512	224	0	1861
1891	2	18015898666030	none	1862	a5a8d56d	512	224	0	1862
1892	3	18015915851750	none	1863	a5a8d56d	512	224	0	1863
1893	4	18015933096490	none	1864	a5a8d56d	512	224	0	1864
1894	5	18015950323150	none	1865	a5a8d56d	512	224	0	1865
1895	6	18015967550190	none	1866	a5a8d56d	512	224	0	1866
1896	7	18015980720760	none	1867	a5a8d56d	512	224	0	1867
1897	0	18015997917470	none	1868	a5a8d56d	512	224	0	1868
1898	1	18016015187840	none	1869	a5a8d56d	512	224	0	1869
1899	2	18016032409880	none	1870	a5a8d56d	512	224	0	1870
1900	3	18016049625700	none	1871	a5a8d56d	512	224	0	1871
1901	4	18016066820050	none	1872	a5a8d56d	512	224	0	1872
1902	5	18016084168990	none	1873	a5a8d56d	512	224	0	1873
1903	6	18016097364340	none	1874	a5a8d56d	512	224	0	1874
1904	7	18016114570380	none	1875	a5a8d56d	512	224	0	1875
1905	0	18016131904670	none	1876	a5a8d56d	512	224	0	1876
1906	1	18016149140940	none	1877	a5a8d56d	512	224	0	1877
1907	2	18016166371090	none	1878	a5a8d56d	512	224	0	1878
1908	3	18016183597810	none	1879	a5a8d56d	512	224	0	1879
1909	4	18016200768660	none	1880	a5a8d56d	512	224	0	1880
1910	5	18016214108340	none	1881	a5a8d56d	512	224	0	1881
1911	6	18016231321050	none	1882	a5a8d56d	512	224	0	1882
1912	7	18016248624840	none	1883	a5a8d56d	512	224	0	1883
1913	0	18016265947810	none	1884	a5a8d56d	512	224	0	1884
1914	1	18016283195770	none	1885	a5a8d56d	512	224	0	1885
1915	2	18016300432770	none	1886	a5a8d56d	512	224	0	1886
1916	3	18016313594480	none	1887	a5a8d56d	512	224	0	1887
1917	4	18016330785530	none	1888	a5a8d56d	512	224	0	1888
1918	5	18016348181080	none	1889	a5a8d56d	512	224	0	1889
1919	6	18016365425140	none	1890	a5a8d56d	512	224	0	1890
1920	7	18016382653980	none	1891	a5a8d56d	512	224	0	1891
1921	0	18016400055860	none	1892	a5a8d56d	512	224	0	1892
1922	1	18016413270290	none	1893	a5a8d56d	512	224	0	1893
1923	2	18016430494400	none	1894	a5a8d56d	512	224	0	1894
1924	3	18016447715520	none	1895	a5a8d56d	512	224	0	1895
1925	4	18016464928880	none	1896	a5a8d56d	512	224	0	1896
1926	5	18016482181340	none	1897	a5a8d56d	512	224	0	1897
1927	6	18016499484000	none	1898	a5a8d56d	512	224	0	1898
1928	7	18016516688300	none	1899	a5a8d56d	512	224	0	1899
1929	0	18016529853910	none	1900	a5a8d56d	512	224	0	1900
1930	1	18016547299820	none	1901	a5a8d56d	512	224	0	1901
1931	2	18016564530780	none	1902	a5a8d56d	512	224	0	1902
1932	3	18016581715050	none	1903	a5a8d56d	512	224	0	1903
1933	4	18016599003760	none	1904	a5a8d56d	512	224	0	1904
1934	5	18016616263790	none	1905	a5a8d56d	512	224	0	1905
1935	6	18016633457180	none	1906	a5a8d56d	512	224	0	1906
1936	7	18016646623980	none	1907	a5a8d56d	512	224	0	1907
1937	0	18016663909670	none	1908	a5a8d56d	512	224	0	1908
1938	1	18016681173680	none	1909	a5a8d56d	512	224	0	1909
1939	2	18016698399450	none	1910	a5a8d56d	512	224	0	1910
1940	3	18016715587610	none	1911	a5a8d56d	512	224	0	1911
1941	4	18016732773940	none	1912	a5a8d56d	512	224	0	1912
1942	5	18016745934970	none	1913	a5a8d56d	512	224	0	1913
1943	6	18016763195230	none	1914	a5a8d56d	512	224	0	1914
1944	7	18016780410640	none	1915	a5a8d56d	512	224	0	1915
1945	0	18016797701840	none	1916	a5a8d56d	512	224	0	1916
1946	1	18016814960410	none	1917	a5a8d56d	512	224	0	1917
1947	2	18016832202670	none	1918	a5a8d56d	512	224	0	1918
1948	3	18016849410360	none	1919	a5a8d56d	512	224	0	1919
1949	4	18016862586690	none	1920	a5a8d56d	512	224	0	1920
1950	5	18016879758940	none	1921	a5a8d56d	512	224	0	1921
1951	6	18016896940740	none	1922	a5a8d56d	512	224	0	1922
1952	7	18016914239860	none	1923	a5a8d56d	512	224	0	1923
1953	0	18016931489510	none	1924	a5a8d56d	512	224	0	1924
1954	1	18016948748450	none	1925	a5a8d56d	512	224	0	1925
1955	2	18016965987940	none	1926	a5a8d56d	512	224	0	1926
1956	3	18016979334830	none	1927	a5a8d56d	512	224	0	1927
1957	4	18016996884530	none	1928	a5a8d56d	512	224	0	1928
1958	5	18017014336340	none	1929	a5a8d56d	512	224	0	1929
1959	6	18017031653060	none	1930	a5a8d56d	512	224	0	1930
1960	7	18017048990900	none	1931	a5a8d56d	512	224	0	1931
1961	0	18017062419070	none	1932	a5a8d56d	512	224	0	1932
1962	1	18017079757880	none	1933	a5a8d56d	512	224	0	1933
1963	2	18017097245570	none	1934	a5a8d56d	512	224	0	1934
1964	3	18017114951230	none	1935	a5a8d56d	512	224	0	1935
1965	4	18017132210930	none	1936	a5a8d56d	512	224	0	1936
1966	5	18017145408870	none	1937	a5a8d56d	512	224	0	1937
1967	6	18017162656550	none	1938	a5a8d56d	512	224	0	1938
1968	7	18017180083850	none	1939	a5a8d56d	512	224	0	1939
1969	0	18017197388620	none	1940	a5a8d56d	512	224	0	1940
1970	1	18017215500460	none	1941	a5a8d56d	512	224	0	1941
1971	2	18017228926030	none	1942	a5a8d56d	512	224	0	1942
1972	3	18017246478620	none	1943	a5a8d56d	512	224	0	1943
1973	4	18017263831270	none	1944	a5a8d56d	512	224	0	1944
1974	5	18017281553440	none	1945	a5a8d56d	512	224	0	1945
1975	6	18017298848230	none	1946	a5a8d56d	512	224	0	1946
1976	7	18017312355900	none	1947	a5a8d56d	512	224	0	1947
1977	0	18017330059610	none	1948	a5a8d56d	512	224	0	1948
1978	1	18017347714840	none	1949	a5a8d56d	512	224	0	1949
1979	2	18017365433280	none	1950	a5a8d56d	512	224	0	1950
1980	3	18017378852470	none	1951	a5a8d56d	512	224	0	1951
1981	4	18017396758740	none	1952	a5a8d56d	512	224	0	1952
1982	5	18017414141690	none	1953	a5a8d56d	512	224	0	1953
1983	6	18017431441680	none	1954	a5a8d56d	512	224	0	1954
1984	7	18017448661890	none	1955	a5a8d56d	512	224	0	1955
1985	0	18017461994270	none	1956	a5a8d56d	512	224	0	1956
1986	1	18017479272520	none	1957	a5a8d56d	512	224	0	1957
1987	2	18017496500300	none	1958	a5a8d56d	512	224	0	1958
1988	3	18017513711780	none	1959	a5a8d56d	512	224	0	1959
1989	4	18017531105380	none	1960	a5a8d56d	512	224	0	1960
1990	5	18017548338890	none	1961	a5a8d56d	512	224	0	1961
1991	6	18017561616640	none	1962	a5a8d56d	512	224	0	1962
1992	7	18017578896320	none	1963	a5a8d56d	512	224	0	1963
1993	0	18017596161860	none	1964	a5a8d56d	512	224	0	1964
1994	1	18017613374010	none	1965	a5a8d56d	512	224	0	1965
1995	2	18017630589650	none	1966	a5a8d56d	512	224	0	1966
1996	3	18017647801040	none	1967	a5a8d56d	512	224	0	1967
1997	4	18017661209830	none	1968	a5a8d56d	512	224	0	1968
1998	5	18017678417530	none	1969	a5a8d56d	512	224	0	1969
1999	6	18017695709530	none	1970	a5a8d56d	512	224	0	1970
2000	7	18017712948320	none	1971	a5a8d56d	512	224	0	1971
2001	0	18017730272120	none	1972	a5a8d56d	512	224	0	1972
2002	1	18017747482040	none	1973	a5a8d56d	512	224	0	1973
2003	2	18017764688320	none	1974	a5a8d56d	512	224	0	1974
2004	3	18017777835980	none	1975	a5a8d56d	512	224	0	1975
2005	4	18017795261710	none	1976	a5a8d56d	512	224	0	1976
2006	5	18017812459680	none	1977	a5a8d56d	512	224	0	1977
2007	6	18017829661260	none	1978	a5a8d56d	512	224	0	1978
2008	7	18017847017740	none	1979	a5a8d56d	512	224	0	1979
2009	0	18017864246570	none	1980	a5a8d56d	512	224	0	1980
2010	1	18017877433400	none	1981	a5a8d56d	512	224	0	1981
2011	2	18017894641570	none	1982	a5a8d56d	512	224	0	1982
2012	3	18017911974060	none	1983	a5a8d56d	512	224	0	1983
2013	4	18017929228830	none	1984	a5a8d56d	512	224	0	1984
2014	5	18017946441970	none	1985	a5a8d56d	512	224	0	1985
2015	6	18017963648260	none	1986	a5a8d56d	512	224	0	1986
2016	7	18017980860960	none	1987	a5a8d56d	512	224	0	1987
2017	0	18017994088060	none	1988	a5a8d56d	512	224	0	1988
2018	1	18018011300910	none	1989	a5a8d56d	512	224	0	1989
2019	2	18018028506630	none	1990	a5a8d56d	512	224	0	1990
2020	3	18018045721790	none	1991	a5a8d56d	512	224	0	1991
2021	4	18018062917470	none	1992	a5a8d56d	512	224	0	1992
2022	5	18018080176900	none	1993	a5a8d56d	512	224	0	1993
2023	6	18018097401950	none	1994	a5a8d56d	512	224	0	1994
2024	7	18018110664310	none	1995	a5a8d56d	512	224	0	1995
2025	0	18018127888330	none	1996	a5a8d56d	512	224	0	1996
2026	1	18018145140560	none	1997	a5a8d56d	512	224	0	1997
2027	2	18018162363150	none	1998	a5a8d56d	512	224	0	1998
2028	3	18018179559660	none	1999	a5a8d56d	512	224	0	1999
2029	4	18018196777710	none	2000	a5a8d56d	512	224	0	2000
2030	5	18018214170430	none	2001	a5a8d56d	512	224	0	2001
2031	6	18018227372880	none	2002	a5a8d56d	512	224	0	2002
2032	7	18018244674250	none	2003	a5a8d56d	512	224	0	2003
2033	0	18018262007560	none	2004	a5a8d56d	512	224	0	2004
2034	1	18018279312890	none	2005	a5a8d56d	512	224	0	2005
2035	2	18018296764030	none	2006	a5a8d56d	512	224	0	2006
2036	3	18018310176920	none	2007	a5a8d56d	512	224	0	2007
2037	4	18018327402650	none	2008	a5a8d56d	512	224	0	2008
2038	5	18018344688490	none	2009	a5a8d56d	512	224	0	2009
2039	6	18018362007160	none	2010	a5a8d56d	512	224	0	2010
2040	7	18018379238850	none	2011	a5a8d56d	512	224	0	2011
2041	0	18018396440300	none	2012	a5a8d56d	512	224	0	2012
2042	1	18018413720230	none	2013	a5a8d56d	512	224	0	2013
2043	2	18018426910780	none	2014	a5a8d56d	512	224	0	2014
2044	3	18018444168000	none	2015	a5a8d56d	512	224	0	2015
2045	4	18018461394660	none	2016	a5a8d56d	512	224	0	2016
2046	5	18018478617120	none	2017	a5a8d56d	512	224	0	2017
2047	6	18018495809920	none	2018	a5a8d56d	512	224	0	2018
2048	7	18018513203550	none	2019	a5a8d56d	512	224	0	2019
2049	0	18018526407420	none	2020	a5a8d56d	512	224	0	2020
2050	1	18018543712200	none	2021	a5a8d56d	512	224	0	2021
2051	2	18018560954030	none	2022	a5a8d56d	512	224	0	2022
2052	3	18018578185130	none	2023	a5a8d56d	512	224	0	2023
2053	4	18018595398820	none	2024	a5a8d56d	512	224	0	2024
2054	5	18018612597510	none	2025	a5a8d56d	512	224	0	2025
2055	6	18018629783030	none	2026	a5a8d56d	512	224	0	2026
2056	7	18018642950250	none	2027	a5a8d56d	512	224	0	2027
2057	0	18018660189030	none	2028	a5a8d56d	512	224	0	2028
2058	1	18018677420840	none	2029	a5a8d56d	512	224	0	2029
2059	2	18018694615660	none	2030	a5a8d56d	512	224	0	2030
2060	3	18018711794410	none	2031	a5a8d56d	512	224	0	2031
2061	4	18018729171150	none	2032	a5a8d56d	512	224	0	2032
2062	5	18018746411560	none	2033	a5a8d56d	512	224	0	2033
2063	6	18018759683080	none	2034	a5a8d56d	512	224	0	2034
2064	7	18018776890170	none	2035	a5a8d56d	512	224	0	2035
2065	0	18018794238950	none	2036	a5a8d56d	512	224	0	2036
2066	1	18018811454750	none	2037	a5a8d56d	512	224	0	2037
2067	2	18018828651350	none	2038	a5a8d56d	512	224	0	2038
2068	3	18018845859520	none	2039	a5a8d56d	512	224	0	2039
2069	4	18018859200280	none	2040	a5a8d56d	512	224	0	2040
2070	5	18018876412590	none	2041	a5a8d56d	512	224	0	2041
2071	6	18018893625890	none	2042	a5a8d56d	512	224	0	2042
2072	7	18018910817250	none	2043	a5a8d56d	512	224	0	2043
2073	0	18018928158090	none	2044	a5a8d56d	512	224	0	2044
2074	1	18018945369180	none	2045	a5a8d56d	512	224	0	2045
2075	2	18018962661290	none	2046	a5a8d56d	512	224	0	2046
2076	3	18018975906570	none	2047	a5a8d56d	512	224	0	2047
2077	4	18018993163860	none	2048	a5a8d56d	512	224	0	2048
2078	5	18019010384210	none	2049	a5a8d56d	512	224	0	2049
2079	6	18019027594120	none	2050	a5a8d56d	512	224	0	2050
2080	7	18019044781610	none	2051	a5a8d56d	512	224	0	2051
2081	0	18019062192020	none	2052	a5a8d56d	512	224	0	2052
2082	1	18019079395930	none	2053	a5a8d56d	512	224	0	2053
2083	2	18019092562350	none	2054	a5a8d56d	512	224	0	2054
2084	3	18019109947030	none	2055	a5a8d56d	512	224	0	2055
2085	4	18019127201200	none	2056	a5a8d56d	512	224	0	2056
2086	5	18019144414900	none	2057	a5a8d56d	512	224	0	2057
2087	6	18019161635300	none	2058	a5a8d56d	512	224	0	2058
2088	7	18019178811440	none	2059	a5a8d56d	512	224	0	2059
2089	0	18019192002310	none	2060	a5a8d56d	512	224	0	2060
2090	1	18019209215540	none	2061	a5a8d56d	512	224	0	2061
2091	2	18019226425270	none	2062	a5a8d56d	512	224	0	2062
2092	3	18019243644700	none	2063	a5a8d56d	512	224	0	2063
2093	4	18019260828560	none	2064	a5a8d56d	512	224	0	2064
2094	5	18019278155160	none	2065	a5a8d56d	512	224	0	2065
2095	6	18019295396390	none	2066	a5a8d56d	512	224	0	2066
2096	7	18019308665610	none	2067	a5a8d56d	512	224	0	2067
2097	0	18019325910610	none	2068	a5a8d56d	512	224	0	2068
2098	1	18019343161470	none	2069	a5a8d56d	512	224	0	2069
2099	2	18019360379210	none	2070	a5a8d56d	512	224	0	2070
2100	3	18019377590510	none	2071	a5a8d56d	512	224	0	2071
2101	4	18019394886960	none	2072	a5a8d56d	512	224	0	2072
2102	5	18019412165080	none	2073	a5a8d56d	512	224	0	2073
2103	6	18019425352590	none	2074	a5a8d56d	512	224	0	2074
2104	7	18019442558260	none	2075	a5a8d56d	512	224	0	2075
2105	0	18019459745350	none	2076	a5a8d56d	512	224	0	2076
2106	1	18019477137740	none	2077	a5a8d56d	512	224	0	2077
2107	2	18019494369790	none	2078	a5a8d56d	512	224	0	2078
2108	3	18019511664110	none	2079	a5a8d56d	512	224	0	2079
2109	4	18019524909580	none	2080	a5a8d56d	512	224	0	2080
2110	5	18019542169210	none	2081	a5a8d56d	512	224	0	2081
2111	6	18019559388270	none	2082	a5a8d56d	512	224	0	2082
2112	7	18019576611210	none	2083	a5a8d56d	512	224	0	2083
2113	0	18019593836270	none	2084	a5a8d56d	512	224	0	2084
2114	1	18019611259820	none	2085	a5a8d56d	512	224	0	2085
2115	2	18019628465620	none	2086	a5a8d56d	512	224	0	2086
2116	3	18019641627810	none	2087	a5a8d56d	512	224	0	2087
2117	4	18019658943320	none	2088	a5a8d56d	512	224	0	2088
2118	5	18019676184560	none	2089	a5a8d56d	512	224	0	2089
2119	6	18019693418270	none	2090	a5a8d56d	512	224	0	2090
2120	7	18019710613900	none	2091	a5a8d56d	512	224	0	2091
2121	0	18019727816300	none	2092	a5a8d56d	512	224	0	2092
2122	1	18019741018510	none	2093	a5a8d56d	512	224	0	2093
2123	2	18019758300360	none	2094	a5a8d56d	512	224	0	2094
2124	3	18019775505140	none	2095	a5a8d56d	512	224	0	2095
2125	4	18019792703090	none	2096	a5a8d56d	512	224	0	2096
2126	5	18019809902030	none	2097	a5a8d56d	512	224	0	2097
2127	6	18019827169100	none	2098	a5a8d56d	512	224	0	2098
2128	7	18019844393090	none	2099	a5a8d56d	512	224	0	2099
2129	0	18019857665800	none	2100	a5a8d56d	512	224	0	2100
2130	1	18019874936090	none	2101	a5a8d56d	512	224	0	2101
2131	2	18019892163370	none	2102	a5a8d56d	512	224	0	2102
2132	3	18019909375580	none	2103	a5a8d56d	512	224	0	2103
2133	4	18019926556260	none	2104	a5a8d56d	512	224	0	2104
2134	5	18019943748760	none	2105	a5a8d56d	512	224	0	2105
2135	6	18019961048500	none	2106	a5a8d56d	512	224	0	2106
2136	7	18019974232000	none	2107	a5a8d56d	512	224	0	2107
2137	0	18019991495950	none	2108	a5a8d56d	512	224	0	2108
2138	1	18020008682540	none	2109	a5a8d56d	512	224	0	2109
2139	2	18020025871020	none	2110	a5a8d56d	512	224	0	2110
2140	3	18020043144560	none	2111	a5a8d56d	512	224	0	2111
2141	4	18020060485930	none	2112	a5a8d56d	512	224	0	2112
2142	5	18020077691000	none	2113	a5a8d56d	512	224	0	2113
2143	6	18020090832600	none	2114	a5a8d56d	512	224	0	2114
2144	7	18020108137810	none	2115	a5a8d56d	512	224	0	2115
2145	0	18020125394080	none	2116	a5a8d56d	512	224	0	2116
2146	1	18020142716260	none	2117	a5a8d56d	512	224	0	2117
2147	2	18020159907430	none	2118	a5a8d56d	512	224	0	2118
2148	3	18020177153880	none	2119	a5a8d56d	512	224	0	2119
2149	4	18020190323660	none	2120	a5a8d56d	512	224	0	2120
2150	5	18020207605700	none	2121	a5a8d56d	512	224	0	2121
2151	6	18020224829970	none	2122	a5a8d56d	512	224	0	2122
2152	7	18020242097880	none	2123	a5a8d56d	512	224	0	2123
2153	0	18020259326770	none	2124	a5a8d56d	512	224	0	2124
2154	1	18020276531470	none	2125	a5a8d56d	512	224	0	2125
2155	2	18020293728580	none	2126	a5a8d56d	512	224	0	2126
2156	3	18020307002810	none	2127	a5a8d56d	512	224	0	2127
2157	4	18020324280000	none	2128	a5a8d56d	512	224	0	2128
2158	5	18020341516550	none	2129	a5a8d56d	512	224	0	2129
2159	6	18020358711210	none	2130	a5a8d56d	512	224	0	2130
2160	7	18020375911530	none	2131	a5a8d56d	512	224	0	2131
2161	0	18020393273620	none	2132	a5a8d56d	512	224	0	2132
2162	1	18020410501210	none	2133	a5a8d56d	512	224	0	2133
2163	2	18020423660650	none	2134	a5a8d56d	512	224	0	2134
2164	3	18020441011390	none	2135	a5a8d56d	512	224	0	2135
2165	4	18020458260380	none	2136	a5a8d56d	512	224	0	2136
2166	5	18020475473250	none	2137	a5a8d56d	512	224	0	2137
2167	6	18020492671140	none	2138	a5a8d56d	512	224	0	2138
2168	7	18020509962930	none	2139	a5a8d56d	512	224	0	2139
2169	0	18020523172920	none	2140	a5a8d56d	512	224	0	2140
2170	1	18020540385450	none	2141	a5a8d56d	512	224	0	2141
2171	2	18020557683040	none	2142	a5a8d56d	512	224	0	2142
2172	3	18020575094620	none	2143	a5a8d56d	512	224	0	2143
2173	4	18020592322950	none	2144	a5a8d56d	512	224	0	2144
2174	5	18020609619100	none	2145	a5a8d56d	512	224	0	2145
2175	6	18020622900020	none	2146	a5a8d56d	512	224	0	2146
2176	7	18020640140360	none	2147	a5a8d56d	512	224	0	2147
2177	0	18020657355730	none	2148	a5a8d56d	512	224	0	2148
2178	1	18020674617120	none	2149	a5a8d56d	512	224	0	2149
2179	2	18020691831960	none	2150	a5a8d56d	512	224	0	2150
2180	3	18020709234850	none	2151	a5a8d56d	512	224	0	2151
2181	4	18020726458700	none	2152	a5a8d56d	512	224	0	2152
2182	5	18020739619160	none	2153	a5a8d56d	512	224	0	2153
2183	6	18020756927170	none	2154	a5a8d56d	512	224	0	2154
2184	7	18020774250620	none	2155	a5a8d56d	512	224	0	2155
2185	0	18020791501990	none	2156	a5a8d56d	512	224	0	2156
2186	1	18020808686210	none	2157	a5a8d56d	512	224	0	2157
2187	2	18020825961800	none	2158	a5a8d56d	512	224	0	2158
2188	3	18020843200920	none	2159	a5a8d56d	512	224	0	2159
2189	4	18020856380470	none	2160	a5a8d56d	512	224	0	2160
2190	5	18020873569950	none	2161	a5a8d56d	512	224	0	2161
2191	6	18020890832650	none	2162	a5a8d56d	512	224	0	2162
2192	7	18020908261870	none	2163	a5a8d56d	512	224	0	2163
2193	0	18020925494890	none	2164	a5a8d56d	512	224	0	2164
2194	1	18020942686090	none	2165	a5a8d56d	512	224	0	2165
2195	2	18020955972360	none	2166	a5a8d56d	512	224	0	2166
2196	3	18020973194410	none	2167	a5a8d56d	512	224	0	2167
2197	4	18020990410630	none	2168	a5a8d56d	512	224	0	2168
2198	5	18021007711280	none	2169	a5a8d56d	512	224	0	2169
2199	6	18021024984550	none	2170	a5a8d56d	512	224	0	2170
2200	7	18021042231910	none	2171	a5a8d56d	512	224	0	2171
2201	0	18021059455920	none	2172	a5a8d56d	512	224	0	2172
2202	1	18021072627850	none	2173	a5a8d56d	512	224	0	2173
2203	2	18021089822640	none	2174	a5a8d56d	512	224	0	2174
2204	3	18021107074670	none	2175	a5a8d56d	512	224	0	2175
2205	4	18021124368120	none	2176	a5a8d56d	512	224	0	2176
2206	5	18021141588190	none	2177	a5a8d56d	512	224	0	2177
2207	6	18021158864490	none	2178	a5a8d56d	512	224	0	2178
2208	7	18021172083040	none	2179	a5a8d56d	512	224	0	2179
2209	0	18021189338410	none	2180	a5a8d56d	512	224	0	2180
2210	1	18021206523680	none	2181	a5a8d56d	512	224	0	2181
2211	2	18021223731840	none	2182	a5a8d56d	512	224	0	2182
2212	3	18021241034130	none	2183	a5a8d56d	512	224	0	2183
2213	4	18021258405970	none	2184	a5a8d56d	512	224	0	2184
2214	5	18021275607610	none	2185	a5a8d56d	512	224	0	2185
2215	6	18021288768530	none	2186	a5a8d56d	512	224	0	2186
2216	7	18021305992530	none	2187	a5a8d56d	512	224	0	2187
2217	0	18021323218730	none	2188	a5a8d56d	512	224	0	2188
2218	1	18021340409460	none	2189	a5a8d56d	512	224	0	2189
2219	2	18021357790790	none	2190	a5a8d56d	512	224	0	2190
2220	3	18021375078770	none	2191	a5a8d56d	512	224	0	2191
2221	4	18021392300590	none	2192	a5a8d56d	512	224	0	2192
2222	5	18021405478960	none	2193	a5a8d56d	512	224	0	2193
2223	6	18021422662810	none	2194	a5a8d56d	512	224	0	2194
2224	7	18021439843500	none	2195	a5a8d56d	512	224	0	2195
2225	0	18021457235910	none	2196	a5a8d56d	512	224	0	2196
2226	1	18021474495660	none	2197	a5a8d56d	512	224	0	2197
2227	2	18021491717290	none	2198	a5a8d56d	512	224	0	2198
2228	3	18021504981660	none	2199	a5a8d56d	512	224	0	2199
2229	4	18021522201810	none	2200	a5a8d56d	512	224	0	2200
2230	5	18021539403980	none	2201	a5a8d56d	512	224	0	2201
2231	6	18021556606000	none	2202	a5a8d56d	512	224	0	2202
2232	7	18021573787290	none	2203	a5a8d56d	512	224	0	2203
2233	0	18021591087260	none	2204	a5a8d56d	512	224	0	2204
2234	1	18021608339860	none	2205	a5a8d56d	512	224	0	2205
2235	2	18021621502290	none	2206	a5a8d56d	512	224	0	2206
2236	3	18021638731900	none	2207	a5a8d56d	512	224	0	2207
2237	4	18021655958800	none	2208	a5a8d56d	512	224	0	2208
2238	5	18021673179420	none	2209	a5a8d56d	512	224	0	2209
2239	6	18021690393630	none	2210	a5a8d56d	512	224	0	2210
2240	7	18021707776270	none	2211	a5a8d56d	512	224	0	2211
2241	0	18021725068610	none	2212	a5a8d56d	512	224	0	2212
2242	1	18021738245040	none	2213	a5a8d56d	512	224	0	2213
2243	2	18021755441100	none	2214	a5a8d56d	512	224	0	2214
2244	3	18021772649580	none	2215	a5a8d56d	512	224	0	2215
2245	4	18021789896470	none	2216	a5a8d56d	512	224	0	2216
2246	5	18021807147030	none	2217	a5a8d56d	512	224	0	2217
2247	6	18021824420680	none	2218	a5a8d56d	512	224	0	2218
2248	7	18021837607540	none	2219	a5a8d56d	512	224	0	2219
2249	0	18021854792470	none	2220	a5a8d56d	512	224	0	2220
2250	1	18021872179260	none	2221	a5a8d56d	512	224	0	2221
2251	2	18021889392830	none	2222	a5a8d56d	512	224	0	2222
2252	3	18021906672450	none	2223	a5a8d56d	512	224	0	2223
2253	4	18021923972750	none	2224	a5a8d56d	512	224	0	2224
2254	5	18021941257930	none	2225	a5a8d56d	512	224	0	2225
2255	6	18021954441860	none	2226	a5a8d56d	512	224	0	2226
2256	7	18021971631410	none	2227	a5a8d56d	512	224	0	2227
2257	0	18021988836590	none	2228	a5a8d56d	512	224	0	2228
2258	1	18022006246810	none	2229	a5a8d56d	512	224	0	2229
2259	2	18022023453320	none	2230	a5a8d56d	512	224	0	2230
2260	3	18022040681290	none	2231	a5a8d56d	512	224	0	2231
2261	4	18022053980940	none	2232	a5a8d56d	512	224	0	2232
2262	5	18022071188440	none	2233	a5a8d56d	512	224	0	2233
2263	6	18022088397570	none	2234	a5a8d56d	512	224	0	2234
2264	7	18022105581150	none	2235	a5a8d56d	512	224	0	2235
2265	0	18022122784930	none	2236	a5a8d56d	512	224	0	2236
2266	1	18022140047420	none	2237	a5a8d56d	512	224	0	2237
2267	2	18022157283250	none	2238	a5a8d56d	512	224	0	2238
2268	3	18022170498580	none	2239	a5a8d56d	512	224	0	2239
2269	4	18022187669870	none	2240	a5a8d56d	512	224	0	2240
2270	5	18022204843110	none	2241	a5a8d56d	512	224	0	2241
2271	6	18022222146370	none	2242	a5a8d56d	512	224	0	2242
2272	7	18022239370430	none	2243	a5a8d56d	512	224	0	2243
2273	0	18022256583310	none	2244	a5a8d56d	512	224	0	2244
2274	1	18022273794450	none	2245	a5a8d56d	512	224	0	2245
2275	2	18022287113480	none	2246	a5a8d56d	512	224	0	2246
2276	3	18022304336070	none	2247	a5a8d56d	512	224	0	2247
2277	4	18022321551430	none	2248	a5a8d56d	512	224	0	2248
2278	5	18022338749340	none	2249	a5a8d56d	512	224	0	2249
2279	6	18022356073570	none	2250	a5a8d56d	512	224	0	2250
2280	7	18022373305090	none	2251	a5a8d56d	512	224	0	2251
2281	0	18022390527040	none	2252	a5a8d56d	512	224	0	2252
2282	1	18022403765900	none	2253	a5a8d56d	512	224	0	2253
2283	2	18022421140360	none	2254	a5a8d56d	512	224	0	2254
2284	3	18022438345360	none	2255	a5a8d56d	512	224	0	2255
2285	4	18022455638100	none	2256	a5a8d56d	512	224	0	2256
2286	5	18022472963460	none	2257	a5a8d56d	512	224	0	2257
2287	6	18022490231110	none	2258	a5a8d56d	512	224	0	2258
2288	7	18022503468100	none	2259	a5a8d56d	512	224	0	2259
2289	0	18022520687630	none	2260	a5a8d56d	512	224	0	2260
2290	1	18022537887910	none	2261	a5a8d56d	512	224	0	2261
2291	2	18022555275230	none	2262	a5a8d56d	512	224	0	2262
2292	3	18022572470690	none	2263	a5a8d56d	512	224	0	2263
2293	4	18022589719260	none	2264	a5a8d56d	512	224	0	2264
2294	5	18022602975680	none	2265	a5a8d56d	512	224	0	2265
2295	6	18022620177570	none	2266	a5a8d56d	512	224	0	2266
2296	7	18022637379090	none	2267	a5a8d56d	512	224	0	2267
2297	0	18022654565710	none	2268	a5a8d56d	512	224	0	2268
2298	1	18022671742790	none	2269	a5a8d56d	512	224	0	2269
2299	2	18022688963730	none	2270	a5a8d56d	512	224	0	2270
2300	3	18022706199300	none	2271	a5a8d56d	512	224	0	2271
2301	4	18022723406940	none	2272	a5a8d56d	512	224	0	2272
2302	5	18022736556520	none	2273	a5a8d56d	512	224	0	2273
2303	6	18022753717770	none	2274	a5a8d56d	512	224	0	2274
2304	7	18022770932100	none	2275	a5a8d56d	512	224	0	2275
2305	0	18022788252430	none	2276	a5a8d56d	512	224	0	2276
2306	1	18022805465960	none	2277	a5a8d56d	512	224	0	2277
2307	2	18022822673680	none	2278	a5a8d56d	512	224	0	2278
2308	3	18022839860180	none	2279	a5a8d56d	512	224	0	2279
2309	4	18022853078310	none	2280	a5a8d56d	512	224	0	2280
2310	5	18022870382400	none	2281	a5a8d56d	512	224	0	2281
2311	6	18022887561740	none	2282	a5a8d56d	512	224	0	2282
2312	7	18022904823910	none	2283	a5a8d56d	512	224	0	2283
2313	0	18022922075130	none	2284	a5a8d56d	512	224	0	2284
2314	1	18022939293620	none	2285	a5a8d56d	512	224	0	2285
2315	2	18022952440310	none	2286	a5a8d56d	512	224	0	2286
2316	3	18022969669820	none	2287	a5a8d56d	512	224	0	2287
2317	4	18022986836230	none	2288	a5a8d56d	512	224	0	2288
2318	5	18023004212400	none	2289	a5a8d56d	512	224	0	2289
2319	6	18023021430730	none	2290	a5a8d56d	512	224	0	2290
2320	7	18023038637910	none	2291	a5a8d56d	512	224	0	2291
2321	0	18023056015680	none	2292	a5a8d56d	512	224	0	2292
2322	1	18023069200840	none	2293	a5a8d56d	512	224	0	2293
2323	2	18023086411330	none	2294	a5a8d56d	512	224	0	2294
2324	3	18023103588570	none	2295	a5a8d56d	512	224	0	2295
2325	4	18023120783560	none	2296	a5a8d56d	512	224	0	2296
2326	5	18023138061000	none	2297	a5a8d56d	512	224	0	2297
2327	6	18023155284560	none	2298	a5a8d56d	512	224	0	2298
2328	7	18023172481380	none	2299	a5a8d56d	512	224	0	2299
2329	0	18023185641550	none	2300	a5a8d56d	512	224	0	2300
2330	1	18023202820570	none	2301	a5a8d56d	512	224	0	2301
2331	2	18023220104650	none	2302	a5a8d56d	512	224	0	2302
2332	3	18023237307150	none	2303	a5a8d56d	512	224	0	2303
2333	4	18023254517140	none	2304	a5a8d56d	512	224	0	2304
2334	5	18023271701850	none	2305	a5a8d56d	512	224	0	2305
2335	6	18023289103270	none	2306	a5a8d56d	512	224	0	2306
2336	7	18023302378700	none	2307	a5a8d56d	512	224	0	2307
2337	0	18023320135560	none	2308	a5a8d56d	512	224	0	2308
2338	1	18023337763480	none	2309	a5a8d56d	512	224	0	2309
2339	2	18023355015750	none	2310	a5a8d56d	512	224	0	2310
2340	3	18023372245070	none	2311	a5a8d56d	512	224	0	2311
2341	4	18023385415940	none	2312	a5a8d56d	512	224	0	2312
2342	5	18023402622340	none	2313	a5a8d56d	512	224	0	2313
2343	6	18023419888740	none	2314	a5a8d56d	512	224	0	2314
2344	7	18023437146150	none	2315	a5a8d56d	512	224	0	2315
2345	0	18023454430100	none	2316	a5a8d56d	512	224	0	2316
2346	1	18023471637320	none	2317	a5a8d56d	512	224	0	2317
2347	2	18023488843530	none	2318	a5a8d56d	512	224	0	2318
2348	3	18023502058480	none	2319	a5a8d56d	512	224	0	2319
2349	4	18023519291560	none	2320	a5a8d56d	512	224	0	2320
2350	5	18023536477130	none	2321	a5a8d56d	512	224	0	2321
2351	6	18023553741530	none	2322	a5a8d56d	512	224	0	2322
2352	7	18023571008630	none	2323	a5a8d56d	512	224	0	2323
2353	0	18023588273720	none	2324	a5a8d56d	512	224	0	2324
2354	1	18023601463770	none	2325	a5a8d56d	512	224	0	2325
2355	2	18023618665850	none	2326	a5a8d56d	512	224	0	2326
2356	3	18023635884370	none	2327	a5a8d56d	512	224	0	2327
2357	4	18023653122130	none	2328	a5a8d56d	512	224	0	2328
2358	5	18023670355090	none	2329	a5a8d56d	512	224	0	2329
2359	6	18023687550230	none	2330	a5a8d56d	512	224	0	2330
2360	7	18023704736280	none	2331	a5a8d56d	512	224	0	2331
2361	0	18023717916500	none	2332	a5a8d56d	512	224	0	2332
2362	1	18023735134810	none	2333	a5a8d56d	512	224	0	2333
2363	2	18023752454750	none	2334	a5a8d56d	512	224	0	2334
2364	3	18023769653690	none	2335	a5a8d56d	512	224	0	2335
2365	4	18023786843070	none	2336	a5a8d56d	512	224	0	2336
2366	5	18023804091090	none	2337	a5a8d56d	512	224	0	2337
2367	6	18023821306430	none	2338	a5a8d56d	512	224	0	2338
2368	7	18023834470650	none	2339	a5a8d56d	512	224	0	2339
2369	0	18023851673340	none	2340	a5a8d56d	512	224	0	2340
2370	1	18023868877860	none	2341	a5a8d56d	512	224	0	2341
2371	2	18023886134660	none	2342	a5a8d56d	512	224	0	2342
2372	3	18023903397800	none	2343	a5a8d56d	512	224	0	2343
2373	4	18023920607100	none	2344	a5a8d56d	512	224	0	2344
2374	5	18023937790500	none	2345	a5a8d56d	512	224	0	2345
2375	6	18023951002190	none	2346	a5a8d56d	512	224	0	2346
2376	7	18023968208010	none	2347	a5a8d56d	512	224	0	2347
2377	0	18023985425520	none	2348	a5a8d56d	512	224	0	2348
2378	1	18024002733550	none	2349	a5a8d56d	512	224	0	2349
2379	2	18024019975620	none	2350	a5a8d56d	512	224	0	2350
2380	3	18024037200850	none	2351	a5a8d56d	512	224	0	2351
2381	4	18024054416780	none	2352	a5a8d56d	512	224	0	2352
2382	5	18024067568570	none	2353	a5a8d56d	512	224	0	2353
2383	6	18024084766710	none	2354	a5a8d56d	512	224	0	2354
2384	7	18024102119830	none	2355	a5a8d56d	512	224	0	2355
2385	0	18024119397130	none	2356	a5a8d56d	512	224	0	2356
2386	1	18024136592830	none	2357	a5a8d56d	512	224	0	2357
2387	2	18024153756020	none	2358	a5a8d56d	512	224	0	2358
2388	3	18024167134020	none	2359	a5a8d56d	512	224	0	2359
2389	4	18024184340400	none	2360	a5a8d56d	512	224	0	2360
2390	5	18024201624750	none	2361	a5a8d56d	512	224	0	2361
2391	6	18024218946180	none	2362	a5a8d56d	512	224	0	2362
2392	7	18024236175070	none	2363	a5a8d56d	512	224	0	2363
2393	0	18024253407380	none	2364	a5a8d56d	512	224	0	2364
2394	1	18024270640590	none	2365	a5a8d56d	512	224	0	2365
2395	2	18024283796550	none	2366	a5a8d56d	512	224	0	2366
2396	3	18024301215920	none	2367	a5a8d56d	512	224	0	2367
2397	4	18024318423760	none	2368	a5a8d56d	512	224	0	2368
2398	5	18024335633760	none	2369	a5a8d56d	512	224	0	2369
2399	6	18024352985780	none	2370	a5a8d56d	512	224	0	2370
2400	7	18024370204030	none	2371	a5a8d56d	512	224	0	2371
2401	0	18024383433870	none	2372	a5a8d56d	512	224	0	2372
2402	1	18024400630760	none	2373	a5a8d56d	512	224	0	2373
2403	2	18024417813040	none	2374	a5a8d56d	512	224	0	2374
2404	3	18024435060610	none	2375	a5a8d56d	512	224	0	2375
2405	4	18024452281890	none	2376	a5a8d56d	512	224	0	2376
2406	5	18024469471690	none	2377	a5a8d56d	512	224	0	2377
2407	6	18024486722880	none	2378	a5a8d56d	512	224	0	2378
2408	7	18024499922780	none	2379	a5a8d56d	512	224	0	2379
2409	0	18024517144250	none	2380	a5a8d56d	512	224	0	2380
2410	1	18024534354640	none	2381	a5a8d56d	512	224	0	2381
2411	2	18024551655540	none	2382	a5a8d56d	512	224	0	2382
2412	3	18024568864790	none	2383	a5a8d56d	512	224	0	2383
2413	4	18024586141860	none	2384	a5a8d56d	512	224	0	2384
2414	5	18024603403020	none	2385	a5a8d56d	512	224	0	2385
2415	6	18024616735650	none	2386	a5a8d56d	512	224	0	2386
2416	7	18024633971860	none	2387	a5a8d56d	512	224	0	2387
2417	0	18024651223470	none	2388	a5a8d56d	512	224	0	2388
2418	1	18024668427610	none	2389	a5a8d56d	512	224	0	2389
2419	2	18024685626230	none	2390	a5a8d56d	512	224	0	2390
2420	3	18024702819550	none	2391	a5a8d56d	512	224	0	2391
2421	4	18024716184790	none	2392	a5a8d56d	512	224	0	2392
2422	5	18024733388900	none	2393	a5a8d56d	512	224	0	2393
2423	6	18024750673800	none	2394	a5a8d56d	512	224	0	2394
2424	7	18024768044250	none	2395	a5a8d56d	512	224	0	2395
2425	0	18024785279810	none	2396	a5a8d56d	512	224	0	2396
2426	1	18024802465050	none	2397	a5a8d56d	512	224	0	2397
2427	2	18024819681170	none	2398	a5a8d56d	512	224	0	2398
2428	3	18024832887440	none	2399	a5a8d56d	512	224	0	2399
2429	4	18024850494810	none	2400	a5a8d56d	512	224	0	2400
2430	5	18024867681090	none	2401	a5a8d56d	512	224	0	2401
2431	6	18024884911650	none	2402	67e6737a	512	224	0	2402
2432	7	18024902130720	none	2403	63190546	512	224	0	2403
2433	0	18024919366530	none	2404	2e49023c	512	224	0	2404
2434	1	18024932534810	none	2405	9bf453d6	512	224	0	2405
2435	2	18024949722800	none	2406	d6c2f240	512	224	0	2406
2436	3	18024967018060	none	2407	d8ab8446	512	224	0	2407
2437	4	18024984249290	none	2408	4a799fe3	512	224	0	2408
2438	5	18025001469590	none	2409	7b32ab24	512	224	0	2409
2439	6	18025018651770	none	2410	cc35d896	512	224	0	2410
2440	7	18025035852240	none	2411	34d683be	512	224	0	2411
2441	0	18025049063410	none	2412	5f120ecb	512	224	0	2412
2442	1	18025066270540	none	2413	48ea679d	512	224	0	2413
2443	2	18025083465850	none	2414	ee381a31	512	224	0	2414
2444	3	18025100677140	none	2415	095c01ed	512	224	0	2415
2445	4	18025117930860	none	2416	f7172767	512	224	0	2416
2446	5	18025135164650	none	2417	9e5fd9d2	512	224	0	2417
2447	6	18025152378190	none	2418	053dd083	512	224	0	2418
2448	7	18025165617580	none	2419	738ee807	512	224	0	2419
2449	0	18025182914980	none	2420	115b9e67	512	224	0	2420
2450	1	18025200160930	none	2421	f2578333	512	224	0	2421
2451	2	18025217359550	none	2422	646639ba	512	224	0	2422
2452	3	18025234566810	none	2423	67426610	512	224	0	2423
2453	4	18025251758630	none	2424	a92b411c	512	224	0	2424
2454	5	18025269150980	none	2425	39583bd4	512	224	0	2425
2455	6	18025282320590	none	2426	d2113cfd	512	224	0	2426
2456	7	18025299636630	none	2427	e819ea43	512	224	0	2427
2457	0	18025316957610	none	2428	4f66bc53	512	224	0	2428
2458	1	18025334174110	none	2429	66dbf453	512	224	0	2429
2459	2	18025351385850	none	2430	47a40d88	512	224	0	2430
2460	3	18025368596180	none	2431	a2afd925	512	224	0	2431
2461	4	18025381769060	none	2432	ec82af79	512	224	0	2432
2462	5	18025399192150	none	2433	c346ced3	512	224	0	2433
2463	6	18025416392300	none	2434	540a2d29	512	224	0	2434
2464	7	18025433588540	none	2435	ed4259c8	512	224	0	2435
2465	0	18025450962610	none	2436	6dcc0574	512	224	0	2436
2466	1	18025468268690	none	2437	2e1a9b98	512	224	0	2437
2467	2	18025485509760	none	2438	428e2188	512	224	0	2438
2468	3	18025498707700	none	2439	6c891ec6	512	224	0	2439
2469	4	18025516059630	none	2440	a1b4b825	512	224	0	2440
2470	5	18025533279380	none	2441	c74b6e17	512	224	0	2441
2471	6	18025550472850	none	2442	835d9cad	512	224	0	2442
2472	7	18025567648250	none	2443	8932f299	512	224	0	2443
2473	0	18025584840270	none	2444	8e2f312c	512	224	0	2444
2474	1	18025598052130	none	2445	2436c386	512	224	0	2445
2475	2	18025615254380	none	2446	dfa8dade	512	224	0	2446
2476	3	18025632451610	none	2447	612615f7	512	224	0	2447
2477	4	18025649642440	none	2448	e21fe431	512	224	0	2448
2478	5	18025666876850	none	2449	81e1381e	512	224	0	2449
2479	6	18025684135020	none	2450	70b7281d	512	224	0	2450
2480	7	18025701344810	none	2451	ba3f857a	512	224	0	2451
2481	0	18025714616630	none	2452	77ba994d	512	224	0	2452
2482	1	18025731919370	none	2453	97532f25	512	224	0	2453
2483	2	18025749166900	none	2454	a520e971	512	224	0	2454
2484	3	18025766380680	none	2455	fe5d64d7	512	224	0	2455
2485	4	18025783586630	none	2456	e8e53f58	512	224	0	2456
2486	5	18025800772840	none	2457	a26fe953	512	224	0	2457
2487	6	18025818169560	none	2458	148b06f9	512	224	0	2458
2488	7	18025831367240	none	2459	85b0f55a	512	224	0	2459
2489	0	18025848707950	none	2460	2740474a	512	224	0	2460
2490	1	18025865993180	none	2461	cb62a58d	512	224	0	2461
2491	2	18025883212280	none	2462	9beea7a2	512	224	0	2462
2492	3	18025900432730	none	2463	b6e75949	512	224	0	2463
2493	4	18025917627030	none	2464	705237b7	512	224	0	2464
2494	5	18025934841250	none	2465	4b43803c	512	224	0	2465
2495	6	18025948064760	none	2466	4c1df0f2	512	224	0	2466
2496	7	18025965285800	none	2467	1580023a	512	224	0	2467
2497	0	18025982595980	none	2468	ab8151a9	512	224	0	2468
2498	1	18025999827950	none	2469	608266bf	512	224	0	2469
2499	2	18026017242530	none	2470	91ec75a4	512	224	0	2470
2500	3	18026034485610	none	2471	6bc017a6	512	224	0	2471
2501	4	18026047654890	none	2472	f5aae0e1	512	224	0	2472
2502	5	18026064962950	none	2473	f4ba0fdb	512	224	0	2473
2503	6	18026082204260	none	2474	5a0dccab	512	224	0	2474
2504	7	18026099427720	none	2475	29ef73ab	512	224	0	2475
2505	0	18026116616260	none	2476	3c2e2746	512	224	0	2476
2506	1	18026133818120	none	2477	204ad53d	512	224	0	2477
2507	2	18026151066000	none	2478	aaf6d0ad	512	224	0	2478
2508	3	18026164239560	none	2479	d96b664c	512	224	0	2479
2509	4	18026181433750	none	2480	9d37fa82	512	224	0	2480
2510	5	18026198640660	none	2481	4bf0ae5f	512	224	0	2481
2511	6	18026215871320	none	2482	065ba5f8	512	224	0	2482
2512	7	18026233128410	none	2483	f4756693	512	224	0	2483
2513	0	18026250362180	none	2484	d5781aec	512	224	0	2484
2514	1	18026263644740	none	2485	4a2108d7	512	224	0	2485
2515	2	18026280926160	none	2486	3f17bb1b	512	224	0	2486
2516	3	18026298178990	none	2487	1c8eca3f	512	224	0	2487
2517	4	18026315384540	none	2488	6555979c	512	224	0	2488
2518	5	18026332575010	none	2489	b65a25ef	512	224	0	2489
2519	6	18026349789980	none	2490	5842e8a0	512	224	0	2490
2520	7	18026367174120	none	2491	f214dfd7	512	224	0	2491
2521	0	18026380343410	none	2492	5c360fbc	512	224	0	2492
2522	1	18026397670930	none	2493	3da182f8	512	224	0	2493
2523	2	18026414960930	none	2494	dd740892	512	224	0	2494
2524	3	18026432176190	none	2495	eafe08c0	512	224	0	2495
2525	4	18026449380440	none	2496	ba3d4fec	512	224	0	2496
2526	5	18026466691830	none	2497	6337d116	512	224	0	2497
2527	6	18026479927350	none	2498	d9f8cea9	512	224	0	2498
2528	7	18026497173180	none	2499	2783b8ae	512	224	0	2499
2529	0	18026514410410	none	2500	f51f53d7	512	224	0	2500
2530	1	18026531685970	none	2501	682ca6c3	512	224	0	2501
2531	2	18026548979450	none	2502	70d9fb0a	512	224	0	2502
2532	3	18026566357320	none	2503	83f09a86	512	224	0	2503
2533	4	18026583559850	none	2504	a0559607	512	224	0	2504
2534	5	18026596734240	none	2505	40b0873f	512	224	0	2505
2535	6	18026614008930	none	2506	ebaee527	512	224	0	2506
2536	7	18026631221310	none	2507	f2ee296f	512	224	0	2507
2537	0	18026648434590	none	2508	13230840	512	224	0	2508
2538	1	18026665623000	none	2509	9fe5227f	512	224	0	2509
2539	2	18026682817000	none	2510	940aac2b	512	224	0	2510
2540	3	18026700065930	none	2511	1e918da9	512	224	0	2511
2541	4	18026713253690	none	2512	d8c0c2fd	512	224	0	2512
2542	5	18026730491400	none	2513	00c9501e	512	224	0	2513
2543	6	18026747706890	none	2514	facafd51	512	224	0	2514
2544	7	18026764971690	none	2515	5331f85d	512	224	0	2515
2545	0	18026782245590	none	2516	8a1f2484	512	224	0	2516
2546	1	18026799468750	none	2517	354e2941	512	224	0	2517
2547	2	18026812725210	none	2518	862af80f	512	224	0	2518
2548	3	18026829950350	none	2519	f3cb6be5	512	224	0	2519
2549	4	18026847186330	none	2520	813625d5	512	224	0	2520
2550	5	18026864392740	none	2521	385aead5	512	224	0	2521
2551	6	18026881580210	none	2522	c6131a94	512	224	0	2522
2552	7	18026898782700	none	2523	827aee08	512	224	0	2523
2553	0	18026916181590	none	2524	bdf455ab	512	224	0	2524
2554	1	18026929355690	none	2525	8638083c	512	224	0	2525
2555	2	18026946557990	none	2526	a85bd00f	512	224	0	2526
2556	3	18026963753580	none	2527	b67ee14e	512	224	0	2527
2557	4	18026981116970	none	2528	453f665f	512	224	0	2528
2558	5	18026998399380	none	2529	58eef286	512	224	0	2529
2559	6	18027015720710	none	2530	cf7f66c9	512	224	0	2530
2560	7	18027032993130	none	2531	bfc77409	512	224	0	2531
2561	0	18027046223530	none	2532	3d77c024	512	224	0	2532
2562	1	18027063585020	none	2533	87c12b8b	512	224	0	2533
2563	2	18027080924980	none	2534	39b358ce	512	224	0	2534
2564	3	18027098179600	none	2535	9ca7194b	512	224	0	2535
2565	4	18027115515880	none	2536	fe062436	512	224	0	2536
2566	5	18027132710400	none	2537	17109c55	512	224	0	2537
2567	6	18027145950780	none	2538	99836f43	512	224	0	2538
2568	7	18027163172240	none	2539	e6f009cb	512	224	0	2539
2569	0	18027180400280	none	2540	82e58d83	512	224	0	2540
2570	1	18027197595750	none	2541	5cd29a82	512	224	0	2541
2571	2	18027214793580	none	2542	54c16e57	512	224	0	2542
2572	3	18027232039770	none	2543	070b9cfd	512	224	0	2543
2573	4	18027249307490	none	2544	80e770f8	512	224	0	2544
2574	5	18027262489350	none	2545	5db89844	512	224	0	2545
2575	6	18027279668950	none	2546	234867e1	512	224	0	2546
2576	7	18027297030520	none	2547	b1ecaafb	512	224	0	2547
2577	0	18027314296370	none	2548	daeb77d4	512	224	0	2548
2578	1	18027331516010	none	2549	ec251674	512	224	0	2549
2579	2	18027348754150	none	2550	3f8c61db	512	224	0	2550
2580	3	18027362054540	none	2551	0ef0a324	512	224	0	2551
2581	4	18027379262230	none	2552	1fbd9bbe	512	224	0	2552
2582	5	18027396474210	none	2553	ab445b48	512	224	0	2553
2583	6	18027413673590	none	2554	da73fdb9	512	224	0	2554
2584	7	18027430901830	none	2555	0721eb28	512	224	0	2555
2585	0	18027448123110	none	2556	8fd156bf	512	224	0	2556
2586	1	18027465362570	none	2557	6d528924	512	224	0	2557
2587	2	18027478534030	none	2558	749e5b3c	512	224	0	2558
2588	3	18027495769880	none	2559	440d0fa4	512	224	0	2559
2589	4	18027513039800	none	2560	01907239	512	224	0	2560
2590	5	18027530244700	none	2561	e4fc23c9	512	224	0	2561
2591	6	18027547451330	none	2562	9129951a	512	224	0	2562
2592	7	18027564740740	none	2563	a8d123c7	512	224	0	2563
2593	0	18027582014530	none	2564	4e6ffcaf	512	224	0	2564
2594	1	18027595211820	none	2565	d1b1db81	512	224	0	2565
2595	2	18027612431200	none	2566	f33098d6	512	224	0	2566
2596	3	18027629640400	none	2567	9d3a776a	512	224	0	2567
2597	4	18027646865480	none	2568	f547592e	512	224	0	2568
2598	5	18027664228680	none	2569	64d0a5fb	512	224	0	2569
2599	6	18027681423200	none	2570	c21ebf8e	512	224	0	2570
2600	7	18027698599380	none	2571	cd966d7d	512	224	0	2571
2601	0	18027711971090	none	2572	29438a2f	512	224	0	2572
2602	1	18027729182280	none	2573	cce5a905	512	224	0	2573
2603	2	18027746389350	none	2574	46062157	512	224	0	2574
2604	3	18027763586870	none	2575	f04d21c6	512	224	0	2575
2605	4	18027780778090	none	2576	06509402	512	224	0	2576
2606	5	18027798030720	none	2577	20f4e0d0	512	224	0	2577
2607	6	18027811216510	none	2578	98f4dc1b	512	224	0	2578
2608	7	18027828418310	none	2579	5a9e2c24	512	224	0	2579
2609	0	18027845661490	none	2580	b7868294	512	224	0	2580
2610	1	18027862927920	none	2581	7f25049a	512	224	0	2581
2611	2	18027880163650	none	2582	7f25049a	512	224	0	2582
2612	3	18027897362330	none	2583	7f25049a	512	224	0	2583
2613	4	18027914561410	none	2584	7f25049a	512	224	0	2584
2614	5	18027927721820	none	2585	7f25049a	512	224	0	2585
2615	6	18027945012590	none	2586	7f25049a	512	224	0	2586
2616	7	18027962216560	none	2587	7f25049a	512	224	0	2587
2617	0	18027979415620	none	2588	7f25049a	512	224	0	2588
2618	1	18027996611160	none	2589	7f25049a	512	224	0	2589
2619	2	18028013915310	none	2590	7f25049a	512	224	0	2590
2620	3	18028031162960	none	2591	7f25049a	512	224	0	2591
2621	4	18028044337670	none	2592	7f25049a	512	224	0	2592
2622	5	18028061528210	none	2593	7f25049a	512	224	0	2593
2623	6	18028078718140	none	2594	7f25049a	512	224	0	2594
2624	7	18028095989580	none	2595	7f25049a	512	224	0	2595
2625	0	18028113351270	none	2596	7f25049a	512	224	0	2596
2626	1	18028130553870	none	2597	7f25049a	512	224	0	2597
2627	2	18028147755710	none	2598	7f25049a	512	224	0	2598
2628	3	18028160982970	none	2599	7f25049a	512	224	0	2599
2629	4	18028178185170	none	2600	7f25049a	512	224	0	2600
2630	5	18028195395860	none	2601	7f25049a	512	224	0	2601
2631	6	18028212594570	none	2602	7f25049a	512	224	0	2602
2632	7	18028229792660	none	2603	7f25049a	512	224	0	2603
2633	0	18028247036910	none	2604	7f25049a	512	224	0	2604
2634	1	18028264254280	none	2605	7f25049a	512	224	0	2605
2635	2	18028277424690	none	2606	7f25049a	512	224	0	2606
2636	3	18028294611040	none	2607	7f25049a	512	224	0	2607
2637	4	18028311857030	none	2608	7f25049a	512	224	0	2608
2638	5	18028329120640	none	2609	7f25049a	512	224	0	2609
2639	6	18028346722000	none	2610	7f25049a	512	224	0	2610
2640	7	18028360431630	none	2611	7f25049a	512	224	0	2611
2641	0	18028377778110	none	2612	7f25049a	512	224	0	2612
2642	1	18028395031910	none	2613	7f25049a	512	224	0	2613
2643	2	18028412380560	none	2614	7f25049a	512	224	0	2614
2644	3	18028429604450	none	2615	7f25049a	512	224	0	2615
2645	4	18028446845890	none	2616	7f25049a	512	224	0	2616
2646	5	18028460044770	none	2617	7f25049a	512	224	0	2617
2647	6	18028477256820	none	2618	7f25049a	512	224	0	2618
2648	7	18028494456460	none	2619	7f25049a	512	224	0	2619
2649	0	18028511645700	none	2620	7f25049a	512	224	0	2620
2650	1	18028528892930	none	2621	7f25049a	512	224	0	2621
2651	2	18028546131980	none	2622	7f25049a	512	224	0	2622
2652	3	18028563347260	none	2623	7f25049a	512	224	0	2623
2653	4	18028576507800	none	2624	7f25049a	512	224	0	2624
2654	5	18028593722890	none	2625	7f25049a	512	224	0	2625
2655	6	18028610973750	none	2626	7f25049a	512	224	0	2626
2656	7	18028628196180	none	2627	7f25049a	512	224	0	2627
2657	0	18028645439200	none	2628	7f25049a	512	224	0	2628
2658	1	18028662725480	none	2629	7f25049a	512	224	0	2629
2659	2	18028679983280	none	2630	7f25049a	512	224	0	2630
2660	3	18028693165660	none	2631	7f25049a	512	224	0	2631
2661	4	18028710380690	none	2632	7f25049a	512	224	0	2632
2662	5	18028727568330	none	2633	7f25049a	512	224	0	2633
2663	6	18028744762270	none	2634	7f25049a	512	224	0	2634
2664	7	18028762184750	none	2635	7f25049a	512	224	0	2635
2665	0	18028779385370	none	2636	7f25049a	512	224	0	2636
2666	1	18028796586730	none	2637	7f25049a	512	224	0	2637
2667	2	18028809751080	none	2638	7f25049a	512	224	0	2638
2668	3	18028826995130	none	2639	7f25049a	512	224	0	2639
2669	4	18028844217850	none	2640	7f25049a	512	224	0	2640
2670	5	18028861537160	none	2641	7f25049a	512	224	0	2641
2671	6	18028878752460	none	2642	7f25049a	512	224	0	2642
2672	7	18028896005440	none	2643	7f25049a	512	224	0	2643
2673	0	18028913229970	none	2644	7f25049a	512	224	0	2644
2674	1	18028926397910	none	2645	7f25049a	512	224	0	2645
2675	2	18028943588960	none	2646	7f25049a	512	224	0	2646
2676	3	18028960785820	none	2647	7f25049a	512	224	0	2647
2677	4	18028978059340	none	2648	7f25049a	512	224	0	2648
2678	5	18028995286200	none	2649	7f25049a	512	224	0	2649
2679	6	18029012501600	none	2650	7f25049a	512	224	0	2650
2680	7	18029029697250	none	2651	7f25049a	512	224	0	2651
2681	0	18029043055690	none	2652	7f25049a	512	224	0	2652
2682	1	18029060268640	none	2653	7f25049a	512	224	0	2653
2683	2	18029077462330	none	2654	7f25049a	512	224	0	2654
2684	3	18029094642170	none	2655	7f25049a	512	224	0	2655
2685	4	18029112060510	none	2656	7f25049a	512	224	0	2656
2686	5	18029125728530	none	2657	7f25049a	512	224	0	2657
2687	6	18029143228040	none	2658	7f25049a	512	224	0	2658
2688	7	18029160676180	none	2659	7f25049a	512	224	0	2659
2689	0	18029178013480	none	2660	7f25049a	512	224	0	2660
2690	1	18029195347140	none	2661	7f25049a	512	224	0	2661
2691	2	18029209046570	none	2662	7f25049a	512	224	0	2662
2692	3	18029226325550	none	2663	7f25049a	512	224	0	2663
2693	4	18029243644190	none	2664	7f25049a	512	224	0	2664
2694	5	18029260971080	none	2665	7f25049a	512	224	0	2665
2695	6	18029278208490	none	2666	7f25049a	512	224	0	2666
2696	7	18029295425480	none	2667	7f25049a	512	224	0	2667
2697	0	18029308579590	none	2668	7f25049a	512	224	0	2668
2698	1	18029325870310	none	2669	7f25049a	512	224	0	2669
2699	2	18029343392110	none	2670	7f25049a	512	224	0	2670
2700	3	18029361220840	none	2671	7f25049a	512	224	0	2671
2701	4	18029378898340	none	2672	7f25049a	512	224	0	2672
2702	5	18029392326210	none	2673	7f25049a	512	224	0	2673
2703	6	18029409634090	none	2674	7f25049a	512	224	0	2674
2704	7	18029427606730	none	2675	7f25049a	512	224	0	2675
2705	0	18029445105970	none	2676	7f25049a	512	224	0	2676
2706	1	18029458534700	none	2677	7f25049a	512	224	0	2677
2707	2	18029475729080	none	2678	7f25049a	512	224	0	2678
2708	3	18029492983410	none	2679	7f25049a	512	224	0	2679
2709	4	18029510330550	none	2680	7f25049a	512	224	0	2680
2710	5	18029527536900	none	2681	7f25049a	512	224	0	2681
2711	6	18029544738470	none	2682	7f25049a	512	224	0	2682
2712	7	18029562017650	none	2683	7f25049a	512	224	0	2683
2713	0	18029575214310	none	2684	7f25049a	512	224	0	2684
2714	1	18029592417740	none	2685	7f25049a	512	224	0	2685
2715	2	18029609599890	none	2686	7f25049a	512	224	0	2686
2716	3	18029626829580	none	2687	7f25049a	512	224	0	2687
2717	4	18029644061100	none	2688	7f25049a	512	224	0	2688
2718	5	18029661286450	none	2689	7f25049a	512	224	0	2689
2719	6	18029678544300	none	2690	7f25049a	512	224	0	2690
2720	7	18029691701910	none	2691	7f25049a	512	224	0	2691
2721	0	18029709011320	none	2692	7f25049a	512	224	0	2692
2722	1	18029726221680	none	2693	7f25049a	512	224	0	2693
2723	2	18029743419640	none	2694	7f25049a	512	224	0	2694
2724	3	18029760693060	none	2695	7f25049a	512	224	0	2695
2725	4	18029777953720	none	2696	7f25049a	512	224	0	2696
2726	5	18029791123360	none	2697	7f25049a	512	224	0	2697
2727	6	18029808346330	none	2698	7f25049a	512	224	0	2698
2728	7	18029825594540	none	2699	7f25049a	512	224	0	2699
2729	0	18029842891360	none	2700	7f25049a	512	224	0	2700
2730	1	18029860120560	none	2701	7f25049a	512	224	0	2701
2731	2	18029877329090	none	2702	7f25049a	512	224	0	2702
2732	3	18029894520190	none	2703	7f25049a	512	224	0	2703
2733	4	18029907664960	none	2704	7f25049a	512	224	0	2704
2734	5	18029925078510	none	2705	7f25049a	512	224	0	2705
2735	6	18029942289280	none	2706	7f25049a	512	224	0	2706
2736	7	18029959587140	none	2707	7f25049a	512	224	0	2707
2737	0	18029976961970	none	2708	7f25049a	512	224	0	2708
2738	1	18029994219320	none	2709	7f25049a	512	224	0	2709
2739	2	18030011432140	none	2710	7f25049a	512	224	0	2710
2740	3	18030024579960	none	2711	7f25049a	512	224	0	2711
2741	4	18030041825050	none	2712	7f25049a	512	224	0	2712
2742	5	18030059176680	none	2713	7f25049a	512	224	0	2713
2743	6	18030076385210	none	2714	7f25049a	512	224	0	2714
2744	7	18030093594260	none	2715	7f25049a	512	224	0	2715
2745	0	18030110826340	none	2716	7f25049a	512	224	0	2716
2746	1	18030124010140	none	2717	7f25049a	512	224	0	2717
2747	2	18030141265570	none	2718	7f25049a	512	224	0	2718
2748	3	18030158480950	none	2719	7f25049a	512	224	0	2719
2749	4	18030175795760	none	2720	7f25049a	512	224	0	2720
2750	5	18030193023260	none	2721	7f25049a	512	224	0	2721
2751	6	18030210253740	none	2722	7f25049a	512	224	0	2722
2752	7	18030227451450	none	2723	7f25049a	512	224	0	2723
2753	0	18030240624340	none	2724	7f25049a	512	224	0	2724
2754	1	18030257929990	none	2725	7f25049a	512	224	0	2725
2755	2	18030275157100	none	2726	7f25049a	512	224	0	2726
2756	3	18030292370260	none	2727	7f25049a	512	224	0	2727
2757	4	18030309563880	none	2728	7f25049a	512	224	0	2728
2758	5	18030326786590	none	2729	7f25049a	512	224	0	2729
2759	6	18030344105460	none	2730	7f25049a	512	224	0	2730
2760	7	18030357271370	none	2731	7f25049a	512	224	0	2731
2761	0	18030374513240	none	2732	7f25049a	512	224	0	2732
2762	1	18030391880340	none	2733	7f25049a	512	224	0	2733
2763	2	18030409108330	none	2734	7f25049a	512	224	0	2734
2764	3	18030426337880	none	2735	7f25049a	512	224	0	2735
2765	4	18030443521160	none	2736	7f25049a	512	224	0	2736
2766	5	18030456683050	none	2737	7f25049a	512	224	0	2737
2767	6	18030474054690	none	2738	7f25049a	512	224	0	2738
2768	7	18030491303680	none	2739	7f25049a	512	224	0	2739
2769	0	18030508647390	none	2740	7f25049a	512	224	0	2740
2770	1	18030525964760	none	2741	7f25049a	512	224	0	2741
2771	2	18030543181280	none	2742	7f25049a	512	224	0	2742
2772	3	18030560378270	none	2743	7f25049a	512	224	0	2743
2773	4	18030573540910	none	2744	7f25049a	512	224	0	2744
2774	5	18030590809510	none	2745	7f25049a	512	224	0	2745
2775	6	18030608216720	none	2746	7f25049a	512	224	0	2746
2776	7	18030625444430	none	2747	7f25049a	512	224	0	2747
2777	0	18030642644450	none	2748	7f25049a	512	224	0	2748
2778	1	18030659996150	none	2749	7f25049a	512	224	0	2749
2779	2	18030673167350	none	2750	7f25049a	512	224	0	2750
2780	3	18030690364220	none	2751	7f25049a	512	224	0	2751
2781	4	18030707754650	none	2752	7f25049a	512	224	0	2752
2782	5	18030725018680	none	2753	7f25049a	512	224	0	2753
2783	6	18030742238610	none	2754	7f25049a	512	224	0	2754
2784	7	18030759449860	none	2755	7f25049a	512	224	0	2755
2785	0	18030776648680	none	2756	7f25049a	512	224	0	2756
2786	1	18030789871140	none	2757	7f25049a	512	224	0	2757
2787	2	18030807227850	none	2758	7f25049a	512	224	0	2758
2788	3	18030824492600	none	2759	7f25049a	512	224	0	2759
2789	4	18030841678920	none	2760	7f25049a	512	224	0	2760
2790	5	18030858997290	none	2761	7f25049a	512	224	0	2761
2791	6	18030876241150	none	2762	7f25049a	512	224	0	2762
2792	7	18030889400580	none	2763	7f25049a	512	224	0	2763
2793	0	18030906641420	none	2764	7f25049a	512	224	0	2764
2794	1	18030923878980	none	2765	7f25049a	512	224	0	2765
2795	2	18030941148030	none	2766	7f25049a	512	224	0	2766
2796	3	18030958367390	none	2767	7f25049a	512	224	0	2767
2797	4	18030975565650	none	2768	7f25049a	512	224	0	2768
2798	5	18030992775280	none	2769	7f25049a	512	224	0	2769
2799	6	18031005948050	none	2770	7f25049a	512	224	0	2770
2800	7	18031023137000	none	2771	7f25049a	512	224	0	2771
2801	0	18031040350900	none	2772	7f25049a	512	224	0	2772
2802	1	18031057774220	none	2773	7f25049a	512	224	0	2773
2803	2	18031075013220	none	2774	7f25049a	512	224	0	2774
2804	3	18031092235230	none	2775	7f25049a	512	224	0	2775
2805	4	18031109464060	none	2776	7f25049a	512	224	0	2776
2806	5	18031122634210	none	2777	7f25049a	512	224	0	2777
2807	6	18031139867420	none	2778	7f25049a	512	224	0	2778
2808	7	18031157219590	none	2779	7f25049a	512	224	0	2779
2809	0	18031174506910	none	2780	7f25049a	512	224	0	2780
2810	1	18031191782540	none	2781	7f25049a	512	224	0	2781
2811	2	18031208999870	none	2782	7f25049a	512	224	0	2782
2812	3	18031222351540	none	2783	7f25049a	512	224	0	2783
2813	4	18031239537270	none	2784	7f25049a	512	224	0	2784
2814	5	18031256844720	none	2785	7f25049a	512	224	0	2785
2815	6	18031274127530	none	2786	7f25049a	512	224	0	2786
2816	7	18031291372520	none	2787	7f25049a	512	224	0	2787
2817	0	18031308597660	none	2788	7f25049a	512	224	0	2788
2818	1	18031325826840	none	2789	7f25049a	512	224	0	2789
2819	2	18031339019780	none	2790	7f25049a	512	224	0	2790
2820	3	18031356360730	none	2791	7f25049a	512	224	0	2791
2821	4	18031373560540	none	2792	7f25049a	512	224	0	2792
2822	5	18031390827640	none	2793	7f25049a	512	224	0	2793
2823	6	18031408075060	none	2794	7f25049a	512	224	0	2794
2824	7	18031425287350	none	2795	7f25049a	512	224	0	2795
2825	0	18031438451600	none	2796	7f25049a	512	224	0	2796
2826	1	18031455737050	none	2797	7f25049a	512	224	0	2797
2827	2	18031472973360	none	2798	7f25049a	512	224	0	2798
2828	3	18031490181120	none	2799	7f25049a	512	224	0	2799
2829	4	18031507438770	none	2800	7f25049a	512	224	0	2800
2830	5	18031524888890	none	2801	7f25049a	512	224	0	2801
2831	6	18031542104650	none	2802	7f25049a	512	224	0	2802
2832	7	18031555252500	none	2803	7f25049a	512	224	0	2803
2833	0	18031572500220	none	2804	7f25049a	512	224	0	2804
2834	1	18031589690870	none	2805	7f25049a	512	224	0	2805
2835	2	18031606999590	none	2806	7f25049a	512	224	0	2806
2836	3	18031624301880	none	2807	7f25049a	512	224	0	2807
2837	4	18031641505930	none	2808	7f25049a	512	224	0	2808
2838	5	18031658697150	none	2809	7f25049a	512	224	0	2809
2839	6	18031672015630	none	2810	7f25049a	512	224	0	2810
2840	7	18031689239760	none	2811	7f25049a	512	224	0	2811
2841	0	18031706431010	none	2812	7f25049a	512	224	0	2812
2842	1	18031723652000	none	2813	7f25049a	512	224	0	2813
2843	2	18031741083030	none	2814	7f25049a	512	224	0	2814
2844	3	18031758297030	none	2815	7f25049a	512	224	0	2815
2845	4	18031771551770	none	2816	7f25049a	512	224	0	2816
2846	5	18031788764130	none	2817	7f25049a	512	224	0	2817
2847	6	18031806079330	none	2818	7f25049a	512	224	0	2818
2848	7	18031823282710	none	2819	7f25049a	512	224	0	2819
2849	0	18031840483890	none	2820	7f25049a	512	224	0	2820
2850	1	18031857783040	none	2821	7f25049a	512	224	0	2821
2851	2	18031871122030	none	2822	7f25049a	512	224	0	2822
2852	3	18031888302680	none	2823	7f25049a	512	224	0	2823
2853	4	18031905586210	none	2824	7f25049a	512	224	0	2824
2854	5	18031922949020	none	2825	7f25049a	512	224	0	2825
2855	6	18031940162010	none	2826	7f25049a	512	224	0	2826
2856	7	18031957366180	none	2827	7f25049a	512	224	0	2827
2857	0	18031974620430	none	2828	7f25049a	512	224	0	2828
2858	1	18031987863500	none	2829	7f25049a	512	224	0	2829
2859	2	18032005210790	none	2830	7f25049a	512	224	0	2830
2860	3	18032022391920	none	2831	7f25049a	512	224	0	2831
2861	4	18032039587050	none	2832	7f25049a	512	224	0	2832
2862	5	18032056825440	none	2833	7f25049a	512	224	0	2833
2863	6	18032074098450	none	2834	7f25049a	512	224	0	2834
2864	7	18032091328330	none	2835	7f25049a	512	224	0	2835
2865	0	18032104514370	none	2836	7f25049a	512	224	0	2836
2866	1	18032121722930	none	2837	7f25049a	512	224	0	2837
2867	2	18032138955940	none	2838	7f25049a	512	224	0	2838
2868	3	18032156176440	none	2839	7f25049a	512	224	0	2839
2869	4	18032173351600	none	2840	7f25049a	512	224	0	2840
2870	5	18032190543660	none	2841	7f25049a	512	224	0	2841
2871	6	18032203839600	none	2842	7f25049a	512	224	0	2842
2872	7	18032221043600	none	2843	7f25049a	512	224	0	2843
2873	0	18032238248960	none	2844	7f25049a	512	224	0	2844
2874	1	18032255439920	none	2845	7f25049a	512	224	0	2845
2875	2	18032272656810	none	2846	7f25049a	512	224	0	2846
2876	3	18032290039240	none	2847	7f25049a	512	224	0	2847
2877	4	18032307230830	none	2848	7f25049a	512	224	0	2848
2878	5	18032320560610	none	2849	7f25049a	512	224	0	2849
2879	6	18032337755040	none	2850	7f25049a	512	224	0	2850
2880	7	18032355029450	none	2851	7f25049a	512	224	0	2851
2881	0	18032372347040	none	2852	7f25049a	512	224	0	2852
2882	1	18032389585110	none	2853	7f25049a	512	224	0	2853
2883	2	18032406835830	none	2854	7f25049a	512	224	0	2854
2884	3	18032420247460	none	2855	7f25049a	512	224	0	2855
2885	4	18032437421080	none	2856	7f25049a	512	224	0	2856
2886	5	18032454685280	none	2857	7f25049a	512	224	0	2857
2887	6	18032471953740	none	2858	7f25049a	512	224	0	2858
2888	7	18032489183250	none	2859	7f25049a	512	224	0	2859
2889	0	18032506382850	none	2860	7f25049a	512	224	0	2860
2890	1	18032523541760	none	2861	7f25049a	512	224	0	2861
2891	2	18032536797770	none	2862	7f25049a	512	224	0	2862
2892	3	18032554177680	none	2863	7f25049a	512	224	0	2863
2893	4	18032571369520	none	2864	7f25049a	512	224	0	2864
2894	5	18032588550650	none	2865	7f25049a	512	224	0	2865
2895	6	18032605778710	none	2866	7f25049a	512	224	0	2866
2896	7	18032623146630	none	2867	7f25049a	512	224	0	2867
2897	0	18032640375610	none	2868	7f25049a	512	224	0	2868
2898	1	18032653648210	none	2869	7f25049a	512	224	0	2869
2899	2	18032670950420	none	2870	7f25049a	512	224	0	2870
2900	3	18032688159500	none	2871	7f25049a	512	224	0	2871
2901	4	18032705376680	none	2872	7f25049a	512	224	0	2872
2902	5	18032723001720	none	2873	7f25049a	512	224	0	2873
2903	6	18032736546000	none	2874	7f25049a	512	224	0	2874
2904	7	18032753882550	none	2875	7f25049a	512	224	0	2875
2905	0	18032771099980	none	2876	7f25049a	512	224	0	2876
2906	1	18032788297530	none	2877	7f25049a	512	224	0	2877
2907	2	18032805504550	none	2878	7f25049a	512	224	0	2878
2908	3	18032822714200	none	2879	7f25049a	512	224	0	2879
2909	4	18032839950220	none	2880	7f25049a	512	224	0	2880
2910	5	18032853119350	none	2881	7f25049a	512	224	0	2881
2911	6	18032870293020	none	2882	7f25049a	512	224	0	2882
2912	7	18032887473930	none	2883	7f25049a	512	224	0	2883
2913	0	18032904780040	none	2884	7f25049a	512	224	0	2884
2914	1	18032921984930	none	2885	7f25049a	512	224	0	2885
2915	2	18032939199270	none	2886	7f25049a	512	224	0	2886
2916	3	18032956382180	none	2887	7f25049a	512	224	0	2887
2917	4	18032969672000	none	2888	7f25049a	512	224	0	2888
2918	5	18032986922120	none	2889	7f25049a	512	224	0	2889
2919	6	18033004141250	none	2890	7f25049a	512	224	0	2890
2920	7	18033021330610	none	2891	7f25049a	512	224	0	2891
2921	0	18033038525200	none	2892	7f25049a	512	224	0	2892
2922	1	18033055754340	none	2893	7f25049a	512	224	0	2893
2923	2	18033069052800	none	2894	7f25049a	512	224	0	2894
2924	3	18033086258460	none	2895	7f25049a	512	224	0	2895
2925	4	18033103448210	none	2896	7f25049a	512	224	0	2896
2926	5	18033120625350	none	2897	7f25049a	512	224	0	2897
2927	6	18033137876500	none	2898	7f25049a	512	224	0	2898
2928	7	18033155073780	none	2899	7f25049a	512	224	0	2899
2929	0	18033172407970	none	2900	7f25049a	512	224	0	2900
2930	1	18033185555500	none	2901	7f25049a	512	224	0	2901
2931	2	18033202911160	none	2902	7f25049a	512	224	0	2902
2932	3	18033220114250	none	2903	7f25049a	512	224	0	2903
2933	4	18033237301310	none	2904	7f25049a	512	224	0	2904
2934	5	18033254488660	none	2905	7f25049a	512	224	0	2905
2935	6	18033271681690	none	2906	7f25049a	512	224	0	2906
2936	7	18033288931980	none	2907	7f25049a	512	224	0	2907
2937	0	18033302107950	none	2908	7f25049a	512	224	0	2908
2938	1	18033319307630	none	2909	7f25049a	512	224	0	2909
2939	2	18033336480320	none	2910	7f25049a	512	224	0	2910
2940	3	18033353669250	none	2911	7f25049a	512	224	0	2911
2941	4	18033371000080	none	2912	7f25049a	512	224	0	2912
2942	5	18033388570990	none	2913	7f25049a	512	224	0	2913
2943	6	18033405887320	none	2914	7f25049a	512	224	0	2914
2944	7	18033419077980	none	2915	7f25049a	512	224	0	2915
2945	0	18033436301200	none	2916	7f25049a	512	224	0	2916
2946	1	18033453494770	none	2917	7f25049a	512	224	0	2917
2947	2	18033470686880	none	2918	7f25049a	512	224	0	2918
2948	3	18033488065510	none	2919	7f25049a	512	224	0	2919
2949	4	18033505278000	none	2920	7f25049a	512	224	0	2920
2950	5	18033518443290	none	2921	7f25049a	512	224	0	2921
2951	6	18033535630150	none	2922	7f25049a	512	224	0	2922
2952	7	18033552990450	none	2923	7f25049a	512	224	0	2923
2953	0	18033570214050	none	2924	7f25049a	512	224	0	2924
2954	1	18033587389830	none	2925	7f25049a	512	224	0	2925
2955	2	18033604574700	none	2926	7f25049a	512	224	0	2926
2956	3	18033621935420	none	2927	7f25049a	512	224	0	2927
2957	4	18033635163480	none	2928	7f25049a	512	224	0	2928
2958	5	18033652385650	none	2929	7f25049a	512	224	0	2929
2959	6	18033669574420	none	2930	7f25049a	512	224	0	2930
2960	7	18033686810270	none	2931	7f25049a	512	224	0	2931
2961	0	18033704049300	none	2932	7f25049a	512	224	0	2932
2962	1	18033721416520	none	2933	7f25049a	512	224	0	2933
2963	2	18033738608740	none	2934	7f25049a	512	224	0	2934
2964	3	18033751815570	none	2935	7f25049a	512	224	0	2935
2965	4	18033769031730	none	2936	7f25049a	512	224	0	2936
2966	5	18033786223890	none	2937	7f25049a	512	224	0	2937
2967	6	18033803436140	none	2938	7f25049a	512	224	0	2938
2968	7	18033820633530	none	2939	7f25049a	512	224	0	2939
2969	0	18033837886600	none	2940	7f25049a	512	224	0	2940
2970	1	18033855114030	none	2941	7f25049a	512	224	0	2941
2971	2	18033868278130	none	2942	7f25049a	512	224	0	2942
2972	3	18033885448710	none	2943	7f25049a	512	224	0	2943
2973	4	18033902655770	none	2944	7f25049a	512	224	0	2944
2974	5	18033919889090	none	2945	7f25049a	512	224	0	2945
2975	6	18033937089170	none	2946	7f25049a	512	224	0	2946
2976	7	18033954279080	none	2947	7f25049a	512	224	0	2947
2977	0	18033971525090	none	2948	7f25049a	512	224	0	2948
2978	1	18033984694520	none	2949	7f25049a	512	224	0	2949
2979	2	18034001996250	none	2950	7f25049a	512	224	0	2950
2980	3	18034019203590	none	2951	7f25049a	512	224	0	2951
2981	4	18034036385450	none	2952	7f25049a	512	224	0	2952
2982	5	18034053555090	none	2953	7f25049a	512	224	0	2953
2983	6	18034070886060	none	2954	7f25049a	512	224	0	2954
2984	7	18034084051200	none	2955	7f25049a	512	224	0	2955
2985	0	18034101270010	none	2956	7f25049a	512	224	0	2956
2986	1	18034118454500	none	2957	7f25049a	512	224	0	2957
2987	2	18034135642380	none	2958	7f25049a	512	224	0	2958
2988	3	18034152919570	none	2959	7f25049a	512	224	0	2959
2989	4	18034170268730	none	2960	7f25049a	512	224	0	2960
2990	5	18034187457450	none	2961	7f25049a	512	224	0	2961
2991	6	18034200610290	none	2962	7f25049a	512	224	0	2962
2992	7	18034217954230	none	2963	7f25049a	512	224	0	2963
2993	0	18034235229030	none	2964	7f25049a	512	224	0	2964
2994	1	18034252414980	none	2965	7f25049a	512	224	0	2965
2995	2	18034269594910	none	2966	7f25049a	512	224	0	2966
2996	3	18034286799730	none	2967	7f25049a	512	224	0	2967
2997	4	18034304042340	none	2968	7f25049a	512	224	0	2968
2998	5	18034317205660	none	2969	7f25049a	512	224	0	2969
2999	6	18034334388870	none	2970	7f25049a	512	224	0	2970
3000	7	18034351584190	none	2971	7f25049a	512	224	0	2971
3001	0	18034368890800	none	2972	7f25049a	512	224	0	2972
3002	1	18034386098700	none	2973	7f25049a	512	224	0	2973
3003	2	18034403287790	none	2974	7f25049a	512	224	0	2974
3004	3	18034420576220	none	2975	7f25049a	512	224	0	2975
3005	4	18034433775520	none	2976	7f25049a	512	224	0	2976
3006	5	18034451001680	none	2977	7f25049a	512	224	0	2977
3007	6	18034468251920	none	2978	7f25049a	512	224	0	2978
3008	7	18034485452290	none	2979	7f25049a	512	224	0	2979
3009	0	18034502680860	none	2980	7f25049a	512	224	0	2980
3010	1	18034520059940	none	2981	7f25049a	512	224	0	2981
3011	2	18034537259130	none	2982	7f25049a	512	224	0	2982
3012	3	18034550397570	none	2983	7f25049a	512	224	0	2983
3013	4	18034567584100	none	2984	7f25049a	512	224	0	2984
3014	5	18034584836260	none	2985	7f25049a	512	224	0	2985
3015	6	18034602033450	none	2986	7f25049a	512	224	0	2986
3016	7	18034619349390	none	2987	7f25049a	512	224	0	2987
3017	0	18034636540160	none	2988	7f25049a	512	224	0	2988
3018	1	18034653758940	none	2989	7f25049a	512	224	0	2989
3019	2	18034666970650	none	2990	7f25049a	512	224	0	2990
3020	3	18034684161880	none	2991	7f25049a	512	224	0	2991
3021	4	18034701354210	none	2992	7f25049a	512	224	0	2992
3022	5	18034718583490	none	2993	7f25049a	512	224	0	2993
3023	6	18034735843220	none	2994	7f25049a	512	224	0	2994
3024	7	18034753074830	none	2995	7f25049a	512	224	0	2995
3025	0	18034770289380	none	2996	7f25049a	512	224	0	2996
3026	1	18034783437060	none	2997	7f25049a	512	224	0	2997
3027	2	18034800630370	none	2998	7f25049a	512	224	0	2998
3028	3	18034817896580	none	2999	7f25049a	512	224	0	2999
3029	4	18034835105030	none	3000	7f25049a	512	224	0	3000
3030	5	18034852288220	none	3001	7f25049a	512	224	0	3001
3031	6	18034869586610	none	3002	7f25049a	512	224	0	3002
3032	7	18034882894000	none	3003	7f25049a	512	224	0	3003
3033	0	18034900124360	none	3004	7f25049a	512	224	0	3004
3034	1	18034917364190	none	3005	7f25049a	512	224	0	3005
3035	2	18034934549200	none	3006	7f25049a	512	224	0	3006
3036	3	18034951869800	none	3007	7f25049a	512	224	0	3007
3037	4	18034969093440	none	3008	7f25049a	512	224	0	3008
3038	5	18034986326830	none	3009	7f25049a	512	224	0	3009
3039	6	18034999481080	none	3010	7f25049a	512	224	0	3010
3040	7	18035016676200	none	3011	7f25049a	512	224	0	3011
3041	0	18035034065180	none	3012	7f25049a	512	224	0	3012
3042	1	18035051307410	none	3013	7f25049a	512	224	0	3013
3043	2	18035068616860	none	3014	7f25049a	512	224	0	3014
3044	3	18035085947590	none	3015	7f25049a	512	224	0	3015
3045	4	18035099115530	none	3016	7f25049a	512	224	0	3016
3046	5	18035116320320	none	3017	7f25049a	512	224	0	3017
3047	6	18035133484660	none	3018	7f25049a	512	224	0	3018
3048	7	18035150700750	none	3019	7f25049a	512	224	0	3019
3049	0	18035167935920	none	3020	7f25049a	512	224	0	3020
3050	1	18035185142470	none	3021	7f25049a	512	224	0	3021
3051	2	18035202356090	none	3022	7f25049a	512	224	0	3022
3052	3	18035215521220	none	3023	7f25049a	512	224	0	3023
3053	4	18035232739720	none	3024	7f25049a	512	224	0	3024
3054	5	18035249994840	none	3025	7f25049a	512	224	0	3025
3055	6	18035267222220	none	3026	7f25049a	512	224	0	3026
3056	7	18035284420540	none	3027	7f25049a	512	224	0	3027
3057	0	18035301623210	none	3028	7f25049a	512	224	0	3028
3058	1	18035318979790	none	3029	7f25049a	512	224	0	3029
3059	2	18035332142760	none	3030	7f25049a	512	224	0	3030
3060	3	18035349340610	none	3031	7f25049a	512	224	0	3031
3061	4	18035366505010	none	3032	7f25049a	512	224	0	3032
3062	5	18035383720140	none	3033	7f25049a	512	224	0	3033
3063	6	18035400945360	none	3034	7f25049a	512	224	0	3034
3064	7	18035418194730	none	3035	7f25049a	512	224	0	3035
3065	0	18035435387720	none	3036	7f25049a	512	224	0	3036
3066	1	18035448540400	none	3037	7f25049a	512	224	0	3037
3067	2	18035465798280	none	3038	7f25049a	512	224	0	3038
3068	3	18035483071020	none	3039	7f25049a	512	224	0	3039
3069	4	18035500267510	none	3040	7f25049a	512	224	0	3040
3070	5	18035517562460	none	3041	7f25049a	512	224	0	3041
3071	6	18035534939370	none	3042	7f25049a	512	224	0	3042
3072	7	18035552149760	none	3043	7f25049a	512	224	0	3043
3073	0	18035565328890	none	3044	7f25049a	512	224	0	3044
3074	1	18035582538550	none	3045	7f25049a	512	224	0	3045
3075	2	18035599769950	none	3046	7f25049a	512	224	0	3046
3076	3	18035617115780	none	3047	7f25049a	512	224	0	3047
3077	4	18035634322100	none	3048	7f25049a	512	224	0	3048
3078	5	18035651499020	none	3049	7f25049a	512	224	0	3049
3079	6	18035668730000	none	3050	7f25049a	512	224	0	3050
3080	7	18035681910020	none	3051	7f25049a	512	224	0	3051
3081	0	18035699124610	none	3052	7f25049a	512	224	0	3052
3082	1	18035716300590	none	3053	7f25049a	512	224	0	3053
3083	2	18035733479140	none	3054	7f25049a	512	224	0	3054
3084	3	18035750734280	none	3055	7f25049a	512	224	0	3055
3085	4	18035768032450	none	3056	7f25049a	512	224	0	3056
3086	5	18035785238910	none	3057	7f25049a	512	224	0	3057
3087	6	18035798406900	none	3058	7f25049a	512	224	0	3058
3088	7	18035815620320	none	3059	7f25049a	512	224	0	3059
3089	0	18035833133040	none	3060	7f25049a	512	224	0	3060
3090	1	18035850322710	none	3061	7f25049a	512	224	0	3061
3091	2	18035867526590	none	3062	7f25049a	512	224	0	3062
3092	3	18035884782330	none	3063	7f25049a	512	224	0	3063
3093	4	18035898037950	none	3064	7f25049a	512	224	0	3064
3094	5	18035915221900	none	3065	7f25049a	512	224	0	3065
3095	6	18035932399580	none	3066	7f25049a	512	224	0	3066
3096	7	18035949584520	none	3067	7f25049a	512	224	0	3067
3097	0	18035966897230	none	3068	7f25049a	512	224	0	3068
3098	1	18035984118060	none	3069	7f25049a	512	224	0	3069
3099	2	18036001335610	none	3070	7f25049a	512	224	0	3070
3100	3	18036014517510	none	3071	7f25049a	512	224	0	3071
3101	4	18036031754970	none	3072	7f25049a	512	224	0	3072
3102	5	18036048981700	none	3073	7f25049a	512	224	0	3073
3103	6	18036066304100	none	3074	7f25049a	512	224	0	3074
3104	7	18036083498960	none	3075	7f25049a	512	224	0	3075
3105	0	18036100870520	none	3076	7f25049a	512	224	0	3076
3106	1	18036114061370	none	3077	7f25049a	512	224	0	3077
3107	2	18036131256670	none	3078	7f25049a	512	224	0	3078
3108	3	18036148436470	none	3079	7f25049a	512	224	0	3079
3109	4	18036165619310	none	3080	7f25049a	512	224	0	3080
3110	5	18036182861470	none	3081	7f25049a	512	224	0	3081
3111	6	18036200091260	none	3082	7f25049a	512	224	0	3082
3112	7	18036217303820	none	3083	7f25049a	512	224	0	3083
3113	0	18036234496440	none	3084	7f25049a	512	224	0	3084
3114	1	18036247705790	none	3085	7f25049a	512	224	0	3085
3115	2	18036264937380	none	3086	7f25049a	512	224	0	3086
3116	3	18036282139040	none	3087	7f25049a	512	224	0	3087
3117	4	18036299333160	none	3088	7f25049a	512	224	0	3088
3118	5	18036316624600	none	3089	7f25049a	512	224	0	3089
3119	6	18036333858810	none	3090	7f25049a	512	224	0	3090
3120	7	18036347039990	none	3091	7f25049a	512	224	0	3091
3121	0	18036364314420	none	3092	7f25049a	512	224	0	3092
3122	1	18036381733310	none	3093	7f25049a	512	224	0	3093
3123	2	18036398954840	none	3094	7f25049a	512	224	0	3094
3124	3	18036416161720	none	3095	7f25049a	512	224	0	3095
3125	4	18036433357540	none	3096	7f25049a	512	224	0	3096
3126	5	18036450543220	none	3097	7f25049a	512	224	0	3097
3127	6	18036463764130	none	3098	7f25049a	512	224	0	3098
3128	7	18036481089060	none	3099	7f25049a	512	224	0	3099
3129	0	18036498326080	none	3100	7f25049a	512	224	0	3100
3130	1	18036515679890	none	3101	7f25049a	512	224	0	3101
3131	2	18036532954340	none	3102	7f25049a	512	224	0	3102
3132	3	18036550154330	none	3103	7f25049a	512	224	0	3103
3133	4	18036563311130	none	3104	7f25049a	512	224	0	3104
3134	5	18036580487840	none	3105	7f25049a	512	224	0	3105
3135	6	18036597705480	none	3106	7f25049a	512	224	0	3106
3136	7	18036614916370	none	3107	7f25049a	512	224	0	3107
3137	0	18036632145210	none	3108	7f25049a	512	224	0	3108
3138	1	18036649358340	none	3109	7f25049a	512	224	0	3109
3139	2	18036666552850	none	3110	7f25049a	512	224	0	3110
3140	3	18036679778910	none	3111	7f25049a	512	224	0	3111
3141	4	18036696999930	none	3112	7f25049a	512	224	0	3112
3142	5	18036714191090	none	3113	7f25049a	512	224	0	3113
3143	6	18036731404350	none	3114	7f25049a	512	224	0	3114
3144	7	18036748584010	none	3115	7f25049a	512	224	0	3115
3145	0	18036765957220	none	3116	7f25049a	512	224	0	3116
3146	1	18036783155690	none	3117	7f25049a	512	224	0	3117
3147	2	18036796288310	none	3118	7f25049a	512	224	0	3118
3148	3	18036813462660	none	3119	7f25049a	512	224	0	3119
3149	4	18036830672180	none	3120	7f25049a	512	224	0	3120
3150	5	18036847894100	none	3121	7f25049a	512	224	0	3121
3151	6	18036865115100	none	3122	7f25049a	512	224	0	3122
3152	7	18036882321250	none	3123	7f25049a	512	224	0	3123
3153	0	18036899530440	none	3124	7f25049a	512	224	0	3124
3154	1	18036912764600	none	3125	7f25049a	512	224	0	3125
3155	2	18036930078050	none	3126	7f25049a	512	224	0	3126
3156	3	18036947265370	none	3127	7f25049a	512	224	0	3127
3157	4	18036964564490	none	3128	7f25049a	512	224	0	3128
3158	5	18036981943480	none	3129	7f25049a	512	224	0	3129
3159	6	18036999153920	none	3130	7f25049a	512	224	0	3130
3160	7	18037016358370	none	3131	7f25049a	512	224	0	3131
3161	0	18037029513280	none	3132	7f25049a	512	224	0	3132
3162	1	18037046750200	none	3133	7f25049a	512	224	0	3133
3163	2	18037064091370	none	3134	7f25049a	512	224	0	3134
3164	3	18037081328340	none	3135	7f25049a	512	224	0	3135
3165	4	18037098537790	none	3136	7f25049a	512	224	0	3136
3166	5	18037115803850	none	3137	7f25049a	512	224	0	3137
3167	6	18037133024250	none	3138	7f25049a	512	224	0	3138
3168	7	18037146172190	none	3139	7f25049a	512	224	0	3139
3169	0	18037163386800	none	3140	7f25049a	512	224	0	3140
3170	1	18037180607990	none	3141	7f25049a	512	224	0	3141
3171	2	18037197885070	none	3142	7f25049a	512	224	0	3142
3172	3	18037215120790	none	3143	7f25049a	512	224	0	3143
3173	4	18037232329410	none	3144	7f25049a	512	224	0	3144
3174	5	18037249525220	none	3145	7f25049a	512	224	0	3145
3175	6	18037262751660	none	3146	7f25049a	512	224	0	3146
3176	7	18037280083330	none	3147	7f25049a	512	224	0	3147
3177	0	18037297262910	none	3148	7f25049a	512	224	0	3148
3178	1	18037314547060	none	3149	7f25049a	512	224	0	3149
3179	2	18037331835120	none	3150	7f25049a	512	224	0	3150
3180	3	18037349081250	none	3151	7f25049a	512	224	0	3151
3181	4	18037362250230	none	3152	7f25049a	512	224	0	3152
3182	5	18037379423460	none	3153	7f25049a	512	224	0	3153
3183	6	18037396612250	none	3154	7f25049a	512	224	0	3154
3184	7	18037413929510	none	3155	7f25049a	512	224	0	3155
3185	0	18037431161950	none	3156	7f25049a	512	224	0	3156
3186	1	18037448365210	none	3157	7f25049a	512	224	0	3157
3187	2	18037465555140	none	3158	7f25049a	512	224	0	3158
3188	3	18037478779450	none	3159	7f25049a	512	224	0	3159
3189	4	18037495988680	none	3160	7f25049a	512	224	0	3160
3190	5	18037513302310	none	3161	7f25049a	512	224	0	3161
3191	6	18037530491210	none	3162	7f25049a	512	224	0	3162
3192	7	18037547737570	none	3163	7f25049a	512	224	0	3163
3193	0	18037565000060	none	3164	7f25049a	512	224	0	3164
3194	1	18037582207620	none	3165	7f25049a	512	224	0	3165
3195	2	18037595349310	none	3166	7f25049a	512	224	0	3166
3196	3	18037612539250	none	3167	7f25049a	512	224	0	3167
3197	4	18037629797590	none	3168	7f25049a	512	224	0	3168
3198	5	18037647024960	none	3169	7f25049a	512	224	0	3169
3199	6	18037664226590	none	3170	7f25049a	512	224	0	3170
3200	7	18037681419130	none	3171	7f25049a	512	224	0	3171
3201	0	18037698670470	none	3172	7f25049a	512	224	0	3172
3202	1	18037711948370	none	3173	7f25049a	512	224	0	3173
3203	2	18037729251400	none	3174	7f25049a	512	224	0	3174
3204	3	18037746441760	none	3175	7f25049a	512	224	0	3175
3205	4	18037763793370	none	3176	7f25049a	512	224	0	3176
3206	5	18037781003140	none	3177	7f25049a	512	224	0	3177
3207	6	18037798198730	none	3178	7f25049a	512	224	0	3178
3208	7	18037811343850	none	3179	7f25049a	512	224	0	3179
3209	0	18037828515430	none	3180	7f25049a	512	224	0	3180
3210	1	18037845740930	none	3181	7f25049a	512	224	0	3181
3211	2	18037863010120	none	3182	7f25049a	512	224	0	3182
3212	3	18037880212210	none	3183	7f25049a	512	224	0	3183
3213	4	18037897403400	none	3184	7f25049a	512	224	0	3184
3214	5	18037914602400	none	3185	7f25049a	512	224	0	3185
3215	6	18037927863480	none	3186	7f25049a	512	224	0	3186
3216	7	18037945053530	none	3187	7f25049a	512	224	0	3187
3217	0	18037962410020	none	3188	7f25049a	512	224	0	3188
3218	1	18037979608030	none	3189	7f25049a	512	224	0	3189
3219	2	18037996925390	none	3190	7f25049a	512	224	0	3190
3220	3	18038014147690	none	3191	7f25049a	512	224	0	3191
3221	4	18038031316770	none	3192	7f25049a	512	224	0	3192
3222	5	18038044470100	none	3193	7f25049a	512	224	0	3193
3223	6	18038061667890	none	3194	7f25049a	512	224	0	3194
3224	7	18038078886510	none	3195	7f25049a	512	224	0	3195
3225	0	18038096095190	none	3196	7f25049a	512	224	0	3196
3226	1	18038113305150	none	3197	7f25049a	512	224	0	3197
3227	2	18038130511630	none	3198	7f25049a	512	224	0	3198
3228	3	18038147761110	none	3199	7f25049a	512	224	0	3199
3229	4	18038160930430	none	3200	7f25049a	512	224	0	3200
3230	5	18038178131580	none	3201	7f25049a	512	224	0	3201
3231	6	18038195317230	none	3202	7f25049a	512	224	0	3202
3232	7	18038212723380	none	3203	7f25049a	512	224	0	3203
3233	0	18038229969180	none	3204	7f25049a	512	224	0	3204
3234	1	18038247166020	none	3205	7f25049a	512	224	0	3205
3235	2	18038264368360	none	3206	7f25049a	512	224	0	3206
3236	3	18038277526500	none	3207	7f25049a	512	224	0	3207
3237	4	18038294873860	none	3208	7f25049a	512	224	0	3208
3238	5	18038312086920	none	3209	7f25049a	512	224	0	3209
3239	6	18038329277290	none	3210	7f25049a	512	224	0	3210
3240	7	18038346463410	none	3211	7f25049a	512	224	0	3211
3241	0	18038363707170	none	3212	7f25049a	512	224	0	3212
3242	1	18038380930220	none	3213	7f25049a	512	224	0	3213
3243	2	18038394171180	none	3214	7f25049a	512	224	0	3214
3244	3	18038411818350	none	3215	7f25049a	512	224	0	3215
3245	4	18038429059960	none	3216	7f25049a	512	224	0	3216
3246	5	18038446269690	none	3217	7f25049a	512	224	0	3217
3247	6	18038463480490	none	3218	7f25049a	512	224	0	3218
3248	7	18038480722330	none	3219	7f25049a	512	224	0	3219
3249	0	18038494106590	none	3220	7f25049a	512	224	0	3220
3250	1	18038511456460	none	3221	7f25049a	512	224	0	3221
3251	2	18038528681020	none	3222	7f25049a	512	224	0	3222
3252	3	18038545907820	none	3223	7f25049a	512	224	0	3223
3253	4	18038563116390	none	3224	7f25049a	512	224	0	3224
3254	5	18038580319710	none	3225	7f25049a	512	224	0	3225
3255	6	18038593463420	none	3226	7f25049a	512	224	0	3226
3256	7	18038610696950	none	3227	7f25049a	512	224	0	3227
3257	0	18038627923320	none	3228	7f25049a	512	224	0	3228
3258	1	18038645122390	none	3229	7f25049a	512	224	0	3229
3259	2	18038662328570	none	3230	7f25049a	512	224	0	3230
3260	3	18038679513570	none	3231	7f25049a	512	224	0	3231
3261	4	18038696767610	none	3232	7f25049a	512	224	0	3232
3262	5	18038709954170	none	3233	7f25049a	512	224	0	3233
3263	6	18038727160060	none	3234	7f25049a	512	224	0	3234
3264	7	18038744331340	none	3235	7f25049a	512	224	0	3235
3265	0	18038761709250	none	3236	7f25049a	512	224	0	3236
3266	1	18038778915000	none	3237	7f25049a	512	224	0	3237
3267	2	18038796124060	none	3238	7f25049a	512	224	0	3238
3268	3	18038813331480	none	3239	7f25049a	512	224	0	3239
3269	4	18038826662770	none	3240	7f25049a	512	224	0	3240
3270	5	18038843993990	none	3241	7f25049a	512	224	0	3241
3271	6	18038861202440	none	3242	7f25049a	512	224	0	3242
3272	7	18038878400410	none	3243	7f25049a	512	224	0	3243
3273	0	18038895595650	none	3244	7f25049a	512	224	0	3244
3274	1	18038912828630	none	3245	7f25049a	512	224	0	3245
3275	2	18038926127650	none	3246	7f25049a	512	224	0	3246
3276	3	18038943303870	none	3247	7f25049a	512	224	0	3247
3277	4	18038960632760	none	3248	7f25049a	512	224	0	3248
3278	5	18038977948890	none	3249	7f25049a	512	224	0	3249
3279	6	18038995143040	none	3250	7f25049a	512	224	0	3250
3280	7	18039012337150	none	3251	7f25049a	512	224	0	3251
3281	0	18039029529760	none	3252	7f25049a	512	224	0	3252
3282	1	18039042743560	none	3253	7f25049a	512	224	0	3253
3283	2	18039060094450	none	3254	7f25049a	512	224	0	3254
3284	3	18039077287820	none	3255	7f25049a	512	224	0	3255
3285	4	18039094503920	none	3256	7f25049a	512	224	0	3256
3286	5	18039111768720	none	3257	7f25049a	512	224	0	3257
3287	6	18039129038390	none	3258	7f25049a	512	224	0	3258
3288	7	18039146234660	none	3259	7f25049a	512	224	0	3259
3289	0	18039159370970	none	3260	7f25049a	512	224	0	3260
3290	1	18039176546520	none	3261	7f25049a	512	224	0	3261
3291	2	18039193876300	none	3262	7f25049a	512	224	0	3262
3292	3	18039211090620	none	3263	7f25049a	512	224	0	3263
3293	4	18039228298220	none	3264	7f25049a	512	224	0	3264
3294	5	18039245456950	none	3265	7f25049a	512	224	0	3265
3295	6	18039262694590	none	3266	7f25049a	512	224	0	3266
3296	7	18039275950370	none	3267	7f25049a	512	224	0	3267
3297	0	18039293164620	none	3268	7f25049a	512	224	0	3268
3298	1	18039310376350	none	3269	7f25049a	512	224	0	3269
3299	2	18039327576840	none	3270	7f25049a	512	224	0	3270
3300	3	18039344870390	none	3271	7f25049a	512	224	0	3271
3301	4	18039362076160	none	3272	7f25049a	512	224	0	3272
3302	5	18039379360300	none	3273	7f25049a	512	224	0	3273
3303	6	18039392509230	none	3274	7f25049a	512	224	0	3274
3304	7	18039409855560	none	3275	7f25049a	512	224	0	3275
3305	0	18039427074320	none	3276	7f25049a	512	224	0	3276
3306	1	18039444257430	none	3277	7f25049a	512	224	0	3277
3307	2	18039461472760	none	3278	7f25049a	512	224	0	3278
3308	3	18039478707710	none	3279	7f25049a	512	224	0	3279
3309	4	18039491884670	none	3280	7f25049a	512	224	0	3280
3310	5	18039509230380	none	3281	7f25049a	512	224	0	3281
3311	6	18039526415460	none	3282	7f25049a	512	224	0	3282
3312	7	18039543627140	none	3283	7f25049a	512	224	0	3283
3313	0	18039561012530	none	3284	7f25049a	512	224	0	3284
3314	1	18039578206570	none	3285	7f25049a	512	224	0	3285
3315	2	18039595391790	none	3286	7f25049a	512	224	0	3286
3316	3	18039608540920	none	3287	7f25049a	512	224	0	3287
3317	4	18039625792080	none	3288	7f25049a	512	224	0	3288
3318	5	18039643027070	none	3289	7f25049a	512	224	0	3289
3319	6	18039660228410	none	3290	7f25049a	512	224	0	3290
3320	7	18039677414160	none	3291	7f25049a	512	224	0	3291
3321	0	18039694618130	none	3292	7f25049a	512	224	0	3292
3322	1	18039711892310	none	3293	7f25049a	512	224	0	3293
3323	2	18039725077070	none	3294	7f25049a	512	224	0	3294
3324	3	18039742268660	none	3295	7f25049a	512	224	0	3295
3325	4	18039759470640	none	3296	7f25049a	512	224	0	3296
3326	5	18039776710160	none	3297	7f25049a	512	224	0	3297
3327	6	18039794060090	none	3298	7f25049a	512	224	0	3298
3328	7	18039811262370	none	3299	7f25049a	512	224	0	3299
3329	0	18039824583510	none	3300	7f25049a	512	224	0	3300
3330	1	18039841889840	none	3301	7f25049a	512	224	0	3301
3331	2	18039859100470	none	3302	7f25049a	512	224	0	3302
3332	3	18039876294660	none	3303	7f25049a	512	224	0	3303
3333	4	18039893483300	none	3304	7f25049a	512	224	0	3304
3334	5	18039910755400	none	3305	7f25049a	512	224	0	3305
3335	6	18039928129660	none	3306	7f25049a	512	224	0	3306
3336	7	18039941290610	none	3307	7f25049a	512	224	0	3307
3337	0	18039958645940	none	3308	7f25049a	512	224	0	3308
3338	1	18039975948760	none	3309	7f25049a	512	224	0	3309
3339	2	18039993153030	none	3310	7f25049a	512	224	0	3310
3340	3	18040010357460	none	3311	7f25049a	512	224	0	3311
3341	4	18040027600130	none	3312	7f25049a	512	224	0	3312
3342	5	18040044829630	none	3313	7f25049a	512	224	0	3313
3343	6	18040057998190	none	3314	7f25049a	512	224	0	3314
3344	7	18040075191220	none	3315	7f25049a	512	224	0	3315
3345	0	18040092386260	none	3316	7f25049a	512	224	0	3316
3346	1	18040109695640	none	3317	7f25049a	512	224	0	3317
3347	2	18040126963040	none	3318	7f25049a	512	224	0	3318
3348	3	18040144160440	none	3319	7f25049a	512	224	0	3319
3349	4	18040161356090	none	3320	7f25049a	512	224	0	3320
3350	5	18040174569270	none	3321	7f25049a	512	224	0	3321
3351	6	18040191820040	none	3322	7f25049a	512	224	0	3322
3352	7	18040209033290	none	3323	7f25049a	512	224	0	3323
3353	0	18040226230520	none	3324	7f25049a	512	224	0	3324
3354	1	18040243400000	none	3325	7f25049a	512	224	0	3325
3355	2	18040260601190	none	3326	7f25049a	512	224	0	3326
3356	3	18040273869140	none	3327	7f25049a	512	224	0	3327
3357	4	18040291135510	none	3328	7f25049a	512	224	0	3328
3358	5	18040308337140	none	3329	7f25049a	512	224	0	3329
3359	6	18040325541050	none	3330	7f25049a	512	224	0	3330
3360	7	18040342792510	none	3331	7f25049a	512	224	0	3331
3361	0	18040360032140	none	3332	7f25049a	512	224	0	3332
3362	1	18040377383460	none	3333	7f25049a	512	224	0	3333
3363	2	18040390560250	none	3334	7f25049a	512	224	0	3334
3364	3	18040407970610	none	3335	7f25049a	512	224	0	3335
3365	4	18040425190180	none	3336	7f25049a	512	224	0	3336
3366	5	18040442381830	none	3337	7f25049a	512	224	0	3337
3367	6	18040459604430	none	3338	7f25049a	512	224	0	3338
3368	7	18040476833430	none	3339	7f25049a	512	224	0	3339
3369	0	18040494041570	none	3340	7f25049a	512	224	0	3340
3370	1	18040507206220	none	3341	7f25049a	512	224	0	3341
3371	2	18040524515540	none	3342	7f25049a	512	224	0	3342
3372	3	18040541822810	none	3343	7f25049a	512	224	0	3343
3373	4	18040559036670	none	3344	7f25049a	512	224	0	3344
3374	5	18040576235650	none	3345	7f25049a	512	224	0	3345
3375	6	18040593424890	none	3346	7f25049a	512	224	0	3346
3376	7	18040610683270	none	3347	7f25049a	512	224	0	3347
3377	0	18040624082780	none	3348	7f25049a	512	224	0	3348
3378	1	18040641315530	none	3349	7f25049a	512	224	0	3349
3379	2	18040658520550	none	3350	7f25049a	512	224	0	3350
3380	3	18040675774120	none	3351	7f25049a	512	224	0	3351
3381	4	18040692996270	none	3352	7f25049a	512	224	0	3352
3382	5	18040710197340	none	3353	7f25049a	512	224	0	3353
3383	6	18040723354220	none	3354	7f25049a	512	224	0	3354
3384	7	18040740558320	none	3355	7f25049a	512	224	0	3355
3385	0	18040757978260	none	3356	7f25049a	512	224	0	3356
3386	1	18040775190170	none	3357	7f25049a	512	224	0	3357
3387	2	18040792384590	none	3358	7f25049a	512	224	0	3358
3388	3	18040809601760	none	3359	7f25049a	512	224	0	3359
3389	4	18040826946390	none	3360	7f25049a	512	224	0	3360
3390	5	18040840314310	none	3361	7f25049a	512	224	0	3361
3391	6	18040857708370	none	3362	7f25049a	512	224	0	3362
3392	7	18040874956350	none	3363	7f25049a	512	224	0	3363
3393	0	18040892174160	none	3364	7f25049a	512	224	0	3364
3394	1	18040909353060	none	3365	7f25049a	512	224	0	3365
3395	2	18040926709150	none	3366	7f25049a	512	224	0	3366
3396	3	18040939906480	none	3367	7f25049a	512	224	0	3367
3397	4	18040957112830	none	3368	7f25049a	512	224	0	3368
3398	5	18040974421960	none	3369	7f25049a	512	224	0	3369
3399	6	18040992322860	none	3370	7f25049a	512	224	0	3370
3400	7	18041009661710	none	3371	7f25049a	512	224	0	3371
3401	0	18041023219230	none	3372	7f25049a	512	224	0	3372
3402	1	18041040670270	none	3373	7f25049a	512	224	0	3373
3403	2	18041058215470	none	3374	7f25049a	512	224	0	3374
3404	3	18041075685250	none	3375	7f25049a	512	224	0	3375
3405	4	18041093014720	none	3376	7f25049a	512	224	0	3376
3406	5	18041106279550	none	3377	7f25049a	512	224	0	3377
3407	6	18041123619830	none	3378	7f25049a	512	224	0	3378
3408	7	18041141118940	none	3379	7f25049a	512	224	0	3379
3409	0	18041158453970	none	3380	7f25049a	512	224	0	3380
3410	1	18041175893520	none	3381	7f25049a	512	224	0	3381
3411	2	18041189229200	none	3382	7f25049a	512	224	0	3382
3412	3	18041206546930	none	3383	7f25049a	512	224	0	3383
3413	4	18041223850010	none	3384	7f25049a	512	224	0	3384
3414	5	18041241245340	none	3385	7f25049a	512	224	0	3385
3415	6	18041258585960	none	3386	7f25049a	512	224	0	3386
3416	7	18041275966730	none	3387	7f25049a	512	224	0	3387
3417	0	18041289257740	none	3388	7f25049a	512	224	0	3388
3418	1	18041306560030	none	3389	7f25049a	512	224	0	3389
3419	2	18041323903550	none	3390	7f25049a	512	224	0	3390
3420	3	18041341286230	none	3391	7f25049a	512	224	0	3391
3421	4	18041358897640	none	3392	7f25049a	512	224	0	3392
3422	5	18041372102760	none	3393	7f25049a	512	224	0	3393
3423	6	18041389292480	none	3394	7f25049a	512	224	0	3394
3424	7	18041406485500	none	3395	7f25049a	512	224	0	3395
3425	0	18041423795990	none	3396	7f25049a	512	224	0	3396
3426	1	18041441089730	none	3397	7f25049a	512	224	0	3397
3427	2	18041458298090	none	3398	7f25049a	512	224	0	3398
3428	3	18041475621560	none	3399	7f25049a	512	224	0	3399
3429	4	18041488917820	none	3400	7f25049a	512	224	0	3400
3430	5	18041506142190	none	3401	7f25049a	512	224	0	3401
3431	6	18041523346520	none	3402	7f25049a	512	224	0	3402
3432	7	18041540554820	none	3403	7f25049a	512	224	0	3403
3433	0	18041557923600	none	3404	7f25049a	512	224	0	3404
3434	1	18041575204310	none	3405	7f25049a	512	224	0	3405
3435	2	18041588459480	none	3406	7f25049a	512	224	0	3406
3436	3	18041605991240	none	3407	7f25049a	512	224	0	3407
3437	4	18041623187900	none	3408	7f25049a	512	224	0	3408
3438	5	18041640411500	none	3409	7f25049a	512	224	0	3409
3439	6	18041657727540	none	3410	7f25049a	512	224	0	3410
3440	7	18041675108300	none	3411	7f25049a	512	224	0	3411
3441	0	18041688391660	none	3412	7f25049a	512	224	0	3412
3442	1	18041705677810	none	3413	7f25049a	512	224	0	3413
3443	2	18041723343220	none	3414	7f25049a	512	224	0	3414
3444	3	18041740521540	none	3415	7f25049a	512	224	0	3415
3445	4	18041757918460	none	3416	7f25049a	512	224	0	3416
3446	5	18041775163280	none	3417	7f25049a	512	224	0	3417
3447	6	18041788330120	none	3418	7f25049a	512	224	0	3418
3448	7	18041805527740	none	3419	7f25049a	512	224	0	3419
3449	0	18041822801440	none	3420	7f25049a	512	224	0	3420
3450	1	18041840094010	none	3421	7f25049a	512	224	0	3421
3451	2	18041857281270	none	3422	7f25049a	512	224	0	3422
3452	3	18041874703850	none	3423	7f25049a	512	224	0	3423
3453	4	18041887917290	none	3424	7f25049a	512	224	0	3424
3454	5	18041905129730	none	3425	7f25049a	512	224	0	3425
3455	6	18041922310370	none	3426	7f25049a	512	224	0	3426
3456	7	18041939489480	none	3427	7f25049a	512	224	0	3427
3457	0	18041956772640	none	3428	7f25049a	512	224	0	3428
3458	1	18041974162400	none	3429	7f25049a	512	224	0	3429
3459	2	18041991403470	none	3430	7f25049a	512	224	0	3430
3460	3	18042004622080	none	3431	7f25049a	512	224	0	3431
3461	4	18042021845790	none	3432	7f25049a	512	224	0	3432
3462	5	18042039078780	none	3433	7f25049a	512	224	0	3433
3463	6	18042056257180	none	3434	7f25049a	512	224	0	3434
3464	7	18042073604800	none	3435	7f25049a	512	224	0	3435
3465	0	18042090951510	none	3436	7f25049a	512	224	0	3436
3466	1	18042108188700	none	3437	7f25049a	512	224	0	3437
3467	2	18042121357460	none	3438	7f25049a	512	224	0	3438
3468	3	18042138591770	none	3439	7f25049a	512	224	0	3439
3469	4	18042155803800	none	3440	7f25049a	512	224	0	3440
3470	5	18042173154370	none	3441	7f25049a	512	224	0	3441
3471	6	18042190429440	none	3442	7f25049a	512	224	0	3442
3472	7	18042207736270	none	3443	7f25049a	512	224	0	3443
3473	0	18042221001800	none	3444	7f25049a	512	224	0	3444
3474	1	18042238220490	none	3445	7f25049a	512	224	0	3445
3475	2	18042255421540	none	3446	7f25049a	512	224	0	3446
3476	3	18042272658590	none	3447	7f25049a	512	224	0	3447
3477	4	18042289877780	none	3448	7f25049a	512	224	0	3448
3478	5	18042307081950	none	3449	7f25049a	512	224	0	3449
3479	6	18042324386640	none	3450	7f25049a	512	224	0	3450
3480	7	18042337620570	none	3451	7f25049a	512	224	0	3451
3481	0	18042354831540	none	3452	7f25049a	512	224	0	3452
3482	1	18042372039250	none	3453	7f25049a	512	224	0	3453
3483	2	18042389250890	none	3454	7f25049a	512	224	0	3454
3484	3	18042406428220	none	3455	7f25049a	512	224	0	3455
3485	4	18042423775090	none	3456	7f25049a	512	224	0	3456
3486	5	18042437038130	none	3457	7f25049a	512	224	0	3457
3487	6	18042454228100	none	3458	7f25049a	512	224	0	3458
3488	7	18042471420760	none	3459	7f25049a	512	224	0	3459
3489	0	18042488729600	none	3460	7f25049a	512	224	0	3460
3490	1	18042505951600	none	3461	7f25049a	512	224	0	3461
3491	2	18042523177050	none	3462	7f25049a	512	224	0	3462
3492	3	18042540351670	none	3463	7f25049a	512	224	0	3463
3493	4	18042553599890	none	3464	7f25049a	512	224	0	3464
3494	5	18042570831350	none	3465	7f25049a	512	224	0	3465
3495	6	18042588083500	none	3466	7f25049a	512	224	0	3466
3496	7	18042605283830	none	3467	7f25049a	512	224	0	3467
3497	0	18042622647720	none	3468	7f25049a	512	224	0	3468
3498	1	18042639947180	none	3469	7f25049a	512	224	0	3469
3499	2	18042657150480	none	3470	7f25049a	512	224	0	3470
3500	3	18042670422110	none	3471	7f25049a	512	224	0	3471
3501	4	18042687640080	none	3472	7f25049a	512	224	0	3472
3502	5	18042704852290	none	3473	7f25049a	512	224	0	3473
3503	6	18042722195160	none	3474	7f25049a	512	224	0	3474
3504	7	18042739384750	none	3475	7f25049a	512	224	0	3475
3505	0	18042756653490	none	3476	7f25049a	512	224	0	3476
3506	1	18042769951970	none	3477	7f25049a	512	224	0	3477
3507	2	18042787147360	none	3478	7f25049a	512	224	0	3478
3508	3	18042804322260	none	3479	7f25049a	512	224	0	3479
3509	4	18042821516000	none	3480	7f25049a	512	224	0	3480
3510	5	18042838756680	none	3481	7f25049a	512	224	0	3481
3511	6	18042855994030	none	3482	7f25049a	512	224	0	3482
3512	7	18042873214450	none	3483	7f25049a	512	224	0	3483
3513	0	18042886365060	none	3484	7f25049a	512	224	0	3484
3514	1	18042903557750	none	3485	7f25049a	512	224	0	3485
3515	2	18042920779030	none	3486	7f25049a	512	224	0	3486
3516	3	18042938089680	none	3487	7f25049a	512	224	0	3487
3517	4	18042955276460	none	3488	7f25049a	512	224	0	3488
3518	5	18042972471780	none	3489	7f25049a	512	224	0	3489
3519	6	18042989720520	none	3490	7f25049a	512	224	0	3490
3520	7	18043003023310	none	3491	7f25049a	512	224	0	3491
3521	0	18043020224170	none	3492	7f25049a	512	224	0	3492
3522	1	18043037401240	none	3493	7f25049a	512	224	0	3493
3523	2	18043054645680	none	3494	7f25049a	512	224	0	3494
3524	3	18043071935180	none	3495	7f25049a	512	224	0	3495
3525	4	18043089142820	none	3496	7f25049a	512	224	0	3496
3526	5	18043106323690	none	3497	7f25049a	512	224	0	3497
3527	6	18043119497200	none	3498	7f25049a	512	224	0	3498
3528	7	18043136769040	none	3499	7f25049a	512	224	0	3499
3529	0	18043153976450	none	3500	7f25049a	512	224	0	3500
3530	1	18043171299220	none	3501	7f25049a	512	224	0	3501
3531	2	18043188495680	none	3502	7f25049a	512	224	0	3502
3532	3	18043205782090	none	3503	7f25049a	512	224	0	3503
3533	4	18043223014410	none	3504	7f25049a	512	224	0	3504
3534	5	18043236174340	none	3505	7f25049a	512	224	0	3505
3535	6	18043253423230	none	3506	7f25049a	512	224	0	3506
3536	7	18043270664470	none	3507	7f25049a	512	224	0	3507
3537	0	18043287893860	none	3508	7f25049a	512	224	0	3508
3538	1	18043305107970	none	3509	7f25049a	512	224	0	3509
3539	2	18043322295760	none	3510	7f25049a	512	224	0	3510
3540	3	18043339477890	none	3511	7f25049a	512	224	0	3511
3541	4	18043352681000	none	3512	7f25049a	512	224	0	3512
3542	5	18043369889030	none	3513	7f25049a	512	224	0	3513
3543	6	18043387088580	none	3514	7f25049a	512	224	0	3514
3544	7	18043404265300	none	3515	7f25049a	512	224	0	3515
3545	0	18043421709130	none	3516	7f25049a	512	224	0	3516
3546	1	18043439083530	none	3517	7f25049a	512	224	0	3517
3547	2	18043452253120	none	3518	7f25049a	512	224	0	3518
3548	3	18043469452840	none	3519	7f25049a	512	224	0	3519
3549	4	18043486782000	none	3520	7f25049a	512	224	0	3520
3550	5	18043503981610	none	3521	7f25049a	512	224	0	3521
3551	6	18043521183870	none	3522	7f25049a	512	224	0	3522
3552	7	18043538369110	none	3523	7f25049a	512	224	0	3523
3553	0	18043555607750	none	3524	7f25049a	512	224	0	3524
3554	1	18043568789020	none	3525	7f25049a	512	224	0	3525
3555	2	18043586080820	none	3526	7f25049a	512	224	0	3526
3556	3	18043603251540	none	3527	7f25049a	512	224	0	3527
3557	4	18043620584170	none	3528	7f25049a	512	224	0	3528
3558	5	18043637917950	none	3529	7f25049a	512	224	0	3529
3559	6	18043655121310	none	3530	7f25049a	512	224	0	3530
3560	7	18043668271640	none	3531	7f25049a	512	224	0	3531
3561	0	18043685453160	none	3532	7f25049a	512	224	0	3532
3562	1	18043702698150	none	3533	7f25049a	512	224	0	3533
3563	2	18043719921830	none	3534	7f25049a	512	224	0	3534
3564	3	18043737136270	none	3535	7f25049a	512	224	0	3535
3565	4	18043754397760	none	3536	7f25049a	512	224	0	3536
3566	5	18043771645380	none	3537	7f25049a	512	224	0	3537
3567	6	18043784824350	none	3538	7f25049a	512	224	0	3538
3568	7	18043802072760	none	3539	7f25049a	512	224	0	3539
3569	0	18043819290200	none	3540	7f25049a	512	224	0	3540
3570	1	18043836478510	none	3541	7f25049a	512	224	0	3541
3571	2	18043853722450	none	3542	7f25049a	512	224	0	3542
3572	3	18043871012380	none	3543	7f25049a	512	224	0	3543
3573	4	18043888205290	none	3544	7f25049a	512	224	0	3544
3574	5	18043901352130	none	3545	7f25049a	512	224	0	3545
3575	6	18043918562600	none	3546	7f25049a	512	224	0	3546
3576	7	18043935783330	none	3547	7f25049a	512	224	0	3547
3577	0	18043952995390	none	3548	7f25049a	512	224	0	3548
3578	1	18043970198970	none	3549	7f25049a	512	224	0	3549
3579	2	18043987407050	none	3550	7f25049a	512	224	0	3550
3580	3	18044004660010	none	3551	7f25049a	512	224	0	3551
3581	4	18044017844430	none	3552	7f25049a	512	224	0	3552
3582	5	18044035103710	none	3553	7f25049a	512	224	0	3553
3583	6	18044052275640	none	3554	7f25049a	512	224	0	3554
3584	7	18044069627290	none	3555	7f25049a	512	224	0	3555
3585	0	18044086952510	none	3556	7f25049a	512	224	0	3556
3586	1	18044104126800	none	3557	7f25049a	512	224	0	3557
3587	2	18044121319630	none	3558	7f25049a	512	224	0	3558
3588	3	18044134528460	none	3559	7f25049a	512	224	0	3559
3589	4	18044151740370	none	3560	7f25049a	512	224	0	3560
3590	5	18044168951900	none	3561	7f25049a	512	224	0	3561
3591	6	18044186174630	none	3562	7f25049a	512	224	0	3562
3592	7	18044203414190	none	3563	7f25049a	512	224	0	3563
3593	0	18044220667820	none	3564	7f25049a	512	224	0	3564
3594	1	18044237958800	none	3565	7f25049a	512	224	0	3565
3595	2	18044251120550	none	3566	7f25049a	512	224	0	3566
3596	3	18044268308910	none	3567	7f25049a	512	224	0	3567
3597	4	18044285496230	none	3568	7f25049a	512	224	0	3568
3598	5	18044302749510	none	3569	7f25049a	512	224	0	3569
3599	6	18044320068600	none	3570	7f25049a	512	224	0	3570
3600	7	18044337327180	none	3571	7f25049a	512	224	0	3571
3601	0	18044350681070	none	3572	7f25049a	512	224	0	3572
3602	1	18044367956260	none	3573	7f25049a	512	224	0	3573
3603	2	18044385148370	none	3574	7f25049a	512	224	0	3574
3604	3	18044402334760	none	3575	7f25049a	512	224	0	3575
3605	4	18044419562940	none	3576	7f25049a	512	224	0	3576
3606	5	18044436789140	none	3577	7f25049a	512	224	0	3577
3607	6	18044454083940	none	3578	7f25049a	512	224	0	3578
3608	7	18044467239250	none	3579	7f25049a	512	224	0	3579
3609	0	18044484436590	none	3580	7f25049a	512	224	0	3580
3610	1	18044501693930	none	3581	7f25049a	512	224	0	3581
3611	2	18044518984630	none	3582	7f25049a	512	224	0	3582
3612	3	18044536177440	none	3583	7f25049a	512	224	0	3583
3613	4	18044553411490	none	3584	7f25049a	512	224	0	3584
3614	5	18044570663660	none	3585	7f25049a	512	224	0	3585
3615	6	18044583859480	none	3586	7f25049a	512	224	0	3586
3616	7	18044601054100	none	3587	7f25049a	512	224	0	3587
3617	0	18044618415450	none	3588	7f25049a	512	224	0	3588
3618	1	18044635688520	none	3589	7f25049a	512	224	0	3589
3619	2	18044652908410	none	3590	7f25049a	512	224	0	3590
3620	3	18044670102250	none	3591	7f25049a	512	224	0	3591
3621	4	18044687274940	none	3592	7f25049a	512	224	0	3592
3622	5	18044700418390	none	3593	7f25049a	512	224	0	3593
3623	6	18044717661880	none	3594	7f25049a	512	224	0	3594
3624	7	18044734871960	none	3595	7f25049a	512	224	0	3595
3625	0	18044752069540	none	3596	7f25049a	512	224	0	3596
3626	1	18044769271690	none	3597	7f25049a	512	224	0	3597
3627	2	18044786454230	none	3598	7f25049a	512	224	0	3598
3628	3	18044803691630	none	3599	7f25049a	512	224	0	3599
3629	4	18044816889120	none	-1	7f25049a	512	224	0	3600
3630	5	18044834110910	none	-1	7f25049a	512	224	0	3601
