core_frame	header_ctr	capture_ns	dup_reason	movie_frame	hash	width	height	segment	avi_frame
131	2	10516013009740	none	0	61605322	512	224	0	0
132	3	10516030311460	none	1	61605322	512	224	0	1
133	4	10516047589840	none	2	61605322	512	224	0	2
134	5	10516065210120	none	3	61605322	512	224	0	3
135	6	10516078399680	none	4	61605322	512	224	0	4
136	7	10516095627960	none	5	61605322	512	224	0	5
137	0	10516112840340	none	6	61605322	512	224	0	6
138	1	10516130089830	none	7	61605322	512	224	0	7
139	2	10516147294420	none	8	61605322	512	224	0	8
140	3	10516164659160	none	9	61605322	512	224	0	9
141	4	10516181951060	none	10	61605322	512	224	0	10
142	5	10516195114440	none	11	61605322	512	224	0	11
143	6	10516212295930	none	12	61605322	512	224	0	12
144	7	10516229481640	none	13	61605322	512	224	0	13
145	0	10516246735390	none	14	61605322	512	224	0	14
146	1	10516264020450	none	15	61605322	512	224	0	15
147	2	10516281251220	none	16	61605322	512	224	0	16
148	3	10516298430900	none	17	61605322	512	224	0	17
149	4	10516311587670	none	18	61605322	512	224	0	18
150	5	10516328831870	none	19	61605322	512	224	0	19
151	6	10516346024020	none	20	61605322	512	224	0	20
152	7	10516363372440	none	21	61605322	512	224	0	21
153	0	10516380594990	none	22	61605322	512	224	0	22
154	1	10516397844450	none	23	61605322	512	224	0	23
155	2	10516411036870	none	24	61605322	512	224	0	24
156	3	10516428234610	none	25	61605322	512	224	0	25
157	4	10516445415830	none	26	61605322	512	224	0	26
158	5	10516462634030	none	27	61605322	512	224	0	27
159	6	10516479889160	none	28	61605322	512	224	0	28
160	7	10516497110300	none	29	61605322	512	224	0	29
161	0	10516514312960	none	30	61605322	512	224	0	30
162	1	10516531505870	none	31	61605322	512	224	0	31
163	2	10516544690200	none	32	61605322	512	224	0	32
164	3	10516561915670	none	33	61605322	512	224	0	33
165	4	10516579121230	none	34	61605322	512	224	0	34
166	5	10516596335450	none	35	61605322	512	224	0	35
167	6	10516613565440	none	36	61605322	512	224	0	36
168	7	10516630783060	none	37	61605322	512	224	0	37
169	0	10516644042310	none	38	61605322	512	224	0	38
170	1	10516661254300	none	39	61605322	512	224	0	39
171	2	10516678457810	none	40	61605322	512	224	0	40
172	3	10516695679550	none	41	61605322	512	224	0	41
173	4	10516712983310	none	42	61605322	512	224	0	42
174	5	10516730203450	none	43	61605322	512	224	0	43
175	6	10516747388510	none	44	61605322	512	224	0	44
176	7	10516760569330	none	45	61605322	512	224	0	45
177	0	10516777788490	none	46	61605322	512	224	0	46
178	1	10516794980780	none	47	61605322	512	224	0	47
179	2	10516812330230	none	48	61605322	512	224	0	48
180	3	10516829523840	none	49	84937d82	512	224	0	49
181	4	10516846753180	none	50	84937d82	512	224	0	50
182	5	10516864105870	none	51	84937d82	512	224	0	51
183	6	10516877266940	none	52	84937d82	512	224	0	52
184	7	10516894432650	none	53	d2a8f4c6	512	224	0	53
185	0	10516911633980	none	54	d2a8f4c6	512	224	0	54
186	1	10516928944710	none	55	d2a8f4c6	512	224	0	55
187	2	10516946150440	none	56	d2a8f4c6	512	224	0	56
188	3	10516963334330	none	57	88c90b86	512	224	0	57
189	4	10516980533120	none	58	88c90b86	512	224	0	58
190	5	10516993712640	none	59	88c90b86	512	224	0	59
191	6	10517010915240	none	60	88c90b86	512	224	0	60
192	7	10517028134730	none	61	14b9fe14	512	224	0	61
193	0	10517045334270	none	62	14b9fe14	512	224	0	62
194	1	10517062525990	none	63	14b9fe14	512	224	0	63
195	2	10517079752350	none	64	14b9fe14	512	224	0	64
196	3	10517097070370	none	65	82b684ae	512	224	0	65
197	4	10517110250450	none	66	82b684ae	512	224	0	66
198	5	10517127471270	none	67	82b684ae	512	224	0	67
199	6	10517144901990	none	68	82b684ae	512	224	0	68
200	7	10517162147500	none	69	174f232b	512	224	0	69
201	0	10517179339530	none	70	174f232b	512	224	0	70
202	1	10517196536300	none	71	174f232b	512	224	0	71
203	2	10517209716540	none	72	174f232b	512	224	0	72
204	3	10517227052510	none	73	78fd699d	512	224	0	73
205	4	10517244281200	none	74	78fd699d	512	224	0	74
206	5	10517261597220	none	75	78fd699d	512	224	0	75
207	6	10517278934150	none	76	78fd699d	512	224	0	76
208	7	10517296144260	none	77	3c406d71	512	224	0	77
209	0	10517313340490	none	78	3c406d71	512	224	0	78
210	1	10517326626160	none	79	3c406d71	512	224	0	79
211	2	10517343893740	none	80	3c406d71	512	224	0	80
212	3	10517361110720	none	81	81429ffc	512	224	0	81
213	4	10517378311200	none	82	81429ffc	512	224	0	82
214	5	10517395589300	none	83	81429ffc	512	224	0	83
215	6	10517412847660	none	84	81429ffc	512	224	0	84
216	7	10517426199730	none	85	1e286893	512	224	0	85
217	0	10517443395510	none	86	1e286893	512	224	0	86
218	1	10517460739580	none	87	1e286893	512	224	0	87
219	2	10517477963630	none	88	1e286893	512	224	0	88
220	3	10517495178690	none	89	dbfe28f3	512	224	0	89
221	4	10517512362560	none	90	dbfe28f3	512	224	0	90
222	5	10517529539950	none	91	dbfe28f3	512	224	0	91
223	6	10517542732050	none	92	dbfe28f3	512	224	0	92
224	7	10517559934370	none	93	5de85842	512	224	0	93
225	0	10517577136970	none	94	5de85842	512	224	0	94
226	1	10517594331520	none	95	5de85842	512	224	0	95
227	2	10517611541950	none	96	5de85842	512	224	0	96
228	3	10517628759580	none	97	dad6b4f6	512	224	0	97
229	4	10517646113710	none	98	dad6b4f6	512	224	0	98
230	5	10517659268790	none	99	dad6b4f6	512	224	0	99
231	6	10517676481700	none	100	dad6b4f6	512	224	0	100
232	7	10517693741130	none	101	7726ab7b	512	224	0	101
233	0	10517711001790	none	102	7726ab7b	512	224	0	102
234	1	10517728211840	none	103	7726ab7b	512	224	0	103
235	2	10517745413720	none	104	7726ab7b	512	224	0	104
236	3	10517762623600	none	105	27d73488	512	224	0	105
237	4	10517775889060	none	106	27d73488	512	224	0	106
238	5	10517793101690	none	107	27d73488	512	224	0	107
239	6	10517810295390	none	108	27d73488	512	224	0	108
240	7	10517827483730	none	109	27d73488	512	224	0	109
241	0	10517844707310	none	110	27d73488	512	224	0	110
242	1	10517861972810	none	111	27d73488	512	224	0	111
243	2	10517875275990	none	112	27d73488	512	224	0	112
244	3	10517892504810	none	113	27d73488	512	224	0	113
245	4	10517909808200	none	114	27d73488	512	224	0	114
246	5	10517927139100	none	115	27d73488	512	224	0	115
247	6	10517944339900	none	116	27d73488	512	224	0	116
248	7	10517961524990	none	117	27d73488	512	224	0	117
249	0	10517978755080	none	118	27d73488	512	224	0	118
250	1	10517991938490	none	119	27d73488	512	224	0	119
251	2	10518009336260	none	120	27d73488	512	224	0	120
252	3	10518026523450	none	121	27d73488	512	224	0	121
253	4	10518043755710	none	122	27d73488	512	224	0	122
254	5	10518060968010	none	123	27d73488	512	224	0	123
255	6	10518078319980	none	124	27d73488	512	224	0	124
256	7	10518095507300	none	125	27d73488	512	224	0	125
257	0	10518108711660	none	126	27d73488	512	224	0	126
258	1	10518125959370	none	127	27d73488	512	224	0	127
259	2	10518143173090	none	128	27d73488	512	224	0	128
260	3	10518160355940	none	129	27d73488	512	224	0	129
261	4	10518177565180	none	130	27d73488	512	224	0	130
262	5	10518194847450	none	131	27d73488	512	224	0	131
263	6	10518212049320	none	132	27d73488	512	224	0	132
264	7	10518225226700	none	133	27d73488	512	224	0	133
265	0	10518242459610	none	134	27d73488	512	224	0	134
266	1	10518259705180	none	135	27d73488	512	224	0	135
267	2	10518276914690	none	136	27d73488	512	224	0	136
268	3	10518294117930	none	137	27d73488	512	224	0	137
269	4	10518311305140	none	138	27d73488	512	224	0	138
270	5	10518324585790	none	139	27d73488	512	224	0	139
271	6	10518341898490	none	140	27d73488	512	224	0	140
272	7	10518359167060	none	141	27d73488	512	224	0	141
273	0	10518376365230	none	142	27d73488	512	224	0	142
274	1	10518393563090	none	143	27d73488	512	224	0	143
275	2	10518410873140	none	144	27d73488	512	224	0	144
276	3	10518428082170	none	145	27d73488	512	224	0	145
277	4	10518441229330	none	146	27d73488	512	224	0	146
278	5	10518458534460	none	147	27d73488	512	224	0	147
279	6	10518475867070	none	148	27d73488	512	224	0	148
280	7	10518493104530	none	149	27d73488	512	224	0	149
281	0	10518510295620	none	150	27d73488	512	224	0	150
282	1	10518527619810	none	151	27d73488	512	224	0	151
283	2	10518540901410	none	152	27d73488	512	224	0	152
284	3	10518558144670	none	153	27d73488	512	224	0	153
285	4	10518575448650	none	154	27d73488	512	224	0	154
286	5	10518592707620	none	155	27d73488	512	224	0	155
287	6	10518609931590	none	156	27d73488	512	224	0	156
288	7	10518627296650	none	157	27d73488	512	224	0	157
289	0	10518644514360	none	158	27d73488	512	224	0	158
290	1	10518657705530	none	159	27d73488	512	224	0	159
291	2	10518674948220	none	160	27d73488	512	224	0	160
292	3	10518692256720	none	161	27d73488	512	224	0	161
293	4	10518709492380	none	162	27d73488	512	224	0	162
294	5	10518726735960	none	163	27d73488	512	224	0	163
295	6	10518743958090	none	164	27d73488	512	224	0	164
296	7	10518757155530	none	165	27d73488	512	224	0	165
297	0	10518774335160	none	166	27d73488	512	224	0	166
298	1	10518791522750	none	167	27d73488	512	224	0	167
299	2	10518808789690	none	168	27d73488	512	224	0	168
300	3	10518826173920	none	169	27d73488	512	224	0	169
301	4	10518843364920	none	170	27d73488	512	224	0	170
302	5	10518860564200	none	171	27d73488	512	224	0	171
303	6	10518873766070	none	172	27d73488	512	224	0	172
304	7	10518890963070	none	173	27d73488	512	224	0	173
305	0	10518908152210	none	174	27d73488	512	224	0	174
306	1	10518925420310	none	175	27d73488	512	224	0	175
307	2	10518942683620	none	176	27d73488	512	224	0	176
308	3	10518959907160	none	177	27d73488	512	224	0	177
309	4	10518977141630	none	178	27d73488	512	224	0	178
310	5	10518990414570	none	179	27d73488	512	224	0	179
311	6	10519007642710	none	180	27d73488	512	224	0	180
312	7	10519024851620	none	181	27d73488	512	224	0	181
313	0	10519042122680	none	182	27d73488	512	224	0	182
314	1	10519059348960	none	183	27d73488	512	224	0	183
315	2	10519076754510	none	184	27d73488	512	224	0	184
316	3	10519093977280	none	185	27d73488	512	224	0	185
317	4	10519107173010	none	186	27d73488	512	224	0	186
318	5	10519124347770	none	187	27d73488	512	224	0	187
319	6	10519141547210	none	188	27d73488	512	224	0	188
320	7	10519158918180	none	189	27d73488	512	224	0	189
321	0	10519176153600	none	190	27d73488	512	224	0	190
322	1	10519193359870	none	191	27d73488	512	224	0	191
323	2	10519206533270	none	192	27d73488	512	224	0	192
324	3	10519223732980	none	193	27d73488	512	224	0	193
325	4	10519241072380	none	194	27d73488	512	224	0	194
326	5	10519258451600	none	195	27d73488	512	224	0	195
327	6	10519275831890	none	196	27d73488	512	224	0	196
328	7	10519293066600	none	197	27d73488	512	224	0	197
329	0	10519310263520	none	198	9b56ebbe	512	224	0	198
330	1	10519323399470	none	199	e66b81fe	512	224	0	199
331	2	10519340601060	none	200	254217e2	512	224	0	200
332	3	10519357819600	none	201	476df00a	512	224	0	201
333	4	10519375239240	none	202	1e39acea	512	224	0	202
334	5	10519392464800	none	203	bb853730	512	224	0	203
335	6	10519409696670	none	204	91bdb418	512	224	0	204
336	7	10519422968450	none	205	34211630	512	224	0	205
337	0	10519440187200	none	206	0cf9c7fd	512	224	0	206
338	1	10519457354990	none	207	b282a678	512	224	0	207
339	2	10519474547510	none	208	10795580	512	224	0	208
340	3	10519491839710	none	209	059f1b9f	512	224	0	209
341	4	10519509103690	none	210	3e3e35b5	512	224	0	210
342	5	10519526323960	none	211	baaf3454	512	224	0	211
343	6	10519539524900	none	212	edfc96c5	512	224	0	212
344	7	10519556782880	none	213	708d0d43	512	224	0	213
345	0	10519574146010	none	214	3c90ca33	512	224	0	214
346	1	10519591329910	none	215	9205f83e	512	224	0	215
347	2	10519608588030	none	216	1a53cd3b	512	224	0	216
348	3	10519625966470	none	217	37519dea	512	224	0	217
349	4	10519639154430	none	218	644da954	512	224	0	218
350	5	10519656317560	none	219	32b734a8	512	224	0	219
351	6	10519673500920	none	220	e83fb075	512	224	0	220
352	7	10519690739640	none	221	a73f399c	512	224	0	221
353	0	10519707970620	none	222	4b11264f	512	224	0	222
354	1	10519725653310	none	223	8ecaae51	512	224	0	223
355	2	10519738988630	none	224	211d33cb	512	224	0	224
356	3	10519756234350	none	225	36fceb97	512	224	0	225
357	4	10519773425980	none	226	ac006762	512	224	0	226
358	5	10519790684920	none	227	dd51bcae	512	224	0	227
359	6	10519807916080	none	228	b96c271b	512	224	0	228
360	7	10519825235380	none	229	b46362be	512	224	0	229
361	0	10519842485390	none	230	f47aed83	512	224	0	230
362	1	10519855720090	none	231	99fb7950	512	224	0	231
363	2	10519872921320	none	232	60344848	512	224	0	232
364	3	10519890133570	none	233	19c77089	512	224	0	233
365	4	10519907343940	none	234	dce044fa	512	224	0	234
366	5	10519924574650	none	235	6db6ed6c	512	224	0	235
367	6	10519941863310	none	236	fd483eb4	512	224	0	236
368	7	10519959117400	none	237	dc72a631	512	224	0	237
369	0	10519972273490	none	238	649ec888	512	224	0	238
370	1	10519989499210	none	239	79c7d591	512	224	0	239
371	2	10520006746740	none	240	53aa66bb	512	224	0	240
372	3	10520024006370	none	241	a92934dc	512	224	0	241
373	4	10520041214620	none	242	8714df60	512	224	0	242
374	5	10520058534100	none	243	d8b46958	512	224	0	243
375	6	10520071789050	none	244	b94c962a	512	224	0	244
376	7	10520089168910	none	245	53278c57	512	224	0	245
377	0	10520106353550	none	246	57e4e369	512	224	0	246
378	1	10520123702290	none	247	00cc534f	512	224	0	247
379	2	10520140951410	none	248	6c9cb59c	512	224	0	248
380	3	10520158136640	none	249	63c69304	512	224	0	249
381	4	10520175454030	none	250	586bd98a	512	224	0	250
382	5	10520188682680	none	251	dabdc508	512	224	0	251
383	6	10520205890290	none	252	e9f3ffba	512	224	0	252
384	7	10520223261830	none	253	6465bf6b	512	224	0	253
385	0	10520240464180	none	254	c167e8f6	512	224	0	254
386	1	10520257680480	none	255	297f7af3	512	224	0	255
387	2	10520274901940	none	256	bd89689a	512	224	0	256
388	3	10520288299420	none	257	083f3ff3	512	224	0	257
389	4	10520305478890	none	258	ae6ed723	512	224	0	258
390	5	10520322799830	none	259	9b342b30	512	224	0	259
391	6	10520340073130	none	260	60f60266	512	224	0	260
392	7	10520357276940	none	261	de38b1ad	512	224	0	261
393	0	10520374488320	none	262	4b50e868	512	224	0	262
394	1	10520391702400	none	263	232c25d3	512	224	0	263
395	2	10520404928620	none	264	dfc6db26	512	224	0	264
396	3	10520422286430	none	265	2f8dd9d0	512	224	0	265
397	4	10520439546700	none	266	5133d1d4	512	224	0	266
398	5	10520456787920	none	267	bc2eff83	512	224	0	267
399	6	10520474008060	none	268	b679989d	512	224	0	268
400	7	10520491222430	none	269	661268de	512	224	0	269
401	0	10520504419060	none	270	de998672	512	224	0	270
402	1	10520521649790	none	271	4ec96d85	512	224	0	271
403	2	10520538893410	none	272	53f65178	512	224	0	272
404	3	10520556117090	none	273	ab738bd5	512	224	0	273
405	4	10520573328780	none	274	98fce78b	512	224	0	274
406	5	10520590548230	none	275	da800b69	512	224	0	275
407	6	10520607790470	none	276	604a8b72	512	224	0	276
408	7	10520620997000	none	277	ba86061b	512	224	0	277
409	0	10520638215880	none	278	164fa35a	512	224	0	278
410	1	10520655388950	none	279	959b9cc0	512	224	0	279
411	2	10520672622980	none	280	ec39f7e8	512	224	0	280
412	3	10520689864610	none	281	d1c37998	512	224	0	281
413	4	10520707102820	none	282	e669dd46	512	224	0	282
414	5	10520724363780	none	283	e669dd46	512	224	0	283
415	6	10520737634380	none	284	6b24f88f	512	224	0	284
416	7	10520754900280	none	285	6b790b3a	512	224	0	285
417	0	10520772122850	none	286	a7960ff7	512	224	0	286
418	1	10520789320800	none	287	7f9a482e	512	224	0	287
419	2	10520806518200	none	288	80f154d4	512	224	0	288
420	3	10520823735370	none	289	20060b32	512	224	0	289
421	4	10520840946460	none	290	1612365b	512	224	0	290
422	5	10520854129090	none	291	bfef69e2	512	224	0	291
423	6	10520871494460	none	292	91bd826b	512	224	0	292
424	7	10520888755580	none	293	e00e219f	512	224	0	293
425	0	10520905996850	none	294	4fc92830	512	224	0	294
426	1	10520923217480	none	295	766ff48f	512	224	0	295
427	2	10520940415260	none	296	b56d0bcd	512	224	0	296
428	3	10520953608840	none	297	79227b67	512	224	0	297
429	4	10520970815990	none	298	5beee830	512	224	0	298
430	5	10520988035860	none	299	ef62d957	512	224	0	299
431	6	10521005242350	none	300	4e4e8353	512	224	0	300
432	7	10521022455520	none	301	211542a0	512	224	0	301
433	0	10521039690130	none	302	1dbdac4b	512	224	0	302
434	1	10521056936660	none	303	5d203945	512	224	0	303
435	2	10521070119340	none	304	a67c93f5	512	224	0	304
436	3	10521087307000	none	305	8649e1d7	512	224	0	305
437	4	10521104501420	none	306	7e3e0894	512	224	0	306
438	5	10521121836160	none	307	dfa368a5	512	224	0	307
439	6	10521139091570	none	308	a4b09f24	512	224	0	308
440	7	10521156384330	none	309	9afb99b5	512	224	0	309
441	0	10521173631020	none	310	8896cf77	512	224	0	310
442	1	10521186971410	none	311	a32fae2a	512	224	0	311
443	2	10521204191610	none	312	b73a4d1d	512	224	0	312
444	3	10521221393090	none	313	b634bd43	512	224	0	313
445	4	10521238640350	none	314	0ef0933b	512	224	0	314
446	5	10521255861850	none	315	1d6feea6	512	224	0	315
447	6	10521273094680	none	316	dcb12570	512	224	0	316
448	7	10521286475110	none	317	ede27ced	512	224	0	317
449	0	10521303691290	none	318	1c3c2216	512	224	0	318
450	1	10521320978060	none	319	33f90352	512	224	0	319
451	2	10521338194140	none	320	ad0774cd	512	224	0	320
452	3	10521355374740	none	321	1e2599c8	512	224	0	321
453	4	10521372601870	none	322	e2969aae	512	224	0	322
454	5	10521389924090	none	323	3c52fc39	512	224	0	323
455	6	10521403116870	none	324	0294f6bd	512	224	0	324
456	7	10521420375760	none	325	12481b20	512	224	0	325
457	0	10521437641680	none	326	4560e890	512	224	0	326
458	1	10521454891470	none	327	a8be7341	512	224	0	327
459	2	10521472123760	none	328	e6c04506	512	224	0	328
460	3	10521489473530	none	329	c6375d13	512	224	0	329
461	4	10521502664080	none	330	9942adfb	512	224	0	330
462	5	10521520022450	none	331	701bfe82	512	224	0	331
463	6	10521537208840	none	332	6b11d532	512	224	0	332
464	7	10521554571150	none	333	6036c3d5	512	224	0	333
465	0	10521571812950	none	334	927ad036	512	224	0	334
466	1	10521589193140	none	335	2feb48d9	512	224	0	335
467	2	10521606371030	none	336	1796e4f8	512	224	0	336
468	3	10521619558890	none	337	11a631b3	512	224	0	337
469	4	10521636932380	none	338	f0613a41	512	224	0	338
470	5	10521654217780	none	339	3f966e1f	512	224	0	339
471	6	10521671431060	none	340	665f88ee	512	224	0	340
472	7	10521688687660	none	341	5d8c175c	512	224	0	341
473	0	10521706017010	none	342	e1ee27f8	512	224	0	342
474	1	10521719179070	none	343	87b72cbc	512	224	0	343
475	2	10521736400730	none	344	1035b735	512	224	0	344
476	3	10521753617540	none	345	e8aa50d9	512	224	0	345
477	4	10521770833520	none	346	c4fb8bd7	512	224	0	346
478	5	10521788204370	none	347	55578a02	512	224	0	347
479	6	10521805394550	none	348	eeb6401d	512	224	0	348
480	7	10521822640200	none	349	0eae3f3d	512	224	0	349
481	0	10521835961940	none	350	8d68d239	512	224	0	350
482	1	10521853172380	none	351	f075df17	512	224	0	351
483	2	10521870345190	none	352	1240a5dc	512	224	0	352
484	3	10521887555920	none	353	78114bfd	512	224	0	353
485	4	10521904791080	none	354	9d0829bd	512	224	0	354
486	5	10521922065530	none	355	f7fedfd0	512	224	0	355
487	6	10521939295290	none	356	729aa537	512	224	0	356
488	7	10521952504540	none	357	aba161ed	512	224	0	357
489	0	10521969793110	none	358	e7ccab22	512	224	0	358
490	1	10521987025420	none	359	ca20a8df	512	224	0	359
491	2	10522004251870	none	360	a9e79cdf	512	224	0	360
492	3	10522021449780	none	361	91630734	512	224	0	361
493	4	10522038786160	none	362	219810a5	512	224	0	362
494	5	10522051963390	none	363	4c0423f4	512	224	0	363
495	6	10522069190410	none	364	bc06e2bb	512	224	0	364
496	7	10522086366400	none	365	8c617358	512	224	0	365
497	0	10522103680030	none	366	533d7042	512	224	0	366
498	1	10522121018650	none	367	dab76fa9	512	224	0	367
499	2	10522138214520	none	368	4a8c32a2	512	224	0	368
500	3	10522155397710	none	369	d0a4fa73	512	224	0	369
501	4	10522168603980	none	370	b2eeb228	512	224	0	370
502	5	10522185858440	none	371	a395f01f	512	224	0	371
503	6	10522203131270	none	372	55ebb103	512	224	0	372
504	7	10522220397210	none	373	21097611	512	224	0	373
505	0	10522237777150	none	374	7f2372a5	512	224	0	374
506	1	10522255015120	none	375	27e06a28	512	224	0	375
507	2	10522268157840	none	376	d729be6c	512	224	0	376
508	3	10522285326130	none	377	332fa1b4	512	224	0	377
509	4	10522302549010	none	378	d0350191	512	224	0	378
510	5	10522319778190	none	379	667552f4	512	224	0	379
511	6	10522337222750	none	380	bb1f980f	512	224	0	380
512	7	10522354438040	none	381	c5c788eb	512	224	0	381
513	0	10522371664640	none	382	3c4fa324	512	224	0	382
514	1	10522384951790	none	383	adb7b66a	512	224	0	383
515	2	10522402166030	none	384	d9a81f00	512	224	0	384
516	3	10522419340250	none	385	7f9b4316	512	224	0	385
517	4	10522436557050	none	386	d0d543d1	512	224	0	386
518	5	10522453916690	none	387	582ad336	512	224	0	387
519	6	10522471154660	none	388	245f86c2	512	224	0	388
520	7	10522488383120	none	389	6e6f2b1e	512	224	0	389
521	0	10522501609600	none	390	29790651	512	224	0	390
522	1	10522518871240	none	391	306a3356	512	224	0	391
523	2	10522536249040	none	392	653fa602	512	224	0	392
524	3	10522553570740	none	393	2f516597	512	224	0	393
525	4	10522570819550	none	394	14a311fd	512	224	0	394
526	5	10522588031720	none	395	ea5a091e	512	224	0	395
527	6	10522601186890	none	396	469f6758	512	224	0	396
528	7	10522618368520	none	397	6896fa58	512	224	0	397
529	0	10522635588850	none	398	1955ad31	512	224	0	398
530	1	10522652835220	none	399	bad6aa5d	512	224	0	399
531	2	10522670095970	none	400	7abedaa4	512	224	0	400
532	3	10522687299440	none	401	35e91caf	512	224	0	401
533	4	10522704489790	none	402	415de607	512	224	0	402
534	5	10522717745900	none	403	1e1ea78a	512	224	0	403
535	6	10522735052450	none	404	988a27a9	512	224	0	404
536	7	10522752287690	none	405	3befcb55	512	224	0	405
537	0	10522769599550	none	406	f6d7f426	512	224	0	406
538	1	10522786948410	none	407	1f1e9980	512	224	0	407
539	2	10522804182310	none	408	d2f1ac4e	512	224	0	408
540	3	10522817381070	none	409	12b8b032	512	224	0	409
541	4	10522834613300	none	410	757b8572	512	224	0	410
542	5	10522851818800	none	411	f477e597	512	224	0	411
543	6	10522869113450	none	412	cb571002	512	224	0	412
544	7	10522886317940	none	413	28668087	512	224	0	413
545	0	10522903534140	none	414	14c6ef18	512	224	0	414
546	1	10522920777240	none	415	04191e8c	512	224	0	415
547	2	10522933933530	none	416	a7d22077	512	224	0	416
548	3	10522951136900	none	417	35bc8fd1	512	224	0	417
549	4	10522968321610	none	418	be617b6a	512	224	0	418
550	5	10522985807090	none	419	f2ad21b0	512	224	0	419
551	6	10523003062630	none	420	4a61a6a9	512	224	0	420
552	7	10523020316590	none	421	dd5c0a85	512	224	0	421
553	0	10523033548170	none	422	6398f23b	512	224	0	422
554	1	10523050782820	none	423	30021eca	512	224	0	423
555	2	10523067992920	none	424	a7f6437d	512	224	0	424
556	3	10523085333280	none	425	450bb7be	512	224	0	425
557	4	10523102560200	none	426	bf086466	512	224	0	426
558	5	10523119782580	none	427	8570aee9	512	224	0	427
559	6	10523137032770	none	428	957b7d1a	512	224	0	428
560	7	10523150188790	none	429	67e02f00	512	224	0	429
561	0	10523167359840	none	430	16dbf0ff	512	224	0	430
562	1	10523184586740	none	431	55d7d924	512	224	0	431
563	2	10523201927780	none	432	b072afb0	512	224	0	432
564	3	10523219155530	none	433	0667408d	512	224	0	433
565	4	10523236342710	none	434	f3d844ea	512	224	0	434
566	5	10523253588270	none	435	56a3ea83	512	224	0	435
567	6	10523266789850	none	436	ed0883ce	512	224	0	436
568	7	10523284211830	none	437	ac512158	512	224	0	437
569	0	10523301446050	none	438	36ef9b97	512	224	0	438
570	1	10523318683150	none	439	636cda64	512	224	0	439
571	2	10523336020560	none	440	53db84a7	512	224	0	440
572	3	10523353219300	none	441	6b9b6038	512	224	0	441
573	4	10523366392460	none	442	42ec1d44	512	224	0	442
574	5	10523383666010	none	443	c08e0572	512	224	0	443
575	6	10523400876370	none	444	fb1502d4	512	224	0	444
576	7	10523418094920	none	445	b563d27d	512	224	0	445
577	0	10523435313760	none	446	3c1a5bcb	512	224	0	446
578	1	10523452523200	none	447	5e539b90	512	224	0	447
579	2	10523469747570	none	448	9f3ec8ff	512	224	0	448
580	3	10523482932360	none	449	fd4e8f0c	512	224	0	449
581	4	10523500130270	none	450	aa85b9e3	512	224	0	450
582	5	10523517351140	none	451	6251e01a	512	224	0	451
583	6	10523534808880	none	452	5e28a336	512	224	0	452
584	7	10523552053600	none	453	54478910	512	224	0	453
585	0	10523569254040	none	454	14499750	512	224	0	454
586	1	10523586466580	none	455	f9d9dced	512	224	0	455
587	2	10523599757060	none	456	31bd529a	512	224	0	456
588	3	10523617015230	none	457	9be4bc62	512	224	0	457
589	4	10523634235030	none	458	89a8ce03	512	224	0	458
590	5	10523651425700	none	459	983c487e	512	224	0	459
591	6	10523668647770	none	460	0a60c846	512	224	0	460
592	7	10523685853630	none	461	e1484dbc	512	224	0	461
593	0	10523699186000	none	462	edd2538e	512	224	0	462
594	1	10523716373700	none	463	ad043c34	512	224	0	463
595	2	10523733694260	none	464	50833237	512	224	0	464
596	3	10523750952750	none	465	5edcc4b6	512	224	0	465
597	4	10523768183200	none	466	197bfacc	512	224	0	466
598	5	10523785413660	none	467	473851e3	512	224	0	467
599	6	10523802679200	none	468	dd89c4c8	512	224	0	468
600	7	10523815899640	none	469	6f5c3145	512	224	0	469
601	0	10523833344300	none	470	ba02cb3c	512	224	0	470
602	1	10523850599140	none	471	0cff9fd5	512	224	0	471
603	2	10523867792730	none	472	7d56ad6f	512	224	0	472
604	3	10523885019220	none	473	e259c8fa	512	224	0	473
605	4	10523902203070	none	474	050e47ce	512	224	0	474
606	5	10523915372470	none	475	f57462b1	512	224	0	475
607	6	10523932590720	none	476	d71d87bb	512	224	0	476
608	7	10523949799450	none	477	4c7bbb5f	512	224	0	477
609	0	10523967050320	none	478	92e1699c	512	224	0	478
610	1	10523984247220	none	479	9a2b32ac	512	224	0	479
611	2	10524001441930	none	480	f7cf26fe	512	224	0	480
612	3	10524018680170	none	481	9b615189	512	224	0	481
613	4	10524031851590	none	482	52c4b102	512	224	0	482
614	5	10524049135450	none	483	760502ea	512	224	0	483
615	6	10524066332440	none	484	4d5de3bb	512	224	0	484
616	7	10524083562480	none	485	02b83be3	512	224	0	485
617	0	10524100809170	none	486	1ad78e40	512	224	0	486
618	1	10524118167010	none	487	42749649	512	224	0	487
619	2	10524135431550	none	488	e000f15b	512	224	0	488
620	3	10524148731520	none	489	5ab3c347	512	224	0	489
621	4	10524165977610	none	490	3ab039c8	512	224	0	490
622	5	10524183164960	none	491	1d3c5598	512	224	0	491
623	6	10524200382790	none	492	9488b217	512	224	0	492
624	7	10524217619020	none	493	34100863	512	224	0	493
625	0	10524234886360	none	494	63485ba8	512	224	0	494
626	1	10524248225430	none	495	8f20f7a4	512	224	0	495
627	2	10524265415020	none	496	72569b87	512	224	0	496
628	3	10524282728810	none	497	87cc457b	512	224	0	497
629	4	10524299967250	none	498	7761de86	512	224	0	498
630	5	10524317306420	none	499	ca7c1a5f	512	224	0	499
631	6	10524334576150	none	500	ce1dfc50	512	224	0	500
632	7	10524348029910	none	501	ec9936f4	512	224	0	501
633	0	10524365392410	none	502	4d83dcd6	512	224	0	502
634	1	10524382628480	none	503	5828c2c8	512	224	0	503
635	2	10524399825480	none	504	310b2d39	512	224	0	504
636	3	10524417126520	none	505	5bd0dbb1	512	224	0	505
637	4	10524434293280	none	506	8d1bbd7a	512	224	0	506
638	5	10524451632760	none	507	e672575e	512	224	0	507
639	6	10524464917820	none	508	f051401b	512	224	0	508
640	7	10524482145410	none	509	02337b3c	512	224	0	509
641	0	10524499339740	none	510	2933bbdb	512	224	0	510
642	1	10524516576950	none	511	f49753b1	512	224	0	511
643	2	10524533781910	none	512	a16a3557	512	224	0	512
644	3	10524551200630	none	513	557e8150	512	224	0	513
645	4	10524564366180	none	514	d5bf8a2f	512	224	0	514
646	5	10524581739140	none	515	df7d2d76	512	224	0	515
647	6	10524599003190	none	516	af6ea51f	512	224	0	516
648	7	10524616273480	none	517	e9d8d5d4	512	224	0	517
649	0	10524633479410	none	518	2fdde133	512	224	0	518
650	1	10524650749910	none	519	264589d9	512	224	0	519
651	2	10524667977690	none	520	068ffadd	512	224	0	520
652	3	10524681122350	none	521	15e1eac2	512	224	0	521
653	4	10524698330630	none	522	8a44c1f0	512	224	0	522
654	5	10524715551320	none	523	212d8aed	512	224	0	523
655	6	10524732785240	none	524	be5b6a25	512	224	0	524
656	7	10524750261470	none	525	5d529da5	512	224	0	525
657	0	10524767821260	none	526	54c3e65e	512	224	0	526
658	1	10524781212450	none	527	6800f25e	512	224	0	527
659	2	10524798414400	none	528	117aa3ea	512	224	0	528
660	3	10524815638600	none	529	4cb8ba27	512	224	0	529
661	4	10524832859390	none	530	5eec903b	512	224	0	530
662	5	10524850273290	none	531	bfd9b019	512	224	0	531
663	6	10524867531600	none	532	ac23f2e2	512	224	0	532
664	7	10524880733720	none	533	7fcf752a	512	224	0	533
665	0	10524898020140	none	534	b19158b1	512	224	0	534
666	1	10524915230950	none	535	a87d882e	512	224	0	535
667	2	10524932461910	none	536	e7ccd902	512	224	0	536
668	3	10524949677890	none	537	9e784fec	512	224	0	537
669	4	10524966890730	none	538	8644e73e	512	224	0	538
670	5	10524984121180	none	539	a118674c	512	224	0	539
671	6	10524997289460	none	540	2caa87e5	512	224	0	540
672	7	10525014488180	none	541	e0fe05af	512	224	0	541
673	0	10525031706210	none	542	e39e5b21	512	224	0	542
674	1	10525048917640	none	543	6cf8c047	512	224	0	543
675	2	10525066171630	none	544	1508e39f	512	224	0	544
676	3	10525083353320	none	545	9d77d5a0	512	224	0	545
677	4	10525100590490	none	546	0653830c	512	224	0	546
678	5	10525113781000	none	547	38f23121	512	224	0	547
679	6	10525131057150	none	548	65f7717c	512	224	0	548
680	7	10525148339800	none	549	a9b4bf77	512	224	0	549
681	0	10525165694800	none	550	2d0bb6e2	512	224	0	550
682	1	10525182963890	none	551	62c4067d	512	224	0	551
683	2	10525200180660	none	552	96eeb4d0	512	224	0	552
684	3	10525213328510	none	553	7b9983ca	512	224	0	553
685	4	10525230541340	none	554	5bcf7aa3	512	224	0	554
686	5	10525247747620	none	555	a5a2affb	512	224	0	555
687	6	10525265102560	none	556	9141cc29	512	224	0	556
688	7	10525282323060	none	557	9c4c53e8	512	224	0	557
689	0	10525299662500	none	558	81ff1eba	512	224	0	558
690	1	10525316958570	none	559	3bd1a8d7	512	224	0	559
691	2	10525330118630	none	560	ff8a7f3d	512	224	0	560
692	3	10525347307480	none	561	e1817e50	512	224	0	561
693	4	10525364546370	none	562	2821da46	512	224	0	562
694	5	10525381878490	none	563	3d950be7	512	224	0	563
695	6	10525399291810	none	564	f79a6b78	512	224	0	564
696	7	10525416510510	none	565	db7e9312	512	224	0	565
697	0	10525429686500	none	566	713de713	512	224	0	566
698	1	10525446889010	none	567	e677fe75	512	224	0	567
699	2	10525464126380	none	568	d89a3dc8	512	224	0	568
700	3	10525481343080	none	569	9ee6ad6e	512	224	0	569
701	4	10525498689380	none	570	4f09abb3	512	224	0	570
702	5	10525515955970	none	571	d5bcfd2a	512	224	0	571
703	6	10525533161820	none	572	4a0cc1eb	512	224	0	572
704	7	10525546315580	none	573	201573fd	512	224	0	573
705	0	10525563528400	none	574	0067ab8a	512	224	0	574
706	1	10525580735140	none	575	d9b95c18	512	224	0	575
707	2	10525597952980	none	576	5234f4cd	512	224	0	576
708	3	10525615139350	none	577	9fd3177f	512	224	0	577
709	4	10525632328090	none	578	e8f97d7f	512	224	0	578
710	5	10525649569900	none	579	c7e77c14	512	224	0	579
711	6	10525662757300	none	580	4705977a	512	224	0	580
712	7	10525680059600	none	581	fbd73a78	512	224	0	581
713	0	10525697258920	none	582	3cdcf30a	512	224	0	582
714	1	10525714454260	none	583	0c3c0f4c	512	224	0	583
715	2	10525731667570	none	584	42e01b1f	512	224	0	584
716	3	10525748986140	none	585	b7fe9147	512	224	0	585
717	4	10525766188550	none	586	ddc4143f	512	224	0	586
718	5	10525779346940	none	587	81bb6229	512	224	0	587
719	6	10525796575000	none	588	e0b69263	512	224	0	588
720	7	10525813801760	none	589	d762bcf7	512	224	0	589
721	0	10525830998710	none	590	02d18bcd	512	224	0	590
722	1	10525848199600	none	591	dd210b4d	512	224	0	591
723	2	10525865408540	none	592	e9c64002	512	224	0	592
724	3	10525882633600	none	593	5b301929	512	224	0	593
725	4	10525895798070	none	594	fb65bdff	512	224	0	594
726	5	10525913229440	none	595	3d6393c4	512	224	0	595
727	6	10525930442090	none	596	679a0207	512	224	0	596
728	7	10525947769200	none	597	1fa7afc4	512	224	0	597
729	0	10525964983080	none	598	dd896c05	512	224	0	598
730	1	10525982212880	none	599	9ef54a56	512	224	0	599
731	2	10525995394330	none	600	f2531a4a	512	224	0	600
732	3	10526012616960	none	601	1cc737e1	512	224	0	601
733	4	10526029828250	none	602	12b5e930	512	224	0	602
734	5	10526047214490	none	603	dc30616a	512	224	0	603
735	6	10526064438130	none	604	098e4dd7	512	224	0	604
736	7	10526081670400	none	605	8b7ddc1c	512	224	0	605
737	0	10526099016490	none	606	64e6a0dd	512	224	0	606
738	1	10526112162780	none	607	0dd2ec4a	512	224	0	607
739	2	10526129344960	none	608	618964d2	512	224	0	608
740	3	10526146582200	none	609	73fa246b	512	224	0	609
741	4	10526163787710	none	610	2b67d8bc	512	224	0	610
742	5	10526181058200	none	611	0ecc5a73	512	224	0	611
743	6	10526198299110	none	612	3299dd1a	512	224	0	612
744	7	10526215543290	none	613	8500a005	512	224	0	613
745	0	10526228755210	none	614	5acca975	512	224	0	614
746	1	10526246181710	none	615	64147a7f	512	224	0	615
747	2	10526263380680	none	616	269e27ad	512	224	0	616
748	3	10526280605370	none	617	f22424cf	512	224	0	617
749	4	10526297835070	none	618	f675756d	512	224	0	618
750	5	10526315050400	none	619	4a6766a2	512	224	0	619
751	6	10526328191960	none	620	e0df1191	512	224	0	620
752	7	10526345409540	none	621	34f4527f	512	224	0	621
753	0	10526362647390	none	622	c4f9e752	512	224	0	622
754	1	10526379898640	none	623	b26ec6ba	512	224	0	623
755	2	10526397122920	none	624	ff158527	512	224	0	624
756	3	10526414330330	none	625	abea506f	512	224	0	625
757	4	10526431547140	none	626	c214b213	512	224	0	626
758	5	10526444742590	none	627	0806d39a	512	224	0	627
759	6	10526462147640	none	628	c056223a	512	224	0	628
760	7	10526479471690	none	629	38697476	512	224	0	629
761	0	10526496868050	none	630	4224a802	512	224	0	630
762	1	10526514112680	none	631	e61ac222	512	224	0	631
763	2	10526531346660	none	632	3b7e146e	512	224	0	632
764	3	10526544539450	none	633	d14016ed	512	224	0	633
765	4	10526561745200	none	634	233a32d6	512	224	0	634
766	5	10526579035010	none	635	ac6b677a	512	224	0	635
767	6	10526596236090	none	636	3f4d6e96	512	224	0	636
768	7	10526613466070	none	637	b37a1c37	512	224	0	637
769	0	10526630702240	none	638	28a637b1	512	224	0	638
770	1	10526647903310	none	639	699c2953	512	224	0	639
771	2	10526661252720	none	640	4c4a8ff4	512	224	0	640
772	3	10526678456870	none	641	7ad54569	512	224	0	641
773	4	10526695817560	none	642	e7186194	512	224	0	642
774	5	10526713082390	none	643	c0fe1ec6	512	224	0	643
775	6	10526730325700	none	644	c62d92e3	512	224	0	644
776	7	10526747642420	none	645	247dbfa2	512	224	0	645
777	0	10526760996550	none	646	6728fe16	512	224	0	646
778	1	10526778184060	none	647	a692d61e	512	224	0	647
779	2	10526795610240	none	648	3309f5d1	512	224	0	648
780	3	10526812997980	none	649	f2c8d5a0	512	224	0	649
781	4	10526830184300	none	650	f2c8d5a0	512	224	0	650
782	5	10526847377750	none	651	f2c8d5a0	512	224	0	651
783	6	10526860588310	none	652	f2c8d5a0	512	224	0	652
784	7	10526877812360	none	653	61605322	512	224	0	653
785	0	10526895202680	none	654	61605322	512	224	0	654
786	1	10526912398280	none	655	61605322	512	224	0	655
787	2	10526929642980	none	656	61605322	512	224	0	656
788	3	10526946873530	none	657	61605322	512	224	0	657
789	4	10526964221260	none	658	61605322	512	224	0	658
790	5	10526977407910	none	659	61605322	512	224	0	659
791	6	10526994795210	none	660	61605322	512	224	0	660
792	7	10527012110460	none	661	61605322	512	224	0	661
793	0	10527029323460	none	662	61605322	512	224	0	662
794	1	10527046552760	none	663	61605322	512	224	0	663
795	2	10527063756520	none	664	61605322	512	224	0	664
796	3	10527076948680	none	665	61605322	512	224	0	665
797	4	10527094289200	none	666	61605322	512	224	0	666
798	5	10527111532750	none	667	61605322	512	224	0	667
799	6	10527128761160	none	668	61605322	512	224	0	668
800	7	10527146018880	none	669	61605322	512	224	0	669
801	0	10527163211230	none	670	61605322	512	224	0	670
802	1	10527180472670	none	671	61605322	512	224	0	671
803	2	10527193653450	none	672	61605322	512	224	0	672
804	3	10527210860030	none	673	61605322	512	224	0	673
805	4	10527228079200	none	674	f1335b54	512	224	0	674
806	5	10527245304340	none	675	f1335b54	512	224	0	675
807	6	10527262529150	none	676	f1335b54	512	224	0	676
808	7	10527279733480	none	677	f1335b54	512	224	0	677
809	0	10527296959480	none	678	e95dd9ff	512	224	0	678
810	1	10527310104070	none	679	e95dd9ff	512	224	0	679
811	2	10527327297960	none	680	e95dd9ff	512	224	0	680
812	3	10527344526980	none	681	e95dd9ff	512	224	0	681
813	4	10527361799660	none	682	15cfc847	512	224	0	682
814	5	10527379139580	none	683	15cfc847	512	224	0	683
815	6	10527396359310	none	684	15cfc847	512	224	0	684
816	7	10527409659990	none	685	15cfc847	512	224	0	685
817	0	10527426890120	none	686	243b0e9d	512	224	0	686
818	1	10527444105000	none	687	243b0e9d	512	224	0	687
819	2	10527461284950	none	688	243b0e9d	512	224	0	688
820	3	10527478515800	none	689	243b0e9d	512	224	0	689
821	4	10527495779950	none	690	31818112	512	224	0	690
822	5	10527513020470	none	691	31818112	512	224	0	691
823	6	10527526166230	none	692	31818112	512	224	0	692
824	7	10527543530620	none	693	31818112	512	224	0	693
825	0	10527560743920	none	694	9df59422	512	224	0	694
826	1	10527577958790	none	695	9df59422	512	224	0	695
827	2	10527595145480	none	696	9df59422	512	224	0	696
828	3	10527612347660	none	697	9df59422	512	224	0	697
829	4	10527629587900	none	698	8285af84	512	224	0	698
830	5	10527642788890	none	699	8285af84	512	224	0	699
831	6	10527659991860	none	700	8285af84	512	224	0	700
832	7	10527677175530	none	701	8285af84	512	224	0	701
833	0	10527694407500	none	702	908fa53e	512	224	0	702
834	1	10527711622350	none	703	908fa53e	512	224	0	703
835	2	10527728831190	none	704	908fa53e	512	224	0	704
836	3	10527746119440	none	705	908fa53e	512	224	0	705
837	4	10527759272760	none	706	9b03e2d0	512	224	0	706
838	5	10527776524520	none	707	9b03e2d0	512	224	0	707
839	6	10527793761540	none	708	9b03e2d0	512	224	0	708
840	7	10527810987020	none	709	9b03e2d0	512	224	0	709
841	0	10527828162720	none	710	b7803a6a	512	224	0	710
842	1	10527845354920	none	711	b7803a6a	512	224	0	711
843	2	10527862699010	none	712	b7803a6a	512	224	0	712
844	3	10527875922190	none	713	b7803a6a	512	224	0	713
845	4	10527893111240	none	714	b22163ec	512	224	0	714
846	5	10527910292570	none	715	b22163ec	512	224	0	715
847	6	10527927526420	none	716	b22163ec	512	224	0	716
848	7	10527944732780	none	717	b22163ec	512	224	0	717
849	0	10527961939850	none	718	57b67c5d	512	224	0	718
850	1	10527979123660	none	719	57b67c5d	512	224	0	719
851	2	10527992329480	none	720	57b67c5d	512	224	0	720
852	3	10528009565830	none	721	57b67c5d	512	224	0	721
853	4	10528026770130	none	722	0c75c6c2	512	224	0	722
854	5	10528044051130	none	723	0c75c6c2	512	224	0	723
855	6	10528061215140	none	724	0c75c6c2	512	224	0	724
856	7	10528078479000	none	725	0c75c6c2	512	224	0	725
857	0	10528095710970	none	726	f10ad610	512	224	0	726
858	1	10528108988390	none	727	f10ad610	512	224	0	727
859	2	10528126204670	none	728	f10ad610	512	224	0	728
860	3	10528143403660	none	729	f10ad610	512	224	0	729
861	4	10528160628710	none	730	66267a6f	512	224	0	730
862	5	10528177841470	none	731	66267a6f	512	224	0	731
863	6	10528195046180	none	732	66267a6f	512	224	0	732
864	7	10528212262090	none	733	66267a6f	512	224	0	733
865	0	10528225448950	none	734	66267a6f	512	224	0	734
866	1	10528242683230	none	735	66267a6f	512	224	0	735
867	2	10528259914720	none	736	66267a6f	512	224	0	736
868	3	10528277122980	none	737	66267a6f	512	224	0	737
869	4	10528294304820	none	738	66267a6f	512	224	0	738
870	5	10528311643240	none	739	66267a6f	512	224	0	739
871	6	10528324928370	none	740	66267a6f	512	224	0	740
872	7	10528342198240	none	741	66267a6f	512	224	0	741
873	0	10528359435760	none	742	66267a6f	512	224	0	742
874	1	10528376665560	none	743	66267a6f	512	224	0	743
875	2	10528393874860	none	744	66267a6f	512	224	0	744
876	3	10528411229680	none	745	66267a6f	512	224	0	745
877	4	10528428446270	none	746	66267a6f	512	224	0	746
878	5	10528441628600	none	747	66267a6f	512	224	0	747
879	6	10528458933550	none	748	66267a6f	512	224	0	748
880	7	10528476135770	none	749	66267a6f	512	224	0	749
881	0	10528493352330	none	750	66267a6f	512	224	0	750
882	1	10528510680720	none	751	66267a6f	512	224	0	751
883	2	10528527969860	none	752	66267a6f	512	224	0	752
884	3	10528541121600	none	753	66267a6f	512	224	0	753
885	4	10528558301500	none	754	66267a6f	512	224	0	754
886	5	10528575615930	none	755	66267a6f	512	224	0	755
887	6	10528592842240	none	756	66267a6f	512	224	0	756
888	7	10528610232810	none	757	66267a6f	512	224	0	757
889	0	10528627464200	none	758	66267a6f	512	224	0	758
890	1	10528644688780	none	759	66267a6f	512	224	0	759
891	2	10528657980740	none	760	66267a6f	512	224	0	760
892	3	10528675245300	none	761	66267a6f	512	224	0	761
893	4	10528692508000	none	762	66267a6f	512	224	0	762
894	5	10528709728250	none	763	66267a6f	512	224	0	763
895	6	10528726942540	none	764	66267a6f	512	224	0	764
896	7	10528744134170	none	765	66267a6f	512	224	0	765
897	0	10528761346650	none	766	66267a6f	512	224	0	766
898	1	10528774547690	none	767	66267a6f	512	224	0	767
899	2	10528791801500	none	768	66267a6f	512	224	0	768
900	3	10528809050940	none	769	66267a6f	512	224	0	769
901	4	10528826235820	none	770	66267a6f	512	224	0	770
902	5	10528843556570	none	771	66267a6f	512	224	0	771
903	6	10528860769940	none	772	66267a6f	512	224	0	772
904	7	10528873936610	none	773	66267a6f	512	224	0	773
905	0	10528891136150	none	774	66267a6f	512	224	0	774
906	1	10528908308010	none	775	66267a6f	512	224	0	775
907	2	10528925605660	none	776	66267a6f	512	224	0	776
908	3	10528942902420	none	777	66267a6f	512	224	0	777
909	4	10528960108000	none	778	66267a6f	512	224	0	778
910	5	10528977306550	none	779	66267a6f	512	224	0	779
911	6	10528990490920	none	780	66267a6f	512	224	0	780
912	7	10529007708040	none	781	66267a6f	512	224	0	781
913	0	10529025061100	none	782	66267a6f	512	224	0	782
914	1	10529042429850	none	783	66267a6f	512	224	0	783
915	2	10529059737080	none	784	66267a6f	512	224	0	784
916	3	10529076979390	none	785	66267a6f	512	224	0	785
917	4	10529094160870	none	786	66267a6f	512	224	0	786
918	5	10529107327470	none	787	66267a6f	512	224	0	787
919	6	10529124562990	none	788	66267a6f	512	224	0	788
920	7	10529141836850	none	789	66267a6f	512	224	0	789
921	0	10529159208530	none	790	66267a6f	512	224	0	790
922	1	10529176441410	none	791	66267a6f	512	224	0	791
923	2	10529193659600	none	792	66267a6f	512	224	0	792
924	3	10529206822230	none	793	66267a6f	512	224	0	793
925	4	10529224117550	none	794	f10ad610	512	224	0	794
926	5	10529241300810	none	795	f10ad610	512	224	0	795
927	6	10529258688740	none	796	f10ad610	512	224	0	796
928	7	10529275964230	none	797	f10ad610	512	224	0	797
929	0	10529293155370	none	798	0c75c6c2	512	224	0	798
930	1	10529310363410	none	799	0c75c6c2	512	224	0	799
931	2	10529323559720	none	800	0c75c6c2	512	224	0	800
932	3	10529340770530	none	801	0c75c6c2	512	224	0	801
933	4	10529357955610	none	802	57b67c5d	512	224	0	802
934	5	10529375250340	none	803	57b67c5d	512	224	0	803
935	6	10529392518320	none	804	57b67c5d	512	224	0	804
936	7	10529409784080	none	805	57b67c5d	512	224	0	805
937	0	10529422972370	none	806	b22163ec	512	224	0	806
938	1	10529440151710	none	807	b22163ec	512	224	0	807
939	2	10529457337300	none	808	b22163ec	512	224	0	808
940	3	10529474551100	none	809	b22163ec	512	224	0	809
941	4	10529491900390	none	810	b7803a6a	512	224	0	810
942	5	10529509149520	none	811	b7803a6a	512	224	0	811
943	6	10529526353130	none	812	b7803a6a	512	224	0	812
944	7	10529539561610	none	813	b7803a6a	512	224	0	813
945	0	10529556767210	none	814	9b03e2d0	512	224	0	814
946	1	10529574121490	none	815	9b03e2d0	512	224	0	815
947	2	10529591368170	none	816	9b03e2d0	512	224	0	816
948	3	10529608668740	none	817	9b03e2d0	512	224	0	817
949	4	10529625940010	none	818	908fa53e	512	224	0	818
950	5	10529643162310	none	819	908fa53e	512	224	0	819
951	6	10529656432710	none	820	908fa53e	512	224	0	820
952	7	10529673648340	none	821	908fa53e	512	224	0	821
953	0	10529690902580	none	822	8285af84	512	224	0	822
954	1	10529708086740	none	823	8285af84	512	224	0	823
955	2	10529725369690	none	824	8285af84	512	224	0	824
956	3	10529742628100	none	825	8285af84	512	224	0	825
957	4	10529755793580	none	826	9df59422	512	224	0	826
958	5	10529773168330	none	827	9df59422	512	224	0	827
959	6	10529790506450	none	828	9df59422	512	224	0	828
960	7	10529808212280	none	829	9df59422	512	224	0	829
961	0	10529825503840	none	830	31818112	512	224	0	830
962	1	10529842728360	none	831	31818112	512	224	0	831
963	2	10529855926590	none	832	31818112	512	224	0	832
964	3	10529873143610	none	833	31818112	512	224	0	833
965	4	10529890329620	none	834	243b0e9d	512	224	0	834
966	5	10529907693490	none	835	243b0e9d	512	224	0	835
967	6	10529924963030	none	836	243b0e9d	512	224	0	836
968	7	10529942261240	none	837	243b0e9d	512	224	0	837
969	0	10529955451060	none	838	15cfc847	512	224	0	838
970	1	10529972664340	none	839	15cfc847	512	224	0	839
971	2	10529989905760	none	840	15cfc847	512	224	0	840
972	3	10530007101260	none	841	15cfc847	512	224	0	841
973	4	10530024349880	none	842	e95dd9ff	512	224	0	842
974	5	10530041565000	none	843	e95dd9ff	512	224	0	843
975	6	10530058808780	none	844	e95dd9ff	512	224	0	844
976	7	10530072150620	none	845	e95dd9ff	512	224	0	845
977	0	10530089335190	none	846	f1335b54	512	224	0	846
978	1	10530106650840	none	847	f1335b54	512	224	0	847
979	2	10530123985140	none	848	f1335b54	512	224	0	848
980	3	10530141173240	none	849	f1335b54	512	224	0	849
981	4	10530158372940	none	850	61605322	512	224	0	850
982	5	10530175701350	none	851	61605322	512	224	0	851
983	6	10530188904930	none	852	61605322	512	224	0	852
984	7	10530206258230	none	853	61605322	512	224	0	853
985	0	10530223484270	none	854	61605322	512	224	0	854
986	1	10530240702340	none	855	61605322	512	224	0	855
987	2	10530258009740	none	856	61605322	512	224	0	856
988	3	10530275268800	none	857	61605322	512	224	0	857
989	4	10530288491450	none	858	61605322	512	224	0	858
990	5	10530305702010	none	859	61605322	512	224	0	859
991	6	10530322905210	none	860	61605322	512	224	0	860
992	7	10530340149560	none	861	61605322	512	224	0	861
993	0	10530357336990	none	862	61605322	512	224	0	862
994	1	10530374574750	none	863	61605322	512	224	0	863
995	2	10530391875510	none	864	61605322	512	224	0	864
996	3	10530405064450	none	865	61605322	512	224	0	865
997	4	10530422248600	none	866	61605322	512	224	0	866
998	5	10530439492820	none	867	61605322	512	224	0	867
999	6	10530456727920	none	868	61605322	512	224	0	868
1000	7	10530473941990	none	869	61605322	512	224	0	869
1001	0	10530491134510	none	870	61605322	512	224	0	870
1002	1	10530508321210	none	871	61605322	512	224	0	871
1003	2	10530521665470	none	872	61605322	512	224	0	872
1004	3	10530538905470	none	873	61605322	512	224	0	873
1005	4	10530556104770	none	874	61605322	512	224	0	874
1006	5	10530573293660	none	875	61605322	512	224	0	875
1007	6	10530590510300	none	876	61605322	512	224	0	876
1008	7	10530607721400	none	877	61605322	512	224	0	877
1009	0	10530624927230	none	878	61605322	512	224	0	878
1010	1	10530638169020	none	879	61605322	512	224	0	879
1011	2	10530655532040	none	880	61605322	512	224	0	880
1012	3	10530672944050	none	881	61605322	512	224	0	881
1013	4	10530690158690	none	882	61605322	512	224	0	882
1014	5	10530707435760	none	883	61605322	512	224	0	883
1015	6	10530724757220	none	884	61605322	512	224	0	884
1016	7	10530738037980	none	885	61605322	512	224	0	885
1017	0	10530755227460	none	886	61605322	512	224	0	886
1018	1	10530772446180	none	887	61605322	512	224	0	887
1019	2	10530789666720	none	888	61605322	512	224	0	888
1020	3	10530806897760	none	889	61605322	512	224	0	889
1021	4	10530824227950	none	890	61605322	512	224	0	890
1022	5	10530837410400	none	891	61605322	512	224	0	891
1023	6	10530854729270	none	892	61605322	512	224	0	892
1024	7	10530871964180	none	893	61605322	512	224	0	893
1025	0	10530889161710	none	894	61605322	512	224	0	894
1026	1	10530906361290	none	895	61605322	512	224	0	895
1027	2	10530923587530	none	896	61605322	512	224	0	896
1028	3	10530940814570	none	897	61605322	512	224	0	897
1029	4	10530953995250	none	898	61605322	512	224	0	898
1030	5	10530971179430	none	899	61605322	512	224	0	899
1031	6	10530988382640	none	900	61605322	512	224	0	900
1032	7	10531005598490	none	901	61605322	512	224	0	901
1033	0	10531022799400	none	902	61605322	512	224	0	902
1034	1	10531040115090	none	903	61605322	512	224	0	903
1035	2	10531057303540	none	904	61605322	512	224	0	904
1036	3	10531070588740	none	905	61605322	512	224	0	905
1037	4	10531087793950	none	906	61605322	512	224	0	906
1038	5	10531105017130	none	907	61605322	512	224	0	907
1039	6	10531122204690	none	908	61605322	512	224	0	908
1040	7	10531139447050	none	909	61605322	512	224	0	909
1041	0	10531156652790	none	910	61605322	512	224	0	910
1042	1	10531173961550	none	911	61605322	512	224	0	911
1043	2	10531187111250	none	912	61605322	512	224	0	912
1044	3	10531204299850	none	913	61605322	512	224	0	913
1045	4	10531221518370	none	914	61605322	512	224	0	914
1046	5	10531238801500	none	915	61605322	512	224	0	915
1047	6	10531256019130	none	916	61605322	512	224	0	916
1048	7	10531273367190	none	917	61605322	512	224	0	917
1049	0	10531286549440	none	918	61605322	512	224	0	918
1050	1	10531303915010	none	919	61605322	512	224	0	919
1051	2	10531321120050	none	920	61605322	512	224	0	920
1052	3	10531338302990	none	921	61605322	512	224	0	921
1053	4	10531355531100	none	922	61605322	512	224	0	922
1054	5	10531372742080	none	923	61605322	512	224	0	923
1055	6	10531389974570	none	924	61605322	512	224	0	924
1056	7	10531403117080	none	925	61605322	512	224	0	925
1057	0	10531420299940	none	926	61605322	512	224	0	926
1058	1	10531437534240	none	927	61605322	512	224	0	927
1059	2	10531454739530	none	928	61605322	512	224	0	928
1060	3	10531471942770	none	929	61605322	512	224	0	929
1061	4	10531489135810	none	930	61605322	512	224	0	930
1062	5	10531506363880	none	931	61605322	512	224	0	931
1063	6	10531519562460	none	932	61605322	512	224	0	932
1064	7	10531536745090	none	933	61605322	512	224	0	933
1065	0	10531554010430	none	934	61605322	512	224	0	934
1066	1	10531571188320	none	935	61605322	512	224	0	935
1067	2	10531588389820	none	936	61605322	512	224	0	936
1068	3	10531605613310	none	937	61605322	512	224	0	937
1069	4	10531622929440	none	938	61605322	512	224	0	938
1070	5	10531636081930	none	939	61605322	512	224	0	939
1071	6	10531653275060	none	940	61605322	512	224	0	940
1072	7	10531670506320	none	941	61605322	512	224	0	941
1073	0	10531687751660	none	942	61605322	512	224	0	942
1074	1	10531704934290	none	943	61605322	512	224	0	943
1075	2	10531722324890	none	944	61605322	512	224	0	944
1076	3	10531739553450	none	945	61605322	512	224	0	945
1077	4	10531752716840	none	946	61605322	512	224	0	946
1078	5	10531769996490	none	947	61605322	512	224	0	947
1079	6	10531787252580	none	948	61605322	512	224	0	948
1080	7	10531804487470	none	949	61605322	512	224	0	949
1081	0	10531821775390	none	950	61605322	512	224	0	950
1082	1	10531838991010	none	951	61605322	512	224	0	951
1083	2	10531856189880	none	952	61605322	512	224	0	952
1084	3	10531869425690	none	953	61605322	512	224	0	953
1085	4	10531886615800	none	954	61605322	512	224	0	954
1086	5	10531903816180	none	955	61605322	512	224	0	955
1087	6	10531921183610	none	956	61605322	512	224	0	956
1088	7	10531938410540	none	957	61605322	512	224	0	957
1089	0	10531955632800	none	958	61605322	512	224	0	958
1090	1	10531968943100	none	959	61605322	512	224	0	959
1091	2	10531986113000	none	960	61605322	512	224	0	960
1092	3	10532003304350	none	961	61605322	512	224	0	961
1093	4	10532020535400	none	962	61605322	512	224	0	962
1094	5	10532037810720	none	963	61605322	512	224	0	963
1095	6	10532055027300	none	964	61605322	512	224	0	964
1096	7	10532072228020	none	965	61605322	512	224	0	965
1097	0	10532085421070	none	966	61605322	512	224	0	966
1098	1	10532102642370	none	967	61605322	512	224	0	967
1099	2	10532119868220	none	968	61605322	512	224	0	968
1100	3	10532137128610	none	969	61605322	512	224	0	969
1101	4	10532154321870	none	970	61605322	512	224	0	970
1102	5	10532171631440	none	971	61605322	512	224	0	971
1103	6	10532188840490	none	972	61605322	512	224	0	972
1104	7	10532202081110	none	973	61605322	512	224	0	973
1105	0	10532219313440	none	974	61605322	512	224	0	974
1106	1	10532236530760	none	975	61605322	512	224	0	975
1107	2	10532253749460	none	976	61605322	512	224	0	976
1108	3	10532271076950	none	977	61605322	512	224	0	977
1109	4	10532288252690	none	978	61605322	512	224	0	978
1110	5	10532305541380	none	979	61605322	512	224	0	979
1111	6	10532318750850	none	980	61605322	512	224	0	980
1112	7	10532336093960	none	981	61605322	512	224	0	981
1113	0	10532353278800	none	982	61605322	512	224	0	982
1114	1	10532370585360	none	983	61605322	512	224	0	983
1115	2	10532387776930	none	984	61605322	512	224	0	984
1116	3	10532404983570	none	985	61605322	512	224	0	985
1117	4	10532418138240	none	986	61605322	512	224	0	986
1118	5	10532435335990	none	987	61605322	512	224	0	987
1119	6	10532452555950	none	988	61605322	512	224	0	988
1120	7	10532469756900	none	989	61605322	512	224	0	989
1121	0	10532486969130	none	990	61605322	512	224	0	990
1122	1	10532504157890	none	991	61605322	512	224	0	991
1123	2	10532521375550	none	992	61605322	512	224	0	992
1124	3	10532534559920	none	993	61605322	512	224	0	993
1125	4	10532551752960	none	994	61605322	512	224	0	994
1126	5	10532568978550	none	995	61605322	512	224	0	995
1127	6	10532586196270	none	996	61605322	512	224	0	996
1128	7	10532603412630	none	997	61605322	512	224	0	997
1129	0	10532620649310	none	998	61605322	512	224	0	998
1130	1	10532637867690	none	999	61605322	512	224	0	999
1131	2	10532651072430	none	1000	61605322	512	224	0	1000
1132	3	10532668246330	none	1001	61605322	512	224	0	1001
1133	4	10532685464670	none	1002	61605322	512	224	0	1002
1134	5	10532702671980	none	1003	61605322	512	224	0	1003
1135	6	10532719977440	none	1004	61605322	512	224	0	1004
1136	7	10532737158130	none	1005	61605322	512	224	0	1005
1137	0	10532754425960	none	1006	61605322	512	224	0	1006
1138	1	10532767592270	none	1007	61605322	512	224	0	1007
1139	2	10532784786140	none	1008	61605322	512	224	0	1008
1140	3	10532802002550	none	1009	61605322	512	224	0	1009
1141	4	10532819355410	none	1010	ac27bc18	512	224	0	1010
1142	5	10532836604700	none	1011	ac27bc18	512	224	0	1011
1143	6	10532853845000	none	1012	ac27bc18	512	224	0	1012
1144	7	10532871074010	none	1013	ac27bc18	512	224	0	1013
1145	0	10532884216270	none	1014	0e1f4d53	512	224	0	1014
1146	1	10532901453520	none	1015	0e1f4d53	512	224	0	1015
1147	2	10532918656660	none	1016	0e1f4d53	512	224	0	1016
1148	3	10532935951480	none	1017	0e1f4d53	512	224	0	1017
1149	4	10532953132440	none	1018	fa486de2	512	224	0	1018
1150	5	10532970351560	none	1019	fa486de2	512	224	0	1019
1151	6	10532987588070	none	1020	fa486de2	512	224	0	1020
1152	7	10533000731080	none	1021	fa486de2	512	224	0	1021
1153	0	10533017917350	none	1022	59bfcc4b	512	224	0	1022
1154	1	10533035118030	none	1023	59bfcc4b	512	224	0	1023
1155	2	10533052331370	none	1024	59bfcc4b	512	224	0	1024
1156	3	10533069552920	none	1025	59bfcc4b	512	224	0	1025
1157	4	10533086826070	none	1026	6cf46cf5	512	224	0	1026
1158	5	10533104137950	none	1027	6cf46cf5	512	224	0	1027
1159	6	10533117381300	none	1028	6cf46cf5	512	224	0	1028
1160	7	10533134622960	none	1029	6cf46cf5	512	224	0	1029
1161	0	10533151924520	none	1030	17ad5e39	512	224	0	1030
1162	1	10533169204380	none	1031	17ad5e39	512	224	0	1031
1163	2	10533186432720	none	1032	17ad5e39	512	224	0	1032
1164	3	10533203652800	none	1033	17ad5e39	512	224	0	1033
1165	4	10533216820150	none	1034	d5742f06	512	224	0	1034
1166	5	10533234132550	none	1035	d5742f06	512	224	0	1035
1167	6	10533251336580	none	1036	d5742f06	512	224	0	1036
1168	7	10533268648090	none	1037	d5742f06	512	224	0	1037
1169	0	10533285950750	none	1038	97e6c53b	512	224	0	1038
1170	1	10533303164150	none	1039	97e6c53b	512	224	0	1039
1171	2	10533320390620	none	1040	97e6c53b	512	224	0	1040
1172	3	10533333710710	none	1041	97e6c53b	512	224	0	1041
1173	4	10533350988400	none	1042	d18348ce	512	224	0	1042
1174	5	10533368313330	none	1043	d18348ce	512	224	0	1043
1175	6	10533385623180	none	1044	d18348ce	512	224	0	1044
1176	7	10533402874500	none	1045	d18348ce	512	224	0	1045
1177	0	10533420075180	none	1046	601a44cd	512	224	0	1046
1178	1	10533433423140	none	1047	601a44cd	512	224	0	1047
1179	2	10533450682390	none	1048	601a44cd	512	224	0	1048
1180	3	10533467995700	none	1049	601a44cd	512	224	0	1049
1181	4	10533485195310	none	1050	c13dba27	512	224	0	1050
1182	5	10533502456920	none	1051	c13dba27	512	224	0	1051
1183	6	10533519666090	none	1052	c13dba27	512	224	0	1052
1184	7	10533532839120	none	1053	c13dba27	512	224	0	1053
1185	0	10533550027730	none	1054	2bd62a54	512	224	0	1054
1186	1	10533567392230	none	1055	2bd62a54	512	224	0	1055
1187	2	10533584606920	none	1056	2bd62a54	512	224	0	1056
1188	3	10533601823730	none	1057	2bd62a54	512	224	0	1057
1189	4	10533619029290	none	1058	a6058125	512	224	0	1058
1190	5	10533636269130	none	1059	a6058125	512	224	0	1059
1191	6	10533649472030	none	1060	a6058125	512	224	0	1060
1192	7	10533666735420	none	1061	a6058125	512	224	0	1061
1193	0	10533684038590	none	1062	f67ec5c9	512	224	0	1062
1194	1	10533701312440	none	1063	f67ec5c9	512	224	0	1063
1195	2	10533718560710	none	1064	f67ec5c9	512	224	0	1064
1196	3	10533735776990	none	1065	f67ec5c9	512	224	0	1065
1197	4	10533752990030	none	1066	362024e4	512	224	0	1066
1198	5	10533766165480	none	1067	362024e4	512	224	0	1067
1199	6	10533783422030	none	1068	362024e4	512	224	0	1068
1200	7	10533800631200	none	1069	362024e4	512	224	0	1069
1201	0	10533817965430	none	1070	362024e4	512	224	0	1070
1202	1	10533835156690	none	1071	362024e4	512	224	0	1071
1203	2	10533852371950	none	1072	362024e4	512	224	0	1072
1204	3	10533869586110	none	1073	362024e4	512	224	0	1073
1205	4	10533882847890	none	1074	362024e4	512	224	0	1074
1206	5	10533900147340	none	1075	362024e4	512	224	0	1075
1207	6	10533917422770	none	1076	362024e4	512	224	0	1076
1208	7	10533934670070	none	1077	362024e4	512	224	0	1077
1209	0	10533951886200	none	1078	362024e4	512	224	0	1078
1210	1	10533969068730	none	1079	362024e4	512	224	0	1079
1211	2	10533982399390	none	1080	362024e4	512	224	0	1080
1212	3	10533999613200	none	1081	362024e4	512	224	0	1081
1213	4	10534016893300	none	1082	362024e4	512	224	0	1082
1214	5	10534034094590	none	1083	362024e4	512	224	0	1083
1215	6	10534051341590	none	1084	362024e4	512	224	0	1084
1216	7	10534068550460	none	1085	362024e4	512	224	0	1085
1217	0	10534085847540	none	1086	362024e4	512	224	0	1086
1218	1	10534098998480	none	1087	362024e4	512	224	0	1087
1219	2	10534116176260	none	1088	362024e4	512	224	0	1088
1220	3	10534133398880	none	1089	362024e4	512	224	0	1089
1221	4	10534150612940	none	1090	362024e4	512	224	0	1090
1222	5	10534167852090	none	1091	362024e4	512	224	0	1091
1223	6	10534185193130	none	1092	362024e4	512	224	0	1092
1224	7	10534198393900	none	1093	362024e4	512	224	0	1093
1225	0	10534215714720	none	1094	362024e4	512	224	0	1094
1226	1	10534232954720	none	1095	362024e4	512	224	0	1095
1227	2	10534250163440	none	1096	362024e4	512	224	0	1096
1228	3	10534267400970	none	1097	362024e4	512	224	0	1097
1229	4	10534284628320	none	1098	362024e4	512	224	0	1098
1230	5	10534301863400	none	1099	362024e4	512	224	0	1099
1231	6	10534315020000	none	1100	362024e4	512	224	0	1100
1232	7	10534332231440	none	1101	362024e4	512	224	0	1101
1233	0	10534349444370	none	1102	362024e4	512	224	0	1102
1234	1	10534366658930	none	1103	362024e4	512	224	0	1103
1235	2	10534383880240	none	1104	362024e4	512	224	0	1104
1236	3	10534401141700	none	1105	362024e4	512	224	0	1105
1237	4	10534418358270	none	1106	362024e4	512	224	0	1106
1238	5	10534431565520	none	1107	362024e4	512	224	0	1107
1239	6	10534448757030	none	1108	362024e4	512	224	0	1108
1240	7	10534466021560	none	1109	362024e4	512	224	0	1109
1241	0	10534483194730	none	1110	362024e4	512	224	0	1110
1242	1	10534500422680	none	1111	362024e4	512	224	0	1111
1243	2	10534517650580	none	1112	362024e4	512	224	0	1112
1244	3	10534534944110	none	1113	362024e4	512	224	0	1113
1245	4	10534548124420	none	1114	362024e4	512	224	0	1114
1246	5	10534565362160	none	1115	362024e4	512	224	0	1115
1247	6	10534582582730	none	1116	362024e4	512	224	0	1116
1248	7	10534599792500	none	1117	362024e4	512	224	0	1117
1249	0	10534617008300	none	1118	362024e4	512	224	0	1118
1250	1	10534634368510	none	1119	362024e4	512	224	0	1119
1251	2	10534651630920	none	1120	362024e4	512	224	0	1120
1252	3	10534664815470	none	1121	362024e4	512	224	0	1121
1253	4	10534682033620	none	1122	362024e4	512	224	0	1122
1254	5	10534699243430	none	1123	362024e4	512	224	0	1123
1255	6	10534716470620	none	1124	362024e4	512	224	0	1124
1256	7	10534733696360	none	1125	362024e4	512	224	0	1125
1257	0	10534750921610	none	1126	362024e4	512	224	0	1126
1258	1	10534768112140	none	1127	362024e4	512	224	0	1127
1259	2	10534781291730	none	1128	362024e4	512	224	0	1128
1260	3	10534798508290	none	1129	362024e4	512	224	0	1129
1261	4	10534815852320	none	1130	362024e4	512	224	0	1130
1262	5	10534833308510	none	1131	362024e4	512	224	0	1131
1263	6	10534850532940	none	1132	362024e4	512	224	0	1132
1264	7	10534867739830	none	1133	362024e4	512	224	0	1133
1265	0	10534880960900	none	1134	362024e4	512	224	0	1134
1266	1	10534898142380	none	1135	362024e4	512	224	0	1135
1267	2	10534915365610	none	1136	362024e4	512	224	0	1136
1268	3	10534932577990	none	1137	362024e4	512	224	0	1137
1269	4	10534949794280	none	1138	362024e4	512	224	0	1138
1270	5	10534967040130	none	1139	362024e4	512	224	0	1139
1271	6	10534984367770	none	1140	362024e4	512	224	0	1140
1272	7	10534997556450	none	1141	362024e4	512	224	0	1141
1273	0	10535014757460	none	1142	362024e4	512	224	0	1142
1274	1	10535031972990	none	1143	362024e4	512	224	0	1143
1275	2	10535049148930	none	1144	362024e4	512	224	0	1144
1276	3	10535066364300	none	1145	362024e4	512	224	0	1145
1277	4	10535083697390	none	1146	362024e4	512	224	0	1146
1278	5	10535100952350	none	1147	362024e4	512	224	0	1147
1279	6	10535114099820	none	1148	362024e4	512	224	0	1148
1280	7	10535131291480	none	1149	362024e4	512	224	0	1149
1281	0	10535148506620	none	1150	362024e4	512	224	0	1150
1282	1	10535165757860	none	1151	362024e4	512	224	0	1151
1283	2	10535183041150	none	1152	362024e4	512	224	0	1152
1284	3	10535200234940	none	1153	362024e4	512	224	0	1153
1285	4	10535213426320	none	1154	362024e4	512	224	0	1154
1286	5	10535230630600	none	1155	362024e4	512	224	0	1155
1287	6	10535248068030	none	1156	362024e4	512	224	0	1156
1288	7	10535265255070	none	1157	362024e4	512	224	0	1157
1289	0	10535282580370	none	1158	362024e4	512	224	0	1158
1290	1	10535299790310	none	1159	362024e4	512	224	0	1159
1291	2	10535317011990	none	1160	362024e4	512	224	0	1160
1292	3	10535330150460	none	1161	362024e4	512	224	0	1161
1293	4	10535347387750	none	1162	362024e4	512	224	0	1162
1294	5	10535364577420	none	1163	362024e4	512	224	0	1163
1295	6	10535381817070	none	1164	362024e4	512	224	0	1164
1296	7	10535399015440	none	1165	362024e4	512	224	0	1165
1297	0	10535416210430	none	1166	362024e4	512	224	0	1166
1298	1	10535433436900	none	1167	362024e4	512	224	0	1167
1299	2	10535446614420	none	1168	362024e4	512	224	0	1168
1300	3	10535464000440	none	1169	362024e4	512	224	0	1169
1301	4	10535481209570	none	1170	362024e4	512	224	0	1170
1302	5	10535498477680	none	1171	362024e4	512	224	0	1171
1303	6	10535515699330	none	1172	362024e4	512	224	0	1172
1304	7	10535532995850	none	1173	362024e4	512	224	0	1173
1305	0	10535550177230	none	1174	362024e4	512	224	0	1174
1306	1	10535563379490	none	1175	362024e4	512	224	0	1175
1307	2	10535580590650	none	1176	362024e4	512	224	0	1176
1308	3	10535597808050	none	1177	362024e4	512	224	0	1177
1309	4	10535615006320	none	1178	362024e4	512	224	0	1178
1310	5	10535632198240	none	1179	362024e4	512	224	0	1179
1311	6	10535649449850	none	1180	362024e4	512	224	0	1180
1312	7	10535666655840	none	1181	362024e4	512	224	0	1181
1313	0	10535679840170	none	1182	362024e4	512	224	0	1182
1314	1	10535697118140	none	1183	362024e4	512	224	0	1183
1315	2	10535714329970	none	1184	362024e4	512	224	0	1184
1316	3	10535731648650	none	1185	362024e4	512	224	0	1185
1317	4	10535748940110	none	1186	362024e4	512	224	0	1186
1318	5	10535766192760	none	1187	362024e4	512	224	0	1187
1319	6	10535779378340	none	1188	362024e4	512	224	0	1188
1320	7	10535796577600	none	1189	362024e4	512	224	0	1189
1321	0	10535813777830	none	1190	362024e4	512	224	0	1190
1322	1	10535830964660	none	1191	362024e4	512	224	0	1191
1323	2	10535848154750	none	1192	362024e4	512	224	0	1192
1324	3	10535865382840	none	1193	362024e4	512	224	0	1193
1325	4	10535882602380	none	1194	362024e4	512	224	0	1194
1326	5	10535895782950	none	1195	362024e4	512	224	0	1195
1327	6	10535912984230	none	1196	362024e4	512	224	0	1196
1328	7	10535930337280	none	1197	362024e4	512	224	0	1197
1329	0	10535947549800	none	1198	362024e4	512	224	0	1198
1330	1	10535964776540	none	1199	362024e4	512	224	0	1199
1331	2	10535982001310	none	1200	362024e4	512	224	0	1200
1332	3	10535999208390	none	1201	362024e4	512	224	0	1201
1333	4	10536012387030	none	1202	362024e4	512	224	0	1202
1334	5	10536029647740	none	1203	362024e4	512	224	0	1203
1335	6	10536046854310	none	1204	362024e4	512	224	0	1204
1336	7	10536064068300	none	1205	362024e4	512	224	0	1205
1337	0	10536081275970	none	1206	362024e4	512	224	0	1206
1338	1	10536098493350	none	1207	362024e4	512	224	0	1207
1339	2	10536115702940	none	1208	362024e4	512	224	0	1208
1340	3	10536128870460	none	1209	362024e4	512	224	0	1209
1341	4	10536146103120	none	1210	362024e4	512	224	0	1210
1342	5	10536163338490	none	1211	362024e4	512	224	0	1211
1343	6	10536180647900	none	1212	362024e4	512	224	0	1212
1344	7	10536197941970	none	1213	362024e4	512	224	0	1213
1345	0	10536215139180	none	1214	362024e4	512	224	0	1214
1346	1	10536232365190	none	1215	362024e4	512	224	0	1215
1347	2	10536245562170	none	1216	362024e4	512	224	0	1216
1348	3	10536262779390	none	1217	362024e4	512	224	0	1217
1349	4	10536280136950	none	1218	362024e4	512	224	0	1218
1350	5	10536297417800	none	1219	362024e4	512	224	0	1219
1351	6	10536314648590	none	1220	362024e4	512	224	0	1220
1352	7	10536331860650	none	1221	362024e4	512	224	0	1221
1353	0	10536345167930	none	1222	362024e4	512	224	0	1222
1354	1	10536362366150	none	1223	362024e4	512	224	0	1223
1355	2	10536379654270	none	1224	362024e4	512	224	0	1224
1356	3	10536396937030	none	1225	362024e4	512	224	0	1225
1357	4	10536414120220	none	1226	362024e4	512	224	0	1226
1358	5	10536431349930	none	1227	362024e4	512	224	0	1227
1359	6	10536448562150	none	1228	362024e4	512	224	0	1228
1360	7	10536461767190	none	1229	362024e4	512	224	0	1229
1361	0	10536478948330	none	1230	362024e4	512	224	0	1230
1362	1	10536496137120	none	1231	362024e4	512	224	0	1231
1363	2	10536513366680	none	1232	362024e4	512	224	0	1232
1364	3	10536530586760	none	1233	362024e4	512	224	0	1233
1365	4	10536547799610	none	1234	362024e4	512	224	0	1234
1366	5	10536565191530	none	1235	362024e4	512	224	0	1235
1367	6	10536578377590	none	1236	362024e4	512	224	0	1236
1368	7	10536595575130	none	1237	362024e4	512	224	0	1237
1369	0	10536612876500	none	1238	362024e4	512	224	0	1238
1370	1	10536630074430	none	1239	362024e4	512	224	0	1239
1371	2	10536647304350	none	1240	362024e4	512	224	0	1240
1372	3	10536664520260	none	1241	362024e4	512	224	0	1241
1373	4	10536677669860	none	1242	362024e4	512	224	0	1242
1374	5	10536694880810	none	1243	362024e4	512	224	0	1243
1375	6	10536712057740	none	1244	362024e4	512	224	0	1244
1376	7	10536729257880	none	1245	362024e4	512	224	0	1245
1377	0	10536746495000	none	1246	362024e4	512	224	0	1246
1378	1	10536763721920	none	1247	362024e4	512	224	0	1247
1379	2	10536780951540	none	1248	362024e4	512	224	0	1248
1380	3	10536794251550	none	1249	362024e4	512	224	0	1249
1381	4	10536811459270	none	1250	362024e4	512	224	0	1250
1382	5	10536828765130	none	1251	362024e4	512	224	0	1251
1383	6	10536845958760	none	1252	362024e4	512	224	0	1252
1384	7	10536863139550	none	1253	362024e4	512	224	0	1253
1385	0	10536880365950	none	1254	362024e4	512	224	0	1254
1386	1	10536897562970	none	1255	362024e4	512	224	0	1255
1387	2	10536910709410	none	1256	362024e4	512	224	0	1256
1388	3	10536927922540	none	1257	362024e4	512	224	0	1257
1389	4	10536945128620	none	1258	362024e4	512	224	0	1258
1390	5	10536962357380	none	1259	362024e4	512	224	0	1259
1391	6	10536979567120	none	1260	362024e4	512	224	0	1260
1392	7	10536996786410	none	1261	362024e4	512	224	0	1261
1393	0	10537013986530	none	1262	362024e4	512	224	0	1262
1394	1	10537027143200	none	1263	362024e4	512	224	0	1263
1395	2	10537044369850	none	1264	362024e4	512	224	0	1264
1396	3	10537061570850	none	1265	362024e4	512	224	0	1265
1397	4	10537078782690	none	1266	362024e4	512	224	0	1266
1398	5	10537096061060	none	1267	362024e4	512	224	0	1267
1399	6	10537113295920	none	1268	362024e4	512	224	0	1268
1400	7	10537130513960	none	1269	362024e4	512	224	0	1269
1401	0	10537143764580	none	1270	362024e4	512	224	0	1270
1402	1	10537160955460	none	1271	362024e4	512	224	0	1271
1403	2	10537178118260	none	1272	362024e4	512	224	0	1272
1404	3	10537195350700	none	1273	362024e4	512	224	0	1273
1405	4	10537212583630	none	1274	362024e4	512	224	0	1274
1406	5	10537229792620	none	1275	362024e4	512	224	0	1275
1407	6	10537247141300	none	1276	362024e4	512	224	0	1276
1408	7	10537260333600	none	1277	362024e4	512	224	0	1277
1409	0	10537277653500	none	1278	362024e4	512	224	0	1278
1410	1	10537294952850	none	1279	362024e4	512	224	0	1279
1411	2	10537312132390	none	1280	362024e4	512	224	0	1280
1412	3	10537329371310	none	1281	362024e4	512	224	0	1281
1413	4	10537346577700	none	1282	362024e4	512	224	0	1282
1414	5	10537363836000	none	1283	362024e4	512	224	0	1283
1415	6	10537376981220	none	1284	362024e4	512	224	0	1284
1416	7	10537394181720	none	1285	362024e4	512	224	0	1285
1417	0	10537411395590	none	1286	362024e4	512	224	0	1286
1418	1	10537428607330	none	1287	362024e4	512	224	0	1287
1419	2	10537445817030	none	1288	362024e4	512	224	0	1288
1420	3	10537463011600	none	1289	362024e4	512	224	0	1289
1421	4	10537480210580	none	1290	362024e4	512	224	0	1290
1422	5	10537493409220	none	1291	362024e4	512	224	0	1291
1423	6	10537510634900	none	1292	362024e4	512	224	0	1292
1424	7	10537527991950	none	1293	362024e4	512	224	0	1293
1425	0	10537545187310	none	1294	362024e4	512	224	0	1294
1426	1	10537562418730	none	1295	362024e4	512	224	0	1295
1427	2	10537579644260	none	1296	362024e4	512	224	0	1296
1428	3	10537592889080	none	1297	362024e4	512	224	0	1297
1429	4	10537610069960	none	1298	362024e4	512	224	0	1298
1430	5	10537627314960	none	1299	362024e4	512	224	0	1299
1431	6	10537644538270	none	1300	362024e4	512	224	0	1300
1432	7	10537661740650	none	1301	362024e4	512	224	0	1301
1433	0	10537678941800	none	1302	362024e4	512	224	0	1302
1434	1	10537696308780	none	1303	362024e4	512	224	0	1303
1435	2	10537709497000	none	1304	362024e4	512	224	0	1304
1436	3	10537726804540	none	1305	362024e4	512	224	0	1305
1437	4	10537743992830	none	1306	362024e4	512	224	0	1306
1438	5	10537761205880	none	1307	362024e4	512	224	0	1307
1439	6	10537778425080	none	1308	362024e4	512	224	0	1308
1440	7	10537795735350	none	1309	362024e4	512	224	0	1309
1441	0	10537812973670	none	1310	362024e4	512	224	0	1310
1442	1	10537826124790	none	1311	362024e4	512	224	0	1311
1443	2	10537843354050	none	1312	362024e4	512	224	0	1312
1444	3	10537860594340	none	1313	362024e4	512	224	0	1313
1445	4	10537877812550	none	1314	362024e4	512	224	0	1314
1446	5	10537895161560	none	1315	362024e4	512	224	0	1315
1447	6	10537912391410	none	1316	362024e4	512	224	0	1316
1448	7	10537925599140	none	1317	362024e4	512	224	0	1317
1449	0	10537942934680	none	1318	362024e4	512	224	0	1318
1450	1	10537960114760	none	1319	362024e4	512	224	0	1319
1451	2	10537977339560	none	1320	362024e4	512	224	0	1320
1452	3	10537994542690	none	1321	362024e4	512	224	0	1321
1453	4	10538011778470	none	1322	362024e4	512	224	0	1322
1454	5	10538028958870	none	1323	362024e4	512	224	0	1323
1455	6	10538042119030	none	1324	362024e4	512	224	0	1324
1456	7	10538059369940	none	1325	362024e4	512	224	0	1325
1457	0	10538076574310	none	1326	362024e4	512	224	0	1326
1458	1	10538093784790	none	1327	362024e4	512	224	0	1327
1459	2	10538111083470	none	1328	362024e4	512	224	0	1328
1460	3	10538128322770	none	1329	362024e4	512	224	0	1329
1461	4	10538145537430	none	1330	362024e4	512	224	0	1330
1462	5	10538158745860	none	1331	362024e4	512	224	0	1331
1463	6	10538175997590	none	1332	362024e4	512	224	0	1332
1464	7	10538193197890	none	1333	362024e4	512	224	0	1333
1465	0	10538210411480	none	1334	362024e4	512	224	0	1334
1466	1	10538227623530	none	1335	362024e4	512	224	0	1335
1467	2	10538244905200	none	1336	362024e4	512	224	0	1336
1468	3	10538262125080	none	1337	362024e4	512	224	0	1337
1469	4	10538275317320	none	1338	362024e4	512	224	0	1338
1470	5	10538292560560	none	1339	362024e4	512	224	0	1339
1471	6	10538309781660	none	1340	362024e4	512	224	0	1340
1472	7	10538326963870	none	1341	362024e4	512	224	0	1341
1473	0	10538344338800	none	1342	362024e4	512	224	0	1342
1474	1	10538361550000	none	1343	362024e4	512	224	0	1343
1475	2	10538378766980	none	1344	362024e4	512	224	0	1344
1476	3	10538391960860	none	1345	362024e4	512	224	0	1345
1477	4	10538409260540	none	1346	362024e4	512	224	0	1346
1478	5	10538426540900	none	1347	362024e4	512	224	0	1347
1479	6	10538443770100	none	1348	362024e4	512	224	0	1348
1480	7	10538460951050	none	1349	362024e4	512	224	0	1349
1481	0	10538478153290	none	1350	362024e4	512	224	0	1350
1482	1	10538491352010	none	1351	362024e4	512	224	0	1351
1483	2	10538508632220	none	1352	362024e4	512	224	0	1352
1484	3	10538525880810	none	1353	362024e4	512	224	0	1353
1485	4	10538543219140	none	1354	362024e4	512	224	0	1354
1486	5	10538560420970	none	1355	362024e4	512	224	0	1355
1487	6	10538577628780	none	1356	362024e4	512	224	0	1356
1488	7	10538594975270	none	1357	362024e4	512	224	0	1357
1489	0	10538608127970	none	1358	362024e4	512	224	0	1358
1490	1	10538625406130	none	1359	362024e4	512	224	0	1359
1491	2	10538642623200	none	1360	362024e4	512	224	0	1360
1492	3	10538659871450	none	1361	362024e4	512	224	0	1361
1493	4	10538677072570	none	1362	362024e4	512	224	0	1362
1494	5	10538694393820	none	1363	362024e4	512	224	0	1363
1495	6	10538711605600	none	1364	362024e4	512	224	0	1364
1496	7	10538724774200	none	1365	362024e4	512	224	0	1365
1497	0	10538742057630	none	1366	362024e4	512	224	0	1366
1498	1	10538759310070	none	1367	362024e4	512	224	0	1367
1499	2	10538776542700	none	1368	362024e4	512	224	0	1368
1500	3	10538793845100	none	1369	362024e4	512	224	0	1369
1501	4	10538811047270	none	1370	362024e4	512	224	0	1370
1502	5	10538824242080	none	1371	362024e4	512	224	0	1371
1503	6	10538841457460	none	1372	362024e4	512	224	0	1372
1504	7	10538858745220	none	1373	362024e4	512	224	0	1373
1505	0	10538875963980	none	1374	362024e4	512	224	0	1374
1506	1	10538893203360	none	1375	362024e4	512	224	0	1375
1507	2	10538910431040	none	1376	362024e4	512	224	0	1376
1508	3	10538927637720	none	1377	362024e4	512	224	0	1377
1509	4	10538940816910	none	1378	362024e4	512	224	0	1378
1510	5	10538958117540	none	1379	362024e4	512	224	0	1379
1511	6	10538975390450	none	1380	362024e4	512	224	0	1380
1512	7	10538992760890	none	1381	362024e4	512	224	0	1381
1513	0	10539009964220	none	1382	362024e4	512	224	0	1382
1514	1	10539027176520	none	1383	362024e4	512	224	0	1383
1515	2	10539044393190	none	1384	362024e4	512	224	0	1384
1516	3	10539057559100	none	1385	362024e4	512	224	0	1385
1517	4	10539074759130	none	1386	362024e4	512	224	0	1386
1518	5	10539092197170	none	1387	362024e4	512	224	0	1387
1519	6	10539109444560	none	1388	362024e4	512	224	0	1388
1520	7	10539126652320	none	1389	362024e4	512	224	0	1389
1521	0	10539143987910	none	1390	362024e4	512	224	0	1390
1522	1	10539157150140	none	1391	362024e4	512	224	0	1391
1523	2	10539174378900	none	1392	362024e4	512	224	0	1392
1524	3	10539191602020	none	1393	362024e4	512	224	0	1393
1525	4	10539208915890	none	1394	362024e4	512	224	0	1394
1526	5	10539226303510	none	1395	362024e4	512	224	0	1395
1527	6	10539243531300	none	1396	362024e4	512	224	0	1396
1528	7	10539260743560	none	1397	362024e4	512	224	0	1397
1529	0	10539273897910	none	1398	362024e4	512	224	0	1398
1530	1	10539291259410	none	1399	362024e4	512	224	0	1399
1531	2	10539308545990	none	1400	362024e4	512	224	0	1400
1532	3	10539325794600	none	1401	362024e4	512	224	0	1401
1533	4	10539343008280	none	1402	362024e4	512	224	0	1402
1534	5	10539360208120	none	1403	362024e4	512	224	0	1403
1535	6	10539373385470	none	1404	362024e4	512	224	0	1404
1536	7	10539390629110	none	1405	362024e4	512	224	0	1405
1537	0	10539407855990	none	1406	362024e4	512	224	0	1406
1538	1	10539425034580	none	1407	362024e4	512	224	0	1407
1539	2	10539442315400	none	1408	362024e4	512	224	0	1408
1540	3	10539459554560	none	1409	362024e4	512	224	0	1409
1541	4	10539476775160	none	1410	362024e4	512	224	0	1410
1542	5	10539490028340	none	1411	362024e4	512	224	0	1411
1543	6	10539507277450	none	1412	362024e4	512	224	0	1412
1544	7	10539524511430	none	1413	362024e4	512	224	0	1413
1545	0	10539541856880	none	1414	362024e4	512	224	0	1414
1546	1	10539559101510	none	1415	362024e4	512	224	0	1415
1547	2	10539576365470	none	1416	362024e4	512	224	0	1416
1548	3	10539589548630	none	1417	362024e4	512	224	0	1417
1549	4	10539606748060	none	1418	362024e4	512	224	0	1418
1550	5	10539623943210	none	1419	362024e4	512	224	0	1419
1551	6	10539641161890	none	1420	362024e4	512	224	0	1420
1552	7	10539658397830	none	1421	362024e4	512	224	0	1421
1553	0	10539675665460	none	1422	362024e4	512	224	0	1422
1554	1	10539692896180	none	1423	362024e4	512	224	0	1423
1555	2	10539706229970	none	1424	362024e4	512	224	0	1424
1556	3	10539723452130	none	1425	362024e4	512	224	0	1425
1557	4	10539740747890	none	1426	362024e4	512	224	0	1426
1558	5	10539758075840	none	1427	362024e4	512	224	0	1427
1559	6	10539775338760	none	1428	362024e4	512	224	0	1428
1560	7	10539792577510	none	1429	362024e4	512	224	0	1429
1561	0	10539809796720	none	1430	362024e4	512	224	0	1430
1562	1	10539822954760	none	1431	362024e4	512	224	0	1431
1563	2	10539840414200	none	1432	362024e4	512	224	0	1432
1564	3	10539858005440	none	1433	362024e4	512	224	0	1433
1565	4	10539875345640	none	1434	362024e4	512	224	0	1434
1566	5	10539892586280	none	1435	362024e4	512	224	0	1435
1567	6	10539905788410	none	1436	362024e4	512	224	0	1436
1568	7	10539922963310	none	1437	362024e4	512	224	0	1437
1569	0	10539940308630	none	1438	362024e4	512	224	0	1438
1570	1	10539957524390	none	1439	362024e4	512	224	0	1439
1571	2	10539974733110	none	1440	362024e4	512	224	0	1440
1572	3	10539992001930	none	1441	362024e4	512	224	0	1441
1573	4	10540009415210	none	1442	362024e4	512	224	0	1442
1574	5	10540022651940	none	1443	362024e4	512	224	0	1443
1575	6	10540040036420	none	1444	362024e4	512	224	0	1444
1576	7	10540057258290	none	1445	362024e4	512	224	0	1445
1577	0	10540074489130	none	1446	362024e4	512	224	0	1446
1578	1	10540091705500	none	1447	362024e4	512	224	0	1447
1579	2	10540109098390	none	1448	362024e4	512	224	0	1448
1580	3	10540122313910	none	1449	362024e4	512	224	0	1449
1581	4	10540139646560	none	1450	362024e4	512	224	0	1450
1582	5	10540156948140	none	1451	362024e4	512	224	0	1451
1583	6	10540174134850	none	1452	362024e4	512	224	0	1452
1584	7	10540191410060	none	1453	362024e4	512	224	0	1453
1585	0	10540208697750	none	1454	362024e4	512	224	0	1454
1586	1	10540221876080	none	1455	362024e4	512	224	0	1455
1587	2	10540239228780	none	1456	362024e4	512	224	0	1456
1588	3	10540256455940	none	1457	362024e4	512	224	0	1457
1589	4	10540273660230	none	1458	362024e4	512	224	0	1458
1590	5	10540290999930	none	1459	362024e4	512	224	0	1459
1591	6	10540308210190	none	1460	362024e4	512	224	0	1460
1592	7	10540325500380	none	1461	362024e4	512	224	0	1461
1593	0	10540338747780	none	1462	362024e4	512	224	0	1462
1594	1	10540355985640	none	1463	362024e4	512	224	0	1463
1595	2	10540373181720	none	1464	362024e4	512	224	0	1464
1596	3	10540390411090	none	1465	362024e4	512	224	0	1465
1597	4	10540407641500	none	1466	362024e4	512	224	0	1466
1598	5	10540424856240	none	1467	362024e4	512	224	0	1467
1599	6	10540442153220	none	1468	362024e4	512	224	0	1468
1600	7	10540455366520	none	1469	362024e4	512	224	0	1469
1601	0	10540472564820	none	1470	362024e4	512	224	0	1470
1602	1	10540489778570	none	1471	362024e4	512	224	0	1471
1603	2	10540506990280	none	1472	362024e4	512	224	0	1472
1604	3	10540524163600	none	1473	362024e4	512	224	0	1473
1605	4	10540541374390	none	1474	362024e4	512	224	0	1474
1606	5	10540554752190	none	1475	362024e4	512	224	0	1475
1607	6	10540571978160	none	1476	362024e4	512	224	0	1476
1608	7	10540589170700	none	1477	362024e4	512	224	0	1477
1609	0	10540606435590	none	1478	362024e4	512	224	0	1478
1610	1	10540623655140	none	1479	362024e4	512	224	0	1479
1611	2	10540640877680	none	1480	362024e4	512	224	0	1480
1612	3	10540658239850	none	1481	362024e4	512	224	0	1481
1613	4	10540671490170	none	1482	362024e4	512	224	0	1482
1614	5	10540688792040	none	1483	362024e4	512	224	0	1483
1615	6	10540705982140	none	1484	362024e4	512	224	0	1484
1616	7	10540723194480	none	1485	362024e4	512	224	0	1485
1617	0	10540740412270	none	1486	362024e4	512	224	0	1486
1618	1	10540757720530	none	1487	362024e4	512	224	0	1487
1619	2	10540770910270	none	1488	362024e4	512	224	0	1488
1620	3	10540788087090	none	1489	362024e4	512	224	0	1489
1621	4	10540805319320	none	1490	362024e4	512	224	0	1490
1622	5	10540822622910	none	1491	362024e4	512	224	0	1491
1623	6	10540839838800	none	1492	362024e4	512	224	0	1492
1624	7	10540857212800	none	1493	362024e4	512	224	0	1493
1625	0	10540874428870	none	1494	362024e4	512	224	0	1494
1626	1	10540887591740	none	1495	362024e4	512	224	0	1495
1627	2	10540904782530	none	1496	362024e4	512	224	0	1496
1628	3	10540921949580	none	1497	362024e4	512	224	0	1497
1629	4	10540939161600	none	1498	362024e4	512	224	0	1498
1630	5	10540956452410	none	1499	362024e4	512	224	0	1499
1631	6	10540973644670	none	1500	362024e4	512	224	0	1500
1632	7	10540990883690	none	1501	362024e4	512	224	0	1501
1633	0	10541004051400	none	1502	362024e4	512	224	0	1502
1634	1	10541021250540	none	1503	362024e4	512	224	0	1503
1635	2	10541038451890	none	1504	362024e4	512	224	0	1504
1636	3	10541055644800	none	1505	362024e4	512	224	0	1505
1637	4	10541072876750	none	1506	362024e4	512	224	0	1506
1638	5	10541090097640	none	1507	362024e4	512	224	0	1507
1639	6	10541107375910	none	1508	362024e4	512	224	0	1508
1640	7	10541120559790	none	1509	362024e4	512	224	0	1509
1641	0	10541137819080	none	1510	362024e4	512	224	0	1510
1642	1	10541155007590	none	1511	362024e4	512	224	0	1511
1643	2	10541172230330	none	1512	362024e4	512	224	0	1512
1644	3	10541189486150	none	1513	362024e4	512	224	0	1513
1645	4	10541206856570	none	1514	362024e4	512	224	0	1514
1646	5	10541224058970	none	1515	362024e4	512	224	0	1515
1647	6	10541237273910	none	1516	362024e4	512	224	0	1516
1648	7	10541254477380	none	1517	362024e4	512	224	0	1517
1649	0	10541271696530	none	1518	362024e4	512	224	0	1518
1650	1	10541288889040	none	1519	362024e4	512	224	0	1519
1651	2	10541306267830	none	1520	362024e4	512	224	0	1520
1652	3	10541323475990	none	1521	362024e4	512	224	0	1521
1653	4	10541340688460	none	1522	362024e4	512	224	0	1522
1654	5	10541354092570	none	1523	362024e4	512	224	0	1523
1655	6	10541371324850	none	1524	362024e4	512	224	0	1524
1656	7	10541388548120	none	1525	362024e4	512	224	0	1525
1657	0	10541405771480	none	1526	362024e4	512	224	0	1526
1658	1	10541422966290	none	1527	362024e4	512	224	0	1527
1659	2	10541440168070	none	1528	362024e4	512	224	0	1528
1660	3	10541453375430	none	1529	362024e4	512	224	0	1529
1661	4	10541470582570	none	1530	362024e4	512	224	0	1530
1662	5	10541487831210	none	1531	362024e4	512	224	0	1531
1663	6	10541505169440	none	1532	362024e4	512	224	0	1532
1664	7	10541522411280	none	1533	362024e4	512	224	0	1533
1665	0	10541539608900	none	1534	362024e4	512	224	0	1534
1666	1	10541556976410	none	1535	362024e4	512	224	0	1535
1667	2	10541570139390	none	1536	362024e4	512	224	0	1536
1668	3	10541587366950	none	1537	362024e4	512	224	0	1537
1669	4	10541604569230	none	1538	362024e4	512	224	0	1538
1670	5	10541621829180	none	1539	362024e4	512	224	0	1539
1671	6	10541639030910	none	1540	362024e4	512	224	0	1540
1672	7	10541656281880	none	1541	362024e4	512	224	0	1541
1673	0	10541669454410	none	1542	362024e4	512	224	0	1542
1674	1	10541686642970	none	1543	362024e4	512	224	0	1543
1675	2	10541703860620	none	1544	362024e4	512	224	0	1544
1676	3	10541721107170	none	1545	362024e4	512	224	0	1545
1677	4	10541738328670	none	1546	362024e4	512	224	0	1546
1678	5	10541755618450	none	1547	362024e4	512	224	0	1547
1679	6	10541772945560	none	1548	362024e4	512	224	0	1548
1680	7	10541786102990	none	1549	362024e4	512	224	0	1549
1681	0	10541803389560	none	1550	362024e4	512	224	0	1550
1682	1	10541820592500	none	1551	362024e4	512	224	0	1551
1683	2	10541837880060	none	1552	362024e4	512	224	0	1552
1684	3	10541855067990	none	1553	362024e4	512	224	0	1553
1685	4	10541872289490	none	1554	362024e4	512	224	0	1554
1686	5	10541889519120	none	1555	362024e4	512	224	0	1555
1687	6	10541902712830	none	1556	362024e4	512	224	0	1556
1688	7	10541920055230	none	1557	362024e4	512	224	0	1557
1689	0	10541937281040	none	1558	362024e4	512	224	0	1558
1690	1	10541954591880	none	1559	362024e4	512	224	0	1559
1691	2	10541971932040	none	1560	362024e4	512	224	0	1560
1692	3	10541989118940	none	1561	362024e4	512	224	0	1561
1693	4	10542002312110	none	1562	362024e4	512	224	0	1562
1694	5	10542019501180	none	1563	362024e4	512	224	0	1563
1695	6	10542036706570	none	1564	362024e4	512	224	0	1564
1696	7	10542053907810	none	1565	362024e4	512	224	0	1565
1697	0	10542071109150	none	1566	362024e4	512	224	0	1566
1698	1	10542088338300	none	1567	362024e4	512	224	0	1567
1699	2	10542105565900	none	1568	362024e4	512	224	0	1568
1700	3	10542118750120	none	1569	362024e4	512	224	0	1569
1701	4	10542135992910	none	1570	362024e4	512	224	0	1570
1702	5	10542153209120	none	1571	362024e4	512	224	0	1571
1703	6	10542170420710	none	1572	362024e4	512	224	0	1572
1704	7	10542187610180	none	1573	362024e4	512	224	0	1573
1705	0	10542204889710	none	1574	362024e4	512	224	0	1574
1706	1	10542222094850	none	1575	362024e4	512	224	0	1575
1707	2	10542235274990	none	1576	362024e4	512	224	0	1576
1708	3	10542252472550	none	1577	362024e4	512	224	0	1577
1709	4	10542269687590	none	1578	362024e4	512	224	0	1578
1710	5	10542286888060	none	1579	362024e4	512	224	0	1579
1711	6	10542304093370	none	1580	362024e4	512	224	0	1580
1712	7	10542321323460	none	1581	362024e4	512	224	0	1581
1713	0	10542338526390	none	1582	362024e4	512	224	0	1582
1714	1	10542351712620	none	1583	362024e4	512	224	0	1583
1715	2	10542369034890	none	1584	362024e4	512	224	0	1584
1716	3	10542386248320	none	1585	362024e4	512	224	0	1585
1717	4	10542403547510	none	1586	362024e4	512	224	0	1586
1718	5	10542420780250	none	1587	362024e4	512	224	0	1587
1719	6	10542438016410	none	1588	362024e4	512	224	0	1588
1720	7	10542455225110	none	1589	362024e4	512	224	0	1589
1721	0	10542468400710	none	1590	362024e4	512	224	0	1590
1722	1	10542485588620	none	1591	362024e4	512	224	0	1591
1723	2	10542502816760	none	1592	362024e4	512	224	0	1592
1724	3	10542520021800	none	1593	362024e4	512	224	0	1593
1725	4	10542537242650	none	1594	362024e4	512	224	0	1594
1726	5	10542554536470	none	1595	362024e4	512	224	0	1595
1727	6	10542571746530	none	1596	362024e4	512	224	0	1596
1728	7	10542585027480	none	1597	362024e4	512	224	0	1597
1729	0	10542602383190	none	1598	362024e4	512	224	0	1598
1730	1	10542619589670	none	1599	362024e4	512	224	0	1599
1731	2	10542636851760	none	1600	362024e4	512	224	0	1600
1732	3	10542654105400	none	1601	362024e4	512	224	0	1601
1733	4	10542671317860	none	1602	362024e4	512	224	0	1602
1734	5	10542684494790	none	1603	362024e4	512	224	0	1603
1735	6	10542701724770	none	1604	362024e4	512	224	0	1604
1736	7	10542718908600	none	1605	362024e4	512	224	0	1605
1737	0	10542736110720	none	1606	362024e4	512	224	0	1606
1738	1	10542753348130	none	1607	362024e4	512	224	0	1607
1739	2	10542770572300	none	1608	362024e4	512	224	0	1608
1740	3	10542787801680	none	1609	362024e4	512	224	0	1609
1741	4	10542800930920	none	1610	362024e4	512	224	0	1610
1742	5	10542818109750	none	1611	362024e4	512	224	0	1611
1743	6	10542835315340	none	1612	362024e4	512	224	0	1612
1744	7	10542852605100	none	1613	362024e4	512	224	0	1613
1745	0	10542869937870	none	1614	362024e4	512	224	0	1614
1746	1	10542887129720	none	1615	362024e4	512	224	0	1615
1747	2	10542904386120	none	1616	362024e4	512	224	0	1616
1748	3	10542917541240	none	1617	362024e4	512	224	0	1617
1749	4	10542934767480	none	1618	362024e4	512	224	0	1618
1750	5	10542951965350	none	1619	362024e4	512	224	0	1619
1751	6	10542969186990	none	1620	362024e4	512	224	0	1620
1752	7	10542986398790	none	1621	362024e4	512	224	0	1621
1753	0	10543003604720	none	1622	362024e4	512	224	0	1622
1754	1	10543020812770	none	1623	362024e4	512	224	0	1623
1755	2	10543033963140	none	1624	362024e4	512	224	0	1624
1756	3	10543051332660	none	1625	362024e4	512	224	0	1625
1757	4	10543068537280	none	1626	362024e4	512	224	0	1626
1758	5	10543085734070	none	1627	362024e4	512	224	0	1627
1759	6	10543102997370	none	1628	362024e4	512	224	0	1628
1760	7	10543120294520	none	1629	362024e4	512	224	0	1629
1761	0	10543137507710	none	1630	362024e4	512	224	0	1630
1762	1	10543150665310	none	1631	362024e4	512	224	0	1631
1763	2	10543167850720	none	1632	362024e4	512	224	0	1632
1764	3	10543185039900	none	1633	362024e4	512	224	0	1633
1765	4	10543202263830	none	1634	362024e4	512	224	0	1634
1766	5	10543219505160	none	1635	362024e4	512	224	0	1635
1767	6	10543236756560	none	1636	362024e4	512	224	0	1636
1768	7	10543253934790	none	1637	362024e4	512	224	0	1637
1769	0	10543267263640	none	1638	362024e4	512	224	0	1638
1770	1	10543284461840	none	1639	362024e4	512	224	0	1639
1771	2	10543301736820	none	1640	362024e4	512	224	0	1640
1772	3	10543318953500	none	1641	362024e4	512	224	0	1641
1773	4	10543336165950	none	1642	362024e4	512	224	0	1642
1774	5	10543353385030	none	1643	362024e4	512	224	0	1643
1775	6	10543366651930	none	1644	362024e4	512	224	0	1644
1776	7	10543383883820	none	1645	362024e4	512	224	0	1645
1777	0	10543401058640	none	1646	362024e4	512	224	0	1646
1778	1	10543418275400	none	1647	362024e4	512	224	0	1647
1779	2	10543435505910	none	1648	362024e4	512	224	0	1648
1780	3	10543452716600	none	1649	362024e4	512	224	0	1649
1781	4	10543469902520	none	1650	362024e4	512	224	0	1650
1782	5	10543483148980	none	1651	362024e4	512	224	0	1651
1783	6	10543500496400	none	1652	362024e4	512	224	0	1652
1784	7	10543517701900	none	1653	362024e4	512	224	0	1653
1785	0	10543534883150	none	1654	362024e4	512	224	0	1654
1786	1	10543552090720	none	1655	362024e4	512	224	0	1655
1787	2	10543569322850	none	1656	362024e4	512	224	0	1656
1788	3	10543586545090	none	1657	362024e4	512	224	0	1657
1789	4	10543599726060	none	1658	362024e4	512	224	0	1658
1790	5	10543617006520	none	1659	362024e4	512	224	0	1659
1791	6	10543634221060	none	1660	362024e4	512	224	0	1660
1792	7	10543651438610	none	1661	362024e4	512	224	0	1661
1793	0	10543668666200	none	1662	362024e4	512	224	0	1662
1794	1	10543685855890	none	1663	362024e4	512	224	0	1663
1795	2	10543703055900	none	1664	362024e4	512	224	0	1664
1796	3	10543716342870	none	1665	362024e4	512	224	0	1665
1797	4	10543733552850	none	1666	362024e4	512	224	0	1666
1798	5	10543750796340	none	1667	362024e4	512	224	0	1667
1799	6	10543767998070	none	1668	362024e4	512	224	0	1668
1800	7	10543785237270	none	1669	362024e4	512	224	0	1669
1801	0	10543802446620	none	1670	362024e4	512	224	0	1670
1802	1	10543819777550	none	1671	362024e4	512	224	0	1671
1803	2	10543832933950	none	1672	362024e4	512	224	0	1672
1804	3	10543850141680	none	1673	362024e4	512	224	0	1673
1805	4	10543867383200	none	1674	362024e4	512	224	0	1674
1806	5	10543884589230	none	1675	362024e4	512	224	0	1675
1807	6	10543901829180	none	1676	362024e4	512	224	0	1676
1808	7	10543919180220	none	1677	362024e4	512	224	0	1677
1809	0	10543936401420	none	1678	362024e4	512	224	0	1678
1810	1	10543949575820	none	1679	362024e4	512	224	0	1679
1811	2	10543966781750	none	1680	362024e4	512	224	0	1680
1812	3	10543984010990	none	1681	362024e4	512	224	0	1681
1813	4	10544001787330	none	1682	362024e4	512	224	0	1682
1814	5	10544019567880	none	1683	362024e4	512	224	0	1683
1815	6	10544033008820	none	1684	362024e4	512	224	0	1684
1816	7	10544050474500	none	1685	362024e4	512	224	0	1685
1817	0	10544068071380	none	1686	362024e4	512	224	0	1686
1818	1	10544085403830	none	1687	362024e4	512	224	0	1687
1819	2	10544102736340	none	1688	362024e4	512	224	0	1688
1820	3	10544116022110	none	1689	362024e4	512	224	0	1689
1821	4	10544133284570	none	1690	362024e4	512	224	0	1690
1822	5	10544150506720	none	1691	362024e4	512	224	0	1691
1823	6	10544167791830	none	1692	362024e4	512	224	0	1692
1824	7	10544185184120	none	1693	362024e4	512	224	0	1693
1825	0	10544202496860	none	1694	362024e4	512	224	0	1694
1826	1	10544215780200	none	1695	362024e4	512	224	0	1695
1827	2	10544233031000	none	1696	362024e4	512	224	0	1696
1828	3	10544250538150	none	1697	362024e4	512	224	0	1697
1829	4	10544268290300	none	1698	362024e4	512	224	0	1698
1830	5	10544285647830	none	1699	362024e4	512	224	0	1699
1831	6	10544298887790	none	1700	362024e4	512	224	0	1700
1832	7	10544316303360	none	1701	362024e4	512	224	0	1701
1833	0	10544333794940	none	1702	362024e4	512	224	0	1702
1834	1	10544350978570	none	1703	362024e4	512	224	0	1703
1835	2	10544368326150	none	1704	362024e4	512	224	0	1704
1836	3	10544385531220	none	1705	362024e4	512	224	0	1705
1837	4	10544398717470	none	1706	362024e4	512	224	0	1706
1838	5	10544415943010	none	1707	362024e4	512	224	0	1707
1839	6	10544433159910	none	1708	362024e4	512	224	0	1708
1840	7	10544450387160	none	1709	362024e4	512	224	0	1709
1841	0	10544467595570	none	1710	362024e4	512	224	0	1710
1842	1	10544484932260	none	1711	362024e4	512	224	0	1711
1843	2	10544502133370	none	1712	362024e4	512	224	0	1712
1844	3	10544515315960	none	1713	362024e4	512	224	0	1713
1845	4	10544532509110	none	1714	362024e4	512	224	0	1714
1846	5	10544549748760	none	1715	362024e4	512	224	0	1715
1847	6	10544566924860	none	1716	362024e4	512	224	0	1716
1848	7	10544584137850	none	1717	362024e4	512	224	0	1717
1849	0	10544601360290	none	1718	362024e4	512	224	0	1718
1850	1	10544618572620	none	1719	362024e4	512	224	0	1719
1851	2	10544631880750	none	1720	362024e4	512	224	0	1720
1852	3	10544649071560	none	1721	362024e4	512	224	0	1721
1853	4	10544666288570	none	1722	362024e4	512	224	0	1722
1854	5	10544683494890	none	1723	362024e4	512	224	0	1723
1855	6	10544700707620	none	1724	362024e4	512	224	0	1724
1856	7	10544717986320	none	1725	362024e4	512	224	0	1725
1857	0	10544731189410	none	1726	362024e4	512	224	0	1726
1858	1	10544748418080	none	1727	362024e4	512	224	0	1727
1859	2	10544765648800	none	1728	362024e4	512	224	0	1728
1860	3	10544782843850	none	1729	362024e4	512	224	0	1729
1861	4	10544800033250	none	1730	362024e4	512	224	0	1730
1862	5	10544817401800	none	1731	362024e4	512	224	0	1731
1863	6	10544834672530	none	1732	362024e4	512	224	0	1732
1864	7	10544847858500	none	1733	362024e4	512	224	0	1733
1865	0	10544865128730	none	1734	362024e4	512	224	0	1734
1866	1	10544882506740	none	1735	362024e4	512	224	0	1735
1867	2	10544899915190	none	1736	362024e4	512	224	0	1736
1868	3	10544917132750	none	1737	362024e4	512	224	0	1737
1869	4	10544934360390	none	1738	362024e4	512	224	0	1738
1870	5	10544947524640	none	1739	362024e4	512	224	0	1739
1871	6	10544964736830	none	1740	362024e4	512	224	0	1740
1872	7	10544982063200	none	1741	362024e4	512	224	0	1741
1873	0	10544999288690	none	1742	362024e4	512	224	0	1742
1874	1	10545016612970	none	1743	362024e4	512	224	0	1743
1875	2	10545033923040	none	1744	362024e4	512	224	0	1744
1876	3	10545051128130	none	1745	362024e4	512	224	0	1745
1877	4	10545064356740	none	1746	362024e4	512	224	0	1746
1878	5	10545081566990	none	1747	362024e4	512	224	0	1747
1879	6	10545098786270	none	1748	362024e4	512	224	0	1748
1880	7	10545116141410	none	1749	362024e4	512	224	0	1749
1881	0	10545133364150	none	1750	362024e4	512	224	0	1750
1882	1	10545150562680	none	1751	362024e4	512	224	0	1751
1883	2	10545163740440	none	1752	362024e4	512	224	0	1752
1884	3	10545180911600	none	1753	362024e4	512	224	0	1753
1885	4	10545198104190	none	1754	362024e4	512	224	0	1754
1886	5	10545215331730	none	1755	362024e4	512	224	0	1755
1887	6	10545232537230	none	1756	362024e4	512	224	0	1756
1888	7	10545249763170	none	1757	362024e4	512	224	0	1757
1889	0	10545267030680	none	1758	362024e4	512	224	0	1758
1890	1	10545280217850	none	1759	362024e4	512	224	0	1759
1891	2	10545297434470	none	1760	362024e4	512	224	0	1760
1892	3	10545314646370	none	1761	362024e4	512	224	0	1761
1893	4	10545331837350	none	1762	362024e4	512	224	0	1762
1894	5	10545349088550	none	1763	362024e4	512	224	0	1763
1895	6	10545366321180	none	1764	362024e4	512	224	0	1764
1896	7	10545383531060	none	1765	362024e4	512	224	0	1765
1897	0	10545396706950	none	1766	362024e4	512	224	0	1766
1898	1	10545413882530	none	1767	362024e4	512	224	0	1767
1899	2	10545431125100	none	1768	362024e4	512	224	0	1768
1900	3	10545448339640	none	1769	362024e4	512	224	0	1769
1901	4	10545465649600	none	1770	362024e4	512	224	0	1770
1902	5	10545482943870	none	1771	362024e4	512	224	0	1771
1903	6	10545500162910	none	1772	362024e4	512	224	0	1772
1904	7	10545513351390	none	1773	362024e4	512	224	0	1773
1905	0	10545530551830	none	1774	362024e4	512	224	0	1774
1906	1	10545547786150	none	1775	362024e4	512	224	0	1775
1907	2	10545564969230	none	1776	362024e4	512	224	0	1776
1908	3	10545582201610	none	1777	362024e4	512	224	0	1777
1909	4	10545599414690	none	1778	362024e4	512	224	0	1778
1910	5	10545616649160	none	1779	362024e4	512	224	0	1779
1911	6	10545629794610	none	1780	362024e4	512	224	0	1780
1912	7	10545646971800	none	1781	362024e4	512	224	0	1781
1913	0	10545664297060	none	1782	362024e4	512	224	0	1782
1914	1	10545681509410	none	1783	362024e4	512	224	0	1783
1915	2	10545698731910	none	1784	362024e4	512	224	0	1784
1916	3	10545716007340	none	1785	362024e4	512	224	0	1785
1917	4	10545733237790	none	1786	362024e4	512	224	0	1786
1918	5	10545746414500	none	1787	362024e4	512	224	0	1787
1919	6	10545763630960	none	1788	362024e4	512	224	0	1788
1920	7	10545780817110	none	1789	362024e4	512	224	0	1789
1921	0	10545798000050	none	1790	362024e4	512	224	0	1790
1922	1	10545815238640	none	1791	362024e4	512	224	0	1791
1923	2	10545832468590	none	1792	362024e4	512	224	0	1792
1924	3	10545849691200	none	1793	362024e4	512	224	0	1793
1925	4	10545862837900	none	1794	362024e4	512	224	0	1794
1926	5	10545880118760	none	1795	362024e4	512	224	0	1795
1927	6	10545897335160	none	1796	362024e4	512	224	0	1796
1928	7	10545914641810	none	1797	362024e4	512	224	0	1797
1929	0	10545931944140	none	1798	362024e4	512	224	0	1798
1930	1	10545949156350	none	1799	362024e4	512	224	0	1799
1931	2	10545966366850	none	1800	362024e4	512	224	0	1800
1932	3	10545979535010	none	1801	362024e4	512	224	0	1801
1933	4	10545996742640	none	1802	362024e4	512	224	0	1802
1934	5	10546013923790	none	1803	362024e4	512	224	0	1803
1935	6	10546031157320	none	1804	362024e4	512	224	0	1804
1936	7	10546048370550	none	1805	362024e4	512	224	0	1805
1937	0	10546065591210	none	1806	362024e4	512	224	0	1806
1938	1	10546082798740	none	1807	362024e4	512	224	0	1807
1939	2	10546095960570	none	1808	362024e4	512	224	0	1808
1940	3	10546113335000	none	1809	362024e4	512	224	0	1809
1941	4	10546130552590	none	1810	362024e4	512	224	0	1810
1942	5	10546147763790	none	1811	362024e4	512	224	0	1811
1943	6	10546165013260	none	1812	362024e4	512	224	0	1812
1944	7	10546182234310	none	1813	362024e4	512	224	0	1813
1945	0	10546195406380	none	1814	362024e4	512	224	0	1814
1946	1	10546212674820	none	1815	362024e4	512	224	0	1815
1947	2	10546229869490	none	1816	362024e4	512	224	0	1816
1948	3	10546247088030	none	1817	362024e4	512	224	0	1817
1949	4	10546264321320	none	1818	362024e4	512	224	0	1818
1950	5	10546281539510	none	1819	362024e4	512	224	0	1819
1951	6	10546298754140	none	1820	362024e4	512	224	0	1820
1952	7	10546311924590	none	1821	362024e4	512	224	0	1821
1953	0	10546329118770	none	1822	362024e4	512	224	0	1822
1954	1	10546346331800	none	1823	362024e4	512	224	0	1823
1955	2	10546363650530	none	1824	362024e4	512	224	0	1824
1956	3	10546380942900	none	1825	362024e4	512	224	0	1825
1957	4	10546398168080	none	1826	362024e4	512	224	0	1826
1958	5	10546415482910	none	1827	362024e4	512	224	0	1827
1959	6	10546428747110	none	1828	362024e4	512	224	0	1828
1960	7	10546445929360	none	1829	362024e4	512	224	0	1829
1961	0	10546463144810	none	1830	362024e4	512	224	0	1830
1962	1	10546480392700	none	1831	362024e4	512	224	0	1831
1963	2	10546497598830	none	1832	362024e4	512	224	0	1832
1964	3	10546514799200	none	1833	362024e4	512	224	0	1833
1965	4	10546528132610	none	1834	362024e4	512	224	0	1834
1966	5	10546545338880	none	1835	362024e4	512	224	0	1835
1967	6	10546562629200	none	1836	362024e4	512	224	0	1836
1968	7	10546579926120	none	1837	362024e4	512	224	0	1837
1969	0	10546597154810	none	1838	362024e4	512	224	0	1838
1970	1	10546614392370	none	1839	362024e4	512	224	0	1839
1971	2	10546631631250	none	1840	362024e4	512	224	0	1840
1972	3	10546644791360	none	1841	362024e4	512	224	0	1841
1973	4	10546662177560	none	1842	362024e4	512	224	0	1842
1974	5	10546679421300	none	1843	362024e4	512	224	0	1843
1975	6	10546696677520	none	1844	362024e4	512	224	0	1844
1976	7	10546714005650	none	1845	362024e4	512	224	0	1845
1977	0	10546731229690	none	1846	362024e4	512	224	0	1846
1978	1	10546748434950	none	1847	362024e4	512	224	0	1847
1979	2	10546761618580	none	1848	362024e4	512	224	0	1848
1980	3	10546778803170	none	1849	362024e4	512	224	0	1849
1981	4	10546795998750	none	1850	362024e4	512	224	0	1850
1982	5	10546813230380	none	1851	362024e4	512	224	0	1851
1983	6	10546830418750	none	1852	362024e4	512	224	0	1852
1984	7	10546847626790	none	1853	362024e4	512	224	0	1853
1985	0	10546864892610	none	1854	362024e4	512	224	0	1854
1986	1	10546878083160	none	1855	362024e4	512	224	0	1855
1987	2	10546895296650	none	1856	362024e4	512	224	0	1856
1988	3	10546912526900	none	1857	362024e4	512	224	0	1857
1989	4	10546929757760	none	1858	362024e4	512	224	0	1858
1990	5	10546947192420	none	1859	362024e4	512	224	0	1859
1991	6	10546964405740	none	1860	362024e4	512	224	0	1860
1992	7	10546977672960	none	1861	362024e4	512	224	0	1861
1993	0	10546994890230	none	1862	362024e4	512	224	0	1862
1994	1	10547012135780	none	1863	362024e4	512	224	0	1863
1995	2	10547029365970	none	1864	362024e4	512	224	0	1864
1996	3	10547046585360	none	1865	362024e4	512	224	0	1865
1997	4	10547063774370	none	1866	362024e4	512	224	0	1866
1998	5	10547080938470	none	1867	362024e4	512	224	0	1867
1999	6	10547094134770	none	1868	362024e4	512	224	0	1868
2000	7	10547111473330	none	1869	362024e4	512	224	0	1869
2001	0	10547128708680	none	1870	362024e4	512	224	0	1870
2002	1	10547145921310	none	1871	362024e4	512	224	0	1871
2003	2	10547163144000	none	1872	362024e4	512	224	0	1872
2004	3	10547180469660	none	1873	362024e4	512	224	0	1873
2005	4	10547193664280	none	1874	362024e4	512	224	0	1874
2006	5	10547210960690	none	1875	362024e4	512	224	0	1875
2007	6	10547228188880	none	1876	362024e4	512	224	0	1876
2008	7	10547245389050	none	1877	362024e4	512	224	0	1877
2009	0	10547262602450	none	1878	362024e4	512	224	0	1878
2010	1	10547279801550	none	1879	362024e4	512	224	0	1879
2011	2	10547296980440	none	1880	362024e4	512	224	0	1880
2012	3	10547310164990	none	1881	362024e4	512	224	0	1881
2013	4	10547327429660	none	1882	362024e4	512	224	0	1882
2014	5	10547344635850	none	1883	362024e4	512	224	0	1883
2015	6	10547362005060	none	1884	362024e4	512	224	0	1884
2016	7	10547379230660	none	1885	362024e4	512	224	0	1885
2017	0	10547396441150	none	1886	362024e4	512	224	0	1886
2018	1	10547413654650	none	1887	362024e4	512	224	0	1887
2019	2	10547426888380	none	1888	362024e4	512	224	0	1888
2020	3	10547444090060	none	1889	362024e4	512	224	0	1889
2021	4	10547461320970	none	1890	362024e4	512	224	0	1890
2022	5	10547478536840	none	1891	362024e4	512	224	0	1891
2023	6	10547495743930	none	1892	362024e4	512	224	0	1892
2024	7	10547512963190	none	1893	362024e4	512	224	0	1893
2025	0	10547530320220	none	1894	362024e4	512	224	0	1894
2026	1	10547543492460	none	1895	362024e4	512	224	0	1895
2027	2	10547560714840	none	1896	362024e4	512	224	0	1896
2028	3	10547577896260	none	1897	362024e4	512	224	0	1897
2029	4	10547595118890	none	1898	362024e4	512	224	0	1898
2030	5	10547612366680	none	1899	362024e4	512	224	0	1899
2031	6	10547629667950	none	1900	362024e4	512	224	0	1900
2032	7	10547642927180	none	1901	362024e4	512	224	0	1901
2033	0	10547660169060	none	1902	362024e4	512	224	0	1902
2034	1	10547677381570	none	1903	362024e4	512	224	0	1903
2035	2	10547694598520	none	1904	362024e4	512	224	0	1904
2036	3	10547711815640	none	1905	362024e4	512	224	0	1905
2037	4	10547729178610	none	1906	362024e4	512	224	0	1906
2038	5	10547746420890	none	1907	362024e4	512	224	0	1907
2039	6	10547759595740	none	1908	362024e4	512	224	0	1908
2040	7	10547776937650	none	1909	362024e4	512	224	0	1909
2041	0	10547794171050	none	1910	362024e4	512	224	0	1910
2042	1	10547811395960	none	1911	362024e4	512	224	0	1911
2043	2	10547828630650	none	1912	362024e4	512	224	0	1912
2044	3	10547845821090	none	1913	362024e4	512	224	0	1913
2045	4	10547863020720	none	1914	362024e4	512	224	0	1914
2046	5	10547876208030	none	1915	362024e4	512	224	0	1915
2047	6	10547893404460	none	1916	362024e4	512	224	0	1916
2048	7	10547910624280	none	1917	362024e4	512	224	0	1917
2049	0	10547927885100	none	1918	362024e4	512	224	0	1918
2050	1	10547945101390	none	1919	362024e4	512	224	0	1919
2051	2	10547962391620	none	1920	362024e4	512	224	0	1920
2052	3	10547979642020	none	1921	362024e4	512	224	0	1921
2053	4	10547992793950	none	1922	362024e4	512	224	0	1922
2054	5	10548010035220	none	1923	362024e4	512	224	0	1923
2055	6	10548027247930	none	1924	362024e4	512	224	0	1924
2056	7	10548044450350	none	1925	362024e4	512	224	0	1925
2057	0	10548061758000	none	1926	362024e4	512	224	0	1926
2058	1	10548079092170	none	1927	362024e4	512	224	0	1927
2059	2	10548092297630	none	1928	362024e4	512	224	0	1928
2060	3	10548109513750	none	1929	362024e4	512	224	0	1929
2061	4	10548126742290	none	1930	362024e4	512	224	0	1930
2062	5	10548144119310	none	1931	362024e4	512	224	0	1931
2063	6	10548161330810	none	1932	362024e4	512	224	0	1932
2064	7	10548178646000	none	1933	362024e4	512	224	0	1933
2065	0	10548195944430	none	1934	362024e4	512	224	0	1934
2066	1	10548209156790	none	1935	362024e4	512	224	0	1935
2067	2	10548226382120	none	1936	362024e4	512	224	0	1936
2068	3	10548243600880	none	1937	362024e4	512	224	0	1937
2069	4	10548260790240	none	1938	362024e4	512	224	0	1938
2070	5	10548278176710	none	1939	362024e4	512	224	0	1939
2071	6	10548295385930	none	1940	362024e4	512	224	0	1940
2072	7	10548308604350	none	1941	362024e4	512	224	0	1941
2073	0	10548325814370	none	1942	362024e4	512	224	0	1942
2074	1	10548343125770	none	1943	362024e4	512	224	0	1943
2075	2	10548360365090	none	1944	362024e4	512	224	0	1944
2076	3	10548377692480	none	1945	362024e4	512	224	0	1945
2077	4	10548394951520	none	1946	362024e4	512	224	0	1946
2078	5	10548412174880	none	1947	362024e4	512	224	0	1947
2079	6	10548425411460	none	1948	362024e4	512	224	0	1948
2080	7	10548442632570	none	1949	362024e4	512	224	0	1949
2081	0	10548459805600	none	1950	362024e4	512	224	0	1950
2082	1	10548477146700	none	1951	362024e4	512	224	0	1951
2083	2	10548494361910	none	1952	362024e4	512	224	0	1952
2084	3	10548511580940	none	1953	362024e4	512	224	0	1953
2085	4	10548528776760	none	1954	362024e4	512	224	0	1954
2086	5	10548541939130	none	1955	362024e4	512	224	0	1955
2087	6	10548559214350	none	1956	362024e4	512	224	0	1956
2088	7	10548576425710	none	1957	362024e4	512	224	0	1957
2089	0	10548593640770	none	1958	362024e4	512	224	0	1958
2090	1	10548610904530	none	1959	362024e4	512	224	0	1959
2091	2	10548628135080	none	1960	362024e4	512	224	0	1960
2092	3	10548641333910	none	1961	362024e4	512	224	0	1961
2093	4	10548658641940	none	1962	362024e4	512	224	0	1962
2094	5	10548675838430	none	1963	362024e4	512	224	0	1963
2095	6	10548693051420	none	1964	362024e4	512	224	0	1964
2096	7	10548710285810	none	1965	362024e4	512	224	0	1965
2097	0	10548727499150	none	1966	362024e4	512	224	0	1966
2098	1	10548744717730	none	1967	362024e4	512	224	0	1967
2099	2	10548758033600	none	1968	362024e4	512	224	0	1968
2100	3	10548775324340	none	1969	362024e4	512	224	0	1969
2101	4	10548792556360	none	1970	362024e4	512	224	0	1970
2102	5	10548809906860	none	1971	362024e4	512	224	0	1971
2103	6	10548827152100	none	1972	362024e4	512	224	0	1972
2104	7	10548844373800	none	1973	362024e4	512	224	0	1973
2105	0	10548861590810	none	1974	362024e4	512	224	0	1974
2106	1	10548874759950	none	1975	362024e4	512	224	0	1975
2107	2	10548892114730	none	1976	362024e4	512	224	0	1976
2108	3	10548909335710	none	1977	362024e4	512	224	0	1977
2109	4	10548926664300	none	1978	362024e4	512	224	0	1978
2110	5	10548943955040	none	1979	362024e4	512	224	0	1979
2111	6	10548961182590	none	1980	362024e4	512	224	0	1980
2112	7	10548974361550	none	1981	362024e4	512	224	0	1981
2113	0	10548991632340	none	1982	362024e4	512	224	0	1982
2114	1	10549008925810	none	1983	362024e4	512	224	0	1983
2115	2	10549026301030	none	1984	362024e4	512	224	0	1984
2116	3	10549043511730	none	1985	362024e4	512	224	0	1985
2117	4	10549060721910	none	1986	362024e4	512	224	0	1986
2118	5	10549077915430	none	1987	362024e4	512	224	0	1987
2119	6	10549091248290	none	1988	362024e4	512	224	0	1988
2120	7	10549108536280	none	1989	362024e4	512	224	0	1989
2121	0	10549125837590	none	1990	362024e4	512	224	0	1990
2122	1	10549143101990	none	1991	362024e4	512	224	0	1991
2123	2	10549160312160	none	1992	362024e4	512	224	0	1992
2124	3	10549177541130	none	1993	362024e4	512	224	0	1993
2125	4	10549190692870	none	1994	362024e4	512	224	0	1994
2126	5	10549207859020	none	1995	362024e4	512	224	0	1995
2127	6	10549225233300	none	1996	362024e4	512	224	0	1996
2128	7	10549242463040	none	1997	362024e4	512	224	0	1997
2129	0	10549259654730	none	1998	362024e4	512	224	0	1998
2130	1	10549276987410	none	1999	362024e4	512	224	0	1999
2131	2	10549294211410	none	2000	362024e4	512	224	0	2000
2132	3	10549307387440	none	2001	362024e4	512	224	0	2001
2133	4	10549324597550	none	2002	362024e4	512	224	0	2002
2134	5	10549341951960	none	2003	362024e4	512	224	0	2003
2135	6	10549359204470	none	2004	362024e4	512	224	0	2004
2136	7	10549376430630	none	2005	362024e4	512	224	0	2005
2137	0	10549393739090	none	2006	362024e4	512	224	0	2006
2138	1	10549407037010	none	2007	362024e4	512	224	0	2007
2139	2	10549424248130	none	2008	362024e4	512	224	0	2008
2140	3	10549441450520	none	2009	362024e4	512	224	0	2009
2141	4	10549458752830	none	2010	362024e4	512	224	0	2010
2142	5	10549475999590	none	2011	362024e4	512	224	0	2011
2143	6	10549493226090	none	2012	362024e4	512	224	0	2012
2144	7	10549510506170	none	2013	362024e4	512	224	0	2013
2145	0	10549523672900	none	2014	362024e4	512	224	0	2014
2146	1	10549540856880	none	2015	362024e4	512	224	0	2015
2147	2	10549558082480	none	2016	362024e4	512	224	0	2016
2148	3	10549575361410	none	2017	362024e4	512	224	0	2017
2149	4	10549592577330	none	2018	362024e4	512	224	0	2018
2150	5	10549609802480	none	2019	362024e4	512	224	0	2019
2151	6	10549627019860	none	2020	362024e4	512	224	0	2020
2152	7	10549640336780	none	2021	362024e4	512	224	0	2021
2153	0	10549657506560	none	2022	362024e4	512	224	0	2022
2154	1	10549674781860	none	2023	362024e4	512	224	0	2023
2155	2	10549692077540	none	2024	362024e4	512	224	0	2024
2156	3	10549709306690	none	2025	362024e4	512	224	0	2025
2157	4	10549726530230	none	2026	362024e4	512	224	0	2026
2158	5	10549739674170	none	2027	362024e4	512	224	0	2027
2159	6	10549756845850	none	2028	362024e4	512	224	0	2028
2160	7	10549774196510	none	2029	362024e4	512	224	0	2029
2161	0	10549791412950	none	2030	362024e4	512	224	0	2030
2162	1	10549808719500	none	2031	362024e4	512	224	0	2031
2163	2	10549825929850	none	2032	362024e4	512	224	0	2032
2164	3	10549843272980	none	2033	362024e4	512	224	0	2033
2165	4	10549856427980	none	2034	362024e4	512	224	0	2034
2166	5	10549873754360	none	2035	362024e4	512	224	0	2035
2167	6	10549891012760	none	2036	362024e4	512	224	0	2036
2168	7	10549908414030	none	2037	362024e4	512	224	0	2037
2169	0	10549925985570	none	2038	362024e4	512	224	0	2038
2170	1	10549939280260	none	2039	362024e4	512	224	0	2039
2171	2	10549956478140	none	2040	362024e4	512	224	0	2040
2172	3	10549973772170	none	2041	362024e4	512	224	0	2041
2173	4	10549990969460	none	2042	362024e4	512	224	0	2042
2174	5	10550008207800	none	2043	362024e4	512	224	0	2043
2175	6	10550025478100	none	2044	362024e4	512	224	0	2044
2176	7	10550042695980	none	2045	362024e4	512	224	0	2045
2177	0	10550055867940	none	2046	362024e4	512	224	0	2046
2178	1	10550073227680	none	2047	362024e4	512	224	0	2047
2179	2	10550090435680	none	2048	362024e4	512	224	0	2048
2180	3	10550107651550	none	2049	362024e4	512	224	0	2049
2181	4	10550124990370	none	2050	362024e4	512	224	0	2050
2182	5	10550142293590	none	2051	362024e4	512	224	0	2051
2183	6	10550155471470	none	2052	362024e4	512	224	0	2052
2184	7	10550172684270	none	2053	362024e4	512	224	0	2053
2185	0	10550189949580	none	2054	362024e4	512	224	0	2054
2186	1	10550207175420	none	2055	362024e4	512	224	0	2055
2187	2	10550224398570	none	2056	362024e4	512	224	0	2056
2188	3	10550241619280	none	2057	362024e4	512	224	0	2057
2189	4	10550258925760	none	2058	362024e4	512	224	0	2058
2190	5	10550272129220	none	2059	362024e4	512	224	0	2059
2191	6	10550289331250	none	2060	362024e4	512	224	0	2060
2192	7	10550306533340	none	2061	362024e4	512	224	0	2061
2193	0	10550323741420	none	2062	362024e4	512	224	0	2062
2194	1	10550340907320	none	2063	362024e4	512	224	0	2063
2195	2	10550358139180	none	2064	362024e4	512	224	0	2064
2196	3	10550375406570	none	2065	362024e4	512	224	0	2065
2197	4	10550388705910	none	2066	362024e4	512	224	0	2066
2198	5	10550405919710	none	2067	362024e4	512	224	0	2067
2199	6	10550423157950	none	2068	362024e4	512	224	0	2068
2200	7	10550440381520	none	2069	362024e4	512	224	0	2069
2201	0	10550457585780	none	2070	362024e4	512	224	0	2070
2202	1	10550474760980	none	2071	362024e4	512	224	0	2071
2203	2	10550492173880	none	2072	362024e4	512	224	0	2072
2204	3	10550505370050	none	2073	362024e4	512	224	0	2073
2205	4	10550522703160	none	2074	362024e4	512	224	0	2074
2206	5	10550539954990	none	2075	362024e4	512	224	0	2075
2207	6	10550557191770	none	2076	362024e4	512	224	0	2076
2208	7	10550574391100	none	2077	362024e4	512	224	0	2077
2209	0	10550591684460	none	2078	362024e4	512	224	0	2078
2210	1	10550604922690	none	2079	362024e4	512	224	0	2079
2211	2	10550622158420	none	2080	362024e4	512	224	0	2080
2212	3	10550639372310	none	2081	362024e4	512	224	0	2081
2213	4	10550656581140	none	2082	362024e4	512	224	0	2082
2214	5	10550673815250	none	2083	362024e4	512	224	0	2083
2215	6	10550691176810	none	2084	362024e4	512	224	0	2084
2216	7	10550708379260	none	2085	362024e4	512	224	0	2085
2217	0	10550721607790	none	2086	362024e4	512	224	0	2086
2218	1	10550738793520	none	2087	362024e4	512	224	0	2087
2219	2	10550755977070	none	2088	362024e4	512	224	0	2088
2220	3	10550773205530	none	2089	362024e4	512	224	0	2089
2221	4	10550790450300	none	2090	362024e4	512	224	0	2090
2222	5	10550807665260	none	2091	362024e4	512	224	0	2091
2223	6	10550824893340	none	2092	362024e4	512	224	0	2092
2224	7	10550838158720	none	2093	362024e4	512	224	0	2093
2225	0	10550855365570	none	2094	362024e4	512	224	0	2094
2226	1	10550872576760	none	2095	362024e4	512	224	0	2095
2227	2	10550889744380	none	2096	362024e4	512	224	0	2096
2228	3	10550907104240	none	2097	362024e4	512	224	0	2097
2229	4	10550924322110	none	2098	362024e4	512	224	0	2098
2230	5	10550937620100	none	2099	362024e4	512	224	0	2099
2231	6	10550954819920	none	2100	362024e4	512	224	0	2100
2232	7	10550972007850	none	2101	362024e4	512	224	0	2101
2233	0	10550989225590	none	2102	362024e4	512	224	0	2102
2234	1	10551006432250	none	2103	362024e4	512	224	0	2103
2235	2	10551023642410	none	2104	362024e4	512	224	0	2104
2236	3	10551040899300	none	2105	362024e4	512	224	0	2105
2237	4	10551054086500	none	2106	362024e4	512	224	0	2106
2238	5	10551071301750	none	2107	362024e4	512	224	0	2107
2239	6	10551088546820	none	2108	362024e4	512	224	0	2108
2240	7	10551105738940	none	2109	362024e4	512	224	0	2109
2241	0	10551122930230	none	2110	362024e4	512	224	0	2110
2242	1	10551140266540	none	2111	362024e4	512	224	0	2111
2243	2	10551157472010	none	2112	362024e4	512	224	0	2112
2244	3	10551170650550	none	2113	362024e4	512	224	0	2113
2245	4	10551187937280	none	2114	362024e4	512	224	0	2114
2246	5	10551205178170	none	2115	362024e4	512	224	0	2115
2247	6	10551222398770	none	2116	362024e4	512	224	0	2116
2248	7	10551239627400	none	2117	362024e4	512	224	0	2117
2249	0	10551256822050	none	2118	362024e4	512	224	0	2118
2250	1	10551274026240	none	2119	362024e4	512	224	0	2119
2251	2	10551287220850	none	2120	362024e4	512	224	0	2120
2252	3	10551304456910	none	2121	362024e4	512	224	0	2121
2253	4	10551321664670	none	2122	362024e4	512	224	0	2122
2254	5	10551338857390	none	2123	362024e4	512	224	0	2123
2255	6	10551356090470	none	2124	362024e4	512	224	0	2124
2256	7	10551373305010	none	2125	362024e4	512	224	0	2125
2257	0	10551390535420	none	2126	362024e4	512	224	0	2126
2258	1	10551403686030	none	2127	362024e4	512	224	0	2127
2259	2	10551420994240	none	2128	362024e4	512	224	0	2128
2260	3	10551438204780	none	2129	362024e4	512	224	0	2129
2261	4	10551455413850	none	2130	362024e4	512	224	0	2130
2262	5	10551472735810	none	2131	362024e4	512	224	0	2131
2263	6	10551490130110	none	2132	362024e4	512	224	0	2132
2264	7	10551503304100	none	2133	362024e4	512	224	0	2133
2265	0	10551520524440	none	2134	362024e4	512	224	0	2134
2266	1	10551537764010	none	2135	362024e4	512	224	0	2135
2267	2	10551555099950	none	2136	362024e4	512	224	0	2136
2268	3	10551572309000	none	2137	362024e4	512	224	0	2137
2269	4	10551589614360	none	2138	362024e4	512	224	0	2138
2270	5	10551606934930	none	2139	362024e4	512	224	0	2139
2271	6	10551620119330	none	2140	362024e4	512	224	0	2140
2272	7	10551637338460	none	2141	362024e4	512	224	0	2141
2273	0	10551654536780	none	2142	362024e4	512	224	0	2142
2274	1	10551671719710	none	2143	362024e4	512	224	0	2143
2275	2	10551688895840	none	2144	362024e4	512	224	0	2144
2276	3	10551706135200	none	2145	362024e4	512	224	0	2145
2277	4	10551723398460	none	2146	362024e4	512	224	0	2146
2278	5	10551736605270	none	2147	362024e4	512	224	0	2147
2279	6	10551753800390	none	2148	362024e4	512	224	0	2148
2280	7	10551770986700	none	2149	362024e4	512	224	0	2149
2281	0	10551788306040	none	2150	362024e4	512	224	0	2150
2282	1	10551805533520	none	2151	362024e4	512	224	0	2151
2283	2	10551822725910	none	2152	362024e4	512	224	0	2152
2284	3	10551840000390	none	2153	362024e4	512	224	0	2153
2285	4	10551853185830	none	2154	362024e4	512	224	0	2154
2286	5	10551870391810	none	2155	362024e4	512	224	0	2155
2287	6	10551887631640	none	2156	362024e4	512	224	0	2156
2288	7	10551904823220	none	2157	362024e4	512	224	0	2157
2289	0	10551922046630	none	2158	362024e4	512	224	0	2158
2290	1	10551939268750	none	2159	362024e4	512	224	0	2159
2291	2	10551956493320	none	2160	362024e4	512	224	0	2160
2292	3	10551969640810	none	2161	362024e4	512	224	0	2161
2293	4	10551986814840	none	2162	362024e4	512	224	0	2162
2294	5	10552004189690	none	2163	362024e4	512	224	0	2163
2295	6	10552021457520	none	2164	362024e4	512	224	0	2164
2296	7	10552038747110	none	2165	362024e4	512	224	0	2165
2297	0	10552055957470	none	2166	362024e4	512	224	0	2166
2298	1	10552069140130	none	2167	362024e4	512	224	0	2167
2299	2	10552086346720	none	2168	362024e4	512	224	0	2168
2300	3	10552103553070	none	2169	362024e4	512	224	0	2169
2301	4	10552120759240	none	2170	362024e4	512	224	0	2170
2302	5	10552138127240	none	2171	362024e4	512	224	0	2171
2303	6	10552155347900	none	2172	362024e4	512	224	0	2172
2304	7	10552172560480	none	2173	362024e4	512	224	0	2173
2305	0	10552185717780	none	2174	362024e4	512	224	0	2174
2306	1	10552203061540	none	2175	362024e4	512	224	0	2175
2307	2	10552220275050	none	2176	362024e4	512	224	0	2176
2308	3	10552237577600	none	2177	362024e4	512	224	0	2177
2309	4	10552254748820	none	2178	362024e4	512	224	0	2178
2310	5	10552271953360	none	2179	362024e4	512	224	0	2179
2311	6	10552289189800	none	2180	362024e4	512	224	0	2180
2312	7	10552302361130	none	2181	362024e4	512	224	0	2181
2313	0	10552319575200	none	2182	362024e4	512	224	0	2182
2314	1	10552336755920	none	2183	362024e4	512	224	0	2183
2315	2	10552353985920	none	2184	362024e4	512	224	0	2184
2316	3	10552371196960	none	2185	362024e4	512	224	0	2185
2317	4	10552388399600	none	2186	362024e4	512	224	0	2186
2318	5	10552405612240	none	2187	362024e4	512	224	0	2187
2319	6	10552418777950	none	2188	362024e4	512	224	0	2188
2320	7	10552435979120	none	2189	362024e4	512	224	0	2189
2321	0	10552453209810	none	2190	362024e4	512	224	0	2190
2322	1	10552470427540	none	2191	362024e4	512	224	0	2191
2323	2	10552487642070	none	2192	362024e4	512	224	0	2192
2324	3	10552504822890	none	2193	362024e4	512	224	0	2193
2325	4	10552522102970	none	2194	362024e4	512	224	0	2194
2326	5	10552535300420	none	2195	362024e4	512	224	0	2195
2327	6	10552552520870	none	2196	362024e4	512	224	0	2196
2328	7	10552569699510	none	2197	362024e4	512	224	0	2197
2329	0	10552586957200	none	2198	362024e4	512	224	0	2198
2330	1	10552604186610	none	2199	362024e4	512	224	0	2199
2331	2	10552621398760	none	2200	362024e4	512	224	0	2200
2332	3	10552638647740	none	2201	362024e4	512	224	0	2201
2333	4	10552651799670	none	2202	362024e4	512	224	0	2202
2334	5	10552668981770	none	2203	362024e4	512	224	0	2203
2335	6	10552686328500	none	2204	362024e4	512	224	0	2204
2336	7	10552703581370	none	2205	362024e4	512	224	0	2205
2337	0	10552720761660	none	2206	362024e4	512	224	0	2206
2338	1	10552737990700	none	2207	bdd24bcd	512	224	0	2207
2339	2	10552755209330	none	2208	e27ca377	512	224	0	2208
2340	3	10552768374920	none	2209	e27ca377	512	224	0	2209
2341	4	10552785594680	none	2210	62084286	512	224	0	2210
2342	5	10552802942640	none	2211	62084286	512	224	0	2211
2343	6	10552820315370	none	2212	c41df066	512	224	0	2212
2344	7	10552837545190	none	2213	c41df066	512	224	0	2213
2345	0	10552854718300	none	2214	e8172717	512	224	0	2214
2346	1	10552867876080	none	2215	e8172717	512	224	0	2215
2347	2	10552885234200	none	2216	eae0f2a5	512	224	0	2216
2348	3	10552902430040	none	2217	eae0f2a5	512	224	0	2217
2349	4	10552919639580	none	2218	a9496dac	512	224	0	2218
2350	5	10552936988060	none	2219	eba67c36	512	224	0	2219
2351	6	10552954234410	none	2220	17d35876	512	224	0	2220
2352	7	10552971444220	none	2221	6f5005c4	512	224	0	2221
2353	0	10552984620680	none	2222	5eefcd4a	512	224	0	2222
2354	1	10553001791070	none	2223	c4c28048	512	224	0	2223
2355	2	10553018991370	none	2224	3fa10bb9	512	224	0	2224
2356	3	10553036226210	none	2225	f046aa19	512	224	0	2225
2357	4	10553053422570	none	2226	43616990	512	224	0	2226
2358	5	10553070654460	none	2227	68e6090d	512	224	0	2227
2359	6	10553087965060	none	2228	f56c15e4	512	224	0	2228
2360	7	10553101282310	none	2229	4fb92176	512	224	0	2229
2361	0	10553118500630	none	2230	335aa189	512	224	0	2230
2362	1	10553135860210	none	2231	b777556e	512	224	0	2231
2363	2	10553153097480	none	2232	360484d6	512	224	0	2232
2364	3	10553170300990	none	2233	6787d8d6	512	224	0	2233
2365	4	10553187508360	none	2234	1d7cb31d	512	224	0	2234
2366	5	10553200724570	none	2235	5ee80851	512	224	0	2235
2367	6	10553217907410	none	2236	98fb6b45	512	224	0	2236
2368	7	10553235142060	none	2237	6faf0ec3	512	224	0	2237
2369	0	10553252379590	none	2238	c348579f	512	224	0	2238
2370	1	10553269602730	none	2239	d7474541	512	224	0	2239
2371	2	10553286774760	none	2240	8b90f26f	512	224	0	2240
2372	3	10553304145410	none	2241	e9ec943e	512	224	0	2241
2373	4	10553317300870	none	2242	71aef045	512	224	0	2242
2374	5	10553334610370	none	2243	963fc06c	512	224	0	2243
2375	6	10553351796160	none	2244	810bd7d8	512	224	0	2244
2376	7	10553369036150	none	2245	75a632e3	512	224	0	2245
2377	0	10553386248200	none	2246	2570055e	512	224	0	2246
2378	1	10553403461050	none	2247	931c64de	512	224	0	2247
2379	2	10553420654380	none	2248	8b3079bd	512	224	0	2248
2380	3	10553433784510	none	2249	59b0353b	512	224	0	2249
2381	4	10553450978290	none	2250	8e526ba5	512	224	0	2250
2382	5	10553468205450	none	2251	7c523b5d	512	224	0	2251
2383	6	10553485430920	none	2252	d863a7b7	512	224	0	2252
2384	7	10553502644730	none	2253	ca307367	512	224	0	2253
2385	0	10553519836260	none	2254	8253abe8	512	224	0	2254
2386	1	10553537050070	none	2255	8af785d2	512	224	0	2255
2387	2	10553550250370	none	2256	698d6f7a	512	224	0	2256
2388	3	10553567469120	none	2257	be5ba3da	512	224	0	2257
2389	4	10553584693760	none	2258	f8657a26	512	224	0	2258
2390	5	10553601922920	none	2259	bea0f5b8	512	224	0	2259
2391	6	10553619201720	none	2260	eb28d9cf	512	224	0	2260
2392	7	10553636459590	none	2261	8760b939	512	224	0	2261
2393	0	10553653729840	none	2262	629d842c	512	224	0	2262
2394	1	10553666912090	none	2263	4ed5bd07	512	224	0	2263
2395	2	10553684148470	none	2264	01d05886	512	224	0	2264
2396	3	10553701348600	none	2265	a551808e	512	224	0	2265
2397	4	10553718556550	none	2266	51d82d31	512	224	0	2266
2398	5	10553735784360	none	2267	b130f96d	512	224	0	2267
2399	6	10553753154740	none	2268	5ab59d3c	512	224	0	2268
2400	7	10553766325440	none	2269	a7cae7b4	512	224	0	2269
2401	0	10553783690320	none	2270	4cba59e8	512	224	0	2270
2402	1	10553800947760	none	2271	19e8a547	512	224	0	2271
2403	2	10553818155610	none	2272	fdb9c9a3	512	224	0	2272
2404	3	10553835365860	none	2273	31a02f9d	512	224	0	2273
2405	4	10553852593300	none	2274	27f258b8	512	224	0	2274
2406	5	10553869823430	none	2275	cf03a0e2	512	224	0	2275
2407	6	10553883035610	none	2276	0e50957c	512	224	0	2276
2408	7	10553900321940	none	2277	b6cecc14	512	224	0	2277
2409	0	10553917584220	none	2278	ba2aa0b1	512	224	0	2278
2410	1	10553934754370	none	2279	0d4e3830	512	224	0	2279
2411	2	10553951955580	none	2280	6970aae1	512	224	0	2280
2412	3	10553969205910	none	2281	040ac298	512	224	0	2281
2413	4	10553986419850	none	2282	008a65fe	512	224	0	2282
2414	5	10553999598080	none	2283	a21d5ea7	512	224	0	2283
2415	6	10554016774700	none	2284	0fd22e0b	512	224	0	2284
2416	7	10554033999830	none	2285	464da0f4	512	224	0	2285
2417	0	10554051207850	none	2286	1c96224f	512	224	0	2286
2418	1	10554068408720	none	2287	6709b216	512	224	0	2287
2419	2	10554085648220	none	2288	b3871075	512	224	0	2288
2420	3	10554102935090	none	2289	3aeb576e	512	224	0	2289
2421	4	10554116133170	none	2290	0f162f7b	512	224	0	2290
2422	5	10554133373730	none	2291	baad2ae3	512	224	0	2291
2423	6	10554150605820	none	2292	52d2ffea	512	224	0	2292
2424	7	10554167822630	none	2293	1e6ef76d	512	224	0	2293
2425	0	10554185038150	none	2294	c58a8e2c	512	224	0	2294
2426	1	10554202349850	none	2295	9bdec594	512	224	0	2295
2427	2	10554215531400	none	2296	907a0fe8	512	224	0	2296
2428	3	10554232807470	none	2297	521e7456	512	224	0	2297
2429	4	10554250044910	none	2298	87cbf631	512	224	0	2298
2430	5	10554267255250	none	2299	f7019006	512	224	0	2299
2431	6	10554284470130	none	2300	6ccf0f45	512	224	0	2300
2432	7	10554301735980	none	2301	ee750137	512	224	0	2301
2433	0	10554318955860	none	2302	7d9b1da5	512	224	0	2302
2434	1	10554332135510	none	2303	9ac2c606	512	224	0	2303
2435	2	10554349330070	none	2304	33ea7ad4	512	224	0	2304
2436	3	10554366543950	none	2305	17d80dda	512	224	0	2305
2437	4	10554383716050	none	2306	76a26124	512	224	0	2306
2438	5	10554400936020	none	2307	0a93bd4b	512	224	0	2307
2439	6	10554418174080	none	2308	f21be778	512	224	0	2308
2440	7	10554435394060	none	2309	eb3602d9	512	224	0	2309
2441	0	10554448575840	none	2310	6a530fa2	512	224	0	2310
2442	1	10554465752910	none	2311	0845fd7a	512	224	0	2311
2443	2	10554482993130	none	2312	c9e43e38	512	224	0	2312
2444	3	10554500212730	none	2313	3af09a92	512	224	0	2313
2445	4	10554517403450	none	2314	3c64d2a6	512	224	0	2314
2446	5	10554534612870	none	2315	79a95967	512	224	0	2315
2447	6	10554551882630	none	2316	d52d5b9c	512	224	0	2316
2448	7	10554565088930	none	2317	cd27c015	512	224	0	2317
2449	0	10554582301160	none	2318	3efb3845	512	224	0	2318
2450	1	10554599519830	none	2319	12a14e0d	512	224	0	2319
2451	2	10554616710840	none	2320	77572a2f	512	224	0	2320
2452	3	10554633923930	none	2321	6032fe24	512	224	0	2321
2453	4	10554651206630	none	2322	a3f63b67	512	224	0	2322
2454	5	10554668575640	none	2323	1abd18b2	512	224	0	2323
2455	6	10554681748090	none	2324	28fd52eb	512	224	0	2324
2456	7	10554698951460	none	2325	e7bcd144	512	224	0	2325
2457	0	10554716160350	none	2326	82f17672	512	224	0	2326
2458	1	10554733385620	none	2327	82f17672	512	224	0	2327
2459	2	10554750706260	none	2328	3e41cedc	512	224	0	2328
2460	3	10554767980270	none	2329	3e41cedc	512	224	0	2329
2461	4	10554781169870	none	2330	2b0354b3	512	224	0	2330
2462	5	10554798378270	none	2331	2b0354b3	512	224	0	2331
2463	6	10554815594110	none	2332	8dc47588	512	224	0	2332
2464	7	10554832764040	none	2333	8dc47588	512	224	0	2333
2465	0	10554850136710	none	2334	556f36d1	512	224	0	2334
2466	1	10554867343310	none	2335	556f36d1	512	224	0	2335
2467	2	10554884560090	none	2336	9fbd09d4	512	224	0	2336
2468	3	10554897747740	none	2337	9fbd09d4	512	224	0	2337
2469	4	10554914958720	none	2338	fa0883f9	512	224	0	2338
2470	5	10554932519030	none	2339	fa0883f9	512	224	0	2339
2471	6	10554949750230	none	2340	fa0883f9	512	224	0	2340
2472	7	10554967059390	none	2341	fa0883f9	512	224	0	2341
2473	0	10554984370100	none	2342	fa0883f9	512	224	0	2342
2474	1	10554997604180	none	2343	fa0883f9	512	224	0	2343
2475	2	10555014807950	none	2344	fa0883f9	512	224	0	2344
2476	3	10555032012110	none	2345	fa0883f9	512	224	0	2345
2477	4	10555049350840	none	2346	fa0883f9	512	224	0	2346
2478	5	10555066578300	none	2347	fa0883f9	512	224	0	2347
2479	6	10555083769280	none	2348	fa0883f9	512	224	0	2348
2480	7	10555101009180	none	2349	fa0883f9	512	224	0	2349
2481	0	10555114240910	none	2350	fa0883f9	512	224	0	2350
2482	1	10555131477080	none	2351	fa0883f9	512	224	0	2351
2483	2	10555148655190	none	2352	fa0883f9	512	224	0	2352
2484	3	10555165860450	none	2353	fa0883f9	512	224	0	2353
2485	4	10555183086780	none	2354	fa0883f9	512	224	0	2354
2486	5	10555200346420	none	2355	fa0883f9	512	224	0	2355
2487	6	10555217654300	none	2356	fa0883f9	512	224	0	2356
2488	7	10555230815650	none	2357	fa0883f9	512	224	0	2357
2489	0	10555248092120	none	2358	fa0883f9	512	224	0	2358
2490	1	10555265281740	none	2359	fa0883f9	512	224	0	2359
2491	2	10555282490300	none	2360	fa0883f9	512	224	0	2360
2492	3	10555299752530	none	2361	fa0883f9	512	224	0	2361
2493	4	10555317015450	none	2362	fa0883f9	512	224	0	2362
2494	5	10555334239420	none	2363	fa0883f9	512	224	0	2363
2495	6	10555347404240	none	2364	fa0883f9	512	224	0	2364
2496	7	10555364595450	none	2365	fa0883f9	512	224	0	2365
2497	0	10555381756110	none	2366	fa0883f9	512	224	0	2366
2498	1	10555399039280	none	2367	fa0883f9	512	224	0	2367
2499	2	10555416251650	none	2368	fa0883f9	512	224	0	2368
2500	3	10555433474910	none	2369	fa0883f9	512	224	0	2369
2501	4	10555450656290	none	2370	fa0883f9	512	224	0	2370
2502	5	10555463827460	none	2371	fa0883f9	512	224	0	2371
2503	6	10555481055520	none	2372	fa0883f9	512	224	0	2372
2504	7	10555498359790	none	2373	fa0883f9	512	224	0	2373
2505	0	10555515558130	none	2374	fa0883f9	512	224	0	2374
2506	1	10555532755070	none	2375	fa0883f9	512	224	0	2375
2507	2	10555550013270	none	2376	fa0883f9	512	224	0	2376
2508	3	10555567223580	none	2377	fa0883f9	512	224	0	2377
2509	4	10555580387440	none	2378	fa0883f9	512	224	0	2378
2510	5	10555597595720	none	2379	fa0883f9	512	224	0	2379
2511	6	10555614758010	none	2380	fa0883f9	512	224	0	2380
2512	7	10555631975400	none	2381	fa0883f9	512	224	0	2381
2513	0	10555649201970	none	2382	fa0883f9	512	224	0	2382
2514	1	10555666398450	none	2383	fa0883f9	512	224	0	2383
2515	2	10555683609880	none	2384	fa0883f9	512	224	0	2384
2516	3	10555696766280	none	2385	fa0883f9	512	224	0	2385
2517	4	10555713990400	none	2386	fa0883f9	512	224	0	2386
2518	5	10555731245450	none	2387	fa0883f9	512	224	0	2387
2519	6	10555748466140	none	2388	fa0883f9	512	224	0	2388
2520	7	10555765655620	none	2389	fa0883f9	512	224	0	2389
2521	0	10555782847380	none	2390	fa0883f9	512	224	0	2390
2522	1	10555800071620	none	2391	fa0883f9	512	224	0	2391
2523	2	10555813352180	none	2392	fa0883f9	512	224	0	2392
2524	3	10555830577120	none	2393	fa0883f9	512	224	0	2393
2525	4	10555847821700	none	2394	fa0883f9	512	224	0	2394
2526	5	10555865036490	none	2395	fa0883f9	512	224	0	2395
2527	6	10555882253580	none	2396	fa0883f9	512	224	0	2396
2528	7	10555899518380	none	2397	fa0883f9	512	224	0	2397
2529	0	10555912650720	none	2398	fa0883f9	512	224	0	2398
2530	1	10555929831280	none	2399	fa0883f9	512	224	0	2399
2531	2	10555947184910	none	2400	fa0883f9	512	224	0	2400
2532	3	10555964390700	none	2401	fa0883f9	512	224	0	2401
2533	4	10555981603640	none	2402	fa0883f9	512	224	0	2402
2534	5	10555998822260	none	2403	fa0883f9	512	224	0	2403
2535	6	10556016182960	none	2404	fa0883f9	512	224	0	2404
2536	7	10556029339270	none	2405	fa0883f9	512	224	0	2405
2537	0	10556046550550	none	2406	fa0883f9	512	224	0	2406
2538	1	10556063737840	none	2407	fa0883f9	512	224	0	2407
2539	2	10556080959400	none	2408	fa0883f9	512	224	0	2408
2540	3	10556098196920	none	2409	fa0883f9	512	224	0	2409
2541	4	10556115377990	none	2410	fa0883f9	512	224	0	2410
2542	5	10556132584550	none	2411	fa0883f9	512	224	0	2411
2543	6	10556145739580	none	2412	fa0883f9	512	224	0	2412
2544	7	10556162966040	none	2413	fa0883f9	512	224	0	2413
2545	0	10556180181340	none	2414	fa0883f9	512	224	0	2414
2546	1	10556197414880	none	2415	fa0883f9	512	224	0	2415
2547	2	10556214597940	none	2416	fa0883f9	512	224	0	2416
2548	3	10556231798220	none	2417	fa0883f9	512	224	0	2417
2549	4	10556249021770	none	2418	fa0883f9	512	224	0	2418
2550	5	10556262354280	none	2419	fa0883f9	512	224	0	2419
2551	6	10556279586140	none	2420	fa0883f9	512	224	0	2420
2552	7	10556296886470	none	2421	fa0883f9	512	224	0	2421
2553	0	10556314106350	none	2422	fa0883f9	512	224	0	2422
2554	1	10556331336540	none	2423	fa0883f9	512	224	0	2423
2555	2	10556348567260	none	2424	fa0883f9	512	224	0	2424
2556	3	10556365746480	none	2425	fa0883f9	512	224	0	2425
2557	4	10556378926910	none	2426	fa0883f9	512	224	0	2426
2558	5	10556396301480	none	2427	fa0883f9	512	224	0	2427
2559	6	10556413493870	none	2428	91e09ec6	512	224	0	2428
2560	7	10556430689640	none	2429	4bf2d923	512	224	0	2429
2561	0	10556447994050	none	2430	eef99de0	512	224	0	2430
2562	1	10556465337050	none	2431	06137e78	512	224	0	2431
2563	2	10556478524750	none	2432	14d0d9b3	512	224	0	2432
2564	3	10556495814400	none	2433	c535acbe	512	224	0	2433
2565	4	10556513034850	none	2434	1568e138	512	224	0	2434
2566	5	10556530265700	none	2435	0ddc6cba	512	224	0	2435
2567	6	10556547473650	none	2436	2baaa98e	512	224	0	2436
2568	7	10556564686870	none	2437	3efd7d6e	512	224	0	2437
2569	0	10556582014440	none	2438	c06e9e40	512	224	0	2438
2570	1	10556595215020	none	2439	8da9c12b	512	224	0	2439
2571	2	10556612451200	none	2440	ca3511d7	512	224	0	2440
2572	3	10556629649400	none	2441	764be8ab	512	224	0	2441
2573	4	10556646990510	none	2442	93fb89f8	512	224	0	2442
2574	5	10556664219840	none	2443	4a70ceb3	512	224	0	2443
2575	6	10556681452490	none	2444	56d9ff0c	512	224	0	2444
2576	7	10556698647980	none	2445	e4030853	512	224	0	2445
2577	0	10556711937310	none	2446	a29b5e5f	512	224	0	2446
2578	1	10556729191420	none	2447	f5c78160	512	224	0	2447
2579	2	10556746479230	none	2448	5fe471b7	512	224	0	2448
2580	3	10556763877120	none	2449	c8dd4c86	512	224	0	2449
2581	4	10556781113540	none	2450	f15901f6	512	224	0	2450
2582	5	10556798339810	none	2451	c8be8850	512	224	0	2451
2583	6	10556811647800	none	2452	bac02e24	512	224	0	2452
2584	7	10556828886420	none	2453	7202e49b	512	224	0	2453
2585	0	10556846128360	none	2454	13396165	512	224	0	2454
2586	1	10556863376200	none	2455	5dab6f07	512	224	0	2455
2587	2	10556880622370	none	2456	1121f1e5	512	224	0	2456
2588	3	10556897917360	none	2457	26a1426b	512	224	0	2457
2589	4	10556911155180	none	2458	3e0c0b22	512	224	0	2458
2590	5	10556928496090	none	2459	7d957b8b	512	224	0	2459
2591	6	10556945774020	none	2460	3ac42975	512	224	0	2460
2592	7	10556963094110	none	2461	8dd5d660	512	224	0	2461
2593	0	10556980309250	none	2462	ab9edb65	512	224	0	2462
2594	1	10556997537440	none	2463	59079bba	512	224	0	2463
2595	2	10557014843610	none	2464	ece480e4	512	224	0	2464
2596	3	10557028021240	none	2465	6ab77713	512	224	0	2465
2597	4	10557045253970	none	2466	fc7b5d75	512	224	0	2466
2598	5	10557062461820	none	2467	052393e7	512	224	0	2467
2599	6	10557079658750	none	2468	d7e9032a	512	224	0	2468
2600	7	10557096862610	none	2469	23c62eda	512	224	0	2469
2601	0	10557114226160	none	2470	41994194	512	224	0	2470
2602	1	10557127451080	none	2471	e706c02d	512	224	0	2471
2603	2	10557144751100	none	2472	c41e5b8c	512	224	0	2472
2604	3	10557162195010	none	2473	6241182c	512	224	0	2473
2605	4	10557179460290	none	2474	a5c890cb	512	224	0	2474
2606	5	10557196664200	none	2475	de751b8a	512	224	0	2475
2607	6	10557213914550	none	2476	407fb156	512	224	0	2476
2608	7	10557231151070	none	2477	7839fe20	512	224	0	2477
2609	0	10557244348490	none	2478	76e523fd	512	224	0	2478
2610	1	10557261593200	none	2479	f0fe7356	512	224	0	2479
2611	2	10557278787380	none	2480	cc6c66c5	512	224	0	2480
2612	3	10557296012580	none	2481	188d3a80	512	224	0	2481
2613	4	10557313352240	none	2482	791c263f	512	224	0	2482
2614	5	10557330568900	none	2483	426f50ef	512	224	0	2483
2615	6	10557343737390	none	2484	40c3fd2a	512	224	0	2484
2616	7	10557360961080	none	2485	cc4722e2	512	224	0	2485
2617	0	10557378172300	none	2486	fbe11293	512	224	0	2486
2618	1	10557395413960	none	2487	d1a16cfd	512	224	0	2487
2619	2	10557412626680	none	2488	04361109	512	224	0	2488
2620	3	10557429846930	none	2489	e61110b8	512	224	0	2489
2621	4	10557447097630	none	2490	3e1aa6e8	512	224	0	2490
2622	5	10557460289050	none	2491	625520b1	512	224	0	2491
2623	6	10557477563270	none	2492	8868234d	512	224	0	2492
2624	7	10557494786550	none	2493	8868234d	512	224	0	2493
2625	0	10557512060510	none	2494	8868234d	512	224	0	2494
2626	1	10557529253510	none	2495	8868234d	512	224	0	2495
2627	2	10557546471400	none	2496	8868234d	512	224	0	2496
2628	3	10557563747600	none	2497	8868234d	512	224	0	2497
2629	4	10557576926660	none	2498	8868234d	512	224	0	2498
2630	5	10557594168570	none	2499	8868234d	512	224	0	2499
2631	6	10557611387770	none	2500	8868234d	512	224	0	2500
2632	7	10557628582060	none	2501	8868234d	512	224	0	2501
2633	0	10557645762830	none	2502	8868234d	512	224	0	2502
2634	1	10557663137130	none	2503	8868234d	512	224	0	2503
2635	2	10557680342500	none	2504	8868234d	512	224	0	2504
2636	3	10557693543190	none	2505	8868234d	512	224	0	2505
2637	4	10557710887760	none	2506	8868234d	512	224	0	2506
2638	5	10557728152340	none	2507	8868234d	512	224	0	2507
2639	6	10557745470320	none	2508	8868234d	512	224	0	2508
2640	7	10557762769420	none	2509	8868234d	512	224	0	2509
2641	0	10557780012750	none	2510	8868234d	512	224	0	2510
2642	1	10557793217940	none	2511	8868234d	512	224	0	2511
2643	2	10557810436410	none	2512	8868234d	512	224	0	2512
2644	3	10557827624280	none	2513	8868234d	512	224	0	2513
2645	4	10557844822600	none	2514	8868234d	512	224	0	2514
2646	5	10557862183090	none	2515	8868234d	512	224	0	2515
2647	6	10557879413770	none	2516	8868234d	512	224	0	2516
2648	7	10557896606130	none	2517	8868234d	512	224	0	2517
2649	0	10557909773690	none	2518	8868234d	512	224	0	2518
2650	1	10557926995740	none	2519	8868234d	512	224	0	2519
2651	2	10557944223580	none	2520	8868234d	512	224	0	2520
2652	3	10557961444900	none	2521	8868234d	512	224	0	2521
2653	4	10557978624010	none	2522	8868234d	512	224	0	2522
2654	5	10557995818590	none	2523	8868234d	512	224	0	2523
2655	6	10558013069080	none	2524	8868234d	512	224	0	2524
2656	7	10558026241780	none	2525	8868234d	512	224	0	2525
2657	0	10558043476420	none	2526	8868234d	512	224	0	2526
2658	1	10558060663850	none	2527	8868234d	512	224	0	2527
2659	2	10558077869070	none	2528	8868234d	512	224	0	2528
2660	3	10558095089970	none	2529	8868234d	512	224	0	2529
2661	4	10558112312140	none	2530	8868234d	512	224	0	2530
2662	5	10558129528290	none	2531	8868234d	512	224	0	2531
2663	6	10558142690070	none	2532	8868234d	512	224	0	2532
2664	7	10558159911340	none	2533	8868234d	512	224	0	2533
2665	0	10558177144150	none	2534	8868234d	512	224	0	2534
2666	1	10558194345790	none	2535	8868234d	512	224	0	2535
2667	2	10558211639750	none	2536	8868234d	512	224	0	2536
2668	3	10558228949040	none	2537	8868234d	512	224	0	2537
2669	4	10558246154930	none	2538	8868234d	512	224	0	2538
2670	5	10558259330730	none	2539	8868234d	512	224	0	2539
2671	6	10558276541270	none	2540	8868234d	512	224	0	2540
2672	7	10558293746120	none	2541	8868234d	512	224	0	2541
2673	0	10558311133740	none	2542	8868234d	512	224	0	2542
2674	1	10558328322640	none	2543	8868234d	512	224	0	2543
2675	2	10558345536540	none	2544	8868234d	512	224	0	2544
2676	3	10558358700470	none	2545	8868234d	512	224	0	2545
2677	4	10558376091920	none	2546	8868234d	512	224	0	2546
2678	5	10558393289840	none	2547	8868234d	512	224	0	2547
2679	6	10558410609140	none	2548	8868234d	512	224	0	2548
2680	7	10558427925290	none	2549	8868234d	512	224	0	2549
2681	0	10558445141430	none	2550	8868234d	512	224	0	2550
2682	1	10558462347900	none	2551	8868234d	512	224	0	2551
2683	2	10558475521390	none	2552	8868234d	512	224	0	2552
2684	3	10558492724290	none	2553	8868234d	512	224	0	2553
2685	4	10558510109450	none	2554	8868234d	512	224	0	2554
2686	5	10558527316350	none	2555	8868234d	512	224	0	2555
2687	6	10558544544480	none	2556	8868234d	512	224	0	2556
2688	7	10558561759470	none	2557	8868234d	512	224	0	2557
2689	0	10558574940650	none	2558	8868234d	512	224	0	2558
2690	1	10558592213880	none	2559	8868234d	512	224	0	2559
2691	2	10558609477690	none	2560	8868234d	512	224	0	2560
2692	3	10558626672200	none	2561	8868234d	512	224	0	2561
2693	4	10558643888680	none	2562	8868234d	512	224	0	2562
2694	5	10558661111510	none	2563	8868234d	512	224	0	2563
2695	6	10558678322400	none	2564	8868234d	512	224	0	2564
2696	7	10558691496850	none	2565	8868234d	512	224	0	2565
2697	0	10558708779920	none	2566	8868234d	512	224	0	2566
2698	1	10558726090870	none	2567	8868234d	512	224	0	2567
2699	2	10558743315770	none	2568	8868234d	512	224	0	2568
2700	3	10558760624210	none	2569	8868234d	512	224	0	2569
2701	4	10558777841600	none	2570	8868234d	512	224	0	2570
2702	5	10558795096800	none	2571	8868234d	512	224	0	2571
2703	6	10558808254690	none	2572	8868234d	512	224	0	2572
2704	7	10558825534950	none	2573	8868234d	512	224	0	2573
2705	0	10558842901010	none	2574	8868234d	512	224	0	2574
2706	1	10558860129110	none	2575	8868234d	512	224	0	2575
2707	2	10558877325250	none	2576	8868234d	512	224	0	2576
2708	3	10558894542520	none	2577	8868234d	512	224	0	2577
2709	4	10558911728590	none	2578	8868234d	512	224	0	2578
2710	5	10558924900010	none	2579	8868234d	512	224	0	2579
2711	6	10558942169360	none	2580	8868234d	512	224	0	2580
2712	7	10558959527340	none	2581	8868234d	512	224	0	2581
2713	0	10558976713530	none	2582	8868234d	512	224	0	2582
2714	1	10558993934060	none	2583	8868234d	512	224	0	2583
2715	2	10559011149980	none	2584	8868234d	512	224	0	2584
2716	3	10559024505860	none	2585	8868234d	512	224	0	2585
2717	4	10559041768340	none	2586	8868234d	512	224	0	2586
2718	5	10559059189470	none	2587	8868234d	512	224	0	2587
2719	6	10559076409740	none	2588	8868234d	512	224	0	2588
2720	7	10559093604630	none	2589	8868234d	512	224	0	2589
2721	0	10559110812600	none	2590	8868234d	512	224	0	2590
2722	1	10559128039250	none	2591	8868234d	512	224	0	2591
2723	2	10559141218900	none	2592	8868234d	512	224	0	2592
2724	3	10559158625770	none	2593	8868234d	512	224	0	2593
2725	4	10559175953190	none	2594	8868234d	512	224	0	2594
2726	5	10559193174520	none	2595	8868234d	512	224	0	2595
2727	6	10559210397310	none	2596	8868234d	512	224	0	2596
2728	7	10559227589680	none	2597	8868234d	512	224	0	2597
2729	0	10559240748610	none	2598	8868234d	512	224	0	2598
2730	1	10559258143620	none	2599	8868234d	512	224	0	2599
2731	2	10559275432000	none	2600	8868234d	512	224	0	2600
2732	3	10559292772270	none	2601	8868234d	512	224	0	2601
2733	4	10559310010860	none	2602	8868234d	512	224	0	2602
2734	5	10559327225130	none	2603	8868234d	512	224	0	2603
2735	6	10559340395400	none	2604	8868234d	512	224	0	2604
2736	7	10559357598370	none	2605	8868234d	512	224	0	2605
2737	0	10559374785130	none	2606	8868234d	512	224	0	2606
2738	1	10559392077470	none	2607	8868234d	512	224	0	2607
2739	2	10559409299610	none	2608	8868234d	512	224	0	2608
2740	3	10559426529930	none	2609	8868234d	512	224	0	2609
2741	4	10559443727010	none	2610	8868234d	512	224	0	2610
2742	5	10559456898510	none	2611	8868234d	512	224	0	2611
2743	6	10559474098580	none	2612	8868234d	512	224	0	2612
2744	7	10559491298380	none	2613	8868234d	512	224	0	2613
2745	0	10559508694030	none	2614	8868234d	512	224	0	2614
2746	1	10559525949300	none	2615	8868234d	512	224	0	2615
2747	2	10559543156250	none	2616	8868234d	512	224	0	2616
2748	3	10559560423340	none	2617	8868234d	512	224	0	2617
2749	4	10559573687290	none	2618	8868234d	512	224	0	2618
2750	5	10559590902280	none	2619	8868234d	512	224	0	2619
2751	6	10559608132690	none	2620	8868234d	512	224	0	2620
2752	7	10559625436080	none	2621	8868234d	512	224	0	2621
2753	0	10559642662210	none	2622	8868234d	512	224	0	2622
2754	1	10559659897400	none	2623	8868234d	512	224	0	2623
2755	2	10559673194790	none	2624	8868234d	512	224	0	2624
2756	3	10559690388530	none	2625	8868234d	512	224	0	2625
2757	4	10559707663030	none	2626	8868234d	512	224	0	2626
2758	5	10559724946450	none	2627	8868234d	512	224	0	2627
2759	6	10559742198980	none	2628	8868234d	512	224	0	2628
2760	7	10559759439900	none	2629	8868234d	512	224	0	2629
2761	0	10559776687940	none	2630	8868234d	512	224	0	2630
2762	1	10559789870300	none	2631	8868234d	512	224	0	2631
2763	2	10559807216360	none	2632	8868234d	512	224	0	2632
2764	3	10559824454240	none	2633	8868234d	512	224	0	2633
2765	4	10559841642740	none	2634	8868234d	512	224	0	2634
2766	5	10559859000750	none	2635	8868234d	512	224	0	2635
2767	6	10559876220570	none	2636	8868234d	512	224	0	2636
2768	7	10559893439220	none	2637	8868234d	512	224	0	2637
2769	0	10559906587090	none	2638	8868234d	512	224	0	2638
2770	1	10559923771810	none	2639	8868234d	512	224	0	2639
2771	2	10559941038510	none	2640	8868234d	512	224	0	2640
2772	3	10559958299790	none	2641	8868234d	512	224	0	2641
2773	4	10559975593130	none	2642	8868234d	512	224	0	2642
2774	5	10559992828240	none	2643	8868234d	512	224	0	2643
2775	6	10560006070970	none	2644	8868234d	512	224	0	2644
2776	7	10560023568140	none	2645	8868234d	512	224	0	2645
2777	0	10560040814470	none	2646	8868234d	512	224	0	2646
2778	1	10560058092230	none	2647	8868234d	512	224	0	2647
2779	2	10560075397490	none	2648	8868234d	512	224	0	2648
2780	3	10560092671430	none	2649	8868234d	512	224	0	2649
2781	4	10560105874680	none	2650	8868234d	512	224	0	2650
2782	5	10560123108530	none	2651	8868234d	512	224	0	2651
2783	6	10560140320440	none	2652	8868234d	512	224	0	2652
2784	7	10560157531560	none	2653	8868234d	512	224	0	2653
2785	0	10560174729240	none	2654	8868234d	512	224	0	2654
2786	1	10560192075730	none	2655	8868234d	512	224	0	2655
2787	2	10560209302360	none	2656	8868234d	512	224	0	2656
2788	3	10560222574820	none	2657	8868234d	512	224	0	2657
2789	4	10560239771070	none	2658	8868234d	512	224	0	2658
2790	5	10560256998750	none	2659	8868234d	512	224	0	2659
2791	6	10560274204600	none	2660	8868234d	512	224	0	2660
2792	7	10560291412640	none	2661	8868234d	512	224	0	2661
2793	0	10560308719690	none	2662	8868234d	512	224	0	2662
2794	1	10560326066760	none	2663	8868234d	512	224	0	2663
2795	2	10560339267790	none	2664	8868234d	512	224	0	2664
2796	3	10560356492200	none	2665	8868234d	512	224	0	2665
2797	4	10560373684000	none	2666	8868234d	512	224	0	2666
2798	5	10560391033920	none	2667	8868234d	512	224	0	2667
2799	6	10560408243480	none	2668	8868234d	512	224	0	2668
2800	7	10560425629300	none	2669	8868234d	512	224	0	2669
2801	0	10560438913310	none	2670	8868234d	512	224	0	2670
2802	1	10560456151790	none	2671	8868234d	512	224	0	2671
2803	2	10560473370720	none	2672	8868234d	512	224	0	2672
2804	3	10560490642650	none	2673	8868234d	512	224	0	2673
2805	4	10560507863630	none	2674	8868234d	512	224	0	2674
2806	5	10560525249990	none	2675	8868234d	512	224	0	2675
2807	6	10560538442280	none	2676	8868234d	512	224	0	2676
2808	7	10560555734070	none	2677	8868234d	512	224	0	2677
2809	0	10560573000880	none	2678	8868234d	512	224	0	2678
2810	1	10560590207320	none	2679	8868234d	512	224	0	2679
2811	2	10560607429690	none	2680	8868234d	512	224	0	2680
2812	3	10560624811840	none	2681	8868234d	512	224	0	2681
2813	4	10560642077770	none	2682	8868234d	512	224	0	2682
2814	5	10560655306600	none	2683	8868234d	512	224	0	2683
2815	6	10560672523780	none	2684	8868234d	512	224	0	2684
2816	7	10560689712700	none	2685	8868234d	512	224	0	2685
2817	0	10560706943930	none	2686	8868234d	512	224	0	2686
2818	1	10560724279880	none	2687	8868234d	512	224	0	2687
2819	2	10560741499020	none	2688	8868234d	512	224	0	2688
2820	3	10560754766580	none	2689	8868234d	512	224	0	2689
2821	4	10560772025640	none	2690	8868234d	512	224	0	2690
2822	5	10560789231440	none	2691	8868234d	512	224	0	2691
2823	6	10560806465420	none	2692	8868234d	512	224	0	2692
2824	7	10560823651250	none	2693	8868234d	512	224	0	2693
2825	0	10560840849750	none	2694	8868234d	512	224	0	2694
2826	1	10560858060570	none	2695	8868234d	512	224	0	2695
2827	2	10560871342330	none	2696	8868234d	512	224	0	2696
2828	3	10560888520210	none	2697	8868234d	512	224	0	2697
2829	4	10560905706350	none	2698	8868234d	512	224	0	2698
2830	5	10560922981280	none	2699	8868234d	512	224	0	2699
2831	6	10560940178480	none	2700	8868234d	512	224	0	2700
2832	7	10560957377240	none	2701	8868234d	512	224	0	2701
2833	0	10560974672640	none	2702	8868234d	512	224	0	2702
2834	1	10560987897620	none	2703	8868234d	512	224	0	2703
2835	2	10561005098880	none	2704	8868234d	512	224	0	2704
2836	3	10561022289080	none	2705	8868234d	512	224	0	2705
2837	4	10561039513510	none	2706	8868234d	512	224	0	2706
2838	5	10561056707840	none	2707	8868234d	512	224	0	2707
2839	6	10561074034870	none	2708	8868234d	512	224	0	2708
2840	7	10561091244390	none	2709	8868234d	512	224	0	2709
2841	0	10561104514050	none	2710	8868234d	512	224	0	2710
2842	1	10561121704600	none	2711	8868234d	512	224	0	2711
2843	2	10561139057610	none	2712	8868234d	512	224	0	2712
2844	3	10561156365390	none	2713	8868234d	512	224	0	2713
2845	4	10561173772460	none	2714	8868234d	512	224	0	2714
2846	5	10561191022620	none	2715	8868234d	512	224	0	2715
2847	6	10561204185660	none	2716	8868234d	512	224	0	2716
2848	7	10561221374360	none	2717	8868234d	512	224	0	2717
2849	0	10561238555380	none	2718	8868234d	512	224	0	2718
2850	1	10561255739990	none	2719	8868234d	512	224	0	2719
2851	2	10561273090260	none	2720	8868234d	512	224	0	2720
2852	3	10561290275680	none	2721	8868234d	512	224	0	2721
2853	4	10561307497750	none	2722	8868234d	512	224	0	2722
2854	5	10561320652770	none	2723	8868234d	512	224	0	2723
2855	6	10561337841420	none	2724	8868234d	512	224	0	2724
2856	7	10561355058080	none	2725	8868234d	512	224	0	2725
2857	0	10561372370490	none	2726	8868234d	512	224	0	2726
2858	1	10561389555860	none	2727	8868234d	512	224	0	2727
2859	2	10561406745420	none	2728	8868234d	512	224	0	2728
2860	3	10561424018930	none	2729	8868234d	512	224	0	2729
2861	4	10561437191290	none	2730	8868234d	512	224	0	2730
2862	5	10561454468850	none	2731	8868234d	512	224	0	2731
2863	6	10561471641480	none	2732	8868234d	512	224	0	2732
2864	7	10561488859750	none	2733	8868234d	512	224	0	2733
2865	0	10561506064320	none	2734	8868234d	512	224	0	2734
2866	1	10561523265820	none	2735	8868234d	512	224	0	2735
2867	2	10561540477930	none	2736	8868234d	512	224	0	2736
2868	3	10561553639020	none	2737	8868234d	512	224	0	2737
2869	4	10561570830050	none	2738	8868234d	512	224	0	2738
2870	5	10561588111180	none	2739	8868234d	512	224	0	2739
2871	6	10561605329370	none	2740	8868234d	512	224	0	2740
2872	7	10561622617080	none	2741	8868234d	512	224	0	2741
2873	0	10561639934590	none	2742	8868234d	512	224	0	2742
2874	1	10561657180670	none	2743	8868234d	512	224	0	2743
2875	2	10561670364940	none	2744	8868234d	512	224	0	2744
2876	3	10561687560510	none	2745	8868234d	512	224	0	2745
2877	4	10561704751540	none	2746	8868234d	512	224	0	2746
2878	5	10561722116750	none	2747	8868234d	512	224	0	2747
2879	6	10561739328170	none	2748	8868234d	512	224	0	2748
2880	7	10561756517400	none	2749	8868234d	512	224	0	2749
2881	0	10561769757510	none	2750	8868234d	512	224	0	2750
2882	1	10561787075340	none	2751	8868234d	512	224	0	2751
2883	2	10561804280600	none	2752	8868234d	512	224	0	2752
2884	3	10561821588950	none	2753	8868234d	512	224	0	2753
2885	4	10561838787260	none	2754	8868234d	512	224	0	2754
2886	5	10561856032410	none	2755	8868234d	512	224	0	2755
2887	6	10561873238460	none	2756	8868234d	512	224	0	2756
2888	7	10561886413050	none	2757	8868234d	512	224	0	2757
2889	0	10561903583650	none	2758	8868234d	512	224	0	2758
2890	1	10561920764820	none	2759	8868234d	512	224	0	2759
2891	2	10561937978520	none	2760	8868234d	512	224	0	2760
2892	3	10561955210110	none	2761	8868234d	512	224	0	2761
2893	4	10561972453410	none	2762	8868234d	512	224	0	2762
2894	5	10561989614800	none	2763	8868234d	512	224	0	2763
2895	6	10562002774530	none	2764	8868234d	512	224	0	2764
2896	7	10562019978270	none	2765	8868234d	512	224	0	2765
2897	0	10562037175300	none	2766	8868234d	512	224	0	2766
2898	1	10562054451450	none	2767	8868234d	512	224	0	2767
2899	2	10562071719040	none	2768	8868234d	512	224	0	2768
2900	3	10562088957890	none	2769	8868234d	512	224	0	2769
2901	4	10562106162910	none	2770	8868234d	512	224	0	2770
2902	5	10562119355920	none	2771	8868234d	512	224	0	2771
2903	6	10562136547150	none	2772	8868234d	512	224	0	2772
2904	7	10562153721110	none	2773	8868234d	512	224	0	2773
2905	0	10562171055260	none	2774	8868234d	512	224	0	2774
2906	1	10562188343770	none	2775	8868234d	512	224	0	2775
2907	2	10562205533690	none	2776	8868234d	512	224	0	2776
2908	3	10562222761310	none	2777	8868234d	512	224	0	2777
2909	4	10562236095580	none	2778	8868234d	512	224	0	2778
2910	5	10562253278770	none	2779	8868234d	512	224	0	2779
2911	6	10562270587800	none	2780	8868234d	512	224	0	2780
2912	7	10562287777000	none	2781	8868234d	512	224	0	2781
2913	0	10562304993250	none	2782	8868234d	512	224	0	2782
2914	1	10562322189310	none	2783	8868234d	512	224	0	2783
2915	2	10562339398690	none	2784	8868234d	512	224	0	2784
2916	3	10562352535330	none	2785	8868234d	512	224	0	2785
2917	4	10562369705290	none	2786	8868234d	512	224	0	2786
2918	5	10562386935250	none	2787	8868234d	512	224	0	2787
2919	6	10562404150190	none	2788	8868234d	512	224	0	2788
2920	7	10562421355140	none	2789	8868234d	512	224	0	2789
2921	0	10562438533780	none	2790	8868234d	512	224	0	2790
2922	1	10562455736500	none	2791	8868234d	512	224	0	2791
2923	2	10562468910380	none	2792	8868234d	512	224	0	2792
2924	3	10562486128800	none	2793	8868234d	512	224	0	2793
2925	4	10562503369440	none	2794	8868234d	512	224	0	2794
2926	5	10562520551290	none	2795	8868234d	512	224	0	2795
2927	6	10562537767120	none	2796	8868234d	512	224	0	2796
2928	7	10562555071740	none	2797	8868234d	512	224	0	2797
2929	0	10562572268960	none	2798	8868234d	512	224	0	2798
2930	1	10562585550550	none	2799	8868234d	512	224	0	2799
2931	2	10562602753110	none	2800	8868234d	512	224	0	2800
2932	3	10562620031490	none	2801	8868234d	512	224	0	2801
2933	4	10562637309110	none	2802	8868234d	512	224	0	2802
2934	5	10562654513500	none	2803	8868234d	512	224	0	2803
2935	6	10562671725860	none	2804	8868234d	512	224	0	2804
2936	7	10562684908820	none	2805	8868234d	512	224	0	2805
2937	0	10562702120110	none	2806	8868234d	512	224	0	2806
2938	1	10562719448590	none	2807	8868234d	512	224	0	2807
2939	2	10562736638180	none	2808	8868234d	512	224	0	2808
2940	3	10562753969960	none	2809	8868234d	512	224	0	2809
2941	4	10562771174250	none	2810	8868234d	512	224	0	2810
2942	5	10562788375890	none	2811	8868234d	512	224	0	2811
2943	6	10562801533890	none	2812	8868234d	512	224	0	2812
2944	7	10562818701150	none	2813	8868234d	512	224	0	2813
2945	0	10562835923900	none	2814	8868234d	512	224	0	2814
2946	1	10562853139720	none	2815	8868234d	512	224	0	2815
2947	2	10562870363640	none	2816	8868234d	512	224	0	2816
2948	3	10562887544860	none	2817	8868234d	512	224	0	2817
2949	4	10562904738960	none	2818	8868234d	512	224	0	2818
2950	5	10562917939070	none	2819	8868234d	512	224	0	2819
2951	6	10562935143910	none	2820	8868234d	512	224	0	2820
2952	7	10562952352470	none	2821	8868234d	512	224	0	2821
2953	0	10562969563500	none	2822	8868234d	512	224	0	2822
2954	1	10562986762850	none	2823	8868234d	512	224	0	2823
2955	2	10563004077330	none	2824	8868234d	512	224	0	2824
2956	3	10563021358800	none	2825	8868234d	512	224	0	2825
2957	4	10563034606700	none	2826	8868234d	512	224	0	2826
2958	5	10563051903270	none	2827	8868234d	512	224	0	2827
2959	6	10563069121590	none	2828	8868234d	512	224	0	2828
2960	7	10563086335300	none	2829	8868234d	512	224	0	2829
2961	0	10563103539540	none	2830	8868234d	512	224	0	2830
2962	1	10563120825200	none	2831	8868234d	512	224	0	2831
2963	2	10563134158630	none	2832	8868234d	512	224	0	2832
2964	3	10563151340500	none	2833	8868234d	512	224	0	2833
2965	4	10563168619710	none	2834	8868234d	512	224	0	2834
2966	5	10563185939290	none	2835	8868234d	512	224	0	2835
2967	6	10563203151250	none	2836	8868234d	512	224	0	2836
2968	7	10563220367330	none	2837	8868234d	512	224	0	2837
2969	0	10563237548850	none	2838	8868234d	512	224	0	2838
2970	1	10563250695720	none	2839	8868234d	512	224	0	2839
2971	2	10563268007950	none	2840	8868234d	512	224	0	2840
2972	3	10563285293080	none	2841	8868234d	512	224	0	2841
2973	4	10563302476130	none	2842	8868234d	512	224	0	2842
2974	5	10563319740410	none	2843	8868234d	512	224	0	2843
2975	6	10563337083550	none	2844	8868234d	512	224	0	2844
2976	7	10563354343480	none	2845	8868234d	512	224	0	2845
2977	0	10563367481500	none	2846	8868234d	512	224	0	2846
2978	1	10563384657860	none	2847	8868234d	512	224	0	2847
2979	2	10563401881570	none	2848	8868234d	512	224	0	2848
2980	3	10563419095210	none	2849	8868234d	512	224	0	2849
2981	4	10563436295260	none	2850	8868234d	512	224	0	2850
2982	5	10563453568530	none	2851	8868234d	512	224	0	2851
2983	6	10563470881370	none	2852	8868234d	512	224	0	2852
2984	7	10563484053890	none	2853	8868234d	512	224	0	2853
2985	0	10563501244060	none	2854	8868234d	512	224	0	2854
2986	1	10563518464510	none	2855	8868234d	512	224	0	2855
2987	2	10563535659720	none	2856	8868234d	512	224	0	2856
2988	3	10563552899330	none	2857	8868234d	512	224	0	2857
2989	4	10563570102050	none	2858	8868234d	512	224	0	2858
2990	5	10563583397540	none	2859	8868234d	512	224	0	2859
2991	6	10563600590410	none	2860	8868234d	512	224	0	2860
2992	7	10563617916350	none	2861	8868234d	512	224	0	2861
2993	0	10563635135820	none	2862	8868234d	512	224	0	2862
2994	1	10563652337210	none	2863	8868234d	512	224	0	2863
2995	2	10563669549840	none	2864	8868234d	512	224	0	2864
2996	3	10563686871310	none	2865	8868234d	512	224	0	2865
2997	4	10563700043940	none	2866	8868234d	512	224	0	2866
2998	5	10563717249530	none	2867	8868234d	512	224	0	2867
2999	6	10563734461620	none	2868	8868234d	512	224	0	2868
3000	7	10563751666030	none	2869	8868234d	512	224	0	2869
3001	0	10563768904470	none	2870	8868234d	512	224	0	2870
3002	1	10563786232860	none	2871	8868234d	512	224	0	2871
3003	2	10563803441160	none	2872	8868234d	512	224	0	2872
3004	3	10563816618460	none	2873	8868234d	512	224	0	2873
3005	4	10563833948890	none	2874	8868234d	512	224	0	2874
3006	5	10563851154960	none	2875	8868234d	512	224	0	2875
3007	6	10563868369360	none	2876	8868234d	512	224	0	2876
3008	7	10563885547730	none	2877	8868234d	512	224	0	2877
3009	0	10563902738610	none	2878	8868234d	512	224	0	2878
3010	1	10563919976440	none	2879	8868234d	512	224	0	2879
3011	2	10563933145310	none	2880	8868234d	512	224	0	2880
3012	3	10563950374950	none	2881	8868234d	512	224	0	2881
3013	4	10563967564780	none	2882	8868234d	512	224	0	2882
3014	5	10563984782240	none	2883	8868234d	512	224	0	2883
3015	6	10564002074460	none	2884	8868234d	512	224	0	2884
3016	7	10564019319460	none	2885	8868234d	512	224	0	2885
3017	0	10564036531790	none	2886	8868234d	512	224	0	2886
3018	1	10564049691540	none	2887	8868234d	512	224	0	2887
3019	2	10564067030320	none	2888	8868234d	512	224	0	2888
3020	3	10564084281490	none	2889	8868234d	512	224	0	2889
3021	4	10564101469380	none	2890	8868234d	512	224	0	2890
3022	5	10564118642860	none	2891	8868234d	512	224	0	2891
3023	6	10564135950320	none	2892	8868234d	512	224	0	2892
3024	7	10564149119410	none	2893	8868234d	512	224	0	2893
3025	0	10564166392310	none	2894	8868234d	512	224	0	2894
3026	1	10564183559730	none	2895	8868234d	512	224	0	2895
3027	2	10564200759230	none	2896	8868234d	512	224	0	2896
3028	3	10564217976250	none	2897	8868234d	512	224	0	2897
3029	4	10564235311360	none	2898	8868234d	512	224	0	2898
3030	5	10564252510050	none	2899	8868234d	512	224	0	2899
3031	6	10564265662590	none	2900	8868234d	512	224	0	2900
3032	7	10564282943020	none	2901	8868234d	512	224	0	2901
3033	0	10564300160620	none	2902	8868234d	512	224	0	2902
3034	1	10564317364050	none	2903	8868234d	512	224	0	2903
3035	2	10564334551350	none	2904	8868234d	512	224	0	2904
3036	3	10564351778370	none	2905	8868234d	512	224	0	2905
3037	4	10564368997890	none	2906	8868234d	512	224	0	2906
3038	5	10564382162020	none	2907	8868234d	512	224	0	2907
3039	6	10564399361390	none	2908	8868234d	512	224	0	2908
3040	7	10564416537930	none	2909	8868234d	512	224	0	2909
3041	0	10564433726450	none	2910	7207aa67	512	224	0	2910
3042	1	10564450958150	none	2911	7207aa67	512	224	0	2911
3043	2	10564468182260	none	2912	7207aa67	512	224	0	2912
3044	3	10564485403400	none	2913	7207aa67	512	224	0	2913
3045	4	10564498549060	none	2914	0f7fa226	512	224	0	2914
3046	5	10564515776840	none	2915	0f7fa226	512	224	0	2915
3047	6	10564532987810	none	2916	0f7fa226	512	224	0	2916
3048	7	10564550179210	none	2917	0f7fa226	512	224	0	2917
3049	0	10564567400850	none	2918	3e1430ae	512	224	0	2918
3050	1	10564584714380	none	2919	3e1430ae	512	224	0	2919
3051	2	10564601959950	none	2920	3e1430ae	512	224	0	2920
3052	3	10564615142720	none	2921	3e1430ae	512	224	0	2921
3053	4	10564632384490	none	2922	b2ddec32	512	224	0	2922
3054	5	10564649599530	none	2923	b2ddec32	512	224	0	2923
3055	6	10564667064530	none	2924	b2ddec32	512	224	0	2924
3056	7	10564684421380	none	2925	b2ddec32	512	224	0	2925
3057	0	10564701622390	none	2926	584c3b8b	512	224	0	2926
3058	1	10564714816760	none	2927	584c3b8b	512	224	0	2927
3059	2	10564732043260	none	2928	584c3b8b	512	224	0	2928
3060	3	10564749225350	none	2929	584c3b8b	512	224	0	2929
3061	4	10564766454350	none	2930	6a081317	512	224	0	2930
3062	5	10564783693430	none	2931	6a081317	512	224	0	2931
3063	6	10564800947160	none	2932	6a081317	512	224	0	2932
3064	7	10564818165330	none	2933	6a081317	512	224	0	2933
3065	0	10564831332220	none	2934	8f2f0b53	512	224	0	2934
3066	1	10564848535350	none	2935	8f2f0b53	512	224	0	2935
3067	2	10564865793540	none	2936	8f2f0b53	512	224	0	2936
3068	3	10564883198710	none	2937	8f2f0b53	512	224	0	2937
3069	4	10564900422880	none	2938	c68e21ff	512	224	0	2938
3070	5	10564917629750	none	2939	c68e21ff	512	224	0	2939
3071	6	10564935021140	none	2940	c68e21ff	512	224	0	2940
3072	7	10564948192360	none	2941	c68e21ff	512	224	0	2941
3073	0	10564965449780	none	2942	40574c40	512	224	0	2942
3074	1	10564982640820	none	2943	40574c40	512	224	0	2943
3075	2	10564999877280	none	2944	40574c40	512	224	0	2944
3076	3	10565017089250	none	2945	40574c40	512	224	0	2945
3077	4	10565034417670	none	2946	a6a0312e	512	224	0	2946
3078	5	10565048029740	none	2947	a6a0312e	512	224	0	2947
3079	6	10565065265800	none	2948	a6a0312e	512	224	0	2948
3080	7	10565082447630	none	2949	a6a0312e	512	224	0	2949
3081	0	10565099642370	none	2950	ab4f48a4	512	224	0	2950
3082	1	10565116913590	none	2951	ab4f48a4	512	224	0	2951
3083	2	10565134147130	none	2952	ab4f48a4	512	224	0	2952
3084	3	10565151397480	none	2953	ab4f48a4	512	224	0	2953
3085	4	10565164636950	none	2954	5f3fad69	512	224	0	2954
3086	5	10565181937200	none	2955	5f3fad69	512	224	0	2955
3087	6	10565199183190	none	2956	5f3fad69	512	224	0	2956
3088	7	10565216429890	none	2957	5f3fad69	512	224	0	2957
3089	0	10565233783560	none	2958	82a2ca75	512	224	0	2958
3090	1	10565251015460	none	2959	82a2ca75	512	224	0	2959
3091	2	10565264169550	none	2960	82a2ca75	512	224	0	2960
3092	3	10565281394460	none	2961	82a2ca75	512	224	0	2961
3093	4	10565298581300	none	2962	c66c77cf	512	224	0	2962
3094	5	10565315899050	none	2963	c66c77cf	512	224	0	2963
3095	6	10565333115030	none	2964	c66c77cf	512	224	0	2964
3096	7	10565350370350	none	2965	c66c77cf	512	224	0	2965
3097	0	10565367552180	none	2966	61605322	512	224	0	2966
3098	1	10565380738090	none	2967	61605322	512	224	0	2967
3099	2	10565398083960	none	2968	61605322	512	224	0	2968
3100	3	10565415330140	none	2969	61605322	512	224	0	2969
3101	4	10565432695290	none	2970	61605322	512	224	0	2970
3102	5	10565449950910	none	2971	61605322	512	224	0	2971
3103	6	10565467161510	none	2972	61605322	512	224	0	2972
3104	7	10565480351590	none	2973	61605322	512	224	0	2973
3105	0	10565497551790	none	2974	61605322	512	224	0	2974
3106	1	10565514741540	none	2975	61605322	512	224	0	2975
3107	2	10565532118840	none	2976	61605322	512	224	0	2976
3108	3	10565549336290	none	2977	61605322	512	224	0	2977
3109	4	10565566517090	none	2978	61605322	512	224	0	2978
3110	5	10565583712430	none	2979	61605322	512	224	0	2979
3111	6	10565596895180	none	2980	61605322	512	224	0	2980
3112	7	10565614176710	none	2981	61605322	512	224	0	2981
3113	0	10565631517180	none	2982	61605322	512	224	0	2982
3114	1	10565648748190	none	2983	61605322	512	224	0	2983
3115	2	10565665983390	none	2984	61605322	512	224	0	2984
3116	3	10565683223520	none	2985	61605322	512	224	0	2985
3117	4	10565700445610	none	2986	61605322	512	224	0	2986
3118	5	10565713583340	none	2987	61605322	512	224	0	2987
3119	6	10565730791230	none	2988	61605322	512	224	0	2988
3120	7	10565748007890	none	2989	61605322	512	224	0	2989
3121	0	10565765248830	none	2990	61605322	512	224	0	2990
3122	1	10565782450150	none	2991	61605322	512	224	0	2991
3123	2	10565799639120	none	2992	61605322	512	224	0	2992
3124	3	10565816877880	none	2993	61605322	512	224	0	2993
3125	4	10565830116160	none	2994	61605322	512	224	0	2994
3126	5	10565847314880	none	2995	61605322	512	224	0	2995
3127	6	10565864487130	none	2996	61605322	512	224	0	2996
3128	7	10565881824030	none	2997	61605322	512	224	0	2997
3129	0	10565899091420	none	2998	61605322	512	224	0	2998
3130	1	10565916292820	none	2999	61605322	512	224	0	2999
3131	2	10565933495160	none	3000	61605322	512	224	0	3000
3132	3	10565946834830	none	3001	61605322	512	224	0	3001
3133	4	10565964055530	none	3002	61605322	512	224	0	3002
3134	5	10565981276470	none	3003	61605322	512	224	0	3003
3135	6	10565998468400	none	3004	61605322	512	224	0	3004
3136	7	10566015658540	none	3005	61605322	512	224	0	3005
3137	0	10566032898060	none	3006	61605322	512	224	0	3006
3138	1	10566046206790	none	3007	61605322	512	224	0	3007
3139	2	10566063415440	none	3008	61605322	512	224	0	3008
3140	3	10566080718040	none	3009	61605322	512	224	0	3009
3141	4	10566097962230	none	3010	61605322	512	224	0	3010
3142	5	10566115197980	none	3011	61605322	512	224	0	3011
3143	6	10566132431460	none	3012	61605322	512	224	0	3012
3144	7	10566149614100	none	3013	61605322	512	224	0	3013
3145	0	10566162795670	none	3014	61605322	512	224	0	3014
3146	1	10566180170250	none	3015	61605322	512	224	0	3015
3147	2	10566197395400	none	3016	61605322	512	224	0	3016
3148	3	10566214650990	none	3017	61605322	512	224	0	3017
3149	4	10566231994500	none	3018	61605322	512	224	0	3018
3150	5	10566249193480	none	3019	61605322	512	224	0	3019
3151	6	10566262391030	none	3020	61605322	512	224	0	3020
3152	7	10566279617110	none	3021	61605322	512	224	0	3021
3153	0	10566296942510	none	3022	61605322	512	224	0	3022
3154	1	10566314160350	none	3023	61605322	512	224	0	3023
3155	2	10566331393320	none	3024	61605322	512	224	0	3024
3156	3	10566348595060	none	3025	61605322	512	224	0	3025
3157	4	10566365836310	none	3026	61605322	512	224	0	3026
3158	5	10566379007200	none	3027	61605322	512	224	0	3027
3159	6	10566396209670	none	3028	61605322	512	224	0	3028
3160	7	10566413417480	none	3029	61605322	512	224	0	3029
3161	0	10566430612320	none	3030	61605322	512	224	0	3030
3162	1	10566447842220	none	3031	61605322	512	224	0	3031
3163	2	10566465088640	none	3032	61605322	512	224	0	3032
3164	3	10566482317150	none	3033	61605322	512	224	0	3033
3165	4	10566495611920	none	3034	61605322	512	224	0	3034
3166	5	10566512893940	none	3035	61605322	512	224	0	3035
3167	6	10566530106940	none	3036	61605322	512	224	0	3036
3168	7	10566547323310	none	3037	61605322	512	224	0	3037
3169	0	10566564520590	none	3038	61605322	512	224	0	3038
3170	1	10566581739010	none	3039	61605322	512	224	0	3039
3171	2	10566595082310	none	3040	61605322	512	224	0	3040
3172	3	10566612277280	none	3041	61605322	512	224	0	3041
3173	4	10566629629160	none	3042	61605322	512	224	0	3042
3174	5	10566646944600	none	3043	61605322	512	224	0	3043
3175	6	10566664153780	none	3044	61605322	512	224	0	3044
3176	7	10566681373450	none	3045	61605322	512	224	0	3045
3177	0	10566698678460	none	3046	61605322	512	224	0	3046
3178	1	10566711903460	none	3047	61605322	512	224	0	3047
3179	2	10566729113390	none	3048	61605322	512	224	0	3048
3180	3	10566746350510	none	3049	61605322	512	224	0	3049
3181	4	10566763540830	none	3050	61605322	512	224	0	3050
3182	5	10566780797070	none	3051	61605322	512	224	0	3051
3183	6	10566798154560	none	3052	61605322	512	224	0	3052
3184	7	10566815382710	none	3053	61605322	512	224	0	3053
3185	0	10566828549010	none	3054	61605322	512	224	0	3054
3186	1	10566845744240	none	3055	61605322	512	224	0	3055
3187	2	10566862988990	none	3056	61605322	512	224	0	3056
3188	3	10566880223950	none	3057	61605322	512	224	0	3057
3189	4	10566897408830	none	3058	61605322	512	224	0	3058
3190	5	10566914593060	none	3059	61605322	512	224	0	3059
3191	6	10566931888630	none	3060	61605322	512	224	0	3060
3192	7	10566945073770	none	3061	61605322	512	224	0	3061
3193	0	10566962273450	none	3062	61605322	512	224	0	3062
3194	1	10566979457990	none	3063	61605322	512	224	0	3063
3195	2	10566996654270	none	3064	61605322	512	224	0	3064
3196	3	10567013917030	none	3065	61605322	512	224	0	3065
3197	4	10567031161990	none	3066	61605322	512	224	0	3066
3198	5	10567044346870	none	3067	61605322	512	224	0	3067
3199	6	10567061521340	none	3068	61605322	512	224	0	3068
3200	7	10567078817740	none	3069	61605322	512	224	0	3069
3201	0	10567096032300	none	3070	61605322	512	224	0	3070
3202	1	10567113257210	none	3071	61605322	512	224	0	3071
3203	2	10567130475050	none	3072	61605322	512	224	0	3072
3204	3	10567147817730	none	3073	61605322	512	224	0	3073
3205	4	10567160991330	none	3074	61605322	512	224	0	3074
3206	5	10567178268000	none	3075	61605322	512	224	0	3075
3207	6	10567195454340	none	3076	61605322	512	224	0	3076
3208	7	10567212636520	none	3077	61605322	512	224	0	3077
3209	0	10567229855810	none	3078	61605322	512	224	0	3078
3210	1	10567247227780	none	3079	61605322	512	224	0	3079
3211	2	10567264420380	none	3080	61605322	512	224	0	3080
3212	3	10567277581810	none	3081	61605322	512	224	0	3081
3213	4	10567294922200	none	3082	61605322	512	224	0	3082
3214	5	10567312108050	none	3083	61605322	512	224	0	3083
3215	6	10567329315200	none	3084	61605322	512	224	0	3084
3216	7	10567346513260	none	3085	61605322	512	224	0	3085
3217	0	10567363744070	none	3086	61605322	512	224	0	3086
3218	1	10567380957080	none	3087	61605322	512	224	0	3087
3219	2	10567394136180	none	3088	61605322	512	224	0	3088
3220	3	10567411366080	none	3089	61605322	512	224	0	3089
3221	4	10567428588100	none	3090	61605322	512	224	0	3090
3222	5	10567445804320	none	3091	61605322	512	224	0	3091
3223	6	10567463027720	none	3092	61605322	512	224	0	3092
3224	7	10567480243810	none	3093	61605322	512	224	0	3093
3225	0	10567497437880	none	3094	61605322	512	224	0	3094
3226	1	10567510576910	none	3095	61605322	512	224	0	3095
3227	2	10567527796430	none	3096	61605322	512	224	0	3096
3228	3	10567545098080	none	3097	61605322	512	224	0	3097
3229	4	10567562308190	none	3098	61605322	512	224	0	3098
3230	5	10567579509290	none	3099	61605322	512	224	0	3099
3231	6	10567596817680	none	3100	61605322	512	224	0	3100
3232	7	10567614034770	none	3101	61605322	512	224	0	3101
3233	0	10567627225600	none	3102	61605322	512	224	0	3102
3234	1	10567644415980	none	3103	61605322	512	224	0	3103
3235	2	10567661620230	none	3104	61605322	512	224	0	3104
3236	3	10567678904020	none	3105	61605322	512	224	0	3105
3237	4	10567696299280	none	3106	61605322	512	224	0	3106
3238	5	10567713496000	none	3107	61605322	512	224	0	3107
3239	6	10567726664090	none	3108	61605322	512	224	0	3108
3240	7	10567743947450	none	3109	61605322	512	224	0	3109
3241	0	10567761169280	none	3110	61605322	512	224	0	3110
3242	1	10567778398580	none	3111	61605322	512	224	0	3111
3243	2	10567795698330	none	3112	61605322	512	224	0	3112
3244	3	10567812981930	none	3113	61605322	512	224	0	3113
3245	4	10567830186010	none	3114	61605322	512	224	0	3114
3246	5	10567843355160	none	3115	61605322	512	224	0	3115
3247	6	10567860526720	none	3116	61605322	512	224	0	3116
3248	7	10567877717660	none	3117	61605322	512	224	0	3117
3249	0	10567894945890	none	3118	ac27bc18	512	224	0	3118
3250	1	10567912164850	none	3119	ac27bc18	512	224	0	3119
3251	2	10567929393950	none	3120	ac27bc18	512	224	0	3120
3252	3	10567946587260	none	3121	ac27bc18	512	224	0	3121
3253	4	10567959772350	none	3122	0e1f4d53	512	224	0	3122
3254	5	10567977031510	none	3123	0e1f4d53	512	224	0	3123
3255	6	10567994243790	none	3124	0e1f4d53	512	224	0	3124
3256	7	10568011434580	none	3125	0e1f4d53	512	224	0	3125
3257	0	10568028626310	none	3126	fa486de2	512	224	0	3126
3258	1	10568045922100	none	3127	fa486de2	512	224	0	3127
3259	2	10568063138860	none	3128	fa486de2	512	224	0	3128
3260	3	10568076327610	none	3129	fa486de2	512	224	0	3129
3261	4	10568093541730	none	3130	59bfcc4b	512	224	0	3130
3262	5	10568110773290	none	3131	59bfcc4b	512	224	0	3131
3263	6	10568128003390	none	3132	59bfcc4b	512	224	0	3132
3264	7	10568145354200	none	3133	59bfcc4b	512	224	0	3133
3265	0	10568162559910	none	3134	6cf46cf5	512	224	0	3134
3266	1	10568175783370	none	3135	6cf46cf5	512	224	0	3135
3267	2	10568193059420	none	3136	6cf46cf5	512	224	0	3136
3268	3	10568210250060	none	3137	6cf46cf5	512	224	0	3137
3269	4	10568227443810	none	3138	17ad5e39	512	224	0	3138
3270	5	10568244791520	none	3139	17ad5e39	512	224	0	3139
3271	6	10568262004860	none	3140	17ad5e39	512	224	0	3140
3272	7	10568279246940	none	3141	17ad5e39	512	224	0	3141
3273	0	10568292397730	none	3142	d5742f06	512	224	0	3142
3274	1	10568309609480	none	3143	d5742f06	512	224	0	3143
3275	2	10568326851340	none	3144	d5742f06	512	224	0	3144
3276	3	10568344247540	none	3145	d5742f06	512	224	0	3145
3277	4	10568361505510	none	3146	97e6c53b	512	224	0	3146
3278	5	10568378745040	none	3147	97e6c53b	512	224	0	3147
3279	6	10568395990030	none	3148	97e6c53b	512	224	0	3148
3280	7	10568409201870	none	3149	97e6c53b	512	224	0	3149
3281	0	10568426400030	none	3150	d18348ce	512	224	0	3150
3282	1	10568443612640	none	3151	d18348ce	512	224	0	3151
3283	2	10568460849450	none	3152	d18348ce	512	224	0	3152
3284	3	10568478054140	none	3153	d18348ce	512	224	0	3153
3285	4	10568495266730	none	3154	601a44cd	512	224	0	3154
3286	5	10568512474350	none	3155	601a44cd	512	224	0	3155
3287	6	10568525684280	none	3156	601a44cd	512	224	0	3156
3288	7	10568542905460	none	3157	601a44cd	512	224	0	3157
3289	0	10568560108610	none	3158	c13dba27	512	224	0	3158
3290	1	10568577343070	none	3159	c13dba27	512	224	0	3159
3291	2	10568594561390	none	3160	c13dba27	512	224	0	3160
3292	3	10568611789670	none	3161	c13dba27	512	224	0	3161
3293	4	10568625077070	none	3162	2bd62a54	512	224	0	3162
3294	5	10568642363380	none	3163	2bd62a54	512	224	0	3163
3295	6	10568659601670	none	3164	2bd62a54	512	224	0	3164
3296	7	10568676894240	none	3165	2bd62a54	512	224	0	3165
3297	0	10568694115350	none	3166	a6058125	512	224	0	3166
3298	1	10568711351240	none	3167	a6058125	512	224	0	3167
3299	2	10568728564970	none	3168	a6058125	512	224	0	3168
3300	3	10568741750350	none	3169	a6058125	512	224	0	3169
3301	4	10568759088330	none	3170	f67ec5c9	512	224	0	3170
3302	5	10568776342220	none	3171	f67ec5c9	512	224	0	3171
3303	6	10568793683150	none	3172	f67ec5c9	512	224	0	3172
3304	7	10568810952550	none	3173	f67ec5c9	512	224	0	3173
3305	0	10568828152140	none	3174	362024e4	512	224	0	3174
3306	1	10568841357140	none	3175	362024e4	512	224	0	3175
3307	2	10568858639200	none	3176	362024e4	512	224	0	3176
3308	3	10568876040110	none	3177	362024e4	512	224	0	3177
3309	4	10568893456970	none	3178	362024e4	512	224	0	3178
3310	5	10568910686690	none	3179	362024e4	512	224	0	3179
3311	6	10568928052200	none	3180	362024e4	512	224	0	3180
3312	7	10568941282530	none	3181	362024e4	512	224	0	3181
3313	0	10568958533870	none	3182	362024e4	512	224	0	3182
3314	1	10568975888460	none	3183	362024e4	512	224	0	3183
3315	2	10568993112580	none	3184	362024e4	512	224	0	3184
3316	3	10569010337360	none	3185	362024e4	512	224	0	3185
3317	4	10569027543460	none	3186	362024e4	512	224	0	3186
3318	5	10569044761340	none	3187	362024e4	512	224	0	3187
3319	6	10569058098170	none	3188	362024e4	512	224	0	3188
3320	7	10569075399170	none	3189	362024e4	512	224	0	3189
3321	0	10569092753270	none	3190	362024e4	512	224	0	3190
3322	1	10569109985130	none	3191	362024e4	512	224	0	3191
3323	2	10569127199520	none	3192	362024e4	512	224	0	3192
3324	3	10569144470110	none	3193	362024e4	512	224	0	3193
3325	4	10569157650830	none	3194	362024e4	512	224	0	3194
3326	5	10569174859840	none	3195	362024e4	512	224	0	3195
3327	6	10569192283810	none	3196	362024e4	512	224	0	3196
3328	7	10569209504000	none	3197	362024e4	512	224	0	3197
3329	0	10569226714360	none	3198	362024e4	512	224	0	3198
3330	1	10569243995060	none	3199	362024e4	512	224	0	3199
3331	2	10569261221270	none	3200	362024e4	512	224	0	3200
3332	3	10569274371940	none	3201	362024e4	512	224	0	3201
3333	4	10569291702190	none	3202	362024e4	512	224	0	3202
3334	5	10569308958260	none	3203	362024e4	512	224	0	3203
3335	6	10569326213860	none	3204	362024e4	512	224	0	3204
3336	7	10569343423950	none	3205	362024e4	512	224	0	3205
3337	0	10569360618600	none	3206	362024e4	512	224	0	3206
3338	1	10569373816560	none	3207	362024e4	512	224	0	3207
3339	2	10569391201420	none	3208	362024e4	512	224	0	3208
3340	3	10569408399700	none	3209	362024e4	512	224	0	3209
3341	4	10569425663300	none	3210	362024e4	512	224	0	3210
3342	5	10569442991340	none	3211	362024e4	512	224	0	3211
3343	6	10569460222140	none	3212	362024e4	512	224	0	3212
3344	7	10569477415670	none	3213	362024e4	512	224	0	3213
3345	0	10569490577170	none	3214	362024e4	512	224	0	3214
3346	1	10569507791550	none	3215	362024e4	512	224	0	3215
3347	2	10569525013120	none	3216	362024e4	512	224	0	3216
3348	3	10569542304510	none	3217	362024e4	512	224	0	3217
3349	4	10569559508590	none	3218	362024e4	512	224	0	3218
3350	5	10569576711120	none	3219	362024e4	512	224	0	3219
3351	6	10569593939110	none	3220	362024e4	512	224	0	3220
3352	7	10569607240370	none	3221	362024e4	512	224	0	3221
3353	0	10569624426170	none	3222	362024e4	512	224	0	3222
3354	1	10569641808380	none	3223	362024e4	512	224	0	3223
3355	2	10569659044210	none	3224	362024e4	512	224	0	3224
3356	3	10569676336420	none	3225	362024e4	512	224	0	3225
3357	4	10569693544700	none	3226	362024e4	512	224	0	3226
3358	5	10569706809310	none	3227	362024e4	512	224	0	3227
3359	6	10569724023330	none	3228	362024e4	512	224	0	3228
3360	7	10569741225650	none	3229	362024e4	512	224	0	3229
3361	0	10569758467500	none	3230	362024e4	512	224	0	3230
3362	1	10569775746060	none	3231	362024e4	512	224	0	3231
3363	2	10569792954370	none	3232	362024e4	512	224	0	3232
3364	3	10569810302830	none	3233	362024e4	512	224	0	3233
3365	4	10569823459670	none	3234	362024e4	512	224	0	3234
3366	5	10569840787490	none	3235	362024e4	512	224	0	3235
3367	6	10569857989720	none	3236	362024e4	512	224	0	3236
3368	7	10569875285770	none	3237	362024e4	512	224	0	3237
3369	0	10569892498610	none	3238	362024e4	512	224	0	3238
3370	1	10569909724060	none	3239	362024e4	512	224	0	3239
3371	2	10569922903940	none	3240	362024e4	512	224	0	3240
3372	3	10569940294340	none	3241	362024e4	512	224	0	3241
3373	4	10569957487310	none	3242	362024e4	512	224	0	3242
3374	5	10569974714200	none	3243	362024e4	512	224	0	3243
3375	6	10569992011040	none	3244	362024e4	512	224	0	3244
3376	7	10570009249950	none	3245	362024e4	512	224	0	3245
3377	0	10570026457170	none	3246	362024e4	512	224	0	3246
3378	1	10570039626370	none	3247	362024e4	512	224	0	3247
3379	2	10570057019920	none	3248	362024e4	512	224	0	3248
3380	3	10570074412420	none	3249	362024e4	512	224	0	3249
3381	4	10570091642770	none	3250	362024e4	512	224	0	3250
3382	5	10570108937100	none	3251	362024e4	512	224	0	3251
3383	6	10570126169420	none	3252	362024e4	512	224	0	3252
3384	7	10570139345360	none	3253	362024e4	512	224	0	3253
3385	0	10570156541430	none	3254	362024e4	512	224	0	3254
3386	1	10570173748840	none	3255	362024e4	512	224	0	3255
3387	2	10570190999930	none	3256	362024e4	512	224	0	3256
3388	3	10570208265960	none	3257	362024e4	512	224	0	3257
3389	4	10570225530290	none	3258	362024e4	512	224	0	3258
3390	5	10570242875640	none	3259	362024e4	512	224	0	3259
3391	6	10570256066700	none	3260	362024e4	512	224	0	3260
3392	7	10570273267170	none	3261	362024e4	512	224	0	3261
3393	0	10570290461080	none	3262	362024e4	512	224	0	3262
3394	1	10570307657570	none	3263	362024e4	512	224	0	3263
3395	2	10570324876610	none	3264	362024e4	512	224	0	3264
3396	3	10570342139490	none	3265	362024e4	512	224	0	3265
3397	4	10570359497820	none	3266	362024e4	512	224	0	3266
3398	5	10570372705070	none	3267	362024e4	512	224	0	3267
3399	6	10570390016870	none	3268	362024e4	512	224	0	3268
3400	7	10570407247630	none	3269	362024e4	512	224	0	3269
3401	0	10570424438560	none	3270	362024e4	512	224	0	3270
3402	1	10570441638480	none	3271	362024e4	512	224	0	3271
3403	2	10570458984410	none	3272	362024e4	512	224	0	3272
3404	3	10570472271830	none	3273	362024e4	512	224	0	3273
3405	4	10570489502950	none	3274	362024e4	512	224	0	3274
3406	5	10570506744840	none	3275	362024e4	512	224	0	3275
3407	6	10570524079400	none	3276	362024e4	512	224	0	3276
3408	7	10570541304820	none	3277	362024e4	512	224	0	3277
3409	0	10570558681520	none	3278	362024e4	512	224	0	3278
3410	1	10570571913150	none	3279	362024e4	512	224	0	3279
3411	2	10570589117940	none	3280	362024e4	512	224	0	3280
3412	3	10570606329920	none	3281	362024e4	512	224	0	3281
3413	4	10570623516100	none	3282	362024e4	512	224	0	3282
3414	5	10570640738980	none	3283	362024e4	512	224	0	3283
3415	6	10570657952790	none	3284	362024e4	512	224	0	3284
3416	7	10570675255010	none	3285	362024e4	512	224	0	3285
3417	0	10570688455990	none	3286	362024e4	512	224	0	3286
3418	1	10570705662460	none	3287	362024e4	512	224	0	3287
3419	2	10570722877480	none	3288	362024e4	512	224	0	3288
3420	3	10570740161370	none	3289	362024e4	512	224	0	3289
3421	4	10570757354200	none	3290	362024e4	512	224	0	3290
3422	5	10570774531560	none	3291	362024e4	512	224	0	3291
3423	6	10570791787350	none	3292	362024e4	512	224	0	3292
3424	7	10570805006490	none	3293	362024e4	512	224	0	3293
3425	0	10570822199730	none	3294	362024e4	512	224	0	3294
3426	1	10570839369280	none	3295	362024e4	512	224	0	3295
3427	2	10570856554410	none	3296	362024e4	512	224	0	3296
3428	3	10570873770750	none	3297	362024e4	512	224	0	3297
3429	4	10570890977490	none	3298	362024e4	512	224	0	3298
3430	5	10570908190650	none	3299	362024e4	512	224	0	3299
3431	6	10570921426130	none	3300	362024e4	512	224	0	3300
3432	7	10570938621060	none	3301	362024e4	512	224	0	3301
3433	0	10570955914710	none	3302	362024e4	512	224	0	3302
3434	1	10570973126800	none	3303	362024e4	512	224	0	3303
3435	2	10570990328630	none	3304	362024e4	512	224	0	3304
3436	3	10571007687640	none	3305	362024e4	512	224	0	3305
3437	4	10571024943430	none	3306	362024e4	512	224	0	3306
3438	5	10571038182480	none	3307	362024e4	512	224	0	3307
3439	6	10571055357010	none	3308	362024e4	512	224	0	3308
3440	7	10571072540960	none	3309	362024e4	512	224	0	3309
3441	0	10571089751540	none	3310	362024e4	512	224	0	3310
3442	1	10571107126510	none	3311	362024e4	512	224	0	3311
3443	2	10571124352170	none	3312	362024e4	512	224	0	3312
3444	3	10571141551150	none	3313	362024e4	512	224	0	3313
3445	4	10571154796480	none	3314	362024e4	512	224	0	3314
3446	5	10571172084300	none	3315	362024e4	512	224	0	3315
3447	6	10571189317790	none	3316	362024e4	512	224	0	3316
3448	7	10571206604310	none	3317	362024e4	512	224	0	3317
3449	0	10571223941070	none	3318	362024e4	512	224	0	3318
3450	1	10571241147820	none	3319	362024e4	512	224	0	3319
3451	2	10571254294380	none	3320	362024e4	512	224	0	3320
3452	3	10571271535400	none	3321	362024e4	512	224	0	3321
3453	4	10571288875220	none	3322	362024e4	512	224	0	3322
3454	5	10571306236170	none	3323	362024e4	512	224	0	3323
3455	6	10571323443490	none	3324	362024e4	512	224	0	3324
3456	7	10571340637360	none	3325	362024e4	512	224	0	3325
3457	0	10571353944240	none	3326	362024e4	512	224	0	3326
3458	1	10571371154140	none	3327	362024e4	512	224	0	3327
3459	2	10571388337560	none	3328	362024e4	512	224	0	3328
3460	3	10571405500230	none	3329	362024e4	512	224	0	3329
3461	4	10571422720420	none	3330	362024e4	512	224	0	3330
3462	5	10571439935000	none	3331	362024e4	512	224	0	3331
3463	6	10571457172970	none	3332	362024e4	512	224	0	3332
3464	7	10571474378010	none	3333	362024e4	512	224	0	3333
3465	0	10571487524710	none	3334	362024e4	512	224	0	3334
3466	1	10571504752980	none	3335	362024e4	512	224	0	3335
3467	2	10571522074830	none	3336	362024e4	512	224	0	3336
3468	3	10571539296870	none	3337	362024e4	512	224	0	3337
3469	4	10571556508500	none	3338	362024e4	512	224	0	3338
3470	5	10571573732950	none	3339	362024e4	512	224	0	3339
3471	6	10571587025830	none	3340	362024e4	512	224	0	3340
3472	7	10571604234080	none	3341	362024e4	512	224	0	3341
3473	0	10571621425270	none	3342	362024e4	512	224	0	3342
3474	1	10571638621170	none	3343	362024e4	512	224	0	3343
3475	2	10571655909130	none	3344	362024e4	512	224	0	3344
3476	3	10571673113690	none	3345	362024e4	512	224	0	3345
3477	4	10571690319640	none	3346	362024e4	512	224	0	3346
3478	5	10571703481720	none	3347	362024e4	512	224	0	3347
3479	6	10571720685640	none	3348	362024e4	512	224	0	3348
3480	7	10571737905510	none	3349	362024e4	512	224	0	3349
3481	0	10571755258380	none	3350	362024e4	512	224	0	3350
3482	1	10571772454990	none	3351	362024e4	512	224	0	3351
3483	2	10571789662600	none	3352	362024e4	512	224	0	3352
3484	3	10571807001180	none	3353	362024e4	512	224	0	3353
3485	4	10571820163190	none	3354	362024e4	512	224	0	3354
3486	5	10571837352240	none	3355	362024e4	512	224	0	3355
3487	6	10571854511950	none	3356	362024e4	512	224	0	3356
3488	7	10571871736550	none	3357	362024e4	512	224	0	3357
3489	0	10571888942730	none	3358	362024e4	512	224	0	3358
3490	1	10571906164240	none	3359	362024e4	512	224	0	3359
3491	2	10571923356690	none	3360	362024e4	512	224	0	3360
3492	3	10571936504850	none	3361	362024e4	512	224	0	3361
3493	4	10571953727650	none	3362	362024e4	512	224	0	3362
3494	5	10571970935480	none	3363	362024e4	512	224	0	3363
3495	6	10571988143510	none	3364	362024e4	512	224	0	3364
3496	7	10572005356480	none	3365	362024e4	512	224	0	3365
3497	0	10572022540040	none	3366	362024e4	512	224	0	3366
3498	1	10572039771690	none	3367	362024e4	512	224	0	3367
3499	2	10572052937680	none	3368	362024e4	512	224	0	3368
3500	3	10572070184990	none	3369	362024e4	512	224	0	3369
3501	4	10572087366750	none	3370	362024e4	512	224	0	3370
3502	5	10572104684300	none	3371	362024e4	512	224	0	3371
3503	6	10572121953730	none	3372	362024e4	512	224	0	3372
3504	7	10572139167330	none	3373	362024e4	512	224	0	3373
3505	0	10572156367310	none	3374	362024e4	512	224	0	3374
3506	1	10572169518800	none	3375	362024e4	512	224	0	3375
3507	2	10572186735040	none	3376	362024e4	512	224	0	3376
3508	3	10572203929270	none	3377	362024e4	512	224	0	3377
3509	4	10572221169990	none	3378	362024e4	512	224	0	3378
3510	5	10572238380840	none	3379	362024e4	512	224	0	3379
3511	6	10572255578250	none	3380	362024e4	512	224	0	3380
3512	7	10572272812190	none	3381	362024e4	512	224	0	3381
3513	0	10572286048840	none	3382	362024e4	512	224	0	3382
3514	1	10572303405430	none	3383	362024e4	512	224	0	3383
3515	2	10572320644880	none	3384	362024e4	512	224	0	3384
3516	3	10572337878950	none	3385	362024e4	512	224	0	3385
3517	4	10572355104760	none	3386	362024e4	512	224	0	3386
3518	5	10572372308490	none	3387	362024e4	512	224	0	3387
3519	6	10572389493860	none	3388	362024e4	512	224	0	3388
3520	7	10572402681100	none	3389	362024e4	512	224	0	3389
3521	0	10572419879830	none	3390	362024e4	512	224	0	3390
3522	1	10572437091040	none	3391	362024e4	512	224	0	3391
3523	2	10572454299940	none	3392	362024e4	512	224	0	3392
3524	3	10572471489190	none	3393	362024e4	512	224	0	3393
3525	4	10572488709120	none	3394	362024e4	512	224	0	3394
3526	5	10572505910830	none	3395	362024e4	512	224	0	3395
3527	6	10572519228910	none	3396	362024e4	512	224	0	3396
3528	7	10572536403640	none	3397	362024e4	512	224	0	3397
3529	0	10572553717310	none	3398	362024e4	512	224	0	3398
3530	1	10572570948870	none	3399	362024e4	512	224	0	3399
3531	2	10572588161430	none	3400	362024e4	512	224	0	3400
3532	3	10572605432780	none	3401	362024e4	512	224	0	3401
3533	4	10572618664270	none	3402	362024e4	512	224	0	3402
3534	5	10572635881060	none	3403	362024e4	512	224	0	3403
3535	6	10572653217110	none	3404	362024e4	512	224	0	3404
3536	7	10572670451580	none	3405	362024e4	512	224	0	3405
3537	0	10572687654910	none	3406	362024e4	512	224	0	3406
3538	1	10572704873320	none	3407	362024e4	512	224	0	3407
3539	2	10572722215910	none	3408	362024e4	512	224	0	3408
3540	3	10572735402210	none	3409	362024e4	512	224	0	3409
3541	4	10572752743010	none	3410	362024e4	512	224	0	3410
3542	5	10572769964110	none	3411	362024e4	512	224	0	3411
3543	6	10572787172850	none	3412	362024e4	512	224	0	3412
3544	7	10572804405020	none	3413	362024e4	512	224	0	3413
3545	0	10572821595590	none	3414	362024e4	512	224	0	3414
3546	1	10572834772390	none	3415	362024e4	512	224	0	3415
3547	2	10572852156410	none	3416	362024e4	512	224	0	3416
3548	3	10572869408650	none	3417	362024e4	512	224	0	3417
3549	4	10572886632430	none	3418	362024e4	512	224	0	3418
3550	5	10572903962520	none	3419	362024e4	512	224	0	3419
3551	6	10572921156440	none	3420	362024e4	512	224	0	3420
3552	7	10572938342810	none	3421	362024e4	512	224	0	3421
3553	0	10572951490540	none	3422	362024e4	512	224	0	3422
3554	1	10572968701960	none	3423	362024e4	512	224	0	3423
3555	2	10572985905420	none	3424	362024e4	512	224	0	3424
3556	3	10573003129550	none	3425	362024e4	512	224	0	3425
3557	4	10573020309890	none	3426	362024e4	512	224	0	3426
3558	5	10573037492480	none	3427	362024e4	512	224	0	3427
3559	6	10573054718470	none	3428	362024e4	512	224	0	3428
3560	7	10573067952700	none	3429	362024e4	512	224	0	3429
3561	0	10573085153840	none	3430	362024e4	512	224	0	3430
3562	1	10573102343280	none	3431	362024e4	512	224	0	3431
3563	2	10573119522130	none	3432	362024e4	512	224	0	3432
3564	3	10573136843780	none	3433	362024e4	512	224	0	3433
3565	4	10573154063310	none	3434	362024e4	512	224	0	3434
3566	5	10573171397650	none	3435	362024e4	512	224	0	3435
3567	6	10573184628180	none	3436	362024e4	512	224	0	3436
3568	7	10573201929350	none	3437	362024e4	512	224	0	3437
3569	0	10573219129460	none	3438	362024e4	512	224	0	3438
3570	1	10573236320010	none	3439	362024e4	512	224	0	3439
3571	2	10573253503370	none	3440	362024e4	512	224	0	3440
3572	3	10573270740040	none	3441	362024e4	512	224	0	3441
3573	4	10573287943680	none	3442	362024e4	512	224	0	3442
3574	5	10573301113770	none	3443	362024e4	512	224	0	3443
3575	6	10573318291440	none	3444	362024e4	512	224	0	3444
3576	7	10573335476350	none	3445	362024e4	512	224	0	3445
3577	0	10573352707930	none	3446	362024e4	512	224	0	3446
3578	1	10573369925300	none	3447	362024e4	512	224	0	3447
3579	2	10573387139050	none	3448	362024e4	512	224	0	3448
3580	3	10573404388440	none	3449	362024e4	512	224	0	3449
3581	4	10573417687660	none	3450	362024e4	512	224	0	3450
3582	5	10573434908560	none	3451	362024e4	512	224	0	3451
3583	6	10573452140170	none	3452	362024e4	512	224	0	3452
3584	7	10573469330030	none	3453	362024e4	512	224	0	3453
3585	0	10573486521850	none	3454	362024e4	512	224	0	3454
3586	1	10573503746540	none	3455	362024e4	512	224	0	3455
3587	2	10573517046460	none	3456	362024e4	512	224	0	3456
3588	3	10573534254980	none	3457	362024e4	512	224	0	3457
3589	4	10573551441630	none	3458	362024e4	512	224	0	3458
3590	5	10573568665500	none	3459	362024e4	512	224	0	3459
3591	6	10573585869910	none	3460	362024e4	512	224	0	3460
3592	7	10573603052550	none	3461	362024e4	512	224	0	3461
3593	0	10573620465670	none	3462	362024e4	512	224	0	3462
3594	1	10573633693920	none	3463	362024e4	512	224	0	3463
3595	2	10573651000010	none	3464	362024e4	512	224	0	3464
3596	3	10573668330000	none	3465	362024e4	512	224	0	3465
3597	4	10573685695770	none	3466	362024e4	512	224	0	3466
3598	5	10573702917900	none	3467	362024e4	512	224	0	3467
3599	6	10573720279890	none	3468	362024e4	512	224	0	3468
3600	7	10573733441570	none	3469	362024e4	512	224	0	3469
3601	0	10573750760570	none	3470	362024e4	512	224	0	3470
3602	1	10573767978730	none	3471	362024e4	512	224	0	3471
3603	2	10573785182190	none	3472	362024e4	512	224	0	3472
3604	3	10573802391750	none	3473	362024e4	512	224	0	3473
3605	4	10573819611190	none	3474	362024e4	512	224	0	3474
3606	5	10573836940930	none	3475	362024e4	512	224	0	3475
3607	6	10573850116270	none	3476	362024e4	512	224	0	3476
3608	7	10573867301960	none	3477	362024e4	512	224	0	3477
3609	0	10573884490190	none	3478	362024e4	512	224	0	3478
3610	1	10573901700040	none	3479	362024e4	512	224	0	3479
3611	2	10573918909190	none	3480	362024e4	512	224	0	3480
3612	3	10573936159550	none	3481	362024e4	512	224	0	3481
3613	4	10573953373650	none	3482	362024e4	512	224	0	3482
3614	5	10573966539370	none	3483	362024e4	512	224	0	3483
3615	6	10573983786940	none	3484	362024e4	512	224	0	3484
3616	7	10574000991910	none	3485	362024e4	512	224	0	3485
3617	0	10574018201160	none	3486	362024e4	512	224	0	3486
3618	1	10574035385620	none	3487	362024e4	512	224	0	3487
3619	2	10574052571260	none	3488	362024e4	512	224	0	3488
3620	3	10574069864520	none	3489	362024e4	512	224	0	3489
3621	4	10574083035620	none	3490	362024e4	512	224	0	3490
3622	5	10574100249240	none	3491	362024e4	512	224	0	3491
3623	6	10574117465560	none	3492	362024e4	512	224	0	3492
3624	7	10574134679610	none	3493	362024e4	512	224	0	3493
3625	0	10574151887830	none	3494	362024e4	512	224	0	3494
3626	1	10574169244000	none	3495	362024e4	512	224	0	3495
3627	2	10574186432360	none	3496	362024e4	512	224	0	3496
3628	3	10574199611640	none	3497	362024e4	512	224	0	3497
3629	4	10574216832010	none	3498	362024e4	512	224	0	3498
3630	5	10574234115210	none	3499	362024e4	512	224	0	3499
3631	6	10574251297860	none	3500	362024e4	512	224	0	3500
3632	7	10574268617940	none	3501	362024e4	512	224	0	3501
3633	0	10574285941390	none	3502	362024e4	512	224	0	3502
3634	1	10574299107450	none	3503	362024e4	512	224	0	3503
3635	2	10574316289330	none	3504	362024e4	512	224	0	3504
3636	3	10574333469090	none	3505	362024e4	512	224	0	3505
3637	4	10574350681500	none	3506	362024e4	512	224	0	3506
3638	5	10574367886510	none	3507	362024e4	512	224	0	3507
3639	6	10574385094910	none	3508	362024e4	512	224	0	3508
3640	7	10574402296340	none	3509	362024e4	512	224	0	3509
3641	0	10574419487860	none	3510	362024e4	512	224	0	3510
3642	1	10574432681180	none	3511	362024e4	512	224	0	3511
3643	2	10574449993360	none	3512	362024e4	512	224	0	3512
3644	3	10574467220250	none	3513	362024e4	512	224	0	3513
3645	4	10574484441870	none	3514	362024e4	512	224	0	3514
3646	5	10574501675190	none	3515	362024e4	512	224	0	3515
3647	6	10574518979690	none	3516	362024e4	512	224	0	3516
3648	7	10574532156510	none	3517	362024e4	512	224	0	3517
3649	0	10574549347560	none	3518	362024e4	512	224	0	3518
3650	1	10574566505950	none	3519	362024e4	512	224	0	3519
3651	2	10574583730400	none	3520	362024e4	512	224	0	3520
3652	3	10574600951060	none	3521	362024e4	512	224	0	3521
3653	4	10574618159390	none	3522	362024e4	512	224	0	3522
3654	5	10574635357890	none	3523	362024e4	512	224	0	3523
3655	6	10574648522100	none	3524	362024e4	512	224	0	3524
3656	7	10574665752080	none	3525	362024e4	512	224	0	3525
3657	0	10574683088910	none	3526	362024e4	512	224	0	3526
3658	1	10574700314390	none	3527	362024e4	512	224	0	3527
3659	2	10574717652690	none	3528	362024e4	512	224	0	3528
3660	3	10574734949270	none	3529	362024e4	512	224	0	3529
3661	4	10574752155290	none	3530	362024e4	512	224	0	3530
3662	5	10574765384320	none	3531	362024e4	512	224	0	3531
3663	6	10574782602600	none	3532	362024e4	512	224	0	3532
3664	7	10574799818910	none	3533	362024e4	512	224	0	3533
3665	0	10574817179550	none	3534	362024e4	512	224	0	3534
3666	1	10574834432710	none	3535	362024e4	512	224	0	3535
3667	2	10574851661050	none	3536	362024e4	512	224	0	3536
3668	3	10574864951340	none	3537	362024e4	512	224	0	3537
3669	4	10574882160740	none	3538	362024e4	512	224	0	3538
3670	5	10574899329440	none	3539	362024e4	512	224	0	3539
3671	6	10574916512950	none	3540	362024e4	512	224	0	3540
3672	7	10574933749060	none	3541	362024e4	512	224	0	3541
3673	0	10574950945610	none	3542	362024e4	512	224	0	3542
3674	1	10574968164020	none	3543	362024e4	512	224	0	3543
3675	2	10574981317940	none	3544	362024e4	512	224	0	3544
3676	3	10574998512230	none	3545	362024e4	512	224	0	3545
3677	4	10575015719800	none	3546	362024e4	512	224	0	3546
3678	5	10575032950160	none	3547	362024e4	512	224	0	3547
3679	6	10575050180230	none	3548	362024e4	512	224	0	3548
3680	7	10575067394010	none	3549	362024e4	512	224	0	3549
3681	0	10575084772660	none	3550	362024e4	512	224	0	3550
3682	1	10575098192630	none	3551	362024e4	512	224	0	3551
3683	2	10575115624690	none	3552	362024e4	512	224	0	3552
3684	3	10575132847470	none	3553	362024e4	512	224	0	3553
3685	4	10575150059610	none	3554	362024e4	512	224	0	3554
3686	5	10575167277290	none	3555	362024e4	512	224	0	3555
3687	6	10575184543310	none	3556	362024e4	512	224	0	3556
3688	7	10575197741900	none	3557	362024e4	512	224	0	3557
3689	0	10575214936120	none	3558	362024e4	512	224	0	3558
3690	1	10575232121580	none	3559	362024e4	512	224	0	3559
3691	2	10575249316120	none	3560	362024e4	512	224	0	3560
3692	3	10575266673140	none	3561	362024e4	512	224	0	3561
3693	4	10575283955200	none	3562	362024e4	512	224	0	3562
3694	5	10575301180330	none	3563	362024e4	512	224	0	3563
3695	6	10575314318760	none	3564	362024e4	512	224	0	3564
3696	7	10575331500850	none	3565	362024e4	512	224	0	3565
3697	0	10575348724690	none	3566	362024e4	512	224	0	3566
3698	1	10575365992300	none	3567	362024e4	512	224	0	3567
3699	2	10575383216930	none	3568	362024e4	512	224	0	3568
3700	3	10575400405960	none	3569	362024e4	512	224	0	3569
3701	4	10575417610630	none	3570	362024e4	512	224	0	3570
3702	5	10575430835300	none	3571	362024e4	512	224	0	3571
3703	6	10575448032100	none	3572	362024e4	512	224	0	3572
3704	7	10575465357810	none	3573	362024e4	512	224	0	3573
3705	0	10575482570630	none	3574	362024e4	512	224	0	3574
3706	1	10575499801650	none	3575	362024e4	512	224	0	3575
3707	2	10575517032290	none	3576	362024e4	512	224	0	3576
3708	3	10575534246340	none	3577	362024e4	512	224	0	3577
3709	4	10575547401400	none	3578	362024e4	512	224	0	3578
3710	5	10575564595040	none	3579	362024e4	512	224	0	3579
3711	6	10575581818370	none	3580	362024e4	512	224	0	3580
3712	7	10575599042510	none	3581	362024e4	512	224	0	3581
3713	0	10575616268100	none	3582	362024e4	512	224	0	3582
3714	1	10575633456830	none	3583	362024e4	512	224	0	3583
3715	2	10575650681920	none	3584	362024e4	512	224	0	3584
3716	3	10575663915610	none	3585	362024e4	512	224	0	3585
3717	4	10575681122710	none	3586	362024e4	512	224	0	3586
3718	5	10575698315620	none	3587	362024e4	512	224	0	3587
3719	6	10575715652600	none	3588	362024e4	512	224	0	3588
3720	7	10575732884870	none	3589	362024e4	512	224	0	3589
3721	0	10575750100500	none	3590	362024e4	512	224	0	3590
3722	1	10575767282910	none	3591	362024e4	512	224	0	3591
3723	2	10575780584860	none	3592	362024e4	512	224	0	3592
3724	3	10575797899410	none	3593	362024e4	512	224	0	3593
3725	4	10575815117700	none	3594	362024e4	512	224	0	3594
3726	5	10575832301160	none	3595	362024e4	512	224	0	3595
3727	6	10575849516120	none	3596	362024e4	512	224	0	3596
3728	7	10575866716100	none	3597	362024e4	512	224	0	3597
3729	0	10575879881900	none	3598	362024e4	512	224	0	3598
3730	1	10575897100510	none	3599	362024e4	512	224	0	3599
3731	2	10575914413030	none	3600	362024e4	512	224	0	3600
3732	3	10575931638140	none	3601	362024e4	512	224	0	3601
3733	4	10575948842650	none	3602	362024e4	512	224	0	3602
3734	5	10575966040060	none	3603	362024e4	512	224	0	3603
3735	6	10575983244190	none	3604	362024e4	512	224	0	3604
3736	7	10575996407760	none	3605	362024e4	512	224	0	3605
3737	0	10576013622780	none	3606	362024e4	512	224	0	3606
3738	1	10576030840200	none	3607	362024e4	512	224	0	3607
3739	2	10576048043460	none	3608	362024e4	512	224	0	3608
3740	3	10576065331680	none	3609	362024e4	512	224	0	3609
3741	4	10576082519100	none	3610	362024e4	512	224	0	3610
3742	5	10576099740380	none	3611	362024e4	512	224	0	3611
3743	6	10576113025830	none	3612	362024e4	512	224	0	3612
3744	7	10576130252040	none	3613	362024e4	512	224	0	3613
3745	0	10576147450840	none	3614	362024e4	512	224	0	3614
3746	1	10576164686460	none	3615	362024e4	512	224	0	3615
3747	2	10576181876840	none	3616	362024e4	512	224	0	3616
3748	3	10576199110950	none	3617	362024e4	512	224	0	3617
3749	4	10576216352000	none	3618	362024e4	512	224	0	3618
3750	5	10576229656590	none	3619	362024e4	512	224	0	3619
3751	6	10576246883740	none	3620	362024e4	512	224	0	3620
3752	7	10576264112620	none	3621	362024e4	512	224	0	3621
3753	0	10576281314830	none	3622	362024e4	512	224	0	3622
3754	1	10576298522390	none	3623	362024e4	512	224	0	3623
3755	2	10576315747570	none	3624	362024e4	512	224	0	3624
3756	3	10576329023590	none	3625	362024e4	512	224	0	3625
3757	4	10576346233020	none	3626	362024e4	512	224	0	3626
3758	5	10576363561950	none	3627	362024e4	512	224	0	3627
3759	6	10576380772410	none	3628	362024e4	512	224	0	3628
3760	7	10576397991100	none	3629	362024e4	512	224	0	3629
3761	0	10576415234370	none	3630	362024e4	512	224	0	3630
3762	1	10576432406820	none	3631	362024e4	512	224	0	3631
3763	2	10576445590680	none	3632	362024e4	512	224	0	3632
3764	3	10576462795190	none	3633	362024e4	512	224	0	3633
3765	4	10576479985420	none	3634	362024e4	512	224	0	3634
3766	5	10576497205120	none	3635	362024e4	512	224	0	3635
3767	6	10576514383070	none	3636	362024e4	512	224	0	3636
3768	7	10576531595240	none	3637	362024e4	512	224	0	3637
3769	0	10576548825070	none	3638	362024e4	512	224	0	3638
3770	1	10576562010230	none	3639	362024e4	512	224	0	3639
3771	2	10576579202230	none	3640	362024e4	512	224	0	3640
3772	3	10576596468590	none	3641	362024e4	512	224	0	3641
3773	4	10576613696510	none	3642	362024e4	512	224	0	3642
3774	5	10576630910990	none	3643	362024e4	512	224	0	3643
3775	6	10576648098980	none	3644	362024e4	512	224	0	3644
3776	7	10576665311270	none	3645	362024e4	512	224	0	3645
3777	0	10576678606590	none	3646	362024e4	512	224	0	3646
3778	1	10576695882610	none	3647	362024e4	512	224	0	3647
3779	2	10576713092830	none	3648	362024e4	512	224	0	3648
3780	3	10576730291410	none	3649	362024e4	512	224	0	3649
3781	4	10576747458570	none	3650	362024e4	512	224	0	3650
3782	5	10576764690270	none	3651	362024e4	512	224	0	3651
3783	6	10576781904250	none	3652	362024e4	512	224	0	3652
3784	7	10576795097080	none	3653	362024e4	512	224	0	3653
3785	0	10576812411650	none	3654	362024e4	512	224	0	3654
3786	1	10576829637620	none	3655	362024e4	512	224	0	3655
3787	2	10576846858940	none	3656	362024e4	512	224	0	3656
3788	3	10576864144430	none	3657	362024e4	512	224	0	3657
3789	4	10576881347930	none	3658	362024e4	512	224	0	3658
3790	5	10576898555120	none	3659	362024e4	512	224	0	3659
3791	6	10576911736950	none	3660	362024e4	512	224	0	3660
3792	7	10576928946600	none	3661	362024e4	512	224	0	3661
3793	0	10576946158660	none	3662	362024e4	512	224	0	3662
3794	1	10576963339920	none	3663	362024e4	512	224	0	3663
3795	2	10576980540260	none	3664	362024e4	512	224	0	3664
3796	3	10576997769370	none	3665	362024e4	512	224	0	3665
3797	4	10577014975460	none	3666	362024e4	512	224	0	3666
3798	5	10577028160650	none	3667	362024e4	512	224	0	3667
3799	6	10577045337820	none	3668	362024e4	512	224	0	3668
3800	7	10577062535190	none	3669	362024e4	512	224	0	3669
3801	0	10577079750840	none	3670	362024e4	512	224	0	3670
3802	1	10577097095570	none	3671	362024e4	512	224	0	3671
3803	2	10577114271360	none	3672	362024e4	512	224	0	3672
3804	3	10577131633280	none	3673	362024e4	512	224	0	3673
3805	4	10577144903600	none	3674	362024e4	512	224	0	3674
3806	5	10577162127120	none	3675	362024e4	512	224	0	3675
3807	6	10577179315990	none	3676	362024e4	512	224	0	3676
3808	7	10577196512170	none	3677	362024e4	512	224	0	3677
3809	0	10577213734100	none	3678	362024e4	512	224	0	3678
3810	1	10577230958560	none	3679	362024e4	512	224	0	3679
3811	2	10577248196140	none	3680	362024e4	512	224	0	3680
3812	3	10577261340850	none	3681	362024e4	512	224	0	3681
3813	4	10577278569010	none	3682	362024e4	512	224	0	3682
3814	5	10577295772470	none	3683	362024e4	512	224	0	3683
3815	6	10577312980660	none	3684	362024e4	512	224	0	3684
3816	7	10577330326630	none	3685	362024e4	512	224	0	3685
3817	0	10577347527930	none	3686	362024e4	512	224	0	3686
3818	1	10577360692310	none	3687	362024e4	512	224	0	3687
3819	2	10577377961810	none	3688	362024e4	512	224	0	3688
3820	3	10577395209880	none	3689	362024e4	512	224	0	3689
3821	4	10577412405830	none	3690	362024e4	512	224	0	3690
3822	5	10577429641260	none	3691	362024e4	512	224	0	3691
3823	6	10577446853610	none	3692	362024e4	512	224	0	3692
3824	7	10577464119360	none	3693	362024e4	512	224	0	3693
3825	0	10577477286900	none	3694	362024e4	512	224	0	3694
3826	1	10577494562080	none	3695	362024e4	512	224	0	3695
3827	2	10577511776620	none	3696	362024e4	512	224	0	3696
3828	3	10577528993630	none	3697	362024e4	512	224	0	3697
3829	4	10577546193900	none	3698	362024e4	512	224	0	3698
3830	5	10577563396450	none	3699	362024e4	512	224	0	3699
3831	6	10577580718390	none	3700	362024e4	512	224	0	3700
3832	7	10577593904460	none	3701	362024e4	512	224	0	3701
3833	0	10577611120650	none	3702	362024e4	512	224	0	3702
3834	1	10577628304480	none	3703	362024e4	512	224	0	3703
3835	2	10577645513770	none	3704	362024e4	512	224	0	3704
3836	3	10577662762230	none	3705	362024e4	512	224	0	3705
3837	4	10577680101050	none	3706	362024e4	512	224	0	3706
3838	5	10577697287190	none	3707	362024e4	512	224	0	3707
3839	6	10577710448580	none	3708	362024e4	512	224	0	3708
3840	7	10577727653720	none	3709	362024e4	512	224	0	3709
3841	0	10577744857640	none	3710	362024e4	512	224	0	3710
3842	1	10577762083950	none	3711	362024e4	512	224	0	3711
3843	2	10577779412900	none	3712	362024e4	512	224	0	3712
3844	3	10577796649120	none	3713	362024e4	512	224	0	3713
3845	4	10577813865020	none	3714	362024e4	512	224	0	3714
3846	5	10577827065480	none	3715	362024e4	512	224	0	3715
3847	6	10577844248440	none	3716	362024e4	512	224	0	3716
3848	7	10577861440540	none	3717	362024e4	512	224	0	3717
3849	0	10577878684210	none	3718	362024e4	512	224	0	3718
3850	1	10577895878930	none	3719	362024e4	512	224	0	3719
3851	2	10577913103160	none	3720	362024e4	512	224	0	3720
3852	3	10577930336130	none	3721	362024e4	512	224	0	3721
3853	4	10577943503030	none	3722	362024e4	512	224	0	3722
3854	5	10577960728410	none	3723	362024e4	512	224	0	3723
3855	6	10577977934380	none	3724	362024e4	512	224	0	3724
3856	7	10577995166460	none	3725	362024e4	512	224	0	3725
3857	0	10578012356840	none	3726	362024e4	512	224	0	3726
3858	1	10578029634880	none	3727	362024e4	512	224	0	3727
3859	2	10578046837890	none	3728	362024e4	512	224	0	3728
3860	3	10578060070310	none	3729	362024e4	512	224	0	3729
3861	4	10578077252920	none	3730	362024e4	512	224	0	3730
3862	5	10578094439630	none	3731	362024e4	512	224	0	3731
3863	6	10578111659160	none	3732	362024e4	512	224	0	3732
3864	7	10578128950970	none	3733	362024e4	512	224	0	3733
3865	0	10578146177530	none	3734	362024e4	512	224	0	3734
3866	1	10578163362570	none	3735	362024e4	512	224	0	3735
3867	2	10578176540470	none	3736	362024e4	512	224	0	3736
3868	3	10578193776750	none	3737	362024e4	512	224	0	3737
3869	4	10578210986540	none	3738	362024e4	512	224	0	3738
3870	5	10578228333330	none	3739	362024e4	512	224	0	3739
3871	6	10578245537890	none	3740	362024e4	512	224	0	3740
3872	7	10578262756970	none	3741	362024e4	512	224	0	3741
3873	0	10578275965090	none	3742	362024e4	512	224	0	3742
3874	1	10578293178100	none	3743	362024e4	512	224	0	3743
3875	2	10578310365100	none	3744	362024e4	512	224	0	3744
3876	3	10578327582960	none	3745	362024e4	512	224	0	3745
3877	4	10578344812380	none	3746	362024e4	512	224	0	3746
3878	5	10578362032590	none	3747	362024e4	512	224	0	3747
3879	6	10578379229630	none	3748	362024e4	512	224	0	3748
3880	7	10578392382020	none	3749	362024e4	512	224	0	3749
3881	0	10578409604000	none	3750	362024e4	512	224	0	3750
3882	1	10578426831780	none	3751	362024e4	512	224	0	3751
3883	2	10578444055810	none	3752	362024e4	512	224	0	3752
3884	3	10578461336870	none	3753	362024e4	512	224	0	3753
3885	4	10578478576510	none	3754	362024e4	512	224	0	3754
3886	5	10578495775560	none	3755	362024e4	512	224	0	3755
3887	6	10578509067990	none	3756	362024e4	512	224	0	3756
3888	7	10578526257950	none	3757	362024e4	512	224	0	3757
3889	0	10578543459860	none	3758	362024e4	512	224	0	3758
3890	1	10578560679450	none	3759	362024e4	512	224	0	3759
3891	2	10578578028110	none	3760	362024e4	512	224	0	3760
3892	3	10578595216750	none	3761	362024e4	512	224	0	3761
3893	4	10578612408490	none	3762	362024e4	512	224	0	3762
3894	5	10578625602990	none	3763	362024e4	512	224	0	3763
3895	6	10578642830030	none	3764	362024e4	512	224	0	3764
3896	7	10578660053480	none	3765	362024e4	512	224	0	3765
3897	0	10578677363150	none	3766	362024e4	512	224	0	3766
3898	1	10578694581800	none	3767	362024e4	512	224	0	3767
3899	2	10578711800790	none	3768	362024e4	512	224	0	3768
3900	3	10578729028950	none	3769	362024e4	512	224	0	3769
3901	4	10578742509240	none	3770	362024e4	512	224	0	3770
3902	5	10578759724900	none	3771	362024e4	512	224	0	3771
3903	6	10578777016090	none	3772	362024e4	512	224	0	3772
3904	7	10578794203510	none	3773	362024e4	512	224	0	3773
3905	0	10578811401140	none	3774	362024e4	512	224	0	3774
3906	1	10578828621580	none	3775	362024e4	512	224	0	3775
3907	2	10578841802320	none	3776	362024e4	512	224	0	3776
3908	3	10578859031010	none	3777	362024e4	512	224	0	3777
3909	4	10578876358080	none	3778	362024e4	512	224	0	3778
3910	5	10578893591910	none	3779	362024e4	512	224	0	3779
3911	6	10578910811170	none	3780	362024e4	512	224	0	3780
3912	7	10578928020620	none	3781	362024e4	512	224	0	3781
3913	0	10578945200180	none	3782	362024e4	512	224	0	3782
3914	1	10578958427380	none	3783	362024e4	512	224	0	3783
3915	2	10578975724840	none	3784	362024e4	512	224	0	3784
3916	3	10578993066710	none	3785	362024e4	512	224	0	3785
3917	4	10579010278220	none	3786	362024e4	512	224	0	3786
3918	5	10579027482790	none	3787	362024e4	512	224	0	3787
3919	6	10579044707360	none	3788	362024e4	512	224	0	3788
3920	7	10579058023990	none	3789	362024e4	512	224	0	3789
3921	0	10579075286300	none	3790	362024e4	512	224	0	3790
3922	1	10579092529460	none	3791	362024e4	512	224	0	3791
3923	2	10579109775750	none	3792	362024e4	512	224	0	3792
3924	3	10579127045810	none	3793	362024e4	512	224	0	3793
3925	4	10579144234250	none	3794	362024e4	512	224	0	3794
3926	5	10579161418630	none	3795	362024e4	512	224	0	3795
3927	6	10579174616970	none	3796	362024e4	512	224	0	3796
3928	7	10579191884250	none	3797	362024e4	512	224	0	3797
3929	0	10579209137930	none	3798	362024e4	512	224	0	3798
3930	1	10579226325680	none	3799	362024e4	512	224	0	3799
3931	2	10579243533590	none	3800	362024e4	512	224	0	3800
3932	3	10579260789090	none	3801	362024e4	512	224	0	3801
3933	4	10579277978490	none	3802	362024e4	512	224	0	3802
3934	5	10579291278580	none	3803	362024e4	512	224	0	3803
3935	6	10579308489640	none	3804	362024e4	512	224	0	3804
3936	7	10579325851160	none	3805	362024e4	512	224	0	3805
3937	0	10579343090280	none	3806	362024e4	512	224	0	3806
3938	1	10579360275650	none	3807	362024e4	512	224	0	3807
3939	2	10579377488480	none	3808	362024e4	512	224	0	3808
3940	3	10579390682760	none	3809	362024e4	512	224	0	3809
3941	4	10579407886970	none	3810	362024e4	512	224	0	3810
3942	5	10579425285250	none	3811	362024e4	512	224	0	3811
3943	6	10579442529550	none	3812	362024e4	512	224	0	3812
3944	7	10579459758760	none	3813	362024e4	512	224	0	3813
3945	0	10579476959200	none	3814	362024e4	512	224	0	3814
3946	1	10579494298540	none	3815	362024e4	512	224	0	3815
3947	2	10579507461740	none	3816	362024e4	512	224	0	3816
3948	3	10579524807540	none	3817	362024e4	512	224	0	3817
3949	4	10579542091960	none	3818	362024e4	512	224	0	3818
3950	5	10579559296110	none	3819	362024e4	512	224	0	3819
3951	6	10579576516210	none	3820	362024e4	512	224	0	3820
3952	7	10579593739270	none	3821	362024e4	512	224	0	3821
3953	0	10579610941570	none	3822	362024e4	512	224	0	3822
3954	1	10579624126460	none	3823	362024e4	512	224	0	3823
3955	2	10579641301120	none	3824	362024e4	512	224	0	3824
3956	3	10579658589760	none	3825	362024e4	512	224	0	3825
3957	4	10579675969670	none	3826	362024e4	512	224	0	3826
3958	5	10579693180510	none	3827	362024e4	512	224	0	3827
3959	6	10579710371350	none	3828	362024e4	512	224	0	3828
3960	7	10579723563200	none	3829	362024e4	512	224	0	3829
3961	0	10579740762750	none	3830	362024e4	512	224	0	3830
3962	1	10579757958250	none	3831	362024e4	512	224	0	3831
3963	2	10579775237500	none	3832	362024e4	512	224	0	3832
3964	3	10579792521670	none	3833	362024e4	512	224	0	3833
3965	4	10579809740200	none	3834	362024e4	512	224	0	3834
3966	5	10579826941250	none	3835	362024e4	512	224	0	3835
3967	6	10579840236940	none	3836	362024e4	512	224	0	3836
3968	7	10579857410290	none	3837	362024e4	512	224	0	3837
3969	0	10579874629560	none	3838	362024e4	512	224	0	3838
3970	1	10579891908980	none	3839	362024e4	512	224	0	3839
3971	2	10579909150670	none	3840	362024e4	512	224	0	3840
3972	3	10579926374570	none	3841	362024e4	512	224	0	3841
3973	4	10579943702690	none	3842	362024e4	512	224	0	3842
3974	5	10579956906560	none	3843	362024e4	512	224	0	3843
3975	6	10579974123040	none	3844	362024e4	512	224	0	3844
3976	7	10579991307820	none	3845	362024e4	512	224	0	3845
3977	0	10580008560880	none	3846	362024e4	512	224	0	3846
3978	1	10580025802330	none	3847	362024e4	512	224	0	3847
3979	2	10580043181780	none	3848	362024e4	512	224	0	3848
3980	3	10580056357580	none	3849	362024e4	512	224	0	3849
3981	4	10580073704690	none	3850	362024e4	512	224	0	3850
3982	5	10580090957910	none	3851	362024e4	512	224	0	3851
3983	6	10580108223910	none	3852	362024e4	512	224	0	3852
3984	7	10580125724040	none	3853	362024e4	512	224	0	3853
3985	0	10580143172970	none	3854	362024e4	512	224	0	3854
3986	1	10580156332190	none	3855	362024e4	512	224	0	3855
3987	2	10580173674210	none	3856	362024e4	512	224	0	3856
3988	3	10580190954380	none	3857	362024e4	512	224	0	3857
3989	4	10580208191070	none	3858	362024e4	512	224	0	3858
3990	5	10580225480710	none	3859	362024e4	512	224	0	3859
3991	6	10580242825750	none	3860	362024e4	512	224	0	3860
3992	7	10580256028140	none	3861	362024e4	512	224	0	3861
3993	0	10580273226360	none	3862	362024e4	512	224	0	3862
3994	1	10580290395270	none	3863	362024e4	512	224	0	3863
3995	2	10580307615220	none	3864	362024e4	512	224	0	3864
3996	3	10580324857080	none	3865	362024e4	512	224	0	3865
3997	4	10580342283610	none	3866	362024e4	512	224	0	3866
3998	5	10580359542000	none	3867	362024e4	512	224	0	3867
3999	6	10580372717270	none	3868	362024e4	512	224	0	3868
4000	7	10580389952940	none	3869	362024e4	512	224	0	3869
4001	0	10580407165380	none	3870	362024e4	512	224	0	3870
4002	1	10580424340880	none	3871	362024e4	512	224	0	3871
4003	2	10580441563750	none	3872	362024e4	512	224	0	3872
4004	3	10580458831990	none	3873	362024e4	512	224	0	3873
4005	4	10580476063540	none	3874	362024e4	512	224	0	3874
4006	5	10580489267740	none	3875	362024e4	512	224	0	3875
4007	6	10580506484470	none	3876	362024e4	512	224	0	3876
4008	7	10580523745080	none	3877	362024e4	512	224	0	3877
4009	0	10580540963250	none	3878	362024e4	512	224	0	3878
4010	1	10580558158400	none	3879	362024e4	512	224	0	3879
4011	2	10580575449260	none	3880	362024e4	512	224	0	3880
4012	3	10580588784580	none	3881	362024e4	512	224	0	3881
4013	4	10580606023490	none	3882	362024e4	512	224	0	3882
4014	5	10580623211160	none	3883	362024e4	512	224	0	3883
4015	6	10580640428100	none	3884	362024e4	512	224	0	3884
4016	7	10580657667050	none	3885	362024e4	512	224	0	3885
4017	0	10580674888820	none	3886	362024e4	512	224	0	3886
4018	1	10580692182980	none	3887	362024e4	512	224	0	3887
4019	2	10580705340780	none	3888	362024e4	512	224	0	3888
4020	3	10580722559270	none	3889	362024e4	512	224	0	3889
4021	4	10580739780190	none	3890	362024e4	512	224	0	3890
4022	5	10580757129880	none	3891	362024e4	512	224	0	3891
4023	6	10580774315370	none	3892	362024e4	512	224	0	3892
4024	7	10580791650540	none	3893	362024e4	512	224	0	3893
4025	0	10580808950450	none	3894	362024e4	512	224	0	3894
4026	1	10580822123700	none	3895	362024e4	512	224	0	3895
4027	2	10580839366600	none	3896	362024e4	512	224	0	3896
4028	3	10580856712810	none	3897	362024e4	512	224	0	3897
4029	4	10580873912210	none	3898	362024e4	512	224	0	3898
4030	5	10580891296590	none	3899	362024e4	512	224	0	3899
4031	6	10580908565320	none	3900	362024e4	512	224	0	3900
4032	7	10580921842370	none	3901	362024e4	512	224	0	3901
4033	0	10580939053700	none	3902	362024e4	512	224	0	3902
4034	1	10580956237100	none	3903	362024e4	512	224	0	3903
4035	2	10580973437410	none	3904	362024e4	512	224	0	3904
4036	3	10580990744940	none	3905	362024e4	512	224	0	3905
4037	4	10581007955400	none	3906	362024e4	512	224	0	3906
4038	5	10581025282470	none	3907	362024e4	512	224	0	3907
4039	6	10581038491630	none	3908	362024e4	512	224	0	3908
4040	7	10581055703370	none	3909	362024e4	512	224	0	3909
4041	0	10581072905380	none	3910	362024e4	512	224	0	3910
4042	1	10581090280970	none	3911	362024e4	512	224	0	3911
4043	2	10581107478170	none	3912	362024e4	512	224	0	3912
4044	3	10581124741020	none	3913	362024e4	512	224	0	3913
4045	4	10581138037090	none	3914	362024e4	512	224	0	3914
4046	5	10581155213860	none	3915	362024e4	512	224	0	3915
4047	6	10581172405990	none	3916	362024e4	512	224	0	3916
4048	7	10581189670520	none	3917	362024e4	512	224	0	3917
4049	0	10581206883060	none	3918	362024e4	512	224	0	3918
4050	1	10581224109810	none	3919	362024e4	512	224	0	3919
4051	2	10581241303740	none	3920	362024e4	512	224	0	3920
4052	3	10581254513120	none	3921	362024e4	512	224	0	3921
4053	4	10581271717320	none	3922	362024e4	512	224	0	3922
4054	5	10581288912300	none	3923	362024e4	512	224	0	3923
4055	6	10581306138320	none	3924	362024e4	512	224	0	3924
4056	7	10581323329910	none	3925	362024e4	512	224	0	3925
4057	0	10581340667250	none	3926	362024e4	512	224	0	3926
4058	1	10581357886940	none	3927	362024e4	512	224	0	3927
4059	2	10581371071330	none	3928	362024e4	512	224	0	3928
4060	3	10581388323410	none	3929	362024e4	512	224	0	3929
4061	4	10581405712270	none	3930	362024e4	512	224	0	3930
4062	5	10581422922940	none	3931	362024e4	512	224	0	3931
4063	6	10581440152660	none	3932	362024e4	512	224	0	3932
4064	7	10581457334270	none	3933	362024e4	512	224	0	3933
4065	0	10581474571430	none	3934	362024e4	512	224	0	3934
4066	1	10581487801140	none	3935	362024e4	512	224	0	3935
4067	2	10581505105320	none	3936	362024e4	512	224	0	3936
4068	3	10581522283030	none	3937	362024e4	512	224	0	3937
4069	4	10581539662630	none	3938	362024e4	512	224	0	3938
4070	5	10581556972900	none	3939	362024e4	512	224	0	3939
4071	6	10581574178740	none	3940	362024e4	512	224	0	3940
4072	7	10581587350670	none	3941	362024e4	512	224	0	3941
4073	0	10581604564580	none	3942	362024e4	512	224	0	3942
4074	1	10581621796390	none	3943	362024e4	512	224	0	3943
4075	2	10581639166760	none	3944	362024e4	512	224	0	3944
4076	3	10581656373620	none	3945	362024e4	512	224	0	3945
4077	4	10581673600620	none	3946	362024e4	512	224	0	3946
4078	5	10581690817300	none	3947	362024e4	512	224	0	3947
4079	6	10581703993030	none	3948	362024e4	512	224	0	3948
4080	7	10581721162220	none	3949	362024e4	512	224	0	3949
4081	0	10581738485040	none	3950	362024e4	512	224	0	3950
4082	1	10581755690840	none	3951	362024e4	512	224	0	3951
4083	2	10581772885540	none	3952	362024e4	512	224	0	3952
4084	3	10581790151580	none	3953	362024e4	512	224	0	3953
4085	4	10581807350240	none	3954	362024e4	512	224	0	3954
4086	5	10581820532030	none	3955	362024e4	512	224	0	3955
4087	6	10581837775120	none	3956	362024e4	512	224	0	3956
4088	7	10581855016250	none	3957	362024e4	512	224	0	3957
4089	0	10581872199140	none	3958	362024e4	512	224	0	3958
4090	1	10581889420970	none	3959	362024e4	512	224	0	3959
4091	2	10581906686540	none	3960	362024e4	512	224	0	3960
4092	3	10581920038760	none	3961	362024e4	512	224	0	3961
4093	4	10581937246420	none	3962	362024e4	512	224	0	3962
4094	5	10581954438960	none	3963	362024e4	512	224	0	3963
4095	6	10581971648440	none	3964	362024e4	512	224	0	3964
4096	7	10581988919320	none	3965	362024e4	512	224	0	3965
4097	0	10582006129210	none	3966	362024e4	512	224	0	3966
4098	1	10582023325060	none	3967	362024e4	512	224	0	3967
4099	2	10582036553650	none	3968	362024e4	512	224	0	3968
4100	3	10582053754630	none	3969	362024e4	512	224	0	3969
4101	4	10582070975300	none	3970	362024e4	512	224	0	3970
4102	5	10582088155710	none	3971	362024e4	512	224	0	3971
4103	6	10582105346500	none	3972	362024e4	512	224	0	3972
4104	7	10582122657840	none	3973	362024e4	512	224	0	3973
4105	0	10582139848610	none	3974	362024e4	512	224	0	3974
4106	1	10582153168160	none	3975	362024e4	512	224	0	3975
4107	2	10582170332310	none	3976	362024e4	512	224	0	3976
4108	3	10582187677560	none	3977	362024e4	512	224	0	3977
4109	4	10582204969010	none	3978	362024e4	512	224	0	3978
4110	5	10582222149820	none	3979	362024e4	512	224	0	3979
4111	6	10582239339120	none	3980	362024e4	512	224	0	3980
4112	7	10582256554060	none	3981	362024e4	512	224	0	3981
4113	0	10582269728430	none	3982	362024e4	512	224	0	3982
4114	1	10582286915600	none	3983	362024e4	512	224	0	3983
4115	2	10582304129100	none	3984	362024e4	512	224	0	3984
4116	3	10582321302930	none	3985	362024e4	512	224	0	3985
4117	4	10582338518860	none	3986	362024e4	512	224	0	3986
4118	5	10582355742490	none	3987	362024e4	512	224	0	3987
4119	6	10582373094300	none	3988	362024e4	512	224	0	3988
4120	7	10582386254540	none	3989	362024e4	512	224	0	3989
4121	0	10582403515380	none	3990	362024e4	512	224	0	3990
4122	1	10582420720610	none	3991	362024e4	512	224	0	3991
4123	2	10582437996650	none	3992	362024e4	512	224	0	3992
4124	3	10582455208800	none	3993	362024e4	512	224	0	3993
4125	4	10582472419480	none	3994	362024e4	512	224	0	3994
4126	5	10582485604760	none	3995	362024e4	512	224	0	3995
4127	6	10582502811080	none	3996	362024e4	512	224	0	3996
4128	7	10582520016960	none	3997	362024e4	512	224	0	3997
4129	0	10582537187000	none	3998	362024e4	512	224	0	3998
4130	1	10582554403510	none	3999	362024e4	512	224	0	3999
4131	2	10582571633460	none	4000	362024e4	512	224	0	4000
4132	3	10582588825400	none	4001	362024e4	512	224	0	4001
4133	4	10582602140780	none	4002	362024e4	512	224	0	4002
4134	5	10582619369200	none	4003	362024e4	512	224	0	4003
4135	6	10582636688390	none	4004	362024e4	512	224	0	4004
4136	7	10582653956030	none	4005	362024e4	512	224	0	4005
4137	0	10582671159600	none	4006	362024e4	512	224	0	4006
4138	1	10582688336340	none	4007	362024e4	512	224	0	4007
4139	2	10582705550890	none	4008	362024e4	512	224	0	4008
4140	3	10582718735120	none	4009	362024e4	512	224	0	4009
4141	4	10582735928130	none	4010	362024e4	512	224	0	4010
4142	5	10582753134440	none	4011	362024e4	512	224	0	4011
4143	6	10582770323080	none	4012	362024e4	512	224	0	4012
4144	7	10582787548490	none	4013	362024e4	512	224	0	4013
4145	0	10582804756790	none	4014	362024e4	512	224	0	4014
4146	1	10582822113360	none	4015	362024e4	512	224	0	4015
4147	2	10582835270300	none	4016	362024e4	512	224	0	4016
4148	3	10582852464610	none	4017	362024e4	512	224	0	4017
4149	4	10582869683600	none	4018	362024e4	512	224	0	4018
4150	5	10582887012500	none	4019	362024e4	512	224	0	4019
4151	6	10582904188600	none	4020	362024e4	512	224	0	4020
4152	7	10582921382160	none	4021	362024e4	512	224	0	4021
4153	0	10582938618160	none	4022	362024e4	512	224	0	4022
4154	1	10582951985740	none	4023	362024e4	512	224	0	4023
4155	2	10582969159450	none	4024	362024e4	512	224	0	4024
4156	3	10582986372120	none	4025	362024e4	512	224	0	4025
4157	4	10583003595720	none	4026	362024e4	512	224	0	4026
4158	5	10583020798180	none	4027	362024e4	512	224	0	4027
4159	6	10583037982260	none	4028	362024e4	512	224	0	4028
4160	7	10583055279970	none	4029	362024e4	512	224	0	4029
4161	0	10583068446240	none	4030	362024e4	512	224	0	4030
4162	1	10583085774030	none	4031	362024e4	512	224	0	4031
4163	2	10583102979790	none	4032	362024e4	512	224	0	4032
4164	3	10583120178960	none	4033	362024e4	512	224	0	4033
4165	4	10583137372820	none	4034	362024e4	512	224	0	4034
4166	5	10583154592140	none	4035	362024e4	512	224	0	4035
4167	6	10583167760480	none	4036	362024e4	512	224	0	4036
4168	7	10583184948540	none	4037	362024e4	512	224	0	4037
4169	0	10583202128140	none	4038	362024e4	512	224	0	4038
4170	1	10583219331970	none	4039	362024e4	512	224	0	4039
4171	2	10583236544140	none	4040	362024e4	512	224	0	4040
4172	3	10583253784100	none	4041	362024e4	512	224	0	4041
4173	4	10583270985270	none	4042	362024e4	512	224	0	4042
4174	5	10583288155410	none	4043	362024e4	512	224	0	4043
4175	6	10583301331980	none	4044	362024e4	512	224	0	4044
4176	7	10583318538040	none	4045	362024e4	512	224	0	4045
4177	0	10583335743190	none	4046	362024e4	512	224	0	4046
4178	1	10583352943720	none	4047	362024e4	512	224	0	4047
4179	2	10583370123160	none	4048	362024e4	512	224	0	4048
4180	3	10583387385920	none	4049	362024e4	512	224	0	4049
4181	4	10583404705080	none	4050	362024e4	512	224	0	4050
4182	5	10583417910270	none	4051	362024e4	512	224	0	4051
4183	6	10583435115050	none	4052	362024e4	512	224	0	4052
4184	7	10583452295720	none	4053	362024e4	512	224	0	4053
4185	0	10583469529590	none	4054	362024e4	512	224	0	4054
4186	1	10583486817680	none	4055	362024e4	512	224	0	4055
4187	2	10583504177790	none	4056	362024e4	512	224	0	4056
4188	3	10583517485870	none	4057	362024e4	512	224	0	4057
4189	4	10583534821890	none	4058	362024e4	512	224	0	4058
4190	5	10583552025090	none	4059	362024e4	512	224	0	4059
4191	6	10583569203410	none	4060	362024e4	512	224	0	4060
4192	7	10583586399050	none	4061	362024e4	512	224	0	4061
4193	0	10583603699780	none	4062	362024e4	512	224	0	4062
4194	1	10583620971450	none	4063	362024e4	512	224	0	4063
4195	2	10583634114370	none	4064	362024e4	512	224	0	4064
4196	3	10583651322650	none	4065	362024e4	512	224	0	4065
4197	4	10583668550450	none	4066	362024e4	512	224	0	4066
4198	5	10583685758320	none	4067	362024e4	512	224	0	4067
4199	6	10583703042980	none	4068	362024e4	512	224	0	4068
4200	7	10583720236250	none	4069	362024e4	512	224	0	4069
4201	0	10583737441550	none	4070	362024e4	512	224	0	4070
4202	1	10583750640060	none	4071	362024e4	512	224	0	4071
4203	2	10583767842850	none	4072	362024e4	512	224	0	4072
4204	3	10583785084700	none	4073	362024e4	512	224	0	4073
4205	4	10583802271140	none	4074	362024e4	512	224	0	4074
4206	5	10583819537120	none	4075	362024e4	512	224	0	4075
4207	6	10583836752570	none	4076	362024e4	512	224	0	4076
4208	7	10583849984170	none	4077	362024e4	512	224	0	4077
4209	0	10583867169770	none	4078	362024e4	512	224	0	4078
4210	1	10583884362900	none	4079	362024e4	512	224	0	4079
4211	2	10583901595100	none	4080	362024e4	512	224	0	4080
4212	3	10583918810820	none	4081	362024e4	512	224	0	4081
4213	4	10583936009570	none	4082	362024e4	512	224	0	4082
4214	5	10583953202740	none	4083	362024e4	512	224	0	4083
4215	6	10583970389010	none	4084	362024e4	512	224	0	4084
4216	7	10583983583120	none	4085	362024e4	512	224	0	4085
4217	0	10584000801590	none	4086	362024e4	512	224	0	4086
4218	1	10584018214830	none	4087	362024e4	512	224	0	4087
4219	2	10584035415810	none	4088	362024e4	512	224	0	4088
4220	3	10584052831790	none	4089	362024e4	512	224	0	4089
4221	4	10584070063230	none	4090	362024e4	512	224	0	4090
4222	5	10584083223320	none	4091	362024e4	512	224	0	4091
4223	6	10584100412680	none	4092	362024e4	512	224	0	4092
4224	7	10584117621110	none	4093	362024e4	512	224	0	4093
4225	0	10584134824240	none	4094	362024e4	512	224	0	4094
4226	1	10584152206180	none	4095	362024e4	512	224	0	4095
4227	2	10584169419680	none	4096	362024e4	512	224	0	4096
4228	3	10584186635990	none	4097	362024e4	512	224	0	4097
4229	4	10584199936050	none	4098	362024e4	512	224	0	4098
4230	5	10584217111730	none	4099	362024e4	512	224	0	4099
4231	6	10584234315760	none	4100	362024e4	512	224	0	4100
4232	7	10584251541160	none	4101	362024e4	512	224	0	4101
4233	0	10584268747520	none	4102	362024e4	512	224	0	4102
4234	1	10584285982580	none	4103	362024e4	512	224	0	4103
4235	2	10584303183500	none	4104	362024e4	512	224	0	4104
4236	3	10584316355150	none	4105	362024e4	512	224	0	4105
4237	4	10584333586870	none	4106	362024e4	512	224	0	4106
4238	5	10584350798450	none	4107	362024e4	512	224	0	4107
4239	6	10584368009400	none	4108	362024e4	512	224	0	4108
4240	7	10584385200500	none	4109	362024e4	512	224	0	4109
4241	0	10584402415890	none	4110	362024e4	512	224	0	4110
4242	1	10584419634000	none	4111	362024e4	512	224	0	4111
4243	2	10584432798100	none	4112	362024e4	512	224	0	4112
4244	3	10584449994260	none	4113	362024e4	512	224	0	4113
4245	4	10584467186300	none	4114	362024e4	512	224	0	4114
4246	5	10584484408680	none	4115	362024e4	512	224	0	4115
4247	6	10584501711070	none	4116	362024e4	512	224	0	4116
4248	7	10584518967330	none	4117	362024e4	512	224	0	4117
4249	0	10584536146420	none	4118	362024e4	512	224	0	4118
4250	1	10584549309790	none	4119	362024e4	512	224	0	4119
4251	2	10584566547660	none	4120	362024e4	512	224	0	4120
4252	3	10584583827000	none	4121	362024e4	512	224	0	4121
4253	4	10584601181040	none	4122	362024e4	512	224	0	4122
4254	5	10584618373890	none	4123	362024e4	512	224	0	4123
4255	6	10584635663740	none	4124	362024e4	512	224	0	4124
4256	7	10584648976740	none	4125	362024e4	512	224	0	4125
4257	0	10584666158680	none	4126	362024e4	512	224	0	4126
4258	1	10584683352410	none	4127	362024e4	512	224	0	4127
4259	2	10584700679530	none	4128	362024e4	512	224	0	4128
4260	3	10584717976670	none	4129	362024e4	512	224	0	4129
4261	4	10584735158430	none	4130	362024e4	512	224	0	4130
4262	5	10584752345190	none	4131	362024e4	512	224	0	4131
4263	6	10584765548670	none	4132	362024e4	512	224	0	4132
4264	7	10584782757580	none	4133	362024e4	512	224	0	4133
4265	0	10584799960540	none	4134	362024e4	512	224	0	4134
4266	1	10584817157970	none	4135	362024e4	512	224	0	4135
4267	2	10584834378580	none	4136	362024e4	512	224	0	4136
4268	3	10584851633620	none	4137	362024e4	512	224	0	4137
4269	4	10584868863750	none	4138	362024e4	512	224	0	4138
4270	5	10584882088090	none	4139	362024e4	512	224	0	4139
4271	6	10584899293890	none	4140	362024e4	512	224	0	4140
4272	7	10584916533220	none	4141	362024e4	512	224	0	4141
4273	0	10584933752360	none	4142	362024e4	512	224	0	4142
4274	1	10584951043230	none	4143	362024e4	512	224	0	4143
4275	2	10584968221630	none	4144	362024e4	512	224	0	4144
4276	3	10584985412310	none	4145	362024e4	512	224	0	4145
4277	4	10584998608350	none	4146	362024e4	512	224	0	4146
4278	5	10585015820520	none	4147	362024e4	512	224	0	4147
4279	6	10585033045160	none	4148	362024e4	512	224	0	4148
4280	7	10585050237440	none	4149	362024e4	512	224	0	4149
4281	0	10585067475760	none	4150	362024e4	512	224	0	4150
4282	1	10585084676440	none	4151	362024e4	512	224	0	4151
4283	2	10585101904790	none	4152	362024e4	512	224	0	4152
4284	3	10585115371530	none	4153	362024e4	512	224	0	4153
4285	4	10585132694070	none	4154	362024e4	512	224	0	4154
4286	5	10585150204190	none	4155	362024e4	512	224	0	4155
4287	6	10585167468170	none	4156	362024e4	512	224	0	4156
4288	7	10585184677170	none	4157	362024e4	512	224	0	4157
4289	0	10585197846260	none	4158	362024e4	512	224	0	4158
4290	1	10585215134180	none	4159	362024e4	512	224	0	4159
4291	2	10585232320420	none	4160	362024e4	512	224	0	4160
4292	3	10585249650670	none	4161	362024e4	512	224	0	4161
4293	4	10585266965900	none	4162	362024e4	512	224	0	4162
4294	5	10585284155850	none	4163	362024e4	512	224	0	4163
4295	6	10585301363920	none	4164	362024e4	512	224	0	4164
4296	7	10585314554720	none	4165	362024e4	512	224	0	4165
4297	0	10585331764050	none	4166	362024e4	512	224	0	4166
4298	1	10585348948310	none	4167	362024e4	512	224	0	4167
4299	2	10585366143030	none	4168	362024e4	512	224	0	4168
4300	3	10585383352440	none	4169	362024e4	512	224	0	4169
4301	4	10585400594320	none	4170	362024e4	512	224	0	4170
4302	5	10585417807960	none	4171	362024e4	512	224	0	4171
4303	6	10585431036370	none	4172	362024e4	512	224	0	4172
4304	7	10585448398180	none	4173	362024e4	512	224	0	4173
4305	0	10585465612330	none	4174	362024e4	512	224	0	4174
4306	1	10585482822300	none	4175	362024e4	512	224	0	4175
4307	2	10585500030300	none	4176	362024e4	512	224	0	4176
4308	3	10585517212250	none	4177	362024e4	512	224	0	4177
4309	4	10585534412550	none	4178	362024e4	512	224	0	4178
4310	5	10585547594060	none	4179	362024e4	512	224	0	4179
4311	6	10585564862550	none	4180	362024e4	512	224	0	4180
4312	7	10585582072600	none	4181	362024e4	512	224	0	4181
4313	0	10585599335360	none	4182	362024e4	512	224	0	4182
4314	1	10585616563800	none	4183	362024e4	512	224	0	4183
4315	2	10585633777460	none	4184	362024e4	512	224	0	4184
4316	3	10585651041730	none	4185	362024e4	512	224	0	4185
4317	4	10585664357480	none	4186	362024e4	512	224	0	4186
4318	5	10585681568210	none	4187	362024e4	512	224	0	4187
4319	6	10585698858620	none	4188	362024e4	512	224	0	4188
4320	7	10585716082850	none	4189	362024e4	512	224	0	4189
4321	0	10585733271300	none	4190	362024e4	512	224	0	4190
4322	1	10585750485970	none	4191	362024e4	512	224	0	4191
4323	2	10585763667960	none	4192	362024e4	512	224	0	4192
4324	3	10585780917260	none	4193	362024e4	512	224	0	4193
4325	4	10585798123700	none	4194	362024e4	512	224	0	4194
4326	5	10585815306430	none	4195	362024e4	512	224	0	4195
4327	6	10585832528180	none	4196	362024e4	512	224	0	4196
4328	7	10585849755330	none	4197	362024e4	512	224	0	4197
4329	0	10585867001850	none	4198	362024e4	512	224	0	4198
4330	1	10585880150380	none	4199	362024e4	512	224	0	4199
4331	2	10585897529560	none	4200	362024e4	512	224	0	4200
4332	3	10585914772360	none	4201	362024e4	512	224	0	4201
4333	4	10585932018010	none	4202	362024e4	512	224	0	4202
4334	5	10585949199710	none	4203	362024e4	512	224	0	4203
4335	6	10585966396110	none	4204	362024e4	512	224	0	4204
4336	7	10585983655490	none	4205	362024e4	512	224	0	4205
4337	0	10585996810920	none	4206	362024e4	512	224	0	4206
4338	1	10586014029570	none	4207	362024e4	512	224	0	4207
4339	2	10586031225470	none	4208	362024e4	512	224	0	4208
4340	3	10586048435770	none	4209	362024e4	512	224	0	4209
4341	4	10586065656440	none	4210	362024e4	512	224	0	4210
4342	5	10586082860400	none	4211	362024e4	512	224	0	4211
4343	6	10586100068970	none	4212	362024e4	512	224	0	4212
4344	7	10586113383340	none	4213	362024e4	512	224	0	4213
4345	0	10586130596410	none	4214	362024e4	512	224	0	4214
4346	1	10586147894920	none	4215	362024e4	512	224	0	4215
4347	2	10586165093570	none	4216	362024e4	512	224	0	4216
4348	3	10586182322960	none	4217	362024e4	512	224	0	4217
4349	4	10586199613080	none	4218	362024e4	512	224	0	4218
4350	5	10586212859970	none	4219	362024e4	512	224	0	4219
4351	6	10586230071280	none	4220	362024e4	512	224	0	4220
4352	7	10586247291740	none	4221	362024e4	512	224	0	4221
4353	0	10586264517690	none	4222	362024e4	512	224	0	4222
4354	1	10586281735820	none	4223	362024e4	512	224	0	4223
4355	2	10586298932000	none	4224	362024e4	512	224	0	4224
4356	3	10586316259040	none	4225	362024e4	512	224	0	4225
4357	4	10586329450430	none	4226	362024e4	512	224	0	4226
4358	5	10586346781140	none	4227	362024e4	512	224	0	4227
4359	6	10586363985560	none	4228	362024e4	512	224	0	4228
4360	7	10586381169620	none	4229	362024e4	512	224	0	4229
4361	0	10586398365010	none	4230	362024e4	512	224	0	4230
4362	1	10586415586750	none	4231	362024e4	512	224	0	4231
4363	2	10586432791160	none	4232	362024e4	512	224	0	4232
4364	3	10586445970660	none	4233	362024e4	512	224	0	4233
4365	4	10586463161360	none	4234	362024e4	512	224	0	4234
4366	5	10586480358550	none	4235	362024e4	512	224	0	4235
4367	6	10586497591550	none	4236	362024e4	512	224	0	4236
4368	7	10586514798080	none	4237	362024e4	512	224	0	4237
4369	0	10586532010490	none	4238	362024e4	512	224	0	4238
4370	1	10586549195370	none	4239	362024e4	512	224	0	4239
4371	2	10586562371340	none	4240	362024e4	512	224	0	4240
4372	3	10586579630130	none	4241	362024e4	512	224	0	4241
4373	4	10586596828530	none	4242	362024e4	512	224	0	4242
4374	5	10586614045600	none	4243	362024e4	512	224	0	4243
4375	6	10586631220020	none	4244	362024e4	512	224	0	4244
4376	7	10586648444570	none	4245	362024e4	512	224	0	4245
4377	0	10586665763420	none	4246	362024e4	512	224	0	4246
4378	1	10586678941550	none	4247	362024e4	512	224	0	4247
4379	2	10586696143670	none	4248	362024e4	512	224	0	4248
4380	3	10586713353670	none	4249	362024e4	512	224	0	4249
4381	4	10586730591380	none	4250	362024e4	512	224	0	4250
4382	5	10586747792100	none	4251	362024e4	512	224	0	4251
4383	6	10586765173810	none	4252	362024e4	512	224	0	4252
4384	7	10586782367930	none	4253	362024e4	512	224	0	4253
4385	0	10586795552100	none	4254	362024e4	512	224	0	4254
4386	1	10586812747010	none	4255	362024e4	512	224	0	4255
4387	2	10586829946090	none	4256	362024e4	512	224	0	4256
4388	3	10586847131460	none	4257	362024e4	512	224	0	4257
4389	4	10586864321110	none	4258	362024e4	512	224	0	4258
4390	5	10586881552580	none	4259	362024e4	512	224	0	4259
4391	6	10586898764760	none	4260	362024e4	512	224	0	4260
4392	7	10586911973320	none	4261	362024e4	512	224	0	4261
4393	0	10586929153870	none	4262	362024e4	512	224	0	4262
4394	1	10586946367460	none	4263	362024e4	512	224	0	4263
4395	2	10586963589580	none	4264	362024e4	512	224	0	4264
4396	3	10586980796710	none	4265	362024e4	512	224	0	4265
4397	4	10586998146710	none	4266	362024e4	512	224	0	4266
4398	5	10587015356920	none	4267	362024e4	512	224	0	4267
4399	6	10587028558690	none	4268	362024e4	512	224	0	4268
4400	7	10587045783540	none	4269	362024e4	512	224	0	4269
4401	0	10587062997470	none	4270	362024e4	512	224	0	4270
4402	1	10587080175570	none	4271	362024e4	512	224	0	4271
4403	2	10587097393040	none	4272	362024e4	512	224	0	4272
4404	3	10587114682530	none	4273	362024e4	512	224	0	4273
4405	4	10587127932720	none	4274	362024e4	512	224	0	4274
4406	5	10587145143690	none	4275	362024e4	512	224	0	4275
4407	6	10587162323270	none	4276	362024e4	512	224	0	4276
4408	7	10587179552060	none	4277	362024e4	512	224	0	4277
4409	0	10587196761150	none	4278	362024e4	512	224	0	4278
4410	1	10587213964540	none	4279	362024e4	512	224	0	4279
4411	2	10587231161650	none	4280	362024e4	512	224	0	4280
4412	3	10587244387800	none	4281	362024e4	512	224	0	4281
4413	4	10587261604210	none	4282	362024e4	512	224	0	4282
4414	5	10587278789400	none	4283	362024e4	512	224	0	4283
4415	6	10587296021860	none	4284	362024e4	512	224	0	4284
4416	7	10587313410620	none	4285	362024e4	512	224	0	4285
4417	0	10587330632200	none	4286	362024e4	512	224	0	4286
4418	1	10587347841900	none	4287	362024e4	512	224	0	4287
4419	2	10587361042900	none	4288	362024e4	512	224	0	4288
4420	3	10587378277200	none	4289	362024e4	512	224	0	4289
4421	4	10587395514050	none	4290	362024e4	512	224	0	4290
4422	5	10587412730680	none	4291	362024e4	512	224	0	4291
4423	6	10587429941960	none	4292	362024e4	512	224	0	4292
4424	7	10587447126690	none	4293	362024e4	512	224	0	4293
4425	0	10587464344890	none	4294	362024e4	512	224	0	4294
4426	1	10587477535580	none	4295	362024e4	512	224	0	4295
4427	2	10587494790420	none	4296	362024e4	512	224	0	4296
4428	3	10587512078970	none	4297	362024e4	512	224	0	4297
4429	4	10587529272390	none	4298	362024e4	512	224	0	4298
4430	5	10587546523610	none	4299	362024e4	512	224	0	4299
4431	6	10587563803630	none	4300	362024e4	512	224	0	4300
4432	7	10587581030710	none	4301	362024e4	512	224	0	4301
4433	0	10587594204560	none	4302	362024e4	512	224	0	4302
4434	1	10587611417820	none	4303	362024e4	512	224	0	4303
4435	2	10587628630720	none	4304	362024e4	512	224	0	4304
4436	3	10587645838380	none	4305	362024e4	512	224	0	4305
4437	4	10587663206240	none	4306	362024e4	512	224	0	4306
4438	5	10587680451440	none	4307	362024e4	512	224	0	4307
4439	6	10587697662620	none	4308	362024e4	512	224	0	4308
4440	7	10587710835970	none	4309	362024e4	512	224	0	4309
4441	0	10587728126530	none	4310	362024e4	512	224	0	4310
4442	1	10587745348340	none	4311	362024e4	512	224	0	4311
4443	2	10587762669670	none	4312	362024e4	512	224	0	4312
4444	3	10587779997500	none	4313	362024e4	512	224	0	4313
4445	4	10587797199130	none	4314	362024e4	512	224	0	4314
4446	5	10587810371240	none	4315	362024e4	512	224	0	4315
4447	6	10587827581360	none	4316	bdd24bcd	512	224	0	4316
4448	7	10587844867770	none	4317	ed551197	512	224	0	4317
4449	0	10587862223720	none	4318	ed551197	512	224	0	4318
4450	1	10587879451520	none	4319	ed551197	512	224	0	4319
4451	2	10587896687940	none	4320	ed551197	512	224	0	4320
4452	3	10587909987010	none	4321	2d3fe8a1	512	224	0	4321
4453	4	10587927188520	none	4322	2d3fe8a1	512	224	0	4322
4454	5	10587944421850	none	4323	2d3fe8a1	512	224	0	4323
4455	6	10587961672090	none	4324	2d3fe8a1	512	224	0	4324
4456	7	10587978906230	none	4325	c29fe35d	512	224	0	4325
4457	0	10587996111690	none	4326	c29fe35d	512	224	0	4326
4458	1	10588013342210	none	4327	c29fe35d	512	224	0	4327
4459	2	10588026519070	none	4328	c29fe35d	512	224	0	4328
4460	3	10588043757230	none	4329	59917e0e	512	224	0	4329
4461	4	10588061018450	none	4330	59917e0e	512	224	0	4330
4462	5	10588078269050	none	4331	59917e0e	512	224	0	4331
4463	6	10588095532530	none	4332	59917e0e	512	224	0	4332
4464	7	10588112751480	none	4333	5bf9c6a0	512	224	0	4333
4465	0	10588130003030	none	4334	5bf9c6a0	512	224	0	4334
4466	1	10588143165440	none	4335	5bf9c6a0	512	224	0	4335
4467	2	10588160362190	none	4336	5bf9c6a0	512	224	0	4336
4468	3	10588177582660	none	4337	36d2bb7c	512	224	0	4337
4469	4	10588194917780	none	4338	36d2bb7c	512	224	0	4338
4470	5	10588212124300	none	4339	36d2bb7c	512	224	0	4339
4471	6	10588229315340	none	4340	36d2bb7c	512	224	0	4340
4472	7	10588246606250	none	4341	8023d8a2	512	224	0	4341
4473	0	10588259785650	none	4342	8023d8a2	512	224	0	4342
4474	1	10588277122570	none	4343	8023d8a2	512	224	0	4343
4475	2	10588294331990	none	4344	8023d8a2	512	224	0	4344
4476	3	10588311668840	none	4345	9d0c870d	512	224	0	4345
4477	4	10588329027510	none	4346	9d0c870d	512	224	0	4346
4478	5	10588346293830	none	4347	9d0c870d	512	224	0	4347
4479	6	10588359484000	none	4348	9d0c870d	512	224	0	4348
4480	7	10588376686690	none	4349	1993da8e	512	224	0	4349
4481	0	10588393926290	none	4350	1993da8e	512	224	0	4350
4482	1	10588411292080	none	4351	1993da8e	512	224	0	4351
4483	2	10588428509620	none	4352	1993da8e	512	224	0	4352
4484	3	10588445757970	none	4353	55584b6e	512	224	0	4353
4485	4	10588462995260	none	4354	55584b6e	512	224	0	4354
4486	5	10588476316420	none	4355	55584b6e	512	224	0	4355
4487	6	10588493533580	none	4356	55584b6e	512	224	0	4356
4488	7	10588510823860	none	4357	453c3277	512	224	0	4357
4489	0	10588528044180	none	4358	453c3277	512	224	0	4358
4490	1	10588545234450	none	4359	453c3277	512	224	0	4359
4491	2	10588562465450	none	4360	453c3277	512	224	0	4360
4492	3	10588575658440	none	4361	921fc995	512	224	0	4361
4493	4	10588592917110	none	4362	921fc995	512	224	0	4362
4494	5	10588610338970	none	4363	921fc995	512	224	0	4363
4495	6	10588627582730	none	4364	921fc995	512	224	0	4364
4496	7	10588644782420	none	4365	0e92ceaa	512	224	0	4365
4497	0	10588662051380	none	4366	0e92ceaa	512	224	0	4366
4498	1	10588679273670	none	4367	0e92ceaa	512	224	0	4367
4499	2	10588692511550	none	4368	0e92ceaa	512	224	0	4368
4500	3	10588709724120	none	4369	58119bd3	512	224	0	4369
4501	4	10588726962310	none	4370	58119bd3	512	224	0	4370
4502	5	10588744171620	none	4371	58119bd3	512	224	0	4371
4503	6	10588761396980	none	4372	58119bd3	512	224	0	4372
4504	7	10588778616100	none	4373	61605322	512	224	0	4373
4505	0	10588791851710	none	4374	61605322	512	224	0	4374
4506	1	10588809120680	none	4375	61605322	512	224	0	4375
4507	2	10588826328450	none	4376	61605322	512	224	0	4376
4508	3	10588843577640	none	4377	61605322	512	224	0	4377
4509	4	10588860817810	none	4378	61605322	512	224	0	4378
4510	5	10588878074570	none	4379	61605322	512	224	0	4379
4511	6	10588895340590	none	4380	61605322	512	224	0	4380
4512	7	10588908528050	none	4381	61605322	512	224	0	4381
4513	0	10588925775370	none	4382	61605322	512	224	0	4382
4514	1	10588942999130	none	4383	61605322	512	224	0	4383
4515	2	10588960235000	none	4384	61605322	512	224	0	4384
4516	3	10588977453850	none	4385	61605322	512	224	0	4385
4517	4	10588994676680	none	4386	61605322	512	224	0	4386
4518	5	10589011897960	none	4387	61605322	512	224	0	4387
4519	6	10589025217010	none	4388	61605322	512	224	0	4388
4520	7	10589042470210	none	4389	61605322	512	224	0	4389
4521	0	10589059759070	none	4390	61605322	512	224	0	4390
4522	1	10589077000300	none	4391	61605322	512	224	0	4391
4523	2	10589094175750	none	4392	61605322	512	224	0	4392
4524	3	10589111431940	none	4393	61605322	512	224	0	4393
4525	4	10589124618290	none	4394	61605322	512	224	0	4394
4526	5	10589141971020	none	4395	61605322	512	224	0	4395
4527	6	10589159338290	none	4396	61605322	512	224	0	4396
4528	7	10589176581720	none	4397	61605322	512	224	0	4397
4529	0	10589193907080	none	4398	61605322	512	224	0	4398
4530	1	10589211186430	none	4399	61605322	512	224	0	4399
4531	2	10589224565290	none	4400	61605322	512	224	0	4400
4532	3	10589242184880	none	4401	61605322	512	224	0	4401
4533	4	10589259625110	none	4402	61605322	512	224	0	4402
4534	5	10589277263240	none	4403	61605322	512	224	0	4403
4535	6	10589294986650	none	4404	61605322	512	224	0	4404
4536	7	10589308596610	none	4405	61605322	512	224	0	4405
4537	0	10589326159510	none	4406	61605322	512	224	0	4406
4538	1	10589343616420	none	4407	61605322	512	224	0	4407
4539	2	10589361022990	none	4408	61605322	512	224	0	4408
4540	3	10589374568310	none	4409	61605322	512	224	0	4409
4541	4	10589392037390	none	4410	61605322	512	224	0	4410
4542	5	10589409450760	none	4411	61605322	512	224	0	4411
4543	6	10589427100840	none	4412	61605322	512	224	0	4412
4544	7	10589444859970	none	4413	61605322	512	224	0	4413
4545	0	10589458157050	none	4414	61605322	512	224	0	4414
4546	1	10589476068190	none	4415	61605322	512	224	0	4415
4547	2	10589493392980	none	4416	61605322	512	224	0	4416
4548	3	10589510833350	none	4417	61605322	512	224	0	4417
4549	4	10589524137370	none	4418	61605322	512	224	0	4418
4550	5	10589541334810	none	4419	61605322	512	224	0	4419
4551	6	10589558629050	none	4420	61605322	512	224	0	4420
4552	7	10589575889510	none	4421	61605322	512	224	0	4421
4553	0	10589593120360	none	4422	61605322	512	224	0	4422
4554	1	10589610324880	none	4423	61605322	512	224	0	4423
4555	2	10589627662940	none	4424	61605322	512	224	0	4424
4556	3	10589640949870	none	4425	61605322	512	224	0	4425
4557	4	10589658139480	none	4426	61605322	512	224	0	4426
4558	5	10589675430850	none	4427	61605322	512	224	0	4427
4559	6	10589692647500	none	4428	ef4c14a8	512	224	0	4428
4560	7	10589709875770	none	4429	61605322	512	224	0	4429
4561	0	10589727225790	none	4430	815b96a0	512	224	0	4430
4562	1	10589740421890	none	4431	9747da4b	512	224	0	4431
4563	2	10589757724200	none	4432	93c07619	512	224	0	4432
4564	3	10589775009780	none	4433	9ec0171d	512	224	0	4433
4565	4	10589792326030	none	4434	61605322	512	224	0	4434
4566	5	10589809569040	none	4435	9d252e5a	512	224	0	4435
4567	6	10589826776690	none	4436	cacc353b	512	224	0	4436
4568	7	10589844008740	none	4437	9ec0171d	512	224	0	4437
4569	0	10589857160810	none	4438	815b96a0	512	224	0	4438
4570	1	10589874373960	none	4439	1f041a65	512	224	0	4439
4571	2	10589891604120	none	4440	bf603c6f	512	224	0	4440
4572	3	10589909044270	none	4441	f4f79ff4	512	224	0	4441
4573	4	10589926484480	none	4442	14cc5a76	512	224	0	4442
4574	5	10589943705160	none	4443	e568cbdd	512	224	0	4443
4575	6	10589956889920	none	4444	9668e62f	512	224	0	4444
4576	7	10589974076640	none	4445	765323ad	512	224	0	4445
4577	0	10589991285280	none	4446	9668e62f	512	224	0	4446
4578	1	10590008558220	none	4447	b52f3f54	512	224	0	4447
4579	2	10590025868830	none	4448	2ec24f1c	512	224	0	4448
4580	3	10590043158630	none	4449	2ec24f1c	512	224	0	4449
4581	4	10590060379820	none	4450	2ec24f1c	512	224	0	4450
4582	5	10590073566300	none	4451	3f5302dc	512	224	0	4451
4583	6	10590090754870	none	4452	479da692	512	224	0	4452
4584	7	10590108024200	none	4453	ec31c08b	512	224	0	4453
4585	0	10590125326280	none	4454	b83de2ad	512	224	0	4454
4586	1	10590142562880	none	4455	6c9a63ea	512	224	0	4455
4587	2	10590159956680	none	4456	2006ad8e	512	224	0	4456
4588	3	10590173378100	none	4457	5f6b80a4	512	224	0	4457
4589	4	10590190637600	none	4458	5c8eb9e3	512	224	0	4458
4590	5	10590208013770	none	4459	69246c56	512	224	0	4459
4591	6	10590225519110	none	4460	d862ac70	512	224	0	4460
4592	7	10590242857230	none	4461	385969f2	512	224	0	4461
4593	0	10590260062500	none	4462	385969f2	512	224	0	4462
4594	1	10590273255000	none	4463	c97fab95	512	224	0	4463
4595	2	10590290478610	none	4464	1fccee28	512	224	0	4464
4596	3	10590307692030	none	4465	9ce4be7a	512	224	0	4465
4597	4	10590324911380	none	4466	6344fa45	512	224	0	4466
4598	5	10590342180320	none	4467	9dd99324	512	224	0	4467
4599	6	10590359425950	none	4468	a4433f07	512	224	0	4468
4600	7	10590372605010	none	4469	a4433f07	512	224	0	4469
4601	0	10590389821340	none	4470	a4433f07	512	224	0	4470
4602	1	10590407016210	none	4471	edc7efa0	512	224	0	4471
4603	2	10590424176970	none	4472	dc8f2eb9	512	224	0	4472
4604	3	10590441437410	none	4473	dc8f2eb9	512	224	0	4473
4605	4	10590458738290	none	4474	dc8f2eb9	512	224	0	4474
4606	5	10590476105330	none	4475	ff2b11fb	512	224	0	4475
4607	6	10590489285080	none	4476	99a3af1d	512	224	0	4476
4608	7	10590506566740	none	4477	6f842674	512	224	0	4477
4609	0	10590523772760	none	4478	6f842674	512	224	0	4478
4610	1	10590541123400	none	4479	c25e70ba	512	224	0	4479
4611	2	10590558335070	none	4480	973d3922	512	224	0	4480
4612	3	10590575728040	none	4481	689d7d1d	512	224	0	4481
4613	4	10590588941470	none	4482	7706fca0	512	224	0	4482
4614	5	10590606131480	none	4483	6890fab9	512	224	0	4483
4615	6	10590623349580	none	4484	d32c786b	512	224	0	4484
4616	7	10590640561420	none	4485	50042839	512	224	0	4485
4617	0	10590657752940	none	4486	afa46c06	512	224	0	4486
4618	1	10590675027960	none	4487	cc09ee4c	512	224	0	4487
4619	2	10590692308380	none	4488	c4b7da4f	512	224	0	4488
4620	3	10590705530420	none	4489	8f2079d4	512	224	0	4489
4621	4	10590722887850	none	4490	6f1bbc56	512	224	0	4490
4622	5	10590740162400	none	4491	609a7a14	512	224	0	4491
4623	6	10590757374150	none	4492	eb18c956	512	224	0	4492
4624	7	10590774707900	none	4493	40b4af4f	512	224	0	4493
4625	0	10590792021680	none	4494	bf14eb70	512	224	0	4494
4626	1	10590805227350	none	4495	a5711206	512	224	0	4495
4627	2	10590822449670	none	4496	4fa83dba	512	224	0	4496
4628	3	10590839692420	none	4497	e4045ba3	512	224	0	4497
4629	4	10590856903160	none	4498	1ba41f9c	512	224	0	4498
4630	5	10590874263640	none	4499	672c0bf1	512	224	0	4499
4631	6	10590891494290	none	4500	2450dc85	512	224	0	4500
4632	7	10590908763130	none	4501	8ffcba9c	512	224	0	4501
4633	0	10590921980070	none	4502	8ffcba9c	512	224	0	4502
4634	1	10590939172990	none	4503	73b9c7e4	512	224	0	4503
4635	2	10590956387650	none	4504	27b5ba95	512	224	0	4504
4636	3	10590973605790	none	4505	27b5ba95	512	224	0	4505
4637	4	10590990841720	none	4506	d815feaa	512	224	0	4506
4638	5	10591008028170	none	4507	27b5ba95	512	224	0	4507
4639	6	10591025339420	none	4508	8023b805	512	224	0	4508
4640	7	10591038548660	none	4509	7c66c57d	512	224	0	4509
4641	0	10591055740500	none	4510	7c66c57d	512	224	0	4510
4642	1	10591072944100	none	4511	d7caa364	512	224	0	4511
4643	2	10591090137420	none	4512	c05c4447	512	224	0	4512
4644	3	10591107367120	none	4513	c05c4447	512	224	0	4513
4645	4	10591124579090	none	4514	206781c5	512	224	0	4514
4646	5	10591141871850	none	4515	367bcd2e	512	224	0	4515
4647	6	10591155100110	none	4516	e15e7194	512	224	0	4516
4648	7	10591172307270	none	4517	e15e7194	512	224	0	4517
4649	0	10591189525100	none	4518	aac9d20f	512	224	0	4518
4650	1	10591206718020	none	4519	895ec59c	512	224	0	4519
4651	2	10591223990650	none	4520	dea291d1	512	224	0	4520
4652	3	10591241222520	none	4521	22e7eca9	512	224	0	4521
4653	4	10591254465890	none	4522	3e995453	512	224	0	4522
4654	5	10591271659200	none	4523	288518b8	512	224	0	4523
4655	6	10591288846490	none	4524	8a414c14	512	224	0	4524
4656	7	10591306028940	none	4525	ff4e952f	512	224	0	4525
4657	0	10591323379180	none	4526	7c66c57d	512	224	0	4526
4658	1	10591340596250	none	4527	d7caa364	512	224	0	4527
4659	2	10591357816880	none	4528	48ee04fb	512	224	0	4528
4660	3	10591370975000	none	4529	b4ab7983	512	224	0	4529
4661	4	10591388146850	none	4530	4b0b3dbc	512	224	0	4530
4662	5	10591405346470	none	4531	b4ab7983	512	224	0	4531
4663	6	10591422663480	none	4532	108cc8b3	512	224	0	4532
4664	7	10591439958410	none	4533	108cc8b3	512	224	0	4533
4665	0	10591457136290	none	4534	108cc8b3	512	224	0	4534
4666	1	10591474358180	none	4535	bb20aeaa	512	224	0	4535
4667	2	10591487528430	none	4536	c93476f2	512	224	0	4536
4668	3	10591504747820	none	4537	629810eb	512	224	0	4537
4669	4	10591521949760	none	4538	629810eb	512	224	0	4538
4670	5	10591539199930	none	4539	629810eb	512	224	0	4539
4671	6	10591556426740	none	4540	969441c4	512	224	0	4540
4672	7	10591573627800	none	4541	e9f96cee	512	224	0	4541
4673	0	10591590851620	none	4542	f587d414	512	224	0	4542
4674	1	10591604107470	none	4543	be10778f	512	224	0	4543
4675	2	10591621308700	none	4544	75968792	512	224	0	4544
4676	3	10591638523420	none	4545	89d3faea	512	224	0	4545
4677	4	10591655721370	none	4546	89d3faea	512	224	0	4546
4678	5	10591672984500	none	4547	89d3faea	512	224	0	4547
4679	6	10591690303240	none	4548	7e44f0a9	512	224	0	4548
4680	7	10591707540390	none	4549	82018dd1	512	224	0	4549
4681	0	10591720708620	none	4550	7e44f0a9	512	224	0	4550
4682	1	10591737893020	none	4551	82018dd1	512	224	0	4551
4683	2	10591755042680	none	4552	cf0b516a	512	224	0	4552
4684	3	10591772407000	none	4553	30ab1555	512	224	0	4553
4685	4	10591789642200	none	4554	cf0b516a	512	224	0	4554
4686	5	10591806865320	none	4555	53bcb8cb	512	224	0	4555
4687	6	10591824045030	none	4556	09edcea2	512	224	0	4556
4688	7	10591837354330	none	4557	ca411cb3	512	224	0	4557
4689	0	10591854569450	none	4558	ca411cb3	512	224	0	4558
4690	1	10591871837160	none	4559	38e13988	512	224	0	4559
4691	2	10591889029520	none	4560	aebb7ed8	512	224	0	4560
4692	3	10591906221130	none	4561	511b3ae7	512	224	0	4561
4693	4	10591923454800	none	4562	aebb7ed8	512	224	0	4562
4694	5	10591936646340	none	4563	320c9779	512	224	0	4563
4695	6	10591953828690	none	4564	903835d0	512	224	0	4564
4696	7	10591971170200	none	4565	94bf9982	512	224	0	4565
4697	0	10591988382660	none	4566	629810eb	512	224	0	4566
4698	1	10592005600310	none	4567	fe2ff94a	512	224	0	4567
4699	2	10592022834340	none	4568	c9e67d69	512	224	0	4568
4700	3	10592040032960	none	4569	cd61d13b	512	224	0	4569
4701	4	10592053209290	none	4570	3b465852	512	224	0	4570
4702	5	10592070422320	none	4571	c703252a	512	224	0	4571
4703	6	10592087641410	none	4572	a8af30ce	512	224	0	4572
4704	7	10592104898040	none	4573	6b03e2df	512	224	0	4573
4705	0	10592122109850	none	4574	6b03e2df	512	224	0	4574
4706	1	10592139319080	none	4575	97469fa7	512	224	0	4575
4707	2	10592156534850	none	4576	6623545f	512	224	0	4576
4708	3	10592169694670	none	4577	99831060	512	224	0	4577
4709	4	10592186914000	none	4578	6623545f	512	224	0	4578
4710	5	10592204100850	none	4579	6623545f	512	224	0	4579
4711	6	10592221441330	none	4580	1b7882cf	512	224	0	4580
4712	7	10592238665310	none	4581	e73dffb7	512	224	0	4581
4713	0	10592255882110	none	4582	e73dffb7	512	224	0	4582
4714	1	10592273104070	none	4583	1b7882cf	512	224	0	4583
4715	2	10592286437330	none	4584	6928e8c9	512	224	0	4584
4716	3	10592303650930	none	4585	9688acf6	512	224	0	4585
4717	4	10592321077170	none	4586	6928e8c9	512	224	0	4586
4718	5	10592338288160	none	4587	aa843ad8	512	224	0	4587
4719	6	10592355499120	none	4588	ab8ba7fd	512	224	0	4588
4720	7	10592372690780	none	4589	69ca2ba8	512	224	0	4589
4721	0	10592389910650	none	4590	a5777cf7	512	224	0	4590
4722	1	10592403044400	none	4591	3956090f	512	224	0	4591
4723	2	10592420439460	none	4592	e560cd5d	512	224	0	4592
4724	3	10592437639600	none	4593	6854b1a1	512	224	0	4593
4725	4	10592454865250	none	4594	b2c4c270	512	224	0	4594
4726	5	10592472115380	none	4595	96e84500	512	224	0	4595
4727	6	10592489348920	none	4596	e092480e	512	224	0	4596
4728	7	10592502557180	none	4597	fe65c177	512	224	0	4597
4729	0	10592519826470	none	4598	fc4cdb61	512	224	0	4598
4730	1	10592537056550	none	4599	73e6c242	512	224	0	4599
4731	2	10592554258320	none	4600	cd648086	512	224	0	4600
4732	3	10592571612400	none	4601	79166926	512	224	0	4601
4733	4	10592588850890	none	4602	fc332991	512	224	0	4602
4734	5	10592606062080	none	4603	477b5dae	512	224	0	4603
4735	6	10592619302120	none	4604	eaaa0b92	512	224	0	4604
4736	7	10592636568970	none	4605	6405e64a	512	224	0	4605
4737	0	10592653834800	none	4606	d83e4233	512	224	0	4606
4738	1	10592671110350	none	4607	237cfe8f	512	224	0	4607
4739	2	10592688321980	none	4608	1ec494d4	512	224	0	4608
4740	3	10592705541730	none	4609	6a848ef8	512	224	0	4609
4741	4	10592718711520	none	4610	a1d013d8	512	224	0	4610
4742	5	10592735920940	none	4611	ba73b4e5	512	224	0	4611
4743	6	10592753145910	none	4612	91e59de3	512	224	0	4612
4744	7	10592770477860	none	4613	1d510786	512	224	0	4613
4745	0	10592787778520	none	4614	a2ea2a35	512	224	0	4614
4746	1	10592805123180	none	4615	610d0d25	512	224	0	4615
4747	2	10592822448320	none	4616	8fd6e0e8	512	224	0	4616
4748	3	10592835739610	none	4617	201b1a9f	512	224	0	4617
4749	4	10592853085360	none	4618	32427749	512	224	0	4618
4750	5	10592870320260	none	4619	d00921a6	512	224	0	4619
4751	6	10592887543060	none	4620	977ce650	512	224	0	4620
4752	7	10592904736250	none	4621	736f719b	512	224	0	4621
4753	0	10592921962340	none	4622	289aa15a	512	224	0	4622
4754	1	10592935147830	none	4623	4a76366e	512	224	0	4623
4755	2	10592952399820	none	4624	09d50e35	512	224	0	4624
4756	3	10592969646150	none	4625	a613735f	512	224	0	4625
4757	4	10592986885630	none	4626	0e5232e0	512	224	0	4626
4758	5	10593004133740	none	4627	23b63465	512	224	0	4627
4759	6	10593021418430	none	4628	44c474d7	512	224	0	4628
4760	7	10593038777810	none	4629	f4a97f1b	512	224	0	4629
4761	0	10593051967260	none	4630	88db9551	512	224	0	4630
4762	1	10593069187930	none	4631	4d282a9c	512	224	0	4631
4763	2	10593086419890	none	4632	3166f4b1	512	224	0	4632
4764	3	10593103635970	none	4633	2165052c	512	224	0	4633
4765	4	10593120937370	none	4634	cbb84d82	512	224	0	4634
4766	5	10593138301320	none	4635	df2833f4	512	224	0	4635
4767	6	10593151573180	none	4636	65a2f6be	512	224	0	4636
4768	7	10593168905920	none	4637	8444086a	512	224	0	4637
4769	0	10593186156960	none	4638	e744f72f	512	224	0	4638
4770	1	10593203436070	none	4639	965f086a	512	224	0	4639
4771	2	10593220666060	none	4640	2e6f2a77	512	224	0	4640
4772	3	10593238139250	none	4641	8fab1fd5	512	224	0	4641
4773	4	10593251352470	none	4642	e261593e	512	224	0	4642
4774	5	10593268677900	none	4643	e1c1c839	512	224	0	4643
4775	6	10593285951730	none	4644	f0e3eb1e	512	224	0	4644
4776	7	10593303164890	none	4645	cf1bcf76	512	224	0	4645
4777	0	10593320411010	none	4646	aeb7fcd2	512	224	0	4646
4778	1	10593337777080	none	4647	4b305930	512	224	0	4647
4779	2	10593354989520	none	4648	f9df5e0e	512	224	0	4648
4780	3	10593368309760	none	4649	0735dee5	512	224	0	4649
4781	4	10593385580320	none	4650	41278dbb	512	224	0	4650
4782	5	10593402828290	none	4651	6dc7af33	512	224	0	4651
4783	6	10593420196070	none	4652	90f933b3	512	224	0	4652
4784	7	10593437552180	none	4653	74dc8f2b	512	224	0	4653
4785	0	10593450895450	none	4654	f3b3b945	512	224	0	4654
4786	1	10593468096460	none	4655	90476f0f	512	224	0	4655
4787	2	10593485308660	none	4656	9d5e4308	512	224	0	4656
4788	3	10593502541990	none	4657	2e2e6257	512	224	0	4657
4789	4	10593519777290	none	4658	bfe719ea	512	224	0	4658
4790	5	10593537152680	none	4659	527bf152	512	224	0	4659
4791	6	10593554453570	none	4660	bfe58078	512	224	0	4660
4792	7	10593567643860	none	4661	21997300	512	224	0	4661
4793	0	10593584961840	none	4662	112bcdb2	512	224	0	4662
4794	1	10593602197060	none	4663	f2944b0e	512	224	0	4663
4795	2	10593619586950	none	4664	c588fa9a	512	224	0	4664
4796	3	10593636847770	none	4665	89cf90d1	512	224	0	4665
4797	4	10593654110370	none	4666	acd79bed	512	224	0	4666
4798	5	10593667301760	none	4667	c832d59f	512	224	0	4667
4799	6	10593684528560	none	4668	05940de4	512	224	0	4668
4800	7	10593701735480	none	4669	dc2e7fac	512	224	0	4669
4801	0	10593718984490	none	4670	13334944	512	224	0	4670
4802	1	10593736372320	none	4671	a0c92742	512	224	0	4671
4803	2	10593753625640	none	4672	1e85988c	512	224	0	4672
4804	3	10593770912090	none	4673	11a16aeb	512	224	0	4673
4805	4	10593784159490	none	4674	5deaaebc	512	224	0	4674
4806	5	10593801426880	none	4675	61210a79	512	224	0	4675
4807	6	10593818675920	none	4676	cae36503	512	224	0	4676
4808	7	10593835914810	none	4677	4d8219fb	512	224	0	4677
4809	0	10593853132970	none	4678	d1fd3a25	512	224	0	4678
4810	1	10593870368750	none	4679	e790b886	512	224	0	4679
4811	2	10593883578120	none	4680	1b8cc46a	512	224	0	4680
4812	3	10593900835020	none	4681	988ffe9e	512	224	0	4681
4813	4	10593918171540	none	4682	76fe7083	512	224	0	4682
4814	5	10593935487750	none	4683	cd735009	512	224	0	4683
4815	6	10593952828150	none	4684	5e4ba125	512	224	0	4684
4816	7	10593970087930	none	4685	094162fd	512	224	0	4685
4817	0	10593983322080	none	4686	ae4d2fb4	512	224	0	4686
4818	1	10594000600720	none	4687	187e9303	512	224	0	4687
4819	2	10594017988160	none	4688	a0cbb68f	512	224	0	4688
4820	3	10594035231800	none	4689	583d3214	512	224	0	4689
4821	4	10594052485470	none	4690	5b78da52	512	224	0	4690
4822	5	10594069699950	none	4691	133d16a5	512	224	0	4691
4823	6	10594087093130	none	4692	da7b1aec	512	224	0	4692
4824	7	10594100477330	none	4693	a38e2d94	512	224	0	4693
4825	0	10594117710420	none	4694	5ad1c01b	512	224	0	4694
4826	1	10594135235280	none	4695	f7440d97	512	224	0	4695
4827	2	10594152540030	none	4696	35011999	512	224	0	4696
4828	3	10594169804160	none	4697	c21750db	512	224	0	4697
4829	4	10594183012580	none	4698	379feb28	512	224	0	4698
4830	5	10594200234060	none	4699	420890b2	512	224	0	4699
4831	6	10594217528150	none	4700	100c7187	512	224	0	4700
4832	7	10594234787880	none	4701	0a385da9	512	224	0	4701
4833	0	10594251990110	none	4702	743abf6c	512	224	0	4702
4834	1	10594269266700	none	4703	8cbb8eb8	512	224	0	4703
4835	2	10594286518780	none	4704	486264e0	512	224	0	4704
4836	3	10594299715560	none	4705	872f0787	512	224	0	4705
4837	4	10594317089800	none	4706	5da86c19	512	224	0	4706
4838	5	10594334397470	none	4707	35668f6d	512	224	0	4707
4839	6	10594351628270	none	4708	b35044ab	512	224	0	4708
4840	7	10594368902610	none	4709	1b667a6c	512	224	0	4709
4841	0	10594386123470	none	4710	c88936c1	512	224	0	4710
4842	1	10594399329610	none	4711	be16d479	512	224	0	4711
4843	2	10594416551950	none	4712	cf6224f9	512	224	0	4712
4844	3	10594433786270	none	4713	3e767fd4	512	224	0	4713
4845	4	10594451201150	none	4714	1a086a1b	512	224	0	4714
4846	5	10594468466330	none	4715	7797a858	512	224	0	4715
4847	6	10594485755270	none	4716	c9202a21	512	224	0	4716
4848	7	10594503003150	none	4717	7ae577ac	512	224	0	4717
4849	0	10594516171890	none	4718	0789716b	512	224	0	4718
4850	1	10594533423210	none	4719	3c13a282	512	224	0	4719
4851	2	10594550711620	none	4720	0cb7d5ab	512	224	0	4720
4852	3	10594567943430	none	4721	4fb356d2	512	224	0	4721
4853	4	10594585176990	none	4722	e262fec2	512	224	0	4722
4854	5	10594602410320	none	4723	d15114d1	512	224	0	4723
4855	6	10594615659490	none	4724	c29f72ee	512	224	0	4724
4856	7	10594632907340	none	4725	6b0496da	512	224	0	4725
4857	0	10594650130100	none	4726	dac7031a	512	224	0	4726
4858	1	10594667379130	none	4727	eafa0108	512	224	0	4727
4859	2	10594684779660	none	4728	7975c361	512	224	0	4728
4860	3	10594701995550	none	4729	aa603073	512	224	0	4729
4861	4	10594719255900	none	4730	d016874e	512	224	0	4730
4862	5	10594732442050	none	4731	f81584a5	512	224	0	4731
4863	6	10594749662700	none	4732	5ff4eeca	512	224	0	4732
4864	7	10594766896470	none	4733	f1c853be	512	224	0	4733
4865	0	10594784261770	none	4734	bade098a	512	224	0	4734
4866	1	10594801537780	none	4735	788ca1c5	512	224	0	4735
4867	2	10594818827220	none	4736	de0aa041	512	224	0	4736
4868	3	10594832020180	none	4737	1e04941d	512	224	0	4737
4869	4	10594849334650	none	4738	72888b01	512	224	0	4738
4870	5	10594866581770	none	4739	2477e17c	512	224	0	4739
4871	6	10594884007040	none	4740	8a254b90	512	224	0	4740
4872	7	10594901294470	none	4741	50144ac8	512	224	0	4741
4873	0	10594918651880	none	4742	78b7fadf	512	224	0	4742
4874	1	10594931841980	none	4743	19f0ca28	512	224	0	4743
4875	2	10594949100420	none	4744	7b50aa55	512	224	0	4744
4876	3	10594966308750	none	4745	b2148a82	512	224	0	4745
4877	4	10594983754840	none	4746	8e74dfac	512	224	0	4746
4878	5	10595001134210	none	4747	7f0e29d5	512	224	0	4747
4879	6	10595018432100	none	4748	704ae9f5	512	224	0	4748
4880	7	10595031751450	none	4749	29336d98	512	224	0	4749
4881	0	10595049103160	none	4750	1d1faf16	512	224	0	4750
4882	1	10595066342920	none	4751	3d8f12dd	512	224	0	4751
4883	2	10595083735490	none	4752	0be13d90	512	224	0	4752
4884	3	10595100951150	none	4753	ec5349be	512	224	0	4753
4885	4	10595118159820	none	4754	78f94d16	512	224	0	4754
4886	5	10595131424490	none	4755	2c5dc624	512	224	0	4755
4887	6	10595148636270	none	4756	cc2a309b	512	224	0	4756
4888	7	10595165868340	none	4757	a4d9d93a	512	224	0	4757
4889	0	10595183283970	none	4758	6ee7da73	512	224	0	4758
4890	1	10595200525160	none	4759	a7aadc91	512	224	0	4759
4891	2	10595217838450	none	4760	c2b007be	512	224	0	4760
4892	3	10595235144280	none	4761	19a76ae8	512	224	0	4761
4893	4	10595248593400	none	4762	0c6a1e4b	512	224	0	4762
4894	5	10595266162000	none	4763	041a6b8f	512	224	0	4763
4895	6	10595283602100	none	4764	c227af35	512	224	0	4764
4896	7	10595300851980	none	4765	0fab1145	512	224	0	4765
4897	0	10595318114730	none	4766	e911a207	512	224	0	4766
4898	1	10595331295890	none	4767	fafa32d8	512	224	0	4767
4899	2	10595348558680	none	4768	648e29cd	512	224	0	4768
4900	3	10595365896880	none	4769	ea8c81bb	512	224	0	4769
4901	4	10595383199580	none	4770	2ee04b45	512	224	0	4770
4902	5	10595400506300	none	4771	c4404947	512	224	0	4771
4903	6	10595417799630	none	4772	bf525a1f	512	224	0	4772
4904	7	10595430977160	none	4773	cc2132cc	512	224	0	4773
4905	0	10595448195700	none	4774	9f3917fa	512	224	0	4774
4906	1	10595465420820	none	4775	21a5d92e	512	224	0	4775
4907	2	10595482764930	none	4776	807b2c2c	512	224	0	4776
4908	3	10595499965090	none	4777	0f13e8dc	512	224	0	4777
4909	4	10595517206160	none	4778	5f12d0bc	512	224	0	4778
4910	5	10595534541380	none	4779	135368af	512	224	0	4779
4911	6	10595547865720	none	4780	d62c17a4	512	224	0	4780
4912	7	10595565241010	none	4781	91b568bd	512	224	0	4781
4913	0	10595582583160	none	4782	0db31b9f	512	224	0	4782
4914	1	10595599990610	none	4783	af036102	512	224	0	4783
4915	2	10595617262610	none	4784	d3685ef0	512	224	0	4784
4916	3	10595634562060	none	4785	b8953345	512	224	0	4785
4917	4	10595647969190	none	4786	b0f5f4f0	512	224	0	4786
4918	5	10595665203500	none	4787	164f1f82	512	224	0	4787
4919	6	10595682463420	none	4788	0cfcc891	512	224	0	4788
4920	7	10595699690680	none	4789	eaeb7b07	512	224	0	4789
4921	0	10595717170150	none	4790	618073e0	512	224	0	4790
4922	1	10595730400590	none	4791	0b04cc4b	512	224	0	4791
4923	2	10595747730410	none	4792	4f1e08f0	512	224	0	4792
4924	3	10595764947140	none	4793	fe40c565	512	224	0	4793
4925	4	10595782231540	none	4794	53dfae8a	512	224	0	4794
4926	5	10595799458820	none	4795	d38b97ea	512	224	0	4795
4927	6	10595816679600	none	4796	39e7df2e	512	224	0	4796
4928	7	10595833914150	none	4797	e84fdeca	512	224	0	4797
4929	0	10595847264220	none	4798	e5d7b295	512	224	0	4798
4930	1	10595864506260	none	4799	d066801d	512	224	0	4799
4931	2	10595881831980	none	4800	e4945c20	512	224	0	4800
4932	3	10595899117260	none	4801	51595edc	512	224	0	4801
4933	4	10595916420030	none	4802	5e5feb88	512	224	0	4802
4934	5	10595933680400	none	4803	ce8d46a2	512	224	0	4803
4935	6	10595947170570	none	4804	b9d5f4c7	512	224	0	4804
4936	7	10595964403870	none	4805	0df7cf39	512	224	0	4805
4937	0	10595981736710	none	4806	87111c15	512	224	0	4806
4938	1	10595998945540	none	4807	780fcdb3	512	224	0	4807
4939	2	10596016143330	none	4808	4b0b69a3	512	224	0	4808
4940	3	10596033440320	none	4809	1923c4ee	512	224	0	4809
4941	4	10596046763170	none	4810	cdfdae2e	512	224	0	4810
4942	5	10596064016510	none	4811	42eabca9	512	224	0	4811
4943	6	10596081287110	none	4812	3bb67a73	512	224	0	4812
4944	7	10596098526680	none	4813	979dfff5	512	224	0	4813
4945	0	10596115793020	none	4814	a4ef143f	512	224	0	4814
4946	1	10596132992900	none	4815	3cb56d51	512	224	0	4815
4947	2	10596150380070	none	4816	f486896d	512	224	0	4816
4948	3	10596163567040	none	4817	fd71ade4	512	224	0	4817
4949	4	10596180883330	none	4818	e185d6c3	512	224	0	4818
4950	5	10596198079590	none	4819	844cc6f5	512	224	0	4819
4951	6	10596215321350	none	4820	4fb95a53	512	224	0	4820
4952	7	10596232583020	none	4821	c6131440	512	224	0	4821
4953	0	10596249832310	none	4822	ab6e3aaf	512	224	0	4822
4954	1	10596263025620	none	4823	dc68d18d	512	224	0	4823
4955	2	10596280446410	none	4824	9e4bcf14	512	224	0	4824
4956	3	10596297690270	none	4825	9b695eaf	512	224	0	4825
4957	4	10596314926050	none	4826	4fe42fb7	512	224	0	4826
4958	5	10596332134600	none	4827	a3e741eb	512	224	0	4827
4959	6	10596349368230	none	4828	6eb4ef94	512	224	0	4828
4960	7	10596366596520	none	4829	590233e7	512	224	0	4829
4961	0	10596379776320	none	4830	79d84e31	512	224	0	4830
4962	1	10596397020630	none	4831	8ff43675	512	224	0	4831
4963	2	10596414257750	none	4832	447d6706	512	224	0	4832
4964	3	10596431477680	none	4833	bba5826c	512	224	0	4833
4965	4	10596448708360	none	4834	2306f000	512	224	0	4834
4966	5	10596465960300	none	4835	277cea1f	512	224	0	4835
4967	6	10596479191070	none	4836	19ba90da	512	224	0	4836
4968	7	10596496447890	none	4837	96f49a07	512	224	0	4837
4969	0	10596513709120	none	4838	1cafea93	512	224	0	4838
4970	1	10596531013130	none	4839	8daa2afd	512	224	0	4839
4971	2	10596548229840	none	4840	2db2af9e	512	224	0	4840
4972	3	10596565451740	none	4841	ec3f5f04	512	224	0	4841
4973	4	10596582894730	none	4842	0117653d	512	224	0	4842
4974	5	10596596079010	none	4843	fa6c15a5	512	224	0	4843
4975	6	10596613563900	none	4844	a8d1c6fc	512	224	0	4844
4976	7	10596630806750	none	4845	9cbc6ac3	512	224	0	4845
4977	0	10596648106340	none	4846	02b2aa2b	512	224	0	4846
4978	1	10596665361720	none	4847	83e8b376	512	224	0	4847
4979	2	10596682619840	none	4848	c04f983f	512	224	0	4848
4980	3	10596695909490	none	4849	3f80dc0f	512	224	0	4849
4981	4	10596713108030	none	4850	93946ddf	512	224	0	4850
4982	5	10596730344530	none	4851	9adbaa67	512	224	0	4851
4983	6	10596747575600	none	4852	a933820a	512	224	0	4852
4984	7	10596764816590	none	4853	c0d2c0b2	512	224	0	4853
4985	0	10596782011500	none	4854	3756341f	512	224	0	4854
4986	1	10596799231690	none	4855	702e8063	512	224	0	4855
4987	2	10596812434890	none	4856	b3fdf2d1	512	224	0	4856
4988	3	10596829764530	none	4857	26bbb0db	512	224	0	4857
4989	4	10596847005900	none	4858	caeaa595	512	224	0	4858
4990	5	10596864258050	none	4859	71240ea8	512	224	0	4859
4991	6	10596881547820	none	4860	94b9d0e1	512	224	0	4860
4992	7	10596898894460	none	4861	820cba0f	512	224	0	4861
4993	0	10596912094320	none	4862	fe0ac591	512	224	0	4862
4994	1	10596929340820	none	4863	e7f211bb	512	224	0	4863
4995	2	10596946604090	none	4864	41a73dbb	512	224	0	4864
4996	3	10596963834390	none	4865	d5e42b13	512	224	0	4865
4997	4	10596980996090	none	4866	7f239f8b	512	224	0	4866
4998	5	10596998361940	none	4867	b21b88d1	512	224	0	4867
4999	6	10597015572940	none	4868	e2fea943	512	224	0	4868
5000	7	10597028776280	none	4869	21f8a320	512	224	0	4869
5001	0	10597046029570	none	4870	60342631	512	224	0	4870
5002	1	10597063256560	none	4871	b3704522	512	224	0	4871
5003	2	10597080499910	none	4872	e56adf2c	512	224	0	4872
5004	3	10597097763100	none	4873	30ef7d8c	512	224	0	4873
5005	4	10597115012180	none	4874	87452950	512	224	0	4874
5006	5	10597128245080	none	4875	7b3410a3	512	224	0	4875
5007	6	10597145473700	none	4876	2f52a7ec	512	224	0	4876
5008	7	10597162708290	none	4877	f4dd2014	512	224	0	4877
5009	0	10597179887730	none	4878	0c0a94cf	512	224	0	4878
5010	1	10597197284910	none	4879	6d698757	512	224	0	4879
5011	2	10597214642280	none	4880	55823371	512	224	0	4880
5012	3	10597231887190	none	4881	21a3ca19	512	224	0	4881
5013	4	10597245112140	none	4882	4f878a92	512	224	0	4882
5014	5	10597262377570	none	4883	30e33573	512	224	0	4883
5015	6	10597279639300	none	4884	ba40d9b9	512	224	0	4884
5016	7	10597296895350	none	4885	1b9a82e1	512	224	0	4885
5017	0	10597314143130	none	4886	161f38ae	512	224	0	4886
5018	1	10597331401120	none	4887	2e6920ec	512	224	0	4887
5019	2	10597344598480	none	4888	2e872cf9	512	224	0	4888
5020	3	10597361871090	none	4889	9a3dc0bf	512	224	0	4889
5021	4	10597379094430	none	4890	0bd7a58b	512	224	0	4890
5022	5	10597396331510	none	4891	82efe91e	512	224	0	4891
5023	6	10597413558570	none	4892	6255b2ba	512	224	0	4892
5024	7	10597430888170	none	4893	4e77a887	512	224	0	4893
5025	0	10597448104630	none	4894	259575ff	512	224	0	4894
5026	1	10597461301030	none	4895	1f9a631e	512	224	0	4895
5027	2	10597478555460	none	4896	ad99777c	512	224	0	4896
5028	3	10597495825110	none	4897	b4688300	512	224	0	4897
5029	4	10597513054580	none	4898	6db8689d	512	224	0	4898
5030	5	10597530319660	none	4899	3d1b9904	512	224	0	4899
5031	6	10597547824990	none	4900	94fe58fc	512	224	0	4900
5032	7	10597560991930	none	4901	59532045	512	224	0	4901
5033	0	10597578234100	none	4902	404b14f6	512	224	0	4902
5034	1	10597595459620	none	4903	085f390a	512	224	0	4903
5035	2	10597612711810	none	4904	f52dcb4b	512	224	0	4904
5036	3	10597630050500	none	4905	67862e57	512	224	0	4905
5037	4	10597647312150	none	4906	ad820fdd	512	224	0	4906
5038	5	10597664544130	none	4907	6fb7d5c6	512	224	0	4907
5039	6	10597677758990	none	4908	7faaad02	512	224	0	4908
5040	7	10597695048010	none	4909	a14b5a8b	512	224	0	4909
5041	0	10597712283700	none	4910	fd8cda4d	512	224	0	4910
5042	1	10597729701890	none	4911	adf19502	512	224	0	4911
5043	2	10597747042330	none	4912	da3f0ef9	512	224	0	4912
5044	3	10597764301210	none	4913	04c1ba4a	512	224	0	4913
5045	4	10597777467040	none	4914	9ac6049c	512	224	0	4914
5046	5	10597794738130	none	4915	cb27944b	512	224	0	4915
5047	6	10597812107520	none	4916	5aa98698	512	224	0	4916
5048	7	10597829365690	none	4917	6ec0932f	512	224	0	4917
5049	0	10597846738160	none	4918	64774748	512	224	0	4918
5050	1	10597864027880	none	4919	94d5639e	512	224	0	4919
5051	2	10597877236330	none	4920	9fd1ae93	512	224	0	4920
5052	3	10597894493150	none	4921	d923d204	512	224	0	4921
5053	4	10597911836150	none	4922	c9d65026	512	224	0	4922
5054	5	10597929056840	none	4923	801d75ef	512	224	0	4923
5055	6	10597946393270	none	4924	7a85678b	512	224	0	4924
5056	7	10597963630810	none	4925	ce6d8b39	512	224	0	4925
5057	0	10597976814050	none	4926	68b310ff	512	224	0	4926
5058	1	10597994005900	none	4927	2d29c21e	512	224	0	4927
5059	2	10598011229520	none	4928	7d54600f	512	224	0	4928
5060	3	10598028476210	none	4929	1289f3bc	512	224	0	4929
5061	4	10598045793760	none	4930	1b323c18	512	224	0	4930
5062	5	10598063024260	none	4931	8e9b6a20	512	224	0	4931
5063	6	10598080438140	none	4932	1bcbb1e0	512	224	0	4932
5064	7	10598093738370	none	4933	05fff729	512	224	0	4933
5065	0	10598111124570	none	4934	adb1ed41	512	224	0	4934
5066	1	10598128397070	none	4935	5c42d3b0	512	224	0	4935
5067	2	10598145731190	none	4936	aaba8e80	512	224	0	4936
5068	3	10598162979800	none	4937	595377c2	512	224	0	4937
5069	4	10598180231900	none	4938	630de3ae	512	224	0	4938
5070	5	10598193434800	none	4939	a26c8a7b	512	224	0	4939
5071	6	10598210690910	none	4940	7457460e	512	224	0	4940
5072	7	10598227921830	none	4941	946c838c	512	224	0	4941
5073	0	10598245371040	none	4942	99faf871	512	224	0	4942
5074	1	10598262771730	none	4943	3489f23a	512	224	0	4943
5075	2	10598280153210	none	4944	0e69cd13	512	224	0	4944
5076	3	10598293368580	none	4945	b65332ac	512	224	0	4945
5077	4	10598310593120	none	4946	120a03d8	512	224	0	4946
5078	5	10598327901440	none	4947	5e23680e	512	224	0	4947
5079	6	10598345147310	none	4948	cf8a5a47	512	224	0	4948
5080	7	10598362507420	none	4949	f09e71ce	512	224	0	4949
5081	0	10598379770520	none	4950	8bb3ce8e	512	224	0	4950
5082	1	10598392947830	none	4951	f9f99c24	512	224	0	4951
5083	2	10598410271540	none	4952	56fe8515	512	224	0	4952
5084	3	10598427577190	none	4953	0adb892b	512	224	0	4953
5085	4	10598445047090	none	4954	01839c65	512	224	0	4954
5086	5	10598462340670	none	4955	c4eef4f4	512	224	0	4955
5087	6	10598479634390	none	4956	54e3dbc4	512	224	0	4956
5088	7	10598492842410	none	4957	0646c0a8	512	224	0	4957
5089	0	10598510145060	none	4958	2fc86e8b	512	224	0	4958
5090	1	10598527407460	none	4959	725293b5	512	224	0	4959
5091	2	10598544874020	none	4960	eb11204b	512	224	0	4960
5092	3	10598562241180	none	4961	2fdfb22b	512	224	0	4961
5093	4	10598579541080	none	4962	b861d69d	512	224	0	4962
5094	5	10598592788410	none	4963	468d3b89	512	224	0	4963
5095	6	10598610136300	none	4964	4919674a	512	224	0	4964
5096	7	10598627425250	none	4965	18e0a701	512	224	0	4965
5097	0	10598644986470	none	4966	e31d7cfc	512	224	0	4966
5098	1	10598662281160	none	4967	31808856	512	224	0	4967
5099	2	10598679514530	none	4968	e7c0f16a	512	224	0	4968
5100	3	10598692714730	none	4969	ed0a8dab	512	224	0	4969
5101	4	10598709968510	none	4970	e69019a4	512	224	0	4970
5102	5	10598727212740	none	4971	4f770a45	512	224	0	4971
5103	6	10598744498390	none	4972	d3fd207a	512	224	0	4972
5104	7	10598761786620	none	4973	a49c3126	512	224	0	4973
5105	0	10598779120120	none	4974	e16970c2	512	224	0	4974
5106	1	10598792349420	none	4975	c18e5962	512	224	0	4975
5107	2	10598809546440	none	4976	6db92638	512	224	0	4976
5108	3	10598826882750	none	4977	55541186	512	224	0	4977
5109	4	10598844116930	none	4978	d4c7b5b4	512	224	0	4978
5110	5	10598861509210	none	4979	73b5d84b	512	224	0	4979
5111	6	10598878782020	none	4980	bbea0da1	512	224	0	4980
5112	7	10598892071660	none	4981	2b12b889	512	224	0	4981
5113	0	10598909409280	none	4982	826e4720	512	224	0	4982
5114	1	10598926668450	none	4983	e60866a2	512	224	0	4983
5115	2	10598943982550	none	4984	b13e2850	512	224	0	4984
5116	3	10598961253330	none	4985	73c2102d	512	224	0	4985
5117	4	10598978493960	none	4986	8fd0b056	512	224	0	4986
5118	5	10598991728820	none	4987	44fa5cbe	512	224	0	4987
5119	6	10599009106580	none	4988	fc468eb8	512	224	0	4988
5120	7	10599026369450	none	4989	208ba255	512	224	0	4989
5121	0	10599043613880	none	4990	e2c08d0c	512	224	0	4990
5122	1	10599060860920	none	4991	91d61f0f	512	224	0	4991
5123	2	10599078101930	none	4992	632e7c49	512	224	0	4992
5124	3	10599095391060	none	4993	43827396	512	224	0	4993
5125	4	10599108755580	none	4994	43e6246a	512	224	0	4994
5126	5	10599126004970	none	4995	548bb4fc	512	224	0	4995
5127	6	10599143434650	none	4996	b10e2edf	512	224	0	4996
5128	7	10599160672590	none	4997	c5b1c54a	512	224	0	4997
5129	0	10599177865700	none	4998	d1c891d4	512	224	0	4998
5130	1	10599195088990	none	4999	b96dc502	512	224	0	4999
5131	2	10599208411760	none	5000	f520c204	512	224	0	5000
5132	3	10599225743270	none	5001	83966238	512	224	0	5001
5133	4	10599243128160	none	5002	f042a58a	512	224	0	5002
5134	5	10599260409400	none	5003	d8c323fe	512	224	0	5003
5135	6	10599277688310	none	5004	f3554b5e	512	224	0	5004
5136	7	10599294883840	none	5005	bfb6fa40	512	224	0	5005
5137	0	10599308246450	none	5006	c6f032a9	512	224	0	5006
5138	1	10599325619910	none	5007	aac45448	512	224	0	5007
5139	2	10599342981680	none	5008	a9f74367	512	224	0	5008
5140	3	10599360225930	none	5009	11a60a21	512	224	0	5009
5141	4	10599377468510	none	5010	9ad1b382	512	224	0	5010
5142	5	10599394775890	none	5011	3a866918	512	224	0	5011
5143	6	10599408116640	none	5012	2f0d0c24	512	224	0	5012
5144	7	10599425456850	none	5013	93e04c7c	512	224	0	5013
5145	0	10599442814490	none	5014	72cba65a	512	224	0	5014
5146	1	10599460111850	none	5015	0a16a46d	512	224	0	5015
5147	2	10599477345730	none	5016	0206abdf	512	224	0	5016
5148	3	10599494659500	none	5017	674c8d49	512	224	0	5017
5149	4	10599507930710	none	5018	c320bcd4	512	224	0	5018
5150	5	10599525195910	none	5019	cf9cbdc9	512	224	0	5019
5151	6	10599542451400	none	5020	d359093a	512	224	0	5020
5152	7	10599559693100	none	5021	e0a4762e	512	224	0	5021
5153	0	10599576916420	none	5022	09dce3fa	512	224	0	5022
5154	1	10599594132360	none	5023	af6ff05d	512	224	0	5023
5155	2	10599607427570	none	5024	e60fa76a	512	224	0	5024
5156	3	10599624674320	none	5025	866d31e0	512	224	0	5025
5157	4	10599642084430	none	5026	1fe02ea2	512	224	0	5026
5158	5	10599659348360	none	5027	8f47c39c	512	224	0	5027
5159	6	10599676587200	none	5028	66da8330	512	224	0	5028
5160	7	10599693821390	none	5029	35b2a767	512	224	0	5029
5161	0	10599711190290	none	5030	edd05252	512	224	0	5030
5162	1	10599724388730	none	5031	7da6b0d4	512	224	0	5031
5163	2	10599741743470	none	5032	a0ff4484	512	224	0	5032
5164	3	10599759046830	none	5033	3aaa8b9e	512	224	0	5033
5165	4	10599776434860	none	5034	499e9923	512	224	0	5034
5166	5	10599793895640	none	5035	d5959d17	512	224	0	5035
5167	6	10599807098820	none	5036	99bec355	512	224	0	5036
5168	7	10599824381720	none	5037	e5f3b645	512	224	0	5037
5169	0	10599841597290	none	5038	a78543ce	512	224	0	5038
5170	1	10599858967230	none	5039	1aae122d	512	224	0	5039
5171	2	10599876307980	none	5040	e462a5c6	512	224	0	5040
5172	3	10599893539320	none	5041	6302cfc2	512	224	0	5041
5173	4	10599910864450	none	5042	bcefd019	512	224	0	5042
5174	5	10599924047950	none	5043	c3c1cf8f	512	224	0	5043
5175	6	10599941305260	none	5044	919d67fc	512	224	0	5044
5176	7	10599958605370	none	5045	9eb794c0	512	224	0	5045
5177	0	10599975888600	none	5046	d0c9cae4	512	224	0	5046
5178	1	10599993154560	none	5047	4b157733	512	224	0	5047
5179	2	10600010503200	none	5048	02a79ac9	512	224	0	5048
5180	3	10600023720750	none	5049	a059ad59	512	224	0	5049
5181	4	10600041069250	none	5050	636cb81c	512	224	0	5050
5182	5	10600058303970	none	5051	9cc61c2d	512	224	0	5051
5183	6	10600075598120	none	5052	eac730f7	512	224	0	5052
5184	7	10600092833360	none	5053	e6307182	512	224	0	5053
5185	0	10600110218430	none	5054	45f93957	512	224	0	5054
5186	1	10600123447730	none	5055	655fc4eb	512	224	0	5055
5187	2	10600140873700	none	5056	8b89cbd5	512	224	0	5056
5188	3	10600158115270	none	5057	24f582e9	512	224	0	5057
5189	4	10600175454770	none	5058	0a9da565	512	224	0	5058
5190	5	10600192906210	none	5059	4a4d0e35	512	224	0	5059
5191	6	10600210153340	none	5060	97d910e7	512	224	0	5060
5192	7	10600223374810	none	5061	4d7526e2	512	224	0	5061
5193	0	10600240603310	none	5062	b4fe242c	512	224	0	5062
5194	1	10600257819740	none	5063	b4d57aa0	512	224	0	5063
5195	2	10600275112640	none	5064	01e1b1e9	512	224	0	5064
5196	3	10600292486750	none	5065	e09baeeb	512	224	0	5065
5197	4	10600310158540	none	5066	b56cc6fe	512	224	0	5066
5198	5	10600323458380	none	5067	bca0e40e	512	224	0	5067
5199	6	10600341181100	none	5068	d786fbc6	512	224	0	5068
5200	7	10600358503840	none	5069	2337097d	512	224	0	5069
5201	0	10600375835410	none	5070	41f377e3	512	224	0	5070
5202	1	10600393094270	none	5071	cae38ace	512	224	0	5071
5203	2	10600406312240	none	5072	1b88a108	512	224	0	5072
5204	3	10600423579730	none	5073	0f1958ca	512	224	0	5073
5205	4	10600440794660	none	5074	31f51d1a	512	224	0	5074
5206	5	10600457988990	none	5075	9c3fd6d5	512	224	0	5075
5207	6	10600475256240	none	5076	29e6e956	512	224	0	5076
5208	7	10600492546070	none	5077	20fa7b3d	512	224	0	5077
5209	0	10600505917580	none	5078	197cbfe8	512	224	0	5078
5210	1	10600523209330	none	5079	0bfb2269	512	224	0	5079
5211	2	10600540459650	none	5080	9266fccf	512	224	0	5080
5212	3	10600557698580	none	5081	1839cbc0	512	224	0	5081
5213	4	10600574982910	none	5082	feb7db0f	512	224	0	5082
5214	5	10600592274790	none	5083	feaea05f	512	224	0	5083
5215	6	10600609518080	none	5084	25e1e30f	512	224	0	5084
5216	7	10600622734950	none	5085	ebf2bb41	512	224	0	5085
5217	0	10600640013860	none	5086	c8457d03	512	224	0	5086
5218	1	10600657265870	none	5087	5bcd0257	512	224	0	5087
5219	2	10600674520500	none	5088	ece276b8	512	224	0	5088
5220	3	10600691897370	none	5089	d9093819	512	224	0	5089
5221	4	10600709207520	none	5090	c2ae7e21	512	224	0	5090
5222	5	10600722417930	none	5091	90427639	512	224	0	5091
5223	6	10600739700770	none	5092	25a12538	512	224	0	5092
5224	7	10600756999090	none	5093	ff99f0b0	512	224	0	5093
5225	0	10600774259780	none	5094	ea412b3c	512	224	0	5094
5226	1	10600791595790	none	5095	0b7943a8	512	224	0	5095
5227	2	10600809012870	none	5096	7f482182	512	224	0	5096
5228	3	10600822252980	none	5097	45936df4	512	224	0	5097
5229	4	10600839510790	none	5098	e0742911	512	224	0	5098
5230	5	10600856795440	none	5099	86c0fa34	512	224	0	5099
5231	6	10600874117330	none	5100	8ba1564b	512	224	0	5100
5232	7	10600891490570	none	5101	158e3c6b	512	224	0	5101
5233	0	10600909029500	none	5102	d5813257	512	224	0	5102
5234	1	10600922277990	none	5103	f508589c	512	224	0	5103
5235	2	10600939597850	none	5104	7dbbdc94	512	224	0	5104
5236	3	10600956842490	none	5105	0942737f	512	224	0	5105
5237	4	10600974045680	none	5106	293e500e	512	224	0	5106
5238	5	10600991300230	none	5107	08a606c0	512	224	0	5107
5239	6	10601008597280	none	5108	4fa119c4	512	224	0	5108
5240	7	10601021811170	none	5109	92426752	512	224	0	5109
5241	0	10601039137540	none	5110	688116e4	512	224	0	5110
5242	1	10601056427990	none	5111	e593b7d6	512	224	0	5111
5243	2	10601073783380	none	5112	1da859fd	512	224	0	5112
5244	3	10601091036440	none	5113	6c8bfae9	512	224	0	5113
5245	4	10601108288210	none	5114	6af0893b	512	224	0	5114
5246	5	10601121559240	none	5115	c9af2f3f	512	224	0	5115
5247	6	10601138801370	none	5116	073d84d1	512	224	0	5116
5248	7	10601156016360	none	5117	3c974ea3	512	224	0	5117
5249	0	10601173253710	none	5118	e5a23c7f	512	224	0	5118
5250	1	10601190494640	none	5119	d9b4f4bf	512	224	0	5119
5251	2	10601207833350	none	5120	dca0caf9	512	224	0	5120
5252	3	10601225069700	none	5121	238a8daa	512	224	0	5121
5253	4	10601238328000	none	5122	5a406302	512	224	0	5122
5254	5	10601255581590	none	5123	c769241a	512	224	0	5123
5255	6	10601272814640	none	5124	3a24e7e5	512	224	0	5124
5256	7	10601290087960	none	5125	22782732	512	224	0	5125
5257	0	10601307454900	none	5126	391554b5	512	224	0	5126
5258	1	10601324725310	none	5127	e54117af	512	224	0	5127
5259	2	10601338101840	none	5128	cdb6bf20	512	224	0	5128
5260	3	10601355328260	none	5129	c8a97c5b	512	224	0	5129
5261	4	10601372550320	none	5130	61804a21	512	224	0	5130
5262	5	10601389896740	none	5131	02d2bb6a	512	224	0	5131
5263	6	10601407211690	none	5132	0cc314bf	512	224	0	5132
5264	7	10601424582270	none	5133	2d27dddc	512	224	0	5133
5265	0	10601437858270	none	5134	a815b242	512	224	0	5134
5266	1	10601455106600	none	5135	b711ef6f	512	224	0	5135
5267	2	10601472340950	none	5136	8a4a0647	512	224	0	5136
5268	3	10601489588780	none	5137	3d390528	512	224	0	5137
5269	4	10601506967900	none	5138	67afd327	512	224	0	5138
5270	5	10601524207610	none	5139	6011b42c	512	224	0	5139
5271	6	10601541444500	none	5140	738e5174	512	224	0	5140
5272	7	10601554745970	none	5141	531473ca	512	224	0	5141
5273	0	10601572126650	none	5142	3fa0c1ac	512	224	0	5142
5274	1	10601589478420	none	5143	e786f988	512	224	0	5143
5275	2	10601606920430	none	5144	1c8e3996	512	224	0	5144
5276	3	10601624226000	none	5145	02bc00d1	512	224	0	5145
5277	4	10601637416050	none	5146	c3022e92	512	224	0	5146
5278	5	10601654689000	none	5147	dc98cbc2	512	224	0	5147
5279	6	10601671881230	none	5148	57c3aa3b	512	224	0	5148
5280	7	10601689112450	none	5149	b21f55a7	512	224	0	5149
5281	0	10601706378070	none	5150	e819c1ba	512	224	0	5150
5282	1	10601723594210	none	5151	68a1be96	512	224	0	5151
5283	2	10601741076340	none	5152	f6244c9d	512	224	0	5152
5284	3	10601754299120	none	5153	bfa852b9	512	224	0	5153
5285	4	10601771662340	none	5154	b5d62a38	512	224	0	5154
5286	5	10601788928080	none	5155	1d9a2cb1	512	224	0	5155
5287	6	10601806187870	none	5156	5cab6308	512	224	0	5156
5288	7	10601823442270	none	5157	98245676	512	224	0	5157
5289	0	10601840672690	none	5158	37537f4d	512	224	0	5158
5290	1	10601853857870	none	5159	e99fd5dc	512	224	0	5159
5291	2	10601871148610	none	5160	f0979b99	512	224	0	5160
5292	3	10601888405750	none	5161	d4a60fa2	512	224	0	5161
5293	4	10601905831710	none	5162	11182c3b	512	224	0	5162
5294	5	10601923082950	none	5163	e19b9d43	512	224	0	5163
5295	6	10601940467090	none	5164	dfcc0081	512	224	0	5164
5296	7	10601953687380	none	5165	bd9de51c	512	224	0	5165
5297	0	10601971106690	none	5166	fbba5638	512	224	0	5166
5298	1	10601988364760	none	5167	48212000	512	224	0	5167
5299	2	10602005742740	none	5168	e23c825b	512	224	0	5168
5300	3	10602022962110	none	5169	305e8ce6	512	224	0	5169
5301	4	10602040221300	none	5170	327b57e7	512	224	0	5170
5302	5	10602053694690	none	5171	f6d95548	512	224	0	5171
5303	6	10602071127120	none	5172	84af33dd	512	224	0	5172
5304	7	10602088400780	none	5173	7f5a4b55	512	224	0	5173
5305	0	10602105720420	none	5174	81a635f3	512	224	0	5174
5306	1	10602123021700	none	5175	39c5754d	512	224	0	5175
5307	2	10602140298960	none	5176	3b6dd4b7	512	224	0	5176
5308	3	10602153544280	none	5177	be7fab79	512	224	0	5177
5309	4	10602170777770	none	5178	db0252c5	512	224	0	5178
5310	5	10602187977830	none	5179	e12469fb	512	224	0	5179
5311	6	10602205215300	none	5180	5db1e9bc	512	224	0	5180
5312	7	10602222489980	none	5181	ec130b42	512	224	0	5181
5313	0	10602239737330	none	5182	0de69e01	512	224	0	5182
5314	1	10602256978320	none	5183	4bc57825	512	224	0	5183
5315	2	10602270348220	none	5184	0bd13379	512	224	0	5184
5316	3	10602287649350	none	5185	0f1f7ba6	512	224	0	5185
5317	4	10602304951990	none	5186	b4f963d3	512	224	0	5186
5318	5	10602322211270	none	5187	dc34a7de	512	224	0	5187
5319	6	10602339458560	none	5188	2138746e	512	224	0	5188
5320	7	10602356712580	none	5189	4582e391	512	224	0	5189
5321	0	10602369891430	none	5190	78a9c620	512	224	0	5190
5322	1	10602387165910	none	5191	3063a569	512	224	0	5191
5323	2	10602404519270	none	5192	900907b9	512	224	0	5192
5324	3	10602421958380	none	5193	d6e3ed21	512	224	0	5193
5325	4	10602439244720	none	5194	98d1a495	512	224	0	5194
5326	5	10602456539960	none	5195	4009fce7	512	224	0	5195
5327	6	10602469835280	none	5196	c124f4c6	512	224	0	5196
5328	7	10602487146420	none	5197	a2be6f0d	512	224	0	5197
5329	0	10602504432000	none	5198	a810b8d6	512	224	0	5198
5330	1	10602521658040	none	5199	6a1ef8b8	512	224	0	5199
5331	2	10602539091650	none	5200	beae4647	512	224	0	5200
5332	3	10602556420940	none	5201	971e9175	512	224	0	5201
5333	4	10602569787870	none	5202	aa207bdb	512	224	0	5202
5334	5	10602587013190	none	5203	4fad7573	512	224	0	5203
5335	6	10602604424860	none	5204	07410a1e	512	224	0	5204
5336	7	10602621695060	none	5205	1e256a5c	512	224	0	5205
5337	0	10602639087890	none	5206	890d9b9c	512	224	0	5206
5338	1	10602656344520	none	5207	c4cda110	512	224	0	5207
5339	2	10602669661170	none	5208	ed204c58	512	224	0	5208
5340	3	10602686925430	none	5209	6b5f38ef	512	224	0	5209
5341	4	10602704196650	none	5210	dfd70e6a	512	224	0	5210
5342	5	10602721619050	none	5211	18313049	512	224	0	5211
5343	6	10602738867970	none	5212	2f489821	512	224	0	5212
5344	7	10602756183800	none	5213	889e3189	512	224	0	5213
5345	0	10602769504360	none	5214	d17524fb	512	224	0	5214
5346	1	10602786932160	none	5215	f70bc7ee	512	224	0	5215
5347	2	10602804184180	none	5216	21f0a0e9	512	224	0	5216
5348	3	10602821430410	none	5217	48987ed3	512	224	0	5217
5349	4	10602838673210	none	5218	5be9e9ce	512	224	0	5218
5350	5	10602855913810	none	5219	99acc32c	512	224	0	5219
5351	6	10602869124830	none	5220	c5754185	512	224	0	5220
5352	7	10602886374640	none	5221	b2c7291a	512	224	0	5221
5353	0	10602903630130	none	5222	9543d23d	512	224	0	5222
5354	1	10602920854640	none	5223	84d9df7a	512	224	0	5223
5355	2	10602938120650	none	5224	23959e74	512	224	0	5224
5356	3	10602955418200	none	5225	c2792a7b	512	224	0	5225
5357	4	10602968729700	none	5226	073c8bba	512	224	0	5226
5358	5	10602985988110	none	5227	bfe2d2f3	512	224	0	5227
5359	6	10603003232020	none	5228	437ce802	512	224	0	5228
5360	7	10603020525910	none	5229	35223195	512	224	0	5229
5361	0	10603037834360	none	5230	9d22884e	512	224	0	5230
5362	1	10603055253800	none	5231	7d67b76b	512	224	0	5231
5363	2	10603068564360	none	5232	fce4aa09	512	224	0	5232
5364	3	10603085907660	none	5233	4a9c33fc	512	224	0	5233
5365	4	10603103223290	none	5234	b9934b0c	512	224	0	5234
5366	5	10603120536480	none	5235	cf65ffa1	512	224	0	5235
5367	6	10603137822970	none	5236	682711d5	512	224	0	5236
5368	7	10603155073760	none	5237	e466208e	512	224	0	5237
5369	0	10603168367410	none	5238	3b22b791	512	224	0	5238
5370	1	10603185598130	none	5239	c3debd9d	512	224	0	5239
5371	2	10603202900180	none	5240	0f24752e	512	224	0	5240
5372	3	10603220196830	none	5241	81a43c1e	512	224	0	5241
5373	4	10603237432340	none	5242	92db3926	512	224	0	5242
5374	5	10603254753270	none	5243	fccde9bc	512	224	0	5243
5375	6	10603268072470	none	5244	542453ee	512	224	0	5244
5376	7	10603285316710	none	5245	f30b312f	512	224	0	5245
5377	0	10603302592560	none	5246	6e731fef	512	224	0	5246
5378	1	10603319792940	none	5247	0734d51f	512	224	0	5247
5379	2	10603337132160	none	5248	dc2876ad	512	224	0	5248
5380	3	10603354466140	none	5249	c448173b	512	224	0	5249
5381	4	10603371779160	none	5250	3c3371d9	512	224	0	5250
5382	5	10603385026580	none	5251	111ad0d7	512	224	0	5251
5383	6	10603402386760	none	5252	178d5c1e	512	224	0	5252
5384	7	10603419694150	none	5253	9765fed6	512	224	0	5253
5385	0	10603437112760	none	5254	bad36c3e	512	224	0	5254
5386	1	10603454456880	none	5255	0c3ce075	512	224	0	5255
5387	2	10603467770020	none	5256	0e290052	512	224	0	5256
5388	3	10603485009250	none	5257	28562f9e	512	224	0	5257
5389	4	10603502267600	none	5258	34549cc8	512	224	0	5258
5390	5	10603519497640	none	5259	a8d3afad	512	224	0	5259
5391	6	10603536734610	none	5260	d3bee23b	512	224	0	5260
5392	7	10603553980060	none	5261	12906ce7	512	224	0	5261
5393	0	10603571459480	none	5262	9d1f76fe	512	224	0	5262
5394	1	10603584690510	none	5263	bdcf25e6	512	224	0	5263
5395	2	10603602071180	none	5264	a1efcedc	512	224	0	5264
5396	3	10603619421630	none	5265	576279e3	512	224	0	5265
5397	4	10603636723440	none	5266	64d0bd9e	512	224	0	5266
5398	5	10603653931440	none	5267	47b1bb77	512	224	0	5267
5399	6	10603671160300	none	5268	38070634	512	224	0	5268
5400	7	10603684331740	none	5269	3af81b17	512	224	0	5269
5401	0	10603701551180	none	5270	b1738b31	512	224	0	5270
5402	1	10603718781640	none	5271	5ea30d78	512	224	0	5271
5403	2	10603736093050	none	5272	4ec0e63b	512	224	0	5272
5404	3	10603753402490	none	5273	74812dbc	512	224	0	5273
5405	4	10603770792360	none	5274	687c1de5	512	224	0	5274
5406	5	10603784022530	none	5275	8b7bc67d	512	224	0	5275
5407	6	10603801271110	none	5276	07758654	512	224	0	5276
5408	7	10603818529130	none	5277	8a80bbf4	512	224	0	5277
5409	0	10603835782660	none	5278	a72217ca	512	224	0	5278
5410	1	10603852982970	none	5279	bd32f0ca	512	224	0	5279
5411	2	10603870359740	none	5280	6fcd42ce	512	224	0	5280
5412	3	10603887623030	none	5281	b86b59d4	512	224	0	5281
5413	4	10603900779340	none	5282	144f5e36	512	224	0	5282
5414	5	10603918064750	none	5283	7871d461	512	224	0	5283
5415	6	10603935400170	none	5284	8245f381	512	224	0	5284
5416	7	10603952700910	none	5285	9ae2c18f	512	224	0	5285
5417	0	10603969900880	none	5286	38332d8c	512	224	0	5286
5418	1	10603987292450	none	5287	02203c54	512	224	0	5287
5419	2	10604000486680	none	5288	1eb717ca	512	224	0	5288
5420	3	10604017712060	none	5289	e5c166a4	512	224	0	5289
5421	4	10604035074360	none	5290	3dc561ab	512	224	0	5290
5422	5	10604052319880	none	5291	27c5a934	512	224	0	5291
5423	6	10604069675370	none	5292	e44c360b	512	224	0	5292
5424	7	10604086967360	none	5293	99bee67b	512	224	0	5293
5425	0	10604100183820	none	5294	e1a55adb	512	224	0	5294
5426	1	10604117460180	none	5295	ab347b82	512	224	0	5295
5427	2	10604134761350	none	5296	f67c7948	512	224	0	5296
5428	3	10604152070260	none	5297	60367c97	512	224	0	5297
5429	4	10604169453650	none	5298	36d36f42	512	224	0	5298
5430	5	10604186686580	none	5299	590edfe6	512	224	0	5299
5431	6	10604199876430	none	5300	7cad8b4b	512	224	0	5300
5432	7	10604217097170	none	5301	1380ece4	512	224	0	5301
5433	0	10604234343180	none	5302	67caf3fb	512	224	0	5302
5434	1	10604251742270	none	5303	c9847610	512	224	0	5303
5435	2	10604269123800	none	5304	fc363cc0	512	224	0	5304
5436	3	10604286388730	none	5305	cedd9385	512	224	0	5305
5437	4	10604299674640	none	5306	e8e26340	512	224	0	5306
5438	5	10604316986130	none	5307	791297e6	512	224	0	5307
5439	6	10604334328770	none	5308	0e62a99b	512	224	0	5308
5440	7	10604351856210	none	5309	3e33fe27	512	224	0	5309
5441	0	10604369442190	none	5310	8e0187ee	512	224	0	5310
5442	1	10604382815250	none	5311	dee11ba6	512	224	0	5311
5443	2	10604400205240	none	5312	893c41d1	512	224	0	5312
5444	3	10604417610900	none	5313	d880cfd4	512	224	0	5313
5445	4	10604434985580	none	5314	07c1fce1	512	224	0	5314
5446	5	10604452460700	none	5315	b30aa2eb	512	224	0	5315
5447	6	10604466063210	none	5316	ded8c210	512	224	0	5316
5448	7	10604483375870	none	5317	0eef3be3	512	224	0	5317
5449	0	10604500642390	none	5318	456e842c	512	224	0	5318
5450	1	10604517850490	none	5319	d361285f	512	224	0	5319
5451	2	10604535111860	none	5320	a207dbc5	512	224	0	5320
5452	3	10604552703940	none	5321	dfbc298a	512	224	0	5321
5453	4	10604566018740	none	5322	4bddafa0	512	224	0	5322
5454	5	10604583713090	none	5323	d55039ef	512	224	0	5323
5455	6	10604601427350	none	5324	f5974979	512	224	0	5324
5456	7	10604619169170	none	5325	72c57277	512	224	0	5325
5457	0	10604632744420	none	5326	2e8f8e33	512	224	0	5326
5458	1	10604650434070	none	5327	717a5148	512	224	0	5327
5459	2	10604667976080	none	5328	c4562049	512	224	0	5328
5460	3	10604685693170	none	5329	e4cc33dd	512	224	0	5329
5461	4	10604699248210	none	5330	14dda29f	512	224	0	5330
5462	5	10604716520210	none	5331	0b8ff871	512	224	0	5331
5463	6	10604733789600	none	5332	b10f7009	512	224	0	5332
5464	7	10604750992080	none	5333	036e6489	512	224	0	5333
5465	0	10604768359970	none	5334	43274ee1	512	224	0	5334
5466	1	10604785600880	none	5335	2107b543	512	224	0	5335
5467	2	10604802823230	none	5336	df28bdd7	512	224	0	5336
5468	3	10604816014770	none	5337	2b7f364d	512	224	0	5337
5469	4	10604833272320	none	5338	187a5235	512	224	0	5338
5470	5	10604850531060	none	5339	ce420f85	512	224	0	5339
5471	6	10604867846890	none	5340	a55ba152	512	224	0	5340
5472	7	10604885117850	none	5341	2a98d353	512	224	0	5341
5473	0	10604902347250	none	5342	a3d2a457	512	224	0	5342
5474	1	10604915524220	none	5343	48ec3fea	512	224	0	5343
5475	2	10604932733310	none	5344	7ce7e252	512	224	0	5344
5476	3	10604949931790	none	5345	90a51996	512	224	0	5345
5477	4	10604967303060	none	5346	51cd42b1	512	224	0	5346
5478	5	10604984605610	none	5347	0b635470	512	224	0	5347
5479	6	10605002012510	none	5348	076d9148	512	224	0	5348
5480	7	10605015222830	none	5349	8a3a512c	512	224	0	5349
5481	0	10605032538080	none	5350	391348e5	512	224	0	5350
5482	1	10605049893860	none	5351	6b6de579	512	224	0	5351
5483	2	10605067277370	none	5352	b39c12c6	512	224	0	5352
5484	3	10605084535120	none	5353	f43c3a70	512	224	0	5353
5485	4	10605101750250	none	5354	8527d83c	512	224	0	5354
5486	5	10605114994340	none	5355	0c9ba295	512	224	0	5355
5487	6	10605132236150	none	5356	85662cbf	512	224	0	5356
5488	7	10605149456670	none	5357	c190151e	512	224	0	5357
5489	0	10605166810110	none	5358	967d285a	512	224	0	5358
5490	1	10605184035100	none	5359	860e426e	512	224	0	5359
5491	2	10605201309110	none	5360	5d35c522	512	224	0	5360
5492	3	10605218560320	none	5361	f3d28c3d	512	224	0	5361
5493	4	10605231744330	none	5362	54442822	512	224	0	5362
5494	5	10605249007440	none	5363	0d7dc969	512	224	0	5363
5495	6	10605266482310	none	5364	8ecf4220	512	224	0	5364
5496	7	10605283723300	none	5365	647b08ba	512	224	0	5365
5497	0	10605300932770	none	5366	52ff6a11	512	224	0	5366
5498	1	10605318206220	none	5367	3298ffac	512	224	0	5367
5499	2	10605331452300	none	5368	6014836f	512	224	0	5368
5500	3	10605348799490	none	5369	b1bde92c	512	224	0	5369
5501	4	10605366399410	none	5370	2a3b7b56	512	224	0	5370
5502	5	10605383761370	none	5371	6ef0fda1	512	224	0	5371
5503	6	10605400995160	none	5372	dcd0761d	512	224	0	5372
5504	7	10605418349520	none	5373	bf2d9c8d	512	224	0	5373
5505	0	10605431701580	none	5374	21d3ede3	512	224	0	5374
5506	1	10605449119770	none	5375	1fbc0f5c	512	224	0	5375
5507	2	10605466442260	none	5376	c830033a	512	224	0	5376
5508	3	10605483709800	none	5377	094a720c	512	224	0	5377
5509	4	10605501044010	none	5378	0158bddd	512	224	0	5378
5510	5	10605514361980	none	5379	a0cb39f8	512	224	0	5379
5511	6	10605531623030	none	5380	00d737bf	512	224	0	5380
5512	7	10605548923970	none	5381	b141205a	512	224	0	5381
5513	0	10605566176260	none	5382	a45a1589	512	224	0	5382
5514	1	10605583426580	none	5383	d10e5a61	512	224	0	5383
5515	2	10605600666080	none	5384	7c613674	512	224	0	5384
5516	3	10605617879760	none	5385	ca2bbe7c	512	224	0	5385
5517	4	10605631245630	none	5386	e6dec3e2	512	224	0	5386
5518	5	10605648481650	none	5387	4d1d74f2	512	224	0	5387
5519	6	10605665846580	none	5388	16a97e22	512	224	0	5388
5520	7	10605683092640	none	5389	0c10245a	512	224	0	5389
5521	0	10605700372320	none	5390	fdc92ec8	512	224	0	5390
5522	1	10605717652920	none	5391	913509e6	512	224	0	5391
5523	2	10605730824190	none	5392	2d5b2c92	512	224	0	5392
5524	3	10605748049900	none	5393	4579fbc6	512	224	0	5393
5525	4	10605765437500	none	5394	fd309af0	512	224	0	5394
5526	5	10605782698210	none	5395	52de51d4	512	224	0	5395
5527	6	10605799927060	none	5396	e37c8c1a	512	224	0	5396
5528	7	10605817172610	none	5397	dfd4cecc	512	224	0	5397
5529	0	10605834417340	none	5398	00ff994f	512	224	0	5398
5530	1	10605847758190	none	5399	6498cb5b	512	224	0	5399
5531	2	10605864980670	none	5400	e5f286c0	512	224	0	5400
5532	3	10605882253510	none	5401	7e0d1c9d	512	224	0	5401
5533	4	10605899561760	none	5402	2934ad95	512	224	0	5402
5534	5	10605916778600	none	5403	f8c566a7	512	224	0	5403
5535	6	10605934187040	none	5404	fa75c323	512	224	0	5404
5536	7	10605947397620	none	5405	399fd3ba	512	224	0	5405
5537	0	10605964743640	none	5406	c4c964a7	512	224	0	5406
5538	1	10605981955190	none	5407	b26e8832	512	224	0	5407
5539	2	10605999232480	none	5408	19b03bde	512	224	0	5408
5540	3	10606016513120	none	5409	6aa23021	512	224	0	5409
5541	4	10606033875260	none	5410	d14060a5	512	224	0	5410
5542	5	10606047090610	none	5411	0b783c08	512	224	0	5411
5543	6	10606064514910	none	5412	44900295	512	224	0	5412
5544	7	10606081750080	none	5413	06c3232a	512	224	0	5413
5545	0	10606098981050	none	5414	ccfe0cd8	512	224	0	5414
5546	1	10606116272870	none	5415	58566fde	512	224	0	5415
5547	2	10606133500480	none	5416	40194671	512	224	0	5416
5548	3	10606146683940	none	5417	97f22a9c	512	224	0	5417
5549	4	10606163966980	none	5418	06cbece2	512	224	0	5418
5550	5	10606181218650	none	5419	a8983b89	512	224	0	5419
5551	6	10606198443790	none	5420	86618c9a	512	224	0	5420
5552	7	10606215771890	none	5421	8eae80a8	512	224	0	5421
5553	0	10606233000310	none	5422	50d6cc0e	512	224	0	5422
5554	1	10606250245750	none	5423	6cb0bdd8	512	224	0	5423
5555	2	10606263445030	none	5424	031c3e6b	512	224	0	5424
5556	3	10606280667880	none	5425	e0fb90dc	512	224	0	5425
5557	4	10606297928470	none	5426	cd26e814	512	224	0	5426
5558	5	10606315251090	none	5427	a466cd1f	512	224	0	5427
5559	6	10606332489800	none	5428	d8f6d305	512	224	0	5428
5560	7	10606349783290	none	5429	a1ea526e	512	224	0	5429
5561	0	10606362993810	none	5430	1e22e060	512	224	0	5430
5562	1	10606380239520	none	5431	95396b40	512	224	0	5431
5563	2	10606397554890	none	5432	0db3b642	512	224	0	5432
5564	3	10606414775740	none	5433	46f59e90	512	224	0	5433
5565	4	10606431982120	none	5434	e173bcd0	512	224	0	5434
5566	5	10606449314470	none	5435	a8fc8859	512	224	0	5435
5567	6	10606466577200	none	5436	5e925794	512	224	0	5436
5568	7	10606479857400	none	5437	722d25b9	512	224	0	5437
5569	0	10606497157730	none	5438	8a3618ab	512	224	0	5438
5570	1	10606514422120	none	5439	6a6bce23	512	224	0	5439
5571	2	10606531667630	none	5440	1d200524	512	224	0	5440
5572	3	10606548883610	none	5441	3891228c	512	224	0	5441
5573	4	10606566127200	none	5442	46b81b75	512	224	0	5442
5574	5	10606579445640	none	5443	034e0e2f	512	224	0	5443
5575	6	10606596705740	none	5444	4219508c	512	224	0	5444
5576	7	10606614033830	none	5445	a5f1de31	512	224	0	5445
5577	0	10606631309160	none	5446	07fc464f	512	224	0	5446
5578	1	10606648585040	none	5447	0ef514d4	512	224	0	5447
5579	2	10606665879810	none	5448	db3b715a	512	224	0	5448
5580	3	10606679242170	none	5449	90babcb6	512	224	0	5449
5581	4	10606696602020	none	5450	e66c26cc	512	224	0	5450
5582	5	10606713837470	none	5451	4832b823	512	224	0	5451
5583	6	10606731070920	none	5452	bec8d45c	512	224	0	5452
5584	7	10606748315970	none	5453	8058631c	512	224	0	5453
5585	0	10606765648980	none	5454	9599c594	512	224	0	5454
5586	1	10606779001910	none	5455	66f3c183	512	224	0	5455
5587	2	10606796309580	none	5456	82f43c76	512	224	0	5456
5588	3	10606813591340	none	5457	87e2e3fa	512	224	0	5457
5589	4	10606830854060	none	5458	fcb193bb	512	224	0	5458
5590	5	10606848141340	none	5459	4129a0f6	512	224	0	5459
5591	6	10606865384550	none	5460	518406e9	512	224	0	5460
5592	7	10606882718880	none	5461	b2c3df35	512	224	0	5461
5593	0	10606896010340	none	5462	cae454a8	512	224	0	5462
5594	1	10606913291780	none	5463	6e4fa6fd	512	224	0	5463
5595	2	10606930672770	none	5464	8a2d2afc	512	224	0	5464
5596	3	10606948098120	none	5465	843a1696	512	224	0	5465
5597	4	10606965352730	none	5466	f079510e	512	224	0	5466
5598	5	10606978665140	none	5467	8beb8629	512	224	0	5467
5599	6	10606995911680	none	5468	1b450be8	512	224	0	5468
5600	7	10607013198460	none	5469	ea6bde4e	512	224	0	5469
5601	0	10607030471430	none	5470	2e12f91a	512	224	0	5470
5602	1	10607047784510	none	5471	c18c2154	512	224	0	5471
5603	2	10607065016300	none	5472	92c7b69b	512	224	0	5472
5604	3	10607078490650	none	5473	b1477dd9	512	224	0	5473
5605	4	10607095748170	none	5474	79f2e445	512	224	0	5474
5606	5	10607113046520	none	5475	ba497ed1	512	224	0	5475
5607	6	10607130313050	none	5476	c633da0b	512	224	0	5476
5608	7	10607147572380	none	5477	701d2dcd	512	224	0	5477
5609	0	10607164958250	none	5478	0778b709	512	224	0	5478
5610	1	10607182241430	none	5479	63eb3b9a	512	224	0	5479
5611	2	10607195456980	none	5480	915ff6fb	512	224	0	5480
5612	3	10607212796420	none	5481	28f0df29	512	224	0	5481
5613	4	10607230034860	none	5482	2c9a5698	512	224	0	5482
5614	5	10607247335700	none	5483	c629a861	512	224	0	5483
5615	6	10607264642680	none	5484	a6b85b85	512	224	0	5484
5616	7	10607282077370	none	5485	ba2ed67d	512	224	0	5485
5617	0	10607295316060	none	5486	e8d15be9	512	224	0	5486
5618	1	10607312676250	none	5487	b73cf53d	512	224	0	5487
5619	2	10607329896650	none	5488	23f233df	512	224	0	5488
5620	3	10607347264820	none	5489	502adca3	512	224	0	5489
5621	4	10607364578420	none	5490	39f7fae9	512	224	0	5490
5622	5	10607381881170	none	5491	6f4920c2	512	224	0	5491
5623	6	10607395099750	none	5492	36154c14	512	224	0	5492
5624	7	10607412350250	none	5493	97ec4c8d	512	224	0	5493
5625	0	10607429643040	none	5494	4aff4d95	512	224	0	5494
5626	1	10607446873880	none	5495	a78fb880	512	224	0	5495
5627	2	10607464144760	none	5496	bf3baa2f	512	224	0	5496
5628	3	10607481523020	none	5497	442c2b78	512	224	0	5497
5629	4	10607494687070	none	5498	eb5e3758	512	224	0	5498
5630	5	10607512044360	none	5499	8f37eacd	512	224	0	5499
5631	6	10607529306730	none	5500	700bc699	512	224	0	5500
5632	7	10607546574830	none	5501	d07217e7	512	224	0	5501
5633	0	10607563910330	none	5502	22b8079d	512	224	0	5502
5634	1	10607581207300	none	5503	d49f8ef4	512	224	0	5503
5635	2	10607594403510	none	5504	ac4181f8	512	224	0	5504
5636	3	10607611670610	none	5505	4c7a447a	512	224	0	5505
5637	4	10607628890400	none	5506	4c7a447a	512	224	0	5506
5638	5	10607646126840	none	5507	e7d62263	512	224	0	5507
5639	6	10607663377300	none	5508	b3da0045	512	224	0	5508
5640	7	10607680665680	none	5509	1724c4cd	512	224	0	5509
5641	0	10607697946400	none	5510	712ac83b	512	224	0	5510
5642	1	10607711138170	none	5511	dc9a2efa	512	224	0	5511
5643	2	10607728345580	none	5512	857557c7	512	224	0	5512
5644	3	10607745542160	none	5513	3c1fdd58	512	224	0	5513
5645	4	10607762741560	none	5514	02cb6c0d	512	224	0	5514
5646	5	10607779924200	none	5515	cd743aeb	512	224	0	5515
5647	6	10607797308320	none	5516	f0dbf6fe	512	224	0	5516
5648	7	10607814543790	none	5517	bbb3b59d	512	224	0	5517
5649	0	10607827768010	none	5518	1376a0c9	512	224	0	5518
5650	1	10607844979390	none	5519	888d2cd9	512	224	0	5519
5651	2	10607862240240	none	5520	542cee93	512	224	0	5520
5652	3	10607879637550	none	5521	c3a87bca	512	224	0	5521
5653	4	10607896954540	none	5522	b3ca2315	512	224	0	5522
5654	5	10607914191170	none	5523	34a3b9d3	512	224	0	5523
5655	6	10607927386010	none	5524	f07c56b8	512	224	0	5524
5656	7	10607944618910	none	5525	fc130297	512	224	0	5525
5657	0	10607961852620	none	5526	2c9a3090	512	224	0	5526
5658	1	10607979288540	none	5527	d7294e7c	512	224	0	5527
5659	2	10607996574350	none	5528	201e7346	512	224	0	5528
5660	3	10608013844120	none	5529	7e68b346	512	224	0	5529
5661	4	10608027056490	none	5530	df8a3016	512	224	0	5530
5662	5	10608044309980	none	5531	67ac84dd	512	224	0	5531
5663	6	10608061534720	none	5532	48788402	512	224	0	5532
5664	7	10608078716450	none	5533	b7502dcd	512	224	0	5533
5665	0	10608095900540	none	5534	9a8ac104	512	224	0	5534
5666	1	10608113188290	none	5535	16c62c8e	512	224	0	5535
5667	2	10608130407490	none	5536	3ae58d39	512	224	0	5536
5668	3	10608143600660	none	5537	7decd7d4	512	224	0	5537
5669	4	10608160807270	none	5538	0c5d62a0	512	224	0	5538
5670	5	10608178037430	none	5539	7b099823	512	224	0	5539
5671	6	10608195250850	none	5540	9d83f5cd	512	224	0	5540
5672	7	10608212466830	none	5541	aa732aca	512	224	0	5541
5673	0	10608229776280	none	5542	58d30ff1	512	224	0	5542
5674	1	10608247105050	none	5543	b8e8ca73	512	224	0	5543
5675	2	10608260315500	none	5544	58d30ff1	512	224	0	5544
5676	3	10608277586350	none	5545	b8e8ca73	512	224	0	5545
5677	4	10608294921870	none	5546	f7387c52	512	224	0	5546
5678	5	10608312161620	none	5547	09ae973b	512	224	0	5547
5679	6	10608329403080	none	5548	e99552b9	512	224	0	5548
5680	7	10608346624170	none	5549	af82fc59	512	224	0	5549
5681	0	10608359813810	none	5550	f13edf11	512	224	0	5550
5682	1	10608377010890	none	5551	0d7ba269	512	224	0	5551
5683	2	10608394279550	none	5552	f13edf11	512	224	0	5552
5684	3	10608411503580	none	5553	5a92b908	512	224	0	5553
5685	4	10608428798730	none	5554	f13edf11	512	224	0	5554
5686	5	10608446041330	none	5555	f13edf11	512	224	0	5555
5687	6	10608463261770	none	5556	778fa482	512	224	0	5556
5688	7	10608476435160	none	5557	fd8fd93b	512	224	0	5557
5689	0	10608493663160	none	5558	fd8fd93b	512	224	0	5558
5690	1	10608510849540	none	5559	fd8fd93b	512	224	0	5559
5691	2	10608528209280	none	5560	fd8fd93b	512	224	0	5560
5692	3	10608545424930	none	5561	fd8fd93b	512	224	0	5561
5693	4	10608562645280	none	5562	fd8fd93b	512	224	0	5562
5694	5	10608575956450	none	5563	23390b1c	512	224	0	5563
5695	6	10608593195850	none	5564	9dcbb5b6	512	224	0	5564
5696	7	10608610426310	none	5565	479b67f3	512	224	0	5565
5697	0	10608627770110	none	5566	33b0fa11	512	224	0	5566
5698	1	10608644999000	none	5567	33bf91c9	512	224	0	5567
5699	2	10608662281730	none	5568	5f8eb7c9	512	224	0	5568
5700	3	10608679533090	none	5569	7ccc99b9	512	224	0	5569
5701	4	10608692705340	none	5570	cc46f0c0	512	224	0	5570
5702	5	10608709905030	none	5571	a73ebc44	512	224	0	5571
5703	6	10608727305680	none	5572	8a2c9899	512	224	0	5572
5704	7	10608744579320	none	5573	3b158e81	512	224	0	5573
5705	0	10608761803290	none	5574	0b06bc5f	512	224	0	5574
5706	1	10608779051380	none	5575	ece58f2f	512	224	0	5575
5707	2	10608792297920	none	5576	98e049fd	512	224	0	5576
5708	3	10608809598650	none	5577	7835daa7	512	224	0	5577
5709	4	10608826901940	none	5578	11eed1da	512	224	0	5578
5710	5	10608844160440	none	5579	91249c14	512	224	0	5579
5711	6	10608861383140	none	5580	ae94ce48	512	224	0	5580
5712	7	10608878629330	none	5581	e19d282f	512	224	0	5581
5713	0	10608895877580	none	5582	18f7cd3b	512	224	0	5582
5714	1	10608909124990	none	5583	2ef9494f	512	224	0	5583
5715	2	10608926376240	none	5584	99eec6fb	512	224	0	5584
5716	3	10608943606590	none	5585	e728ae9b	512	224	0	5585
5717	4	10608960916980	none	5586	3c6d039a	512	224	0	5586
5718	5	10608978188630	none	5587	a84e7e57	512	224	0	5587
5719	6	10608995412420	none	5588	2736b814	512	224	0	5588
5720	7	10609008576250	none	5589	c057684a	512	224	0	5589
5721	0	10609025799380	none	5590	c057684a	512	224	0	5590
5722	1	10609043059840	none	5591	b2b49c08	512	224	0	5591
5723	2	10609060280270	none	5592	43936b06	512	224	0	5592
5724	3	10609077499870	none	5593	3795583b	512	224	0	5593
5725	4	10609094692250	none	5594	1a45775d	512	224	0	5594
5726	5	10609112056040	none	5595	70af10d3	512	224	0	5595
5727	6	10609125299730	none	5596	d5f7e688	512	224	0	5596
5728	7	10609142566050	none	5597	0add6ecf	512	224	0	5597
5729	0	10609159904090	none	5598	432035c5	512	224	0	5598
5730	1	10609177150550	none	5599	ea59fa8a	512	224	0	5599
5731	2	10609194382740	none	5600	af5cf731	512	224	0	5600
5732	3	10609211579790	none	5601	872a7487	512	224	0	5601
5733	4	10609228757850	none	5602	7b6f09ff	512	224	0	5602
5734	5	10609241944490	none	5603	872a7487	512	224	0	5603
5735	6	10609259205290	none	5604	872a7487	512	224	0	5604
5736	7	10609276526210	none	5605	872a7487	512	224	0	5605
5737	0	10609293716110	none	5606	945d53f3	512	224	0	5606
5738	1	10609310909350	none	5607	945d53f3	512	224	0	5607
5739	2	10609328141710	none	5608	227f98ab	512	224	0	5608
5740	3	10609341324480	none	5609	563a10e8	512	224	0	5609
5741	4	10609358617310	none	5610	a99a54d7	512	224	0	5610
5742	5	10609375846310	none	5611	fd9676f1	512	224	0	5611
5743	6	10609393103090	none	5612	72c8af73	512	224	0	5612
5744	7	10609410570220	none	5613	e75cd9f8	512	224	0	5613
5745	0	10609427783050	none	5614	948e75b5	512	224	0	5614
5746	1	10609445181890	none	5615	f4dacf64	512	224	0	5615
5747	2	10609458364890	none	5616	4f29f24d	512	224	0	5616
5748	3	10609475779450	none	5617	82a5cd02	512	224	0	5617
5749	4	10609493037280	none	5618	52d3e90b	512	224	0	5618
5750	5	10609510304370	none	5619	d83713ce	512	224	0	5619
5751	6	10609527605010	none	5620	b12f5f9f	512	224	0	5620
5752	7	10609544862190	none	5621	31bfe0d5	512	224	0	5621
5753	0	10609558108560	none	5622	47ec8863	512	224	0	5622
5754	1	10609575617440	none	5623	7048c423	512	224	0	5623
5755	2	10609592991790	none	5624	b5567b39	512	224	0	5624
5756	3	10609610265270	none	5625	6398b4cb	512	224	0	5625
5757	4	10609627520250	none	5626	4511aec9	512	224	0	5626
5758	5	10609644737830	none	5627	4aa0c09d	512	224	0	5627
5759	6	10609657991430	none	5628	82dc25ac	512	224	0	5628
5760	7	10609675495760	none	5629	a5fc4ca2	512	224	0	5629
5761	0	10609692753780	none	5630	b1a5ab6e	512	224	0	5630
5762	1	10609710032800	none	5631	b92b8284	512	224	0	5631
5763	2	10609727332360	none	5632	3a0e2fda	512	224	0	5632
5764	3	10609744602100	none	5633	d3af6bb6	512	224	0	5633
5765	4	10609757765160	none	5634	4dc16b77	512	224	0	5634
5766	5	10609775329490	none	5635	ed22272c	512	224	0	5635
5767	6	10609792686360	none	5636	12e65da2	512	224	0	5636
5768	7	10609810049950	none	5637	f411fa51	512	224	0	5637
5769	0	10609827310280	none	5638	3f6e448b	512	224	0	5638
5770	1	10609840626210	none	5639	cb12e066	512	224	0	5639
5771	2	10609857907360	none	5640	f6823fb0	512	224	0	5640
5772	3	10609875261150	none	5641	b6c81253	512	224	0	5641
5773	4	10609892566680	none	5642	eb24e8ff	512	224	0	5642
5774	5	10609909812400	none	5643	1d2b1343	512	224	0	5643
5775	6	10609927077870	none	5644	00fa783e	512	224	0	5644
5776	7	10609940418560	none	5645	5fff2c26	512	224	0	5645
5777	0	10609957681430	none	5646	d8f4af7d	512	224	0	5646
5778	1	10609975088130	none	5647	a11f914c	512	224	0	5647
5779	2	10609992514950	none	5648	2ae70307	512	224	0	5648
5780	3	10610009756260	none	5649	ac5ab7bc	512	224	0	5649
5781	4	10610027036910	none	5650	d846de44	512	224	0	5650
5782	5	10610040358670	none	5651	efd6902a	512	224	0	5651
5783	6	10610057619820	none	5652	d74a14d8	512	224	0	5652
5784	7	10610074948940	none	5653	b16552ef	512	224	0	5653
5785	0	10610092293700	none	5654	5c437d45	512	224	0	5654
5786	1	10610109575240	none	5655	a79f7bef	512	224	0	5655
5787	2	10610126844640	none	5656	9fee1954	512	224	0	5656
5788	3	10610140244530	none	5657	73e01580	512	224	0	5657
5789	4	10610157537670	none	5658	7c62a125	512	224	0	5658
5790	5	10610174762590	none	5659	b9192cc6	512	224	0	5659
5791	6	10610192083220	none	5660	431b3fc0	512	224	0	5660
5792	7	10610209368200	none	5661	36cd0cfa	512	224	0	5661
5793	0	10610226631560	none	5662	8672b86b	512	224	0	5662
5794	1	10610240037780	none	5663	84284447	512	224	0	5663
5795	2	10610257305800	none	5664	79dcb542	512	224	0	5664
5796	3	10610274569160	none	5665	06cb58e7	512	224	0	5665
5797	4	10610291877450	none	5666	acf3876a	512	224	0	5666
5798	5	10610309228570	none	5667	71ffcdd1	512	224	0	5667
5799	6	10610326494770	none	5668	1f7c4bbb	512	224	0	5668
5800	7	10610339803480	none	5669	6487d7c0	512	224	0	5669
5801	0	10610357111790	none	5670	3d9f1ecf	512	224	0	5670
5802	1	10610374323940	none	5671	8c52ab10	512	224	0	5671
5803	2	10610391592120	none	5672	86e8d308	512	224	0	5672
5804	3	10610408941000	none	5673	dac0cdf6	512	224	0	5673
5805	4	10610426248320	none	5674	bfdb4df4	512	224	0	5674
5806	5	10610439625500	none	5675	a1e03027	512	224	0	5675
5807	6	10610456970190	none	5676	079e41bb	512	224	0	5676
5808	7	10610474310760	none	5677	44821ca1	512	224	0	5677
5809	0	10610491868800	none	5678	c8245e5f	512	224	0	5678
5810	1	10610509153750	none	5679	4019e0ec	512	224	0	5679
5811	2	10610526386410	none	5680	01e2ac94	512	224	0	5680
5812	3	10610539599740	none	5681	29dcd5d5	512	224	0	5681
5813	4	10610556919140	none	5682	f4e1a6a0	512	224	0	5682
5814	5	10610574215340	none	5683	228d814c	512	224	0	5683
5815	6	10610591502280	none	5684	2d7eaf56	512	224	0	5684
5816	7	10610608863090	none	5685	0992ad5f	512	224	0	5685
5817	0	10610626150560	none	5686	e0632cbd	512	224	0	5686
5818	1	10610639471740	none	5687	c0a1f61e	512	224	0	5687
5819	2	10610656670150	none	5688	0b40bcc0	512	224	0	5688
5820	3	10610674006980	none	5689	ac8b3377	512	224	0	5689
5821	4	10610691239190	none	5690	1b87a1fd	512	224	0	5690
5822	5	10610708551020	none	5691	d7458937	512	224	0	5691
5823	6	10610725904490	none	5692	362ffcb2	512	224	0	5692
5824	7	10610739119240	none	5693	df4541a7	512	224	0	5693
5825	0	10610756406350	none	5694	57cfcafb	512	224	0	5694
5826	1	10610773798710	none	5695	622a429e	512	224	0	5695
5827	2	10610791080330	none	5696	2bf10259	512	224	0	5696
5828	3	10610808319400	none	5697	c79afcbf	512	224	0	5697
5829	4	10610825622130	none	5698	2bbf07be	512	224	0	5698
5830	5	10610838945650	none	5699	d40631d7	512	224	0	5699
5831	6	10610856201970	none	5700	68773dfb	512	224	0	5700
5832	7	10610873425620	none	5701	3a83cefb	512	224	0	5701
5833	0	10610890741550	none	5702	b426c4e8	512	224	0	5702
5834	1	10610907996910	none	5703	871eacfd	512	224	0	5703
5835	2	10610925369110	none	5704	a70c2203	512	224	0	5704
5836	3	10610942652950	none	5705	78dcb0ae	512	224	0	5705
5837	4	10610955864150	none	5706	93eb4504	512	224	0	5706
5838	5	10610973106230	none	5707	f1a185f3	512	224	0	5707
5839	6	10610990315090	none	5708	06a4c03a	512	224	0	5708
5840	7	10611007537230	none	5709	53109bca	512	224	0	5709
5841	0	10611024748160	none	5710	b881c28a	512	224	0	5710
5842	1	10611042123900	none	5711	eedcf7af	512	224	0	5711
5843	2	10611055333730	none	5712	ed28193d	512	224	0	5712
5844	3	10611072658680	none	5713	5a69a509	512	224	0	5713
5845	4	10611089889420	none	5714	d493e83a	512	224	0	5714
5846	5	10611107227390	none	5715	69ed5f75	512	224	0	5715
5847	6	10611124607420	none	5716	cf0276dc	512	224	0	5716
5848	7	10611142010010	none	5717	041d543b	512	224	0	5717
5849	0	10611155257470	none	5718	d4ae8e8b	512	224	0	5718
5850	1	10611172498160	none	5719	785e3e80	512	224	0	5719
5851	2	10611189692890	none	5720	e213322c	512	224	0	5720
5852	3	10611207064900	none	5721	da193c28	512	224	0	5721
5853	4	10611224317580	none	5722	372360a5	512	224	0	5722
5854	5	10611241764130	none	5723	dee1bbf3	512	224	0	5723
5855	6	10611255064240	none	5724	d22e94e9	512	224	0	5724
5856	7	10611272343490	none	5725	0df346bf	512	224	0	5725
5857	0	10611289580840	none	5726	bd74069c	512	224	0	5726
5858	1	10611306811770	none	5727	747fef0b	512	224	0	5727
5859	2	10611324077930	none	5728	99460e7c	512	224	0	5728
5860	3	10611341326340	none	5729	b39ac375	512	224	0	5729
5861	4	10611358689460	none	5730	1603c430	512	224	0	5730
5862	5	10611372053810	none	5731	a2def776	512	224	0	5731
5863	6	10611389301930	none	5732	629d8da2	512	224	0	5732
5864	7	10611406552910	none	5733	03a61ef5	512	224	0	5733
5865	0	10611423886100	none	5734	333cd480	512	224	0	5734
5866	1	10611441189080	none	5735	920cd41a	512	224	0	5735
5867	2	10611454603920	none	5736	056a71ea	512	224	0	5736
5868	3	10611471820260	none	5737	d11a4743	512	224	0	5737
5869	4	10611489075380	none	5738	7f2ecc75	512	224	0	5738
5870	5	10611506323230	none	5739	cb9728e1	512	224	0	5739
5871	6	10611523565750	none	5740	5446e14b	512	224	0	5740
5872	7	10611540873050	none	5741	d87e6644	512	224	0	5741
5873	0	10611558139000	none	5742	8f43848f	512	224	0	5742
5874	1	10611571458760	none	5743	3f050a71	512	224	0	5743
5875	2	10611588733060	none	5744	12789b16	512	224	0	5744
5876	3	10611606151950	none	5745	76ee90f9	512	224	0	5745
5877	4	10611623485780	none	5746	521e88bd	512	224	0	5746
5878	5	10611640832700	none	5747	42cb532f	512	224	0	5747
5879	6	10611658098300	none	5748	3397283d	512	224	0	5748
5880	7	10611671375980	none	5749	2fd97bc0	512	224	0	5749
5881	0	10611688599050	none	5750	708c6aa5	512	224	0	5750
5882	1	10611705908310	none	5751	56b8b3b2	512	224	0	5751
5883	2	10611723161150	none	5752	88f48ee2	512	224	0	5752
5884	3	10611740470260	none	5753	c6517507	512	224	0	5753
5885	4	10611757730300	none	5754	ce156bb2	512	224	0	5754
5886	5	10611771074650	none	5755	ce145056	512	224	0	5755
5887	6	10611788330130	none	5756	6c1fea28	512	224	0	5756
5888	7	10611805586900	none	5757	817d7613	512	224	0	5757
5889	0	10611822891950	none	5758	dc4f8473	512	224	0	5758
5890	1	10611840168820	none	5759	6ce47ba4	512	224	0	5759
5891	2	10611857416700	none	5760	ff44d7a8	512	224	0	5760
5892	3	10611870670390	none	5761	e4f2146c	512	224	0	5761
5893	4	10611887929370	none	5762	e736da31	512	224	0	5762
5894	5	10611905179450	none	5763	bdf89f42	512	224	0	5763
5895	6	10611922511840	none	5764	9da93877	512	224	0	5764
5896	7	10611940083470	none	5765	c139d2c6	512	224	0	5765
5897	0	10611957336120	none	5766	4f8cf2e5	512	224	0	5766
5898	1	10611970730670	none	5767	4aace6a8	512	224	0	5767
5899	2	10611987968330	none	5768	67e20712	512	224	0	5768
5900	3	10612005322620	none	5769	ff4d5893	512	224	0	5769
5901	4	10612022566940	none	5770	a5be8891	512	224	0	5770
5902	5	10612039932450	none	5771	9e0b1ed6	512	224	0	5771
5903	6	10612057304790	none	5772	18547367	512	224	0	5772
5904	7	10612070506770	none	5773	ea972d4f	512	224	0	5773
5905	0	10612087785460	none	5774	e6bd8978	512	224	0	5774
5906	1	10612105133580	none	5775	8103fd9d	512	224	0	5775
5907	2	10612122389500	none	5776	6a2e9290	512	224	0	5776
5908	3	10612139635830	none	5777	f3673fff	512	224	0	5777
5909	4	10612156959450	none	5778	c3f7f90d	512	224	0	5778
5910	5	10612170200340	none	5779	4107e9fa	512	224	0	5779
5911	6	10612187522600	none	5780	2e2a75c6	512	224	0	5780
5912	7	10612204751330	none	5781	e339f22b	512	224	0	5781
5913	0	10612222035970	none	5782	8bca50b7	512	224	0	5782
5914	1	10612239311360	none	5783	86946e2e	512	224	0	5783
5915	2	10612256551470	none	5784	9bcd9512	512	224	0	5784
5916	3	10612273765910	none	5785	0ed74527	512	224	0	5785
5917	4	10612287002440	none	5786	5262c001	512	224	0	5786
5918	5	10612304281110	none	5787	4ff5571b	512	224	0	5787
5919	6	10612321543290	none	5788	fb8407e0	512	224	0	5788
5920	7	10612338926920	none	5789	fd7ff344	512	224	0	5789
5921	0	10612356257540	none	5790	e0e081b1	512	224	0	5790
5922	1	10612373539790	none	5791	f38322c1	512	224	0	5791
5923	2	10612386740200	none	5792	9bbe9573	512	224	0	5792
5924	3	10612404131720	none	5793	48edecb9	512	224	0	5793
5925	4	10612421559380	none	5794	27d50958	512	224	0	5794
5926	5	10612439031120	none	5795	504d4b0e	512	224	0	5795
5927	6	10612456308610	none	5796	83c2b518	512	224	0	5796
5928	7	10612469571910	none	5797	9c5b5cb4	512	224	0	5797
5929	0	10612486789280	none	5798	58afc2bf	512	224	0	5798
5930	1	10612504029340	none	5799	8f8f27a5	512	224	0	5799
5931	2	10612521252420	none	5800	7c6190ee	512	224	0	5800
5932	3	10612538481930	none	5801	8a177963	512	224	0	5801
5933	4	10612555691070	none	5802	fe7250af	512	224	0	5802
5934	5	10612573135060	none	5803	391f1e03	512	224	0	5803
5935	6	10612586390620	none	5804	424abbbb	512	224	0	5804
5936	7	10612603672690	none	5805	8b41ac14	512	224	0	5805
5937	0	10612620921310	none	5806	59604042	512	224	0	5806
5938	1	10612638202270	none	5807	b14c7eba	512	224	0	5807
5939	2	10612655485910	none	5808	80f37bc6	512	224	0	5808
5940	3	10612672739890	none	5809	ad68da3b	512	224	0	5809
5941	4	10612686007340	none	5810	f11aa839	512	224	0	5810
5942	5	10612703270820	none	5811	53804547	512	224	0	5811
5943	6	10612720518540	none	5812	41622737	512	224	0	5812
5944	7	10612738021950	none	5813	a28829f6	512	224	0	5813
5945	0	10612755339460	none	5814	22684ea0	512	224	0	5814
5946	1	10612772573560	none	5815	f10f945c	512	224	0	5815
5947	2	10612785780750	none	5816	db44b935	512	224	0	5816
5948	3	10612803109580	none	5817	8375a1c7	512	224	0	5817
5949	4	10612820484850	none	5818	092f860e	512	224	0	5818
5950	5	10612837799460	none	5819	06d018e5	512	224	0	5819
5951	6	10612855074920	none	5820	ff9f1d70	512	224	0	5820
5952	7	10612872342430	none	5821	1f87f3eb	512	224	0	5821
5953	0	10612885569230	none	5822	502380a3	512	224	0	5822
5954	1	10612902918940	none	5823	85e1c59e	512	224	0	5823
5955	2	10612920173920	none	5824	cd6e28ff	512	224	0	5824
5956	3	10612937397770	none	5825	7c4536c3	512	224	0	5825
5957	4	10612954723040	none	5826	982d95e5	512	224	0	5826
5958	5	10612972246220	none	5827	0991f294	512	224	0	5827
5959	6	10612985486810	none	5828	af46b98e	512	224	0	5828
5960	7	10613002736370	none	5829	9f268484	512	224	0	5829
5961	0	10613020010780	none	5830	e8980a62	512	224	0	5830
5962	1	10613037429300	none	5831	4a947c6b	512	224	0	5831
5963	2	10613054617790	none	5832	c9d5c03f	512	224	0	5832
5964	3	10613071824580	none	5833	7426f95e	512	224	0	5833
5965	4	10613089104340	none	5834	04d0a44d	512	224	0	5834
5966	5	10613102427250	none	5835	f8e59c8a	512	224	0	5835
5967	6	10613119738780	none	5836	40f06891	512	224	0	5836
5968	7	10613137089000	none	5837	a421d02d	512	224	0	5837
5969	0	10613154332460	none	5838	364d708c	512	224	0	5838
5970	1	10613171575370	none	5839	fd78b294	512	224	0	5839
5971	2	10613184992740	none	5840	00638fee	512	224	0	5840
5972	3	10613202282390	none	5841	11bea664	512	224	0	5841
5973	4	10613219544710	none	5842	16473ef8	512	224	0	5842
5974	5	10613236897950	none	5843	cde409bd	512	224	0	5843
5975	6	10613254163390	none	5844	0b4b6063	512	224	0	5844
5976	7	10613271454400	none	5845	84b58936	512	224	0	5845
5977	0	10613288670180	none	5846	bf0f38d4	512	224	0	5846
5978	1	10613301986020	none	5847	d504ce43	512	224	0	5847
5979	2	10613319234650	none	5848	5c4ac94c	512	224	0	5848
5980	3	10613336493350	none	5849	2f57de8e	512	224	0	5849
5981	4	10613353740800	none	5850	ed4a544a	512	224	0	5850
5982	5	10613371120390	none	5851	865e590a	512	224	0	5851
5983	6	10613388479440	none	5852	ae10ba34	512	224	0	5852
5984	7	10613401772870	none	5853	ba0077f6	512	224	0	5853
5985	0	10613419102230	none	5854	ccf73767	512	224	0	5854
5986	1	10613436359900	none	5855	e1830528	512	224	0	5855
5987	2	10613453760270	none	5856	88f47db2	512	224	0	5856
5988	3	10613471137150	none	5857	778d80ad	512	224	0	5857
5989	4	10613488496680	none	5858	c52871fd	512	224	0	5858
5990	5	10613501779100	none	5859	7be9ad8f	512	224	0	5859
5991	6	10613519187040	none	5860	5110b321	512	224	0	5860
5992	7	10613536502690	none	5861	b429a74e	512	224	0	5861
5993	0	10613553858080	none	5862	3fe7625b	512	224	0	5862
5994	1	10613571176720	none	5863	99c46869	512	224	0	5863
5995	2	10613584351920	none	5864	59d59f3c	512	224	0	5864
5996	3	10613601601490	none	5865	95693f37	512	224	0	5865
5997	4	10613618925190	none	5866	8b140ec0	512	224	0	5866
5998	5	10613636219730	none	5867	e69c8f9a	512	224	0	5867
5999	6	10613653482040	none	5868	ffca2f95	512	224	0	5868
6000	7	10613670706310	none	5869	e4624ac1	512	224	0	5869
6001	0	10613687951610	none	5870	3aadebab	512	224	0	5870
6002	1	10613701164470	none	5871	f79a30d7	512	224	0	5871
6003	2	10613718427800	none	5872	3092ec13	512	224	0	5872
6004	3	10613735650280	none	5873	0f9713e4	512	224	0	5873
6005	4	10613752885810	none	5874	2a74d496	512	224	0	5874
6006	5	10613770165140	none	5875	7db613ec	512	224	0	5875
6007	6	10613787447040	none	5876	628b383e	512	224	0	5876
6008	7	10613800767770	none	5877	5aacf55e	512	224	0	5877
6009	0	10613817990920	none	5878	b7217a90	512	224	0	5878
6010	1	10613835256250	none	5879	c97c9ce3	512	224	0	5879
6011	2	10613852515900	none	5880	7aebea41	512	224	0	5880
6012	3	10613869733850	none	5881	2a4595df	512	224	0	5881
6013	4	10613886990820	none	5882	820f9d3d	512	224	0	5882
6014	5	10613904460250	none	5883	4ce37cfb	512	224	0	5883
6015	6	10613917663170	none	5884	cd276fe6	512	224	0	5884
6016	7	10613935088450	none	5885	bc6dcfb9	512	224	0	5885
6017	0	10613952363860	none	5886	32e291e6	512	224	0	5886
6018	1	10613969629710	none	5887	8a172578	512	224	0	5887
6019	2	10613986908820	none	5888	e2e9041a	512	224	0	5888
6020	3	10614004174600	none	5889	61747ba6	512	224	0	5889
6021	4	10614017376980	none	5890	1a4327b1	512	224	0	5890
6022	5	10614034711000	none	5891	096f3c60	512	224	0	5891
6023	6	10614051983570	none	5892	50f99064	512	224	0	5892
6024	7	10614069292750	none	5893	b4f0ccf2	512	224	0	5893
6025	0	10614086595920	none	5894	abffa4ad	512	224	0	5894
6026	1	10614103944270	none	5895	67ffb249	512	224	0	5895
6027	2	10614117141520	none	5896	b6f88986	512	224	0	5896
6028	3	10614134423510	none	5897	d9404416	512	224	0	5897
6029	4	10614151814510	none	5898	ba3c9c74	512	224	0	5898
6030	5	10614169138560	none	5899	bf27c755	512	224	0	5899
6031	6	10614186366780	none	5900	82b322e9	512	224	0	5900
6032	7	10614203774930	none	5901	316ccc74	512	224	0	5901
6033	0	10614217039090	none	5902	d156c73e	512	224	0	5902
6034	1	10614234276810	none	5903	b4949fc0	512	224	0	5903
6035	2	10614251530170	none	5904	b9b18e35	512	224	0	5904
6036	3	10614268749000	none	5905	6db0c794	512	224	0	5905
6037	4	10614286036390	none	5906	f9cb6593	512	224	0	5906
6038	5	10614303521800	none	5907	5e24f0e8	512	224	0	5907
6039	6	10614316752720	none	5908	d7db8e3b	512	224	0	5908
6040	7	10614334161800	none	5909	49af3ed9	512	224	0	5909
6041	0	10614351583400	none	5910	cbce579d	512	224	0	5910
6042	1	10614368847190	none	5911	03b95191	512	224	0	5911
6043	2	10614386112460	none	5912	8ffaee90	512	224	0	5912
6044	3	10614403365950	none	5913	87a19446	512	224	0	5913
6045	4	10614416639030	none	5914	8dbb2902	512	224	0	5914
6046	5	10614434035620	none	5915	cf78f8b1	512	224	0	5915
6047	6	10614451305000	none	5916	c798d9c5	512	224	0	5916
6048	7	10614468547050	none	5917	dbfd9251	512	224	0	5917
6049	0	10614485915350	none	5918	f53aaec7	512	224	0	5918
6050	1	10614503204170	none	5919	a65422fd	512	224	0	5919
6051	2	10614516404650	none	5920	f2ce8087	512	224	0	5920
6052	3	10614533677750	none	5921	f0ed29d2	512	224	0	5921
6053	4	10614550900990	none	5922	72644c42	512	224	0	5922
6054	5	10614568193820	none	5923	6f4e8244	512	224	0	5923
6055	6	10614585469570	none	5924	2d20e646	512	224	0	5924
6056	7	10614602841170	none	5925	e8ef0e50	512	224	0	5925
6057	0	10614616105560	none	5926	a24ad423	512	224	0	5926
6058	1	10614633410760	none	5927	981c9f43	512	224	0	5927
6059	2	10614650642110	none	5928	04087b70	512	224	0	5928
6060	3	10614667875700	none	5929	aec965e4	512	224	0	5929
6061	4	10614685189160	none	5930	7ff43624	512	224	0	5930
6062	5	10614702594170	none	5931	cab2017d	512	224	0	5931
6063	6	10614715953030	none	5932	8b80b38a	512	224	0	5932
6064	7	10614733314420	none	5933	ebb23048	512	224	0	5933
6065	0	10614750616050	none	5934	730ebc80	512	224	0	5934
6066	1	10614767985480	none	5935	0ec91b47	512	224	0	5935
6067	2	10614785239820	none	5936	6768f88d	512	224	0	5936
6068	3	10614802525080	none	5937	50e01a3a	512	224	0	5937
6069	4	10614815846160	none	5938	a74d8455	512	224	0	5938
6070	5	10614833089100	none	5939	652e0269	512	224	0	5939
6071	6	10614850386600	none	5940	67bb7961	512	224	0	5940
6072	7	10614867610070	none	5941	7163433d	512	224	0	5941
6073	0	10614884925330	none	5942	94e1544d	512	224	0	5942
6074	1	10614902229540	none	5943	1c759436	512	224	0	5943
6075	2	10614915595880	none	5944	45ebe439	512	224	0	5944
6076	3	10614932817940	none	5945	1d1af5d6	512	224	0	5945
6077	4	10614950123130	none	5946	dea12013	512	224	0	5946
6078	5	10614967407160	none	5947	6b780890	512	224	0	5947
6079	6	10614984654550	none	5948	eb5c6cb6	512	224	0	5948
6080	7	10615002079100	none	5949	19f18228	512	224	0	5949
6081	0	10615019322750	none	5950	8285f9c3	512	224	0	5950
6082	1	10615032526280	none	5951	7079aa0e	512	224	0	5951
6083	2	10615049762330	none	5952	61094881	512	224	0	5952
6084	3	10615067111520	none	5953	46758ab1	512	224	0	5953
6085	4	10615084392150	none	5954	9be1e8fa	512	224	0	5954
6086	5	10615101749270	none	5955	c8461e70	512	224	0	5955
6087	6	10615119076390	none	5956	328f743d	512	224	0	5956
6088	7	10615132321120	none	5957	bb3765bf	512	224	0	5957
6089	0	10615149578540	none	5958	df4a3d7e	512	224	0	5958
6090	1	10615166806450	none	5959	d7600048	512	224	0	5959
6091	2	10615184154350	none	5960	cc8839ad	512	224	0	5960
6092	3	10615201436540	none	5961	5effd461	512	224	0	5961
6093	4	10615218689040	none	5962	ce0f3a6c	512	224	0	5962
6094	5	10615232070040	none	5963	9009e8d9	512	224	0	5963
6095	6	10615249327640	none	5964	b9102bf0	512	224	0	5964
6096	7	10615266616000	none	5965	de2836d4	512	224	0	5965
6097	0	10615283882460	none	5966	e1b694e4	512	224	0	5966
6098	1	10615301140780	none	5967	0cf01f00	512	224	0	5967
6099	2	10615318386210	none	5968	2d41afb0	512	224	0	5968
6100	3	10615331529950	none	5969	d1d7afb4	512	224	0	5969
6101	4	10615348737550	none	5970	88c81da3	512	224	0	5970
6102	5	10615366072310	none	5971	555fb042	512	224	0	5971
6103	6	10615383281660	none	5972	27011085	512	224	0	5972
6104	7	10615400601010	none	5973	09c50a82	512	224	0	5973
6105	0	10615417930260	none	5974	385ed5f3	512	224	0	5974
6106	1	10615435156350	none	5975	8c1ff891	512	224	0	5975
6107	2	10615448329050	none	5976	27abe9b1	512	224	0	5976
6108	3	10615465560620	none	5977	c1b6f6d7	512	224	0	5977
6109	4	10615482806880	none	5978	49bb9a55	512	224	0	5978
6110	5	10615500671220	none	5979	54b95064	512	224	0	5979
6111	6	10615517968510	none	5980	4640fb3d	512	224	0	5980
6112	7	10615531156600	none	5981	2fcb9262	512	224	0	5981
6113	0	10615548496040	none	5982	ae617ee7	512	224	0	5982
6114	1	10615565684400	none	5983	9e07c59f	512	224	0	5983
6115	2	10615583015440	none	5984	574bc307	512	224	0	5984
6116	3	10615600406430	none	5985	e6aaa668	512	224	0	5985
6117	4	10615617638430	none	5986	1995d247	512	224	0	5986
6118	5	10615634855570	none	5987	ac4e656e	512	224	0	5987
6119	6	10615648061730	none	5988	54f7f0f3	512	224	0	5988
6120	7	10615665279720	none	5989	c5fe5bc6	512	224	0	5989
6121	0	10615682562270	none	5990	450af017	512	224	0	5990
6122	1	10615699993530	none	5991	007bc378	512	224	0	5991
6123	2	10615717271630	none	5992	c8abf024	512	224	0	5992
6124	3	10615734531930	none	5993	73c8d695	512	224	0	5993
6125	4	10615747809330	none	5994	05f95908	512	224	0	5994
6126	5	10615765113250	none	5995	0bcacb41	512	224	0	5995
6127	6	10615782467740	none	5996	7da4098a	512	224	0	5996
6128	7	10615799811280	none	5997	fab2b612	512	224	0	5997
6129	0	10615817081570	none	5998	16291cbc	512	224	0	5998
6130	1	10615834396360	none	5999	9a076ba8	512	224	0	5999
6131	2	10615847591610	none	6000	aaa386a5	512	224	0	6000
6132	3	10615864907620	none	6001	4d54b041	512	224	0	6001
6133	4	10615882181400	none	6002	901ea4d9	512	224	0	6002
6134	5	10615899620320	none	6003	e4739f20	512	224	0	6003
6135	6	10615916977910	none	6004	b6871bc5	512	224	0	6004
6136	7	10615934241410	none	6005	152af20b	512	224	0	6005
6137	0	10615947444320	none	6006	9d533041	512	224	0	6006
6138	1	10615964742980	none	6007	17e2953c	512	224	0	6007
6139	2	10615982007800	none	6008	237aa93d	512	224	0	6008
6140	3	10615999292620	none	6009	abebd89c	512	224	0	6009
6141	4	10616016564390	none	6010	fd8ee16c	512	224	0	6010
6142	5	10616033780770	none	6011	a48fdd92	512	224	0	6011
6143	6	10616046994340	none	6012	8c3efd32	512	224	0	6012
6144	7	10616064233790	none	6013	c358cf98	512	224	0	6013
6145	0	10616081474870	none	6014	bf66cbe7	512	224	0	6014
6146	1	10616098808270	none	6015	7e9c681d	512	224	0	6015
6147	2	10616116196780	none	6016	2995334b	512	224	0	6016
6148	3	10616133510270	none	6017	b3f8b081	512	224	0	6017
6149	4	10616150760620	none	6018	7a96696a	512	224	0	6018
6150	5	10616164129970	none	6019	8b6d92d4	512	224	0	6019
6151	6	10616181420300	none	6020	280816cc	512	224	0	6020
6152	7	10616198862400	none	6021	ca0999bf	512	224	0	6021
6153	0	10616216139470	none	6022	a3fcd728	512	224	0	6022
6154	1	10616233446220	none	6023	c1a36d3c	512	224	0	6023
6155	2	10616246640710	none	6024	51cbf48f	512	224	0	6024
6156	3	10616263898770	none	6025	496b9ff3	512	224	0	6025
6157	4	10616281139150	none	6026	393aa86f	512	224	0	6026
6158	5	10616298496240	none	6027	bbdc4ee1	512	224	0	6027
6159	6	10616315776550	none	6028	7167e7b0	512	224	0	6028
6160	7	10616333145600	none	6029	fd7afe88	512	224	0	6029
6161	0	10616350460860	none	6030	2a2967a5	512	224	0	6030
6162	1	10616363794790	none	6031	b096e47c	512	224	0	6031
6163	2	10616381110110	none	6032	dd96d995	512	224	0	6032
6164	3	10616398368950	none	6033	6e9f6429	512	224	0	6033
6165	4	10616415568340	none	6034	45b19d84	512	224	0	6034
6166	5	10616432766560	none	6035	8fa16845	512	224	0	6035
6167	6	10616450018820	none	6036	bd22ca5f	512	224	0	6036
6168	7	10616463305380	none	6037	8431273f	512	224	0	6037
6169	0	10616480516290	none	6038	f78c75e1	512	224	0	6038
6170	1	10616497802560	none	6039	2f2b3ffe	512	224	0	6039
6171	2	10616515102100	none	6040	ae33bc74	512	224	0	6040
6172	3	10616532329880	none	6041	db9520c9	512	224	0	6041
6173	4	10616549567780	none	6042	5d714a45	512	224	0	6042
6174	5	10616566801250	none	6043	ba5c0ebe	512	224	0	6043
6175	6	10616580073560	none	6044	140594ee	512	224	0	6044
6176	7	10616597565360	none	6045	e3ce511a	512	224	0	6045
6177	0	10616614933100	none	6046	89d4148a	512	224	0	6046
6178	1	10616632175990	none	6047	98b645f6	512	224	0	6047
6179	2	10616649442660	none	6048	81442bef	512	224	0	6048
6180	3	10616662642130	none	6049	a35dca4e	512	224	0	6049
6181	4	10616679893810	none	6050	b6950451	512	224	0	6050
6182	5	10616697312340	none	6051	834945da	512	224	0	6051
6183	6	10616714560910	none	6052	3f8db971	512	224	0	6052
6184	7	10616731829640	none	6053	6a176ca5	512	224	0	6053
6185	0	10616749105120	none	6054	a32a33d4	512	224	0	6054
6186	1	10616762465300	none	6055	43e2a9a5	512	224	0	6055
6187	2	10616779667330	none	6056	1f09a3d5	512	224	0	6056
6188	3	10616797024140	none	6057	c196e0cd	512	224	0	6057
6189	4	10616814276250	none	6058	800085fa	512	224	0	6058
6190	5	10616831506340	none	6059	a227e109	512	224	0	6059
6191	6	10616848758970	none	6060	f99cd141	512	224	0	6060
6192	7	10616866200780	none	6061	96018617	512	224	0	6061
6193	0	10616879398440	none	6062	101938cf	512	224	0	6062
6194	1	10616896760430	none	6063	0ca8c5f9	512	224	0	6063
6195	2	10616914021330	none	6064	5cf2f72b	512	224	0	6064
6196	3	10616931326480	none	6065	bf93352d	512	224	0	6065
6197	4	10616948560040	none	6066	ccbb9a1f	512	224	0	6066
6198	5	10616965805400	none	6067	b5b5b3ef	512	224	0	6067
6199	6	10616979023220	none	6068	ee0bc420	512	224	0	6068
6200	7	10616996442220	none	6069	b70678f5	512	224	0	6069
6201	0	10617013732120	none	6070	5a2bceaf	512	224	0	6070
6202	1	10617031011730	none	6071	99ae6511	512	224	0	6071
6203	2	10617048246770	none	6072	cb35be67	512	224	0	6072
6204	3	10617065478170	none	6073	5d9049e6	512	224	0	6073
6205	4	10617078646700	none	6074	05d0f459	512	224	0	6074
6206	5	10617095846240	none	6075	76989683	512	224	0	6075
6207	6	10617113066310	none	6076	6de14ec7	512	224	0	6076
6208	7	10617130261600	none	6077	d7972d77	512	224	0	6077
6209	0	10617147476580	none	6078	05d0f459	512	224	0	6078
6210	1	10617164661360	none	6079	76989683	512	224	0	6079
6211	2	10617181883250	none	6080	5e3f700f	512	224	0	6080
6212	3	10617195072810	none	6081	067fcdb0	512	224	0	6081
6213	4	10617212288080	none	6082	c28899ae	512	224	0	6082
6214	5	10617229638900	none	6083	089c5c7a	512	224	0	6083
6215	6	10617247003080	none	6084	5e3f700f	512	224	0	6084
6216	7	10617264356960	none	6085	5e3f700f	512	224	0	6085
6217	0	10617281568810	none	6086	5e3f700f	512	224	0	6086
6218	1	10617298899460	none	6087	9dbadbb1	512	224	0	6087
6219	2	10617312087080	none	6088	089c5c7a	512	224	0	6088
6220	3	10617329287320	none	6089	2d7712d5	512	224	0	6089
6221	4	10617346507500	none	6090	5e3f700f	512	224	0	6090
6222	5	10617363706070	none	6091	2d7712d5	512	224	0	6091
6223	6	10617381065120	none	6092	5e3f700f	512	224	0	6092
6224	7	10617398276900	none	6093	8c78a921	512	224	0	6093
6225	0	10617411546370	none	6094	5e3f700f	512	224	0	6094
6226	1	10617428730900	none	6095	360eca91	512	224	0	6095
6227	2	10617446031040	none	6096	6de14ec7	512	224	0	6096
6228	3	10617463243370	none	6097	5d9049e6	512	224	0	6097
6229	4	10617480467510	none	6098	05d0f459	512	224	0	6098
6230	5	10617497693150	none	6099	76989683	512	224	0	6099
6231	6	10617515007240	none	6100	76989683	512	224	0	6100
6232	7	10617528197130	none	6101	05d0f459	512	224	0	6101
6233	0	10617545413020	none	6102	05d0f459	512	224	0	6102
6234	1	10617562625850	none	6103	05d0f459	512	224	0	6103
6235	2	10617579812360	none	6104	a2f27a8e	512	224	0	6104
6236	3	10617597036170	none	6105	937f823a	512	224	0	6105
6237	4	10617614431480	none	6106	937f823a	512	224	0	6106
6238	5	10617631608840	none	6107	fb4e38a4	512	224	0	6107
6239	6	10617644778630	none	6108	5d9ac804	512	224	0	6108
6240	7	10617662062190	none	6109	937f823a	512	224	0	6109
6241	0	10617679267350	none	6110	937f823a	512	224	0	6110
6242	1	10617696493810	none	6111	b2224101	512	224	0	6111
6243	2	10617713720090	none	6112	92f784dc	512	224	0	6112
6244	3	10617730953540	none	6113	2c04e880	512	224	0	6113
6245	4	10617744146110	none	6114	cb1638a9	512	224	0	6114
6246	5	10617761399930	none	6115	5aefce04	512	224	0	6115
6247	6	10617778612990	none	6116	0b6b2059	512	224	0	6116
6248	7	10617795959950	none	6117	c58e6a67	512	224	0	6117
6249	0	10617813172260	none	6118	0b6b2059	512	224	0	6118
6250	1	10617830394760	none	6119	0b6b2059	512	224	0	6119
6251	2	10617847592600	none	6120	0b6b2059	512	224	0	6120
6252	3	10617860754620	none	6121	5dc80c2c	512	224	0	6121
6253	4	10617877985480	none	6122	eb50e5db	512	224	0	6122
6254	5	10617895198340	none	6123	0b6b2059	512	224	0	6123
6255	6	10617912405070	none	6124	bb03d918	512	224	0	6124
6256	7	10617929632740	none	6125	e34364a7	512	224	0	6125
6257	0	10617946898630	none	6126	7ff48d06	512	224	0	6126
6258	1	10617964140600	none	6127	e34364a7	512	224	0	6127
6259	2	10617977344320	none	6128	900b067d	512	224	0	6128
6260	3	10617994531070	none	6129	2da62e99	512	224	0	6129
6261	4	10618011708670	none	6130	7ff48d06	512	224	0	6130
6262	5	10618029130110	none	6131	e34364a7	512	224	0	6131
6263	6	10618046375340	none	6132	32aeb3eb	512	224	0	6132
6264	7	10618063672810	none	6133	32aeb3eb	512	224	0	6133
6265	0	10618080940480	none	6134	6704c292	512	224	0	6134
6266	1	10618094126050	none	6135	9b41bfea	512	224	0	6135
6267	2	10618111359660	none	6136	f3700574	512	224	0	6136
6268	3	10618128548830	none	6137	9b41bfea	512	224	0	6137
6269	4	10618145720610	none	6138	7b7a7a68	512	224	0	6138
6270	5	10618162961800	none	6139	f3700574	512	224	0	6139
6271	6	10618180173610	none	6140	083c89e8	512	224	0	6140
6272	7	10618197379490	none	6141	cbb92256	512	224	0	6141
6273	0	10618210529220	none	6142	a7d7fa4b	512	224	0	6142
6274	1	10618227708580	none	6143	083c89e8	512	224	0	6143
6275	2	10618244929670	none	6144	7b74eb32	512	224	0	6144
6276	3	10618262269980	none	6145	083c89e8	512	224	0	6145
6277	4	10618279489130	none	6146	f479f490	512	224	0	6146
6278	5	10618296770650	none	6147	a12271b5	512	224	0	6147
6279	6	10618309983440	none	6148	aa097d02	512	224	0	6148
6280	7	10618327208170	none	6149	6d6274fb	512	224	0	6149
6281	0	10618344442860	none	6150	81c5ad57	512	224	0	6150
6282	1	10618361667650	none	6151	4e732993	512	224	0	6151
6283	2	10618378904870	none	6152	6a610c32	512	224	0	6152
6284	3	10618396154280	none	6153	7db82ea8	512	224	0	6153
6285	4	10618413399690	none	6154	188829ba	512	224	0	6154
6286	5	10618426560530	none	6155	3254caeb	512	224	0	6155
6287	6	10618444046630	none	6156	f3c498fa	512	224	0	6156
6288	7	10618461323580	none	6157	8a5970ff	512	224	0	6157
6289	0	10618478556000	none	6158	bc0e1998	512	224	0	6158
6290	1	10618495914800	none	6159	4daf6ed9	512	224	0	6159
6291	2	10618513239890	none	6160	d93a4bfd	512	224	0	6160
6292	3	10618526461540	none	6161	5b5380cd	512	224	0	6161
6293	4	10618543702600	none	6162	4c93e9f0	512	224	0	6162
6294	5	10618560952890	none	6163	79b49ed6	512	224	0	6163
6295	6	10618578195790	none	6164	760e5b34	512	224	0	6164
6296	7	10618595462760	none	6165	55a6d13a	512	224	0	6165
6297	0	10618612989290	none	6166	85a01d8a	512	224	0	6166
6298	1	10618626256170	none	6167	6daa3f8f	512	224	0	6167
6299	2	10618643517790	none	6168	a237dbbe	512	224	0	6168
6300	3	10618660699090	none	6169	303d4885	512	224	0	6169
6301	4	10618677985570	none	6170	cd502ee8	512	224	0	6170
6302	5	10618695268400	none	6171	837334eb	512	224	0	6171
6303	6	10618712545350	none	6172	6ae00279	512	224	0	6172
6304	7	10618729861420	none	6173	0d3f15e3	512	224	0	6173
6305	0	10618743156640	none	6174	707987f0	512	224	0	6174
6306	1	10618760425190	none	6175	03d0b08f	512	224	0	6175
6307	2	10618777649110	none	6176	57e7a813	512	224	0	6176
6308	3	10618794927280	none	6177	929f5bdc	512	224	0	6177
6309	4	10618812169740	none	6178	9faed8d9	512	224	0	6178
6310	5	10618829428510	none	6179	9104e729	512	224	0	6179
6311	6	10618842718320	none	6180	1e846aa7	512	224	0	6180
6312	7	10618860029930	none	6181	409577e3	512	224	0	6181
6313	0	10618877256590	none	6182	2d044068	512	224	0	6182
6314	1	10618894504640	none	6183	c2dfffc3	512	224	0	6183
6315	2	10618911959840	none	6184	2a11533d	512	224	0	6184
6316	3	10618929226180	none	6185	f0a330dc	512	224	0	6185
6317	4	10618942493590	none	6186	ccd01c01	512	224	0	6186
6318	5	10618959726940	none	6187	4515c6e4	512	224	0	6187
6319	6	10618977248940	none	6188	9d37ac30	512	224	0	6188
6320	7	10618994548690	none	6189	e4a92fed	512	224	0	6189
6321	0	10619011797770	none	6190	71a175f6	512	224	0	6190
6322	1	10619029205620	none	6191	f7019bc3	512	224	0	6191
6323	2	10619042428560	none	6192	545ddac8	512	224	0	6192
6324	3	10619059648070	none	6193	937c728c	512	224	0	6193
6325	4	10619076880310	none	6194	2c17bcd3	512	224	0	6194
6326	5	10619094121970	none	6195	be0d1112	512	224	0	6195
6327	6	10619111393080	none	6196	a7dd5b98	512	224	0	6196
6328	7	10619128595050	none	6197	a6b470fb	512	224	0	6197
6329	0	10619145840510	none	6198	8b73c5fd	512	224	0	6198
6330	1	10619159111560	none	6199	bdc17a75	512	224	0	6199
6331	2	10619176408350	none	6200	5e88aecd	512	224	0	6200
6332	3	10619193636770	none	6201	4e3581b0	512	224	0	6201
6333	4	10619210980840	none	6202	e6a1ccb9	512	224	0	6202
6334	5	10619228220600	none	6203	62b7fa4c	512	224	0	6203
6335	6	10619245476340	none	6204	ffb7cec2	512	224	0	6204
6336	7	10619258756120	none	6205	b1940e05	512	224	0	6205
6337	0	10619276087450	none	6206	bc377ff4	512	224	0	6206
6338	1	10619293350540	none	6207	5ca2ab7e	512	224	0	6207
6339	2	10619310720810	none	6208	18f72648	512	224	0	6208
6340	3	10619328010100	none	6209	c9c601fd	512	224	0	6209
6341	4	10619345229900	none	6210	d4224366	512	224	0	6210
6342	5	10619358487320	none	6211	3efe0219	512	224	0	6211
6343	6	10619375793760	none	6212	09670ad1	512	224	0	6212
6344	7	10619393151740	none	6213	099f6f19	512	224	0	6213
6345	0	10619410541830	none	6214	3e60b423	512	224	0	6214
6346	1	10619427793480	none	6215	60196278	512	224	0	6215
6347	2	10619445236780	none	6216	65d84339	512	224	0	6216
6348	3	10619458523050	none	6217	b600fb26	512	224	0	6217
6349	4	10619475822080	none	6218	b81a9626	512	224	0	6218
6350	5	10619493157620	none	6219	2434d1e0	512	224	0	6219
6351	6	10619510444760	none	6220	9752c7e1	512	224	0	6220
6352	7	10619527701050	none	6221	1b3729ee	512	224	0	6221
6353	0	10619545186230	none	6222	1f43e949	512	224	0	6222
6354	1	10619558403020	none	6223	f4f82e00	512	224	0	6223
6355	2	10619575735340	none	6224	9243b761	512	224	0	6224
6356	3	10619593015230	none	6225	580cef6b	512	224	0	6225
6357	4	10619610282740	none	6226	87c388c9	512	224	0	6226
6358	5	10619627523960	none	6227	e6f63c36	512	224	0	6227
6359	6	10619644743500	none	6228	a837469e	512	224	0	6228
6360	7	10619658026460	none	6229	f30e6958	512	224	0	6229
6361	0	10619675413110	none	6230	be1ef01a	512	224	0	6230
6362	1	10619692737700	none	6231	0a120365	512	224	0	6231
6363	2	10619710087390	none	6232	acf5f3b0	512	224	0	6232
6364	3	10619727383600	none	6233	aa3da623	512	224	0	6233
6365	4	10619744625080	none	6234	98981f3e	512	224	0	6234
6366	5	10619757808290	none	6235	f235d2fa	512	224	0	6235
6367	6	10619775067650	none	6236	c2b1562a	512	224	0	6236
6368	7	10619792356410	none	6237	8e343780	512	224	0	6237
6369	0	10619809748860	none	6238	d0d19c04	512	224	0	6238
6370	1	10619827034290	none	6239	380d0965	512	224	0	6239
6371	2	10619844253880	none	6240	959a129a	512	224	0	6240
6372	3	10619857479180	none	6241	fa32e2e5	512	224	0	6241
6373	4	10619874745640	none	6242	380d0a5d	512	224	0	6242
6374	5	10619892066590	none	6243	2806c987	512	224	0	6243
6375	6	10619909464280	none	6244	d0bd8fd1	512	224	0	6244
6376	7	10619926690620	none	6245	30672278	512	224	0	6245
6377	0	10619944074550	none	6246	ead83783	512	224	0	6246
6378	1	10619957273520	none	6247	567783c8	512	224	0	6247
6379	2	10619974582670	none	6248	686f0232	512	224	0	6248
6380	3	10619991906520	none	6249	6bc64c33	512	224	0	6249
6381	4	10620009414320	none	6250	acb836cb	512	224	0	6250
6382	5	10620026676090	none	6251	a8924576	512	224	0	6251
6383	6	10620044084970	none	6252	3c397e78	512	224	0	6252
6384	7	10620057273720	none	6253	24a89c1d	512	224	0	6253
6385	0	10620074568670	none	6254	44d15376	512	224	0	6254
6386	1	10620091906120	none	6255	dd3871f6	512	224	0	6255
6387	2	10620109243550	none	6256	9aa03cf3	512	224	0	6256
6388	3	10620126531080	none	6257	60a754bf	512	224	0	6257
6389	4	10620143781680	none	6258	05ed894c	512	224	0	6258
6390	5	10620156991480	none	6259	0691434f	512	224	0	6259
6391	6	10620174377820	none	6260	f811bcf5	512	224	0	6260
6392	7	10620191671560	none	6261	0b647ed6	512	224	0	6261
6393	0	10620209110480	none	6262	23b6fd94	512	224	0	6262
6394	1	10620226380700	none	6263	aa08243b	512	224	0	6263
6395	2	10620243609700	none	6264	cb044180	512	224	0	6264
6396	3	10620256929350	none	6265	569bc5a2	512	224	0	6265
6397	4	10620274208540	none	6266	5b57fc4e	512	224	0	6266
6398	5	10620291545860	none	6267	62a57827	512	224	0	6267
6399	6	10620309054320	none	6268	5defe0b0	512	224	0	6268
6400	7	10620326448840	none	6269	be881f8c	512	224	0	6269
6401	0	10620343675640	none	6270	36845150	512	224	0	6270
6402	1	10620356889410	none	6271	b2a4681b	512	224	0	6271
6403	2	10620374116500	none	6272	294d88bb	512	224	0	6272
6404	3	10620391355660	none	6273	39d9248c	512	224	0	6273
6405	4	10620408715630	none	6274	9fede53d	512	224	0	6274
6406	5	10620426023840	none	6275	f32ad1c7	512	224	0	6275
6407	6	10620443389200	none	6276	188d9d6c	512	224	0	6276
6408	7	10620456591040	none	6277	f5e8b789	512	224	0	6277
6409	0	10620473831300	none	6278	854ecd5f	512	224	0	6278
6410	1	10620491090390	none	6279	5c548366	512	224	0	6279
6411	2	10620508340760	none	6280	89e39744	512	224	0	6280
6412	3	10620525646800	none	6281	6ce1552e	512	224	0	6281
6413	4	10620542919890	none	6282	7edfd420	512	224	0	6282
6414	5	10620556331880	none	6283	7f5d5088	512	224	0	6283
6415	6	10620574010930	none	6284	f3de70b9	512	224	0	6284
6416	7	10620591259810	none	6285	1837aeeb	512	224	0	6285
6417	0	10620608585430	none	6286	a8817c9b	512	224	0	6286
6418	1	10620626070340	none	6287	1f30f42c	512	224	0	6287
6419	2	10620643341890	none	6288	18581eb1	512	224	0	6288
6420	3	10620656531640	none	6289	4e559a1b	512	224	0	6289
6421	4	10620673797310	none	6290	11c5206c	512	224	0	6290
6422	5	10620691190920	none	6291	6571eaf0	512	224	0	6291
6423	6	10620708639820	none	6292	ea302f9b	512	224	0	6292
6424	7	10620725959090	none	6293	efe3b384	512	224	0	6293
6425	0	10620743248470	none	6294	7eadd9e3	512	224	0	6294
6426	1	10620756513400	none	6295	1ddd5dd3	512	224	0	6295
6427	2	10620773800680	none	6296	6c322956	512	224	0	6296
6428	3	10620791075370	none	6297	62b182e9	512	224	0	6297
6429	4	10620808329590	none	6298	ebc27979	512	224	0	6298
6430	5	10620825661000	none	6299	246c59ac	512	224	0	6299
6431	6	10620842937580	none	6300	8e075dc9	512	224	0	6300
6432	7	10620856158630	none	6301	5178e521	512	224	0	6301
6433	0	10620873404050	none	6302	1b4f707c	512	224	0	6302
6434	1	10620890674740	none	6303	97fa6e9d	512	224	0	6303
6435	2	10620908110590	none	6304	dcbd7936	512	224	0	6304
6436	3	10620925607250	none	6305	4f70a568	512	224	0	6305
6437	4	10620938899470	none	6306	dc00c6ca	512	224	0	6306
6438	5	10620956142640	none	6307	79786534	512	224	0	6307
6439	6	10620973396150	none	6308	d3de3a03	512	224	0	6308
6440	7	10620990601960	none	6309	d7208f01	512	224	0	6309
6441	0	10621007864100	none	6310	5bf7cf75	512	224	0	6310
6442	1	10621025373770	none	6311	6971fd24	512	224	0	6311
6443	2	10621042731290	none	6312	af0c1b10	512	224	0	6312
6444	3	10621055960180	none	6313	6b6ae602	512	224	0	6313
6445	4	10621073196220	none	6314	b787ffec	512	224	0	6314
6446	5	10621090448170	none	6315	7ce7d1e8	512	224	0	6315
6447	6	10621107699450	none	6316	eceb6340	512	224	0	6316
6448	7	10621124953430	none	6317	021041a2	512	224	0	6317
6449	0	10621142257390	none	6318	1ae8de65	512	224	0	6318
6450	1	10621155462430	none	6319	687f7076	512	224	0	6319
6451	2	10621172683510	none	6320	db612f34	512	224	0	6320
6452	3	10621190051010	none	6321	d0779d55	512	224	0	6321
6453	4	10621207374230	none	6322	78cb4863	512	224	0	6322
6454	5	10621224587150	none	6323	8dd5533e	512	224	0	6323
6455	6	10621241918110	none	6324	41d649dd	512	224	0	6324
6456	7	10621255144150	none	6325	cf0c604d	512	224	0	6325
6457	0	10621272390930	none	6326	29b6b873	512	224	0	6326
6458	1	10621289613840	none	6327	5217257a	512	224	0	6327
6459	2	10621307026880	none	6328	834270bb	512	224	0	6328
6460	3	10621324319660	none	6329	5ae63a4f	512	224	0	6329
6461	4	10621341564140	none	6330	e831ce87	512	224	0	6330
6462	5	10621354893380	none	6331	650196b7	512	224	0	6331
6463	6	10621372183940	none	6332	cd2540cc	512	224	0	6332
6464	7	10621389428980	none	6333	455a8970	512	224	0	6333
6465	0	10621406731870	none	6334	d55bb454	512	224	0	6334
6466	1	10621424123270	none	6335	81fef8be	512	224	0	6335
6467	2	10621441361240	none	6336	4eddcaf4	512	224	0	6336
6468	3	10621458710710	none	6337	0f993531	512	224	0	6337
6469	4	10621472103900	none	6338	c0defa06	512	224	0	6338
6470	5	10621489356560	none	6339	186c94ae	512	224	0	6339
6471	6	10621506727470	none	6340	fdf6aeb6	512	224	0	6340
6472	7	10621524189300	none	6341	bc30f181	512	224	0	6341
6473	0	10621541439120	none	6342	7ec6f62c	512	224	0	6342
6474	1	10621554705270	none	6343	94a5f843	512	224	0	6343
6475	2	10621571953510	none	6344	d221b0a1	512	224	0	6344
6476	3	10621589173810	none	6345	3f41499d	512	224	0	6345
6477	4	10621606431950	none	6346	accbd917	512	224	0	6346
6478	5	10621623736380	none	6347	9046ff1f	512	224	0	6347
6479	6	10621641016570	none	6348	d3d82af6	512	224	0	6348
6480	7	10621658323820	none	6349	7cd2461c	512	224	0	6349
6481	0	10621671571970	none	6350	9efb56ae	512	224	0	6350
6482	1	10621688824150	none	6351	dc92dffe	512	224	0	6351
6483	2	10621706061680	none	6352	3b15b8c6	512	224	0	6352
6484	3	10621723422710	none	6353	db9f1040	512	224	0	6353
6485	4	10621740640660	none	6354	b80d1b31	512	224	0	6354
6486	5	10621758038910	none	6355	b844bba0	512	224	0	6355
6487	6	10621771368610	none	6356	b2c6a541	512	224	0	6356
6488	7	10621788737750	none	6357	fc2a4d21	512	224	0	6357
6489	0	10621806032200	none	6358	062cfa1e	512	224	0	6358
6490	1	10621823420160	none	6359	6acb9e11	512	224	0	6359
6491	2	10621840784580	none	6360	f360e4ae	512	224	0	6360
6492	3	10621858019950	none	6361	e7a33852	512	224	0	6361
6493	4	10621871366460	none	6362	9b1e497e	512	224	0	6362
6494	5	10621888575930	none	6363	3d418076	512	224	0	6363
6495	6	10621905937530	none	6364	44d661bd	512	224	0	6364
6496	7	10621923350080	none	6365	b81366a8	512	224	0	6365
6497	0	10621940715230	none	6366	3cfdb678	512	224	0	6366
6498	1	10621954021350	none	6367	f37930fa	512	224	0	6367
6499	2	10621971349450	none	6368	6716e7a6	512	224	0	6368
6500	3	10621988554260	none	6369	0b1052a1	512	224	0	6369
6501	4	10622005848940	none	6370	012ff243	512	224	0	6370
6502	5	10622023349720	none	6371	e95aba2b	512	224	0	6371
6503	6	10622040560340	none	6372	28848164	512	224	0	6372
6504	7	10622053752230	none	6373	fdc71ef8	512	224	0	6373
6505	0	10622071025310	none	6374	7e19f82b	512	224	0	6374
6506	1	10622088269370	none	6375	592a544e	512	224	0	6375
6507	2	10622105482390	none	6376	1c2b6f68	512	224	0	6376
6508	3	10622122872240	none	6377	d2850f86	512	224	0	6377
6509	4	10622140278690	none	6378	f60f31a5	512	224	0	6378
6510	5	10622157512670	none	6379	1d290183	512	224	0	6379
6511	6	10622170851970	none	6380	427eb674	512	224	0	6380
6512	7	10622188122820	none	6381	d0b9b3db	512	224	0	6381
6513	0	10622205380400	none	6382	262962e9	512	224	0	6382
6514	1	10622222760500	none	6383	8ab3c28d	512	224	0	6383
6515	2	10622240054390	none	6384	13824b17	512	224	0	6384
6516	3	10622257366220	none	6385	329d1fa9	512	224	0	6385
6517	4	10622270552140	none	6386	d85a65ee	512	224	0	6386
6518	5	10622288073190	none	6387	0e4fed48	512	224	0	6387
6519	6	10622305338550	none	6388	7aae0bd3	512	224	0	6388
6520	7	10622322657810	none	6389	0a4a9a8f	512	224	0	6389
6521	0	10622339955820	none	6390	67290d54	512	224	0	6390
6522	1	10622357213650	none	6391	e4e6749e	512	224	0	6391
6523	2	10622370458600	none	6392	68a7a72e	512	224	0	6392
6524	3	10622387699870	none	6393	4c410e16	512	224	0	6393
6525	4	10622404974300	none	6394	0c04d601	512	224	0	6394
6526	5	10622422378410	none	6395	814acbf2	512	224	0	6395
6527	6	10622439586490	none	6396	2f12f251	512	224	0	6396
6528	7	10622456828830	none	6397	deafcb08	512	224	0	6397
6529	0	10622470011050	none	6398	0ba95688	512	224	0	6398
6530	1	10622487222330	none	6399	75fce731	512	224	0	6399
6531	2	10622504489870	none	6400	4b148a96	512	224	0	6400
6532	3	10622521848010	none	6401	e86d8409	512	224	0	6401
6533	4	10622539092210	none	6402	508faff6	512	224	0	6402
6534	5	10622556371950	none	6403	c24deb46	512	224	0	6403
6535	6	10622569584120	none	6404	937442b3	512	224	0	6404
6536	7	10622586819600	none	6405	08e2d7fd	512	224	0	6405
6537	0	10622604087190	none	6406	5219bfd3	512	224	0	6406
6538	1	10622621467510	none	6407	94a2b407	512	224	0	6407
6539	2	10622638701120	none	6408	f0def965	512	224	0	6408
6540	3	10622655968190	none	6409	309bcd1f	512	224	0	6409
6541	4	10622673181930	none	6410	e32286c1	512	224	0	6410
6542	5	10622686430560	none	6411	65817463	512	224	0	6411
6543	6	10622703680090	none	6412	1ba88e9d	512	224	0	6412
6544	7	10622720982430	none	6413	d5e6cf85	512	224	0	6413
6545	0	10622738252920	none	6414	efd00330	512	224	0	6414
6546	1	10622755644330	none	6415	ae1ef955	512	224	0	6415
6547	2	10622773006330	none	6416	8dcc820b	512	224	0	6416
6548	3	10622786253860	none	6417	0a25c897	512	224	0	6417
6549	4	10622803458010	none	6418	af6be0c9	512	224	0	6418
6550	5	10622820674410	none	6419	15f73b92	512	224	0	6419
6551	6	10622837927250	none	6420	ede76015	512	224	0	6420
6552	7	10622855174890	none	6421	1ecd79be	512	224	0	6421
6553	0	10622872409640	none	6422	8ac00100	512	224	0	6422
6554	1	10622885682920	none	6423	afe61b23	512	224	0	6423
6555	2	10622902977240	none	6424	772c92ee	512	224	0	6424
6556	3	10622920343480	none	6425	5753f81f	512	224	0	6425
6557	4	10622937557700	none	6426	e12e8b35	512	224	0	6426
6558	5	10622954821010	none	6427	58141116	512	224	0	6427
6559	6	10622972071660	none	6428	f9caf24a	512	224	0	6428
6560	7	10622989334100	none	6429	d82be78e	512	224	0	6429
6561	0	10623002537910	none	6430	9d60bf61	512	224	0	6430
6562	1	10623019883160	none	6431	efdac232	512	224	0	6431
6563	2	10623037179770	none	6432	ee0ab0b0	512	224	0	6432
6564	3	10623054506050	none	6433	b78ca954	512	224	0	6433
6565	4	10623071738760	none	6434	d1e528c6	512	224	0	6434
6566	5	10623088980470	none	6435	14a16770	512	224	0	6435
6567	6	10623102203210	none	6436	a7a1c497	512	224	0	6436
6568	7	10623119456010	none	6437	6a262197	512	224	0	6437
6569	0	10623136701540	none	6438	9046f8ca	512	224	0	6438
6570	1	10623154078120	none	6439	a9c8cbbd	512	224	0	6439
6571	2	10623171315480	none	6440	4bd5cd15	512	224	0	6440
6572	3	10623188577890	none	6441	030a0df3	512	224	0	6441
6573	4	10623205857970	none	6442	4621b399	512	224	0	6442
6574	5	10623219076690	none	6443	9027e393	512	224	0	6443
6575	6	10623236343800	none	6444	4319a04e	512	224	0	6444
6576	7	10623253673390	none	6445	7f2ddf57	512	224	0	6445
6577	0	10623271018220	none	6446	7e7be368	512	224	0	6446
6578	1	10623288251920	none	6447	a0865994	512	224	0	6447
6579	2	10623305472040	none	6448	9f8455c0	512	224	0	6448
6580	3	10623318685650	none	6449	69c029ff	512	224	0	6449
6581	4	10623335975640	none	6450	66483c1f	512	224	0	6450
6582	5	10623353283350	none	6451	45aaaccb	512	224	0	6451
6583	6	10623370533280	none	6452	1bb02a44	512	224	0	6452
6584	7	10623387767020	none	6453	0bd131d3	512	224	0	6453
6585	0	10623405085640	none	6454	01610157	512	224	0	6454
6586	1	10623418272880	none	6455	0d611097	512	224	0	6455
6587	2	10623435480720	none	6456	30be43fa	512	224	0	6456
6588	3	10623452762380	none	6457	724539f9	512	224	0	6457
6589	4	10623470143660	none	6458	8d4f6f12	512	224	0	6458
6590	5	10623487414370	none	6459	82a231aa	512	224	0	6459
6591	6	10623504718450	none	6460	6fbecc5f	512	224	0	6460
6592	7	10623521979840	none	6461	029ab770	512	224	0	6461
6593	0	10623535327180	none	6462	f0edf000	512	224	0	6462
6594	1	10623552552510	none	6463	ced3adc6	512	224	0	6463
6595	2	10623569909960	none	6464	d49fe752	512	224	0	6464
6596	3	10623587139660	none	6465	eca39c3a	512	224	0	6465
6597	4	10623604515160	none	6466	27dc8063	512	224	0	6466
6598	5	10623621903130	none	6467	63acfccd	512	224	0	6467
6599	6	10623635133040	none	6468	b9f34362	512	224	0	6468
6600	7	10623652474300	none	6469	482e5a9e	512	224	0	6469
6601	0	10623669735830	none	6470	d184739e	512	224	0	6470
6602	1	10623686993650	none	6471	774664b3	512	224	0	6471
6603	2	10623704330100	none	6472	486cc47c	512	224	0	6472
6604	3	10623721550450	none	6473	0bb9f882	512	224	0	6473
6605	4	10623734848060	none	6474	79ab0d42	512	224	0	6474
6606	5	10623752098880	none	6475	40f89c93	512	224	0	6475
6607	6	10623769501380	none	6476	b638b5b1	512	224	0	6476
6608	7	10623787201010	none	6477	65dcb425	512	224	0	6477
6609	0	10623804775130	none	6478	b51dbff6	512	224	0	6478
6610	1	10623818274490	none	6479	de894784	512	224	0	6479
6611	2	10623835983200	none	6480	3cd6c9e9	512	224	0	6480
6612	3	10623853462670	none	6481	3c1a6923	512	224	0	6481
6613	4	10623871250090	none	6482	441077cd	512	224	0	6482
6614	5	10623884907240	none	6483	70b5539e	512	224	0	6483
6615	6	10623902305830	none	6484	c98bef9b	512	224	0	6484
6616	7	10623919654990	none	6485	871f2e01	512	224	0	6485
6617	0	10623937047250	none	6486	c5295e48	512	224	0	6486
6618	1	10623954354830	none	6487	02a72652	512	224	0	6487
6619	2	10623967533690	none	6488	295711e0	512	224	0	6488
6620	3	10623984800760	none	6489	a2c1cffb	512	224	0	6489
6621	4	10624002453670	none	6490	833af512	512	224	0	6490
6622	5	10624019730040	none	6491	fe5406e8	512	224	0	6491
6623	6	10624037239630	none	6492	829f6d69	512	224	0	6492
6624	7	10624050597300	none	6493	2a35df28	512	224	0	6493
6625	0	10624068595400	none	6494	8d976fff	512	224	0	6494
6626	1	10624086020280	none	6495	03bb50d4	512	224	0	6495
6627	2	10624103619860	none	6496	39c3f448	512	224	0	6496
6628	3	10624117018750	none	6497	cad62d0c	512	224	0	6497
6629	4	10624134365020	none	6498	cc06f136	512	224	0	6498
6630	5	10624151688860	none	6499	f061da59	512	224	0	6499
6631	6	10624169184560	none	6500	e4f67e89	512	224	0	6500
6632	7	10624187279400	none	6501	25e982bc	512	224	0	6501
6633	0	10624200534680	none	6502	c1bfc855	512	224	0	6502
6634	1	10624217906250	none	6503	b80c1e4e	512	224	0	6503
6635	2	10624235306010	none	6504	ef085cfb	512	224	0	6504
6636	3	10624252642260	none	6505	854330af	512	224	0	6505
6637	4	10624270002270	none	6506	dc7c9744	512	224	0	6506
6638	5	10624287410830	none	6507	6214c333	512	224	0	6507
6639	6	10624300621660	none	6508	d48af194	512	224	0	6508
6640	7	10624317968960	none	6509	b730060c	512	224	0	6509
6641	0	10624335249810	none	6510	80133227	512	224	0	6510
6642	1	10624352587310	none	6511	64482fbb	512	224	0	6511
6643	2	10624369871160	none	6512	e015a677	512	224	0	6512
6644	3	10624383222060	none	6513	44c8a66a	512	224	0	6513
6645	4	10624400439030	none	6514	40505331	512	224	0	6514
6646	5	10624417677180	none	6515	fac5dfe4	512	224	0	6515
6647	6	10624434955650	none	6516	144450cb	512	224	0	6516
6648	7	10624452192570	none	6517	bc8a0ed1	512	224	0	6517
6649	0	10624469462810	none	6518	2a42695f	512	224	0	6518
6650	1	10624486814070	none	6519	8b9e5c28	512	224	0	6519
6651	2	10624500059560	none	6520	b645f005	512	224	0	6520
6652	3	10624517314190	none	6521	fbb47687	512	224	0	6521
6653	4	10624534531220	none	6522	dc145cd5	512	224	0	6522
6654	5	10624551807630	none	6523	fa6fba20	512	224	0	6523
6655	6	10624569160090	none	6524	40fb1c00	512	224	0	6524
6656	7	10624586560700	none	6525	a3715649	512	224	0	6525
6657	0	10624599914120	none	6526	3d997114	512	224	0	6526
6658	1	10624617236210	none	6527	2f305c52	512	224	0	6527
6659	2	10624634534720	none	6528	b59707bd	512	224	0	6528
6660	3	10624651873740	none	6529	831ea9ab	512	224	0	6529
6661	4	10624669129940	none	6530	64639d12	512	224	0	6530
6662	5	10624686528090	none	6531	d4ec0b80	512	224	0	6531
6663	6	10624699718680	none	6532	b8b0a3ec	512	224	0	6532
6664	7	10624717040540	none	6533	dc96a415	512	224	0	6533
6665	0	10624734299120	none	6534	4b6f568d	512	224	0	6534
6666	1	10624751536640	none	6535	1a88d0e6	512	224	0	6535
6667	2	10624768778680	none	6536	327a6faf	512	224	0	6536
6668	3	10624786216240	none	6537	6159caa4	512	224	0	6537
6669	4	10624799530410	none	6538	d2a39670	512	224	0	6538
6670	5	10624817038230	none	6539	cb4723a7	512	224	0	6539
6671	6	10624834264460	none	6540	bdd928a8	512	224	0	6540
6672	7	10624851469900	none	6541	2c5d7c03	512	224	0	6541
6673	0	10624868708840	none	6542	f3321fde	512	224	0	6542
6674	1	10624886135250	none	6543	f52666e3	512	224	0	6543
6675	2	10624899337030	none	6544	570ea744	512	224	0	6544
6676	3	10624916614550	none	6545	af16536e	512	224	0	6545
6677	4	10624933875480	none	6546	0b0508c4	512	224	0	6546
6678	5	10624951143800	none	6547	c4baca47	512	224	0	6547
6679	6	10624968383840	none	6548	145de902	512	224	0	6548
6680	7	10624985759600	none	6549	bc332b7f	512	224	0	6549
6681	0	10624998989380	none	6550	9a0b06ca	512	224	0	6550
6682	1	10625016223690	none	6551	ee5ba7b1	512	224	0	6551
6683	2	10625033473620	none	6552	34d0feee	512	224	0	6552
6684	3	10625050758080	none	6553	61a5ed35	512	224	0	6553
6685	4	10625068020990	none	6554	e8951d4f	512	224	0	6554
6686	5	10625085449430	none	6555	24e51b42	512	224	0	6555
6687	6	10625102742040	none	6556	872e13f4	512	224	0	6556
6688	7	10625115965490	none	6557	37aafedc	512	224	0	6557
6689	0	10625133245050	none	6558	d93cb66a	512	224	0	6558
6690	1	10625150459650	none	6559	d2e86263	512	224	0	6559
6691	2	10625167664380	none	6560	ba808b3c	512	224	0	6560
6692	3	10625185078060	none	6561	ccfeed67	512	224	0	6561
6693	4	10625202439230	none	6562	e8122e76	512	224	0	6562
6694	5	10625216116860	none	6563	071ea377	512	224	0	6563
6695	6	10625233404160	none	6564	e3c6d42a	512	224	0	6564
6696	7	10625250634320	none	6565	d4de4709	512	224	0	6565
6697	0	10625268022530	none	6566	06004420	512	224	0	6566
6698	1	10625285258920	none	6567	fd51cb9a	512	224	0	6567
6699	2	10625298425350	none	6568	3f94e563	512	224	0	6568
6700	3	10625315668410	none	6569	60d3c14c	512	224	0	6569
6701	4	10625333036520	none	6570	8ecdb2e1	512	224	0	6570
6702	5	10625350277390	none	6571	a0ebeab2	512	224	0	6571
6703	6	10625367498540	none	6572	65449a30	512	224	0	6572
6704	7	10625384894380	none	6573	b840c394	512	224	0	6573
6705	0	10625402230180	none	6574	0250221a	512	224	0	6574
6706	1	10625415429220	none	6575	54a05b23	512	224	0	6575
6707	2	10625432675120	none	6576	e9464f88	512	224	0	6576
6708	3	10625450072360	none	6577	c0b982f6	512	224	0	6577
6709	4	10625467313630	none	6578	9796b0b9	512	224	0	6578
6710	5	10625484691000	none	6579	8f4c84bc	512	224	0	6579
6711	6	10625501977850	none	6580	0c3148f3	512	224	0	6580
6712	7	10625515179870	none	6581	3811584c	512	224	0	6581
6713	0	10625532410370	none	6582	e5997f63	512	224	0	6582
6714	1	10625549612630	none	6583	4655fe6e	512	224	0	6583
6715	2	10625566906610	none	6584	3a4756b2	512	224	0	6584
6716	3	10625584212660	none	6585	91d048d1	512	224	0	6585
6717	4	10625601421500	none	6586	d5b7b026	512	224	0	6586
6718	5	10625614557480	none	6587	89ce7ad6	512	224	0	6587
6719	6	10625631788790	none	6588	c34e53bb	512	224	0	6588
6720	7	10625649075120	none	6589	1259faab	512	224	0	6589
6721	0	10625666314760	none	6590	a7e112a2	512	224	0	6590
6722	1	10625683722680	none	6591	534e8870	512	224	0	6591
6723	2	10625701383720	none	6592	61533bb0	512	224	0	6592
6724	3	10625714738960	none	6593	d1e99ef0	512	224	0	6593
6725	4	10625731983710	none	6594	45f8d5fb	512	224	0	6594
6726	5	10625749212120	none	6595	aeeb93b0	512	224	0	6595
6727	6	10625766445740	none	6596	b74acf68	512	224	0	6596
6728	7	10625783791550	none	6597	556d4556	512	224	0	6597
6729	0	10625801039720	none	6598	ffa4c595	512	224	0	6598
6730	1	10625814254600	none	6599	9cca05f6	512	224	0	6599
6731	2	10625831555330	none	6600	5174438b	512	224	0	6600
6732	3	10625848798080	none	6601	c341588c	512	224	0	6601
6733	4	10625866041630	none	6602	b32bcacb	512	224	0	6602
6734	5	10625883436860	none	6603	1471dbb1	512	224	0	6603
6735	6	10625900697800	none	6604	a30e04c0	512	224	0	6604
6736	7	10625914127750	none	6605	4b13f5b6	512	224	0	6605
6737	0	10625931416920	none	6606	dcd7207a	512	224	0	6606
6738	1	10625948693950	none	6607	f364efdf	512	224	0	6607
6739	2	10625965960690	none	6608	a73bbc15	512	224	0	6608
6740	3	10625983238780	none	6609	3f746622	512	224	0	6609
6741	4	10626000442410	none	6610	c70de75f	512	224	0	6610
6742	5	10626017659300	none	6611	5e804167	512	224	0	6611
6743	6	10626030874270	none	6612	39e5788f	512	224	0	6612
6744	7	10626048091490	none	6613	6b8dd359	512	224	0	6613
6745	0	10626065342320	none	6614	94636c2e	512	224	0	6614
6746	1	10626082706430	none	6615	7156d2c7	512	224	0	6615
6747	2	10626099988440	none	6616	dffb1082	512	224	0	6616
6748	3	10626117278630	none	6617	3ef53e81	512	224	0	6617
6749	4	10626130536910	none	6618	e9e7eec9	512	224	0	6618
6750	5	10626147777730	none	6619	c5f0f716	512	224	0	6619
6751	6	10626165013440	none	6620	b7a0e72e	512	224	0	6620
6752	7	10626182408490	none	6621	0b68965a	512	224	0	6621
6753	0	10626199622880	none	6622	213fc76a	512	224	0	6622
6754	1	10626216892030	none	6623	28e5009e	512	224	0	6623
6755	2	10626234164840	none	6624	d823cd4e	512	224	0	6624
6756	3	10626247372270	none	6625	e4877188	512	224	0	6625
6757	4	10626264617050	none	6626	cfb757d0	512	224	0	6626
6758	5	10626281867940	none	6627	09dd13d4	512	224	0	6627
6759	6	10626299237160	none	6628	2f5a6a2e	512	224	0	6628
6760	7	10626316460040	none	6629	db7c29b6	512	224	0	6629
6761	0	10626333710180	none	6630	d38ee9bc	512	224	0	6630
6762	1	10626346945600	none	6631	c44156d2	512	224	0	6631
6763	2	10626364273350	none	6632	06a69fe6	512	224	0	6632
6764	3	10626381786220	none	6633	14cf7a9f	512	224	0	6633
6765	4	10626399066800	none	6634	dc7eed02	512	224	0	6634
6766	5	10626416302160	none	6635	3385a2d7	512	224	0	6635
6767	6	10626433543170	none	6636	b3b43f21	512	224	0	6636
6768	7	10626446865110	none	6637	efdd5938	512	224	0	6637
6769	0	10626464100190	none	6638	8868cfc2	512	224	0	6638
6770	1	10626481454750	none	6639	711ce7fd	512	224	0	6639
6771	2	10626498716460	none	6640	695eedb7	512	224	0	6640
6772	3	10626516031690	none	6641	52cb43c7	512	224	0	6641
6773	4	10626533281290	none	6642	ef657517	512	224	0	6642
6774	5	10626546615560	none	6643	dc05cc13	512	224	0	6643
6775	6	10626563941620	none	6644	6d45b956	512	224	0	6644
6776	7	10626581357270	none	6645	a20da222	512	224	0	6645
6777	0	10626598588240	none	6646	262a23b4	512	224	0	6646
6778	1	10626615857980	none	6647	11165f35	512	224	0	6647
6779	2	10626633081160	none	6648	c9e1fc60	512	224	0	6648
6780	3	10626646373560	none	6649	09e82f61	512	224	0	6649
6781	4	10626663617600	none	6650	7c905fbc	512	224	0	6650
6782	5	10626681010420	none	6651	92471b11	512	224	0	6651
6783	6	10626698294680	none	6652	f74c49bf	512	224	0	6652
6784	7	10626715572350	none	6653	24bc902c	512	224	0	6653
6785	0	10626732830050	none	6654	360df27c	512	224	0	6654
6786	1	10626746240860	none	6655	b5177ded	512	224	0	6655
6787	2	10626763529370	none	6656	4cee3cdc	512	224	0	6656
6788	3	10626780914400	none	6657	5cf34c17	512	224	0	6657
6789	4	10626798194890	none	6658	72c3c7be	512	224	0	6658
6790	5	10626815569920	none	6659	4d15df79	512	224	0	6659
6791	6	10626832859310	none	6660	c0abdc21	512	224	0	6660
6792	7	10626846292250	none	6661	001bd174	512	224	0	6661
6793	0	10626863625730	none	6662	92049dc9	512	224	0	6662
6794	1	10626881020340	none	6663	12dc302d	512	224	0	6663
6795	2	10626898275710	none	6664	e18baf3c	512	224	0	6664
6796	3	10626915491480	none	6665	e87f827d	512	224	0	6665
6797	4	10626932734620	none	6666	1b88972b	512	224	0	6666
6798	5	10626946081210	none	6667	6ea23123	512	224	0	6667
6799	6	10626963324590	none	6668	9ef49c3f	512	224	0	6668
6800	7	10626980805450	none	6669	a11369f8	512	224	0	6669
6801	0	10626998138450	none	6670	0c1b438c	512	224	0	6670
6802	1	10627015489150	none	6671	e5fe2a3e	512	224	0	6671
6803	2	10627032754990	none	6672	a258b6e9	512	224	0	6672
6804	3	10627046143610	none	6673	c4df9c8f	512	224	0	6673
6805	4	10627063370670	none	6674	a0f5d99c	512	224	0	6674
6806	5	10627080609040	none	6675	826e2933	512	224	0	6675
6807	6	10627097928110	none	6676	40c98386	512	224	0	6676
6808	7	10627115193630	none	6677	bc2d5ba0	512	224	0	6677
6809	0	10627132519750	none	6678	52c1c6a5	512	224	0	6678
6810	1	10627145960810	none	6679	6b71544b	512	224	0	6679
6811	2	10627163323070	none	6680	4bc5912d	512	224	0	6680
6812	3	10627180630780	none	6681	dab8990e	512	224	0	6681
6813	4	10627197890140	none	6682	c1be8adb	512	224	0	6682
6814	5	10627215141210	none	6683	e7408dab	512	224	0	6683
6815	6	10627232368490	none	6684	c67a133c	512	224	0	6684
6816	7	10627245730720	none	6685	9948970e	512	224	0	6685
6817	0	10627263028220	none	6686	e015c72a	512	224	0	6686
6818	1	10627280314260	none	6687	db2bfef8	512	224	0	6687
6819	2	10627297589730	none	6688	be69d101	512	224	0	6688
6820	3	10627314847870	none	6689	743a158c	512	224	0	6689
6821	4	10627332074050	none	6690	ba19522b	512	224	0	6690
6822	5	10627345438630	none	6691	00d0c712	512	224	0	6691
6823	6	10627362694110	none	6692	80dd39f6	512	224	0	6692
6824	7	10627380109800	none	6693	64401fa3	512	224	0	6693
6825	0	10627397380010	none	6694	a1a759b1	512	224	0	6694
6826	1	10627414721680	none	6695	5738bcd5	512	224	0	6695
6827	2	10627431963900	none	6696	c97e8447	512	224	0	6696
6828	3	10627445228780	none	6697	587bcac3	512	224	0	6697
6829	4	10627462481350	none	6698	fde23f97	512	224	0	6698
6830	5	10627479760660	none	6699	e18c111d	512	224	0	6699
6831	6	10627497017730	none	6700	4e44652c	512	224	0	6700
6832	7	10627514262290	none	6701	db098bbe	512	224	0	6701
6833	0	10627531562210	none	6702	e8c59b7b	512	224	0	6702
6834	1	10627544886550	none	6703	256f01e8	512	224	0	6703
6835	2	10627562123120	none	6704	91abebfa	512	224	0	6704
6836	3	10627579383400	none	6705	e9a39d45	512	224	0	6705
6837	4	10627596658990	none	6706	1dcd5f54	512	224	0	6706
6838	5	10627614061540	none	6707	6144ac56	512	224	0	6707
6839	6	10627631442250	none	6708	73250dce	512	224	0	6708
6840	7	10627644800420	none	6709	28b9d33c	512	224	0	6709
6841	0	10627662054020	none	6710	f1702d35	512	224	0	6710
6842	1	10627679331010	none	6711	7e6ad58f	512	224	0	6711
6843	2	10627696618300	none	6712	5b5eb2e8	512	224	0	6712
6844	3	10627713921190	none	6713	5f76feac	512	224	0	6713
6845	4	10627731168610	none	6714	ee07eef8	512	224	0	6714
6846	5	10627744495230	none	6715	602f9053	512	224	0	6715
6847	6	10627761888940	none	6716	9f2c085c	512	224	0	6716
6848	7	10627779233720	none	6717	f4c3e205	512	224	0	6717
6849	0	10627796579020	none	6718	76fa1f1f	512	224	0	6718
6850	1	10627813955280	none	6719	3ed9b42a	512	224	0	6719
6851	2	10627831262370	none	6720	71f2ca4a	512	224	0	6720
6852	3	10627844528310	none	6721	d3d36973	512	224	0	6721
6853	4	10627861774440	none	6722	35bb9739	512	224	0	6722
6854	5	10627879044160	none	6723	c1344a52	512	224	0	6723
6855	6	10627896312660	none	6724	8e991b01	512	224	0	6724
6856	7	10627913581480	none	6725	c6efbce9	512	224	0	6725
6857	0	10627930907280	none	6726	b17f2d31	512	224	0	6726
6858	1	10627944244660	none	6727	cc7c09b8	512	224	0	6727
6859	2	10627961678290	none	6728	bdc8ed73	512	224	0	6728
6860	3	10627979075960	none	6729	0d935383	512	224	0	6729
6861	4	10627996332640	none	6730	cb17775a	512	224	0	6730
6862	5	10628013575280	none	6731	dbbe07c4	512	224	0	6731
6863	6	10628030895510	none	6732	b1e4478f	512	224	0	6732
6864	7	10628044128870	none	6733	8ce0e747	512	224	0	6733
6865	0	10628061370610	none	6734	58849cd7	512	224	0	6734
6866	1	10628078635900	none	6735	f025b34d	512	224	0	6735
6867	2	10628095894410	none	6736	52e89d10	512	224	0	6736
6868	3	10628113279010	none	6737	52e89d10	512	224	0	6737
6869	4	10628130499720	none	6738	a53d6349	512	224	0	6738
6870	5	10628143874060	none	6739	96d06115	512	224	0	6739
6871	6	10628161082100	none	6740	b33b2fba	512	224	0	6740
6872	7	10628178302840	none	6741	c0734d60	512	224	0	6741
6873	0	10628195467860	none	6742	723db19d	512	224	0	6742
6874	1	10628212692000	none	6743	268d5b5a	512	224	0	6743
6875	2	10628229955050	none	6744	5c81e534	512	224	0	6744
6876	3	10628247204090	none	6745	5e4b3069	512	224	0	6745
6877	4	10628260365030	none	6746	13af45a3	512	224	0	6746
6878	5	10628277602750	none	6747	d0f2fb8f	512	224	0	6747
6879	6	10628294851950	none	6748	5add46f8	512	224	0	6748
6880	7	10628312108420	none	6749	f437920d	512	224	0	6749
6881	0	10628329343430	none	6750	393ed117	512	224	0	6750
6882	1	10628346722740	none	6751	17694e35	512	224	0	6751
6883	2	10628364003700	none	6752	87d43e04	512	224	0	6752
6884	3	10628377229140	none	6753	7072abac	512	224	0	6753
6885	4	10628394454130	none	6754	0c1b1176	512	224	0	6754
6886	5	10628411691440	none	6755	ed77437c	512	224	0	6755
6887	6	10628428916430	none	6756	9191ffe6	512	224	0	6756
6888	7	10628446317000	none	6757	d453d2db	512	224	0	6757
6889	0	10628463566300	none	6758	b2027423	512	224	0	6758
6890	1	10628476804440	none	6759	f8c08299	512	224	0	6759
6891	2	10628494058400	none	6760	f63072aa	512	224	0	6760
6892	3	10628511357750	none	6761	caaeffeb	512	224	0	6761
6893	4	10628528636910	none	6762	0502cd5f	512	224	0	6762
6894	5	10628545883690	none	6763	d9cf55e5	512	224	0	6763
6895	6	10628563127170	none	6764	b0b905c1	512	224	0	6764
6896	7	10628580345240	none	6765	340649ed	512	224	0	6765
6897	0	10628593510250	none	6766	99e262a0	512	224	0	6766
6898	1	10628610732480	none	6767	60bc2ee4	512	224	0	6767
6899	2	10628627957640	none	6768	639cd464	512	224	0	6768
6900	3	10628645328450	none	6769	22a6d01b	512	224	0	6769
6901	4	10628662558780	none	6770	fd141b19	512	224	0	6770
6902	5	10628679801890	none	6771	a554a6a6	512	224	0	6771
6903	6	10628692995350	none	6772	8c946189	512	224	0	6772
6904	7	10628710244300	none	6773	eda06570	512	224	0	6773
6905	0	10628727515420	none	6774	a6cabd2f	512	224	0	6774
6906	1	10628744746980	none	6775	ed429fb4	512	224	0	6775
6907	2	10628762012040	none	6776	83539125	512	224	0	6776
6908	3	10628779278920	none	6777	ab0d40ef	512	224	0	6777
6909	4	10628796524000	none	6778	2521e9aa	512	224	0	6778
6910	5	10628809748690	none	6779	0dee986b	512	224	0	6779
6911	6	10628827001210	none	6780	23cdf45f	512	224	0	6780
6912	7	10628844220550	none	6781	c999de61	512	224	0	6781
6913	0	10628861407030	none	6782	8213b420	512	224	0	6782
6914	1	10628878623560	none	6783	2ff5456e	512	224	0	6783
6915	2	10628895936280	none	6784	c08541c6	512	224	0	6784
6916	3	10628909112420	none	6785	4cbc9933	512	224	0	6785
6917	4	10628926329400	none	6786	c86fb714	512	224	0	6786
6918	5	10628943526480	none	6787	53344caf	512	224	0	6787
6919	6	10628960767860	none	6788	dd28b8b1	512	224	0	6788
6920	7	10628978082730	none	6789	fef235f3	512	224	0	6789
6921	0	10628995344010	none	6790	4e77bfa6	512	224	0	6790
6922	1	10629012603710	none	6791	90278004	512	224	0	6791
6923	2	10629025806410	none	6792	34987893	512	224	0	6792
6924	3	10629043001880	none	6793	46a509cf	512	224	0	6793
6925	4	10629060209390	none	6794	b5ca9426	512	224	0	6794
6926	5	10629077403870	none	6795	456c02e9	512	224	0	6795
6927	6	10629094725610	none	6796	de469876	512	224	0	6796
6928	7	10629111956060	none	6797	f53475ae	512	224	0	6797
6929	0	10629129161410	none	6798	a643e2da	512	224	0	6798
6930	1	10629142319130	none	6799	02dcf2eb	512	224	0	6799
6931	2	10629159511830	none	6800	50cc048e	512	224	0	6800
6932	3	10629176728460	none	6801	2276e4e2	512	224	0	6801
6933	4	10629193950330	none	6802	62d32282	512	224	0	6802
6934	5	10629211164230	none	6803	d640344c	512	224	0	6803
6935	6	10629228358240	none	6804	d59ad3df	512	224	0	6804
6936	7	10629245561200	none	6805	c8b21d61	512	224	0	6805
6937	0	10629258769430	none	6806	91023b2e	512	224	0	6806
6938	1	10629276029770	none	6807	543c74f5	512	224	0	6807
6939	2	10629293458290	none	6808	f501d810	512	224	0	6808
6940	3	10629310675620	none	6809	61b63a3b	512	224	0	6809
6941	4	10629327895520	none	6810	9df34743	512	224	0	6810
6942	5	10629345109290	none	6811	dec182dc	512	224	0	6811
6943	6	10629362316280	none	6812	b79a6652	512	224	0	6812
6944	7	10629375472310	none	6813	7c060c6f	512	224	0	6813
6945	0	10629392734000	none	6814	40bb62fc	512	224	0	6814
6946	1	10629409932670	none	6815	856ea52e	512	224	0	6815
6947	2	10629427146630	none	6816	3646fba0	512	224	0	6816
6948	3	10629444358670	none	6817	db23d026	512	224	0	6817
6949	4	10629461548330	none	6818	dd7d99f3	512	224	0	6818
6950	5	10629478774370	none	6819	90e42910	512	224	0	6819
6951	6	10629491947340	none	6820	cf29f65f	512	224	0	6820
6952	7	10629509183440	none	6821	377b3308	512	224	0	6821
6953	0	10629526482600	none	6822	3a9d74c6	512	224	0	6822
6954	1	10629543872880	none	6823	b1919fab	512	224	0	6823
6955	2	10629561096460	none	6824	14b9bf95	512	224	0	6824
6956	3	10629578307530	none	6825	992e9935	512	224	0	6825
6957	4	10629591451330	none	6826	0c5d45fd	512	224	0	6826
6958	5	10629608726690	none	6827	27c680bf	512	224	0	6827
6959	6	10629625955510	none	6828	8522d397	512	224	0	6828
6960	7	10629643331300	none	6829	fcc3eb8e	512	224	0	6829
6961	0	10629660546440	none	6830	cafdc777	512	224	0	6830
6962	1	10629677774510	none	6831	e3d921ed	512	224	0	6831
6963	2	10629694998090	none	6832	c1013905	512	224	0	6832
6964	3	10629708174870	none	6833	13674e63	512	224	0	6833
6965	4	10629725451830	none	6834	82877689	512	224	0	6834
6966	5	10629742811460	none	6835	2d0950c1	512	224	0	6835
6967	6	10629760061120	none	6836	2026b234	512	224	0	6836
6968	7	10629777291200	none	6837	a38e312b	512	224	0	6837
6969	0	10629794608800	none	6838	1ec2c56c	512	224	0	6838
6970	1	10629807798490	none	6839	4e0b4d5c	512	224	0	6839
6971	2	10629825000300	none	6840	0d7067b6	512	224	0	6840
6972	3	10629842398580	none	6841	1722c553	512	224	0	6841
6973	4	10629859636480	none	6842	47a24306	512	224	0	6842
6974	5	10629876886740	none	6843	9de2205f	512	224	0	6843
6975	6	10629894148810	none	6844	f56ad6f7	512	224	0	6844
6976	7	10629911361770	none	6845	cdee51f4	512	224	0	6845
6977	0	10629924550990	none	6846	26f61e98	512	224	0	6846
6978	1	10629941835480	none	6847	adcf1710	512	224	0	6847
6979	2	10629959098670	none	6848	41054e1b	512	224	0	6848
6980	3	10629976311260	none	6849	ceb43b90	512	224	0	6849
6981	4	10629993508840	none	6850	8c5d55e5	512	224	0	6850
6982	5	10630010748730	none	6851	f2d87d3e	512	224	0	6851
6983	6	10630024047510	none	6852	aa9e373d	512	224	0	6852
6984	7	10630041268060	none	6853	219bf01e	512	224	0	6853
6985	0	10630058590540	none	6854	96713971	512	224	0	6854
6986	1	10630075901140	none	6855	521f993f	512	224	0	6855
6987	2	10630093150680	none	6856	861b3abf	512	224	0	6856
6988	3	10630110377460	none	6857	390f85c9	512	224	0	6857
6989	4	10630127593670	none	6858	74ee0089	512	224	0	6858
6990	5	10630140806580	none	6859	d92dabe4	512	224	0	6859
6991	6	10630158032630	none	6860	92b7cf14	512	224	0	6860
6992	7	10630175341500	none	6861	cd5173a8	512	224	0	6861
6993	0	10630192598410	none	6862	69556627	512	224	0	6862
6994	1	10630209832370	none	6863	ea453ea5	512	224	0	6863
6995	2	10630227124170	none	6864	b2b53ab6	512	224	0	6864
6996	3	10630240302530	none	6865	041b0f22	512	224	0	6865
6997	4	10630257496060	none	6866	59c20b5b	512	224	0	6866
6998	5	10630274725960	none	6867	e62b264e	512	224	0	6867
6999	6	10630292086520	none	6868	52e6a2f9	512	224	0	6868
7000	7	10630309356440	none	6869	7354f371	512	224	0	6869
7001	0	10630326590820	none	6870	110a7c6e	512	224	0	6870
7002	1	10630343854120	none	6871	991df479	512	224	0	6871
7003	2	10630357235900	none	6872	165f8bfa	512	224	0	6872
7004	3	10630374552900	none	6873	f29eacb2	512	224	0	6873
7005	4	10630391959130	none	6874	5a615893	512	224	0	6874
7006	5	10630409235290	none	6875	aa71e2ef	512	224	0	6875
7007	6	10630426428520	none	6876	c7348714	512	224	0	6876
7008	7	10630443656120	none	6877	c8d4f076	512	224	0	6877
7009	0	10630456848100	none	6878	dd2c2640	512	224	0	6878
7010	1	10630474053580	none	6879	0d2cc7b2	512	224	0	6879
7011	2	10630491290780	none	6880	7450168c	512	224	0	6880
7012	3	10630508559670	none	6881	be6cd0bd	512	224	0	6881
7013	4	10630525828560	none	6882	7b555685	512	224	0	6882
7014	5	10630543054600	none	6883	395593c1	512	224	0	6883
7015	6	10630556384460	none	6884	b73b27db	512	224	0	6884
7016	7	10630573579750	none	6885	370101c5	512	224	0	6885
7017	0	10630590922570	none	6886	2e46cf02	512	224	0	6886
7018	1	10630608184700	none	6887	b1648638	512	224	0	6887
7019	2	10630625494750	none	6888	70374114	512	224	0	6888
7020	3	10630642784570	none	6889	f3900514	512	224	0	6889
7021	4	10630660180890	none	6890	46bc6e23	512	224	0	6890
7022	5	10630673362580	none	6891	6e2a7218	512	224	0	6891
7023	6	10630690714720	none	6892	d6fdb684	512	224	0	6892
7024	7	10630708017810	none	6893	d0f37567	512	224	0	6893
7025	0	10630725708840	none	6894	eaec94d1	512	224	0	6894
7026	1	10630743137510	none	6895	cae6a259	512	224	0	6895
7027	2	10630756527840	none	6896	bfb43608	512	224	0	6896
7028	3	10630773875900	none	6897	ea545fe1	512	224	0	6897
7029	4	10630791110550	none	6898	eabd599c	512	224	0	6898
7030	5	10630808276220	none	6899	84ff5ade	512	224	0	6899
7031	6	10630825596560	none	6900	eeb5dfc8	512	224	0	6900
7032	7	10630842843470	none	6901	cf01b6b5	512	224	0	6901
7033	0	10630856184100	none	6902	9d77ca82	512	224	0	6902
7034	1	10630873397680	none	6903	d2cdf327	512	224	0	6903
7035	2	10630890650200	none	6904	030f965d	512	224	0	6904
7036	3	10630907905110	none	6905	32a90048	512	224	0	6905
7037	4	10630925213610	none	6906	b080ddb9	512	224	0	6906
7038	5	10630942450520	none	6907	06d84bff	512	224	0	6907
7039	6	10630955759880	none	6908	ed5d4b9a	512	224	0	6908
7040	7	10630972980790	none	6909	80c17ad0	512	224	0	6909
7041	0	10630990205120	none	6910	7f1e85e5	512	224	0	6910
7042	1	10631007376360	none	6911	eccc5aa1	512	224	0	6911
7043	2	10631024584830	none	6912	7b52fbf3	512	224	0	6912
7044	3	10631041871740	none	6913	118bc25e	512	224	0	6913
7045	4	10631059235200	none	6914	bc664321	512	224	0	6914
7046	5	10631072431030	none	6915	867ad257	512	224	0	6915
7047	6	10631089791080	none	6916	12b587eb	512	224	0	6916
7048	7	10631107004790	none	6917	c51e7f2f	512	224	0	6917
7049	0	10631124248410	none	6918	98046da2	512	224	0	6918
7050	1	10631141475640	none	6919	61605322	512	224	0	6919
7051	2	10631158837450	none	6920	61605322	512	224	0	6920
7052	3	10631172059360	none	6921	61605322	512	224	0	6921
7053	4	10631189508450	none	6922	61605322	512	224	0	6922
7054	5	10631206720670	none	6923	61605322	512	224	0	6923
7055	6	10631223938430	none	6924	61605322	512	224	0	6924
7056	7	10631241233690	none	6925	61605322	512	224	0	6925
7057	0	10631258611790	none	6926	61605322	512	224	0	6926
7058	1	10631271908560	none	6927	61605322	512	224	0	6927
7059	2	10631289123960	none	6928	61605322	512	224	0	6928
7060	3	10631306310880	none	6929	61605322	512	224	0	6929
7061	4	10631323502370	none	6930	61605322	512	224	0	6930
7062	5	10631340732600	none	6931	61605322	512	224	0	6931
7063	6	10631357946110	none	6932	61605322	512	224	0	6932
7064	7	10631375254100	none	6933	61605322	512	224	0	6933
7065	0	10631388477680	none	6934	61605322	512	224	0	6934
7066	1	10631405716630	none	6935	61605322	512	224	0	6935
7067	2	10631423099750	none	6936	61605322	512	224	0	6936
7068	3	10631440319910	none	6937	61605322	512	224	0	6937
7069	4	10631457485650	none	6938	61605322	512	224	0	6938
7070	5	10631474721230	none	6939	61605322	512	224	0	6939
7071	6	10631492005510	none	6940	61605322	512	224	0	6940
7072	7	10631505233110	none	6941	61605322	512	224	0	6941
7073	0	10631522456040	none	6942	61605322	512	224	0	6942
7074	1	10631539671680	none	6943	61605322	512	224	0	6943
7075	2	10631556893610	none	6944	61605322	512	224	0	6944
7076	3	10631574116270	none	6945	61605322	512	224	0	6945
7077	4	10631591299630	none	6946	61605322	512	224	0	6946
7078	5	10631608686480	none	6947	61605322	512	224	0	6947
7079	6	10631621897350	none	6948	61605322	512	224	0	6948
7080	7	10631639122550	none	6949	61605322	512	224	0	6949
7081	0	10631656309620	none	6950	61605322	512	224	0	6950
7082	1	10631673486850	none	6951	61605322	512	224	0	6951
7083	2	10631690724040	none	6952	61605322	512	224	0	6952
7084	3	10631708008580	none	6953	61605322	512	224	0	6953
7085	4	10631721267750	none	6954	61605322	512	224	0	6954
7086	5	10631738468530	none	6955	61605322	512	224	0	6955
7087	6	10631755683430	none	6956	61605322	512	224	0	6956
7088	7	10631773027900	none	6957	61605322	512	224	0	6957
7089	0	10631790254660	none	6958	61605322	512	224	0	6958
7090	1	10631807582710	none	6959	61605322	512	224	0	6959
7091	2	10631824925240	none	6960	61605322	512	224	0	6960
7092	3	10631838143160	none	6961	61605322	512	224	0	6961
7093	4	10631855319590	none	6962	61605322	512	224	0	6962
7094	5	10631872504670	none	6963	61605322	512	224	0	6963
7095	6	10631889749580	none	6964	61605322	512	224	0	6964
7096	7	10631907119330	none	6965	61605322	512	224	0	6965
7097	0	10631924340540	none	6966	61605322	512	224	0	6966
7098	1	10631937496390	none	6967	61605322	512	224	0	6967
7099	2	10631954719330	none	6968	61605322	512	224	0	6968
7100	3	10631971912050	none	6969	61605322	512	224	0	6969
7101	4	10631989117520	none	6970	61605322	512	224	0	6970
7102	5	10632006424010	none	6971	61605322	512	224	0	6971
7103	6	10632023636710	none	6972	61605322	512	224	0	6972
7104	7	10632040853480	none	6973	61605322	512	224	0	6973
7105	0	10632054028740	none	6974	61605322	512	224	0	6974
7106	1	10632071243850	none	6975	61605322	512	224	0	6975
7107	2	10632088414960	none	6976	61605322	512	224	0	6976
7108	3	10632105615630	none	6977	61605322	512	224	0	6977
7109	4	10632122849120	none	6978	61605322	512	224	0	6978
7110	5	10632140088450	none	6979	61605322	512	224	0	6979
7111	6	10632157288970	none	6980	61605322	512	224	0	6980
7112	7	10632170431370	none	6981	61605322	512	224	0	6981
7113	0	10632187783940	none	6982	61605322	512	224	0	6982
7114	1	10632204978550	none	6983	61605322	512	224	0	6983
7115	2	10632222172690	none	6984	61605322	512	224	0	6984
7116	3	10632239358290	none	6985	61605322	512	224	0	6985
7117	4	10632256669990	none	6986	61605322	512	224	0	6986
7118	5	10632273945790	none	6987	61605322	512	224	0	6987
7119	6	10632287120770	none	6988	61605322	512	224	0	6988
7120	7	10632304316550	none	6989	61605322	512	224	0	6989
7121	0	10632321484580	none	6990	61605322	512	224	0	6990
7122	1	10632338715700	none	6991	61605322	512	224	0	6991
7123	2	10632355912250	none	6992	61605322	512	224	0	6992
7124	3	10632373118650	none	6993	61605322	512	224	0	6993
7125	4	10632390324130	none	6994	61605322	512	224	0	6994
7126	5	10632403493340	none	6995	61605322	512	224	0	6995
7127	6	10632420721230	none	6996	61605322	512	224	0	6996
7128	7	10632437961020	none	6997	61605322	512	224	0	6997
7129	0	10632455360330	none	6998	61605322	512	224	0	6998
7130	1	10632472562410	none	6999	61605322	512	224	0	6999
7131	2	10632489787360	none	7000	61605322	512	224	0	7000
7132	3	10632506998340	none	7001	61605322	512	224	0	7001
7133	4	10632520222080	none	7002	61605322	512	224	0	7002
7134	5	10632537398980	none	7003	61605322	512	224	0	7003
7135	6	10632554597090	none	7004	61605322	512	224	0	7004
7136	7	10632571802860	none	7005	61605322	512	224	0	7005
7137	0	10632588998920	none	7006	61605322	512	224	0	7006
7138	1	10632606252920	none	7007	61605322	512	224	0	7007
7139	2	10632623498830	none	7008	61605322	512	224	0	7008
7140	3	10632636698140	none	7009	61605322	512	224	0	7009
7141	4	10632653904430	none	7010	61605322	512	224	0	7010
7142	5	10632671144210	none	7011	61605322	512	224	0	7011
7143	6	10632688330600	none	7012	61605322	512	224	0	7012
7144	7	10632705663330	none	7013	61605322	512	224	0	7013
7145	0	10632722918330	none	7014	61605322	512	224	0	7014
7146	1	10632740139030	none	7015	61605322	512	224	0	7015
7147	2	10632753291360	none	7016	61605322	512	224	0	7016
7148	3	10632770470400	none	7017	61605322	512	224	0	7017
7149	4	10632787740790	none	7018	61605322	512	224	0	7018
7150	5	10632804999080	none	7019	61605322	512	224	0	7019
7151	6	10632822219090	none	7020	61605322	512	224	0	7020
7152	7	10632839421780	none	7021	61605322	512	224	0	7021
7153	0	10632852608430	none	7022	61605322	512	224	0	7022
7154	1	10632869825640	none	7023	61605322	512	224	0	7023
7155	2	10632887064860	none	7024	61605322	512	224	0	7024
7156	3	10632904422720	none	7025	61605322	512	224	0	7025
7157	4	10632921631200	none	7026	61605322	512	224	0	7026
7158	5	10632938885060	none	7027	61605322	512	224	0	7027
7159	6	10632956106950	none	7028	61605322	512	224	0	7028
7160	7	10632969264680	none	7029	61605322	512	224	0	7029
7161	0	10632986494760	none	7030	61605322	512	224	0	7030
7162	1	10633003694870	none	7031	61605322	512	224	0	7031
7163	2	10633020924930	none	7032	61605322	512	224	0	7032
7164	3	10633038112220	none	7033	61605322	512	224	0	7033
7165	4	10633055299000	none	7034	61605322	512	224	0	7034
7166	5	10633072483730	none	7035	61605322	512	224	0	7035
7167	6	10633085680410	none	7036	61605322	512	224	0	7036
7168	7	10633102894680	none	7037	61605322	512	224	0	7037
7169	0	10633120107270	none	7038	61605322	512	224	0	7038
7170	1	10633137289840	none	7039	61605322	512	224	0	7039
7171	2	10633154485500	none	7040	61605322	512	224	0	7040
7172	3	10633171733090	none	7041	61605322	512	224	0	7041
7173	4	10633189102980	none	7042	61605322	512	224	0	7042
7174	5	10633202256310	none	7043	61605322	512	224	0	7043
7175	6	10633219422140	none	7044	61605322	512	224	0	7044
7176	7	10633236694480	none	7045	61605322	512	224	0	7045
7177	0	10633253987870	none	7046	61605322	512	224	0	7046
7178	1	10633271191020	none	7047	61605322	512	224	0	7047
7179	2	10633288372480	none	7048	61605322	512	224	0	7048
7180	3	10633305558640	none	7049	61605322	512	224	0	7049
7181	4	10633318742200	none	7050	61605322	512	224	0	7050
7182	5	10633335921520	none	7051	61605322	512	224	0	7051
7183	6	10633353246610	none	7052	61605322	512	224	0	7052
7184	7	10633370438280	none	7053	61605322	512	224	0	7053
7185	0	10633387655650	none	7054	61605322	512	224	0	7054
7186	1	10633404978280	none	7055	61605322	512	224	0	7055
7187	2	10633422199790	none	7056	61605322	512	224	0	7056
7188	3	10633435367220	none	7057	61605322	512	224	0	7057
7189	4	10633452564970	none	7058	61605322	512	224	0	7058
7190	5	10633469778310	none	7059	61605322	512	224	0	7059
7191	6	10633487003680	none	7060	61605322	512	224	0	7060
7192	7	10633504231200	none	7061	61605322	512	224	0	7061
7193	0	10633521444390	none	7062	61605322	512	224	0	7062
7194	1	10633538669470	none	7063	61605322	512	224	0	7063
7195	2	10633551835310	none	7064	61605322	512	224	0	7064
7196	3	10633569023270	none	7065	61605322	512	224	0	7065
7197	4	10633586233840	none	7066	61605322	512	224	0	7066
7198	5	10633603435440	none	7067	61605322	512	224	0	7067
7199	6	10633620663140	none	7068	61605322	512	224	0	7068
7200	7	10633637877060	none	7069	61605322	512	224	0	7069
7201	0	10633655081580	none	7070	61605322	512	224	0	7070
7202	1	10633668363200	none	7071	61605322	512	224	0	7071
7203	2	10633685562570	none	7072	61605322	512	224	0	7072
7204	3	10633702873490	none	7073	61605322	512	224	0	7073
7205	4	10633720119830	none	7074	61605322	512	224	0	7074
7206	5	10633737343860	none	7075	61605322	512	224	0	7075
7207	6	10633754526650	none	7076	61605322	512	224	0	7076
7208	7	10633771755850	none	7077	61605322	512	224	0	7077
7209	0	10633784951790	none	7078	61605322	512	224	0	7078
7210	1	10633802322340	none	7079	61605322	512	224	0	7079
7211	2	10633819526770	none	7080	61605322	512	224	0	7080
7212	3	10633836793730	none	7081	61605322	512	224	0	7081
7213	4	10633853982350	none	7082	61605322	512	224	0	7082
7214	5	10633871304160	none	7083	61605322	512	224	0	7083
7215	6	10633884448370	none	7084	61605322	512	224	0	7084
7216	7	10633901770280	none	7085	61605322	512	224	0	7085
7217	0	10633918965920	none	7086	61605322	512	224	0	7086
7218	1	10633936192050	none	7087	61605322	512	224	0	7087
7219	2	10633953373620	none	7088	61605322	512	224	0	7088
7220	3	10633970600010	none	7089	61605322	512	224	0	7089
7221	4	10633987833780	none	7090	61605322	512	224	0	7090
7222	5	10634001019910	none	7091	61605322	512	224	0	7091
7223	6	10634018227710	none	7092	61605322	512	224	0	7092
7224	7	10634035417770	none	7093	61605322	512	224	0	7093
7225	0	10634052657440	none	7094	61605322	512	224	0	7094
7226	1	10634069862250	none	7095	61605322	512	224	0	7095
7227	2	10634087116090	none	7096	61605322	512	224	0	7096
7228	3	10634104316600	none	7097	61605322	512	224	0	7097
7229	4	10634117603970	none	7098	61605322	512	224	0	7098
7230	5	10634134893790	none	7099	61605322	512	224	0	7099
7231	6	10634152106910	none	7100	61605322	512	224	0	7100
7232	7	10634169288290	none	7101	61605322	512	224	0	7101
7233	0	10634186465850	none	7102	61605322	512	224	0	7102
7234	1	10634203681980	none	7103	61605322	512	224	0	7103
7235	2	10634220962170	none	7104	61605322	512	224	0	7104
7236	3	10634234161870	none	7105	61605322	512	224	0	7105
7237	4	10634251357920	none	7106	61605322	512	224	0	7106
7238	5	10634268567490	none	7107	61605322	512	224	0	7107
7239	6	10634285778180	none	7108	61605322	512	224	0	7108
7240	7	10634302970870	none	7109	61605322	512	224	0	7109
7241	0	10634320325350	none	7110	61605322	512	224	0	7110
7242	1	10634333544670	none	7111	61605322	512	224	0	7111
7243	2	10634350880070	none	7112	61605322	512	224	0	7112
7244	3	10634368091170	none	7113	61605322	512	224	0	7113
7245	4	10634385276200	none	7114	61605322	512	224	0	7114
7246	5	10634402465400	none	7115	61605322	512	224	0	7115
7247	6	10634419695350	none	7116	61605322	512	224	0	7116
7248	7	10634436904110	none	7117	61605322	512	224	0	7117
7249	0	10634450078910	none	7118	61605322	512	224	0	7118
7250	1	10634467269310	none	7119	61605322	512	224	0	7119
7251	2	10634484439100	none	7120	61605322	512	224	0	7120
7252	3	10634501666010	none	7121	61605322	512	224	0	7121
7253	4	10634518873330	none	7122	61605322	512	224	0	7122
7254	5	10634536132240	none	7123	61605322	512	224	0	7123
7255	6	10634553305540	none	7124	61605322	512	224	0	7124
7256	7	10634566619000	none	7125	61605322	512	224	0	7125
7257	0	10634583828390	none	7126	61605322	512	224	0	7126
7258	1	10634601041930	none	7127	61605322	512	224	0	7127
7259	2	10634618231020	none	7128	61605322	512	224	0	7128
7260	3	10634635477990	none	7129	61605322	512	224	0	7129
7261	4	10634652698620	none	7130	ac27bc18	512	224	0	7130
7262	5	10634669995080	none	7131	ac27bc18	512	224	0	7131
7263	6	10634683174370	none	7132	ac27bc18	512	224	0	7132
7264	7	10634700368960	none	7133	ac27bc18	512	224	0	7133
7265	0	10634717574380	none	7134	0e1f4d53	512	224	0	7134
7266	1	10634734806200	none	7135	0e1f4d53	512	224	0	7135
7267	2	10634752036570	none	7136	0e1f4d53	512	224	0	7136
7268	3	10634769356790	none	7137	0e1f4d53	512	224	0	7137
7269	4	10634786563300	none	7138	fa486de2	512	224	0	7138
7270	5	10634799767080	none	7139	fa486de2	512	224	0	7139
7271	6	10634817070690	none	7140	fa486de2	512	224	0	7140
7272	7	10634834263490	none	7141	fa486de2	512	224	0	7141
7273	0	10634851492310	none	7142	59bfcc4b	512	224	0	7142
7274	1	10634868749520	none	7143	59bfcc4b	512	224	0	7143
7275	2	10634885971940	none	7144	59bfcc4b	512	224	0	7144
7276	3	10634899245270	none	7145	59bfcc4b	512	224	0	7145
7277	4	10634916433020	none	7146	6cf46cf5	512	224	0	7146
7278	5	10634933696540	none	7147	6cf46cf5	512	224	0	7147
7279	6	10634950984710	none	7148	6cf46cf5	512	224	0	7148
7280	7	10634968323780	none	7149	6cf46cf5	512	224	0	7149
7281	0	10634985525230	none	7150	17ad5e39	512	224	0	7150
7282	1	10635002771010	none	7151	17ad5e39	512	224	0	7151
7283	2	10635015957070	none	7152	17ad5e39	512	224	0	7152
7284	3	10635033163540	none	7153	17ad5e39	512	224	0	7153
7285	4	10635050352190	none	7154	d5742f06	512	224	0	7154
7286	5	10635067590470	none	7155	d5742f06	512	224	0	7155
7287	6	10635084824950	none	7156	d5742f06	512	224	0	7156
7288	7	10635102030220	none	7157	d5742f06	512	224	0	7157
7289	0	10635119326970	none	7158	97e6c53b	512	224	0	7158
7290	1	10635132643150	none	7159	97e6c53b	512	224	0	7159
7291	2	10635149974440	none	7160	97e6c53b	512	224	0	7160
7292	3	10635167200180	none	7161	97e6c53b	512	224	0	7161
7293	4	10635184392630	none	7162	d18348ce	512	224	0	7162
7294	5	10635201635370	none	7163	d18348ce	512	224	0	7163
7295	6	10635218938350	none	7164	d18348ce	512	224	0	7164
7296	7	10635232128820	none	7165	d18348ce	512	224	0	7165
7297	0	10635249330770	none	7166	601a44cd	512	224	0	7166
7298	1	10635266541860	none	7167	601a44cd	512	224	0	7167
7299	2	10635283816610	none	7168	601a44cd	512	224	0	7168
7300	3	10635300998930	none	7169	601a44cd	512	224	0	7169
7301	4	10635318349310	none	7170	c13dba27	512	224	0	7170
7302	5	10635335592650	none	7171	c13dba27	512	224	0	7171
7303	6	10635348780110	none	7172	c13dba27	512	224	0	7172
7304	7	10635365967890	none	7173	c13dba27	512	224	0	7173
7305	0	10635383200080	none	7174	2bd62a54	512	224	0	7174
7306	1	10635400540990	none	7175	2bd62a54	512	224	0	7175
7307	2	10635417906970	none	7176	2bd62a54	512	224	0	7176
7308	3	10635435164070	none	7177	2bd62a54	512	224	0	7177
7309	4	10635452356010	none	7178	a6058125	512	224	0	7178
7310	5	10635465554930	none	7179	a6058125	512	224	0	7179
7311	6	10635482773690	none	7180	a6058125	512	224	0	7180
7312	7	10635499990170	none	7181	a6058125	512	224	0	7181
7313	0	10635517359990	none	7182	f67ec5c9	512	224	0	7182
7314	1	10635534594000	none	7183	f67ec5c9	512	224	0	7183
7315	2	10635551816740	none	7184	f67ec5c9	512	224	0	7184
7316	3	10635564988120	none	7185	f67ec5c9	512	224	0	7185
7317	4	10635582196920	none	7186	362024e4	512	224	0	7186
7318	5	10635599390680	none	7187	362024e4	512	224	0	7187
7319	6	10635616635960	none	7188	362024e4	512	224	0	7188
7320	7	10635633902290	none	7189	362024e4	512	224	0	7189
7321	0	10635651171260	none	7190	362024e4	512	224	0	7190
7322	1	10635668401640	none	7191	362024e4	512	224	0	7191
7323	2	10635681601310	none	7192	362024e4	512	224	0	7192
7324	3	10635698836190	none	7193	362024e4	512	224	0	7193
7325	4	10635716057740	none	7194	362024e4	512	224	0	7194
7326	5	10635733248660	none	7195	362024e4	512	224	0	7195
7327	6	10635750447920	none	7196	362024e4	512	224	0	7196
7328	7	10635767780550	none	7197	362024e4	512	224	0	7197
7329	0	10635781137300	none	7198	362024e4	512	224	0	7198
7330	1	10635798464000	none	7199	362024e4	512	224	0	7199
7331	2	10635815676140	none	7200	362024e4	512	224	0	7200
7332	3	10635832891610	none	7201	362024e4	512	224	0	7201
7333	4	10635850106380	none	7202	362024e4	512	224	0	7202
7334	5	10635867304740	none	7203	362024e4	512	224	0	7203
7335	6	10635884561230	none	7204	362024e4	512	224	0	7204
7336	7	10635897742050	none	7205	362024e4	512	224	0	7205
7337	0	10635914980380	none	7206	362024e4	512	224	0	7206
7338	1	10635932210040	none	7207	362024e4	512	224	0	7207
7339	2	10635949391890	none	7208	362024e4	512	224	0	7208
7340	3	10635966718510	none	7209	362024e4	512	224	0	7209
7341	4	10635983946160	none	7210	362024e4	512	224	0	7210
7342	5	10636001157580	none	7211	362024e4	512	224	0	7211
7343	6	10636014317040	none	7212	362024e4	512	224	0	7212
7344	7	10636031518200	none	7213	362024e4	512	224	0	7213
7345	0	10636048728010	none	7214	362024e4	512	224	0	7214
7346	1	10636065939780	none	7215	362024e4	512	224	0	7215
7347	2	10636083162460	none	7216	362024e4	512	224	0	7216
7348	3	10636100358760	none	7217	362024e4	512	224	0	7217
7349	4	10636117571320	none	7218	362024e4	512	224	0	7218
7350	5	10636130790040	none	7219	362024e4	512	224	0	7219
7351	6	10636147980360	none	7220	362024e4	512	224	0	7220
7352	7	10636165342240	none	7221	362024e4	512	224	0	7221
7353	0	10636182678470	none	7222	362024e4	512	224	0	7222
7354	1	10636199875150	none	7223	362024e4	512	224	0	7223
7355	2	10636217102740	none	7224	362024e4	512	224	0	7224
7356	3	10636234293620	none	7225	362024e4	512	224	0	7225
7357	4	10636247466470	none	7226	362024e4	512	224	0	7226
7358	5	10636264683580	none	7227	362024e4	512	224	0	7227
7359	6	10636281868210	none	7228	362024e4	512	224	0	7228
7360	7	10636299086840	none	7229	362024e4	512	224	0	7229
7361	0	10636316290690	none	7230	362024e4	512	224	0	7230
7362	1	10636333493360	none	7231	362024e4	512	224	0	7231
7363	2	10636350717590	none	7232	362024e4	512	224	0	7232
7364	3	10636363877290	none	7233	362024e4	512	224	0	7233
7365	4	10636381125730	none	7234	362024e4	512	224	0	7234
7366	5	10636398312570	none	7235	362024e4	512	224	0	7235
7367	6	10636415651250	none	7236	362024e4	512	224	0	7236
7368	7	10636432942390	none	7237	362024e4	512	224	0	7237
7369	0	10636450246140	none	7238	362024e4	512	224	0	7238
7370	1	10636463518720	none	7239	362024e4	512	224	0	7239
7371	2	10636480737150	none	7240	362024e4	512	224	0	7240
7372	3	10636497955750	none	7241	362024e4	512	224	0	7241
7373	4	10636515189960	none	7242	362024e4	512	224	0	7242
7374	5	10636532400050	none	7243	362024e4	512	224	0	7243
7375	6	10636549622590	none	7244	362024e4	512	224	0	7244
7376	7	10636566838680	none	7245	362024e4	512	224	0	7245
7377	0	10636580164380	none	7246	362024e4	512	224	0	7246
7378	1	10636597350040	none	7247	362024e4	512	224	0	7247
7379	2	10636614673770	none	7248	362024e4	512	224	0	7248
7380	3	10636631951630	none	7249	362024e4	512	224	0	7249
7381	4	10636649165180	none	7250	362024e4	512	224	0	7250
7382	5	10636666365400	none	7251	362024e4	512	224	0	7251
7383	6	10636683575650	none	7252	362024e4	512	224	0	7252
7384	7	10636696754670	none	7253	362024e4	512	224	0	7253
7385	0	10636713998560	none	7254	362024e4	512	224	0	7254
7386	1	10636731236040	none	7255	362024e4	512	224	0	7255
7387	2	10636748441920	none	7256	362024e4	512	224	0	7256
7388	3	10636765667400	none	7257	362024e4	512	224	0	7257
7389	4	10636782878820	none	7258	362024e4	512	224	0	7258
7390	5	10636800130950	none	7259	362024e4	512	224	0	7259
7391	6	10636813285590	none	7260	362024e4	512	224	0	7260
7392	7	10636830496640	none	7261	362024e4	512	224	0	7261
7393	0	10636847714780	none	7262	362024e4	512	224	0	7262
7394	1	10636865014280	none	7263	362024e4	512	224	0	7263
7395	2	10636882200080	none	7264	362024e4	512	224	0	7264
7396	3	10636899388190	none	7265	362024e4	512	224	0	7265
7397	4	10636916620350	none	7266	362024e4	512	224	0	7266
7398	5	10636929887720	none	7267	362024e4	512	224	0	7267
7399	6	10636947122380	none	7268	362024e4	512	224	0	7268
7400	7	10636964304920	none	7269	362024e4	512	224	0	7269
7401	0	10636981541650	none	7270	362024e4	512	224	0	7270
7402	1	10636998747020	none	7271	362024e4	512	224	0	7271
7403	2	10637015951130	none	7272	362024e4	512	224	0	7272
7404	3	10637029299140	none	7273	362024e4	512	224	0	7273
7405	4	10637046528810	none	7274	362024e4	512	224	0	7274
7406	5	10637063825540	none	7275	362024e4	512	224	0	7275
7407	6	10637081047070	none	7276	362024e4	512	224	0	7276
7408	7	10637098239870	none	7277	362024e4	512	224	0	7277
7409	0	10637115441790	none	7278	362024e4	512	224	0	7278
7410	1	10637132666470	none	7279	362024e4	512	224	0	7279
7411	2	10637145839670	none	7280	362024e4	512	224	0	7280
7412	3	10637163203570	none	7281	362024e4	512	224	0	7281
7413	4	10637180398040	none	7282	362024e4	512	224	0	7282
7414	5	10637197625230	none	7283	362024e4	512	224	0	7283
7415	6	10637214836430	none	7284	362024e4	512	224	0	7284
7416	7	10637232203210	none	7285	362024e4	512	224	0	7285
7417	0	10637245394530	none	7286	362024e4	512	224	0	7286
7418	1	10637262725720	none	7287	362024e4	512	224	0	7287
7419	2	10637279953150	none	7288	362024e4	512	224	0	7288
7420	3	10637297183670	none	7289	362024e4	512	224	0	7289
7421	4	10637314356950	none	7290	362024e4	512	224	0	7290
7422	5	10637331580360	none	7291	362024e4	512	224	0	7291
7423	6	10637348790630	none	7292	362024e4	512	224	0	7292
7424	7	10637361957460	none	7293	362024e4	512	224	0	7293
7425	0	10637379167120	none	7294	362024e4	512	224	0	7294
7426	1	10637396355270	none	7295	362024e4	512	224	0	7295
7427	2	10637413588190	none	7296	362024e4	512	224	0	7296
7428	3	10637430792560	none	7297	362024e4	512	224	0	7297
7429	4	10637448124710	none	7298	362024e4	512	224	0	7298
7430	5	10637465326580	none	7299	362024e4	512	224	0	7299
7431	6	10637478630750	none	7300	362024e4	512	224	0	7300
7432	7	10637495891870	none	7301	362024e4	512	224	0	7301
7433	0	10637513272310	none	7302	362024e4	512	224	0	7302
7434	1	10637530488490	none	7303	362024e4	512	224	0	7303
7435	2	10637547706430	none	7304	362024e4	512	224	0	7304
7436	3	10637565007810	none	7305	362024e4	512	224	0	7305
7437	4	10637578167920	none	7306	362024e4	512	224	0	7306
7438	5	10637595354850	none	7307	362024e4	512	224	0	7307
7439	6	10637612573620	none	7308	362024e4	512	224	0	7308
7440	7	10637629791890	none	7309	362024e4	512	224	0	7309
7441	0	10637647120980	none	7310	362024e4	512	224	0	7310
7442	1	10637664315700	none	7311	362024e4	512	224	0	7311
7443	2	10637681642560	none	7312	362024e4	512	224	0	7312
7444	3	10637694902520	none	7313	362024e4	512	224	0	7313
7445	4	10637712139440	none	7314	362024e4	512	224	0	7314
7446	5	10637729320520	none	7315	362024e4	512	224	0	7315
7447	6	10637746547380	none	7316	362024e4	512	224	0	7316
7448	7	10637763773730	none	7317	362024e4	512	224	0	7317
7449	0	10637781182670	none	7318	362024e4	512	224	0	7318
7450	1	10637798376450	none	7319	362024e4	512	224	0	7319
7451	2	10637811574130	none	7320	362024e4	512	224	0	7320
7452	3	10637828789370	none	7321	362024e4	512	224	0	7321
7453	4	10637846018940	none	7322	362024e4	512	224	0	7322
7454	5	10637863204620	none	7323	362024e4	512	224	0	7323
7455	6	10637880398430	none	7324	362024e4	512	224	0	7324
7456	7	10637897612370	none	7325	362024e4	512	224	0	7325
7457	0	10637914880670	none	7326	362024e4	512	224	0	7326
7458	1	10637928115120	none	7327	362024e4	512	224	0	7327
7459	2	10637945304140	none	7328	362024e4	512	224	0	7328
7460	3	10637962537330	none	7329	362024e4	512	224	0	7329
7461	4	10637979759890	none	7330	362024e4	512	224	0	7330
7462	5	10637996971120	none	7331	362024e4	512	224	0	7331
7463	6	10638014170990	none	7332	362024e4	512	224	0	7332
7464	7	10638031410860	none	7333	362024e4	512	224	0	7333
7465	0	10638044633470	none	7334	362024e4	512	224	0	7334
7466	1	10638062003320	none	7335	362024e4	512	224	0	7335
7467	2	10638079200950	none	7336	362024e4	512	224	0	7336
7468	3	10638096383050	none	7337	362024e4	512	224	0	7337
7469	4	10638113662060	none	7338	362024e4	512	224	0	7338
7470	5	10638130977280	none	7339	362024e4	512	224	0	7339
7471	6	10638144120150	none	7340	362024e4	512	224	0	7340
7472	7	10638161325440	none	7341	362024e4	512	224	0	7341
7473	0	10638178570960	none	7342	362024e4	512	224	0	7342
7474	1	10638195780580	none	7343	362024e4	512	224	0	7343
7475	2	10638213002280	none	7344	362024e4	512	224	0	7344
7476	3	10638230337250	none	7345	362024e4	512	224	0	7345
7477	4	10638247575950	none	7346	362024e4	512	224	0	7346
7478	5	10638260764190	none	7347	362024e4	512	224	0	7347
7479	6	10638277972040	none	7348	362024e4	512	224	0	7348
7480	7	10638295162970	none	7349	362024e4	512	224	0	7349
7481	0	10638312376180	none	7350	362024e4	512	224	0	7350
7482	1	10638329644370	none	7351	362024e4	512	224	0	7351
7483	2	10638346939980	none	7352	362024e4	512	224	0	7352
7484	3	10638364158220	none	7353	362024e4	512	224	0	7353
7485	4	10638377305150	none	7354	362024e4	512	224	0	7354
7486	5	10638394514730	none	7355	362024e4	512	224	0	7355
7487	6	10638411730510	none	7356	362024e4	512	224	0	7356
7488	7	10638428963150	none	7357	362024e4	512	224	0	7357
7489	0	10638446145670	none	7358	362024e4	512	224	0	7358
7490	1	10638463336280	none	7359	362024e4	512	224	0	7359
7491	2	10638480587610	none	7360	362024e4	512	224	0	7360
7492	3	10638493781340	none	7361	362024e4	512	224	0	7361
7493	4	10638511028980	none	7362	362024e4	512	224	0	7362
7494	5	10638528222060	none	7363	362024e4	512	224	0	7363
7495	6	10638545439770	none	7364	362024e4	512	224	0	7364
7496	7	10638562654940	none	7365	362024e4	512	224	0	7365
7497	0	10638579934870	none	7366	362024e4	512	224	0	7366
7498	1	10638597156680	none	7367	362024e4	512	224	0	7367
7499	2	10638610294220	none	7368	362024e4	512	224	0	7368
7500	3	10638627513270	none	7369	362024e4	512	224	0	7369
7501	4	10638644785220	none	7370	362024e4	512	224	0	7370
7502	5	10638661996690	none	7371	362024e4	512	224	0	7371
7503	6	10638679329180	none	7372	362024e4	512	224	0	7372
7504	7	10638696556340	none	7373	362024e4	512	224	0	7373
7505	0	10638709739210	none	7374	362024e4	512	224	0	7374
7506	1	10638726957700	none	7375	362024e4	512	224	0	7375
7507	2	10638744130440	none	7376	362024e4	512	224	0	7376
7508	3	10638761322750	none	7377	362024e4	512	224	0	7377
7509	4	10638778685180	none	7378	362024e4	512	224	0	7378
7510	5	10638795977340	none	7379	362024e4	512	224	0	7379
7511	6	10638813176960	none	7380	362024e4	512	224	0	7380
7512	7	10638826341990	none	7381	362024e4	512	224	0	7381
7513	0	10638843594800	none	7382	362024e4	512	224	0	7382
7514	1	10638860795420	none	7383	362024e4	512	224	0	7383
7515	2	10638878155020	none	7384	362024e4	512	224	0	7384
7516	3	10638895339440	none	7385	362024e4	512	224	0	7385
7517	4	10638912593830	none	7386	362024e4	512	224	0	7386
7518	5	10638929807730	none	7387	362024e4	512	224	0	7387
7519	6	10638942984210	none	7388	362024e4	512	224	0	7388
7520	7	10638960174210	none	7389	362024e4	512	224	0	7389
7521	0	10638977361640	none	7390	362024e4	512	224	0	7390
7522	1	10638994599820	none	7391	362024e4	512	224	0	7391
7523	2	10639011887150	none	7392	362024e4	512	224	0	7392
7524	3	10639029117030	none	7393	362024e4	512	224	0	7393
7525	4	10639046326630	none	7394	362024e4	512	224	0	7394
7526	5	10639059514510	none	7395	362024e4	512	224	0	7395
7527	6	10639076727660	none	7396	362024e4	512	224	0	7396
7528	7	10639094096060	none	7397	362024e4	512	224	0	7397
7529	0	10639111327410	none	7398	362024e4	512	224	0	7398
7530	1	10639128554230	none	7399	362024e4	512	224	0	7399
7531	2	10639145772720	none	7400	362024e4	512	224	0	7400
7532	3	10639159084010	none	7401	362024e4	512	224	0	7401
7533	4	10639176267550	none	7402	362024e4	512	224	0	7402
7534	5	10639193485960	none	7403	362024e4	512	224	0	7403
7535	6	10639210698270	none	7404	362024e4	512	224	0	7404
7536	7	10639227991670	none	7405	362024e4	512	224	0	7405
7537	0	10639245191630	none	7406	362024e4	512	224	0	7406
7538	1	10639262383420	none	7407	362024e4	512	224	0	7407
7539	2	10639275598890	none	7408	362024e4	512	224	0	7408
7540	3	10639292823200	none	7409	362024e4	512	224	0	7409
7541	4	10639310056080	none	7410	362024e4	512	224	0	7410
7542	5	10639327404460	none	7411	362024e4	512	224	0	7411
7543	6	10639344630560	none	7412	362024e4	512	224	0	7412
7544	7	10639361834640	none	7413	362024e4	512	224	0	7413
7545	0	10639379085970	none	7414	362024e4	512	224	0	7414
7546	1	10639392284630	none	7415	362024e4	512	224	0	7415
7547	2	10639409522530	none	7416	362024e4	512	224	0	7416
7548	3	10639426740050	none	7417	362024e4	512	224	0	7417
7549	4	10639443922220	none	7418	362024e4	512	224	0	7418
7550	5	10639461144540	none	7419	362024e4	512	224	0	7419
7551	6	10639478362620	none	7420	362024e4	512	224	0	7420
7552	7	10639495591130	none	7421	362024e4	512	224	0	7421
7553	0	10639508771020	none	7422	362024e4	512	224	0	7422
7554	1	10639526152150	none	7423	362024e4	512	224	0	7423
7555	2	10639543338880	none	7424	362024e4	512	224	0	7424
7556	3	10639560568420	none	7425	362024e4	512	224	0	7425
7557	4	10639577813730	none	7426	362024e4	512	224	0	7426
7558	5	10639595025160	none	7427	362024e4	512	224	0	7427
7559	6	10639608168210	none	7428	362024e4	512	224	0	7428
7560	7	10639625457500	none	7429	362024e4	512	224	0	7429
7561	0	10639642725580	none	7430	362024e4	512	224	0	7430
7562	1	10639659951680	none	7431	362024e4	512	224	0	7431
7563	2	10639677150120	none	7432	362024e4	512	224	0	7432
7564	3	10639694317510	none	7433	362024e4	512	224	0	7433
7565	4	10639711543160	none	7434	362024e4	512	224	0	7434
7566	5	10639724721150	none	7435	362024e4	512	224	0	7435
7567	6	10639742130920	none	7436	362024e4	512	224	0	7436
7568	7	10639759334940	none	7437	362024e4	512	224	0	7437
7569	0	10639776679940	none	7438	362024e4	512	224	0	7438
7570	1	10639793970430	none	7439	362024e4	512	224	0	7439
7571	2	10639811162330	none	7440	362024e4	512	224	0	7440
7572	3	10639828389610	none	7441	362024e4	512	224	0	7441
7573	4	10639841574790	none	7442	362024e4	512	224	0	7442
7574	5	10639858935830	none	7443	362024e4	512	224	0	7443
7575	6	10639876146730	none	7444	362024e4	512	224	0	7444
7576	7	10639893345880	none	7445	362024e4	512	224	0	7445
7577	0	10639910687400	none	7446	362024e4	512	224	0	7446
7578	1	10639927888660	none	7447	362024e4	512	224	0	7447
7579	2	10639941194200	none	7448	362024e4	512	224	0	7448
7580	3	10639958376400	none	7449	362024e4	512	224	0	7449
7581	4	10639975731020	none	7450	362024e4	512	224	0	7450
7582	5	10639993024840	none	7451	362024e4	512	224	0	7451
7583	6	10640010235060	none	7452	362024e4	512	224	0	7452
7584	7	10640027438150	none	7453	362024e4	512	224	0	7453
7585	0	10640044662530	none	7454	362024e4	512	224	0	7454
7586	1	10640057839070	none	7455	362024e4	512	224	0	7455
7587	2	10640075256990	none	7456	362024e4	512	224	0	7456
7588	3	10640092565010	none	7457	362024e4	512	224	0	7457
7589	4	10640109804890	none	7458	362024e4	512	224	0	7458
7590	5	10640127033040	none	7459	362024e4	512	224	0	7459
7591	6	10640144225060	none	7460	362024e4	512	224	0	7460
7592	7	10640157395440	none	7461	362024e4	512	224	0	7461
7593	0	10640174660410	none	7462	362024e4	512	224	0	7462
7594	1	10640192006270	none	7463	362024e4	512	224	0	7463
7595	2	10640209229770	none	7464	362024e4	512	224	0	7464
7596	3	10640226457350	none	7465	362024e4	512	224	0	7465
7597	4	10640243681840	none	7466	362024e4	512	224	0	7466
7598	5	10640260907370	none	7467	362024e4	512	224	0	7467
7599	6	10640274072350	none	7468	362024e4	512	224	0	7468
7600	7	10640291269360	none	7469	362024e4	512	224	0	7469
7601	0	10640308523410	none	7470	362024e4	512	224	0	7470
7602	1	10640325783100	none	7471	362024e4	512	224	0	7471
7603	2	10640343008010	none	7472	362024e4	512	224	0	7472
7604	3	10640360188610	none	7473	362024e4	512	224	0	7473
7605	4	10640377398270	none	7474	362024e4	512	224	0	7474
7606	5	10640390687230	none	7475	362024e4	512	224	0	7475
7607	6	10640407893040	none	7476	362024e4	512	224	0	7476
7608	7	10640425170330	none	7477	362024e4	512	224	0	7477
7609	0	10640442573820	none	7478	362024e4	512	224	0	7478
7610	1	10640459803860	none	7479	362024e4	512	224	0	7479
7611	2	10640477010260	none	7480	362024e4	512	224	0	7480
7612	3	10640490306770	none	7481	362024e4	512	224	0	7481
7613	4	10640507512380	none	7482	362024e4	512	224	0	7482
7614	5	10640524821300	none	7483	362024e4	512	224	0	7483
7615	6	10640542196090	none	7484	362024e4	512	224	0	7484
7616	7	10640559407520	none	7485	362024e4	512	224	0	7485
7617	0	10640576636030	none	7486	362024e4	512	224	0	7486
7618	1	10640593852670	none	7487	362024e4	512	224	0	7487
7619	2	10640607042020	none	7488	362024e4	512	224	0	7488
7620	3	10640624237050	none	7489	362024e4	512	224	0	7489
7621	4	10640641470040	none	7490	362024e4	512	224	0	7490
7622	5	10640658748880	none	7491	362024e4	512	224	0	7491
7623	6	10640675985430	none	7492	362024e4	512	224	0	7492
7624	7	10640693333150	none	7493	362024e4	512	224	0	7493
7625	0	10640706544500	none	7494	362024e4	512	224	0	7494
7626	1	10640723862610	none	7495	362024e4	512	224	0	7495
7627	2	10640741104710	none	7496	362024e4	512	224	0	7496
7628	3	10640758312040	none	7497	362024e4	512	224	0	7497
7629	4	10640775626870	none	7498	362024e4	512	224	0	7498
7630	5	10640793044880	none	7499	362024e4	512	224	0	7499
7631	6	10640806519240	none	7500	362024e4	512	224	0	7500
7632	7	10640824044560	none	7501	362024e4	512	224	0	7501
7633	0	10640841257910	none	7502	362024e4	512	224	0	7502
7634	1	10640858519760	none	7503	362024e4	512	224	0	7503
7635	2	10640875782880	none	7504	362024e4	512	224	0	7504
7636	3	10640893181820	none	7505	362024e4	512	224	0	7505
7637	4	10640906375010	none	7506	362024e4	512	224	0	7506
7638	5	10640923718840	none	7507	362024e4	512	224	0	7507
7639	6	10640940972240	none	7508	362024e4	512	224	0	7508
7640	7	10640958160420	none	7509	362024e4	512	224	0	7509
7641	0	10640975467660	none	7510	362024e4	512	224	0	7510
7642	1	10640992870800	none	7511	362024e4	512	224	0	7511
7643	2	10641006053620	none	7512	362024e4	512	224	0	7512
7644	3	10641023239030	none	7513	362024e4	512	224	0	7513
7645	4	10641040444660	none	7514	362024e4	512	224	0	7514
7646	5	10641057679020	none	7515	362024e4	512	224	0	7515
7647	6	10641074911220	none	7516	362024e4	512	224	0	7516
7648	7	10641092319920	none	7517	362024e4	512	224	0	7517
7649	0	10641109578090	none	7518	362024e4	512	224	0	7518
7650	1	10641122758860	none	7519	362024e4	512	224	0	7519
7651	2	10641139975160	none	7520	362024e4	512	224	0	7520
7652	3	10641157170580	none	7521	362024e4	512	224	0	7521
7653	4	10641174378430	none	7522	362024e4	512	224	0	7522
7654	5	10641191620140	none	7523	362024e4	512	224	0	7523
7655	6	10641208875670	none	7524	362024e4	512	224	0	7524
7656	7	10641226137100	none	7525	362024e4	512	224	0	7525
7657	0	10641239509150	none	7526	362024e4	512	224	0	7526
7658	1	10641256708530	none	7527	362024e4	512	224	0	7527
7659	2	10641274027530	none	7528	362024e4	512	224	0	7528
7660	3	10641291198790	none	7529	362024e4	512	224	0	7529
7661	4	10641308472670	none	7530	362024e4	512	224	0	7530
7662	5	10641325723570	none	7531	362024e4	512	224	0	7531
7663	6	10641339037820	none	7532	362024e4	512	224	0	7532
7664	7	10641356260110	none	7533	362024e4	512	224	0	7533
7665	0	10641373471220	none	7534	362024e4	512	224	0	7534
7666	1	10641390678270	none	7535	362024e4	512	224	0	7535
7667	2	10641407905210	none	7536	362024e4	512	224	0	7536
7668	3	10641425089610	none	7537	362024e4	512	224	0	7537
7669	4	10641442348950	none	7538	362024e4	512	224	0	7538
7670	5	10641455554950	none	7539	362024e4	512	224	0	7539
7671	6	10641472754040	none	7540	362024e4	512	224	0	7540
7672	7	10641489953170	none	7541	362024e4	512	224	0	7541
7673	0	10641507179920	none	7542	362024e4	512	224	0	7542
7674	1	10641524561810	none	7543	362024e4	512	224	0	7543
7675	2	10641541952360	none	7544	362024e4	512	224	0	7544
7676	3	10641555161660	none	7545	362024e4	512	224	0	7545
7677	4	10641572355330	none	7546	362024e4	512	224	0	7546
7678	5	10641589570340	none	7547	362024e4	512	224	0	7547
7679	6	10641606782680	none	7548	362024e4	512	224	0	7548
7680	7	10641624013370	none	7549	362024e4	512	224	0	7549
7681	0	10641641353910	none	7550	362024e4	512	224	0	7550
7682	1	10641658624890	none	7551	362024e4	512	224	0	7551
7683	2	10641671829140	none	7552	362024e4	512	224	0	7552
7684	3	10641689083620	none	7553	362024e4	512	224	0	7553
7685	4	10641706271790	none	7554	362024e4	512	224	0	7554
7686	5	10641723498260	none	7555	362024e4	512	224	0	7555
7687	6	10641740805510	none	7556	362024e4	512	224	0	7556
7688	7	10641758030290	none	7557	362024e4	512	224	0	7557
7689	0	10641771338280	none	7558	362024e4	512	224	0	7558
7690	1	10641788566800	none	7559	362024e4	512	224	0	7559
7691	2	10641805774930	none	7560	362024e4	512	224	0	7560
7692	3	10641822992520	none	7561	362024e4	512	224	0	7561
7693	4	10641840346800	none	7562	362024e4	512	224	0	7562
7694	5	10641857579810	none	7563	362024e4	512	224	0	7563
7695	6	10641874774310	none	7564	362024e4	512	224	0	7564
7696	7	10641888067050	none	7565	362024e4	512	224	0	7565
7697	0	10641905249130	none	7566	362024e4	512	224	0	7566
7698	1	10641922455770	none	7567	362024e4	512	224	0	7567
7699	2	10641939672750	none	7568	362024e4	512	224	0	7568
7700	3	10641956862970	none	7569	362024e4	512	224	0	7569
7701	4	10641974076250	none	7570	362024e4	512	224	0	7570
7702	5	10641991279450	none	7571	362024e4	512	224	0	7571
7703	6	10642004502450	none	7572	362024e4	512	224	0	7572
7704	7	10642021713160	none	7573	362024e4	512	224	0	7573
7705	0	10642038937810	none	7574	362024e4	512	224	0	7574
7706	1	10642056133610	none	7575	362024e4	512	224	0	7575
7707	2	10642073329980	none	7576	362024e4	512	224	0	7576
7708	3	10642090559540	none	7577	362024e4	512	224	0	7577
7709	4	10642107808450	none	7578	362024e4	512	224	0	7578
7710	5	10642121087980	none	7579	362024e4	512	224	0	7579
7711	6	10642138270630	none	7580	362024e4	512	224	0	7580
7712	7	10642155493880	none	7581	362024e4	512	224	0	7581
7713	0	10642172717240	none	7582	362024e4	512	224	0	7582
7714	1	10642190013270	none	7583	362024e4	512	224	0	7583
7715	2	10642207197120	none	7584	362024e4	512	224	0	7584
7716	3	10642224418130	none	7585	362024e4	512	224	0	7585
7717	4	10642237597510	none	7586	362024e4	512	224	0	7586
7718	5	10642254786800	none	7587	362024e4	512	224	0	7587
7719	6	10642271984850	none	7588	362024e4	512	224	0	7588
7720	7	10642289314450	none	7589	362024e4	512	224	0	7589
7721	0	10642306621720	none	7590	362024e4	512	224	0	7590
7722	1	10642323819680	none	7591	362024e4	512	224	0	7591
7723	2	10642337015830	none	7592	362024e4	512	224	0	7592
7724	3	10642354203890	none	7593	362024e4	512	224	0	7593
7725	4	10642371418530	none	7594	362024e4	512	224	0	7594
7726	5	10642388627900	none	7595	362024e4	512	224	0	7595
7727	6	10642405836070	none	7596	362024e4	512	224	0	7596
7728	7	10642423050560	none	7597	362024e4	512	224	0	7597
7729	0	10642440250960	none	7598	362024e4	512	224	0	7598
7730	1	10642457470500	none	7599	362024e4	512	224	0	7599
7731	2	10642470655250	none	7600	362024e4	512	224	0	7600
7732	3	10642487843990	none	7601	362024e4	512	224	0	7601
7733	4	10642505045660	none	7602	362024e4	512	224	0	7602
7734	5	10642522236530	none	7603	362024e4	512	224	0	7603
7735	6	10642539468380	none	7604	362024e4	512	224	0	7604
7736	7	10642556685860	none	7605	362024e4	512	224	0	7605
7737	0	10642573924340	none	7606	362024e4	512	224	0	7606
7738	1	10642587084770	none	7607	362024e4	512	224	0	7607
7739	2	10642604272300	none	7608	362024e4	512	224	0	7608
7740	3	10642621491400	none	7609	362024e4	512	224	0	7609
7741	4	10642638805610	none	7610	362024e4	512	224	0	7610
7742	5	10642656023880	none	7611	362024e4	512	224	0	7611
7743	6	10642673206540	none	7612	362024e4	512	224	0	7612
7744	7	10642690413350	none	7613	362024e4	512	224	0	7613
7745	0	10642703597770	none	7614	362024e4	512	224	0	7614
7746	1	10642720790150	none	7615	362024e4	512	224	0	7615
7747	2	10642738146840	none	7616	362024e4	512	224	0	7616
7748	3	10642755341580	none	7617	362024e4	512	224	0	7617
7749	4	10642772558110	none	7618	362024e4	512	224	0	7618
7750	5	10642789772880	none	7619	362024e4	512	224	0	7619
7751	6	10642802935370	none	7620	362024e4	512	224	0	7620
7752	7	10642820107560	none	7621	362024e4	512	224	0	7621
7753	0	10642837317830	none	7622	362024e4	512	224	0	7622
7754	1	10642854757500	none	7623	362024e4	512	224	0	7623
7755	2	10642871962140	none	7624	362024e4	512	224	0	7624
7756	3	10642889150670	none	7625	362024e4	512	224	0	7625
7757	4	10642906334140	none	7626	362024e4	512	224	0	7626
7758	5	10642919511370	none	7627	362024e4	512	224	0	7627
7759	6	10642936717630	none	7628	362024e4	512	224	0	7628
7760	7	10642953915840	none	7629	362024e4	512	224	0	7629
7761	0	10642971122860	none	7630	362024e4	512	224	0	7630
7762	1	10642988320750	none	7631	362024e4	512	224	0	7631
7763	2	10643005535180	none	7632	362024e4	512	224	0	7632
7764	3	10643022742470	none	7633	362024e4	512	224	0	7633
7765	4	10643035927930	none	7634	362024e4	512	224	0	7634
7766	5	10643053130210	none	7635	362024e4	512	224	0	7635
7767	6	10643070306820	none	7636	362024e4	512	224	0	7636
7768	7	10643087612240	none	7637	362024e4	512	224	0	7637
7769	0	10643104966350	none	7638	362024e4	512	224	0	7638
7770	1	10643122164270	none	7639	362024e4	512	224	0	7639
7771	2	10643139367040	none	7640	362024e4	512	224	0	7640
7772	3	10643152552280	none	7641	362024e4	512	224	0	7641
7773	4	10643169735450	none	7642	362024e4	512	224	0	7642
7774	5	10643187176440	none	7643	362024e4	512	224	0	7643
7775	6	10643204419530	none	7644	362024e4	512	224	0	7644
7776	7	10643221622620	none	7645	362024e4	512	224	0	7645
7777	0	10643238826560	none	7646	362024e4	512	224	0	7646
7778	1	10643252163080	none	7647	362024e4	512	224	0	7647
7779	2	10643269345600	none	7648	362024e4	512	224	0	7648
7780	3	10643286647830	none	7649	362024e4	512	224	0	7649
7781	4	10643303972960	none	7650	362024e4	512	224	0	7650
7782	5	10643321153250	none	7651	362024e4	512	224	0	7651
7783	6	10643338347260	none	7652	362024e4	512	224	0	7652
7784	7	10643355565370	none	7653	362024e4	512	224	0	7653
7785	0	10643368844640	none	7654	362024e4	512	224	0	7654
7786	1	10643386212730	none	7655	362024e4	512	224	0	7655
7787	2	10643403423800	none	7656	362024e4	512	224	0	7656
7788	3	10643420643960	none	7657	362024e4	512	224	0	7657
7789	4	10643437833140	none	7658	362024e4	512	224	0	7658
7790	5	10643455037530	none	7659	362024e4	512	224	0	7659
7791	6	10643472218190	none	7660	362024e4	512	224	0	7660
7792	7	10643485392930	none	7661	362024e4	512	224	0	7661
7793	0	10643502606900	none	7662	362024e4	512	224	0	7662
7794	1	10643519921570	none	7663	362024e4	512	224	0	7663
7795	2	10643537128370	none	7664	362024e4	512	224	0	7664
7796	3	10643554309110	none	7665	362024e4	512	224	0	7665
7797	4	10643571514480	none	7666	362024e4	512	224	0	7666
7798	5	10643588741040	none	7667	362024e4	512	224	0	7667
7799	6	10643601981850	none	7668	362024e4	512	224	0	7668
7800	7	10643619181530	none	7669	362024e4	512	224	0	7669
7801	0	10643636500820	none	7670	362024e4	512	224	0	7670
7802	1	10643653728540	none	7671	362024e4	512	224	0	7671
7803	2	10643671113550	none	7672	362024e4	512	224	0	7672
7804	3	10643688292640	none	7673	362024e4	512	224	0	7673
7805	4	10643701575920	none	7674	362024e4	512	224	0	7674
7806	5	10643718886030	none	7675	362024e4	512	224	0	7675
7807	6	10643736092140	none	7676	362024e4	512	224	0	7676
7808	7	10643753296920	none	7677	362024e4	512	224	0	7677
7809	0	10643770544600	none	7678	362024e4	512	224	0	7678
7810	1	10643787790300	none	7679	362024e4	512	224	0	7679
7811	2	10643805166680	none	7680	362024e4	512	224	0	7680
7812	3	10643818328330	none	7681	362024e4	512	224	0	7681
7813	4	10643835669920	none	7682	362024e4	512	224	0	7682
7814	5	10643852964050	none	7683	362024e4	512	224	0	7683
7815	6	10643870173680	none	7684	362024e4	512	224	0	7684
7816	7	10643887402290	none	7685	362024e4	512	224	0	7685
7817	0	10643904629250	none	7686	362024e4	512	224	0	7686
7818	1	10643917785310	none	7687	362024e4	512	224	0	7687
7819	2	10643934994600	none	7688	362024e4	512	224	0	7688
7820	3	10643952176910	none	7689	362024e4	512	224	0	7689
7821	4	10643969382370	none	7690	362024e4	512	224	0	7690
7822	5	10643986594460	none	7691	362024e4	512	224	0	7691
7823	6	10644003806700	none	7692	362024e4	512	224	0	7692
7824	7	10644021064330	none	7693	362024e4	512	224	0	7693
7825	0	10644034205010	none	7694	362024e4	512	224	0	7694
7826	1	10644051432630	none	7695	362024e4	512	224	0	7695
7827	2	10644068660740	none	7696	362024e4	512	224	0	7696
7828	3	10644086002870	none	7697	362024e4	512	224	0	7697
7829	4	10644103208110	none	7698	362024e4	512	224	0	7698
7830	5	10644120421900	none	7699	362024e4	512	224	0	7699
7831	6	10644137652820	none	7700	362024e4	512	224	0	7700
7832	7	10644150917370	none	7701	362024e4	512	224	0	7701
7833	0	10644168113730	none	7702	362024e4	512	224	0	7702
7834	1	10644185310350	none	7703	362024e4	512	224	0	7703
7835	2	10644202532980	none	7704	362024e4	512	224	0	7704
7836	3	10644219753130	none	7705	362024e4	512	224	0	7705
7837	4	10644236982660	none	7706	362024e4	512	224	0	7706
7838	5	10644254417200	none	7707	362024e4	512	224	0	7707
7839	6	10644267586820	none	7708	362024e4	512	224	0	7708
7840	7	10644284892720	none	7709	362024e4	512	224	0	7709
7841	0	10644302090230	none	7710	362024e4	512	224	0	7710
7842	1	10644319273450	none	7711	362024e4	512	224	0	7711
7843	2	10644336514300	none	7712	362024e4	512	224	0	7712
7844	3	10644353814690	none	7713	362024e4	512	224	0	7713
7845	4	10644367032210	none	7714	362024e4	512	224	0	7714
7846	5	10644384212500	none	7715	362024e4	512	224	0	7715
7847	6	10644401430420	none	7716	362024e4	512	224	0	7716
7848	7	10644418633190	none	7717	362024e4	512	224	0	7717
7849	0	10644435897120	none	7718	362024e4	512	224	0	7718
7850	1	10644453240480	none	7719	362024e4	512	224	0	7719
7851	2	10644470497990	none	7720	362024e4	512	224	0	7720
7852	3	10644483714880	none	7721	362024e4	512	224	0	7721
7853	4	10644500963440	none	7722	362024e4	512	224	0	7722
7854	5	10644518135570	none	7723	362024e4	512	224	0	7723
7855	6	10644535333410	none	7724	362024e4	512	224	0	7724
7856	7	10644552563470	none	7725	362024e4	512	224	0	7725
7857	0	10644569770220	none	7726	362024e4	512	224	0	7726
7858	1	10644586984330	none	7727	362024e4	512	224	0	7727
7859	2	10644600139360	none	7728	362024e4	512	224	0	7728
7860	3	10644617379540	none	7729	362024e4	512	224	0	7729
7861	4	10644634667370	none	7730	362024e4	512	224	0	7730
7862	5	10644651903420	none	7731	362024e4	512	224	0	7731
7863	6	10644669133250	none	7732	362024e4	512	224	0	7732
7864	7	10644686345090	none	7733	362024e4	512	224	0	7733
7865	0	10644703685860	none	7734	362024e4	512	224	0	7734
7866	1	10644716873360	none	7735	362024e4	512	224	0	7735
7867	2	10644734063900	none	7736	362024e4	512	224	0	7736
7868	3	10644751262030	none	7737	362024e4	512	224	0	7737
7869	4	10644768478310	none	7738	362024e4	512	224	0	7738
7870	5	10644785673950	none	7739	362024e4	512	224	0	7739
7871	6	10644802977760	none	7740	362024e4	512	224	0	7740
7872	7	10644820178280	none	7741	362024e4	512	224	0	7741
7873	0	10644833351420	none	7742	362024e4	512	224	0	7742
7874	1	10644850571590	none	7743	362024e4	512	224	0	7743
7875	2	10644867772620	none	7744	362024e4	512	224	0	7744
7876	3	10644885001120	none	7745	362024e4	512	224	0	7745
7877	4	10644902369260	none	7746	362024e4	512	224	0	7746
7878	5	10644919576220	none	7747	362024e4	512	224	0	7747
7879	6	10644932726370	none	7748	362024e4	512	224	0	7748
7880	7	10644949965300	none	7749	362024e4	512	224	0	7749
7881	0	10644967205470	none	7750	362024e4	512	224	0	7750
7882	1	10644984419030	none	7751	362024e4	512	224	0	7751
7883	2	10645001627370	none	7752	362024e4	512	224	0	7752
7884	3	10645018839560	none	7753	362024e4	512	224	0	7753
7885	4	10645036033970	none	7754	362024e4	512	224	0	7754
7886	5	10645049208590	none	7755	362024e4	512	224	0	7755
7887	6	10645066425350	none	7756	362024e4	512	224	0	7756
7888	7	10645083662890	none	7757	362024e4	512	224	0	7757
7889	0	10645100874800	none	7758	362024e4	512	224	0	7758
7890	1	10645118129300	none	7759	362024e4	512	224	0	7759
7891	2	10645135345010	none	7760	362024e4	512	224	0	7760
7892	3	10645152580290	none	7761	362024e4	512	224	0	7761
7893	4	10645165747300	none	7762	362024e4	512	224	0	7762
7894	5	10645183015690	none	7763	362024e4	512	224	0	7763
7895	6	10645200201360	none	7764	362024e4	512	224	0	7764
7896	7	10645217422960	none	7765	362024e4	512	224	0	7765
7897	0	10645234669610	none	7766	362024e4	512	224	0	7766
7898	1	10645252017760	none	7767	362024e4	512	224	0	7767
7899	2	10645269220940	none	7768	362024e4	512	224	0	7768
7900	3	10645282401940	none	7769	362024e4	512	224	0	7769
7901	4	10645299619000	none	7770	362024e4	512	224	0	7770
7902	5	10645316801570	none	7771	362024e4	512	224	0	7771
7903	6	10645334033150	none	7772	362024e4	512	224	0	7772
7904	7	10645351372180	none	7773	362024e4	512	224	0	7773
7905	0	10645368604030	none	7774	362024e4	512	224	0	7774
7906	1	10645385800510	none	7775	362024e4	512	224	0	7775
7907	2	10645398990600	none	7776	362024e4	512	224	0	7776
7908	3	10645416157150	none	7777	362024e4	512	224	0	7777
7909	4	10645433366400	none	7778	362024e4	512	224	0	7778
7910	5	10645450591930	none	7779	362024e4	512	224	0	7779
7911	6	10645467792220	none	7780	362024e4	512	224	0	7780
7912	7	10645485003530	none	7781	362024e4	512	224	0	7781
7913	0	10645502249270	none	7782	362024e4	512	224	0	7782
7914	1	10645515431900	none	7783	362024e4	512	224	0	7783
7915	2	10645532649860	none	7784	362024e4	512	224	0	7784
7916	3	10645549864500	none	7785	362024e4	512	224	0	7785
7917	4	10645567059100	none	7786	362024e4	512	224	0	7786
7918	5	10645584256150	none	7787	362024e4	512	224	0	7787
7919	6	10645601518720	none	7788	362024e4	512	224	0	7788
7920	7	10645618751130	none	7789	362024e4	512	224	0	7789
7921	0	10645632074810	none	7790	362024e4	512	224	0	7790
7922	1	10645649266610	none	7791	362024e4	512	224	0	7791
7923	2	10645666490590	none	7792	362024e4	512	224	0	7792
7924	3	10645683711150	none	7793	362024e4	512	224	0	7793
7925	4	10645700988540	none	7794	362024e4	512	224	0	7794
7926	5	10645718209540	none	7795	362024e4	512	224	0	7795
7927	6	10645731393140	none	7796	362024e4	512	224	0	7796
7928	7	10645748599740	none	7797	362024e4	512	224	0	7797
7929	0	10645765841660	none	7798	362024e4	512	224	0	7798
7930	1	10645783178600	none	7799	362024e4	512	224	0	7799
7931	2	10645800544710	none	7800	362024e4	512	224	0	7800
7932	3	10645818006080	none	7801	362024e4	512	224	0	7801
7933	4	10645831266610	none	7802	362024e4	512	224	0	7802
7934	5	10645848831330	none	7803	362024e4	512	224	0	7803
7935	6	10645866018610	none	7804	362024e4	512	224	0	7804
7936	7	10645883224970	none	7805	362024e4	512	224	0	7805
7937	0	10645900478140	none	7806	362024e4	512	224	0	7806
7938	1	10645917689180	none	7807	362024e4	512	224	0	7807
7939	2	10645934907980	none	7808	362024e4	512	224	0	7808
7940	3	10645948055540	none	7809	362024e4	512	224	0	7809
7941	4	10645965213470	none	7810	362024e4	512	224	0	7810
7942	5	10645982429480	none	7811	362024e4	512	224	0	7811
7943	6	10645999747020	none	7812	362024e4	512	224	0	7812
7944	7	10646017020990	none	7813	362024e4	512	224	0	7813
7945	0	10646034239160	none	7814	362024e4	512	224	0	7814
7946	1	10646051463680	none	7815	362024e4	512	224	0	7815
7947	2	10646064634090	none	7816	362024e4	512	224	0	7816
7948	3	10646081827320	none	7817	362024e4	512	224	0	7817
7949	4	10646099194860	none	7818	362024e4	512	224	0	7818
7950	5	10646116433370	none	7819	362024e4	512	224	0	7819
7951	6	10646133675390	none	7820	362024e4	512	224	0	7820
7952	7	10646151004110	none	7821	362024e4	512	224	0	7821
7953	0	10646164139290	none	7822	362024e4	512	224	0	7822
7954	1	10646181339460	none	7823	362024e4	512	224	0	7823
7955	2	10646198539590	none	7824	362024e4	512	224	0	7824
7956	3	10646215743730	none	7825	362024e4	512	224	0	7825
7957	4	10646232967590	none	7826	362024e4	512	224	0	7826
7958	5	10646250183480	none	7827	362024e4	512	224	0	7827
7959	6	10646267411900	none	7828	362024e4	512	224	0	7828
7960	7	10646280602890	none	7829	362024e4	512	224	0	7829
7961	0	10646297870960	none	7830	362024e4	512	224	0	7830
7962	1	10646315085880	none	7831	362024e4	512	224	0	7831
7963	2	10646332286660	none	7832	362024e4	512	224	0	7832
7964	3	10646349510810	none	7833	362024e4	512	224	0	7833
7965	4	10646366709810	none	7834	362024e4	512	224	0	7834
7966	5	10646384064150	none	7835	362024e4	512	224	0	7835
7967	6	10646397250450	none	7836	362024e4	512	224	0	7836
7968	7	10646414486320	none	7837	362024e4	512	224	0	7837
7969	0	10646431685360	none	7838	362024e4	512	224	0	7838
7970	1	10646448962280	none	7839	362024e4	512	224	0	7839
7971	2	10646466187860	none	7840	362024e4	512	224	0	7840
7972	3	10646483422150	none	7841	362024e4	512	224	0	7841
7973	4	10646500626730	none	7842	362024e4	512	224	0	7842
7974	5	10646513785550	none	7843	362024e4	512	224	0	7843
7975	6	10646530996790	none	7844	362024e4	512	224	0	7844
7976	7	10646548384540	none	7845	362024e4	512	224	0	7845
7977	0	10646565631690	none	7846	362024e4	512	224	0	7846
7978	1	10646582849720	none	7847	362024e4	512	224	0	7847
7979	2	10646600047010	none	7848	362024e4	512	224	0	7848
7980	3	10646613365200	none	7849	362024e4	512	224	0	7849
7981	4	10646630571910	none	7850	362024e4	512	224	0	7850
7982	5	10646647890950	none	7851	362024e4	512	224	0	7851
7983	6	10646665080030	none	7852	362024e4	512	224	0	7852
7984	7	10646682297420	none	7853	362024e4	512	224	0	7853
7985	0	10646699507770	none	7854	362024e4	512	224	0	7854
7986	1	10646716709820	none	7855	362024e4	512	224	0	7855
7987	2	10646729891290	none	7856	362024e4	512	224	0	7856
7988	3	10646747308850	none	7857	362024e4	512	224	0	7857
7989	4	10646764520090	none	7858	362024e4	512	224	0	7858
7990	5	10646781725080	none	7859	362024e4	512	224	0	7859
7991	6	10646799011930	none	7860	362024e4	512	224	0	7860
7992	7	10646816191080	none	7861	362024e4	512	224	0	7861
7993	0	10646833434730	none	7862	362024e4	512	224	0	7862
7994	1	10646846629760	none	7863	362024e4	512	224	0	7863
7995	2	10646863844260	none	7864	362024e4	512	224	0	7864
7996	3	10646881034630	none	7865	362024e4	512	224	0	7865
7997	4	10646898249690	none	7866	362024e4	512	224	0	7866
7998	5	10646915482010	none	7867	362024e4	512	224	0	7867
7999	6	10646932687000	none	7868	362024e4	512	224	0	7868
8000	7	10646949898720	none	7869	362024e4	512	224	0	7869
8001	0	10646963222300	none	7870	362024e4	512	224	0	7870
8002	1	10646980432260	none	7871	362024e4	512	224	0	7871
8003	2	10646997676460	none	7872	362024e4	512	224	0	7872
8004	3	10647014894590	none	7873	362024e4	512	224	0	7873
8005	4	10647032138420	none	7874	362024e4	512	224	0	7874
8006	5	10647049342710	none	7875	362024e4	512	224	0	7875
8007	6	10647062607640	none	7876	362024e4	512	224	0	7876
8008	7	10647079886400	none	7877	362024e4	512	224	0	7877
8009	0	10647097254420	none	7878	362024e4	512	224	0	7878
8010	1	10647114503280	none	7879	362024e4	512	224	0	7879
8011	2	10647131710200	none	7880	362024e4	512	224	0	7880
8012	3	10647148932800	none	7881	362024e4	512	224	0	7881
8013	4	10647166282180	none	7882	362024e4	512	224	0	7882
8014	5	10647179458590	none	7883	362024e4	512	224	0	7883
8015	6	10647196757890	none	7884	362024e4	512	224	0	7884
8016	7	10647213979010	none	7885	362024e4	512	224	0	7885
8017	0	10647231173360	none	7886	362024e4	512	224	0	7886
8018	1	10647248408620	none	7887	362024e4	512	224	0	7887
8019	2	10647265610700	none	7888	362024e4	512	224	0	7888
8020	3	10647282827890	none	7889	362024e4	512	224	0	7889
8021	4	10647295967800	none	7890	362024e4	512	224	0	7890
8022	5	10647313144540	none	7891	362024e4	512	224	0	7891
8023	6	10647330367140	none	7892	362024e4	512	224	0	7892
8024	7	10647347600660	none	7893	362024e4	512	224	0	7893
8025	0	10647364876410	none	7894	362024e4	512	224	0	7894
8026	1	10647382085120	none	7895	362024e4	512	224	0	7895
8027	2	10647399284490	none	7896	362024e4	512	224	0	7896
8028	3	10647412484690	none	7897	362024e4	512	224	0	7897
8029	4	10647429661640	none	7898	362024e4	512	224	0	7898
8030	5	10647446992310	none	7899	362024e4	512	224	0	7899
8031	6	10647464161690	none	7900	362024e4	512	224	0	7900
8032	7	10647481383850	none	7901	362024e4	512	224	0	7901
8033	0	10647498609650	none	7902	362024e4	512	224	0	7902
8034	1	10647511843450	none	7903	362024e4	512	224	0	7903
8035	2	10647529017950	none	7904	362024e4	512	224	0	7904
8036	3	10647546212290	none	7905	362024e4	512	224	0	7905
8037	4	10647563449570	none	7906	362024e4	512	224	0	7906
8038	5	10647580658110	none	7907	362024e4	512	224	0	7907
8039	6	10647597958920	none	7908	362024e4	512	224	0	7908
8040	7	10647615324000	none	7909	362024e4	512	224	0	7909
8041	0	10647628521870	none	7910	362024e4	512	224	0	7910
8042	1	10647645936110	none	7911	362024e4	512	224	0	7911
8043	2	10647663159650	none	7912	362024e4	512	224	0	7912
8044	3	10647680383310	none	7913	362024e4	512	224	0	7913
8045	4	10647697591030	none	7914	362024e4	512	224	0	7914
8046	5	10647714794570	none	7915	362024e4	512	224	0	7915
8047	6	10647731987140	none	7916	362024e4	512	224	0	7916
8048	7	10647745147190	none	7917	362024e4	512	224	0	7917
8049	0	10647762385670	none	7918	362024e4	512	224	0	7918
8050	1	10647779644500	none	7919	362024e4	512	224	0	7919
8051	2	10647796861690	none	7920	362024e4	512	224	0	7920
8052	3	10647814197720	none	7921	362024e4	512	224	0	7921
8053	4	10647831403930	none	7922	362024e4	512	224	0	7922
8054	5	10647844602950	none	7923	362024e4	512	224	0	7923
8055	6	10647861796960	none	7924	362024e4	512	224	0	7924
8056	7	10647878971940	none	7925	362024e4	512	224	0	7925
8057	0	10647896189020	none	7926	362024e4	512	224	0	7926
8058	1	10647913545590	none	7927	362024e4	512	224	0	7927
8059	2	10647930791930	none	7928	362024e4	512	224	0	7928
8060	3	10647947972400	none	7929	362024e4	512	224	0	7929
8061	4	10647961132150	none	7930	362024e4	512	224	0	7930
8062	5	10647978342030	none	7931	362024e4	512	224	0	7931
8063	6	10647995545450	none	7932	362024e4	512	224	0	7932
8064	7	10648012740210	none	7933	362024e4	512	224	0	7933
8065	0	10648030083140	none	7934	362024e4	512	224	0	7934
8066	1	10648047279710	none	7935	362024e4	512	224	0	7935
8067	2	10648064586250	none	7936	362024e4	512	224	0	7936
8068	3	10648077742930	none	7937	362024e4	512	224	0	7937
8069	4	10648094997510	none	7938	362024e4	512	224	0	7938
8070	5	10648112181270	none	7939	362024e4	512	224	0	7939
8071	6	10648129416760	none	7940	362024e4	512	224	0	7940
8072	7	10648146626230	none	7941	362024e4	512	224	0	7941
8073	0	10648163980380	none	7942	362024e4	512	224	0	7942
8074	1	10648181188750	none	7943	362024e4	512	224	0	7943
8075	2	10648194388440	none	7944	362024e4	512	224	0	7944
8076	3	10648211604070	none	7945	362024e4	512	224	0	7945
8077	4	10648228811040	none	7946	362024e4	512	224	0	7946
8078	5	10648246054030	none	7947	362024e4	512	224	0	7947
8079	6	10648263414620	none	7948	362024e4	512	224	0	7948
8080	7	10648280627430	none	7949	362024e4	512	224	0	7949
8081	0	10648297838540	none	7950	362024e4	512	224	0	7950
8082	1	10648311022120	none	7951	362024e4	512	224	0	7951
8083	2	10648328209000	none	7952	362024e4	512	224	0	7952
8084	3	10648345435980	none	7953	362024e4	512	224	0	7953
8085	4	10648362640310	none	7954	362024e4	512	224	0	7954
8086	5	10648379857710	none	7955	362024e4	512	224	0	7955
8087	6	10648397041750	none	7956	362024e4	512	224	0	7956
8088	7	10648414244850	none	7957	362024e4	512	224	0	7957
8089	0	10648427443430	none	7958	362024e4	512	224	0	7958
8090	1	10648444734680	none	7959	362024e4	512	224	0	7959
8091	2	10648461955090	none	7960	362024e4	512	224	0	7960
8092	3	10648479139850	none	7961	362024e4	512	224	0	7961
8093	4	10648496359920	none	7962	362024e4	512	224	0	7962
8094	5	10648513591340	none	7963	362024e4	512	224	0	7963
8095	6	10648530813430	none	7964	362024e4	512	224	0	7964
8096	7	10648544073420	none	7965	362024e4	512	224	0	7965
8097	0	10648561275140	none	7966	362024e4	512	224	0	7966
8098	1	10648578502020	none	7967	362024e4	512	224	0	7967
8099	2	10648595703840	none	7968	362024e4	512	224	0	7968
8100	3	10648612977570	none	7969	362024e4	512	224	0	7969
8101	4	10648630178120	none	7970	362024e4	512	224	0	7970
8102	5	10648643354610	none	7971	362024e4	512	224	0	7971
8103	6	10648660568820	none	7972	362024e4	512	224	0	7972
8104	7	10648677766650	none	7973	362024e4	512	224	0	7973
8105	0	10648695039800	none	7974	362024e4	512	224	0	7974
8106	1	10648712401550	none	7975	362024e4	512	224	0	7975
8107	2	10648729636370	none	7976	362024e4	512	224	0	7976
8108	3	10648746872140	none	7977	362024e4	512	224	0	7977
8109	4	10648760033140	none	7978	362024e4	512	224	0	7978
8110	5	10648777236830	none	7979	362024e4	512	224	0	7979
8111	6	10648794448940	none	7980	362024e4	512	224	0	7980
8112	7	10648811654210	none	7981	362024e4	512	224	0	7981
8113	0	10648828970950	none	7982	362024e4	512	224	0	7982
8114	1	10648846152520	none	7983	362024e4	512	224	0	7983
8115	2	10648863373010	none	7984	362024e4	512	224	0	7984
8116	3	10648876544160	none	7985	362024e4	512	224	0	7985
8117	4	10648893734210	none	7986	362024e4	512	224	0	7986
8118	5	10648910959270	none	7987	362024e4	512	224	0	7987
8119	6	10648928143500	none	7988	362024e4	512	224	0	7988
8120	7	10648945358750	none	7989	362024e4	512	224	0	7989
8121	0	10648962600230	none	7990	362024e4	512	224	0	7990
8122	1	10648979813820	none	7991	362024e4	512	224	0	7991
8123	2	10648993065290	none	7992	362024e4	512	224	0	7992
8124	3	10649010262740	none	7993	362024e4	512	224	0	7993
8125	4	10649027490430	none	7994	362024e4	512	224	0	7994
8126	5	10649044702990	none	7995	362024e4	512	224	0	7995
8127	6	10649061989360	none	7996	362024e4	512	224	0	7996
8128	7	10649079186920	none	7997	362024e4	512	224	0	7997
8129	0	10649096412860	none	7998	362024e4	512	224	0	7998
8130	1	10649109586920	none	7999	362024e4	512	224	0	7999
8131	2	10649126882440	none	8000	362024e4	512	224	0	8000
8132	3	10649144066600	none	8001	362024e4	512	224	0	8001
8133	4	10649161412130	none	8002	362024e4	512	224	0	8002
8134	5	10649178629480	none	8003	362024e4	512	224	0	8003
8135	6	10649195837580	none	8004	362024e4	512	224	0	8004
8136	7	10649213005090	none	8005	362024e4	512	224	0	8005
8137	0	10649226343680	none	8006	362024e4	512	224	0	8006
8138	1	10649243650110	none	8007	362024e4	512	224	0	8007
8139	2	10649260969330	none	8008	362024e4	512	224	0	8008
8140	3	10649278142520	none	8009	362024e4	512	224	0	8009
8141	4	10649295371340	none	8010	362024e4	512	224	0	8010
8142	5	10649312592050	none	8011	362024e4	512	224	0	8011
8143	6	10649325767310	none	8012	362024e4	512	224	0	8012
8144	7	10649342958020	none	8013	362024e4	512	224	0	8013
8145	0	10649360344350	none	8014	362024e4	512	224	0	8014
8146	1	10649377569790	none	8015	362024e4	512	224	0	8015
8147	2	10649394771760	none	8016	362024e4	512	224	0	8016
8148	3	10649411996010	none	8017	362024e4	512	224	0	8017
8149	4	10649429193480	none	8018	362024e4	512	224	0	8018
8150	5	10649442383140	none	8019	362024e4	512	224	0	8019
8151	6	10649459654750	none	8020	362024e4	512	224	0	8020
8152	7	10649476887670	none	8021	362024e4	512	224	0	8021
8153	0	10649494105510	none	8022	362024e4	512	224	0	8022
8154	1	10649511323150	none	8023	362024e4	512	224	0	8023
8155	2	10649528542330	none	8024	362024e4	512	224	0	8024
8156	3	10649545763830	none	8025	362024e4	512	224	0	8025
8157	4	10649558935640	none	8026	362024e4	512	224	0	8026
8158	5	10649576161970	none	8027	362024e4	512	224	0	8027
8159	6	10649593389970	none	8028	362024e4	512	224	0	8028
8160	7	10649610622940	none	8029	362024e4	512	224	0	8029
8161	0	10649627841080	none	8030	362024e4	512	224	0	8030
8162	1	10649645125770	none	8031	362024e4	512	224	0	8031
8163	2	10649658315530	none	8032	362024e4	512	224	0	8032
8164	3	10649675596360	none	8033	362024e4	512	224	0	8033
8165	4	10649692892940	none	8034	362024e4	512	224	0	8034
8166	5	10649710099180	none	8035	362024e4	512	224	0	8035
8167	6	10649727320770	none	8036	362024e4	512	224	0	8036
8168	7	10649744528530	none	8037	362024e4	512	224	0	8037
8169	0	10649761799750	none	8038	362024e4	512	224	0	8038
8170	1	10649775115930	none	8039	362024e4	512	224	0	8039
8171	2	10649792374010	none	8040	362024e4	512	224	0	8040
8172	3	10649809674380	none	8041	362024e4	512	224	0	8041
8173	4	10649826948890	none	8042	362024e4	512	224	0	8042
8174	5	10649844143650	none	8043	362024e4	512	224	0	8043
8175	6	10649861402800	none	8044	362024e4	512	224	0	8044
8176	7	10649874571880	none	8045	362024e4	512	224	0	8045
8177	0	10649891868020	none	8046	362024e4	512	224	0	8046
8178	1	10649909261670	none	8047	362024e4	512	224	0	8047
8179	2	10649926487560	none	8048	362024e4	512	224	0	8048
8180	3	10649943692540	none	8049	362024e4	512	224	0	8049
8181	4	10649960951610	none	8050	362024e4	512	224	0	8050
8182	5	10649978305420	none	8051	362024e4	512	224	0	8051
8183	6	10649991481130	none	8052	362024e4	512	224	0	8052
8184	7	10650008878570	none	8053	362024e4	512	224	0	8053
8185	0	10650026221920	none	8054	362024e4	512	224	0	8054
8186	1	10650043438000	none	8055	362024e4	512	224	0	8055
8187	2	10650060711740	none	8056	362024e4	512	224	0	8056
8188	3	10650077926760	none	8057	362024e4	512	224	0	8057
8189	4	10650091086150	none	8058	362024e4	512	224	0	8058
8190	5	10650108494640	none	8059	362024e4	512	224	0	8059
8191	6	10650125792950	none	8060	362024e4	512	224	0	8060
8192	7	10650142988930	none	8061	362024e4	512	224	0	8061
8193	0	10650160189810	none	8062	362024e4	512	224	0	8062
8194	1	10650177414320	none	8063	362024e4	512	224	0	8063
8195	2	10650194628510	none	8064	362024e4	512	224	0	8064
8196	3	10650207794010	none	8065	362024e4	512	224	0	8065
8197	4	10650224979950	none	8066	362024e4	512	224	0	8066
8198	5	10650242275220	none	8067	362024e4	512	224	0	8067
8199	6	10650259515210	none	8068	362024e4	512	224	0	8068
8200	7	10650276743990	none	8069	362024e4	512	224	0	8069
8201	0	10650294081440	none	8070	362024e4	512	224	0	8070
8202	1	10650307266450	none	8071	362024e4	512	224	0	8071
8203	2	10650324471740	none	8072	362024e4	512	224	0	8072
8204	3	10650341666380	none	8073	362024e4	512	224	0	8073
8205	4	10650358997930	none	8074	362024e4	512	224	0	8074
8206	5	10650376208090	none	8075	362024e4	512	224	0	8075
8207	6	10650393434390	none	8076	362024e4	512	224	0	8076
8208	7	10650410654640	none	8077	362024e4	512	224	0	8077
8209	0	10650423901890	none	8078	362024e4	512	224	0	8078
8210	1	10650441063160	none	8079	362024e4	512	224	0	8079
8211	2	10650458278700	none	8080	362024e4	512	224	0	8080
8212	3	10650475596370	none	8081	362024e4	512	224	0	8081
8213	4	10650492819920	none	8082	362024e4	512	224	0	8082
8214	5	10650509998100	none	8083	362024e4	512	224	0	8083
8215	6	10650527352360	none	8084	362024e4	512	224	0	8084
8216	7	10650540525460	none	8085	362024e4	512	224	0	8085
8217	0	10650557939800	none	8086	362024e4	512	224	0	8086
8218	1	10650575373600	none	8087	362024e4	512	224	0	8087
8219	2	10650592658190	none	8088	362024e4	512	224	0	8088
8220	3	10650609902530	none	8089	362024e4	512	224	0	8089
8221	4	10650627252620	none	8090	362024e4	512	224	0	8090
8222	5	10650640434860	none	8091	362024e4	512	224	0	8091
8223	6	10650657771250	none	8092	362024e4	512	224	0	8092
8224	7	10650674955780	none	8093	362024e4	512	224	0	8093
8225	0	10650692256100	none	8094	362024e4	512	224	0	8094
8226	1	10650709489270	none	8095	362024e4	512	224	0	8095
8227	2	10650726798490	none	8096	362024e4	512	224	0	8096
8228	3	10650739948070	none	8097	362024e4	512	224	0	8097
8229	4	10650757129730	none	8098	362024e4	512	224	0	8098
8230	5	10650774354740	none	8099	362024e4	512	224	0	8099
8231	6	10650791546050	none	8100	362024e4	512	224	0	8100
8232	7	10650808831270	none	8101	362024e4	512	224	0	8101
8233	0	10650826250690	none	8102	362024e4	512	224	0	8102
8234	1	10650843502550	none	8103	362024e4	512	224	0	8103
8235	2	10650856798490	none	8104	362024e4	512	224	0	8104
8236	3	10650874123630	none	8105	362024e4	512	224	0	8105
8237	4	10650891363490	none	8106	362024e4	512	224	0	8106
8238	5	10650908655410	none	8107	362024e4	512	224	0	8107
8239	6	10650925913770	none	8108	362024e4	512	224	0	8108
8240	7	10650943102550	none	8109	362024e4	512	224	0	8109
8241	0	10650956305790	none	8110	362024e4	512	224	0	8110
8242	1	10650973523580	none	8111	362024e4	512	224	0	8111
8243	2	10650990737780	none	8112	362024e4	512	224	0	8112
8244	3	10651007998090	none	8113	362024e4	512	224	0	8113
8245	4	10651025253100	none	8114	362024e4	512	224	0	8114
8246	5	10651042503130	none	8115	362024e4	512	224	0	8115
8247	6	10651059769430	none	8116	362024e4	512	224	0	8116
8248	7	10651072965450	none	8117	362024e4	512	224	0	8117
8249	0	10651090199330	none	8118	362024e4	512	224	0	8118
8250	1	10651107421590	none	8119	362024e4	512	224	0	8119
8251	2	10651124623240	none	8120	362024e4	512	224	0	8120
8252	3	10651141909340	none	8121	362024e4	512	224	0	8121
8253	4	10651159148520	none	8122	362024e4	512	224	0	8122
8254	5	10651176390430	none	8123	362024e4	512	224	0	8123
8255	6	10651189562620	none	8124	362024e4	512	224	0	8124
8256	7	10651206793980	none	8125	362024e4	512	224	0	8125
8257	0	10651224009990	none	8126	362024e4	512	224	0	8126
8258	1	10651241208610	none	8127	362024e4	512	224	0	8127
8259	2	10651258499060	none	8128	362024e4	512	224	0	8128
8260	3	10651275872920	none	8129	362024e4	512	224	0	8129
8261	4	10651289087900	none	8130	362024e4	512	224	0	8130
8262	5	10651306307790	none	8131	362024e4	512	224	0	8131
8263	6	10651323518470	none	8132	362024e4	512	224	0	8132
8264	7	10651340726410	none	8133	362024e4	512	224	0	8133
8265	0	10651358043090	none	8134	362024e4	512	224	0	8134
8266	1	10651375446760	none	8135	362024e4	512	224	0	8135
8267	2	10651392680140	none	8136	362024e4	512	224	0	8136
8268	3	10651405857370	none	8137	362024e4	512	224	0	8137
8269	4	10651423056450	none	8138	362024e4	512	224	0	8138
8270	5	10651440263790	none	8139	362024e4	512	224	0	8139
8271	6	10651457481950	none	8140	362024e4	512	224	0	8140
8272	7	10651474827100	none	8141	362024e4	512	224	0	8141
8273	0	10651492118920	none	8142	362024e4	512	224	0	8142
8274	1	10651505329480	none	8143	362024e4	512	224	0	8143
8275	2	10651522536320	none	8144	362024e4	512	224	0	8144
8276	3	10651539739380	none	8145	362024e4	512	224	0	8145
8277	4	10651556931380	none	8146	362024e4	512	224	0	8146
8278	5	10651574287400	none	8147	362024e4	512	224	0	8147
8279	6	10651591496140	none	8148	362024e4	512	224	0	8148
8280	7	10651608795440	none	8149	362024e4	512	224	0	8149
8281	0	10651621999690	none	8150	362024e4	512	224	0	8150
8282	1	10651639171320	none	8151	362024e4	512	224	0	8151
8283	2	10651656383090	none	8152	362024e4	512	224	0	8152
8284	3	10651673597990	none	8153	362024e4	512	224	0	8153
8285	4	10651690784240	none	8154	362024e4	512	224	0	8154
8286	5	10651707972640	none	8155	362024e4	512	224	0	8155
8287	6	10651725227430	none	8156	362024e4	512	224	0	8156
8288	7	10651738468670	none	8157	362024e4	512	224	0	8157
8289	0	10651755669590	none	8158	362024e4	512	224	0	8158
8290	1	10651772873210	none	8159	362024e4	512	224	0	8159
8291	2	10651790087170	none	8160	362024e4	512	224	0	8160
8292	3	10651807316820	none	8161	362024e4	512	224	0	8161
8293	4	10651824519440	none	8162	362024e4	512	224	0	8162
8294	5	10651841747720	none	8163	362024e4	512	224	0	8163
8295	6	10651855055340	none	8164	362024e4	512	224	0	8164
8296	7	10651872268200	none	8165	362024e4	512	224	0	8165
8297	0	10651889521020	none	8166	362024e4	512	224	0	8166
8298	1	10651906726900	none	8167	362024e4	512	224	0	8167
8299	2	10651923978170	none	8168	362024e4	512	224	0	8168
8300	3	10651941186980	none	8169	362024e4	512	224	0	8169
8301	4	10651958471590	none	8170	362024e4	512	224	0	8170
8302	5	10651971682840	none	8171	362024e4	512	224	0	8171
8303	6	10651989025350	none	8172	362024e4	512	224	0	8172
8304	7	10652006222600	none	8173	362024e4	512	224	0	8173
8305	0	10652023547040	none	8174	362024e4	512	224	0	8174
8306	1	10652040767440	none	8175	362024e4	512	224	0	8175
8307	2	10652057954340	none	8176	362024e4	512	224	0	8176
8308	3	10652071166220	none	8177	362024e4	512	224	0	8177
8309	4	10652088375490	none	8178	362024e4	512	224	0	8178
8310	5	10652105578350	none	8179	362024e4	512	224	0	8179
8311	6	10652122801090	none	8180	362024e4	512	224	0	8180
8312	7	10652139982970	none	8181	362024e4	512	224	0	8181
8313	0	10652157214560	none	8182	362024e4	512	224	0	8182
8314	1	10652174446620	none	8183	362024e4	512	224	0	8183
8315	2	10652187602830	none	8184	362024e4	512	224	0	8184
8316	3	10652204793630	none	8185	362024e4	512	224	0	8185
8317	4	10652222101650	none	8186	362024e4	512	224	0	8186
8318	5	10652239346500	none	8187	362024e4	512	224	0	8187
8319	6	10652256558270	none	8188	362024e4	512	224	0	8188
8320	7	10652273765820	none	8189	362024e4	512	224	0	8189
8321	0	10652290954560	none	8190	362024e4	512	224	0	8190
8322	1	10652304102690	none	8191	362024e4	512	224	0	8191
8323	2	10652321335440	none	8192	362024e4	512	224	0	8192
8324	3	10652338532220	none	8193	362024e4	512	224	0	8193
8325	4	10652355734850	none	8194	362024e4	512	224	0	8194
8326	5	10652372988030	none	8195	362024e4	512	224	0	8195
8327	6	10652390193510	none	8196	362024e4	512	224	0	8196
8328	7	10652407423370	none	8197	362024e4	512	224	0	8197
8329	0	10652420631160	none	8198	362024e4	512	224	0	8198
8330	1	10652437845540	none	8199	362024e4	512	224	0	8199
8331	2	10652455013940	none	8200	362024e4	512	224	0	8200
8332	3	10652472365400	none	8201	362024e4	512	224	0	8201
8333	4	10652489575840	none	8202	362024e4	512	224	0	8202
8334	5	10652506785880	none	8203	362024e4	512	224	0	8203
8335	6	10652524080330	none	8204	362024e4	512	224	0	8204
8336	7	10652537265670	none	8205	362024e4	512	224	0	8205
8337	0	10652554468350	none	8206	362024e4	512	224	0	8206
8338	1	10652571752190	none	8207	362024e4	512	224	0	8207
8339	2	10652588953050	none	8208	362024e4	512	224	0	8208
8340	3	10652606168930	none	8209	362024e4	512	224	0	8209
8341	4	10652623401930	none	8210	362024e4	512	224	0	8210
8342	5	10652640598640	none	8211	362024e4	512	224	0	8211
8343	6	10652653788000	none	8212	362024e4	512	224	0	8212
8344	7	10652671121070	none	8213	362024e4	512	224	0	8213
8345	0	10652688367030	none	8214	362024e4	512	224	0	8214
8346	1	10652705607840	none	8215	362024e4	512	224	0	8215
8347	2	10652722963170	none	8216	362024e4	512	224	0	8216
8348	3	10652740173760	none	8217	362024e4	512	224	0	8217
8349	4	10652753356140	none	8218	362024e4	512	224	0	8218
8350	5	10652770549530	none	8219	362024e4	512	224	0	8219
8351	6	10652787784770	none	8220	362024e4	512	224	0	8220
8352	7	10652804965120	none	8221	362024e4	512	224	0	8221
8353	0	10652822168440	none	8222	362024e4	512	224	0	8222
8354	1	10652839388870	none	8223	362024e4	512	224	0	8223
8355	2	10652856604530	none	8224	362024e4	512	224	0	8224
8356	3	10652869795210	none	8225	362024e4	512	224	0	8225
8357	4	10652887094860	none	8226	362024e4	512	224	0	8226
8358	5	10652904309120	none	8227	362024e4	512	224	0	8227
8359	6	10652921597760	none	8228	362024e4	512	224	0	8228
8360	7	10652938820310	none	8229	362024e4	512	224	0	8229
8361	0	10652956171630	none	8230	362024e4	512	224	0	8230
8362	1	10652973379180	none	8231	362024e4	512	224	0	8231
8363	2	10652986619970	none	8232	362024e4	512	224	0	8232
8364	3	10653003882780	none	8233	362024e4	512	224	0	8233
8365	4	10653021108700	none	8234	362024e4	512	224	0	8234
8366	5	10653038338270	none	8235	362024e4	512	224	0	8235
8367	6	10653055546710	none	8236	362024e4	512	224	0	8236
8368	7	10653072760880	none	8237	362024e4	512	224	0	8237
8369	0	10653089943060	none	8238	362024e4	512	224	0	8238
8370	1	10653103104390	none	8239	362024e4	512	224	0	8239
8371	2	10653120459050	none	8240	362024e4	512	224	0	8240
8372	3	10653137740390	none	8241	362024e4	512	224	0	8241
8373	4	10653154920870	none	8242	362024e4	512	224	0	8242
8374	5	10653172111910	none	8243	362024e4	512	224	0	8243
8375	6	10653189339620	none	8244	362024e4	512	224	0	8244
8376	7	10653202512680	none	8245	362024e4	512	224	0	8245
8377	0	10653219743900	none	8246	362024e4	512	224	0	8246
8378	1	10653236935640	none	8247	362024e4	512	224	0	8247
8379	2	10653254168450	none	8248	362024e4	512	224	0	8248
8380	3	10653271402770	none	8249	362024e4	512	224	0	8249
8381	4	10653288591790	none	8250	362024e4	512	224	0	8250
8382	5	10653305810630	none	8251	362024e4	512	224	0	8251
8383	6	10653318948680	none	8252	362024e4	512	224	0	8252
8384	7	10653336132530	none	8253	362024e4	512	224	0	8253
8385	0	10653353378930	none	8254	362024e4	512	224	0	8254
8386	1	10653370595710	none	8255	362024e4	512	224	0	8255
8387	2	10653387817510	none	8256	362024e4	512	224	0	8256
8388	3	10653405100960	none	8257	362024e4	512	224	0	8257
8389	4	10653422331850	none	8258	362024e4	512	224	0	8258
8390	5	10653435584010	none	8259	362024e4	512	224	0	8259
8391	6	10653452891390	none	8260	362024e4	512	224	0	8260
8392	7	10653470060390	none	8261	362024e4	512	224	0	8261
8393	0	10653487305900	none	8262	362024e4	512	224	0	8262
8394	1	10653504500060	none	8263	362024e4	512	224	0	8263
8395	2	10653521696610	none	8264	362024e4	512	224	0	8264
8396	3	10653538886690	none	8265	362024e4	512	224	0	8265
8397	4	10653552032660	none	8266	362024e4	512	224	0	8266
8398	5	10653569382200	none	8267	362024e4	512	224	0	8267
8399	6	10653586593410	none	8268	362024e4	512	224	0	8268
8400	7	10653603816830	none	8269	362024e4	512	224	0	8269
8401	0	10653621066830	none	8270	362024e4	512	224	0	8270
8402	1	10653638291080	none	8271	362024e4	512	224	0	8271
8403	2	10653655498740	none	8272	362024e4	512	224	0	8272
8404	3	10653668689570	none	8273	362024e4	512	224	0	8273
8405	4	10653685947710	none	8274	362024e4	512	224	0	8274
8406	5	10653703206510	none	8275	362024e4	512	224	0	8275
8407	6	10653720428010	none	8276	362024e4	512	224	0	8276
8408	7	10653737629060	none	8277	362024e4	512	224	0	8277
8409	0	10653754881090	none	8278	362024e4	512	224	0	8278
8410	1	10653772066720	none	8279	362024e4	512	224	0	8279
8411	2	10653785281150	none	8280	362024e4	512	224	0	8280
8412	3	10653802475980	none	8281	362024e4	512	224	0	8281
8413	4	10653819694850	none	8282	362024e4	512	224	0	8282
8414	5	10653836914950	none	8283	362024e4	512	224	0	8283
8415	6	10653854119140	none	8284	362024e4	512	224	0	8284
8416	7	10653871350100	none	8285	362024e4	512	224	0	8285
8417	0	10653888639680	none	8286	362024e4	512	224	0	8286
8418	1	10653901913930	none	8287	362024e4	512	224	0	8287
8419	2	10653919130950	none	8288	362024e4	512	224	0	8288
8420	3	10653936347150	none	8289	362024e4	512	224	0	8289
8421	4	10653953585860	none	8290	362024e4	512	224	0	8290
8422	5	10653970808730	none	8291	362024e4	512	224	0	8291
8423	6	10653988142660	none	8292	362024e4	512	224	0	8292
8424	7	10654001350950	none	8293	362024e4	512	224	0	8293
8425	0	10654018724970	none	8294	362024e4	512	224	0	8294
8426	1	10654035951460	none	8295	362024e4	512	224	0	8295
8427	2	10654053156460	none	8296	362024e4	512	224	0	8296
8428	3	10654070370980	none	8297	362024e4	512	224	0	8297
8429	4	10654087725710	none	8298	362024e4	512	224	0	8298
8430	5	10654104955960	none	8299	362024e4	512	224	0	8299
8431	6	10654118116010	none	8300	362024e4	512	224	0	8300
8432	7	10654135353150	none	8301	362024e4	512	224	0	8301
8433	0	10654152547070	none	8302	362024e4	512	224	0	8302
8434	1	10654169794030	none	8303	362024e4	512	224	0	8303
8435	2	10654187181270	none	8304	362024e4	512	224	0	8304
8436	3	10654204447330	none	8305	362024e4	512	224	0	8305
8437	4	10654217617700	none	8306	362024e4	512	224	0	8306
8438	5	10654234950470	none	8307	362024e4	512	224	0	8307
8439	6	10654252172640	none	8308	362024e4	512	224	0	8308
8440	7	10654269405900	none	8309	362024e4	512	224	0	8309
8441	0	10654286623990	none	8310	362024e4	512	224	0	8310
8442	1	10654303878670	none	8311	362024e4	512	224	0	8311
8443	2	10654321098890	none	8312	362024e4	512	224	0	8312
8444	3	10654334282610	none	8313	362024e4	512	224	0	8313
8445	4	10654351473630	none	8314	362024e4	512	224	0	8314
8446	5	10654368689850	none	8315	362024e4	512	224	0	8315
8447	6	10654385878740	none	8316	362024e4	512	224	0	8316
8448	7	10654403106960	none	8317	362024e4	512	224	0	8317
8449	0	10654420327610	none	8318	362024e4	512	224	0	8318
8450	1	10654437539010	none	8319	362024e4	512	224	0	8319
8451	2	10654450710540	none	8320	362024e4	512	224	0	8320
8452	3	10654467992210	none	8321	362024e4	512	224	0	8321
8453	4	10654485202040	none	8322	362024e4	512	224	0	8322
8454	5	10654502457350	none	8323	362024e4	512	224	0	8323
8455	6	10654519667940	none	8324	362024e4	512	224	0	8324
8456	7	10654536920900	none	8325	362024e4	512	224	0	8325
8457	0	10654554194770	none	8326	362024e4	512	224	0	8326
8458	1	10654567378080	none	8327	362024e4	512	224	0	8327
8459	2	10654584566980	none	8328	bdd24bcd	512	224	0	8328
8460	3	10654601780170	none	8329	bdd24bcd	512	224	0	8329
8461	4	10654619005980	none	8330	ed551197	512	224	0	8330
8462	5	10654636369100	none	8331	ed551197	512	224	0	8331
8463	6	10654653575420	none	8332	ed551197	512	224	0	8332
8464	7	10654666763030	none	8333	ed551197	512	224	0	8333
8465	0	10654683952190	none	8334	2d3fe8a1	512	224	0	8334
8466	1	10654701155280	none	8335	2d3fe8a1	512	224	0	8335
8467	2	10654718376870	none	8336	2d3fe8a1	512	224	0	8336
8468	3	10654735602650	none	8337	2d3fe8a1	512	224	0	8337
8469	4	10654752831240	none	8338	c29fe35d	512	224	0	8338
8470	5	10654770062940	none	8339	c29fe35d	512	224	0	8339
8471	6	10654783272270	none	8340	c29fe35d	512	224	0	8340
8472	7	10654800475680	none	8341	c29fe35d	512	224	0	8341
8473	0	10654817758530	none	8342	59917e0e	512	224	0	8342
8474	1	10654834972600	none	8343	59917e0e	512	224	0	8343
8475	2	10654852187990	none	8344	59917e0e	512	224	0	8344
8476	3	10654869455330	none	8345	59917e0e	512	224	0	8345
8477	4	10654886679970	none	8346	5bf9c6a0	512	224	0	8346
8478	5	10654899842360	none	8347	5bf9c6a0	512	224	0	8347
8479	6	10654917043130	none	8348	5bf9c6a0	512	224	0	8348
8480	7	10654934252750	none	8349	5bf9c6a0	512	224	0	8349
8481	0	10654951467570	none	8350	36d2bb7c	512	224	0	8350
8482	1	10654968694000	none	8351	36d2bb7c	512	224	0	8351
8483	2	10654985994310	none	8352	36d2bb7c	512	224	0	8352
8484	3	10655003245740	none	8353	36d2bb7c	512	224	0	8353
8485	4	10655016420750	none	8354	8023d8a2	512	224	0	8354
8486	5	10655033694500	none	8355	8023d8a2	512	224	0	8355
8487	6	10655050897710	none	8356	8023d8a2	512	224	0	8356
8488	7	10655068104260	none	8357	8023d8a2	512	224	0	8357
8489	0	10655085494690	none	8358	9d0c870d	512	224	0	8358
8490	1	10655102941180	none	8359	9d0c870d	512	224	0	8359
8491	2	10655116151010	none	8360	9d0c870d	512	224	0	8360
8492	3	10655133467140	none	8361	9d0c870d	512	224	0	8361
8493	4	10655150652670	none	8362	1993da8e	512	224	0	8362
8494	5	10655167901320	none	8363	1993da8e	512	224	0	8363
8495	6	10655185112530	none	8364	1993da8e	512	224	0	8364
8496	7	10655202330530	none	8365	1993da8e	512	224	0	8365
8497	0	10655219530210	none	8366	55584b6e	512	224	0	8366
8498	1	10655232806560	none	8367	55584b6e	512	224	0	8367
8499	2	10655250123700	none	8368	55584b6e	512	224	0	8368
8500	3	10655267350540	none	8369	55584b6e	512	224	0	8369
8501	4	10655284646650	none	8370	453c3277	512	224	0	8370
8502	5	10655301953500	none	8371	453c3277	512	224	0	8371
8503	6	10655319274050	none	8372	453c3277	512	224	0	8372
8504	7	10655332442280	none	8373	453c3277	512	224	0	8373
8505	0	10655349698470	none	8374	921fc995	512	224	0	8374
8506	1	10655366921570	none	8375	921fc995	512	224	0	8375
8507	2	10655384324770	none	8376	921fc995	512	224	0	8376
8508	3	10655401614470	none	8377	921fc995	512	224	0	8377
8509	4	10655418814400	none	8378	0e92ceaa	512	224	0	8378
8510	5	10655436029870	none	8379	0e92ceaa	512	224	0	8379
8511	6	10655449220430	none	8380	0e92ceaa	512	224	0	8380
8512	7	10655466429340	none	8381	0e92ceaa	512	224	0	8381
8513	0	10655483614080	none	8382	58119bd3	512	224	0	8382
8514	1	10655500823640	none	8383	58119bd3	512	224	0	8383
8515	2	10655518008040	none	8384	58119bd3	512	224	0	8384
8516	3	10655535226220	none	8385	58119bd3	512	224	0	8385
8517	4	10655552484240	none	8386	61605322	512	224	0	8386
8518	5	10655565683640	none	8387	61605322	512	224	0	8387
8519	6	10655582875470	none	8388	61605322	512	224	0	8388
8520	7	10655600064600	none	8389	61605322	512	224	0	8389
8521	0	10655617349750	none	8390	61605322	512	224	0	8390
8522	1	10655634657100	none	8391	61605322	512	224	0	8391
8523	2	10655651861440	none	8392	61605322	512	224	0	8392
8524	3	10655665051240	none	8393	61605322	512	224	0	8393
8525	4	10655682274880	none	8394	61605322	512	224	0	8394
8526	5	10655699454890	none	8395	61605322	512	224	0	8395
8527	6	10655716657960	none	8396	61605322	512	224	0	8396
8528	7	10655733917710	none	8397	61605322	512	224	0	8397
8529	0	10655751139820	none	8398	61605322	512	224	0	8398
8530	1	10655768366970	none	8399	61605322	512	224	0	8399
8531	2	10655781522510	none	8400	61605322	512	224	0	8400
8532	3	10655798723680	none	8401	61605322	512	224	0	8401
8533	4	10655815886120	none	8402	61605322	512	224	0	8402
8534	5	10655833227290	none	8403	61605322	512	224	0	8403
8535	6	10655850441140	none	8404	61605322	512	224	0	8404
8536	7	10655867642520	none	8405	61605322	512	224	0	8405
8537	0	10655885007300	none	8406	61605322	512	224	0	8406
8538	1	10655898459840	none	8407	61605322	512	224	0	8407
8539	2	10655916093150	none	8408	61605322	512	224	0	8408
8540	3	10655933344710	none	8409	61605322	512	224	0	8409
8541	4	10655950565760	none	8410	61605322	512	224	0	8410
8542	5	10655967784480	none	8411	61605322	512	224	0	8411
8543	6	10655984963340	none	8412	61605322	512	224	0	8412
8544	7	10655998263680	none	8413	61605322	512	224	0	8413
8545	0	10656015467430	none	8414	61605322	512	224	0	8414
8546	1	10656032771680	none	8415	61605322	512	224	0	8415
8547	2	10656049962250	none	8416	61605322	512	224	0	8416
8548	3	10656067202430	none	8417	61605322	512	224	0	8417
8549	4	10656084405880	none	8418	61605322	512	224	0	8418
8550	5	10656101597130	none	8419	61605322	512	224	0	8419
8551	6	10656114835110	none	8420	61605322	512	224	0	8420
8552	7	10656132206400	none	8421	61605322	512	224	0	8421
8553	0	10656149456180	none	8422	9a87bda7	512	224	0	8422
8554	1	10656166669060	none	8423	39ae5111	512	224	0	8423
8555	2	10656183986000	none	8424	26984b79	512	224	0	8424
8556	3	10656201295670	none	8425	6ff80fb3	512	224	0	8425
8557	4	10656214475210	none	8426	f5900b0e	512	224	0	8426
8558	5	10656231678580	none	8427	4eae7e44	512	224	0	8427
8559	6	10656248872220	none	8428	496afac4	512	224	0	8428
8560	7	10656266086080	none	8429	ed628b8d	512	224	0	8429
8561	0	10656283317900	none	8430	f7d11d32	512	224	0	8430
8562	1	10656300528700	none	8431	aa4c24af	512	224	0	8431
8563	2	10656317753360	none	8432	8e569604	512	224	0	8432
8564	3	10656330896850	none	8433	c254be34	512	224	0	8433
8565	4	10656348087770	none	8434	1b6af801	512	224	0	8434
8566	5	10656365315000	none	8435	4ed9ae55	512	224	0	8435
8567	6	10656382531780	none	8436	1b4195d6	512	224	0	8436
8568	7	10656399752830	none	8437	c20a10bf	512	224	0	8437
8569	0	10656417113010	none	8438	f082ed56	512	224	0	8438
8570	1	10656434342840	none	8439	e3463697	512	224	0	8439
8571	2	10656447633760	none	8440	2f989f11	512	224	0	8440
8572	3	10656464893770	none	8441	0f4933e9	512	224	0	8441
8573	4	10656482118390	none	8442	6d537c0c	512	224	0	8442
8574	5	10656499363540	none	8443	c80b0407	512	224	0	8443
8575	6	10656516562590	none	8444	04350953	512	224	0	8444
8576	7	10656533795300	none	8445	d9d656bc	512	224	0	8445
8577	0	10656547124310	none	8446	347efbc4	512	224	0	8446
8578	1	10656564330030	none	8447	83e35397	512	224	0	8447
8579	2	10656581645420	none	8448	149316cb	512	224	0	8448
8580	3	10656598947240	none	8449	f5197d56	512	224	0	8449
8581	4	10656616172720	none	8450	d2c32f8d	512	224	0	8450
8582	5	10656633459760	none	8451	810d88f9	512	224	0	8451
8583	6	10656650684390	none	8452	26935caf	512	224	0	8452
8584	7	10656663848130	none	8453	91bda366	512	224	0	8453
8585	0	10656681242930	none	8454	d9f0c241	512	224	0	8454
8586	1	10656698473610	none	8455	7d760360	512	224	0	8455
8587	2	10656715713750	none	8456	7aea4ddb	512	224	0	8456
8588	3	10656732897570	none	8457	fd504f70	512	224	0	8457
8589	4	10656750273770	none	8458	850978a0	512	224	0	8458
8590	5	10656763463300	none	8459	5bcc4be9	512	224	0	8459
8591	6	10656780775260	none	8460	cbde25e2	512	224	0	8460
8592	7	10656797982720	none	8461	55aed66e	512	224	0	8461
8593	0	10656815224090	none	8462	91d7f2de	512	224	0	8462
8594	1	10656832433280	none	8463	a91db623	512	224	0	8463
8595	2	10656849655710	none	8464	c0ed4bd0	512	224	0	8464
8596	3	10656866849160	none	8465	8376c919	512	224	0	8465
8597	4	10656879991580	none	8466	22f5b4c5	512	224	0	8466
8598	5	10656897216890	none	8467	308ca25e	512	224	0	8467
8599	6	10656914440540	none	8468	24a1ce95	512	224	0	8468
8600	7	10656931653990	none	8469	b2bbaaf7	512	224	0	8469
8601	0	10656948971290	none	8470	79f83a48	512	224	0	8470
8602	1	10656966221800	none	8471	5c7dcf93	512	224	0	8471
8603	2	10656983442250	none	8472	b1b61655	512	224	0	8472
8604	3	10656996706510	none	8473	ddca4b1e	512	224	0	8473
8605	4	10657013905400	none	8474	139ff6ba	512	224	0	8474
8606	5	10657031144760	none	8475	e638d00a	512	224	0	8475
8607	6	10657048378580	none	8476	856a02ad	512	224	0	8476
8608	7	10657065582590	none	8477	018953c2	512	224	0	8477
8609	0	10657082891580	none	8478	19dd53c4	512	224	0	8478
8610	1	10657096075050	none	8479	8fbd2976	512	224	0	8479
8611	2	10657113304280	none	8480	b34cb5c8	512	224	0	8480
8612	3	10657130506670	none	8481	4927680d	512	224	0	8481
8613	4	10657147713750	none	8482	c41489f2	512	224	0	8482
8614	5	10657165062670	none	8483	c41489f2	512	224	0	8483
8615	6	10657182320240	none	8484	c41489f2	512	224	0	8484
8616	7	10657199637100	none	8485	c41489f2	512	224	0	8485
8617	0	10657212919180	none	8486	c41489f2	512	224	0	8486
8618	1	10657230180320	none	8487	c41489f2	512	224	0	8487
8619	2	10657247426970	none	8488	c41489f2	512	224	0	8488
8620	3	10657264642570	none	8489	c41489f2	512	224	0	8489
8621	4	10657281830800	none	8490	c41489f2	512	224	0	8490
8622	5	10657299238770	none	8491	c41489f2	512	224	0	8491
8623	6	10657312412930	none	8492	c41489f2	512	224	0	8492
8624	7	10657329759930	none	8493	c41489f2	512	224	0	8493
8625	0	10657346970410	none	8494	c41489f2	512	224	0	8494
8626	1	10657364189040	none	8495	c41489f2	512	224	0	8495
8627	2	10657381414410	none	8496	c41489f2	512	224	0	8496
8628	3	10657398632310	none	8497	c41489f2	512	224	0	8497
8629	4	10657415824010	none	8498	c41489f2	512	224	0	8498
8630	5	10657428984350	none	8499	c41489f2	512	224	0	8499
8631	6	10657446223630	none	8500	c41489f2	512	224	0	8500
8632	7	10657463437960	none	8501	c41489f2	512	224	0	8501
8633	0	10657480654700	none	8502	c41489f2	512	224	0	8502
8634	1	10657497848560	none	8503	c41489f2	512	224	0	8503
8635	2	10657515048490	none	8504	c41489f2	512	224	0	8504
8636	3	10657532289410	none	8505	c41489f2	512	224	0	8505
8637	4	10657545490960	none	8506	c41489f2	512	224	0	8506
8638	5	10657562698630	none	8507	c41489f2	512	224	0	8507
8639	6	10657580001510	none	8508	c41489f2	512	224	0	8508
8640	7	10657597234780	none	8509	c41489f2	512	224	0	8509
8641	0	10657614453870	none	8510	c41489f2	512	224	0	8510
8642	1	10657631665750	none	8511	c41489f2	512	224	0	8511
8643	2	10657648963470	none	8512	c41489f2	512	224	0	8512
8644	3	10657662165720	none	8513	c41489f2	512	224	0	8513
8645	4	10657679395350	none	8514	c41489f2	512	224	0	8514
8646	5	10657696601920	none	8515	c41489f2	512	224	0	8515
8647	6	10657713803060	none	8516	c41489f2	512	224	0	8516
8648	7	10657731006250	none	8517	c41489f2	512	224	0	8517
8649	0	10657748377240	none	8518	c41489f2	512	224	0	8518
8650	1	10657765601990	none	8519	c41489f2	512	224	0	8519
8651	2	10657778753280	none	8520	c41489f2	512	224	0	8520
8652	3	10657795965850	none	8521	c41489f2	512	224	0	8521
8653	4	10657813187980	none	8522	c41489f2	512	224	0	8522
8654	5	10657830402230	none	8523	c41489f2	512	224	0	8523
8655	6	10657847638970	none	8524	c41489f2	512	224	0	8524
8656	7	10657864942290	none	8525	c41489f2	512	224	0	8525
8657	0	10657878127970	none	8526	c41489f2	512	224	0	8526
8658	1	10657895341330	none	8527	c41489f2	512	224	0	8527
8659	2	10657912542540	none	8528	c41489f2	512	224	0	8528
8660	3	10657929766710	none	8529	c41489f2	512	224	0	8529
8661	4	10657946942370	none	8530	c41489f2	512	224	0	8530
8662	5	10657964174790	none	8531	c41489f2	512	224	0	8531
8663	6	10657981420210	none	8532	c41489f2	512	224	0	8532
8664	7	10657994601340	none	8533	c41489f2	512	224	0	8533
8665	0	10658011799630	none	8534	c41489f2	512	224	0	8534
8666	1	10658029006990	none	8535	c41489f2	512	224	0	8535
8667	2	10658046284840	none	8536	c41489f2	512	224	0	8536
8668	3	10658063485660	none	8537	c41489f2	512	224	0	8537
8669	4	10658080711750	none	8538	c41489f2	512	224	0	8538
8670	5	10658097990360	none	8539	c41489f2	512	224	0	8539
8671	6	10658111192630	none	8540	c41489f2	512	224	0	8540
8672	7	10658128468870	none	8541	c41489f2	512	224	0	8541
8673	0	10658145678510	none	8542	c41489f2	512	224	0	8542
8674	1	10658163053260	none	8543	c41489f2	512	224	0	8543
8675	2	10658180273470	none	8544	c41489f2	512	224	0	8544
8676	3	10658197590410	none	8545	c41489f2	512	224	0	8545
8677	4	10658214786590	none	8546	c41489f2	512	224	0	8546
8678	5	10658227939410	none	8547	c41489f2	512	224	0	8547
8679	6	10658245160320	none	8548	c41489f2	512	224	0	8548
8680	7	10658262387200	none	8549	c41489f2	512	224	0	8549
8681	0	10658279659250	none	8550	c41489f2	512	224	0	8550
8682	1	10658296955570	none	8551	c41489f2	512	224	0	8551
8683	2	10658314202660	none	8552	c41489f2	512	224	0	8552
8684	3	10658327397830	none	8553	c41489f2	512	224	0	8553
8685	4	10658344634640	none	8554	c41489f2	512	224	0	8554
8686	5	10658361830290	none	8555	c41489f2	512	224	0	8555
8687	6	10658379045430	none	8556	c41489f2	512	224	0	8556
8688	7	10658396389430	none	8557	c41489f2	512	224	0	8557
8689	0	10658413611630	none	8558	c41489f2	512	224	0	8558
8690	1	10658430815760	none	8559	c41489f2	512	224	0	8559
8691	2	10658443990110	none	8560	c41489f2	512	224	0	8560
8692	3	10658461216980	none	8561	c41489f2	512	224	0	8561
8693	4	10658478432640	none	8562	c41489f2	512	224	0	8562
8694	5	10658495653960	none	8563	c41489f2	512	224	0	8563
8695	6	10658512860490	none	8564	c41489f2	512	224	0	8564
8696	7	10658530070110	none	8565	c41489f2	512	224	0	8565
8697	0	10658547374200	none	8566	c41489f2	512	224	0	8566
8698	1	10658560603450	none	8567	c41489f2	512	224	0	8567
8699	2	10658577798940	none	8568	c41489f2	512	224	0	8568
8700	3	10658595016120	none	8569	c41489f2	512	224	0	8569
8701	4	10658612236170	none	8570	c41489f2	512	224	0	8570
8702	5	10658629451850	none	8571	c41489f2	512	224	0	8571
8703	6	10658646677670	none	8572	c41489f2	512	224	0	8572
8704	7	10658663910190	none	8573	c41489f2	512	224	0	8573
8705	0	10658677160130	none	8574	c41489f2	512	224	0	8574
8706	1	10658694390000	none	8575	c41489f2	512	224	0	8575
8707	2	10658711599320	none	8576	c41489f2	512	224	0	8576
8708	3	10658728878020	none	8577	c41489f2	512	224	0	8577
8709	4	10658746098240	none	8578	c41489f2	512	224	0	8578
8710	5	10658763329780	none	8579	c41489f2	512	224	0	8579
8711	6	10658780546340	none	8580	c41489f2	512	224	0	8580
8712	7	10658793737730	none	8581	c41489f2	512	224	0	8581
8713	0	10658811104810	none	8582	c41489f2	512	224	0	8582
8714	1	10658828322120	none	8583	c41489f2	512	224	0	8583
8715	2	10658845620380	none	8584	c41489f2	512	224	0	8584
8716	3	10658862981020	none	8585	c41489f2	512	224	0	8585
8717	4	10658880217210	none	8586	c41489f2	512	224	0	8586
8718	5	10658893392910	none	8587	c41489f2	512	224	0	8587
8719	6	10658910609080	none	8588	c41489f2	512	224	0	8588
8720	7	10658927788000	none	8589	c41489f2	512	224	0	8589
8721	0	10658945160080	none	8590	c41489f2	512	224	0	8590
8722	1	10658962377670	none	8591	c41489f2	512	224	0	8591
8723	2	10658979585580	none	8592	c41489f2	512	224	0	8592
8724	3	10658996778400	none	8593	c41489f2	512	224	0	8593
8725	4	10659009907500	none	8594	c41489f2	512	224	0	8594
8726	5	10659027111230	none	8595	c41489f2	512	224	0	8595
8727	6	10659044429620	none	8596	c41489f2	512	224	0	8596
8728	7	10659061673040	none	8597	c41489f2	512	224	0	8597
8729	0	10659078887610	none	8598	c41489f2	512	224	0	8598
8730	1	10659096109290	none	8599	c41489f2	512	224	0	8599
8731	2	10659113358250	none	8600	c41489f2	512	224	0	8600
8732	3	10659126527210	none	8601	c41489f2	512	224	0	8601
8733	4	10659143750030	none	8602	c41489f2	512	224	0	8602
8734	5	10659160935770	none	8603	c41489f2	512	224	0	8603
8735	6	10659178170050	none	8604	c41489f2	512	224	0	8604
8736	7	10659195396590	none	8605	c41489f2	512	224	0	8605
8737	0	10659212670920	none	8606	c41489f2	512	224	0	8606
8738	1	10659225842500	none	8607	c41489f2	512	224	0	8607
8739	2	10659243034320	none	8608	c41489f2	512	224	0	8608
8740	3	10659260254940	none	8609	c41489f2	512	224	0	8609
8741	4	10659277454910	none	8610	c41489f2	512	224	0	8610
8742	5	10659294752680	none	8611	c41489f2	512	224	0	8611
8743	6	10659311990120	none	8612	c41489f2	512	224	0	8612
8744	7	10659329223010	none	8613	c41489f2	512	224	0	8613
8745	0	10659342407720	none	8614	c41489f2	512	224	0	8614
8746	1	10659359609440	none	8615	c41489f2	512	224	0	8615
8747	2	10659376806560	none	8616	c41489f2	512	224	0	8616
8748	3	10659394168260	none	8617	c41489f2	512	224	0	8617
8749	4	10659411385530	none	8618	c41489f2	512	224	0	8618
8750	5	10659428610450	none	8619	c41489f2	512	224	0	8619
8751	6	10659445807360	none	8620	c41489f2	512	224	0	8620
8752	7	10659459123990	none	8621	c41489f2	512	224	0	8621
8753	0	10659476341840	none	8622	c41489f2	512	224	0	8622
8754	1	10659493658190	none	8623	c41489f2	512	224	0	8623
8755	2	10659510952890	none	8624	c41489f2	512	224	0	8624
8756	3	10659528191180	none	8625	c41489f2	512	224	0	8625
8757	4	10659545414620	none	8626	c41489f2	512	224	0	8626
8758	5	10659562645400	none	8627	c41489f2	512	224	0	8627
8759	6	10659575809480	none	8628	c41489f2	512	224	0	8628
8760	7	10659593174090	none	8629	c41489f2	512	224	0	8629
8761	0	10659610435990	none	8630	c41489f2	512	224	0	8630
8762	1	10659627644610	none	8631	c41489f2	512	224	0	8631
8763	2	10659644977470	none	8632	c41489f2	512	224	0	8632
8764	3	10659662216860	none	8633	c41489f2	512	224	0	8633
8765	4	10659675396640	none	8634	c41489f2	512	224	0	8634
8766	5	10659692642410	none	8635	c41489f2	512	224	0	8635
8767	6	10659709835440	none	8636	c41489f2	512	224	0	8636
8768	7	10659727040300	none	8637	c41489f2	512	224	0	8637
8769	0	10659744282860	none	8638	c41489f2	512	224	0	8638
8770	1	10659761499670	none	8639	c41489f2	512	224	0	8639
8771	2	10659778746020	none	8640	c41489f2	512	224	0	8640
8772	3	10659791894630	none	8641	c41489f2	512	224	0	8641
8773	4	10659809183330	none	8642	c41489f2	512	224	0	8642
8774	5	10659826394970	none	8643	c41489f2	512	224	0	8643
8775	6	10659843616970	none	8644	c41489f2	512	224	0	8644
8776	7	10659860821080	none	8645	c41489f2	512	224	0	8645
8777	0	10659878206820	none	8646	c41489f2	512	224	0	8646
8778	1	10659891469140	none	8647	c41489f2	512	224	0	8647
8779	2	10659908798250	none	8648	c41489f2	512	224	0	8648
8780	3	10659926028230	none	8649	c41489f2	512	224	0	8649
8781	4	10659943266310	none	8650	c41489f2	512	224	0	8650
8782	5	10659960477640	none	8651	c41489f2	512	224	0	8651
8783	6	10659977692870	none	8652	c41489f2	512	224	0	8652
8784	7	10659994866450	none	8653	c41489f2	512	224	0	8653
8785	0	10660008187230	none	8654	c41489f2	512	224	0	8654
8786	1	10660025439610	none	8655	c41489f2	512	224	0	8655
8787	2	10660042783720	none	8656	c41489f2	512	224	0	8656
8788	3	10660059995910	none	8657	c41489f2	512	224	0	8657
8789	4	10660077216920	none	8658	c41489f2	512	224	0	8658
8790	5	10660094433120	none	8659	c41489f2	512	224	0	8659
8791	6	10660111644920	none	8660	c41489f2	512	224	0	8660
8792	7	10660124790570	none	8661	c41489f2	512	224	0	8661
8793	0	10660142254360	none	8662	c41489f2	512	224	0	8662
8794	1	10660159481400	none	8663	c41489f2	512	224	0	8663
8795	2	10660176714770	none	8664	c41489f2	512	224	0	8664
8796	3	10660193912350	none	8665	c41489f2	512	224	0	8665
8797	4	10660211273110	none	8666	c41489f2	512	224	0	8666
8798	5	10660224445260	none	8667	c41489f2	512	224	0	8667
8799	6	10660241831340	none	8668	c41489f2	512	224	0	8668
8800	7	10660259159440	none	8669	c41489f2	512	224	0	8669
8801	0	10660276379350	none	8670	c41489f2	512	224	0	8670
8802	1	10660293606650	none	8671	c41489f2	512	224	0	8671
8803	2	10660310810080	none	8672	c41489f2	512	224	0	8672
8804	3	10660328035510	none	8673	c41489f2	512	224	0	8673
8805	4	10660341226730	none	8674	c41489f2	512	224	0	8674
8806	5	10660358573490	none	8675	c41489f2	512	224	0	8675
8807	6	10660375812040	none	8676	c41489f2	512	224	0	8676
8808	7	10660393036510	none	8677	c41489f2	512	224	0	8677
8809	0	10660410273940	none	8678	c41489f2	512	224	0	8678
8810	1	10660427482760	none	8679	c41489f2	512	224	0	8679
8811	2	10660440668330	none	8680	c41489f2	512	224	0	8680
8812	3	10660457858320	none	8681	c41489f2	512	224	0	8681
8813	4	10660475058640	none	8682	c41489f2	512	224	0	8682
8814	5	10660492352260	none	8683	c41489f2	512	224	0	8683
8815	6	10660509590590	none	8684	c41489f2	512	224	0	8684
8816	7	10660526782570	none	8685	c41489f2	512	224	0	8685
8817	0	10660543988930	none	8686	c41489f2	512	224	0	8686
8818	1	10660557189890	none	8687	c41489f2	512	224	0	8687
8819	2	10660574394790	none	8688	c41489f2	512	224	0	8688
8820	3	10660591625930	none	8689	c41489f2	512	224	0	8689
8821	4	10660608980200	none	8690	c41489f2	512	224	0	8690
8822	5	10660626212250	none	8691	c41489f2	512	224	0	8691
8823	6	10660643426690	none	8692	c41489f2	512	224	0	8692
8824	7	10660660763370	none	8693	c41489f2	512	224	0	8693
8825	0	10660673946340	none	8694	f4ba778d	512	224	0	8694
8826	1	10660691190660	none	8695	f4ba778d	512	224	0	8695
8827	2	10660708397010	none	8696	f4ba778d	512	224	0	8696
8828	3	10660725669210	none	8697	f4ba778d	512	224	0	8697
8829	4	10660742859010	none	8698	f38164f5	512	224	0	8698
8830	5	10660760229960	none	8699	f38164f5	512	224	0	8699
8831	6	10660773406930	none	8700	f38164f5	512	224	0	8700
8832	7	10660790718840	none	8701	f38164f5	512	224	0	8701
8833	0	10660807956390	none	8702	9b45886c	512	224	0	8702
8834	1	10660825256230	none	8703	a3ba1160	512	224	0	8703
8835	2	10660842487690	none	8704	6f8160a6	512	224	0	8704
8836	3	10660859718820	none	8705	342e1784	512	224	0	8705
8837	4	10660876958630	none	8706	a006bcac	512	224	0	8706
8838	5	10660890153210	none	8707	2740bb1b	512	224	0	8707
8839	6	10660907355820	none	8708	e8d54352	512	224	0	8708
8840	7	10660924704580	none	8709	045bc700	512	224	0	8709
8841	0	10660942063780	none	8710	81f66a28	512	224	0	8710
8842	1	10660959809430	none	8711	626c225f	512	224	0	8711
8843	2	10660973151520	none	8712	8a1f2839	512	224	0	8712
8844	3	10660990363030	none	8713	92ba31e1	512	224	0	8713
8845	4	10661007582220	none	8714	5b5b0c34	512	224	0	8714
8846	5	10661024788870	none	8715	aa7bfda6	512	224	0	8715
8847	6	10661042074400	none	8716	6e47b9c7	512	224	0	8716
8848	7	10661059485440	none	8717	931bdb66	512	224	0	8717
8849	0	10661076712500	none	8718	f3efd606	512	224	0	8718
8850	1	10661089866920	none	8719	9afb72ed	512	224	0	8719
8851	2	10661107083950	none	8720	a4dc25c8	512	224	0	8720
8852	3	10661124298340	none	8721	28ca3d21	512	224	0	8721
8853	4	10661141535030	none	8722	34f4f7e4	512	224	0	8722
8854	5	10661158827280	none	8723	6cfe0c06	512	224	0	8723
8855	6	10661176080940	none	8724	b85320aa	512	224	0	8724
8856	7	10661189277520	none	8725	430cdb9d	512	224	0	8725
8857	0	10661206641620	none	8726	afe736e4	512	224	0	8726
8858	1	10661223869020	none	8727	028dea6d	512	224	0	8727
8859	2	10661241260770	none	8728	be697cc9	512	224	0	8728
8860	3	10661258558720	none	8729	44ffbdc8	512	224	0	8729
8861	4	10661275806100	none	8730	dbd57d0e	512	224	0	8730
8862	5	10661293009130	none	8731	58e297d4	512	224	0	8731
8863	6	10661306226960	none	8732	155536b5	512	224	0	8732
8864	7	10661323426790	none	8733	387d6bbd	512	224	0	8733
8865	0	10661340672320	none	8734	d81fc9bc	512	224	0	8734
8866	1	10661357861520	none	8735	bdc9b9e5	512	224	0	8735
8867	2	10661375130470	none	8736	f8692c42	512	224	0	8736
8868	3	10661392396160	none	8737	d9418238	512	224	0	8737
8869	4	10661405629950	none	8738	84101330	512	224	0	8738
8870	5	10661422810740	none	8739	1fc8244b	512	224	0	8739
8871	6	10661440044420	none	8740	cd15c7d9	512	224	0	8740
8872	7	10661457273180	none	8741	58de2ae9	512	224	0	8741
8873	0	10661474498180	none	8742	4511cd0a	512	224	0	8742
8874	1	10661491883430	none	8743	20960061	512	224	0	8743
8875	2	10661509183500	none	8744	3e333496	512	224	0	8744
8876	3	10661522377630	none	8745	f6d89de6	512	224	0	8745
8877	4	10661539597370	none	8746	569ec8d8	512	224	0	8746
8878	5	10661556787130	none	8747	36fdd771	512	224	0	8747
8879	6	10661574122000	none	8748	5b5751bc	512	224	0	8748
8880	7	10661591344340	none	8749	cb488f8e	512	224	0	8749
8881	0	10661608788640	none	8750	61605322	512	224	0	8750
8882	1	10661622025550	none	8751	61605322	512	224	0	8751
8883	2	10661639251830	none	8752	61605322	512	224	0	8752
8884	3	10661656462550	none	8753	61605322	512	224	0	8753
8885	4	10661673677100	none	8754	61605322	512	224	0	8754
8886	5	10661690898700	none	8755	61605322	512	224	0	8755
8887	6	10661708153290	none	8756	61605322	512	224	0	8756
8888	7	10661725447390	none	8757	61605322	512	224	0	8757
8889	0	10661738671690	none	8758	61605322	512	224	0	8758
8890	1	10661755921200	none	8759	61605322	512	224	0	8759
8891	2	10661773155040	none	8760	61605322	512	224	0	8760
8892	3	10661790369800	none	8761	61605322	512	224	0	8761
8893	4	10661807682020	none	8762	61605322	512	224	0	8762
8894	5	10661824956120	none	8763	61605322	512	224	0	8763
8895	6	10661842266210	none	8764	61605322	512	224	0	8764
8896	7	10661855475080	none	8765	61605322	512	224	0	8765
8897	0	10661872681610	none	8766	30fb3e5a	512	224	0	8766
8898	1	10661889882950	none	8767	ebf8220c	512	224	0	8767
8899	2	10661907235370	none	8768	bf201e64	512	224	0	8768
8900	3	10661924485170	none	8769	84211621	512	224	0	8769
8901	4	10661941698390	none	8770	401a26c8	512	224	0	8770
8902	5	10661954967770	none	8771	c1ce51a8	512	224	0	8771
8903	6	10661972189220	none	8772	ce7ea22a	512	224	0	8772
8904	7	10661989422760	none	8773	0ba06ac7	512	224	0	8773
8905	0	10662006669950	none	8774	ccac4f16	512	224	0	8774
8906	1	10662023856880	none	8775	f938323c	512	224	0	8775
8907	2	10662041084100	none	8776	d08aaf32	512	224	0	8776
8908	3	10662058317490	none	8777	0b85f4b4	512	224	0	8777
8909	4	10662071549510	none	8778	c086023b	512	224	0	8778
8910	5	10662088737850	none	8779	04dfb11f	512	224	0	8779
8911	6	10662105917300	none	8780	60a5dccf	512	224	0	8780
8912	7	10662123154670	none	8781	192a3ac0	512	224	0	8781
8913	0	10662140380610	none	8782	53f176f1	512	224	0	8782
8914	1	10662157601160	none	8783	461f104e	512	224	0	8783
8915	2	10662174807580	none	8784	b641d293	512	224	0	8784
8916	3	10662188088170	none	8785	4dae6bb9	512	224	0	8785
8917	4	10662205305350	none	8786	1062d2de	512	224	0	8786
8918	5	10662222523210	none	8787	8b89f91b	512	224	0	8787
8919	6	10662239708860	none	8788	3e40be56	512	224	0	8788
8920	7	10662256978230	none	8789	8c3468be	512	224	0	8789
8921	0	10662274263620	none	8790	3c095c92	512	224	0	8790
8922	1	10662291518970	none	8791	ba5192a9	512	224	0	8791
8923	2	10662304791240	none	8792	5cba2e44	512	224	0	8792
8924	3	10662322106450	none	8793	cdf2e576	512	224	0	8793
8925	4	10662339329160	none	8794	19511c32	512	224	0	8794
8926	5	10662356649890	none	8795	0bccdee4	512	224	0	8795
8927	6	10662373948350	none	8796	b9c54279	512	224	0	8796
8928	7	10662391175560	none	8797	ac6c5fd4	512	224	0	8797
8929	0	10662404357330	none	8798	fb8d1a30	512	224	0	8798
8930	1	10662421549270	none	8799	57686ec8	512	224	0	8799
8931	2	10662438732260	none	8800	91e5b71d	512	224	0	8800
8932	3	10662456043570	none	8801	5ccab164	512	224	0	8801
8933	4	10662473270760	none	8802	0f09ed0e	512	224	0	8802
8934	5	10662490479680	none	8803	74ada4dc	512	224	0	8803
8935	6	10662507703720	none	8804	1f3ba9fb	512	224	0	8804
8936	7	10662520838200	none	8805	fa07726f	512	224	0	8805
8937	0	10662538088640	none	8806	9fbd8dc4	512	224	0	8806
8938	1	10662555446810	none	8807	8c07a89c	512	224	0	8807
8939	2	10662572754610	none	8808	c1e5b6be	512	224	0	8808
8940	3	10662590004780	none	8809	4c9566e3	512	224	0	8809
8941	4	10662607240890	none	8810	0b20a8d6	512	224	0	8810
8942	5	10662620419210	none	8811	c1a0277d	512	224	0	8811
8943	6	10662637646220	none	8812	ac89bb4e	512	224	0	8812
8944	7	10662654814470	none	8813	4b1a771c	512	224	0	8813
8945	0	10662672032670	none	8814	c408fe69	512	224	0	8814
8946	1	10662689262800	none	8815	ff18fe88	512	224	0	8815
8947	2	10662706507840	none	8816	46e4ab27	512	224	0	8816
8948	3	10662723696300	none	8817	895cec1b	512	224	0	8817
8949	4	10662737017700	none	8818	df32567f	512	224	0	8818
8950	5	10662754241760	none	8819	bd749915	512	224	0	8819
8951	6	10662771445830	none	8820	9bf2f967	512	224	0	8820
8952	7	10662788674620	none	8821	e5b88f4f	512	224	0	8821
8953	0	10662805991820	none	8822	553ae6b6	512	224	0	8822
8954	1	10662823231210	none	8823	5e5dc4d1	512	224	0	8823
8955	2	10662840466990	none	8824	68ea593c	512	224	0	8824
8956	3	10662853655310	none	8825	4c76393e	512	224	0	8825
8957	4	10662870874700	none	8826	b7378834	512	224	0	8826
8958	5	10662888108290	none	8827	f07a9a66	512	224	0	8827
8959	6	10662905332350	none	8828	cb50ecc8	512	224	0	8828
8960	7	10662922550480	none	8829	b6e2d97b	512	224	0	8829
8961	0	10662939743010	none	8830	b6e2d97b	512	224	0	8830
8962	1	10662956946410	none	8831	b6e2d97b	512	224	0	8831
8963	2	10662970261470	none	8832	b6e2d97b	512	224	0	8832
8964	3	10662987459780	none	8833	b6e2d97b	512	224	0	8833
8965	4	10663004735830	none	8834	b6e2d97b	512	224	0	8834
8966	5	10663021954880	none	8835	b6e2d97b	512	224	0	8835
8967	6	10663039187840	none	8836	b6e2d97b	512	224	0	8836
8968	7	10663056410370	none	8837	b6e2d97b	512	224	0	8837
8969	0	10663069609930	none	8838	b6e2d97b	512	224	0	8838
8970	1	10663086869920	none	8839	b6e2d97b	512	224	0	8839
8971	2	10663104244130	none	8840	b6e2d97b	512	224	0	8840
8972	3	10663121461840	none	8841	b6e2d97b	512	224	0	8841
8973	4	10663138704390	none	8842	b6e2d97b	512	224	0	8842
8974	5	10663155995580	none	8843	b6e2d97b	512	224	0	8843
8975	6	10663173218190	none	8844	b6e2d97b	512	224	0	8844
8976	7	10663186412450	none	8845	b6e2d97b	512	224	0	8845
8977	0	10663203631600	none	8846	b6e2d97b	512	224	0	8846
8978	1	10663220941430	none	8847	b6e2d97b	512	224	0	8847
8979	2	10663238184290	none	8848	b6e2d97b	512	224	0	8848
8980	3	10663255394320	none	8849	b6e2d97b	512	224	0	8849
8981	4	10663272617740	none	8850	b6e2d97b	512	224	0	8850
8982	5	10663285859700	none	8851	b6e2d97b	512	224	0	8851
8983	6	10663303238910	none	8852	b6e2d97b	512	224	0	8852
8984	7	10663320444730	none	8853	b6e2d97b	512	224	0	8853
8985	0	10663337667180	none	8854	b6e2d97b	512	224	0	8854
8986	1	10663354999790	none	8855	b6e2d97b	512	224	0	8855
8987	2	10663372231640	none	8856	b6e2d97b	512	224	0	8856
8988	3	10663389463540	none	8857	b6e2d97b	512	224	0	8857
8989	4	10663402638330	none	8858	b6e2d97b	512	224	0	8858
8990	5	10663419812180	none	8859	b6e2d97b	512	224	0	8859
8991	6	10663437026410	none	8860	b6e2d97b	512	224	0	8860
8992	7	10663454256580	none	8861	b6e2d97b	512	224	0	8861
8993	0	10663471459160	none	8862	b6e2d97b	512	224	0	8862
8994	1	10663488667080	none	8863	b6e2d97b	512	224	0	8863
8995	2	10663505850450	none	8864	b6e2d97b	512	224	0	8864
8996	3	10663519183900	none	8865	b6e2d97b	512	224	0	8865
8997	4	10663536374220	none	8866	b6e2d97b	512	224	0	8866
8998	5	10663553681180	none	8867	b6e2d97b	512	224	0	8867
8999	6	10663570946300	none	8868	b6e2d97b	512	224	0	8868
9000	7	10663588169180	none	8869	b6e2d97b	512	224	0	8869
9001	0	10663605406980	none	8870	b6e2d97b	512	224	0	8870
9002	1	10663618688250	none	8871	b6e2d97b	512	224	0	8871
9003	2	10663635886630	none	8872	b6e2d97b	512	224	0	8872
9004	3	10663653123390	none	8873	b6e2d97b	512	224	0	8873
9005	4	10663670385300	none	8874	b6e2d97b	512	224	0	8874
9006	5	10663687616820	none	8875	b6e2d97b	512	224	0	8875
9007	6	10663704792840	none	8876	b6e2d97b	512	224	0	8876
9008	7	10663722166080	none	8877	b6e2d97b	512	224	0	8877
9009	0	10663735339570	none	8878	b6e2d97b	512	224	0	8878
9010	1	10663752664240	none	8879	b6e2d97b	512	224	0	8879
9011	2	10663769933630	none	8880	b6e2d97b	512	224	0	8880
9012	3	10663787161340	none	8881	b6e2d97b	512	224	0	8881
9013	4	10663804436250	none	8882	b6e2d97b	512	224	0	8882
9014	5	10663821651820	none	8883	b6e2d97b	512	224	0	8883
9015	6	10663838843150	none	8884	b6e2d97b	512	224	0	8884
9016	7	10663852041820	none	8885	b6e2d97b	512	224	0	8885
9017	0	10663869287590	none	8886	b6e2d97b	512	224	0	8886
9018	1	10663886525810	none	8887	b6e2d97b	512	224	0	8887
9019	2	10663903724030	none	8888	b6e2d97b	512	224	0	8888
9020	3	10663920912310	none	8889	b6e2d97b	512	224	0	8889
9021	4	10663938143340	none	8890	b6e2d97b	512	224	0	8890
9022	5	10663955362490	none	8891	b6e2d97b	512	224	0	8891
9023	6	10663968528920	none	8892	b6e2d97b	512	224	0	8892
9024	7	10663985739080	none	8893	b6e2d97b	512	224	0	8893
9025	0	10664002999740	none	8894	b6e2d97b	512	224	0	8894
9026	1	10664020220240	none	8895	b6e2d97b	512	224	0	8895
9027	2	10664037418760	none	8896	b6e2d97b	512	224	0	8896
9028	3	10664054617330	none	8897	b6e2d97b	512	224	0	8897
9029	4	10664071881930	none	8898	b6e2d97b	512	224	0	8898
9030	5	10664085082900	none	8899	b6e2d97b	512	224	0	8899
9031	6	10664102300930	none	8900	b6e2d97b	512	224	0	8900
9032	7	10664119526280	none	8901	b6e2d97b	512	224	0	8901
9033	0	10664136754090	none	8902	b6e2d97b	512	224	0	8902
9034	1	10664153969790	none	8903	b6e2d97b	512	224	0	8903
9035	2	10664171315760	none	8904	b6e2d97b	512	224	0	8904
9036	3	10664184502220	none	8905	b6e2d97b	512	224	0	8905
9037	4	10664201825220	none	8906	b6e2d97b	512	224	0	8906
9038	5	10664219083370	none	8907	b6e2d97b	512	224	0	8907
9039	6	10664236305680	none	8908	b6e2d97b	512	224	0	8908
9040	7	10664253517900	none	8909	b6e2d97b	512	224	0	8909
9041	0	10664270715170	none	8910	b6e2d97b	512	224	0	8910
9042	1	10664287919810	none	8911	b6e2d97b	512	224	0	8911
9043	2	10664301107030	none	8912	b6e2d97b	512	224	0	8912
9044	3	10664318313090	none	8913	b6e2d97b	512	224	0	8913
9045	4	10664335515610	none	8914	b6e2d97b	512	224	0	8914
9046	5	10664352703810	none	8915	b6e2d97b	512	224	0	8915
9047	6	10664369904800	none	8916	b6e2d97b	512	224	0	8916
9048	7	10664387141820	none	8917	b6e2d97b	512	224	0	8917
9049	0	10664404442350	none	8918	b6e2d97b	512	224	0	8918
9050	1	10664417619620	none	8919	b6e2d97b	512	224	0	8919
9051	2	10664434802500	none	8920	b6e2d97b	512	224	0	8920
9052	3	10664452049480	none	8921	b6e2d97b	512	224	0	8921
9053	4	10664469258300	none	8922	b6e2d97b	512	224	0	8922
9054	5	10664486487860	none	8923	b6e2d97b	512	224	0	8923
9055	6	10664503685560	none	8924	b6e2d97b	512	224	0	8924
9056	7	10664520975430	none	8925	b6e2d97b	512	224	0	8925
9057	0	10664534169350	none	8926	b6e2d97b	512	224	0	8926
9058	1	10664551379320	none	8927	b6e2d97b	512	224	0	8927
9059	2	10664568599030	none	8928	b6e2d97b	512	224	0	8928
9060	3	10664585809730	none	8929	b6e2d97b	512	224	0	8929
9061	4	10664603039240	none	8930	b6e2d97b	512	224	0	8930
9062	5	10664620440800	none	8931	b6e2d97b	512	224	0	8931
9063	6	10664633622500	none	8932	b6e2d97b	512	224	0	8932
9064	7	10664650938640	none	8933	b6e2d97b	512	224	0	8933
9065	0	10664668182060	none	8934	b6e2d97b	512	224	0	8934
9066	1	10664685402390	none	8935	b6e2d97b	512	224	0	8935
9067	2	10664702621450	none	8936	b6e2d97b	512	224	0	8936
9068	3	10664720033020	none	8937	b6e2d97b	512	224	0	8937
9069	4	10664733499840	none	8938	b6e2d97b	512	224	0	8938
9070	5	10664750779610	none	8939	b6e2d97b	512	224	0	8939
9071	6	10664768275990	none	8940	b6e2d97b	512	224	0	8940
9072	7	10664785643220	none	8941	b6e2d97b	512	224	0	8941
9073	0	10664803256810	none	8942	b6e2d97b	512	224	0	8942
9074	1	10664820658100	none	8943	b6e2d97b	512	224	0	8943
9075	2	10664834026040	none	8944	b6e2d97b	512	224	0	8944
9076	3	10664851265390	none	8945	b6e2d97b	512	224	0	8945
9077	4	10664868502830	none	8946	b6e2d97b	512	224	0	8946
9078	5	10664885711110	none	8947	b6e2d97b	512	224	0	8947
9079	6	10664903304570	none	8948	b6e2d97b	512	224	0	8948
9080	7	10664916541910	none	8949	b6e2d97b	512	224	0	8949
9081	0	10664933859570	none	8950	b6e2d97b	512	224	0	8950
9082	1	10664951199070	none	8951	b6e2d97b	512	224	0	8951
9083	2	10664968635760	none	8952	b6e2d97b	512	224	0	8952
9084	3	10664986300410	none	8953	b6e2d97b	512	224	0	8953
9085	4	10665000100720	none	8954	b6e2d97b	512	224	0	8954
9086	5	10665017660780	none	8955	b6e2d97b	512	224	0	8955
9087	6	10665035148980	none	8956	b6e2d97b	512	224	0	8956
9088	7	10665052883610	none	8957	b6e2d97b	512	224	0	8957
9089	0	10665070134920	none	8958	b6e2d97b	512	224	0	8958
9090	1	10665083309440	none	8959	b6e2d97b	512	224	0	8959
9091	2	10665100496660	none	8960	b6e2d97b	512	224	0	8960
9092	3	10665117703210	none	8961	b6e2d97b	512	224	0	8961
9093	4	10665134921870	none	8962	b6e2d97b	512	224	0	8962
9094	5	10665152156500	none	8963	b6e2d97b	512	224	0	8963
9095	6	10665169373620	none	8964	b6e2d97b	512	224	0	8964
9096	7	10665186675460	none	8965	b6e2d97b	512	224	0	8965
9097	0	10665199830170	none	8966	b6e2d97b	512	224	0	8966
9098	1	10665217054430	none	8967	b6e2d97b	512	224	0	8967
9099	2	10665234269040	none	8968	b6e2d97b	512	224	0	8968
9100	3	10665251483840	none	8969	b6e2d97b	512	224	0	8969
9101	4	10665268763690	none	8970	b6e2d97b	512	224	0	8970
9102	5	10665285991750	none	8971	b6e2d97b	512	224	0	8971
9103	6	10665299180060	none	8972	b6e2d97b	512	224	0	8972
9104	7	10665316389670	none	8973	b6e2d97b	512	224	0	8973
9105	0	10665333612330	none	8974	b6e2d97b	512	224	0	8974
9106	1	10665350771560	none	8975	b6e2d97b	512	224	0	8975
9107	2	10665368137600	none	8976	b6e2d97b	512	224	0	8976
9108	3	10665385350940	none	8977	b6e2d97b	512	224	0	8977
9109	4	10665402584540	none	8978	b6e2d97b	512	224	0	8978
9110	5	10665415751900	none	8979	b6e2d97b	512	224	0	8979
9111	6	10665433032090	none	8980	b6e2d97b	512	224	0	8980
9112	7	10665450264280	none	8981	b6e2d97b	512	224	0	8981
9113	0	10665467596710	none	8982	b6e2d97b	512	224	0	8982
9114	1	10665484788790	none	8983	b6e2d97b	512	224	0	8983
9115	2	10665502012470	none	8984	b6e2d97b	512	224	0	8984
9116	3	10665519247470	none	8985	b6e2d97b	512	224	0	8985
9117	4	10665532422610	none	8986	b6e2d97b	512	224	0	8986
9118	5	10665549646750	none	8987	b6e2d97b	512	224	0	8987
9119	6	10665566832340	none	8988	b6e2d97b	512	224	0	8988
9120	7	10665584065830	none	8989	b6e2d97b	512	224	0	8989
9121	0	10665601332530	none	8990	b6e2d97b	512	224	0	8990
9122	1	10665618588590	none	8991	b6e2d97b	512	224	0	8991
9123	2	10665635756650	none	8992	b6e2d97b	512	224	0	8992
9124	3	10665649065560	none	8993	b6e2d97b	512	224	0	8993
9125	4	10665666285850	none	8994	b6e2d97b	512	224	0	8994
9126	5	10665683502110	none	8995	b6e2d97b	512	224	0	8995
9127	6	10665700704360	none	8996	b6e2d97b	512	224	0	8996
9128	7	10665718037720	none	8997	b6e2d97b	512	224	0	8997
9129	0	10665735245630	none	8998	b6e2d97b	512	224	0	8998
9130	1	10665752446290	none	8999	b6e2d97b	512	224	0	8999
9131	2	10665765607990	none	9000	b6e2d97b	512	224	0	9000
9132	3	10665782803890	none	9001	b6e2d97b	512	224	0	9001
9133	4	10665800028280	none	9002	b6e2d97b	512	224	0	9002
9134	5	10665817265950	none	9003	b6e2d97b	512	224	0	9003
9135	6	10665834477490	none	9004	b6e2d97b	512	224	0	9004
9136	7	10665851669750	none	9005	b6e2d97b	512	224	0	9005
9137	0	10665868890890	none	9006	b6e2d97b	512	224	0	9006
9138	1	10665882220740	none	9007	b6e2d97b	512	224	0	9007
9139	2	10665899441590	none	9008	b6e2d97b	512	224	0	9008
9140	3	10665916732430	none	9009	b6e2d97b	512	224	0	9009
9141	4	10665933944380	none	9010	b6e2d97b	512	224	0	9010
9142	5	10665951156220	none	9011	b6e2d97b	512	224	0	9011
9143	6	10665968465940	none	9012	b6e2d97b	512	224	0	9012
9144	7	10665981923640	none	9013	b6e2d97b	512	224	0	9013
9145	0	10665999207130	none	9014	b6e2d97b	512	224	0	9014
9146	1	10666017026310	none	9015	b6e2d97b	512	224	0	9015
9147	2	10666034245780	none	9016	b6e2d97b	512	224	0	9016
9148	3	10666051473750	none	9017	b6e2d97b	512	224	0	9017
9149	4	10666064631270	none	9018	b6e2d97b	512	224	0	9018
9150	5	10666081805160	none	9019	b6e2d97b	512	224	0	9019
9151	6	10666099026990	none	9020	b6e2d97b	512	224	0	9020
9152	7	10666116354160	none	9021	b6e2d97b	512	224	0	9021
9153	0	10666133683210	none	9022	b6e2d97b	512	224	0	9022
9154	1	10666150936540	none	9023	b6e2d97b	512	224	0	9023
9155	2	10666168176790	none	9024	b6e2d97b	512	224	0	9024
9156	3	10666181362300	none	9025	b6e2d97b	512	224	0	9025
9157	4	10666198589770	none	9026	b6e2d97b	512	224	0	9026
9158	5	10666215865770	none	9027	b6e2d97b	512	224	0	9027
9159	6	10666233112690	none	9028	b6e2d97b	512	224	0	9028
9160	7	10666250374210	none	9029	b6e2d97b	512	224	0	9029
9161	0	10666267609020	none	9030	b6e2d97b	512	224	0	9030
9162	1	10666284812700	none	9031	b6e2d97b	512	224	0	9031
9163	2	10666297997130	none	9032	b6e2d97b	512	224	0	9032
9164	3	10666315351470	none	9033	b6e2d97b	512	224	0	9033
9165	4	10666332567020	none	9034	b6e2d97b	512	224	0	9034
9166	5	10666349787950	none	9035	b6e2d97b	512	224	0	9035
9167	6	10666367030110	none	9036	b6e2d97b	512	224	0	9036
9168	7	10666384254380	none	9037	b6e2d97b	512	224	0	9037
9169	0	10666397446310	none	9038	b6e2d97b	512	224	0	9038
9170	1	10666414645410	none	9039	b6e2d97b	512	224	0	9039
9171	2	10666431835860	none	9040	b6e2d97b	512	224	0	9040
9172	3	10666449055300	none	9041	b6e2d97b	512	224	0	9041
9173	4	10666466284940	none	9042	a212d214	512	224	0	9042
9174	5	10666483510180	none	9043	a212d214	512	224	0	9043
9175	6	10666500697310	none	9044	a212d214	512	224	0	9044
9176	7	10666513936110	none	9045	a212d214	512	224	0	9045
9177	0	10666531152590	none	9046	38ee7df5	512	224	0	9046
9178	1	10666548360120	none	9047	38ee7df5	512	224	0	9047
9179	2	10666565578130	none	9048	38ee7df5	512	224	0	9048
9180	3	10666582783800	none	9049	cd4df54c	512	224	0	9049
9181	4	10666600099180	none	9050	66fe9326	512	224	0	9050
9182	5	10666617382930	none	9051	4d9a57b7	512	224	0	9051
9183	6	10666630665140	none	9052	427eb869	512	224	0	9052
9184	7	10666647894460	none	9053	c018a1ed	512	224	0	9053
9185	0	10666665140870	none	9054	0bb10792	512	224	0	9054
9186	1	10666682357300	none	9055	d9bc4d52	512	224	0	9055
9187	2	10666699652780	none	9056	39405c95	512	224	0	9056
9188	3	10666716839490	none	9057	e85a913f	512	224	0	9057
9189	4	10666730163490	none	9058	f3690aeb	512	224	0	9058
9190	5	10666747395300	none	9059	6462452a	512	224	0	9059
9191	6	10666764727820	none	9060	fa3754be	512	224	0	9060
9192	7	10666782046170	none	9061	c05ab359	512	224	0	9061
9193	0	10666799346160	none	9062	cce10083	512	224	0	9062
9194	1	10666816574130	none	9063	87d5068a	512	224	0	9063
9195	2	10666833757750	none	9064	9103b89a	512	224	0	9064
9196	3	10666846934350	none	9065	86e4af1c	512	224	0	9065
9197	4	10666864319760	none	9066	f4f6fce9	512	224	0	9066
9198	5	10666881536490	none	9067	3c38c80f	512	224	0	9067
9199	6	10666898807060	none	9068	f44fe578	512	224	0	9068
9200	7	10666916061830	none	9069	93712033	512	224	0	9069
9201	0	10666933425740	none	9070	89fe3df4	512	224	0	9070
9202	1	10666946572890	none	9071	e98520a6	512	224	0	9071
9203	2	10666963942120	none	9072	e21d631a	512	224	0	9072
9204	3	10666981196910	none	9073	8150cee9	512	224	0	9073
9205	4	10666998428110	none	9074	162c81c8	512	224	0	9074
9206	5	10667015628210	none	9075	53323886	512	224	0	9075
9207	6	10667032825600	none	9076	6b946d11	512	224	0	9076
9208	7	10667050109260	none	9077	d14f204c	512	224	0	9077
9209	0	10667063298170	none	9078	73954319	512	224	0	9078
9210	1	10667080510550	none	9079	622e31c4	512	224	0	9079
9211	2	10667097734160	none	9080	ee833d2b	512	224	0	9080
9212	3	10667115007770	none	9081	bfe4954b	512	224	0	9081
9213	4	10667132234240	none	9082	b95c0922	512	224	0	9082
9214	5	10667149451850	none	9083	88241a40	512	224	0	9083
9215	6	10667166667930	none	9084	fdf79112	512	224	0	9084
9216	7	10667179964150	none	9085	34f6abff	512	224	0	9085
9217	0	10667197197500	none	9086	558e25ea	512	224	0	9086
9218	1	10667214460760	none	9087	000e6336	512	224	0	9087
9219	2	10667231665030	none	9088	635f1f8c	512	224	0	9088
9220	3	10667248876260	none	9089	3a6d3069	512	224	0	9089
9221	4	10667266102640	none	9090	ca8be175	512	224	0	9090
9222	5	10667279387950	none	9091	e2b3e514	512	224	0	9091
9223	6	10667296611050	none	9092	dd7f1646	512	224	0	9092
9224	7	10667313916900	none	9093	a2b3e2a0	512	224	0	9093
9225	0	10667331149490	none	9094	33b0cfde	512	224	0	9094
9226	1	10667348363230	none	9095	8e240cd6	512	224	0	9095
9227	2	10667365575300	none	9096	41ad0b27	512	224	0	9096
9228	3	10667382848190	none	9097	f46fb8b5	512	224	0	9097
9229	4	10667396104910	none	9098	61605322	512	224	0	9098
9230	5	10667413320190	none	9099	61605322	512	224	0	9099
9231	6	10667430547710	none	9100	61605322	512	224	0	9100
9232	7	10667447720410	none	9101	61605322	512	224	0	9101
9233	0	10667464963180	none	9102	61605322	512	224	0	9102
9234	1	10667482304100	none	9103	61605322	512	224	0	9103
9235	2	10667499534030	none	9104	61605322	512	224	0	9104
9236	3	10667512704820	none	9105	61605322	512	224	0	9105
9237	4	10667529963730	none	9106	61605322	512	224	0	9106
9238	5	10667547173020	none	9107	61605322	512	224	0	9107
9239	6	10667564452250	none	9108	61605322	512	224	0	9108
9240	7	10667581789660	none	9109	61605322	512	224	0	9109
9241	0	10667599042130	none	9110	61605322	512	224	0	9110
9242	1	10667612212990	none	9111	61605322	512	224	0	9111
9243	2	10667629420100	none	9112	61605322	512	224	0	9112
9244	3	10667646681410	none	9113	61605322	512	224	0	9113
9245	4	10667663886960	none	9114	96e25bf0	512	224	0	9114
9246	5	10667681236880	none	9115	f6873d39	512	224	0	9115
9247	6	10667698458550	none	9116	04a28777	512	224	0	9116
9248	7	10667715648030	none	9117	e7366de9	512	224	0	9117
9249	0	10667728939070	none	9118	6ad6b26e	512	224	0	9118
9250	1	10667746149690	none	9119	9b1b4caf	512	224	0	9119
9251	2	10667763364130	none	9120	4c8569c6	512	224	0	9120
9252	3	10667780606760	none	9121	a03ff609	512	224	0	9121
9253	4	10667797829510	none	9122	1fe0b720	512	224	0	9122
9254	5	10667815091780	none	9123	55bf15a9	512	224	0	9123
9255	6	10667832319900	none	9124	284097a6	512	224	0	9124
9256	7	10667845518900	none	9125	c0989f80	512	224	0	9125
9257	0	10667862709810	none	9126	fff92acf	512	224	0	9126
9258	1	10667879933080	none	9127	cdab6de1	512	224	0	9127
9259	2	10667897164030	none	9128	789f6a3c	512	224	0	9128
9260	3	10667914365870	none	9129	d4b4e71e	512	224	0	9129
9261	4	10667931685130	none	9130	a845d9c6	512	224	0	9130
9262	5	10667944910890	none	9131	2c21a547	512	224	0	9131
9263	6	10667962145330	none	9132	51eb5474	512	224	0	9132
9264	7	10667979345370	none	9133	e43c39c4	512	224	0	9133
9265	0	10667996562270	none	9134	0688273e	512	224	0	9134
9266	1	10668013759260	none	9135	4a94ffb8	512	224	0	9135
9267	2	10668031088740	none	9136	327ca12d	512	224	0	9136
9268	3	10668048312850	none	9137	3ca25fb5	512	224	0	9137
9269	4	10668061509570	none	9138	4eff0fd9	512	224	0	9138
9270	5	10668078689660	none	9139	79d86695	512	224	0	9139
9271	6	10668096051670	none	9140	d4aace5e	512	224	0	9140
9272	7	10668113307850	none	9141	2d0c0973	512	224	0	9141
9273	0	10668130693250	none	9142	0de20975	512	224	0	9142
9274	1	10668147946190	none	9143	34f85e72	512	224	0	9143
9275	2	10668161164230	none	9144	fe890117	512	224	0	9144
9276	3	10668178398720	none	9145	b9126916	512	224	0	9145
9277	4	10668195579800	none	9146	276ef730	512	224	0	9146
9278	5	10668212752360	none	9147	cc173850	512	224	0	9147
9279	6	10668230146160	none	9148	b1d5ab03	512	224	0	9148
9280	7	10668247359430	none	9149	1fedf5f1	512	224	0	9149
9281	0	10668264578310	none	9150	57900cfe	512	224	0	9150
9282	1	10668277731550	none	9151	e5c70f2b	512	224	0	9151
9283	2	10668294945390	none	9152	354ee7c6	512	224	0	9152
9284	3	10668312174500	none	9153	d2e7efb1	512	224	0	9153
9285	4	10668329401280	none	9154	30f231c7	512	224	0	9154
9286	5	10668346591260	none	9155	4a2a8869	512	224	0	9155
9287	6	10668363889600	none	9156	4c8e92af	512	224	0	9156
9288	7	10668381137310	none	9157	7bef84c2	512	224	0	9157
9289	0	10668394319540	none	9158	8d5f9ceb	512	224	0	9158
9290	1	10668411560190	none	9159	530ee483	512	224	0	9159
9291	2	10668428755420	none	9160	a20b37da	512	224	0	9160
9292	3	10668445997480	none	9161	1e02f75a	512	224	0	9161
9293	4	10668463197570	none	9162	3a6a012a	512	224	0	9162
9294	5	10668480431610	none	9163	5bfcc3d2	512	224	0	9163
9295	6	10668497634790	none	9164	50b14404	512	224	0	9164
9296	7	10668510786520	none	9165	8583d24b	512	224	0	9165
9297	0	10668528016860	none	9166	47938174	512	224	0	9166
9298	1	10668545223460	none	9167	20277ad1	512	224	0	9167
9299	2	10668562430700	none	9168	e120000d	512	224	0	9168
9300	3	10668579733490	none	9169	99a1f404	512	224	0	9169
9301	4	10668596972560	none	9170	9e28f414	512	224	0	9170
9302	5	10668614209030	none	9171	bedeccda	512	224	0	9171
9303	6	10668627386300	none	9172	3f7ef736	512	224	0	9172
9304	7	10668644658260	none	9173	b044a619	512	224	0	9173
9305	0	10668662060380	none	9174	c4ac8c67	512	224	0	9174
9306	1	10668679422450	none	9175	ed77c775	512	224	0	9175
9307	2	10668696628840	none	9176	25705fa9	512	224	0	9176
9308	3	10668713815010	none	9177	25705fa9	512	224	0	9177
9309	4	10668727018800	none	9178	25705fa9	512	224	0	9178
9310	5	10668744243420	none	9179	25705fa9	512	224	0	9179
9311	6	10668761427210	none	9180	25705fa9	512	224	0	9180
9312	7	10668778710220	none	9181	25705fa9	512	224	0	9181
9313	0	10668795952280	none	9182	25705fa9	512	224	0	9182
9314	1	10668813172580	none	9183	25705fa9	512	224	0	9183
9315	2	10668830405650	none	9184	25705fa9	512	224	0	9184
9316	3	10668843554810	none	9185	25705fa9	512	224	0	9185
9317	4	10668860725970	none	9186	25705fa9	512	224	0	9186
9318	5	10668877945820	none	9187	25705fa9	512	224	0	9187
9319	6	10668895181740	none	9188	25705fa9	512	224	0	9188
9320	7	10668912446970	none	9189	25705fa9	512	224	0	9189
9321	0	10668929661860	none	9190	25705fa9	512	224	0	9190
9322	1	10668946861090	none	9191	25705fa9	512	224	0	9191
9323	2	10668960049180	none	9192	25705fa9	512	224	0	9192
9324	3	10668977258580	none	9193	25705fa9	512	224	0	9193
9325	4	10668994471710	none	9194	25705fa9	512	224	0	9194
9326	5	10669011643240	none	9195	25705fa9	512	224	0	9195
9327	6	10669028952820	none	9196	25705fa9	512	224	0	9196
9328	7	10669046163270	none	9197	25705fa9	512	224	0	9197
9329	0	10669063356750	none	9198	25705fa9	512	224	0	9198
9330	1	10669076540740	none	9199	25705fa9	512	224	0	9199
9331	2	10669093738820	none	9200	25705fa9	512	224	0	9200
9332	3	10669110964870	none	9201	25705fa9	512	224	0	9201
9333	4	10669128191500	none	9202	25705fa9	512	224	0	9202
9334	5	10669145425420	none	9203	25705fa9	512	224	0	9203
9335	6	10669162616980	none	9204	25705fa9	512	224	0	9204
9336	7	10669179895090	none	9205	25705fa9	512	224	0	9205
9337	0	10669193218130	none	9206	25705fa9	512	224	0	9206
9338	1	10669210442910	none	9207	25705fa9	512	224	0	9207
9339	2	10669227724830	none	9208	25705fa9	512	224	0	9208
9340	3	10669244962900	none	9209	25705fa9	512	224	0	9209
9341	4	10669262187520	none	9210	25705fa9	512	224	0	9210
9342	5	10669279417250	none	9211	25705fa9	512	224	0	9211
9343	6	10669296613840	none	9212	25705fa9	512	224	0	9212
9344	7	10669309782280	none	9213	25705fa9	512	224	0	9213
9345	0	10669327148170	none	9214	25705fa9	512	224	0	9214
9346	1	10669344374510	none	9215	25705fa9	512	224	0	9215
9347	2	10669361573650	none	9216	25705fa9	512	224	0	9216
9348	3	10669378832740	none	9217	25705fa9	512	224	0	9217
9349	4	10669396071250	none	9218	25705fa9	512	224	0	9218
9350	5	10669409234950	none	9219	25705fa9	512	224	0	9219
9351	6	10669426452250	none	9220	25705fa9	512	224	0	9220
9352	7	10669443756980	none	9221	25705fa9	512	224	0	9221
9353	0	10669461004060	none	9222	25705fa9	512	224	0	9222
9354	1	10669478234750	none	9223	25705fa9	512	224	0	9223
9355	2	10669495453840	none	9224	25705fa9	512	224	0	9224
9356	3	10669512640590	none	9225	25705fa9	512	224	0	9225
9357	4	10669525807320	none	9226	25705fa9	512	224	0	9226
9358	5	10669543040070	none	9227	25705fa9	512	224	0	9227
9359	6	10669560254360	none	9228	25705fa9	512	224	0	9228
9360	7	10669577463160	none	9229	25705fa9	512	224	0	9229
9361	0	10669594670650	none	9230	25705fa9	512	224	0	9230
9362	1	10669611880760	none	9231	25705fa9	512	224	0	9231
9363	2	10669629098400	none	9232	25705fa9	512	224	0	9232
9364	3	10669642401810	none	9233	25705fa9	512	224	0	9233
9365	4	10669659595690	none	9234	25705fa9	512	224	0	9234
9366	5	10669676894480	none	9235	25705fa9	512	224	0	9235
9367	6	10669694132940	none	9236	25705fa9	512	224	0	9236
9368	7	10669711416340	none	9237	25705fa9	512	224	0	9237
9369	0	10669728620110	none	9238	25705fa9	512	224	0	9238
9370	1	10669745815160	none	9239	25705fa9	512	224	0	9239
9371	2	10669759013330	none	9240	25705fa9	512	224	0	9240
9372	3	10669776376820	none	9241	25705fa9	512	224	0	9241
9373	4	10669793581450	none	9242	25705fa9	512	224	0	9242
9374	5	10669810768010	none	9243	25705fa9	512	224	0	9243
9375	6	10669828007900	none	9244	25705fa9	512	224	0	9244
9376	7	10669845224590	none	9245	25705fa9	512	224	0	9245
9377	0	10669858446070	none	9246	25705fa9	512	224	0	9246
9378	1	10669875838680	none	9247	25705fa9	512	224	0	9247
9379	2	10669893074070	none	9248	25705fa9	512	224	0	9248
9380	3	10669910282280	none	9249	25705fa9	512	224	0	9249
9381	4	10669927503540	none	9250	25705fa9	512	224	0	9250
9382	5	10669944711320	none	9251	25705fa9	512	224	0	9251
9383	6	10669961923180	none	9252	25705fa9	512	224	0	9252
9384	7	10669975134340	none	9253	25705fa9	512	224	0	9253
9385	0	10669992449760	none	9254	25705fa9	512	224	0	9254
9386	1	10670009640990	none	9255	25705fa9	512	224	0	9255
9387	2	10670026961870	none	9256	25705fa9	512	224	0	9256
9388	3	10670044177670	none	9257	25705fa9	512	224	0	9257
9389	4	10670061395360	none	9258	25705fa9	512	224	0	9258
9390	5	10670078580010	none	9259	25705fa9	512	224	0	9259
9391	6	10670091836920	none	9260	25705fa9	512	224	0	9260
9392	7	10670109098500	none	9261	25705fa9	512	224	0	9261
9393	0	10670126313250	none	9262	25705fa9	512	224	0	9262
9394	1	10670143536580	none	9263	25705fa9	512	224	0	9263
9395	2	10670160718210	none	9264	25705fa9	512	224	0	9264
9396	3	10670177985960	none	9265	25705fa9	512	224	0	9265
9397	4	10670191291710	none	9266	25705fa9	512	224	0	9266
9398	5	10670208574890	none	9267	25705fa9	512	224	0	9267
9399	6	10670225978990	none	9268	25705fa9	512	224	0	9268
9400	7	10670243264640	none	9269	25705fa9	512	224	0	9269
9401	0	10670260535920	none	9270	25705fa9	512	224	0	9270
9402	1	10670277759980	none	9271	25705fa9	512	224	0	9271
9403	2	10670291088560	none	9272	25705fa9	512	224	0	9272
9404	3	10670308292820	none	9273	25705fa9	512	224	0	9273
9405	4	10670325596570	none	9274	25705fa9	512	224	0	9274
9406	5	10670342833430	none	9275	25705fa9	512	224	0	9275
9407	6	10670360096230	none	9276	25705fa9	512	224	0	9276
9408	7	10670377302520	none	9277	25705fa9	512	224	0	9277
9409	0	10670394615310	none	9278	25705fa9	512	224	0	9278
9410	1	10670407893510	none	9279	25705fa9	512	224	0	9279
9411	2	10670425186050	none	9280	25705fa9	512	224	0	9280
9412	3	10670442441440	none	9281	25705fa9	512	224	0	9281
9413	4	10670459646210	none	9282	25705fa9	512	224	0	9282
9414	5	10670476847920	none	9283	25705fa9	512	224	0	9283
9415	6	10670494225940	none	9284	25705fa9	512	224	0	9284
9416	7	10670507418980	none	9285	25705fa9	512	224	0	9285
9417	0	10670524742690	none	9286	25705fa9	512	224	0	9286
9418	1	10670542029660	none	9287	25705fa9	512	224	0	9287
9419	2	10670559266210	none	9288	25705fa9	512	224	0	9288
9420	3	10670576490580	none	9289	25705fa9	512	224	0	9289
9421	4	10670593681020	none	9290	25705fa9	512	224	0	9290
9422	5	10670610941860	none	9291	25705fa9	512	224	0	9291
9423	6	10670624121740	none	9292	25705fa9	512	224	0	9292
9424	7	10670641318670	none	9293	25705fa9	512	224	0	9293
9425	0	10670658601090	none	9294	25705fa9	512	224	0	9294
9426	1	10670675869940	none	9295	25705fa9	512	224	0	9295
9427	2	10670693239390	none	9296	25705fa9	512	224	0	9296
9428	3	10670710480120	none	9297	25705fa9	512	224	0	9297
9429	4	10670723640310	none	9298	25705fa9	512	224	0	9298
9430	5	10670740941140	none	9299	25705fa9	512	224	0	9299
9431	6	10670758157730	none	9300	25705fa9	512	224	0	9300
9432	7	10670775520390	none	9301	25705fa9	512	224	0	9301
9433	0	10670792729310	none	9302	25705fa9	512	224	0	9302
9434	1	10670809974630	none	9303	25705fa9	512	224	0	9303
9435	2	10670827193580	none	9304	25705fa9	512	224	0	9304
9436	3	10670840370770	none	9305	25705fa9	512	224	0	9305
9437	4	10670857556360	none	9306	25705fa9	512	224	0	9306
9438	5	10670874744000	none	9307	25705fa9	512	224	0	9307
9439	6	10670892000860	none	9308	25705fa9	512	224	0	9308
9440	7	10670909240940	none	9309	25705fa9	512	224	0	9309
9441	0	10670926467390	none	9310	25705fa9	512	224	0	9310
9442	1	10670943760240	none	9311	25705fa9	512	224	0	9311
9443	2	10670956965090	none	9312	25705fa9	512	224	0	9312
9444	3	10670974188070	none	9313	25705fa9	512	224	0	9313
9445	4	10670991396980	none	9314	25705fa9	512	224	0	9314
9446	5	10671008688790	none	9315	25705fa9	512	224	0	9315
9447	6	10671026061610	none	9316	25705fa9	512	224	0	9316
9448	7	10671043441200	none	9317	25705fa9	512	224	0	9317
9449	0	10671056960030	none	9318	25705fa9	512	224	0	9318
9450	1	10671074169850	none	9319	25705fa9	512	224	0	9319
9451	2	10671091401780	none	9320	25705fa9	512	224	0	9320
9452	3	10671108700530	none	9321	25705fa9	512	224	0	9321
9453	4	10671125970430	none	9322	25705fa9	512	224	0	9322
9454	5	10671143204410	none	9323	25705fa9	512	224	0	9323
9455	6	10671156385260	none	9324	25705fa9	512	224	0	9324
9456	7	10671173581660	none	9325	25705fa9	512	224	0	9325
9457	0	10671190764980	none	9326	25705fa9	512	224	0	9326
9458	1	10671208082950	none	9327	25705fa9	512	224	0	9327
9459	2	10671225370030	none	9328	25705fa9	512	224	0	9328
9460	3	10671242718430	none	9329	25705fa9	512	224	0	9329
9461	4	10671259961770	none	9330	25705fa9	512	224	0	9330
9462	5	10671273142720	none	9331	25705fa9	512	224	0	9331
9463	6	10671290362510	none	9332	25705fa9	512	224	0	9332
9464	7	10671307591360	none	9333	25705fa9	512	224	0	9333
9465	0	10671324788740	none	9334	25705fa9	512	224	0	9334
9466	1	10671342189220	none	9335	25705fa9	512	224	0	9335
9467	2	10671359432950	none	9336	25705fa9	512	224	0	9336
9468	3	10671372578810	none	9337	25705fa9	512	224	0	9337
9469	4	10671389749740	none	9338	25705fa9	512	224	0	9338
9470	5	10671407088940	none	9339	25705fa9	512	224	0	9339
9471	6	10671424293990	none	9340	25705fa9	512	224	0	9340
9472	7	10671441594890	none	9341	25705fa9	512	224	0	9341
9473	0	10671458947370	none	9342	25705fa9	512	224	0	9342
9474	1	10671476176270	none	9343	25705fa9	512	224	0	9343
9475	2	10671489438270	none	9344	25705fa9	512	224	0	9344
9476	3	10671506858720	none	9345	25705fa9	512	224	0	9345
9477	4	10671524275910	none	9346	25705fa9	512	224	0	9346
9478	5	10671541770660	none	9347	25705fa9	512	224	0	9347
9479	6	10671559181400	none	9348	25705fa9	512	224	0	9348
9480	7	10671572504400	none	9349	25705fa9	512	224	0	9349
9481	0	10671589789090	none	9350	25705fa9	512	224	0	9350
9482	1	10671607240450	none	9351	25705fa9	512	224	0	9351
9483	2	10671624895880	none	9352	25705fa9	512	224	0	9352
9484	3	10671642252720	none	9353	25705fa9	512	224	0	9353
9485	4	10671655459680	none	9354	25705fa9	512	224	0	9354
9486	5	10671672735620	none	9355	25705fa9	512	224	0	9355
9487	6	10671690138430	none	9356	25705fa9	512	224	0	9356
9488	7	10671708046230	none	9357	25705fa9	512	224	0	9357
9489	0	10671725483610	none	9358	25705fa9	512	224	0	9358
9490	1	10671738744850	none	9359	25705fa9	512	224	0	9359
9491	2	10671756429420	none	9360	25705fa9	512	224	0	9360
9492	3	10671774039820	none	9361	25705fa9	512	224	0	9361
9493	4	10671792122880	none	9362	25705fa9	512	224	0	9362
9494	5	10671805454890	none	9363	25705fa9	512	224	0	9363
9495	6	10671822747770	none	9364	25705fa9	512	224	0	9364
9496	7	10671840409270	none	9365	25705fa9	512	224	0	9365
9497	0	10671858131880	none	9366	25705fa9	512	224	0	9366
9498	1	10671875448170	none	9367	25705fa9	512	224	0	9367
9499	2	10671888672130	none	9368	25705fa9	512	224	0	9368
9500	3	10671906427470	none	9369	25705fa9	512	224	0	9369
9501	4	10671923973200	none	9370	25705fa9	512	224	0	9370
9502	5	10671941467320	none	9371	25705fa9	512	224	0	9371
9503	6	10671955084790	none	9372	25705fa9	512	224	0	9372
9504	7	10671972531510	none	9373	25705fa9	512	224	0	9373
9505	0	10671989855820	none	9374	25705fa9	512	224	0	9374
9506	1	10672007124500	none	9375	25705fa9	512	224	0	9375
9507	2	10672024344380	none	9376	25705fa9	512	224	0	9376
9508	3	10672041553880	none	9377	25705fa9	512	224	0	9377
9509	4	10672054855340	none	9378	25705fa9	512	224	0	9378
9510	5	10672072397900	none	9379	25705fa9	512	224	0	9379
9511	6	10672089632210	none	9380	25705fa9	512	224	0	9380
9512	7	10672107003780	none	9381	25705fa9	512	224	0	9381
9513	0	10672124593320	none	9382	25705fa9	512	224	0	9382
9514	1	10672138003010	none	9383	25705fa9	512	224	0	9383
9515	2	10672155497420	none	9384	25705fa9	512	224	0	9384
9516	3	10672173194860	none	9385	25705fa9	512	224	0	9385
9517	4	10672190531000	none	9386	25705fa9	512	224	0	9386
9518	5	10672207857820	none	9387	25705fa9	512	224	0	9387
9519	6	10672221247080	none	9388	25705fa9	512	224	0	9388
9520	7	10672238586050	none	9389	25705fa9	512	224	0	9389
9521	0	10672256033140	none	9390	4dd5d1a0	512	224	0	9390
9522	1	10672273433900	none	9391	4dd5d1a0	512	224	0	9391
9523	2	10672290761690	none	9392	4dd5d1a0	512	224	0	9392
9524	3	10672308140210	none	9393	4dd5d1a0	512	224	0	9393
9525	4	10672321506640	none	9394	ec83ad16	512	224	0	9394
9526	5	10672338785500	none	9395	ec83ad16	512	224	0	9395
9527	6	10672356142610	none	9396	1fdcb85e	512	224	0	9396
9528	7	10672373912540	none	9397	2da3d7d2	512	224	0	9397
9529	0	10672391132970	none	9398	6104e6ca	512	224	0	9398
9530	1	10672404315810	none	9399	268ae28f	512	224	0	9399
9531	2	10672421533360	none	9400	2978dc3a	512	224	0	9400
9532	3	10672439357630	none	9401	fc22d46a	512	224	0	9401
9533	4	10672456637690	none	9402	a09f72eb	512	224	0	9402
9534	5	10672474011360	none	9403	4f91f5c3	512	224	0	9403
9535	6	10672487379700	none	9404	51c36211	512	224	0	9404
9536	7	10672504921300	none	9405	a6512957	512	224	0	9405
9537	0	10672522429770	none	9406	9246f2e4	512	224	0	9406
9538	1	10672539880980	none	9407	e0a27e57	512	224	0	9407
9539	2	10672557277670	none	9408	ef7299e6	512	224	0	9408
9540	3	10672570705690	none	9409	92c98e09	512	224	0	9409
9541	4	10672588128140	none	9410	8f3cadf4	512	224	0	9410
9542	5	10672605491230	none	9411	47c069a8	512	224	0	9411
9543	6	10672622948210	none	9412	53a06996	512	224	0	9412
9544	7	10672640424190	none	9413	f49e3a62	512	224	0	9413
9545	0	10672653837870	none	9414	3802c6ec	512	224	0	9414
9546	1	10672671198110	none	9415	d704d49d	512	224	0	9415
9547	2	10672688759140	none	9416	11fc1afc	512	224	0	9416
9548	3	10672706243570	none	9417	5ac41269	512	224	0	9417
9549	4	10672723621990	none	9418	a84699b0	512	224	0	9418
9550	5	10672740882780	none	9419	31f77125	512	224	0	9419
9551	6	10672754233110	none	9420	0ba27fbf	512	224	0	9420
9552	7	10672771489190	none	9421	adb5b971	512	224	0	9421
9553	0	10672789020760	none	9422	29f54a69	512	224	0	9422
9554	1	10672806363770	none	9423	e1858b57	512	224	0	9423
9555	2	10672823648680	none	9424	bf14732e	512	224	0	9424
9556	3	10672836955530	none	9425	1bbbfed1	512	224	0	9425
9557	4	10672854529370	none	9426	d15ad6b1	512	224	0	9426
9558	5	10672871935260	none	9427	79f76d59	512	224	0	9427
9559	6	10672889477310	none	9428	fcd05da6	512	224	0	9428
9560	7	10672906776160	none	9429	10427571	512	224	0	9429
9561	0	10672920010340	none	9430	d2a0cc42	512	224	0	9430
9562	1	10672937712570	none	9431	d80040e4	512	224	0	9431
9563	2	10672954962580	none	9432	94d7c0c9	512	224	0	9432
9564	3	10672972652910	none	9433	86f38bcf	512	224	0	9433
9565	4	10672986576740	none	9434	b3321e5d	512	224	0	9434
9566	5	10673004611010	none	9435	a755ea5a	512	224	0	9435
9567	6	10673022960490	none	9436	9adb1bd6	512	224	0	9436
9568	7	10673040208120	none	9437	578cafb7	512	224	0	9437
9569	0	10673053535970	none	9438	00ef86a7	512	224	0	9438
9570	1	10673071313940	none	9439	0669f11e	512	224	0	9439
9571	2	10673088716990	none	9440	5803fec4	512	224	0	9440
9572	3	10673106231750	none	9441	7001186e	512	224	0	9441
9573	4	10673123562960	none	9442	b33f6c95	512	224	0	9442
9574	5	10673137179420	none	9443	b6241c38	512	224	0	9443
9575	6	10673154584660	none	9444	08fac04d	512	224	0	9444
9576	7	10673171901650	none	9445	f81b1801	512	224	0	9445
9577	0	10673189154080	none	9446	61605322	512	224	0	9446
9578	1	10673206422220	none	9447	61605322	512	224	0	9447
9579	2	10673219587740	none	9448	61605322	512	224	0	9448
9580	3	10673236828090	none	9449	61605322	512	224	0	9449
9581	4	10673254439940	none	9450	61605322	512	224	0	9450
9582	5	10673271685360	none	9451	61605322	512	224	0	9451
9583	6	10673289382100	none	9452	61605322	512	224	0	9452
9584	7	10673302756460	none	9453	61605322	512	224	0	9453
9585	0	10673320235640	none	9454	61605322	512	224	0	9454
9586	1	10673337652750	none	9455	61605322	512	224	0	9455
9587	2	10673354989180	none	9456	61605322	512	224	0	9456
9588	3	10673372550950	none	9457	61605322	512	224	0	9457
9589	4	10673386431260	none	9458	61605322	512	224	0	9458
9590	5	10673404661710	none	9459	61605322	512	224	0	9459
9591	6	10673423097840	none	9460	61605322	512	224	0	9460
9592	7	10673436428160	none	9461	61605322	512	224	0	9461
9593	0	10673453819390	none	9462	a5e48466	512	224	0	9462
9594	1	10673471365580	none	9463	2311f6ee	512	224	0	9463
9595	2	10673488947190	none	9464	0f43d60c	512	224	0	9464
9596	3	10673502767130	none	9465	92b12077	512	224	0	9465
9597	4	10673520920490	none	9466	41e20356	512	224	0	9466
9598	5	10673538667850	none	9467	4c389d42	512	224	0	9467
9599	6	10673553014650	none	9468	456d2bbf	512	224	0	9468
9600	7	10673571497260	none	9469	05256e02	512	224	0	9469
9601	0	10673589261970	none	9470	8627467a	512	224	0	9470
9602	1	10673603676190	none	9471	7e70f4b9	512	224	0	9471
9603	2	10673622834750	none	9472	deca0471	512	224	0	9472
9604	3	10673636523050	none	9473	9c961c4e	512	224	0	9473
9605	4	10673654607850	none	9474	18a22323	512	224	0	9474
9606	5	10673672214760	none	9475	9f85963f	512	224	0	9475
9607	6	10673686009300	none	9476	e8856499	512	224	0	9476
9608	7	10673704071380	none	9477	c73f29d7	512	224	0	9477
9609	0	10673721784970	none	9478	029f961f	512	224	0	9478
9610	1	10673739095840	none	9479	b4f5d2d3	512	224	0	9479
9611	2	10673752499910	none	9480	28a52869	512	224	0	9480
9612	3	10673770482560	none	9481	22a07588	512	224	0	9481
9613	4	10673787972760	none	9482	a67993ff	512	224	0	9482
9614	5	10673802060780	none	9483	97033368	512	224	0	9483
9615	6	10673820483920	none	9484	717ca565	512	224	0	9484
9616	7	10673838213480	none	9485	56ec8ff3	512	224	0	9485
9617	0	10673852262190	none	9486	9336e071	512	224	0	9486
9618	1	10673870227690	none	9487	2a46665b	512	224	0	9487
9619	2	10673887710710	none	9488	1fdf8426	512	224	0	9488
9620	3	10673905616900	none	9489	9200333b	512	224	0	9489
9621	4	10673919193470	none	9490	4250f2ef	512	224	0	9490
9622	5	10673936542470	none	9491	deb66676	512	224	0	9491
9623	6	10673953950390	none	9492	baf3f427	512	224	0	9492
9624	7	10673971428370	none	9493	9d19d49c	512	224	0	9493
9625	0	10673985023230	none	9494	ee187167	512	224	0	9494
9626	1	10674003224010	none	9495	ab3fdb4a	512	224	0	9495
9627	2	10674020826160	none	9496	6e1b6fd2	512	224	0	9496
9628	3	10674034797000	none	9497	a69fb64f	512	224	0	9497
9629	4	10674052957970	none	9498	e6789f38	512	224	0	9498
9630	5	10674070699730	none	9499	95741ab6	512	224	0	9499
9631	6	10674084735120	none	9500	9a44575c	512	224	0	9500
9632	7	10674102488210	none	9501	efc908a6	512	224	0	9501
9633	0	10674120778750	none	9502	d96140e3	512	224	0	9502
9634	1	10674134782030	none	9503	30615b56	512	224	0	9503
9635	2	10674152752120	none	9504	00a82ea8	512	224	0	9504
9636	3	10674171686420	none	9505	33b2a1c8	512	224	0	9505
9637	4	10674185212660	none	9506	7cbf33c1	512	224	0	9506
9638	5	10674202730990	none	9507	876a7b03	512	224	0	9507
9639	6	10674220384630	none	9508	1c80e2be	512	224	0	9508
9640	7	10674237989430	none	9509	544b4168	512	224	0	9509
9641	0	10674251258160	none	9510	4a3caed3	512	224	0	9510
9642	1	10674268865520	none	9511	4346ca35	512	224	0	9511
9643	2	10674286706720	none	9512	9f7d44bf	512	224	0	9512
9644	3	10674305032450	none	9513	9657b3d2	512	224	0	9513
9645	4	10674318503390	none	9514	964847bc	512	224	0	9514
9646	5	10674336905240	none	9515	8360a1ec	512	224	0	9515
9647	6	10674354790200	none	9516	ea55e803	512	224	0	9516
9648	7	10674368064190	none	9517	01795a81	512	224	0	9517
9649	0	10674385475720	none	9518	a3f6ac30	512	224	0	9518
9650	1	10674402947730	none	9519	10863864	512	224	0	9519
9651	2	10674421212190	none	9520	4f12e503	512	224	0	9520
9652	3	10674435172070	none	9521	7083a82b	512	224	0	9521
9653	4	10674453007310	none	9522	e66850ef	512	224	0	9522
9654	5	10674471702660	none	9523	3e8c8423	512	224	0	9523
9655	6	10674485326360	none	9524	3e8c8423	512	224	0	9524
9656	7	10674503756650	none	9525	3e8c8423	512	224	0	9525
9657	0	10674517720680	none	9526	3e8c8423	512	224	0	9526
9658	1	10674535062160	none	9527	3e8c8423	512	224	0	9527
9659	2	10674552480200	none	9528	3e8c8423	512	224	0	9528
9660	3	10674571025630	none	9529	3e8c8423	512	224	0	9529
9661	4	10674584753200	none	9530	3e8c8423	512	224	0	9530
9662	5	10674602552550	none	9531	3e8c8423	512	224	0	9531
9663	6	10674620309220	none	9532	3e8c8423	512	224	0	9532
9664	7	10674633848520	none	9533	3e8c8423	512	224	0	9533
9665	0	10674652499810	none	9534	3e8c8423	512	224	0	9534
9666	1	10674670155500	none	9535	3e8c8423	512	224	0	9535
9667	2	10674684085650	none	9536	3e8c8423	512	224	0	9536
9668	3	10674701736120	none	9537	3e8c8423	512	224	0	9537
9669	4	10674719525420	none	9538	3e8c8423	512	224	0	9538
9670	5	10674733638710	none	9539	3e8c8423	512	224	0	9539
9671	6	10674751656140	none	9540	3e8c8423	512	224	0	9540
9672	7	10674770102370	none	9541	3e8c8423	512	224	0	9541
9673	0	10674784280650	none	9542	3e8c8423	512	224	0	9542
9674	1	10674801787150	none	9543	3e8c8423	512	224	0	9543
9675	2	10674819175240	none	9544	3e8c8423	512	224	0	9544
9676	3	10674836853730	none	9545	3e8c8423	512	224	0	9545
9677	4	10674850542750	none	9546	3e8c8423	512	224	0	9546
9678	5	10674868501700	none	9547	3e8c8423	512	224	0	9547
9679	6	10674885985890	none	9548	3e8c8423	512	224	0	9548
9680	7	10674900214670	none	9549	3e8c8423	512	224	0	9549
9681	0	10674918277830	none	9550	3e8c8423	512	224	0	9550
9682	1	10674935565630	none	9551	3e8c8423	512	224	0	9551
9683	2	10674953905670	none	9552	3e8c8423	512	224	0	9552
9684	3	10674967599060	none	9553	3e8c8423	512	224	0	9553
9685	4	10674985221550	none	9554	3e8c8423	512	224	0	9554
9686	5	10675003209330	none	9555	3e8c8423	512	224	0	9555
9687	6	10675016513200	none	9556	3e8c8423	512	224	0	9556
9688	7	10675033988450	none	9557	3e8c8423	512	224	0	9557
9689	0	10675051595500	none	9558	3e8c8423	512	224	0	9558
9690	1	10675069432730	none	9559	3e8c8423	512	224	0	9559
9691	2	10675086812290	none	9560	3e8c8423	512	224	0	9560
9692	3	10675101126550	none	9561	3e8c8423	512	224	0	9561
9693	4	10675119319870	none	9562	3e8c8423	512	224	0	9562
9694	5	10675136931320	none	9563	3e8c8423	512	224	0	9563
9695	6	10675151012820	none	9564	3e8c8423	512	224	0	9564
9696	7	10675168998780	none	9565	3e8c8423	512	224	0	9565
9697	0	10675183061490	none	9566	3e8c8423	512	224	0	9566
9698	1	10675200618240	none	9567	3e8c8423	512	224	0	9567
9699	2	10675219041210	none	9568	3e8c8423	512	224	0	9568
9700	3	10675236541700	none	9569	3e8c8423	512	224	0	9569
9701	4	10675250538910	none	9570	3e8c8423	512	224	0	9570
9702	5	10675268754790	none	9571	3e8c8423	512	224	0	9571
9703	6	10675282808280	none	9572	3e8c8423	512	224	0	9572
9704	7	10675300582820	none	9573	3e8c8423	512	224	0	9573
9705	0	10675318329260	none	9574	3e8c8423	512	224	0	9574
9706	1	10675335787650	none	9575	3e8c8423	512	224	0	9575
9707	2	10675349921200	none	9576	3e8c8423	512	224	0	9576
9708	3	10675367608840	none	9577	3e8c8423	512	224	0	9577
9709	4	10675385483490	none	9578	3e8c8423	512	224	0	9578
9710	5	10675403535460	none	9579	3e8c8423	512	224	0	9579
9711	6	10675417411960	none	9580	3e8c8423	512	224	0	9580
9712	7	10675435283460	none	9581	3e8c8423	512	224	0	9581
9713	0	10675452695240	none	9582	3e8c8423	512	224	0	9582
9714	1	10675466682800	none	9583	3e8c8423	512	224	0	9583
9715	2	10675484899790	none	9584	3e8c8423	512	224	0	9584
9716	3	10675502489240	none	9585	3e8c8423	512	224	0	9585
9717	4	10675516085020	none	9586	3e8c8423	512	224	0	9586
9718	5	10675534430780	none	9587	3e8c8423	512	224	0	9587
9719	6	10675551754560	none	9588	3e8c8423	512	224	0	9588
9720	7	10675569296350	none	9589	3e8c8423	512	224	0	9589
9721	0	10675582575780	none	9590	3e8c8423	512	224	0	9590
9722	1	10675601397450	none	9591	3e8c8423	512	224	0	9591
9723	2	10675619197570	none	9592	3e8c8423	512	224	0	9592
9724	3	10675632584610	none	9593	3e8c8423	512	224	0	9593
9725	4	10675651068200	none	9594	3e8c8423	512	224	0	9594
9726	5	10675668439620	none	9595	3e8c8423	512	224	0	9595
9727	6	10675686100250	none	9596	3e8c8423	512	224	0	9596
9728	7	10675699520520	none	9597	3e8c8423	512	224	0	9597
9729	0	10675716992030	none	9598	3e8c8423	512	224	0	9598
9730	1	10675734774040	none	9599	3e8c8423	512	224	0	9599
9731	2	10675752350800	none	9600	3e8c8423	512	224	0	9600
9732	3	10675765587470	none	9601	3e8c8423	512	224	0	9601
9733	4	10675783027790	none	9602	3e8c8423	512	224	0	9602
9734	5	10675801435560	none	9603	3e8c8423	512	224	0	9603
9735	6	10675819372250	none	9604	3e8c8423	512	224	0	9604
9736	7	10675832862600	none	9605	3e8c8423	512	224	0	9605
9737	0	10675851735540	none	9606	3e8c8423	512	224	0	9606
9738	1	10675865478840	none	9607	3e8c8423	512	224	0	9607
9739	2	10675883105690	none	9608	3e8c8423	512	224	0	9608
9740	3	10675901003340	none	9609	3e8c8423	512	224	0	9609
9741	4	10675915353810	none	9610	3e8c8423	512	224	0	9610
9742	5	10675933191760	none	9611	3e8c8423	512	224	0	9611
9743	6	10675951472370	none	9612	3e8c8423	512	224	0	9612
9744	7	10675965879020	none	9613	3e8c8423	512	224	0	9613
9745	0	10675983789100	none	9614	3e8c8423	512	224	0	9614
9746	1	10676001504750	none	9615	3e8c8423	512	224	0	9615
9747	2	10676015817970	none	9616	3e8c8423	512	224	0	9616
9748	3	10676033827120	none	9617	3e8c8423	512	224	0	9617
9749	4	10676052346500	none	9618	3e8c8423	512	224	0	9618
9750	5	10676066483930	none	9619	3e8c8423	512	224	0	9619
9751	6	10676084438670	none	9620	3e8c8423	512	224	0	9620
9752	7	10676098559380	none	9621	3e8c8423	512	224	0	9621
9753	0	10676116530070	none	9622	3e8c8423	512	224	0	9622
9754	1	10676134712720	none	9623	3e8c8423	512	224	0	9623
9755	2	10676148479660	none	9624	3e8c8423	512	224	0	9624
9756	3	10676166300580	none	9625	3e8c8423	512	224	0	9625
9757	4	10676183806720	none	9626	3e8c8423	512	224	0	9626
9758	5	10676201286950	none	9627	3e8c8423	512	224	0	9627
9759	6	10676214540160	none	9628	3e8c8423	512	224	0	9628
9760	7	10676231870860	none	9629	3e8c8423	512	224	0	9629
9761	0	10676249902160	none	9630	3e8c8423	512	224	0	9630
9762	1	10676268012320	none	9631	3e8c8423	512	224	0	9631
9763	2	10676281702660	none	9632	3e8c8423	512	224	0	9632
9764	3	10676300395230	none	9633	3e8c8423	512	224	0	9633
9765	4	10676318361330	none	9634	3e8c8423	512	224	0	9634
9766	5	10676331632470	none	9635	3e8c8423	512	224	0	9635
9767	6	10676350319170	none	9636	3e8c8423	512	224	0	9636
9768	7	10676367685810	none	9637	3e8c8423	512	224	0	9637
9769	0	10676382104410	none	9638	3e8c8423	512	224	0	9638
9770	1	10676400178950	none	9639	3e8c8423	512	224	0	9639
9771	2	10676417518350	none	9640	3e8c8423	512	224	0	9640
9772	3	10676431544560	none	9641	3e8c8423	512	224	0	9641
9773	4	10676449434230	none	9642	3e8c8423	512	224	0	9642
9774	5	10676467145380	none	9643	3e8c8423	512	224	0	9643
9775	6	10676481509450	none	9644	3e8c8423	512	224	0	9644
9776	7	10676500287510	none	9645	3e8c8423	512	224	0	9645
9777	0	10676514551910	none	9646	3e8c8423	512	224	0	9646
9778	1	10676533295990	none	9647	3e8c8423	512	224	0	9647
9779	2	10676551063870	none	9648	3e8c8423	512	224	0	9648
9780	3	10676565407000	none	9649	3e8c8423	512	224	0	9649
9781	4	10676582853310	none	9650	3e8c8423	512	224	0	9650
9782	5	10676597290970	none	9651	3e8c8423	512	224	0	9651
9783	6	10676615432310	none	9652	3e8c8423	512	224	0	9652
9784	7	10676633414730	none	9653	3e8c8423	512	224	0	9653
9785	0	10676650755910	none	9654	3e8c8423	512	224	0	9654
9786	1	10676665014030	none	9655	3e8c8423	512	224	0	9655
9787	2	10676682991070	none	9656	3e8c8423	512	224	0	9656
9788	3	10676700410920	none	9657	3e8c8423	512	224	0	9657
9789	4	10676714484150	none	9658	3e8c8423	512	224	0	9658
9790	5	10676732135660	none	9659	3e8c8423	512	224	0	9659
9791	6	10676749906280	none	9660	3e8c8423	512	224	0	9660
9792	7	10676764044370	none	9661	3e8c8423	512	224	0	9661
9793	0	10676781955450	none	9662	3e8c8423	512	224	0	9662
9794	1	10676799538160	none	9663	3e8c8423	512	224	0	9663
9795	2	10676817418560	none	9664	3e8c8423	512	224	0	9664
9796	3	10676831401000	none	9665	3e8c8423	512	224	0	9665
9797	4	10676850022740	none	9666	3e8c8423	512	224	0	9666
9798	5	10676863547260	none	9667	3e8c8423	512	224	0	9667
9799	6	10676881083340	none	9668	3e8c8423	512	224	0	9668
9800	7	10676899338670	none	9669	3e8c8423	512	224	0	9669
9801	0	10676917075080	none	9670	3e8c8423	512	224	0	9670
9802	1	10676930562140	none	9671	3e8c8423	512	224	0	9671
9803	2	10676948538780	none	9672	3e8c8423	512	224	0	9672
9804	3	10676966246030	none	9673	3e8c8423	512	224	0	9673
9805	4	10676983760390	none	9674	3e8c8423	512	224	0	9674
9806	5	10676997563600	none	9675	3e8c8423	512	224	0	9675
9807	6	10677015385390	none	9676	3e8c8423	512	224	0	9676
9808	7	10677032773410	none	9677	3e8c8423	512	224	0	9677
9809	0	10677047024540	none	9678	3e8c8423	512	224	0	9678
9810	1	10677064526130	none	9679	3e8c8423	512	224	0	9679
9811	2	10677082787930	none	9680	3e8c8423	512	224	0	9680
9812	3	10677096433860	none	9681	3e8c8423	512	224	0	9681
9813	4	10677114431660	none	9682	3e8c8423	512	224	0	9682
9814	5	10677131897740	none	9683	3e8c8423	512	224	0	9683
9815	6	10677149921630	none	9684	3e8c8423	512	224	0	9684
9816	7	10677163456380	none	9685	3e8c8423	512	224	0	9685
9817	0	10677180977790	none	9686	3e8c8423	512	224	0	9686
9818	1	10677198492080	none	9687	3e8c8423	512	224	0	9687
9819	2	10677216939320	none	9688	3e8c8423	512	224	0	9688
9820	3	10677230295940	none	9689	3e8c8423	512	224	0	9689
9821	4	10677247670970	none	9690	3e8c8423	512	224	0	9690
9822	5	10677265679980	none	9691	3e8c8423	512	224	0	9691
9823	6	10677283347130	none	9692	3e8c8423	512	224	0	9692
9824	7	10677297796640	none	9693	3e8c8423	512	224	0	9693
9825	0	10677315971040	none	9694	3e8c8423	512	224	0	9694
9826	1	10677329943640	none	9695	3e8c8423	512	224	0	9695
9827	2	10677348277210	none	9696	3e8c8423	512	224	0	9696
9828	3	10677366153640	none	9697	3e8c8423	512	224	0	9697
9829	4	10677380034870	none	9698	3e8c8423	512	224	0	9698
9830	5	10677398109760	none	9699	3e8c8423	512	224	0	9699
9831	6	10677415818040	none	9700	3e8c8423	512	224	0	9700
9832	7	10677429810710	none	9701	3e8c8423	512	224	0	9701
9833	0	10677447588040	none	9702	3e8c8423	512	224	0	9702
9834	1	10677466045930	none	9703	3e8c8423	512	224	0	9703
9835	2	10677479374430	none	9704	3e8c8423	512	224	0	9704
9836	3	10677497816850	none	9705	3e8c8423	512	224	0	9705
9837	4	10677516060620	none	9706	3e8c8423	512	224	0	9706
9838	5	10677530056660	none	9707	3e8c8423	512	224	0	9707
9839	6	10677548101040	none	9708	3e8c8423	512	224	0	9708
9840	7	10677565909670	none	9709	3e8c8423	512	224	0	9709
9841	0	10677579594520	none	9710	3e8c8423	512	224	0	9710
9842	1	10677597383340	none	9711	3e8c8423	512	224	0	9711
9843	2	10677615864140	none	9712	3e8c8423	512	224	0	9712
9844	3	10677630109120	none	9713	3e8c8423	512	224	0	9713
9845	4	10677648109030	none	9714	3e8c8423	512	224	0	9714
9846	5	10677662228530	none	9715	3e8c8423	512	224	0	9715
9847	6	10677680541610	none	9716	3e8c8423	512	224	0	9716
9848	7	10677698134080	none	9717	3e8c8423	512	224	0	9717
9849	0	10677715948140	none	9718	3e8c8423	512	224	0	9718
9850	1	10677729974000	none	9719	3e8c8423	512	224	0	9719
9851	2	10677748020400	none	9720	3e8c8423	512	224	0	9720
9852	3	10677766044080	none	9721	3e8c8423	512	224	0	9721
9853	4	10677779755650	none	9722	3e8c8423	512	224	0	9722
9854	5	10677797960690	none	9723	3e8c8423	512	224	0	9723
9855	6	10677812270010	none	9724	3e8c8423	512	224	0	9724
9856	7	10677829807530	none	9725	3e8c8423	512	224	0	9725
9857	0	10677847486070	none	9726	3e8c8423	512	224	0	9726
9858	1	10677865251180	none	9727	3e8c8423	512	224	0	9727
9859	2	10677878632530	none	9728	3e8c8423	512	224	0	9728
9860	3	10677897078930	none	9729	3e8c8423	512	224	0	9729
9861	4	10677914983840	none	9730	3e8c8423	512	224	0	9730
9862	5	10677928866340	none	9731	3e8c8423	512	224	0	9731
9863	6	10677947070150	none	9732	3e8c8423	512	224	0	9732
9864	7	10677964979080	none	9733	3e8c8423	512	224	0	9733
9865	0	10677978765700	none	9734	785576eb	512	224	0	9734
9866	1	10677996675970	none	9735	785576eb	512	224	0	9735
9867	2	10678014706560	none	9736	785576eb	512	224	0	9736
9868	3	10678028935870	none	9737	785576eb	512	224	0	9737
9869	4	10678046626010	none	9738	c0104ab9	512	224	0	9738
9870	5	10678065000860	none	9739	c0104ab9	512	224	0	9739
9871	6	10678078472830	none	9740	c0104ab9	512	224	0	9740
9872	7	10678096847850	none	9741	c0104ab9	512	224	0	9741
9873	0	10678114665780	none	9742	3de1bffa	512	224	0	9742
9874	1	10678128799100	none	9743	80c16bd2	512	224	0	9743
9875	2	10678146947690	none	9744	a4120faa	512	224	0	9744
9876	3	10678164804090	none	9745	18a54c45	512	224	0	9745
9877	4	10678178106440	none	9746	243bc951	512	224	0	9746
9878	5	10678196527860	none	9747	6de8d178	512	224	0	9747
9879	6	10678214496560	none	9748	eef88a04	512	224	0	9748
9880	7	10678228460890	none	9749	056db408	512	224	0	9749
9881	0	10678246445350	none	9750	ac57ab7d	512	224	0	9750
9882	1	10678264124460	none	9751	e7ee2686	512	224	0	9751
9883	2	10678277820750	none	9752	222568f4	512	224	0	9752
9884	3	10678296388820	none	9753	b411a25f	512	224	0	9753
9885	4	10678314033110	none	9754	16be51a3	512	224	0	9754
9886	5	10678328366320	none	9755	1c5ed872	512	224	0	9755
9887	6	10678345888120	none	9756	0800f7a5	512	224	0	9756
9888	7	10678363682940	none	9757	0a63d0d0	512	224	0	9757
9889	0	10678381125560	none	9758	4cd9aa12	512	224	0	9758
9890	1	10678394778770	none	9759	9faf5ee9	512	224	0	9759
9891	2	10678412520350	none	9760	87f486af	512	224	0	9760
9892	3	10678429899910	none	9761	eeb02929	512	224	0	9761
9893	4	10678444247140	none	9762	38c2bd9c	512	224	0	9762
9894	5	10678462599010	none	9763	7feb6166	512	224	0	9763
9895	6	10678480474490	none	9764	ee70f584	512	224	0	9764
9896	7	10678497958790	none	9765	bad9d4ff	512	224	0	9765
9897	0	10678511723620	none	9766	5f266020	512	224	0	9766
9898	1	10678530071610	none	9767	e1b46cf2	512	224	0	9767
9899	2	10678547529740	none	9768	de1aae91	512	224	0	9768
9900	3	10678561236750	none	9769	59679b81	512	224	0	9769
9901	4	10678579534230	none	9770	e3f35c2b	512	224	0	9770
9902	5	10678596840280	none	9771	86a08646	512	224	0	9771
9903	6	10678614619350	none	9772	08574ac5	512	224	0	9772
9904	7	10678628615120	none	9773	674a652a	512	224	0	9773
9905	0	10678646425440	none	9774	2acb9036	512	224	0	9774
9906	1	10678663878560	none	9775	4aef1ef4	512	224	0	9775
9907	2	10678677546170	none	9776	2624e932	512	224	0	9776
9908	3	10678695143350	none	9777	07a95729	512	224	0	9777
9909	4	10678712662880	none	9778	976a6eb1	512	224	0	9778
9910	5	10678730725830	none	9779	f8c5d654	512	224	0	9779
9911	6	10678744428190	none	9780	a4e3e6dd	512	224	0	9780
9912	7	10678762142200	none	9781	77239535	512	224	0	9781
9913	0	10678780061030	none	9782	00828149	512	224	0	9782
9914	1	10678794492330	none	9783	6148878c	512	224	0	9783
9915	2	10678812168470	none	9784	52828130	512	224	0	9784
9916	3	10678830498610	none	9785	662a20f6	512	224	0	9785
9917	4	10678844573570	none	9786	9f95fa09	512	224	0	9786
9918	5	10678862539210	none	9787	4bc8d7e3	512	224	0	9787
9919	6	10678880690780	none	9788	1fed7ec2	512	224	0	9788
9920	7	10678894560660	none	9789	a771d482	512	224	0	9789
9921	0	10678912508050	none	9790	61605322	512	224	0	9790
9922	1	10678926766300	none	9791	61605322	512	224	0	9791
9923	2	10678944563180	none	9792	61605322	512	224	0	9792
9924	3	10678963070880	none	9793	61605322	512	224	0	9793
9925	4	10678980668160	none	9794	61605322	512	224	0	9794
9926	5	10678994325110	none	9795	61605322	512	224	0	9795
9927	6	10679012027350	none	9796	61605322	512	224	0	9796
9928	7	10679029797980	none	9797	61605322	512	224	0	9797
9929	0	10679044072370	none	9798	61605322	512	224	0	9798
9930	1	10679062263220	none	9799	61605322	512	224	0	9799
9931	2	10679079690900	none	9800	61605322	512	224	0	9800
9932	3	10679093232890	none	9801	61605322	512	224	0	9801
9933	4	10679111490650	none	9802	61605322	512	224	0	9802
9934	5	10679129513280	none	9803	61605322	512	224	0	9803
9935	6	10679143366190	none	9804	61605322	512	224	0	9804
9936	7	10679160992240	none	9805	61605322	512	224	0	9805
9937	0	10679178771340	none	9806	61605322	512	224	0	9806
9938	1	10679196789350	none	9807	61605322	512	224	0	9807
9939	2	10679211106440	none	9808	61605322	512	224	0	9808
9940	3	10679229019700	none	9809	61605322	512	224	0	9809
9941	4	10679246743630	none	9810	b6665160	512	224	0	9810
9942	5	10679260593340	none	9811	50709549	512	224	0	9811
9943	6	10679279059670	none	9812	4a454712	512	224	0	9812
9944	7	10679296397200	none	9813	137e8a6d	512	224	0	9813
9945	0	10679309708460	none	9814	b84d216f	512	224	0	9814
9946	1	10679327672950	none	9815	10b8b7f9	512	224	0	9815
9947	2	10679345255510	none	9816	ed173629	512	224	0	9816
9948	3	10679359472230	none	9817	a32d627e	512	224	0	9817
9949	4	10679378073600	none	9818	d517950d	512	224	0	9818
9950	5	10679396433620	none	9819	2e3f85eb	512	224	0	9819
9951	6	10679410641870	none	9820	5df4d902	512	224	0	9820
9952	7	10679429307100	none	9821	907b1a47	512	224	0	9821
9953	0	10679442711150	none	9822	d1a1edd5	512	224	0	9822
9954	1	10679460560150	none	9823	9c1b8c7a	512	224	0	9823
9955	2	10679478609900	none	9824	e4e68b7e	512	224	0	9824
9956	3	10679492708450	none	9825	0e3d608f	512	224	0	9825
9957	4	10679510903290	none	9826	68058e9f	512	224	0	9826
9958	5	10679528694780	none	9827	7221497a	512	224	0	9827
9959	6	10679542697890	none	9828	9c52ef9c	512	224	0	9828
9960	7	10679561077210	none	9829	19ba0aff	512	224	0	9829
9961	0	10679578668980	none	9830	4469f75a	512	224	0	9830
9962	1	10679596347410	none	9831	f97c3199	512	224	0	9831
9963	2	10679610079970	none	9832	0bdb5ebe	512	224	0	9832
9964	3	10679627782930	none	9833	ccc9f315	512	224	0	9833
9965	4	10679645951710	none	9834	d3b29704	512	224	0	9834
9966	5	10679660319370	none	9835	1e73ecd5	512	224	0	9835
9967	6	10679678379080	none	9836	59ae2322	512	224	0	9836
9968	7	10679692581000	none	9837	b3d10452	512	224	0	9837
9969	0	10679709826630	none	9838	e6e5660e	512	224	0	9838
9970	1	10679727198300	none	9839	aeae735f	512	224	0	9839
9971	2	10679745580610	none	9840	b5fd885f	512	224	0	9840
9972	3	10679759569070	none	9841	0b865fc9	512	224	0	9841
9973	4	10679777325040	none	9842	10b4b92b	512	224	0	9842
9974	5	10679794708960	none	9843	8a2df988	512	224	0	9843
9975	6	10679812290490	none	9844	54bf602d	512	224	0	9844
9976	7	10679826376480	none	9845	98c9ad7b	512	224	0	9845
9977	0	10679844397590	none	9846	648e97a2	512	224	0	9846
9978	1	10679862367460	none	9847	d703f656	512	224	0	9847
9979	2	10679876560900	none	9848	71d2888f	512	224	0	9848
9980	3	10679894662790	none	9849	3724f00c	512	224	0	9849
9981	4	10679908683770	none	9850	55a16859	512	224	0	9850
9982	5	10679926551940	none	9851	08717667	512	224	0	9851
9983	6	10679945118510	none	9852	39d4e7ea	512	224	0	9852
9984	7	10679958556520	none	9853	c64f471e	512	224	0	9853
9985	0	10679976010440	none	9854	c2364555	512	224	0	9854
9986	1	10679993369190	none	9855	6d9c1fde	512	224	0	9855
9987	2	10680011625720	none	9856	0b3020ff	512	224	0	9856
9988	3	10680025501580	none	9857	473eb8e0	512	224	0	9857
9989	4	10680044469320	none	9858	c2dd38f4	512	224	0	9858
9990	5	10680062241000	none	9859	44be6b90	512	224	0	9859
9991	6	10680075943400	none	9860	06a313b4	512	224	0	9860
9992	7	10680094423720	none	9861	78e37965	512	224	0	9861
9993	0	10680108496940	none	9862	accedeef	512	224	0	9862
9994	1	10680126878550	none	9863	6ebf1b31	512	224	0	9863
9995	2	10680144587230	none	9864	939a41c1	512	224	0	9864
9996	3	10680158139510	none	9865	1703a5a5	512	224	0	9865
9997	4	10680176413590	none	9866	b24ce6c6	512	224	0	9866
9998	5	10680194658800	none	9867	a51f1f1d	512	224	0	9867
9999	6	10680208696170	none	9868	415b79d5	512	224	0	9868
10000	7	10680226318510	none	9869	23690b43	512	224	0	9869
10001	0	10680243643380	none	9870	22c3975d	512	224	0	9870
10002	1	10680261222760	none	9871	22c3975d	512	224	0	9871
10003	2	10680274936030	none	9872	22c3975d	512	224	0	9872
10004	3	10680292500070	none	9873	22c3975d	512	224	0	9873
10005	4	10680310541300	none	9874	22c3975d	512	224	0	9874
10006	5	10680328278110	none	9875	22c3975d	512	224	0	9875
10007	6	10680341705490	none	9876	22c3975d	512	224	0	9876
10008	7	10680360065320	none	9877	22c3975d	512	224	0	9877
10009	0	10680377611890	none	9878	22c3975d	512	224	0	9878
10010	1	10680391448710	none	9879	22c3975d	512	224	0	9879
10011	2	10680409121890	none	9880	22c3975d	512	224	0	9880
10012	3	10680426836800	none	9881	22c3975d	512	224	0	9881
10013	4	10680444807560	none	9882	22c3975d	512	224	0	9882
10014	5	10680458947750	none	9883	22c3975d	512	224	0	9883
10015	6	10680476800900	none	9884	22c3975d	512	224	0	9884
10016	7	10680494582090	none	9885	22c3975d	512	224	0	9885
10017	0	10680508047340	none	9886	22c3975d	512	224	0	9886
10018	1	10680525852960	none	9887	22c3975d	512	224	0	9887
10019	2	10680544414800	none	9888	22c3975d	512	224	0	9888
10020	3	10680557817510	none	9889	22c3975d	512	224	0	9889
10021	4	10680575442450	none	9890	22c3975d	512	224	0	9890
10022	5	10680592866770	none	9891	22c3975d	512	224	0	9891
10023	6	10680610966490	none	9892	22c3975d	512	224	0	9892
10024	7	10680625393290	none	9893	22c3975d	512	224	0	9893
10025	0	10680643569540	none	9894	22c3975d	512	224	0	9894
10026	1	10680657410900	none	9895	22c3975d	512	224	0	9895
10027	2	10680675627140	none	9896	22c3975d	512	224	0	9896
10028	3	10680693580590	none	9897	22c3975d	512	224	0	9897
10029	4	10680707786540	none	9898	22c3975d	512	224	0	9898
10030	5	10680725983160	none	9899	22c3975d	512	224	0	9899
10031	6	10680743551320	none	9900	22c3975d	512	224	0	9900
10032	7	10680757296170	none	9901	22c3975d	512	224	0	9901
10033	0	10680774663380	none	9902	22c3975d	512	224	0	9902
10034	1	10680792294500	none	9903	22c3975d	512	224	0	9903
10035	2	10680810540800	none	9904	22c3975d	512	224	0	9904
10036	3	10680824762670	none	9905	22c3975d	512	224	0	9905
10037	4	10680842615090	none	9906	22c3975d	512	224	0	9906
10038	5	10680857068770	none	9907	22c3975d	512	224	0	9907
10039	6	10680875469980	none	9908	22c3975d	512	224	0	9908
10040	7	10680892972230	none	9909	22c3975d	512	224	0	9909
10041	0	10680910870960	none	9910	22c3975d	512	224	0	9910
10042	1	10680924791870	none	9911	22c3975d	512	224	0	9911
10043	2	10680942666510	none	9912	22c3975d	512	224	0	9912
10044	3	10680960268140	none	9913	22c3975d	512	224	0	9913
10045	4	10680974596270	none	9914	22c3975d	512	224	0	9914
10046	5	10680992349560	none	9915	22c3975d	512	224	0	9915
10047	6	10681010496240	none	9916	22c3975d	512	224	0	9916
10048	7	10681024106260	none	9917	22c3975d	512	224	0	9917
10049	0	10681042026280	none	9918	22c3975d	512	224	0	9918
10050	1	10681060098890	none	9919	22c3975d	512	224	0	9919
10051	2	10681073809400	none	9920	22c3975d	512	224	0	9920
10052	3	10681091864360	none	9921	22c3975d	512	224	0	9921
10053	4	10681110471470	none	9922	22c3975d	512	224	0	9922
10054	5	10681124178880	none	9923	22c3975d	512	224	0	9923
10055	6	10681142019260	none	9924	22c3975d	512	224	0	9924
10056	7	10681159739560	none	9925	22c3975d	512	224	0	9925
10057	0	10681174098450	none	9926	22c3975d	512	224	0	9926
10058	1	10681192858480	none	9927	22c3975d	512	224	0	9927
10059	2	10681206625830	none	9928	22c3975d	512	224	0	9928
10060	3	10681224683570	none	9929	22c3975d	512	224	0	9929
10061	4	10681242982480	none	9930	22c3975d	512	224	0	9930
10062	5	10681256837760	none	9931	22c3975d	512	224	0	9931
10063	6	10681275430600	none	9932	22c3975d	512	224	0	9932
10064	7	10681293509030	none	9933	22c3975d	512	224	0	9933
10065	0	10681307041530	none	9934	22c3975d	512	224	0	9934
10066	1	10681324720620	none	9935	22c3975d	512	224	0	9935
10067	2	10681342944000	none	9936	22c3975d	512	224	0	9936
10068	3	10681356383830	none	9937	22c3975d	512	224	0	9937
10069	4	10681374000250	none	9938	22c3975d	512	224	0	9938
10070	5	10681392387160	none	9939	22c3975d	512	224	0	9939
10071	6	10681406045590	none	9940	22c3975d	512	224	0	9940
10072	7	10681423902520	none	9941	22c3975d	512	224	0	9941
10073	0	10681442210840	none	9942	22c3975d	512	224	0	9942
10074	1	10681459738620	none	9943	22c3975d	512	224	0	9943
10075	2	10681473356530	none	9944	22c3975d	512	224	0	9944
10076	3	10681491622510	none	9945	22c3975d	512	224	0	9945
10077	4	10681509430840	none	9946	22c3975d	512	224	0	9946
10078	5	10681523412690	none	9947	22c3975d	512	224	0	9947
10079	6	10681541627850	none	9948	22c3975d	512	224	0	9948
10080	7	10681559402750	none	9949	22c3975d	512	224	0	9949
10081	0	10681573086710	none	9950	22c3975d	512	224	0	9950
10082	1	10681591584850	none	9951	22c3975d	512	224	0	9951
10083	2	10681609458380	none	9952	22c3975d	512	224	0	9952
10084	3	10681623264780	none	9953	22c3975d	512	224	0	9953
10085	4	10681641527440	none	9954	22c3975d	512	224	0	9954
10086	5	10681659072620	none	9955	22c3975d	512	224	0	9955
10087	6	10681672370510	none	9956	22c3975d	512	224	0	9956
10088	7	10681689894460	none	9957	22c3975d	512	224	0	9957
10089	0	10681707661500	none	9958	22c3975d	512	224	0	9958
10090	1	10681725548330	none	9959	22c3975d	512	224	0	9959
10091	2	10681739094000	none	9960	22c3975d	512	224	0	9960
10092	3	10681757322800	none	9961	22c3975d	512	224	0	9961
10093	4	10681775724970	none	9962	22c3975d	512	224	0	9962
10094	5	10681789846390	none	9963	22c3975d	512	224	0	9963
10095	6	10681807321550	none	9964	22c3975d	512	224	0	9964
10096	7	10681825081050	none	9965	22c3975d	512	224	0	9965
10097	0	10681838732170	none	9966	22c3975d	512	224	0	9966
10098	1	10681856226060	none	9967	22c3975d	512	224	0	9967
10099	2	10681874338250	none	9968	22c3975d	512	224	0	9968
10100	3	10681892540710	none	9969	22c3975d	512	224	0	9969
10101	4	10681906488020	none	9970	22c3975d	512	224	0	9970
10102	5	10681925323600	none	9971	22c3975d	512	224	0	9971
10103	6	10681939523240	none	9972	22c3975d	512	224	0	9972
10104	7	10681957388740	none	9973	22c3975d	512	224	0	9973
10105	0	10681975713480	none	9974	22c3975d	512	224	0	9974
10106	1	10681989341710	none	9975	22c3975d	512	224	0	9975
10107	2	10682007455030	none	9976	22c3975d	512	224	0	9976
10108	3	10682025308730	none	9977	22c3975d	512	224	0	9977
10109	4	10682038836500	none	9978	22c3975d	512	224	0	9978
10110	5	10682056333350	none	9979	22c3975d	512	224	0	9979
10111	6	10682074667520	none	9980	22c3975d	512	224	0	9980
10112	7	10682088570460	none	9981	22c3975d	512	224	0	9981
10113	0	10682106105510	none	9982	22c3975d	512	224	0	9982
10114	1	10682123729150	none	9983	22c3975d	512	224	0	9983
10115	2	10682141169120	none	9984	22c3975d	512	224	0	9984
10116	3	10682155400390	none	9985	22c3975d	512	224	0	9985
10117	4	10682172838190	none	9986	22c3975d	512	224	0	9986
10118	5	10682190576220	none	9987	22c3975d	512	224	0	9987
10119	6	10682204732050	none	9988	22c3975d	512	224	0	9988
10120	7	10682222449290	none	9989	22c3975d	512	224	0	9989
10121	0	10682239802220	none	9990	22c3975d	512	224	0	9990
10122	1	10682257639660	none	9991	22c3975d	512	224	0	9991
10123	2	10682271798110	none	9992	22c3975d	512	224	0	9992
10124	3	10682289380340	none	9993	22c3975d	512	224	0	9993
10125	4	10682308027100	none	9994	22c3975d	512	224	0	9994
10126	5	10682321599890	none	9995	22c3975d	512	224	0	9995
10127	6	10682340065600	none	9996	22c3975d	512	224	0	9996
10128	7	10682354489940	none	9997	22c3975d	512	224	0	9997
10129	0	10682372894960	none	9998	22c3975d	512	224	0	9998
10130	1	10682390586230	none	9999	22c3975d	512	224	0	9999
10131	2	10682408183300	none	10000	22c3975d	512	224	0	10000
10132	3	10682422398060	none	10001	22c3975d	512	224	0	10001
10133	4	10682439801360	none	10002	22c3975d	512	224	0	10002
10134	5	10682457573510	none	10003	22c3975d	512	224	0	10003
10135	6	10682471269900	none	10004	22c3975d	512	224	0	10004
10136	7	10682488798630	none	10005	22c3975d	512	224	0	10005
10137	0	10682506362340	none	10006	22c3975d	512	224	0	10006
10138	1	10682523801350	none	10007	22c3975d	512	224	0	10007
10139	2	10682538360070	none	10008	22c3975d	512	224	0	10008
10140	3	10682557022920	none	10009	22c3975d	512	224	0	10009
10141	4	10682574584190	none	10010	22c3975d	512	224	0	10010
10142	5	10682588943650	none	10011	22c3975d	512	224	0	10011
10143	6	10682606466050	none	10012	22c3975d	512	224	0	10012
10144	7	10682624272430	none	10013	22c3975d	512	224	0	10013
10145	0	10682637658040	none	10014	22c3975d	512	224	0	10014
10146	1	10682655491970	none	10015	22c3975d	512	224	0	10015
10147	2	10682673537460	none	10016	22c3975d	512	224	0	10016
10148	3	10682691150840	none	10017	22c3975d	512	224	0	10017
10149	4	10682704665040	none	10018	22c3975d	512	224	0	10018
10150	5	10682722791340	none	10019	22c3975d	512	224	0	10019
10151	6	10682740772940	none	10020	22c3975d	512	224	0	10020
10152	7	10682754674840	none	10021	22c3975d	512	224	0	10021
10153	0	10682772619450	none	10022	22c3975d	512	224	0	10022
10154	1	10682790736280	none	10023	22c3975d	512	224	0	10023
10155	2	10682804080320	none	10024	22c3975d	512	224	0	10024
10156	3	10682821553090	none	10025	22c3975d	512	224	0	10025
10157	4	10682839706620	none	10026	22c3975d	512	224	0	10026
10158	5	10682857645300	none	10027	22c3975d	512	224	0	10027
10159	6	10682871575950	none	10028	22c3975d	512	224	0	10028
10160	7	10682889356950	none	10029	22c3975d	512	224	0	10029
10161	0	10682903790860	none	10030	22c3975d	512	224	0	10030
10162	1	10682921606430	none	10031	22c3975d	512	224	0	10031
10163	2	10682940580770	none	10032	22c3975d	512	224	0	10032
10164	3	10682954555680	none	10033	22c3975d	512	224	0	10033
10165	4	10682972303090	none	10034	22c3975d	512	224	0	10034
10166	5	10682986710050	none	10035	22c3975d	512	224	0	10035
10167	6	10683004982780	none	10036	22c3975d	512	224	0	10036
10168	7	10683023373310	none	10037	22c3975d	512	224	0	10037
10169	0	10683036910270	none	10038	22c3975d	512	224	0	10038
10170	1	10683055613280	none	10039	22c3975d	512	224	0	10039
10171	2	10683073200190	none	10040	22c3975d	512	224	0	10040
10172	3	10683086655760	none	10041	22c3975d	512	224	0	10041
10173	4	10683104764050	none	10042	22c3975d	512	224	0	10042
10174	5	10683122685240	none	10043	22c3975d	512	224	0	10043
10175	6	10683137414120	none	10044	22c3975d	512	224	0	10044
10176	7	10683155954090	none	10045	22c3975d	512	224	0	10045
10177	0	10683173482240	none	10046	22c3975d	512	224	0	10046
10178	1	10683187538520	none	10047	22c3975d	512	224	0	10047
10179	2	10683205567180	none	10048	22c3975d	512	224	0	10048
10180	3	10683219707130	none	10049	22c3975d	512	224	0	10049
10181	4	10683237665410	none	10050	22c3975d	512	224	0	10050
10182	5	10683255835870	none	10051	22c3975d	512	224	0	10051
10183	6	10683273608730	none	10052	22c3975d	512	224	0	10052
10184	7	10683286961860	none	10053	22c3975d	512	224	0	10053
10185	0	10683304847600	none	10054	22c3975d	512	224	0	10054
10186	1	10683322693240	none	10055	22c3975d	512	224	0	10055
10187	2	10683336604530	none	10056	22c3975d	512	224	0	10056
10188	3	10683355495220	none	10057	22c3975d	512	224	0	10057
10189	4	10683373507930	none	10058	22c3975d	512	224	0	10058
10190	5	10683388185710	none	10059	22c3975d	512	224	0	10059
10191	6	10683402707600	none	10060	22c3975d	512	224	0	10060
10192	7	10683420502610	none	10061	22c3975d	512	224	0	10061
10193	0	10683438184920	none	10062	22c3975d	512	224	0	10062
10194	1	10683455922760	none	10063	22c3975d	512	224	0	10063
10195	2	10683469278990	none	10064	22c3975d	512	224	0	10064
10196	3	10683487189800	none	10065	22c3975d	512	224	0	10065
10197	4	10683504829710	none	10066	22c3975d	512	224	0	10066
10198	5	10683522447350	none	10067	22c3975d	512	224	0	10067
10199	6	10683535928070	none	10068	22c3975d	512	224	0	10068
10200	7	10683554265550	none	10069	22c3975d	512	224	0	10069
10201	0	10683571869510	none	10070	22c3975d	512	224	0	10070
10202	1	10683586598550	none	10071	22c3975d	512	224	0	10071
10203	2	10683605408350	none	10072	22c3975d	512	224	0	10072
10204	3	10683619440230	none	10073	22c3975d	512	224	0	10073
10205	4	10683637229040	none	10074	22c3975d	512	224	0	10074
10206	5	10683654680110	none	10075	22c3975d	512	224	0	10075
10207	6	10683672552590	none	10076	22c3975d	512	224	0	10076
10208	7	10683687207640	none	10077	22c3975d	512	224	0	10077
10209	0	10683704866100	none	10078	22c3975d	512	224	0	10078
10210	1	10683722608640	none	10079	22c3975d	512	224	0	10079
10211	2	10683736257610	none	10080	22c3975d	512	224	0	10080
10212	3	10683754641800	none	10081	22c3975d	512	224	0	10081
10213	4	10683772630690	none	10082	77f5815e	512	224	0	10082
10214	5	10683787051710	none	10083	77f5815e	512	224	0	10083
10215	6	10683805300820	none	10084	77f5815e	512	224	0	10084
10216	7	10683818826820	none	10085	77f5815e	512	224	0	10085
10217	0	10683837692380	none	10086	c1fd1612	512	224	0	10086
10218	1	10683855675360	none	10087	c1fd1612	512	224	0	10087
10219	2	10683869630650	none	10088	c1fd1612	512	224	0	10088
10220	3	10683887391810	none	10089	c1fd1612	512	224	0	10089
10221	4	10683905321520	none	10090	dac1eae1	512	224	0	10090
10222	5	10683919435640	none	10091	3569a374	512	224	0	10091
10223	6	10683937314560	none	10092	f8f16907	512	224	0	10092
10224	7	10683954979910	none	10093	41739b29	512	224	0	10093
10225	0	10683972323570	none	10094	90ae03ed	512	224	0	10094
10226	1	10683985837740	none	10095	a3ac8855	512	224	0	10095
10227	2	10684003658190	none	10096	ac2be760	512	224	0	10096
10228	3	10684022540750	none	10097	03a41bd6	512	224	0	10097
10229	4	10684036162740	none	10098	63e3e684	512	224	0	10098
10230	5	10684054343000	none	10099	a5bfe4ee	512	224	0	10099
10231	6	10684068445700	none	10100	272dd8fc	512	224	0	10100
10232	7	10684086800020	none	10101	558d128f	512	224	0	10101
10233	0	10684104602520	none	10102	522abc38	512	224	0	10102
10234	1	10684118345120	none	10103	acf2294c	512	224	0	10103
10235	2	10684136788360	none	10104	4b1e0b4d	512	224	0	10104
10236	3	10684155461980	none	10105	2c2779ac	512	224	0	10105
10237	4	10684169712670	none	10106	5d7ebbbe	512	224	0	10106
10238	5	10684187677270	none	10107	6a516484	512	224	0	10107
10239	6	10684201905280	none	10108	977cf230	512	224	0	10108
10240	7	10684219597470	none	10109	4a15ab5f	512	224	0	10109
10241	0	10684237722460	none	10110	f2cd7ff0	512	224	0	10110
10242	1	10684254992110	none	10111	09fa0516	512	224	0	10111
10243	2	10684268349460	none	10112	cdfb97ae	512	224	0	10112
10244	3	10684285876050	none	10113	1db833a0	512	224	0	10113
10245	4	10684303251330	none	10114	0a7adfea	512	224	0	10114
10246	5	10684321583920	none	10115	bf431c9f	512	224	0	10115
10247	6	10684335469540	none	10116	2fb4b12b	512	224	0	10116
10248	7	10684353652180	none	10117	742d11d7	512	224	0	10117
10249	0	10684367965520	none	10118	f7ba23af	512	224	0	10118
10250	1	10684385722740	none	10119	41f645b4	512	224	0	10119
10251	2	10684403526320	none	10120	9ca432a0	512	224	0	10120
10252	3	10684421495190	none	10121	2e280150	512	224	0	10121
10253	4	10684435739710	none	10122	9d38ad00	512	224	0	10122
10254	5	10684453480380	none	10123	1eced9a0	512	224	0	10123
10255	6	10684470971630	none	10124	793feb51	512	224	0	10124
10256	7	10684484629260	none	10125	d829d2fb	512	224	0	10125
10257	0	10684502136850	none	10126	f135d1ed	512	224	0	10126
10258	1	10684519532890	none	10127	74a57aed	512	224	0	10127
10259	2	10684536908850	none	10128	10272c62	512	224	0	10128
10260	3	10684554455700	none	10129	2a5f9aab	512	224	0	10129
10261	4	10684567748490	none	10130	be1c5323	512	224	0	10130
10262	5	10684585775680	none	10131	ab5643c7	512	224	0	10131
10263	6	10684603949690	none	10132	4aff57d4	512	224	0	10132
10264	7	10684617376630	none	10133	e93d2e56	512	224	0	10133
10265	0	10684635153460	none	10134	4a629ddc	512	224	0	10134
10266	1	10684653471540	none	10135	a7442b19	512	224	0	10135
10267	2	10684667639360	none	10136	58e3d858	512	224	0	10136
10268	3	10684685611160	none	10137	89dc808c	512	224	0	10137
10269	4	10684703034690	none	10138	61605322	512	224	0	10138
10270	5	10684717222330	none	10139	61605322	512	224	0	10139
10271	6	10684734900300	none	10140	61605322	512	224	0	10140
10272	7	10684752738200	none	10141	61605322	512	224	0	10141
10273	0	10684770815590	none	10142	61605322	512	224	0	10142
10274	1	10684784391110	none	10143	61605322	512	224	0	10143
10275	2	10684801795580	none	10144	61605322	512	224	0	10144
10276	3	10684820461490	none	10145	61605322	512	224	0	10145
10277	4	10684834048200	none	10146	61605322	512	224	0	10146
10278	5	10684851630530	none	10147	61605322	512	224	0	10147
10279	6	10684869435970	none	10148	61605322	512	224	0	10148
10280	7	10684887199190	none	10149	61605322	512	224	0	10149
10281	0	10684900783490	none	10150	61605322	512	224	0	10150
10282	1	10684918855420	none	10151	61605322	512	224	0	10151
10283	2	10684936572510	none	10152	61605322	512	224	0	10152
10284	3	10684950448950	none	10153	61605322	512	224	0	10153
10285	4	10684968583260	none	10154	61605322	512	224	0	10154
10286	5	10684986929180	none	10155	61605322	512	224	0	10155
10287	6	10685000480590	none	10156	61605322	512	224	0	10156
10288	7	10685018891500	none	10157	61605322	512	224	0	10157
10289	0	10685036519290	none	10158	61605322	512	224	0	10158
10290	1	10685050716890	none	10159	61605322	512	224	0	10159
10291	2	10685069264580	none	10160	61605322	512	224	0	10160
10292	3	10685083494250	none	10161	61605322	512	224	0	10161
10293	4	10685102102230	none	10162	61605322	512	224	0	10162
10294	5	10685119768730	none	10163	61605322	512	224	0	10163
10295	6	10685133216640	none	10164	61605322	512	224	0	10164
10296	7	10685150747420	none	10165	61605322	512	224	0	10165
10297	0	10685168469970	none	10166	61605322	512	224	0	10166
10298	1	10685186573610	none	10167	61605322	512	224	0	10167
10299	2	10685200527250	none	10168	61605322	512	224	0	10168
10300	3	10685218696480	none	10169	61605322	512	224	0	10169
10301	4	10685236804430	none	10170	61605322	512	224	0	10170
10302	5	10685250237950	none	10171	61605322	512	224	0	10171
10303	6	10685267815100	none	10172	61605322	512	224	0	10172
10304	7	10685286114400	none	10173	61605322	512	224	0	10173
10305	0	10685300153030	none	10174	61605322	512	224	0	10174
10306	1	10685317798380	none	10175	61605322	512	224	0	10175
10307	2	10685335733150	none	10176	61605322	512	224	0	10176
10308	3	10685349603500	none	10177	61605322	512	224	0	10177
10309	4	10685367619910	none	10178	61605322	512	224	0	10178
10310	5	10685385658940	none	10179	61605322	512	224	0	10179
10311	6	10685403217580	none	10180	61605322	512	224	0	10180
10312	7	10685416882860	none	10181	61605322	512	224	0	10181
10313	0	10685435170320	none	10182	61605322	512	224	0	10182
10314	1	10685452699360	none	10183	61605322	512	224	0	10183
10315	2	10685466127900	none	10184	61605322	512	224	0	10184
10316	3	10685484218170	none	10185	61605322	512	224	0	10185
10317	4	10685501978310	none	10186	61605322	512	224	0	10186
10318	5	10685515911640	none	10187	61605322	512	224	0	10187
10319	6	10685533741790	none	10188	61605322	512	224	0	10188
10320	7	10685551152490	none	10189	61605322	512	224	0	10189
10321	0	10685568670710	none	10190	61605322	512	224	0	10190
10322	1	10685586288710	none	10191	61605322	512	224	0	10191
10323	2	10685600278890	none	10192	61605322	512	224	0	10192
10324	3	10685618647340	none	10193	61605322	512	224	0	10193
10325	4	10685636216620	none	10194	61605322	512	224	0	10194
10326	5	10685650004100	none	10195	61605322	512	224	0	10195
10327	6	10685667718620	none	10196	61605322	512	224	0	10196
10328	7	10685682467850	none	10197	61605322	512	224	0	10197
10329	0	10685700369730	none	10198	61605322	512	224	0	10198
10330	1	10685718739750	none	10199	61605322	512	224	0	10199
10331	2	10685732862430	none	10200	61605322	512	224	0	10200
10332	3	10685752034070	none	10201	61605322	512	224	0	10201
10333	4	10685765546250	none	10202	61605322	512	224	0	10202
10334	5	10685783378380	none	10203	61605322	512	224	0	10203
10335	6	10685801839790	none	10204	61605322	512	224	0	10204
10336	7	10685815649320	none	10205	61605322	512	224	0	10205
10337	0	10685833331720	none	10206	61605322	512	224	0	10206
10338	1	10685850990780	none	10207	61605322	512	224	0	10207
10339	2	10685868517010	none	10208	61605322	512	224	0	10208
10340	3	10685882794740	none	10209	61605322	512	224	0	10209
10341	4	10685900292000	none	10210	61605322	512	224	0	10210
10342	5	10685917704300	none	10211	61605322	512	224	0	10211
10343	6	10685935354550	none	10212	61605322	512	224	0	10212
10344	7	10685949030830	none	10213	61605322	512	224	0	10213
10345	0	10685967472770	none	10214	61605322	512	224	0	10214
10346	1	10685985729990	none	10215	61605322	512	224	0	10215
10347	2	10686000032890	none	10216	61605322	512	224	0	10216
10348	3	10686017740790	none	10217	61605322	512	224	0	10217
10349	4	10686035316000	none	10218	61605322	512	224	0	10218
10350	5	10686048852800	none	10219	61605322	512	224	0	10219
10351	6	10686067133660	none	10220	61605322	512	224	0	10220
10352	7	10686085391740	none	10221	61605322	512	224	0	10221
10353	0	10686099906800	none	10222	61605322	512	224	0	10222
10354	1	10686117334970	none	10223	61605322	512	224	0	10223
10355	2	10686135113090	none	10224	61605322	512	224	0	10224
10356	3	10686148910330	none	10225	61605322	512	224	0	10225
10357	4	10686167456120	none	10226	61605322	512	224	0	10226
10358	5	10686185183090	none	10227	61605322	512	224	0	10227
10359	6	10686199407510	none	10228	61605322	512	224	0	10228
10360	7	10686216928300	none	10229	61605322	512	224	0	10229
10361	0	10686234721590	none	10230	61605322	512	224	0	10230
10362	1	10686248763060	none	10231	61605322	512	224	0	10231
10363	2	10686266310090	none	10232	61605322	512	224	0	10232
10364	3	10686284446370	none	10233	61605322	512	224	0	10233
10365	4	10686298366170	none	10234	61605322	512	224	0	10234
10366	5	10686316374660	none	10235	61605322	512	224	0	10235
10367	6	10686333883220	none	10236	61605322	512	224	0	10236
10368	7	10686351480830	none	10237	61605322	512	224	0	10237
10369	0	10686364892640	none	10238	61605322	512	224	0	10238
10370	1	10686382425860	none	10239	61605322	512	224	0	10239
10371	2	10686400387420	none	10240	61605322	512	224	0	10240
10372	3	10686414547330	none	10241	61605322	512	224	0	10241
10373	4	10686432090230	none	10242	61605322	512	224	0	10242
10374	5	10686449683390	none	10243	61605322	512	224	0	10243
10375	6	10686467295470	none	10244	61605322	512	224	0	10244
10376	7	10686485071230	none	10245	61605322	512	224	0	10245
10377	0	10686498775180	none	10246	61605322	512	224	0	10246
10378	1	10686516784390	none	10247	61605322	512	224	0	10247
10379	2	10686534602810	none	10248	61605322	512	224	0	10248
10380	3	10686549320650	none	10249	61605322	512	224	0	10249
10381	4	10686566668590	none	10250	61605322	512	224	0	10250
10382	5	10686580863020	none	10251	61605322	512	224	0	10251
10383	6	10686599190280	none	10252	61605322	512	224	0	10252
10384	7	10686616703620	none	10253	61605322	512	224	0	10253
10385	0	10686634497510	none	10254	61605322	512	224	0	10254
10386	1	10686648583460	none	10255	61605322	512	224	0	10255
10387	2	10686666522730	none	10256	61605322	512	224	0	10256
10388	3	10686684145090	none	10257	61605322	512	224	0	10257
10389	4	10686698120420	none	10258	61605322	512	224	0	10258
10390	5	10686716490840	none	10259	61605322	512	224	0	10259
10391	6	10686733992170	none	10260	61605322	512	224	0	10260
10392	7	10686747679410	none	10261	61605322	512	224	0	10261
10393	0	10686766019300	none	10262	61605322	512	224	0	10262
10394	1	10686783732410	none	10263	61605322	512	224	0	10263
10395	2	10686797407560	none	10264	61605322	512	224	0	10264
10396	3	10686815638450	none	10265	61605322	512	224	0	10265
10397	4	10686833610620	none	10266	61605322	512	224	0	10266
10398	5	10686847435150	none	10267	61605322	512	224	0	10267
10399	6	10686865731630	none	10268	61605322	512	224	0	10268
10400	7	10686883511250	none	10269	61605322	512	224	0	10269
10401	0	10686897900570	none	10270	61605322	512	224	0	10270
10402	1	10686915602480	none	10271	61605322	512	224	0	10271
10403	2	10686933276660	none	10272	61605322	512	224	0	10272
10404	3	10686947628630	none	10273	61605322	512	224	0	10273
10405	4	10686966087550	none	10274	61605322	512	224	0	10274
10406	5	10686983586470	none	10275	61605322	512	224	0	10275
10407	6	10686998148810	none	10276	61605322	512	224	0	10276
10408	7	10687016338500	none	10277	61605322	512	224	0	10277
10409	0	10687030308090	none	10278	61605322	512	224	0	10278
10410	1	10687048151150	none	10279	61605322	512	224	0	10279
10411	2	10687066094130	none	10280	61605322	512	224	0	10280
10412	3	10687083757490	none	10281	61605322	512	224	0	10281
10413	4	10687097551200	none	10282	61605322	512	224	0	10282
10414	5	10687115541410	none	10283	61605322	512	224	0	10283
10415	6	10687133006170	none	10284	61605322	512	224	0	10284
10416	7	10687150514490	none	10285	61605322	512	224	0	10285
10417	0	10687165009940	none	10286	61605322	512	224	0	10286
10418	1	10687183123650	none	10287	61605322	512	224	0	10287
10419	2	10687197106250	none	10288	61605322	512	224	0	10288
10420	3	10687214944380	none	10289	61605322	512	224	0	10289
10421	4	10687232678950	none	10290	61605322	512	224	0	10290
10422	5	10687246364180	none	10291	61605322	512	224	0	10291
10423	6	10687263931330	none	10292	61605322	512	224	0	10292
10424	7	10687281565510	none	10293	61605322	512	224	0	10293
10425	0	10687299380910	none	10294	61605322	512	224	0	10294
10426	1	10687313497840	none	10295	61605322	512	224	0	10295
10427	2	10687332345100	none	10296	61605322	512	224	0	10296
10428	3	10687350240580	none	10297	61605322	512	224	0	10297
10429	4	10687363495850	none	10298	61605322	512	224	0	10298
10430	5	10687380885750	none	10299	61605322	512	224	0	10299
10431	6	10687398617000	none	10300	61605322	512	224	0	10300
10432	7	10687416693060	none	10301	61605322	512	224	0	10301
10433	0	10687430110640	none	10302	61605322	512	224	0	10302
10434	1	10687448869620	none	10303	61605322	512	224	0	10303
10435	2	10687466555760	none	10304	61605322	512	224	0	10304
10436	3	10687480367600	none	10305	61605322	512	224	0	10305
10437	4	10687498584460	none	10306	61605322	512	224	0	10306
10438	5	10687516441480	none	10307	61605322	512	224	0	10307
10439	6	10687529715970	none	10308	61605322	512	224	0	10308
10440	7	10687548178980	none	10309	61605322	512	224	0	10309
10441	0	10687565867630	none	10310	61605322	512	224	0	10310
10442	1	10687579541810	none	10311	61605322	512	224	0	10311
10443	2	10687597989430	none	10312	61605322	512	224	0	10312
10444	3	10687616248620	none	10313	61605322	512	224	0	10313
10445	4	10687630398330	none	10314	61605322	512	224	0	10314
10446	5	10687648532020	none	10315	61605322	512	224	0	10315
10447	6	10687662639550	none	10316	61605322	512	224	0	10316
10448	7	10687680378950	none	10317	61605322	512	224	0	10317
10449	0	10687698118920	none	10318	61605322	512	224	0	10318
10450	1	10687715681940	none	10319	61605322	512	224	0	10319
10451	2	10687729851920	none	10320	61605322	512	224	0	10320
10452	3	10687748317810	none	10321	61605322	512	224	0	10321
10453	4	10687762271150	none	10322	61605322	512	224	0	10322
10454	5	10687780552990	none	10323	61605322	512	224	0	10323
10455	6	10687798433980	none	10324	61605322	512	224	0	10324
10456	7	10687812499740	none	10325	61605322	512	224	0	10325
10457	0	10687830169720	none	10326	61605322	512	224	0	10326
10458	1	10687847797570	none	10327	61605322	512	224	0	10327
10459	2	10687862159320	none	10328	61605322	512	224	0	10328
10460	3	10687879672850	none	10329	61605322	512	224	0	10329
10461	4	10687897228780	none	10330	61605322	512	224	0	10330
10462	5	10687914745240	none	10331	61605322	512	224	0	10331
10463	6	10687932212680	none	10332	61605322	512	224	0	10332
10464	7	10687945541220	none	10333	61605322	512	224	0	10333
10465	0	10687963593180	none	10334	61605322	512	224	0	10334
10466	1	10687981647270	none	10335	61605322	512	224	0	10335
10467	2	10687995536350	none	10336	61605322	512	224	0	10336
10468	3	10688013419510	none	10337	61605322	512	224	0	10337
10469	4	10688031175570	none	10338	61605322	512	224	0	10338
10470	5	10688045459730	none	10339	61605322	512	224	0	10339
10471	6	10688063422470	none	10340	61605322	512	224	0	10340
10472	7	10688081066520	none	10341	61605322	512	224	0	10341
10473	0	10688095321750	none	10342	61605322	512	224	0	10342
10474	1	10688113110250	none	10343	61605322	512	224	0	10343
10475	2	10688130426190	none	10344	61605322	512	224	0	10344
10476	3	10688147920470	none	10345	61605322	512	224	0	10345
10477	4	10688165450320	none	10346	61605322	512	224	0	10346
10478	5	10688179288100	none	10347	61605322	512	224	0	10347
10479	6	10688197979130	none	10348	61605322	512	224	0	10348
10480	7	10688211600260	none	10349	61605322	512	224	0	10349
10481	0	10688229212210	none	10350	61605322	512	224	0	10350
10482	1	10688246534560	none	10351	61605322	512	224	0	10351
10483	2	10688264199570	none	10352	61605322	512	224	0	10352
10484	3	10688278147220	none	10353	61605322	512	224	0	10353
10485	4	10688295507790	none	10354	61605322	512	224	0	10354
10486	5	10688313413280	none	10355	61605322	512	224	0	10355
10487	6	10688331042240	none	10356	61605322	512	224	0	10356
10488	7	10688348530510	none	10357	61605322	512	224	0	10357
10489	0	10688362353360	none	10358	61605322	512	224	0	10358
10490	1	10688379950760	none	10359	61605322	512	224	0	10359
10491	2	10688398467570	none	10360	61605322	512	224	0	10360
10492	3	10688412102890	none	10361	61605322	512	224	0	10361
10493	4	10688429717700	none	10362	ac27bc18	512	224	0	10362
10494	5	10688447368310	none	10363	ac27bc18	512	224	0	10363
10495	6	10688461289770	none	10364	ac27bc18	512	224	0	10364
10496	7	10688479574350	none	10365	ac27bc18	512	224	0	10365
10497	0	10688497043120	none	10366	0e1f4d53	512	224	0	10366
10498	1	10688514487470	none	10367	0e1f4d53	512	224	0	10367
10499	2	10688528049190	none	10368	0e1f4d53	512	224	0	10368
10500	3	10688545614910	none	10369	0e1f4d53	512	224	0	10369
10501	4	10688564032010	none	10370	fa486de2	512	224	0	10370
10502	5	10688577676020	none	10371	fa486de2	512	224	0	10371
10503	6	10688595959660	none	10372	fa486de2	512	224	0	10372
10504	7	10688614384300	none	10373	fa486de2	512	224	0	10373
10505	0	10688628025930	none	10374	59bfcc4b	512	224	0	10374
10506	1	10688645462070	none	10375	59bfcc4b	512	224	0	10375
10507	2	10688663577430	none	10376	59bfcc4b	512	224	0	10376
10508	3	10688677705410	none	10377	59bfcc4b	512	224	0	10377
10509	4	10688695589870	none	10378	6cf46cf5	512	224	0	10378
10510	5	10688714432330	none	10379	6cf46cf5	512	224	0	10379
10511	6	10688728042490	none	10380	6cf46cf5	512	224	0	10380
10512	7	10688745701780	none	10381	6cf46cf5	512	224	0	10381
10513	0	10688763533650	none	10382	17ad5e39	512	224	0	10382
10514	1	10688777386340	none	10383	17ad5e39	512	224	0	10383
10515	2	10688794671720	none	10384	17ad5e39	512	224	0	10384
10516	3	10688812276030	none	10385	17ad5e39	512	224	0	10385
10517	4	10688830283850	none	10386	d5742f06	512	224	0	10386
10518	5	10688844073070	none	10387	d5742f06	512	224	0	10387
10519	6	10688861915160	none	10388	d5742f06	512	224	0	10388
10520	7	10688879681490	none	10389	d5742f06	512	224	0	10389
10521	0	10688897649950	none	10390	97e6c53b	512	224	0	10390
10522	1	10688911644590	none	10391	97e6c53b	512	224	0	10391
10523	2	10688929188870	none	10392	97e6c53b	512	224	0	10392
10524	3	10688946853690	none	10393	97e6c53b	512	224	0	10393
10525	4	10688961373460	none	10394	d18348ce	512	224	0	10394
10526	5	10688978929080	none	10395	d18348ce	512	224	0	10395
10527	6	10688997413970	none	10396	d18348ce	512	224	0	10396
10528	7	10689011404800	none	10397	d18348ce	512	224	0	10397
10529	0	10689029341380	none	10398	601a44cd	512	224	0	10398
10530	1	10689047080040	none	10399	601a44cd	512	224	0	10399
10531	2	10689060449290	none	10400	601a44cd	512	224	0	10400
10532	3	10689077810490	none	10401	601a44cd	512	224	0	10401
10533	4	10689095364100	none	10402	c13dba27	512	224	0	10402
10534	5	10689113142980	none	10403	c13dba27	512	224	0	10403
10535	6	10689126806190	none	10404	c13dba27	512	224	0	10404
10536	7	10689144326940	none	10405	c13dba27	512	224	0	10405
10537	0	10689162409470	none	10406	2bd62a54	512	224	0	10406
10538	1	10689180251500	none	10407	2bd62a54	512	224	0	10407
10539	2	10689194230420	none	10408	2bd62a54	512	224	0	10408
10540	3	10689212430750	none	10409	2bd62a54	512	224	0	10409
10541	4	10689230474670	none	10410	a6058125	512	224	0	10410
10542	5	10689244037360	none	10411	a6058125	512	224	0	10411
10543	6	10689261771650	none	10412	a6058125	512	224	0	10412
10544	7	10689279536280	none	10413	a6058125	512	224	0	10413
10545	0	10689293337250	none	10414	f67ec5c9	512	224	0	10414
10546	1	10689311160850	none	10415	f67ec5c9	512	224	0	10415
10547	2	10689328561360	none	10416	f67ec5c9	512	224	0	10416
10548	3	10689346511920	none	10417	f67ec5c9	512	224	0	10417
10549	4	10689360047410	none	10418	362024e4	512	224	0	10418
10550	5	10689377724660	none	10419	362024e4	512	224	0	10419
10551	6	10689395897980	none	10420	362024e4	512	224	0	10420
10552	7	10689413447210	none	10421	362024e4	512	224	0	10421
10553	0	10689427181340	none	10422	362024e4	512	224	0	10422
10554	1	10689445689240	none	10423	362024e4	512	224	0	10423
10555	2	10689463433080	none	10424	362024e4	512	224	0	10424
10556	3	10689477494440	none	10425	362024e4	512	224	0	10425
10557	4	10689495222280	none	10426	362024e4	512	224	0	10426
10558	5	10689512675850	none	10427	362024e4	512	224	0	10427
10559	6	10689526275870	none	10428	362024e4	512	224	0	10428
10560	7	10689545048440	none	10429	362024e4	512	224	0	10429
10561	0	10689562631660	none	10430	362024e4	512	224	0	10430
10562	1	10689576053990	none	10431	362024e4	512	224	0	10431
10563	2	10689593355910	none	10432	362024e4	512	224	0	10432
10564	3	10689610690150	none	10433	362024e4	512	224	0	10433
10565	4	10689628494050	none	10434	362024e4	512	224	0	10434
10566	5	10689642462400	none	10435	362024e4	512	224	0	10435
10567	6	10689660814750	none	10436	362024e4	512	224	0	10436
10568	7	10689678638520	none	10437	362024e4	512	224	0	10437
10569	0	10689696293870	none	10438	362024e4	512	224	0	10438
10570	1	10689710003050	none	10439	362024e4	512	224	0	10439
10571	2	10689727602810	none	10440	362024e4	512	224	0	10440
10572	3	10689745407430	none	10441	362024e4	512	224	0	10441
10573	4	10689759638980	none	10442	362024e4	512	224	0	10442
10574	5	10689777151500	none	10443	362024e4	512	224	0	10443
10575	6	10689795462720	none	10444	362024e4	512	224	0	10444
10576	7	10689809342210	none	10445	362024e4	512	224	0	10445
10577	0	10689826937520	none	10446	362024e4	512	224	0	10446
10578	1	10689845376320	none	10447	362024e4	512	224	0	10447
10579	2	10689859163930	none	10448	362024e4	512	224	0	10448
10580	3	10689876957800	none	10449	362024e4	512	224	0	10449
10581	4	10689894482910	none	10450	362024e4	512	224	0	10450
10582	5	10689912362640	none	10451	362024e4	512	224	0	10451
10583	6	10689925863580	none	10452	362024e4	512	224	0	10452
10584	7	10689944331080	none	10453	362024e4	512	224	0	10453
10585	0	10689962355010	none	10454	362024e4	512	224	0	10454
10586	1	10689976004910	none	10455	362024e4	512	224	0	10455
10587	2	10689994302570	none	10456	362024e4	512	224	0	10456
10588	3	10690011632490	none	10457	362024e4	512	224	0	10457
10589	4	10690025526000	none	10458	362024e4	512	224	0	10458
10590	5	10690044114830	none	10459	362024e4	512	224	0	10459
10591	6	10690062391640	none	10460	362024e4	512	224	0	10460
10592	7	10690076046770	none	10461	362024e4	512	224	0	10461
10593	0	10690093545640	none	10462	362024e4	512	224	0	10462
10594	1	10690111675360	none	10463	362024e4	512	224	0	10463
10595	2	10690125155080	none	10464	362024e4	512	224	0	10464
10596	3	10690143131640	none	10465	362024e4	512	224	0	10465
10597	4	10690161302610	none	10466	362024e4	512	224	0	10466
10598	5	10690175701570	none	10467	362024e4	512	224	0	10467
10599	6	10690193348780	none	10468	362024e4	512	224	0	10468
10600	7	10690211270950	none	10469	362024e4	512	224	0	10469
10601	0	10690225129890	none	10470	362024e4	512	224	0	10470
10602	1	10690242767940	none	10471	362024e4	512	224	0	10471
10603	2	10690260553410	none	10472	362024e4	512	224	0	10472
10604	3	10690278589690	none	10473	362024e4	512	224	0	10473
10605	4	10690292737500	none	10474	362024e4	512	224	0	10474
10606	5	10690310636410	none	10475	362024e4	512	224	0	10475
10607	6	10690328593430	none	10476	362024e4	512	224	0	10476
10608	7	10690342438100	none	10477	362024e4	512	224	0	10477
10609	0	10690360489030	none	10478	362024e4	512	224	0	10478
10610	1	10690378210160	none	10479	362024e4	512	224	0	10479
10611	2	10690392325260	none	10480	362024e4	512	224	0	10480
10612	3	10690410562970	none	10481	362024e4	512	224	0	10481
10613	4	10690424809490	none	10482	362024e4	512	224	0	10482
10614	5	10690443343450	none	10483	362024e4	512	224	0	10483
10615	6	10690460978380	none	10484	362024e4	512	224	0	10484
10616	7	10690474435920	none	10485	362024e4	512	224	0	10485
10617	0	10690492870310	none	10486	362024e4	512	224	0	10486
10618	1	10690511126910	none	10487	362024e4	512	224	0	10487
10619	2	10690525226030	none	10488	362024e4	512	224	0	10488
10620	3	10690543345590	none	10489	362024e4	512	224	0	10489
10621	4	10690561447030	none	10490	362024e4	512	224	0	10490
10622	5	10690575534110	none	10491	362024e4	512	224	0	10491
10623	6	10690594022140	none	10492	362024e4	512	224	0	10492
10624	7	10690608465140	none	10493	362024e4	512	224	0	10493
10625	0	10690627118880	none	10494	362024e4	512	224	0	10494
10626	1	10690644645650	none	10495	362024e4	512	224	0	10495
10627	2	10690658225310	none	10496	362024e4	512	224	0	10496
10628	3	10690675793290	none	10497	362024e4	512	224	0	10497
10629	4	10690693287150	none	10498	362024e4	512	224	0	10498
10630	5	10690710702560	none	10499	362024e4	512	224	0	10499
10631	6	10690725147350	none	10500	362024e4	512	224	0	10500
10632	7	10690743402320	none	10501	362024e4	512	224	0	10501
10633	0	10690761072310	none	10502	362024e4	512	224	0	10502
10634	1	10690774553000	none	10503	362024e4	512	224	0	10503
10635	2	10690792177960	none	10504	362024e4	512	224	0	10504
10636	3	10690810205640	none	10505	362024e4	512	224	0	10505
10637	4	10690828011230	none	10506	362024e4	512	224	0	10506
10638	5	10690841920790	none	10507	362024e4	512	224	0	10507
10639	6	10690859631580	none	10508	362024e4	512	224	0	10508
10640	7	10690877059630	none	10509	362024e4	512	224	0	10509
10641	0	10690894279040	none	10510	362024e4	512	224	0	10510
10642	1	10690907463440	none	10511	362024e4	512	224	0	10511
10643	2	10690924687410	none	10512	362024e4	512	224	0	10512
10644	3	10690942003360	none	10513	362024e4	512	224	0	10513
10645	4	10690959223670	none	10514	362024e4	512	224	0	10514
10646	5	10690976430130	none	10515	362024e4	512	224	0	10515
10647	6	10690993666630	none	10516	362024e4	512	224	0	10516
10648	7	10691006908870	none	10517	362024e4	512	224	0	10517
10649	0	10691024121260	none	10518	362024e4	512	224	0	10518
10650	1	10691041321220	none	10519	362024e4	512	224	0	10519
10651	2	10691058641270	none	10520	362024e4	512	224	0	10520
10652	3	10691076258730	none	10521	362024e4	512	224	0	10521
10653	4	10691093683080	none	10522	362024e4	512	224	0	10522
10654	5	10691107057200	none	10523	362024e4	512	224	0	10523
10655	6	10691124422700	none	10524	362024e4	512	224	0	10524
10656	7	10691142157990	none	10525	362024e4	512	224	0	10525
10657	0	10691159657550	none	10526	362024e4	512	224	0	10526
10658	1	10691177095970	none	10527	362024e4	512	224	0	10527
10659	2	10691190303470	none	10528	362024e4	512	224	0	10528
10660	3	10691207541440	none	10529	362024e4	512	224	0	10529
10661	4	10691224759440	none	10530	362024e4	512	224	0	10530
10662	5	10691242146080	none	10531	362024e4	512	224	0	10531
10663	6	10691259423130	none	10532	362024e4	512	224	0	10532
10664	7	10691276765440	none	10533	362024e4	512	224	0	10533
10665	0	10691290085210	none	10534	362024e4	512	224	0	10534
10666	1	10691307755320	none	10535	362024e4	512	224	0	10535
10667	2	10691325290200	none	10536	362024e4	512	224	0	10536
10668	3	10691342978820	none	10537	362024e4	512	224	0	10537
10669	4	10691360318990	none	10538	362024e4	512	224	0	10538
10670	5	10691373871930	none	10539	362024e4	512	224	0	10539
10671	6	10691391250180	none	10540	362024e4	512	224	0	10540
10672	7	10691408959000	none	10541	362024e4	512	224	0	10541
10673	0	10691426212450	none	10542	362024e4	512	224	0	10542
10674	1	10691443471850	none	10543	362024e4	512	224	0	10543
10675	2	10691456662960	none	10544	362024e4	512	224	0	10544
10676	3	10691473866160	none	10545	362024e4	512	224	0	10545
10677	4	10691491104360	none	10546	362024e4	512	224	0	10546
10678	5	10691508302590	none	10547	362024e4	512	224	0	10547
10679	6	10691525591300	none	10548	362024e4	512	224	0	10548
10680	7	10691542890840	none	10549	362024e4	512	224	0	10549
10681	0	10691556075080	none	10550	362024e4	512	224	0	10550
10682	1	10691573270410	none	10551	362024e4	512	224	0	10551
10683	2	10691590474630	none	10552	362024e4	512	224	0	10552
10684	3	10691607756530	none	10553	362024e4	512	224	0	10553
10685	4	10691625103890	none	10554	362024e4	512	224	0	10554
10686	5	10691642376010	none	10555	362024e4	512	224	0	10555
10687	6	10691659632250	none	10556	362024e4	512	224	0	10556
10688	7	10691672815330	none	10557	362024e4	512	224	0	10557
10689	0	10691690019170	none	10558	362024e4	512	224	0	10558
10690	1	10691707229390	none	10559	362024e4	512	224	0	10559
10691	2	10691724470360	none	10560	362024e4	512	224	0	10560
10692	3	10691741690820	none	10561	362024e4	512	224	0	10561
10693	4	10691759018840	none	10562	362024e4	512	224	0	10562
10694	5	10691776223390	none	10563	362024e4	512	224	0	10563
10695	6	10691789392000	none	10564	362024e4	512	224	0	10564
10696	7	10691806605540	none	10565	362024e4	512	224	0	10565
10697	0	10691823802740	none	10566	362024e4	512	224	0	10566
10698	1	10691841022570	none	10567	362024e4	512	224	0	10567
10699	2	10691858315280	none	10568	362024e4	512	224	0	10568
10700	3	10691875600190	none	10569	362024e4	512	224	0	10569
10701	4	10691888805300	none	10570	362024e4	512	224	0	10570
10702	5	10691906072150	none	10571	362024e4	512	224	0	10571
10703	6	10691923237200	none	10572	362024e4	512	224	0	10572
10704	7	10691940470950	none	10573	362024e4	512	224	0	10573
10705	0	10691957704310	none	10574	362024e4	512	224	0	10574
10706	1	10691974986130	none	10575	362024e4	512	224	0	10575
10707	2	10691992266320	none	10576	362024e4	512	224	0	10576
10708	3	10692005492470	none	10577	362024e4	512	224	0	10577
10709	4	10692022704960	none	10578	362024e4	512	224	0	10578
10710	5	10692039903690	none	10579	362024e4	512	224	0	10579
10711	6	10692057252070	none	10580	362024e4	512	224	0	10580
10712	7	10692074469810	none	10581	362024e4	512	224	0	10581
10713	0	10692091710840	none	10582	362024e4	512	224	0	10582
10714	1	10692109020530	none	10583	362024e4	512	224	0	10583
10715	2	10692122208850	none	10584	362024e4	512	224	0	10584
10716	3	10692139393290	none	10585	362024e4	512	224	0	10585
10717	4	10692156613070	none	10586	362024e4	512	224	0	10586
10718	5	10692173826210	none	10587	362024e4	512	224	0	10587
10719	6	10692191032020	none	10588	362024e4	512	224	0	10588
10720	7	10692208250340	none	10589	362024e4	512	224	0	10589
10721	0	10692225516460	none	10590	362024e4	512	224	0	10590
10722	1	10692238742720	none	10591	362024e4	512	224	0	10591
10723	2	10692255976240	none	10592	362024e4	512	224	0	10592
10724	3	10692273153690	none	10593	362024e4	512	224	0	10593
10725	4	10692290341150	none	10594	362024e4	512	224	0	10594
10726	5	10692307663400	none	10595	362024e4	512	224	0	10595
10727	6	10692324965040	none	10596	362024e4	512	224	0	10596
10728	7	10692338190580	none	10597	362024e4	512	224	0	10597
10729	0	10692355371690	none	10598	362024e4	512	224	0	10598
10730	1	10692372589620	none	10599	362024e4	512	224	0	10599
10731	2	10692389786840	none	10600	362024e4	512	224	0	10600
10732	3	10692407140560	none	10601	362024e4	512	224	0	10601
10733	4	10692424318220	none	10602	362024e4	512	224	0	10602
10734	5	10692441536940	none	10603	362024e4	512	224	0	10603
10735	6	10692454761590	none	10604	362024e4	512	224	0	10604
10736	7	10692472102290	none	10605	362024e4	512	224	0	10605
10737	0	10692489319900	none	10606	362024e4	512	224	0	10606
10738	1	10692506673370	none	10607	362024e4	512	224	0	10607
10739	2	10692523965300	none	10608	362024e4	512	224	0	10608
10740	3	10692541166760	none	10609	362024e4	512	224	0	10609
10741	4	10692554310150	none	10610	362024e4	512	224	0	10610
10742	5	10692571525850	none	10611	362024e4	512	224	0	10611
10743	6	10692588726830	none	10612	362024e4	512	224	0	10612
10744	7	10692605939450	none	10613	362024e4	512	224	0	10613
10745	0	10692623137340	none	10614	362024e4	512	224	0	10614
10746	1	10692640329450	none	10615	362024e4	512	224	0	10615
10747	2	10692657554700	none	10616	362024e4	512	224	0	10616
10748	3	10692674761740	none	10617	362024e4	512	224	0	10617
10749	4	10692688077990	none	10618	362024e4	512	224	0	10618
10750	5	10692705254460	none	10619	362024e4	512	224	0	10619
10751	6	10692722473710	none	10620	362024e4	512	224	0	10620
10752	7	10692739698000	none	10621	362024e4	512	224	0	10621
10753	0	10692756975300	none	10622	362024e4	512	224	0	10622
10754	1	10692774210270	none	10623	362024e4	512	224	0	10623
10755	2	10692787383430	none	10624	362024e4	512	224	0	10624
10756	3	10692804608770	none	10625	362024e4	512	224	0	10625
10757	4	10692821806160	none	10626	362024e4	512	224	0	10626
10758	5	10692839006230	none	10627	362024e4	512	224	0	10627
10759	6	10692856204930	none	10628	362024e4	512	224	0	10628
10760	7	10692873401730	none	10629	362024e4	512	224	0	10629
10761	0	10692890615570	none	10630	362024e4	512	224	0	10630
10762	1	10692903781450	none	10631	362024e4	512	224	0	10631
10763	2	10692921161710	none	10632	362024e4	512	224	0	10632
10764	3	10692938329440	none	10633	362024e4	512	224	0	10633
10765	4	10692955642430	none	10634	362024e4	512	224	0	10634
10766	5	10692972972350	none	10635	362024e4	512	224	0	10635
10767	6	10692990157250	none	10636	362024e4	512	224	0	10636
10768	7	10693007344590	none	10637	362024e4	512	224	0	10637
10769	0	10693020533270	none	10638	362024e4	512	224	0	10638
10770	1	10693037832670	none	10639	362024e4	512	224	0	10639
10771	2	10693055244660	none	10640	362024e4	512	224	0	10640
10772	3	10693072449290	none	10641	362024e4	512	224	0	10641
10773	4	10693089662310	none	10642	362024e4	512	224	0	10642
10774	5	10693107010110	none	10643	362024e4	512	224	0	10643
10775	6	10693120164900	none	10644	362024e4	512	224	0	10644
10776	7	10693137344460	none	10645	362024e4	512	224	0	10645
10777	0	10693154547660	none	10646	362024e4	512	224	0	10646
10778	1	10693171763830	none	10647	362024e4	512	224	0	10647
10779	2	10693188965760	none	10648	362024e4	512	224	0	10648
10780	3	10693206153650	none	10649	362024e4	512	224	0	10649
10781	4	10693223345180	none	10650	362024e4	512	224	0	10650
10782	5	10693236537910	none	10651	362024e4	512	224	0	10651
10783	6	10693253751290	none	10652	362024e4	512	224	0	10652
10784	7	10693270952510	none	10653	362024e4	512	224	0	10653
10785	0	10693288119230	none	10654	362024e4	512	224	0	10654
10786	1	10693305329330	none	10655	362024e4	512	224	0	10655
10787	2	10693322590640	none	10656	362024e4	512	224	0	10656
10788	3	10693339798370	none	10657	362024e4	512	224	0	10657
10789	4	10693357000410	none	10658	362024e4	512	224	0	10658
10790	5	10693370287150	none	10659	362024e4	512	224	0	10659
10791	6	10693387519580	none	10660	362024e4	512	224	0	10660
10792	7	10693404803160	none	10661	362024e4	512	224	0	10661
10793	0	10693422034940	none	10662	362024e4	512	224	0	10662
10794	1	10693439204130	none	10663	362024e4	512	224	0	10663
10795	2	10693456404690	none	10664	362024e4	512	224	0	10664
10796	3	10693469613170	none	10665	362024e4	512	224	0	10665
10797	4	10693486812380	none	10666	362024e4	512	224	0	10666
10798	5	10693504178920	none	10667	362024e4	512	224	0	10667
10799	6	10693521395890	none	10668	362024e4	512	224	0	10668
10800	7	10693538614360	none	10669	362024e4	512	224	0	10669
10801	0	10693555832550	none	10670	362024e4	512	224	0	10670
10802	1	10693573220880	none	10671	362024e4	512	224	0	10671
10803	2	10693586388380	none	10672	362024e4	512	224	0	10672
10804	3	10693603753860	none	10673	362024e4	512	224	0	10673
10805	4	10693620980240	none	10674	362024e4	512	224	0	10674
10806	5	10693638158690	none	10675	362024e4	512	224	0	10675
10807	6	10693655349480	none	10676	362024e4	512	224	0	10676
10808	7	10693672562280	none	10677	362024e4	512	224	0	10677
10809	0	10693689789930	none	10678	362024e4	512	224	0	10678
10810	1	10693702959440	none	10679	362024e4	512	224	0	10679
10811	2	10693720153850	none	10680	362024e4	512	224	0	10680
10812	3	10693737331760	none	10681	362024e4	512	224	0	10681
10813	4	10693754558200	none	10682	362024e4	512	224	0	10682
10814	5	10693771762450	none	10683	362024e4	512	224	0	10683
10815	6	10693789103080	none	10684	362024e4	512	224	0	10684
10816	7	10693802339890	none	10685	362024e4	512	224	0	10685
10817	0	10693819568690	none	10686	362024e4	512	224	0	10686
10818	1	10693836980040	none	10687	362024e4	512	224	0	10687
10819	2	10693854185260	none	10688	362024e4	512	224	0	10688
10820	3	10693871373540	none	10689	362024e4	512	224	0	10689
10821	4	10693888601090	none	10690	362024e4	512	224	0	10690
10822	5	10693905816740	none	10691	362024e4	512	224	0	10691
10823	6	10693919142810	none	10692	362024e4	512	224	0	10692
10824	7	10693936326600	none	10693	362024e4	512	224	0	10693
10825	0	10693953582210	none	10694	362024e4	512	224	0	10694
10826	1	10693970781870	none	10695	362024e4	512	224	0	10695
10827	2	10693988096740	none	10696	362024e4	512	224	0	10696
10828	3	10694005291360	none	10697	362024e4	512	224	0	10697
10829	4	10694018618630	none	10698	362024e4	512	224	0	10698
10830	5	10694035878450	none	10699	362024e4	512	224	0	10699
10831	6	10694053150840	none	10700	362024e4	512	224	0	10700
10832	7	10694070344420	none	10701	362024e4	512	224	0	10701
10833	0	10694087558960	none	10702	362024e4	512	224	0	10702
10834	1	10694104785300	none	10703	362024e4	512	224	0	10703
10835	2	10694122185550	none	10704	362024e4	512	224	0	10704
10836	3	10694135357270	none	10705	362024e4	512	224	0	10705
10837	4	10694152694590	none	10706	362024e4	512	224	0	10706
10838	5	10694169969040	none	10707	362024e4	512	224	0	10707
10839	6	10694187173320	none	10708	362024e4	512	224	0	10708
10840	7	10694204413530	none	10709	362024e4	512	224	0	10709
10841	0	10694221627930	none	10710	362024e4	512	224	0	10710
10842	1	10694238838510	none	10711	362024e4	512	224	0	10711
10843	2	10694252015750	none	10712	362024e4	512	224	0	10712
10844	3	10694269199620	none	10713	362024e4	512	224	0	10713
10845	4	10694286411140	none	10714	362024e4	512	224	0	10714
10846	5	10694303661490	none	10715	362024e4	512	224	0	10715
10847	6	10694320860960	none	10716	362024e4	512	224	0	10716
10848	7	10694338063150	none	10717	362024e4	512	224	0	10717
10849	0	10694355249220	none	10718	362024e4	512	224	0	10718
10850	1	10694368501510	none	10719	362024e4	512	224	0	10719
10851	2	10694385726050	none	10720	362024e4	512	224	0	10720
10852	3	10694403022090	none	10721	362024e4	512	224	0	10721
10853	4	10694420216770	none	10722	362024e4	512	224	0	10722
10854	5	10694437428640	none	10723	362024e4	512	224	0	10723
10855	6	10694454658690	none	10724	362024e4	512	224	0	10724
10856	7	10694467899200	none	10725	362024e4	512	224	0	10725
10857	0	10694485077630	none	10726	362024e4	512	224	0	10726
10858	1	10694502261300	none	10727	362024e4	512	224	0	10727
10859	2	10694519536010	none	10728	362024e4	512	224	0	10728
10860	3	10694536734810	none	10729	362024e4	512	224	0	10729
10861	4	10694553958820	none	10730	362024e4	512	224	0	10730
10862	5	10694571265670	none	10731	362024e4	512	224	0	10731
10863	6	10694584439370	none	10732	362024e4	512	224	0	10732
10864	7	10694601751130	none	10733	362024e4	512	224	0	10733
10865	0	10694618976720	none	10734	362024e4	512	224	0	10734
10866	1	10694636202170	none	10735	362024e4	512	224	0	10735
10867	2	10694653524280	none	10736	362024e4	512	224	0	10736
10868	3	10694670751950	none	10737	362024e4	512	224	0	10737
10869	4	10694687965420	none	10738	362024e4	512	224	0	10738
10870	5	10694701108260	none	10739	362024e4	512	224	0	10739
10871	6	10694718273580	none	10740	362024e4	512	224	0	10740
10872	7	10694735494120	none	10741	362024e4	512	224	0	10741
10873	0	10694752710000	none	10742	362024e4	512	224	0	10742
10874	1	10694769910950	none	10743	362024e4	512	224	0	10743
10875	2	10694787108710	none	10744	362024e4	512	224	0	10744
10876	3	10694804387340	none	10745	362024e4	512	224	0	10745
10877	4	10694817566400	none	10746	362024e4	512	224	0	10746
10878	5	10694834756250	none	10747	362024e4	512	224	0	10747
10879	6	10694852015520	none	10748	362024e4	512	224	0	10748
10880	7	10694869225130	none	10749	362024e4	512	224	0	10749
10881	0	10694886442680	none	10750	362024e4	512	224	0	10750
10882	1	10694903675820	none	10751	362024e4	512	224	0	10751
10883	2	10694921053630	none	10752	362024e4	512	224	0	10752
10884	3	10694934196030	none	10753	362024e4	512	224	0	10753
10885	4	10694951403520	none	10754	362024e4	512	224	0	10754
10886	5	10694968626530	none	10755	362024e4	512	224	0	10755
10887	6	10694985827320	none	10756	362024e4	512	224	0	10756
10888	7	10695003046050	none	10757	362024e4	512	224	0	10757
10889	0	10695020459960	none	10758	362024e4	512	224	0	10758
10890	1	10695033681930	none	10759	362024e4	512	224	0	10759
10891	2	10695050976210	none	10760	362024e4	512	224	0	10760
10892	3	10695068185900	none	10761	362024e4	512	224	0	10761
10893	4	10695085377590	none	10762	362024e4	512	224	0	10762
10894	5	10695102600630	none	10763	362024e4	512	224	0	10763
10895	6	10695119890870	none	10764	362024e4	512	224	0	10764
10896	7	10695137085080	none	10765	362024e4	512	224	0	10765
10897	0	10695150281370	none	10766	362024e4	512	224	0	10766
10898	1	10695167512520	none	10767	362024e4	512	224	0	10767
10899	2	10695184719660	none	10768	362024e4	512	224	0	10768
10900	3	10695201937830	none	10769	362024e4	512	224	0	10769
10901	4	10695219284760	none	10770	362024e4	512	224	0	10770
10902	5	10695236525730	none	10771	362024e4	512	224	0	10771
10903	6	10695253843080	none	10772	362024e4	512	224	0	10772
10904	7	10695267059080	none	10773	362024e4	512	224	0	10773
10905	0	10695284239650	none	10774	362024e4	512	224	0	10774
10906	1	10695301444900	none	10775	362024e4	512	224	0	10775
10907	2	10695318653720	none	10776	362024e4	512	224	0	10776
10908	3	10695335850900	none	10777	362024e4	512	224	0	10777
10909	4	10695353070060	none	10778	362024e4	512	224	0	10778
10910	5	10695370328350	none	10779	362024e4	512	224	0	10779
10911	6	10695383523170	none	10780	362024e4	512	224	0	10780
10912	7	10695400727380	none	10781	362024e4	512	224	0	10781
10913	0	10695417926450	none	10782	362024e4	512	224	0	10782
10914	1	10695435190050	none	10783	362024e4	512	224	0	10783
10915	2	10695452463570	none	10784	362024e4	512	224	0	10784
10916	3	10695469757150	none	10785	362024e4	512	224	0	10785
10917	4	10695482939590	none	10786	362024e4	512	224	0	10786
10918	5	10695500131890	none	10787	362024e4	512	224	0	10787
10919	6	10695517338350	none	10788	362024e4	512	224	0	10788
10920	7	10695534545420	none	10789	362024e4	512	224	0	10789
10921	0	10695551738430	none	10790	362024e4	512	224	0	10790
10922	1	10695569024200	none	10791	362024e4	512	224	0	10791
10923	2	10695586225450	none	10792	362024e4	512	224	0	10792
10924	3	10695599417960	none	10793	362024e4	512	224	0	10793
10925	4	10695616643050	none	10794	362024e4	512	224	0	10794
10926	5	10695633871900	none	10795	362024e4	512	224	0	10795
10927	6	10695651047680	none	10796	362024e4	512	224	0	10796
10928	7	10695668403710	none	10797	362024e4	512	224	0	10797
10929	0	10695685613990	none	10798	362024e4	512	224	0	10798
10930	1	10695702842370	none	10799	362024e4	512	224	0	10799
10931	2	10695716053490	none	10800	362024e4	512	224	0	10800
10932	3	10695733234200	none	10801	362024e4	512	224	0	10801
10933	4	10695750452300	none	10802	362024e4	512	224	0	10802
10934	5	10695767669450	none	10803	362024e4	512	224	0	10803
10935	6	10695784890160	none	10804	362024e4	512	224	0	10804
10936	7	10695802089010	none	10805	362024e4	512	224	0	10805
10937	0	10695819280340	none	10806	362024e4	512	224	0	10806
10938	1	10695832468850	none	10807	362024e4	512	224	0	10807
10939	2	10695849673650	none	10808	362024e4	512	224	0	10808
10940	3	10695866903880	none	10809	362024e4	512	224	0	10809
10941	4	10695884091290	none	10810	362024e4	512	224	0	10810
10942	5	10695901314170	none	10811	362024e4	512	224	0	10811
10943	6	10695918540610	none	10812	362024e4	512	224	0	10812
10944	7	10695935743990	none	10813	362024e4	512	224	0	10813
10945	0	10695949046740	none	10814	362024e4	512	224	0	10814
10946	1	10695966334860	none	10815	362024e4	512	224	0	10815
10947	2	10695983677200	none	10816	362024e4	512	224	0	10816
10948	3	10696000898920	none	10817	362024e4	512	224	0	10817
10949	4	10696018122300	none	10818	362024e4	512	224	0	10818
10950	5	10696035333330	none	10819	362024e4	512	224	0	10819
10951	6	10696052558300	none	10820	362024e4	512	224	0	10820
10952	7	10696065722320	none	10821	362024e4	512	224	0	10821
10953	0	10696083070420	none	10822	362024e4	512	224	0	10822
10954	1	10696100266160	none	10823	362024e4	512	224	0	10823
10955	2	10696117621320	none	10824	362024e4	512	224	0	10824
10956	3	10696134961850	none	10825	362024e4	512	224	0	10825
10957	4	10696152138110	none	10826	362024e4	512	224	0	10826
10958	5	10696165299400	none	10827	362024e4	512	224	0	10827
10959	6	10696182523510	none	10828	362024e4	512	224	0	10828
10960	7	10696199732050	none	10829	362024e4	512	224	0	10829
10961	0	10696216938130	none	10830	362024e4	512	224	0	10830
10962	1	10696234147800	none	10831	362024e4	512	224	0	10831
10963	2	10696251369800	none	10832	362024e4	512	224	0	10832
10964	3	10696268601660	none	10833	362024e4	512	224	0	10833
10965	4	10696281774240	none	10834	362024e4	512	224	0	10834
10966	5	10696298952360	none	10835	362024e4	512	224	0	10835
10967	6	10696316293530	none	10836	362024e4	512	224	0	10836
10968	7	10696333541740	none	10837	362024e4	512	224	0	10837
10969	0	10696351192510	none	10838	362024e4	512	224	0	10838
10970	1	10696368547730	none	10839	362024e4	512	224	0	10839
10971	2	10696381730240	none	10840	362024e4	512	224	0	10840
10972	3	10696398929800	none	10841	362024e4	512	224	0	10841
10973	4	10696416254500	none	10842	362024e4	512	224	0	10842
10974	5	10696433487440	none	10843	362024e4	512	224	0	10843
10975	6	10696450707990	none	10844	362024e4	512	224	0	10844
10976	7	10696468007850	none	10845	362024e4	512	224	0	10845
10977	0	10696481155420	none	10846	362024e4	512	224	0	10846
10978	1	10696498380940	none	10847	362024e4	512	224	0	10847
10979	2	10696515666280	none	10848	362024e4	512	224	0	10848
10980	3	10696532912550	none	10849	362024e4	512	224	0	10849
10981	4	10696550107930	none	10850	362024e4	512	224	0	10850
10982	5	10696567326740	none	10851	362024e4	512	224	0	10851
10983	6	10696584561380	none	10852	362024e4	512	224	0	10852
10984	7	10696597718060	none	10853	362024e4	512	224	0	10853
10985	0	10696614948730	none	10854	362024e4	512	224	0	10854
10986	1	10696632139710	none	10855	362024e4	512	224	0	10855
10987	2	10696649346690	none	10856	362024e4	512	224	0	10856
10988	3	10696666567100	none	10857	362024e4	512	224	0	10857
10989	4	10696683784540	none	10858	362024e4	512	224	0	10858
10990	5	10696701115490	none	10859	362024e4	512	224	0	10859
10991	6	10696714268620	none	10860	362024e4	512	224	0	10860
10992	7	10696731484150	none	10861	362024e4	512	224	0	10861
10993	0	10696748685300	none	10862	362024e4	512	224	0	10862
10994	1	10696765993040	none	10863	362024e4	512	224	0	10863
10995	2	10696783181110	none	10864	362024e4	512	224	0	10864
10996	3	10696800386390	none	10865	362024e4	512	224	0	10865
10997	4	10696817600080	none	10866	362024e4	512	224	0	10866
10998	5	10696830765860	none	10867	362024e4	512	224	0	10867
10999	6	10696847975030	none	10868	362024e4	512	224	0	10868
11000	7	10696865296740	none	10869	362024e4	512	224	0	10869
11001	0	10696882532000	none	10870	362024e4	512	224	0	10870
11002	1	10696899750490	none	10871	362024e4	512	224	0	10871
11003	2	10696917044630	none	10872	362024e4	512	224	0	10872
11004	3	10696934234540	none	10873	362024e4	512	224	0	10873
11005	4	10696947423730	none	10874	362024e4	512	224	0	10874
11006	5	10696964635510	none	10875	362024e4	512	224	0	10875
11007	6	10696981953440	none	10876	362024e4	512	224	0	10876
11008	7	10696999116420	none	10877	362024e4	512	224	0	10877
11009	0	10697016311980	none	10878	362024e4	512	224	0	10878
11010	1	10697033708400	none	10879	362024e4	512	224	0	10879
11011	2	10697050914160	none	10880	362024e4	512	224	0	10880
11012	3	10697064060510	none	10881	362024e4	512	224	0	10881
11013	4	10697081235600	none	10882	362024e4	512	224	0	10882
11014	5	10697098460970	none	10883	362024e4	512	224	0	10883
11015	6	10697115669920	none	10884	362024e4	512	224	0	10884
11016	7	10697132874990	none	10885	362024e4	512	224	0	10885
11017	0	10697150121510	none	10886	362024e4	512	224	0	10886
11018	1	10697167331100	none	10887	362024e4	512	224	0	10887
11019	2	10697180619770	none	10888	362024e4	512	224	0	10888
11020	3	10697197908200	none	10889	362024e4	512	224	0	10889
11021	4	10697215099700	none	10890	362024e4	512	224	0	10890
11022	5	10697232297150	none	10891	362024e4	512	224	0	10891
11023	6	10697249514280	none	10892	362024e4	512	224	0	10892
11024	7	10697266723050	none	10893	362024e4	512	224	0	10893
11025	0	10697279908280	none	10894	362024e4	512	224	0	10894
11026	1	10697297122820	none	10895	362024e4	512	224	0	10895
11027	2	10697314478490	none	10896	362024e4	512	224	0	10896
11028	3	10697331686780	none	10897	362024e4	512	224	0	10897
11029	4	10697349039250	none	10898	362024e4	512	224	0	10898
11030	5	10697366238150	none	10899	362024e4	512	224	0	10899
11031	6	10697383556700	none	10900	362024e4	512	224	0	10900
11032	7	10697396726970	none	10901	362024e4	512	224	0	10901
11033	0	10697414019800	none	10902	362024e4	512	224	0	10902
11034	1	10697431199580	none	10903	362024e4	512	224	0	10903
11035	2	10697448431260	none	10904	362024e4	512	224	0	10904
11036	3	10697465658840	none	10905	362024e4	512	224	0	10905
11037	4	10697482858100	none	10906	362024e4	512	224	0	10906
11038	5	10697500039900	none	10907	362024e4	512	224	0	10907
11039	6	10697513185950	none	10908	362024e4	512	224	0	10908
11040	7	10697530411880	none	10909	362024e4	512	224	0	10909
11041	0	10697547658370	none	10910	362024e4	512	224	0	10910
11042	1	10697565017580	none	10911	362024e4	512	224	0	10911
11043	2	10697582212890	none	10912	362024e4	512	224	0	10912
11044	3	10697599448560	none	10913	362024e4	512	224	0	10913
11045	4	10697612689230	none	10914	362024e4	512	224	0	10914
11046	5	10697629904560	none	10915	362024e4	512	224	0	10915
11047	6	10697647088960	none	10916	362024e4	512	224	0	10916
11048	7	10697664280210	none	10917	362024e4	512	224	0	10917
11049	0	10697681518590	none	10918	362024e4	512	224	0	10918
11050	1	10697698716090	none	10919	362024e4	512	224	0	10919
11051	2	10697715928510	none	10920	362024e4	512	224	0	10920
11052	3	10697733130490	none	10921	362024e4	512	224	0	10921
11053	4	10697746321260	none	10922	362024e4	512	224	0	10922
11054	5	10697763539260	none	10923	362024e4	512	224	0	10923
11055	6	10697780759010	none	10924	362024e4	512	224	0	10924
11056	7	10697798110150	none	10925	362024e4	512	224	0	10925
11057	0	10697815289530	none	10926	362024e4	512	224	0	10926
11058	1	10697832692750	none	10927	362024e4	512	224	0	10927
11059	2	10697845924580	none	10928	362024e4	512	224	0	10928
11060	3	10697863113320	none	10929	362024e4	512	224	0	10929
11061	4	10697880307320	none	10930	362024e4	512	224	0	10930
11062	5	10697897535190	none	10931	362024e4	512	224	0	10931
11063	6	10697914751970	none	10932	362024e4	512	224	0	10932
11064	7	10697931974880	none	10933	362024e4	512	224	0	10933
11065	0	10697949173450	none	10934	362024e4	512	224	0	10934
11066	1	10697962351550	none	10935	362024e4	512	224	0	10935
11067	2	10697979578190	none	10936	362024e4	512	224	0	10936
11068	3	10697996783600	none	10937	362024e4	512	224	0	10937
11069	4	10698014141710	none	10938	362024e4	512	224	0	10938
11070	5	10698031356010	none	10939	362024e4	512	224	0	10939
11071	6	10698048583290	none	10940	362024e4	512	224	0	10940
11072	7	10698065765660	none	10941	362024e4	512	224	0	10941
11073	0	10698079037000	none	10942	362024e4	512	224	0	10942
11074	1	10698096367570	none	10943	362024e4	512	224	0	10943
11075	2	10698113614120	none	10944	362024e4	512	224	0	10944
11076	3	10698130830310	none	10945	362024e4	512	224	0	10945
11077	4	10698147999160	none	10946	362024e4	512	224	0	10946
11078	5	10698165181490	none	10947	362024e4	512	224	0	10947
11079	6	10698178377200	none	10948	362024e4	512	224	0	10948
11080	7	10698195590230	none	10949	362024e4	512	224	0	10949
11081	0	10698212793540	none	10950	362024e4	512	224	0	10950
11082	1	10698230006640	none	10951	362024e4	512	224	0	10951
11083	2	10698247190200	none	10952	362024e4	512	224	0	10952
11084	3	10698264404720	none	10953	362024e4	512	224	0	10953
11085	4	10698281711220	none	10954	362024e4	512	224	0	10954
11086	5	10698294989280	none	10955	362024e4	512	224	0	10955
11087	6	10698312191500	none	10956	362024e4	512	224	0	10956
11088	7	10698329417390	none	10957	362024e4	512	224	0	10957
11089	0	10698346627710	none	10958	362024e4	512	224	0	10958
11090	1	10698363874110	none	10959	362024e4	512	224	0	10959
11091	2	10698381224180	none	10960	362024e4	512	224	0	10960
11092	3	10698398466680	none	10961	362024e4	512	224	0	10961
11093	4	10698411644080	none	10962	362024e4	512	224	0	10962
11094	5	10698428958470	none	10963	362024e4	512	224	0	10963
11095	6	10698446115560	none	10964	362024e4	512	224	0	10964
11096	7	10698463310370	none	10965	362024e4	512	224	0	10965
11097	0	10698480637300	none	10966	362024e4	512	224	0	10966
11098	1	10698497952810	none	10967	362024e4	512	224	0	10967
11099	2	10698515149050	none	10968	362024e4	512	224	0	10968
11100	3	10698528312990	none	10969	362024e4	512	224	0	10969
11101	4	10698545555390	none	10970	362024e4	512	224	0	10970
11102	5	10698562775650	none	10971	362024e4	512	224	0	10971
11103	6	10698580137630	none	10972	362024e4	512	224	0	10972
11104	7	10698597369270	none	10973	362024e4	512	224	0	10973
11105	0	10698614583110	none	10974	362024e4	512	224	0	10974
11106	1	10698627777600	none	10975	362024e4	512	224	0	10975
11107	2	10698644979730	none	10976	362024e4	512	224	0	10976
11108	3	10698662189770	none	10977	362024e4	512	224	0	10977
11109	4	10698679424370	none	10978	362024e4	512	224	0	10978
11110	5	10698696643390	none	10979	362024e4	512	224	0	10979
11111	6	10698713900490	none	10980	362024e4	512	224	0	10980
11112	7	10698731108280	none	10981	362024e4	512	224	0	10981
11113	0	10698744276780	none	10982	362024e4	512	224	0	10982
11114	1	10698761500490	none	10983	362024e4	512	224	0	10983
11115	2	10698778713610	none	10984	362024e4	512	224	0	10984
11116	3	10698796063360	none	10985	362024e4	512	224	0	10985
11117	4	10698813279340	none	10986	362024e4	512	224	0	10986
11118	5	10698830602860	none	10987	362024e4	512	224	0	10987
11119	6	10698847818480	none	10988	362024e4	512	224	0	10988
11120	7	10698861070900	none	10989	362024e4	512	224	0	10989
11121	0	10698878251010	none	10990	362024e4	512	224	0	10990
11122	1	10698895509960	none	10991	362024e4	512	224	0	10991
11123	2	10698912714710	none	10992	362024e4	512	224	0	10992
11124	3	10698929995770	none	10993	362024e4	512	224	0	10993
11125	4	10698947193140	none	10994	362024e4	512	224	0	10994
11126	5	10698964403630	none	10995	362024e4	512	224	0	10995
11127	6	10698977585130	none	10996	362024e4	512	224	0	10996
11128	7	10698994805580	none	10997	362024e4	512	224	0	10997
11129	0	10699012002320	none	10998	362024e4	512	224	0	10998
11130	1	10699029355200	none	10999	362024e4	512	224	0	10999
11131	2	10699046571710	none	11000	362024e4	512	224	0	11000
11132	3	10699063778660	none	11001	362024e4	512	224	0	11001
11133	4	10699076975650	none	11002	362024e4	512	224	0	11002
11134	5	10699094124450	none	11003	362024e4	512	224	0	11003
11135	6	10699111336670	none	11004	362024e4	512	224	0	11004
11136	7	10699128606430	none	11005	362024e4	512	224	0	11005
11137	0	10699145803480	none	11006	362024e4	512	224	0	11006
11138	1	10699163015120	none	11007	362024e4	512	224	0	11007
11139	2	10699180221860	none	11008	362024e4	512	224	0	11008
11140	3	10699193408360	none	11009	362024e4	512	224	0	11009
11141	4	10699210615400	none	11010	362024e4	512	224	0	11010
11142	5	10699227906720	none	11011	362024e4	512	224	0	11011
11143	6	10699245169580	none	11012	362024e4	512	224	0	11012
11144	7	10699262391670	none	11013	362024e4	512	224	0	11013
11145	0	10699279631800	none	11014	362024e4	512	224	0	11014
11146	1	10699296853170	none	11015	362024e4	512	224	0	11015
11147	2	10699310114650	none	11016	362024e4	512	224	0	11016
11148	3	10699327321370	none	11017	362024e4	512	224	0	11017
11149	4	10699344537900	none	11018	362024e4	512	224	0	11018
11150	5	10699361739670	none	11019	362024e4	512	224	0	11019
11151	6	10699379033320	none	11020	362024e4	512	224	0	11020
11152	7	10699396216710	none	11021	362024e4	512	224	0	11021
11153	0	10699413448480	none	11022	362024e4	512	224	0	11022
11154	1	10699426633790	none	11023	362024e4	512	224	0	11023
11155	2	10699443907810	none	11024	362024e4	512	224	0	11024
11156	3	10699461068360	none	11025	362024e4	512	224	0	11025
11157	4	10699478404550	none	11026	362024e4	512	224	0	11026
11158	5	10699495624520	none	11027	362024e4	512	224	0	11027
11159	6	10699512850780	none	11028	362024e4	512	224	0	11028
11160	7	10699530058380	none	11029	362024e4	512	224	0	11029
11161	0	10699543212050	none	11030	362024e4	512	224	0	11030
11162	1	10699560450480	none	11031	362024e4	512	224	0	11031
11163	2	10699577671030	none	11032	362024e4	512	224	0	11032
11164	3	10699594930390	none	11033	362024e4	512	224	0	11033
11165	4	10699612115860	none	11034	362024e4	512	224	0	11034
11166	5	10699629347320	none	11035	362024e4	512	224	0	11035
11167	6	10699642629010	none	11036	362024e4	512	224	0	11036
11168	7	10699659928220	none	11037	362024e4	512	224	0	11037
11169	0	10699677261770	none	11038	362024e4	512	224	0	11038
11170	1	10699694508410	none	11039	362024e4	512	224	0	11039
11171	2	10699711725030	none	11040	362024e4	512	224	0	11040
11172	3	10699729006500	none	11041	362024e4	512	224	0	11041
11173	4	10699746204070	none	11042	362024e4	512	224	0	11042
11174	5	10699759388180	none	11043	362024e4	512	224	0	11043
11175	6	10699776618160	none	11044	362024e4	512	224	0	11044
11176	7	10699793803510	none	11045	362024e4	512	224	0	11045
11177	0	10699810984860	none	11046	362024e4	512	224	0	11046
11178	1	10699828204680	none	11047	362024e4	512	224	0	11047
11179	2	10699845442870	none	11048	362024e4	512	224	0	11048
11180	3	10699862647270	none	11049	362024e4	512	224	0	11049
11181	4	10699875827460	none	11050	362024e4	512	224	0	11050
11182	5	10699893123420	none	11051	362024e4	512	224	0	11051
11183	6	10699910358960	none	11052	362024e4	512	224	0	11052
11184	7	10699927666520	none	11053	362024e4	512	224	0	11053
11185	0	10699944964450	none	11054	362024e4	512	224	0	11054
11186	1	10699962164560	none	11055	362024e4	512	224	0	11055
11187	2	10699979388600	none	11056	362024e4	512	224	0	11056
11188	3	10699992660630	none	11057	362024e4	512	224	0	11057
11189	4	10700009892580	none	11058	362024e4	512	224	0	11058
11190	5	10700027076110	none	11059	362024e4	512	224	0	11059
11191	6	10700044271510	none	11060	362024e4	512	224	0	11060
11192	7	10700061497220	none	11061	362024e4	512	224	0	11061
11193	0	10700078708180	none	11062	362024e4	512	224	0	11062
11194	1	10700091889230	none	11063	362024e4	512	224	0	11063
11195	2	10700109140520	none	11064	362024e4	512	224	0	11064
11196	3	10700126517890	none	11065	362024e4	512	224	0	11065
11197	4	10700143736420	none	11066	362024e4	512	224	0	11066
11198	5	10700160955470	none	11067	362024e4	512	224	0	11067
11199	6	10700178157410	none	11068	362024e4	512	224	0	11068
11200	7	10700195405660	none	11069	362024e4	512	224	0	11069
11201	0	10700208586440	none	11070	362024e4	512	224	0	11070
11202	1	10700225869320	none	11071	362024e4	512	224	0	11071
11203	2	10700243046390	none	11072	362024e4	512	224	0	11072
11204	3	10700260254930	none	11073	362024e4	512	224	0	11073
11205	4	10700277482090	none	11074	362024e4	512	224	0	11074
11206	5	10700294674310	none	11075	362024e4	512	224	0	11075
11207	6	10700311872560	none	11076	362024e4	512	224	0	11076
11208	7	10700325027580	none	11077	362024e4	512	224	0	11077
11209	0	10700342313800	none	11078	362024e4	512	224	0	11078
11210	1	10700359539300	none	11079	362024e4	512	224	0	11079
11211	2	10700376759800	none	11080	362024e4	512	224	0	11080
11212	3	10700393969980	none	11081	362024e4	512	224	0	11081
11213	4	10700411150930	none	11082	362024e4	512	224	0	11082
11214	5	10700428361590	none	11083	362024e4	512	224	0	11083
11215	6	10700441644940	none	11084	362024e4	512	224	0	11084
11216	7	10700458944290	none	11085	362024e4	512	224	0	11085
11217	0	10700476169850	none	11086	362024e4	512	224	0	11086
11218	1	10700493433920	none	11087	362024e4	512	224	0	11087
11219	2	10700510641880	none	11088	362024e4	512	224	0	11088
11220	3	10700527856960	none	11089	362024e4	512	224	0	11089
11221	4	10700541144520	none	11090	362024e4	512	224	0	11090
11222	5	10700558347280	none	11091	362024e4	512	224	0	11091
11223	6	10700575715300	none	11092	362024e4	512	224	0	11092
11224	7	10700592995860	none	11093	362024e4	512	224	0	11093
11225	0	10700610181210	none	11094	362024e4	512	224	0	11094
11226	1	10700627396360	none	11095	362024e4	512	224	0	11095
11227	2	10700644616100	none	11096	362024e4	512	224	0	11096
11228	3	10700657776640	none	11097	362024e4	512	224	0	11097
11229	4	10700674962590	none	11098	362024e4	512	224	0	11098
11230	5	10700692256660	none	11099	362024e4	512	224	0	11099
11231	6	10700709501120	none	11100	362024e4	512	224	0	11100
11232	7	10700726715950	none	11101	362024e4	512	224	0	11101
11233	0	10700743928510	none	11102	362024e4	512	224	0	11102
11234	1	10700761154720	none	11103	362024e4	512	224	0	11103
11235	2	10700774448440	none	11104	362024e4	512	224	0	11104
11236	3	10700791668150	none	11105	362024e4	512	224	0	11105
11237	4	10700808990140	none	11106	362024e4	512	224	0	11106
11238	5	10700826202400	none	11107	362024e4	512	224	0	11107
11239	6	10700843415590	none	11108	362024e4	512	224	0	11108
11240	7	10700860625840	none	11109	362024e4	512	224	0	11109
11241	0	10700877886060	none	11110	362024e4	512	224	0	11110
11242	1	10700891043510	none	11111	362024e4	512	224	0	11111
11243	2	10700908222730	none	11112	362024e4	512	224	0	11112
11244	3	10700925522110	none	11113	362024e4	512	224	0	11113
11245	4	10700942742590	none	11114	362024e4	512	224	0	11114
11246	5	10700960089320	none	11115	362024e4	512	224	0	11115
11247	6	10700977278700	none	11116	362024e4	512	224	0	11116
11248	7	10700990567610	none	11117	362024e4	512	224	0	11117
11249	0	10701007864150	none	11118	362024e4	512	224	0	11118
11250	1	10701025066100	none	11119	362024e4	512	224	0	11119
11251	2	10701042379450	none	11120	362024e4	512	224	0	11120
11252	3	10701059609060	none	11121	362024e4	512	224	0	11121
11253	4	10701076881420	none	11122	362024e4	512	224	0	11122
11254	5	10701094092500	none	11123	362024e4	512	224	0	11123
11255	6	10701107273750	none	11124	362024e4	512	224	0	11124
11256	7	10701124495240	none	11125	362024e4	512	224	0	11125
11257	0	10701141705110	none	11126	362024e4	512	224	0	11126
11258	1	10701159099130	none	11127	362024e4	512	224	0	11127
11259	2	10701176339000	none	11128	362024e4	512	224	0	11128
11260	3	10701193633330	none	11129	362024e4	512	224	0	11129
11261	4	10701206900340	none	11130	362024e4	512	224	0	11130
11262	5	10701224089130	none	11131	362024e4	512	224	0	11131
11263	6	10701241286470	none	11132	362024e4	512	224	0	11132
11264	7	10701258581330	none	11133	362024e4	512	224	0	11133
11265	0	10701275837660	none	11134	362024e4	512	224	0	11134
11266	1	10701293248830	none	11135	362024e4	512	224	0	11135
11267	2	10701310487040	none	11136	362024e4	512	224	0	11136
11268	3	10701323655870	none	11137	362024e4	512	224	0	11137
11269	4	10701340955000	none	11138	362024e4	512	224	0	11138
11270	5	10701358133380	none	11139	362024e4	512	224	0	11139
11271	6	10701375471730	none	11140	362024e4	512	224	0	11140
11272	7	10701392856870	none	11141	362024e4	512	224	0	11141
11273	0	10701410135230	none	11142	362024e4	512	224	0	11142
11274	1	10701423340770	none	11143	362024e4	512	224	0	11143
11275	2	10701440544070	none	11144	362024e4	512	224	0	11144
11276	3	10701457735990	none	11145	362024e4	512	224	0	11145
11277	4	10701474932700	none	11146	362024e4	512	224	0	11146
11278	5	10701492350680	none	11147	362024e4	512	224	0	11147
11279	6	10701509624430	none	11148	362024e4	512	224	0	11148
11280	7	10701526849060	none	11149	362024e4	512	224	0	11149
11281	0	10701540004110	none	11150	362024e4	512	224	0	11150
11282	1	10701557222090	none	11151	362024e4	512	224	0	11151
11283	2	10701574462630	none	11152	362024e4	512	224	0	11152
11284	3	10701591683830	none	11153	362024e4	512	224	0	11153
11285	4	10701608965560	none	11154	362024e4	512	224	0	11154
11286	5	10701626192600	none	11155	362024e4	512	224	0	11155
11287	6	10701639382780	none	11156	362024e4	512	224	0	11156
11288	7	10701656579780	none	11157	362024e4	512	224	0	11157
11289	0	10701673786950	none	11158	362024e4	512	224	0	11158
11290	1	10701690972050	none	11159	362024e4	512	224	0	11159
11291	2	10701708154560	none	11160	362024e4	512	224	0	11160
11292	3	10701725417910	none	11161	362024e4	512	224	0	11161
11293	4	10701742769640	none	11162	362024e4	512	224	0	11162
11294	5	10701755954130	none	11163	362024e4	512	224	0	11163
11295	6	10701773146970	none	11164	362024e4	512	224	0	11164
11296	7	10701790356430	none	11165	362024e4	512	224	0	11165
11297	0	10701807573700	none	11166	362024e4	512	224	0	11166
11298	1	10701824900510	none	11167	362024e4	512	224	0	11167
11299	2	10701842184450	none	11168	362024e4	512	224	0	11168
11300	3	10701859545880	none	11169	362024e4	512	224	0	11169
11301	4	10701872709830	none	11170	362024e4	512	224	0	11170
11302	5	10701889989830	none	11171	362024e4	512	224	0	11171
11303	6	10701907165720	none	11172	362024e4	512	224	0	11172
11304	7	10701924404420	none	11173	362024e4	512	224	0	11173
11305	0	10701941698820	none	11174	362024e4	512	224	0	11174
11306	1	10701958969250	none	11175	362024e4	512	224	0	11175
11307	2	10701972134170	none	11176	362024e4	512	224	0	11176
11308	3	10701989360800	none	11177	362024e4	512	224	0	11177
11309	4	10702006562470	none	11178	362024e4	512	224	0	11178
11310	5	10702023795090	none	11179	362024e4	512	224	0	11179
11311	6	10702041141310	none	11180	362024e4	512	224	0	11180
11312	7	10702058361190	none	11181	362024e4	512	224	0	11181
11313	0	10702075617700	none	11182	362024e4	512	224	0	11182
11314	1	10702088930700	none	11183	362024e4	512	224	0	11183
11315	2	10702106127650	none	11184	362024e4	512	224	0	11184
11316	3	10702123355150	none	11185	362024e4	512	224	0	11185
11317	4	10702140576250	none	11186	362024e4	512	224	0	11186
11318	5	10702157806780	none	11187	362024e4	512	224	0	11187
11319	6	10702175002190	none	11188	362024e4	512	224	0	11188
11320	7	10702192302940	none	11189	362024e4	512	224	0	11189
11321	0	10702205501230	none	11190	362024e4	512	224	0	11190
11322	1	10702222696070	none	11191	362024e4	512	224	0	11191
11323	2	10702239915740	none	11192	362024e4	512	224	0	11192
11324	3	10702257113400	none	11193	362024e4	512	224	0	11193
11325	4	10702274337280	none	11194	362024e4	512	224	0	11194
11326	5	10702291549260	none	11195	362024e4	512	224	0	11195
11327	6	10702308830720	none	11196	362024e4	512	224	0	11196
11328	7	10702322063020	none	11197	362024e4	512	224	0	11197
11329	0	10702339260730	none	11198	362024e4	512	224	0	11198
11330	1	10702356505600	none	11199	362024e4	512	224	0	11199
11331	2	10702373716630	none	11200	362024e4	512	224	0	11200
11332	3	10702390993650	none	11201	362024e4	512	224	0	11201
11333	4	10702408180830	none	11202	362024e4	512	224	0	11202
11334	5	10702421414530	none	11203	362024e4	512	224	0	11203
11335	6	10702438603590	none	11204	362024e4	512	224	0	11204
11336	7	10702455802110	none	11205	362024e4	512	224	0	11205
11337	0	10702472968900	none	11206	362024e4	512	224	0	11206
11338	1	10702490321100	none	11207	362024e4	512	224	0	11207
11339	2	10702507534000	none	11208	362024e4	512	224	0	11208
11340	3	10702524756470	none	11209	362024e4	512	224	0	11209
11341	4	10702538019690	none	11210	362024e4	512	224	0	11210
11342	5	10702555200240	none	11211	362024e4	512	224	0	11211
11343	6	10702572408940	none	11212	362024e4	512	224	0	11212
11344	7	10702589695800	none	11213	362024e4	512	224	0	11213
11345	0	10702606966880	none	11214	362024e4	512	224	0	11214
11346	1	10702624181420	none	11215	362024e4	512	224	0	11215
11347	2	10702641397280	none	11216	362024e4	512	224	0	11216
11348	3	10702654642850	none	11217	362024e4	512	224	0	11217
11349	4	10702671837090	none	11218	362024e4	512	224	0	11218
11350	5	10702689168820	none	11219	362024e4	512	224	0	11219
11351	6	10702706452350	none	11220	362024e4	512	224	0	11220
11352	7	10702723677790	none	11221	362024e4	512	224	0	11221
11353	0	10702740994850	none	11222	362024e4	512	224	0	11222
11354	1	10702758184330	none	11223	362024e4	512	224	0	11223
11355	2	10702771432290	none	11224	362024e4	512	224	0	11224
11356	3	10702788612210	none	11225	362024e4	512	224	0	11225
11357	4	10702805810070	none	11226	362024e4	512	224	0	11226
11358	5	10702822994240	none	11227	362024e4	512	224	0	11227
11359	6	10702840190180	none	11228	362024e4	512	224	0	11228
11360	7	10702857420950	none	11229	362024e4	512	224	0	11229
11361	0	10702874626000	none	11230	362024e4	512	224	0	11230
11362	1	10702888032900	none	11231	362024e4	512	224	0	11231
11363	2	10702905249720	none	11232	362024e4	512	224	0	11232
11364	3	10702922485540	none	11233	362024e4	512	224	0	11233
11365	4	10702939774990	none	11234	362024e4	512	224	0	11234
11366	5	10702956962840	none	11235	362024e4	512	224	0	11235
11367	6	10702974141210	none	11236	362024e4	512	224	0	11236
11368	7	10702987325400	none	11237	362024e4	512	224	0	11237
11369	0	10703004515970	none	11238	362024e4	512	224	0	11238
11370	1	10703021700980	none	11239	362024e4	512	224	0	11239
11371	2	10703038983610	none	11240	362024e4	512	224	0	11240
11372	3	10703056160130	none	11241	362024e4	512	224	0	11241
11373	4	10703073377540	none	11242	362024e4	512	224	0	11242
11374	5	10703090583020	none	11243	362024e4	512	224	0	11243
11375	6	10703103768010	none	11244	362024e4	512	224	0	11244
11376	7	10703120971170	none	11245	362024e4	512	224	0	11245
11377	0	10703138325120	none	11246	362024e4	512	224	0	11246
11378	1	10703155563020	none	11247	362024e4	512	224	0	11247
11379	2	10703172795520	none	11248	362024e4	512	224	0	11248
11380	3	10703189995310	none	11249	362024e4	512	224	0	11249
11381	4	10703207178580	none	11250	362024e4	512	224	0	11250
11382	5	10703220366840	none	11251	362024e4	512	224	0	11251
11383	6	10703237732730	none	11252	362024e4	512	224	0	11252
11384	7	10703254900410	none	11253	362024e4	512	224	0	11253
11385	0	10703272076780	none	11254	362024e4	512	224	0	11254
11386	1	10703289321230	none	11255	362024e4	512	224	0	11255
11387	2	10703306539460	none	11256	362024e4	512	224	0	11256
11388	3	10703323754630	none	11257	362024e4	512	224	0	11257
11389	4	10703336907910	none	11258	362024e4	512	224	0	11258
11390	5	10703354085600	none	11259	362024e4	512	224	0	11259
11391	6	10703371307930	none	11260	362024e4	512	224	0	11260
11392	7	10703388523310	none	11261	362024e4	512	224	0	11261
11393	0	10703405767690	none	11262	362024e4	512	224	0	11262
11394	1	10703423106980	none	11263	362024e4	512	224	0	11263
11395	2	10703440333940	none	11264	362024e4	512	224	0	11264
11396	3	10703453576900	none	11265	362024e4	512	224	0	11265
11397	4	10703470876410	none	11266	362024e4	512	224	0	11266
11398	5	10703488053580	none	11267	362024e4	512	224	0	11267
11399	6	10703505278820	none	11268	362024e4	512	224	0	11268
11400	7	10703522497390	none	11269	362024e4	512	224	0	11269
11401	0	10703539696590	none	11270	362024e4	512	224	0	11270
11402	1	10703552868970	none	11271	362024e4	512	224	0	11271
11403	2	10703570029580	none	11272	362024e4	512	224	0	11272
11404	3	10703587383330	none	11273	362024e4	512	224	0	11273
11405	4	10703604602140	none	11274	362024e4	512	224	0	11274
11406	5	10703621822390	none	11275	362024e4	512	224	0	11275
11407	6	10703639017050	none	11276	362024e4	512	224	0	11276
11408	7	10703656203400	none	11277	362024e4	512	224	0	11277
11409	0	10703669376050	none	11278	362024e4	512	224	0	11278
11410	1	10703686589500	none	11279	362024e4	512	224	0	11279
11411	2	10703703785030	none	11280	362024e4	512	224	0	11280
11412	3	10703720970830	none	11281	362024e4	512	224	0	11281
11413	4	10703738163330	none	11282	362024e4	512	224	0	11282
11414	5	10703755389300	none	11283	362024e4	512	224	0	11283
11415	6	10703772611200	none	11284	362024e4	512	224	0	11284
11416	7	10703785799280	none	11285	362024e4	512	224	0	11285
11417	0	10703802970640	none	11286	362024e4	512	224	0	11286
11418	1	10703820147960	none	11287	362024e4	512	224	0	11287
11419	2	10703837377740	none	11288	362024e4	512	224	0	11288
11420	3	10703854577850	none	11289	362024e4	512	224	0	11289
11421	4	10703871777200	none	11290	362024e4	512	224	0	11290
11422	5	10703888948010	none	11291	362024e4	512	224	0	11291
11423	6	10703906286720	none	11292	362024e4	512	224	0	11292
11424	7	10703919477430	none	11293	362024e4	512	224	0	11293
11425	0	10703936781550	none	11294	362024e4	512	224	0	11294
11426	1	10703954124450	none	11295	362024e4	512	224	0	11295
11427	2	10703971352880	none	11296	362024e4	512	224	0	11296
11428	3	10703988566280	none	11297	362024e4	512	224	0	11297
11429	4	10704005778020	none	11298	362024e4	512	224	0	11298
11430	5	10704018924710	none	11299	362024e4	512	224	0	11299
11431	6	10704036287860	none	11300	362024e4	512	224	0	11300
11432	7	10704053503110	none	11301	362024e4	512	224	0	11301
11433	0	10704070719240	none	11302	362024e4	512	224	0	11302
11434	1	10704087887620	none	11303	362024e4	512	224	0	11303
11435	2	10704105224270	none	11304	362024e4	512	224	0	11304
11436	3	10704122463470	none	11305	362024e4	512	224	0	11305
11437	4	10704135638100	none	11306	362024e4	512	224	0	11306
11438	5	10704152946500	none	11307	362024e4	512	224	0	11307
11439	6	10704170122090	none	11308	362024e4	512	224	0	11308
11440	7	10704187356590	none	11309	362024e4	512	224	0	11309
11441	0	10704204559360	none	11310	362024e4	512	224	0	11310
11442	1	10704221779680	none	11311	362024e4	512	224	0	11311
11443	2	10704238976370	none	11312	362024e4	512	224	0	11312
11444	3	10704252235170	none	11313	362024e4	512	224	0	11313
11445	4	10704269459520	none	11314	362024e4	512	224	0	11314
11446	5	10704286669930	none	11315	362024e4	512	224	0	11315
11447	6	10704303907280	none	11316	362024e4	512	224	0	11316
11448	7	10704321139850	none	11317	362024e4	512	224	0	11317
11449	0	10704338357330	none	11318	362024e4	512	224	0	11318
11450	1	10704351609350	none	11319	362024e4	512	224	0	11319
11451	2	10704368878870	none	11320	362024e4	512	224	0	11320
11452	3	10704386077690	none	11321	362024e4	512	224	0	11321
11453	4	10704403293790	none	11322	362024e4	512	224	0	11322
11454	5	10704420505630	none	11323	362024e4	512	224	0	11323
11455	6	10704437801690	none	11324	362024e4	512	224	0	11324
11456	7	10704455129580	none	11325	362024e4	512	224	0	11325
11457	0	10704468316390	none	11326	362024e4	512	224	0	11326
11458	1	10704485546620	none	11327	362024e4	512	224	0	11327
11459	2	10704502785040	none	11328	362024e4	512	224	0	11328
11460	3	10704520085970	none	11329	362024e4	512	224	0	11329
11461	4	10704537292520	none	11330	362024e4	512	224	0	11330
11462	5	10704554585610	none	11331	362024e4	512	224	0	11331
11463	6	10704571909430	none	11332	362024e4	512	224	0	11332
11464	7	10704585057260	none	11333	362024e4	512	224	0	11333
11465	0	10704602292010	none	11334	362024e4	512	224	0	11334
11466	1	10704619498310	none	11335	362024e4	512	224	0	11335
11467	2	10704636740610	none	11336	362024e4	512	224	0	11336
11468	3	10704653920830	none	11337	362024e4	512	224	0	11337
11469	4	10704671108330	none	11338	362024e4	512	224	0	11338
11470	5	10704688329570	none	11339	362024e4	512	224	0	11339
11471	6	10704701508220	none	11340	362024e4	512	224	0	11340
11472	7	10704718715490	none	11341	362024e4	512	224	0	11341
11473	0	10704735991340	none	11342	362024e4	512	224	0	11342
11474	1	10704753281230	none	11343	362024e4	512	224	0	11343
11475	2	10704770507900	none	11344	362024e4	512	224	0	11344
11476	3	10704787871070	none	11345	362024e4	512	224	0	11345
11477	4	10704801052670	none	11346	362024e4	512	224	0	11346
11478	5	10704818287410	none	11347	362024e4	512	224	0	11347
11479	6	10704835492910	none	11348	362024e4	512	224	0	11348
11480	7	10704852742140	none	11349	362024e4	512	224	0	11349
11481	0	10704869925260	none	11350	362024e4	512	224	0	11350
11482	1	10704887137650	none	11351	362024e4	512	224	0	11351
11483	2	10704904414170	none	11352	362024e4	512	224	0	11352
11484	3	10704917578980	none	11353	362024e4	512	224	0	11353
11485	4	10704934792960	none	11354	362024e4	512	224	0	11354
11486	5	10704951987850	none	11355	362024e4	512	224	0	11355
11487	6	10704969162450	none	11356	362024e4	512	224	0	11356
11488	7	10704986372630	none	11357	362024e4	512	224	0	11357
11489	0	10705003707030	none	11358	362024e4	512	224	0	11358
11490	1	10705021000180	none	11359	362024e4	512	224	0	11359
11491	2	10705034157290	none	11360	362024e4	512	224	0	11360
11492	3	10705051367330	none	11361	362024e4	512	224	0	11361
11493	4	10705068573630	none	11362	362024e4	512	224	0	11362
11494	5	10705085776870	none	11363	362024e4	512	224	0	11363
11495	6	10705103117710	none	11364	362024e4	512	224	0	11364
11496	7	10705120371580	none	11365	362024e4	512	224	0	11365
11497	0	10705137609490	none	11366	362024e4	512	224	0	11366
11498	1	10705150930670	none	11367	362024e4	512	224	0	11367
11499	2	10705168107610	none	11368	362024e4	512	224	0	11368
11500	3	10705185332260	none	11369	362024e4	512	224	0	11369
11501	4	10705202637860	none	11370	362024e4	512	224	0	11370
11502	5	10705219941450	none	11371	362024e4	512	224	0	11371
11503	6	10705237186700	none	11372	362024e4	512	224	0	11372
11504	7	10705250412540	none	11373	362024e4	512	224	0	11373
11505	0	10705267604870	none	11374	362024e4	512	224	0	11374
11506	1	10705284848520	none	11375	362024e4	512	224	0	11375
11507	2	10705302240590	none	11376	362024e4	512	224	0	11376
11508	3	10705319447080	none	11377	362024e4	512	224	0	11377
11509	4	10705336661580	none	11378	362024e4	512	224	0	11378
11510	5	10705349955090	none	11379	362024e4	512	224	0	11379
11511	6	10705367168520	none	11380	362024e4	512	224	0	11380
11512	7	10705384396120	none	11381	362024e4	512	224	0	11381
11513	0	10705401779080	none	11382	362024e4	512	224	0	11382
11514	1	10705418967680	none	11383	362024e4	512	224	0	11383
11515	2	10705436174810	none	11384	362024e4	512	224	0	11384
11516	3	10705453408130	none	11385	362024e4	512	224	0	11385
11517	4	10705466583780	none	11386	362024e4	512	224	0	11386
11518	5	10705483780840	none	11387	362024e4	512	224	0	11387
11519	6	10705500960800	none	11388	362024e4	512	224	0	11388
11520	7	10705518139690	none	11389	362024e4	512	224	0	11389
11521	0	10705535372500	none	11390	362024e4	512	224	0	11390
11522	1	10705552734730	none	11391	362024e4	512	224	0	11391
11523	2	10705569979300	none	11392	362024e4	512	224	0	11392
11524	3	10705583139980	none	11393	362024e4	512	224	0	11393
11525	4	10705600370590	none	11394	362024e4	512	224	0	11394
11526	5	10705617591180	none	11395	362024e4	512	224	0	11395
11527	6	10705634888150	none	11396	362024e4	512	224	0	11396
11528	7	10705652081260	none	11397	362024e4	512	224	0	11397
11529	0	10705669307820	none	11398	362024e4	512	224	0	11398
11530	1	10705686523660	none	11399	362024e4	512	224	0	11399
11531	2	10705699687070	none	11400	362024e4	512	224	0	11400
11532	3	10705716862330	none	11401	362024e4	512	224	0	11401
11533	4	10705734045280	none	11402	362024e4	512	224	0	11402
11534	5	10705751393090	none	11403	362024e4	512	224	0	11403
11535	6	10705768599640	none	11404	362024e4	512	224	0	11404
11536	7	10705785812200	none	11405	362024e4	512	224	0	11405
11537	0	10705803005800	none	11406	362024e4	512	224	0	11406
11538	1	10705816187680	none	11407	362024e4	512	224	0	11407
11539	2	10705833402190	none	11408	362024e4	512	224	0	11408
11540	3	10705850608030	none	11409	362024e4	512	224	0	11409
11541	4	10705867827180	none	11410	362024e4	512	224	0	11410
11542	5	10705885005930	none	11411	362024e4	512	224	0	11411
11543	6	10705902239090	none	11412	362024e4	512	224	0	11412
11544	7	10705919462300	none	11413	362024e4	512	224	0	11413
11545	0	10705932632380	none	11414	362024e4	512	224	0	11414
11546	1	10705949833990	none	11415	362024e4	512	224	0	11415
11547	2	10705967049560	none	11416	362024e4	512	224	0	11416
11548	3	10705984286550	none	11417	362024e4	512	224	0	11417
11549	4	10706001496750	none	11418	362024e4	512	224	0	11418
11550	5	10706018682430	none	11419	362024e4	512	224	0	11419
11551	6	10706035866940	none	11420	362024e4	512	224	0	11420
11552	7	10706048985850	none	11421	362024e4	512	224	0	11421
11553	0	10706066173460	none	11422	362024e4	512	224	0	11422
11554	1	10706083403210	none	11423	362024e4	512	224	0	11423
11555	2	10706100718660	none	11424	362024e4	512	224	0	11424
11556	3	10706117945940	none	11425	362024e4	512	224	0	11425
11557	4	10706135158790	none	11426	362024e4	512	224	0	11426
11558	5	10706152379020	none	11427	362024e4	512	224	0	11427
11559	6	10706165544290	none	11428	362024e4	512	224	0	11428
11560	7	10706182754130	none	11429	362024e4	512	224	0	11429
11561	0	10706199913060	none	11430	362024e4	512	224	0	11430
11562	1	10706217114240	none	11431	362024e4	512	224	0	11431
11563	2	10706234354100	none	11432	362024e4	512	224	0	11432
11564	3	10706251573960	none	11433	362024e4	512	224	0	11433
11565	4	10706268791820	none	11434	362024e4	512	224	0	11434
11566	5	10706282048070	none	11435	362024e4	512	224	0	11435
11567	6	10706299271130	none	11436	362024e4	512	224	0	11436
11568	7	10706316484170	none	11437	362024e4	512	224	0	11437
11569	0	10706333714680	none	11438	362024e4	512	224	0	11438
11570	1	10706351029080	none	11439	362024e4	512	224	0	11439
11571	2	10706368252040	none	11440	362024e4	512	224	0	11440
11572	3	10706385459280	none	11441	362024e4	512	224	0	11441
11573	4	10706398627540	none	11442	362024e4	512	224	0	11442
11574	5	10706415949750	none	11443	362024e4	512	224	0	11443
11575	6	10706433244250	none	11444	362024e4	512	224	0	11444
11576	7	10706450491290	none	11445	362024e4	512	224	0	11445
11577	0	10706467720460	none	11446	362024e4	512	224	0	11446
11578	1	10706485060390	none	11447	362024e4	512	224	0	11447
11579	2	10706498261990	none	11448	362024e4	512	224	0	11448
11580	3	10706515480860	none	11449	362024e4	512	224	0	11449
11581	4	10706532693340	none	11450	362024e4	512	224	0	11450
11582	5	10706549941050	none	11451	362024e4	512	224	0	11451
11583	6	10706567151360	none	11452	362024e4	512	224	0	11452
11584	7	10706584363950	none	11453	362024e4	512	224	0	11453
11585	0	10706601586670	none	11454	362024e4	512	224	0	11454
11586	1	10706614907530	none	11455	362024e4	512	224	0	11455
11587	2	10706632118580	none	11456	362024e4	512	224	0	11456
11588	3	10706649461080	none	11457	362024e4	512	224	0	11457
11589	4	10706666709090	none	11458	362024e4	512	224	0	11458
11590	5	10706683878370	none	11459	362024e4	512	224	0	11459
11591	6	10706701042070	none	11460	362024e4	512	224	0	11460
11592	7	10706714352690	none	11461	362024e4	512	224	0	11461
11593	0	10706731544540	none	11462	362024e4	512	224	0	11462
11594	1	10706748847190	none	11463	362024e4	512	224	0	11463
11595	2	10706766056970	none	11464	362024e4	512	224	0	11464
11596	3	10706783293150	none	11465	362024e4	512	224	0	11465
11597	4	10706800496550	none	11466	362024e4	512	224	0	11466
11598	5	10706817702950	none	11467	362024e4	512	224	0	11467
11599	6	10706830857460	none	11468	362024e4	512	224	0	11468
11600	7	10706848234290	none	11469	362024e4	512	224	0	11469
11601	0	10706865448550	none	11470	362024e4	512	224	0	11470
11602	1	10706882698350	none	11471	362024e4	512	224	0	11471
11603	2	10706899998210	none	11472	362024e4	512	224	0	11472
11604	3	10706917232110	none	11473	362024e4	512	224	0	11473
11605	4	10706934452970	none	11474	362024e4	512	224	0	11474
11606	5	10706947608810	none	11475	362024e4	512	224	0	11475
11607	6	10706964822220	none	11476	362024e4	512	224	0	11476
11608	7	10706982007730	none	11477	362024e4	512	224	0	11477
11609	0	10706999225940	none	11478	362024e4	512	224	0	11478
11610	1	10707016443720	none	11479	362024e4	512	224	0	11479
11611	2	10707033706470	none	11480	362024e4	512	224	0	11480
11612	3	10707050891860	none	11481	362024e4	512	224	0	11481
11613	4	10707064046810	none	11482	362024e4	512	224	0	11482
11614	5	10707081257740	none	11483	362024e4	512	224	0	11483
11615	6	10707098464390	none	11484	362024e4	512	224	0	11484
11616	7	10707115685390	none	11485	362024e4	512	224	0	11485
11617	0	10707133090380	none	11486	362024e4	512	224	0	11486
11618	1	10707150355190	none	11487	362024e4	512	224	0	11487
11619	2	10707163625950	none	11488	362024e4	512	224	0	11488
11620	3	10707180896430	none	11489	362024e4	512	224	0	11489
11621	4	10707198085150	none	11490	362024e4	512	224	0	11490
11622	5	10707215308950	none	11491	362024e4	512	224	0	11491
11623	6	10707232590550	none	11492	362024e4	512	224	0	11492
11624	7	10707249808260	none	11493	362024e4	512	224	0	11493
11625	0	10707267153040	none	11494	362024e4	512	224	0	11494
11626	1	10707280340030	none	11495	362024e4	512	224	0	11495
11627	2	10707297654330	none	11496	362024e4	512	224	0	11496
11628	3	10707314951190	none	11497	362024e4	512	224	0	11497
11629	4	10707332163490	none	11498	362024e4	512	224	0	11498
11630	5	10707349389900	none	11499	362024e4	512	224	0	11499
11631	6	10707366597990	none	11500	362024e4	512	224	0	11500
11632	7	10707383815540	none	11501	362024e4	512	224	0	11501
11633	0	10707396957780	none	11502	362024e4	512	224	0	11502
11634	1	10707414358380	none	11503	362024e4	512	224	0	11503
11635	2	10707431566960	none	11504	362024e4	512	224	0	11504
11636	3	10707448804600	none	11505	362024e4	512	224	0	11505
11637	4	10707466165190	none	11506	362024e4	512	224	0	11506
11638	5	10707483385760	none	11507	362024e4	512	224	0	11507
11639	6	10707496566860	none	11508	362024e4	512	224	0	11508
11640	7	10707513785340	none	11509	362024e4	512	224	0	11509
11641	0	10707530969410	none	11510	362024e4	512	224	0	11510
11642	1	10707548224650	none	11511	362024e4	512	224	0	11511
11643	2	10707565441380	none	11512	362024e4	512	224	0	11512
11644	3	10707582660720	none	11513	362024e4	512	224	0	11513
11645	4	10707599917600	none	11514	362024e4	512	224	0	11514
11646	5	10707613115150	none	11515	362024e4	512	224	0	11515
11647	6	10707630327850	none	11516	362024e4	512	224	0	11516
11648	7	10707647594890	none	11517	362024e4	512	224	0	11517
11649	0	10707664826920	none	11518	362024e4	512	224	0	11518
11650	1	10707682118440	none	11519	362024e4	512	224	0	11519
11651	2	10707699325240	none	11520	362024e4	512	224	0	11520
11652	3	10707716612230	none	11521	362024e4	512	224	0	11521
11653	4	10707729902210	none	11522	362024e4	512	224	0	11522
11654	5	10707747100520	none	11523	362024e4	512	224	0	11523
11655	6	10707764370090	none	11524	362024e4	512	224	0	11524
11656	7	10707781566330	none	11525	362024e4	512	224	0	11525
11657	0	10707798879800	none	11526	362024e4	512	224	0	11526
11658	1	10707816082670	none	11527	362024e4	512	224	0	11527
11659	2	10707829287050	none	11528	362024e4	512	224	0	11528
11660	3	10707846496280	none	11529	362024e4	512	224	0	11529
11661	4	10707863717380	none	11530	362024e4	512	224	0	11530
11662	5	10707881058950	none	11531	362024e4	512	224	0	11531
11663	6	10707898289570	none	11532	362024e4	512	224	0	11532
11664	7	10707915590620	none	11533	362024e4	512	224	0	11533
11665	0	10707932931630	none	11534	362024e4	512	224	0	11534
11666	1	10707946146020	none	11535	362024e4	512	224	0	11535
11667	2	10707963379040	none	11536	362024e4	512	224	0	11536
11668	3	10707980576680	none	11537	362024e4	512	224	0	11537
11669	4	10707997801720	none	11538	362024e4	512	224	0	11538
11670	5	10708015151070	none	11539	362024e4	512	224	0	11539
11671	6	10708032381760	none	11540	362024e4	512	224	0	11540
11672	7	10708045576200	none	11541	362024e4	512	224	0	11541
11673	0	10708062937910	none	11542	362024e4	512	224	0	11542
11674	1	10708080115780	none	11543	362024e4	512	224	0	11543
11675	2	10708097339390	none	11544	362024e4	512	224	0	11544
11676	3	10708114633650	none	11545	362024e4	512	224	0	11545
11677	4	10708131836140	none	11546	362024e4	512	224	0	11546
11678	5	10708149078320	none	11547	362024e4	512	224	0	11547
11679	6	10708162282600	none	11548	362024e4	512	224	0	11548
11680	7	10708179481450	none	11549	362024e4	512	224	0	11549
11681	0	10708196694860	none	11550	362024e4	512	224	0	11550
11682	1	10708213891870	none	11551	362024e4	512	224	0	11551
11683	2	10708231102730	none	11552	362024e4	512	224	0	11552
11684	3	10708248344720	none	11553	362024e4	512	224	0	11553
11685	4	10708265570790	none	11554	362024e4	512	224	0	11554
11686	5	10708278758550	none	11555	362024e4	512	224	0	11555
11687	6	10708296001200	none	11556	362024e4	512	224	0	11556
11688	7	10708313213320	none	11557	362024e4	512	224	0	11557
11689	0	10708330413310	none	11558	362024e4	512	224	0	11558
11690	1	10708347606660	none	11559	362024e4	512	224	0	11559
11691	2	10708364942760	none	11560	362024e4	512	224	0	11560
11692	3	10708382144070	none	11561	362024e4	512	224	0	11561
11693	4	10708395338760	none	11562	f67ec5c9	512	224	0	11562
11694	5	10708412566790	none	11563	f67ec5c9	512	224	0	11563
11695	6	10708429802590	none	11564	f67ec5c9	512	224	0	11564
11696	7	10708446965740	none	11565	f67ec5c9	512	224	0	11565
11697	0	10708464299940	none	11566	a6058125	512	224	0	11566
11698	1	10708481677340	none	11567	a6058125	512	224	0	11567
11699	2	10708494874390	none	11568	a6058125	512	224	0	11568
11700	3	10708512105150	none	11569	a6058125	512	224	0	11569
11701	4	10708529311910	none	11570	2bd62a54	512	224	0	11570
11702	5	10708546537520	none	11571	2bd62a54	512	224	0	11571
11703	6	10708563754100	none	11572	2bd62a54	512	224	0	11572
11704	7	10708580956440	none	11573	2bd62a54	512	224	0	11573
11705	0	10708598161860	none	11574	c13dba27	512	224	0	11574
11706	1	10708611384600	none	11575	c13dba27	512	224	0	11575
11707	2	10708628586940	none	11576	c13dba27	512	224	0	11576
11708	3	10708645803060	none	11577	c13dba27	512	224	0	11577
11709	4	10708663161090	none	11578	601a44cd	512	224	0	11578
11710	5	10708680405210	none	11579	601a44cd	512	224	0	11579
11711	6	10708697720830	none	11580	601a44cd	512	224	0	11580
11712	7	10708714997000	none	11581	601a44cd	512	224	0	11581
11713	0	10708728193270	none	11582	d18348ce	512	224	0	11582
11714	1	10708745448000	none	11583	d18348ce	512	224	0	11583
11715	2	10708762711450	none	11584	d18348ce	512	224	0	11584
11716	3	10708780036380	none	11585	d18348ce	512	224	0	11585
11717	4	10708797306330	none	11586	97e6c53b	512	224	0	11586
11718	5	10708814597150	none	11587	97e6c53b	512	224	0	11587
11719	6	10708827771190	none	11588	97e6c53b	512	224	0	11588
11720	7	10708844997680	none	11589	97e6c53b	512	224	0	11589
11721	0	10708862220730	none	11590	d5742f06	512	224	0	11590
11722	1	10708879446800	none	11591	d5742f06	512	224	0	11591
11723	2	10708896709400	none	11592	d5742f06	512	224	0	11592
11724	3	10708913952350	none	11593	d5742f06	512	224	0	11593
11725	4	10708931176590	none	11594	17ad5e39	512	224	0	11594
11726	5	10708944366160	none	11595	17ad5e39	512	224	0	11595
11727	6	10708961548920	none	11596	17ad5e39	512	224	0	11596
11728	7	10708978777720	none	11597	17ad5e39	512	224	0	11597
11729	0	10708995982920	none	11598	6cf46cf5	512	224	0	11598
11730	1	10709013250160	none	11599	6cf46cf5	512	224	0	11599
11731	2	10709030509600	none	11600	6cf46cf5	512	224	0	11600
11732	3	10709047752640	none	11601	6cf46cf5	512	224	0	11601
11733	4	10709060893020	none	11602	59bfcc4b	512	224	0	11602
11734	5	10709078137140	none	11603	59bfcc4b	512	224	0	11603
11735	6	10709095362450	none	11604	59bfcc4b	512	224	0	11604
11736	7	10709112663400	none	11605	59bfcc4b	512	224	0	11605
11737	0	10709129947430	none	11606	fa486de2	512	224	0	11606
11738	1	10709147205550	none	11607	fa486de2	512	224	0	11607
11739	2	10709160393000	none	11608	fa486de2	512	224	0	11608
11740	3	10709177589290	none	11609	fa486de2	512	224	0	11609
11741	4	10709194798710	none	11610	0e1f4d53	512	224	0	11610
11742	5	10709212158320	none	11611	0e1f4d53	512	224	0	11611
11743	6	10709229373400	none	11612	0e1f4d53	512	224	0	11612
11744	7	10709246634830	none	11613	0e1f4d53	512	224	0	11613
11745	0	10709263972700	none	11614	ac27bc18	512	224	0	11614
11746	1	10709277182990	none	11615	ac27bc18	512	224	0	11615
11747	2	10709294446290	none	11616	ac27bc18	512	224	0	11616
11748	3	10709311765330	none	11617	ac27bc18	512	224	0	11617
11749	4	10709328983270	none	11618	61605322	512	224	0	11618
11750	5	10709346278060	none	11619	61605322	512	224	0	11619
11751	6	10709363493060	none	11620	61605322	512	224	0	11620
11752	7	10709376743200	none	11621	61605322	512	224	0	11621
11753	0	10709393911240	none	11622	61605322	512	224	0	11622
11754	1	10709411270520	none	11623	61605322	512	224	0	11623
11755	2	10709428475650	none	11624	61605322	512	224	0	11624
11756	3	10709445681900	none	11625	61605322	512	224	0	11625
11757	4	10709462989140	none	11626	61605322	512	224	0	11626
11758	5	10709480213330	none	11627	61605322	512	224	0	11627
11759	6	10709493396880	none	11628	61605322	512	224	0	11628
11760	7	10709510608070	none	11629	61605322	512	224	0	11629
11761	0	10709527797590	none	11630	61605322	512	224	0	11630
11762	1	10709545051550	none	11631	61605322	512	224	0	11631
11763	2	10709562350730	none	11632	61605322	512	224	0	11632
11764	3	10709579561340	none	11633	61605322	512	224	0	11633
11765	4	10709596774580	none	11634	61605322	512	224	0	11634
11766	5	10709609951370	none	11635	61605322	512	224	0	11635
11767	6	10709627159940	none	11636	61605322	512	224	0	11636
11768	7	10709644384980	none	11637	61605322	512	224	0	11637
11769	0	10709661727780	none	11638	61605322	512	224	0	11638
11770	1	10709678952680	none	11639	61605322	512	224	0	11639
11771	2	10709696179970	none	11640	61605322	512	224	0	11640
11772	3	10709713408140	none	11641	61605322	512	224	0	11641
11773	4	10709726581160	none	11642	61605322	512	224	0	11642
11774	5	10709743877740	none	11643	61605322	512	224	0	11643
11775	6	10709761150890	none	11644	61605322	512	224	0	11644
11776	7	10709778361750	none	11645	61605322	512	224	0	11645
11777	0	10709795562320	none	11646	61605322	512	224	0	11646
11778	1	10709812847620	none	11647	61605322	512	224	0	11647
11779	2	10709826246740	none	11648	61605322	512	224	0	11648
11780	3	10709843460630	none	11649	61605322	512	224	0	11649
11781	4	10709860775260	none	11650	61605322	512	224	0	11650
11782	5	10709877980900	none	11651	61605322	512	224	0	11651
11783	6	10709895204440	none	11652	61605322	512	224	0	11652
11784	7	10709912401580	none	11653	61605322	512	224	0	11653
11785	0	10709929650070	none	11654	61605322	512	224	0	11654
11786	1	10709942793630	none	11655	61605322	512	224	0	11655
11787	2	10709960144210	none	11656	61605322	512	224	0	11656
11788	3	10709977363440	none	11657	61605322	512	224	0	11657
11789	4	10709994569770	none	11658	61605322	512	224	0	11658
11790	5	10710011785810	none	11659	61605322	512	224	0	11659
11791	6	10710028970520	none	11660	61605322	512	224	0	11660
11792	7	10710042161510	none	11661	61605322	512	224	0	11661
11793	0	10710059410310	none	11662	61605322	512	224	0	11662
11794	1	10710076648990	none	11663	61605322	512	224	0	11663
11795	2	10710093885280	none	11664	61605322	512	224	0	11664
11796	3	10710111127210	none	11665	61605322	512	224	0	11665
11797	4	10710128387280	none	11666	61605322	512	224	0	11666
11798	5	10710145606740	none	11667	61605322	512	224	0	11667
11799	6	10710158730590	none	11668	61605322	512	224	0	11668
11800	7	10710175948710	none	11669	84937d82	512	224	0	11669
11801	0	10710193163180	none	11670	84937d82	512	224	0	11670
11802	1	10710210378090	none	11671	84937d82	512	224	0	11671
11803	2	10710227603030	none	11672	84937d82	512	224	0	11672
11804	3	10710244786780	none	11673	d2a8f4c6	512	224	0	11673
11805	4	10710261977610	none	11674	d2a8f4c6	512	224	0	11674
11806	5	10710275289460	none	11675	d2a8f4c6	512	224	0	11675
11807	6	10710292520610	none	11676	d2a8f4c6	512	224	0	11676
11808	7	10710309813850	none	11677	88c90b86	512	224	0	11677
11809	0	10710327034690	none	11678	88c90b86	512	224	0	11678
11810	1	10710344303790	none	11679	88c90b86	512	224	0	11679
11811	2	10710361544700	none	11680	88c90b86	512	224	0	11680
11812	3	10710378768850	none	11681	14b9fe14	512	224	0	11681
11813	4	10710391944700	none	11682	14b9fe14	512	224	0	11682
11814	5	10710409338800	none	11683	14b9fe14	512	224	0	11683
11815	6	10710426520530	none	11684	14b9fe14	512	224	0	11684
11816	7	10710443739790	none	11685	82b684ae	512	224	0	11685
11817	0	10710461010650	none	11686	82b684ae	512	224	0	11686
11818	1	10710478246970	none	11687	82b684ae	512	224	0	11687
11819	2	10710495439670	none	11688	82b684ae	512	224	0	11688
11820	3	10710508598250	none	11689	174f232b	512	224	0	11689
11821	4	10710525945140	none	11690	174f232b	512	224	0	11690
11822	5	10710543155130	none	11691	174f232b	512	224	0	11691
11823	6	10710560375120	none	11692	174f232b	512	224	0	11692
11824	7	10710577597600	none	11693	78fd699d	512	224	0	11693
11825	0	10710594768870	none	11694	78fd699d	512	224	0	11694
11826	1	10710607975410	none	11695	78fd699d	512	224	0	11695
11827	2	10710625246700	none	11696	78fd699d	512	224	0	11696
11828	3	10710642501070	none	11697	3c406d71	512	224	0	11697
11829	4	10710659747370	none	11698	3c406d71	512	224	0	11698
11830	5	10710676961370	none	11699	3c406d71	512	224	0	11699
11831	6	10710694190460	none	11700	3c406d71	512	224	0	11700
11832	7	10710711405290	none	11701	81429ffc	512	224	0	11701
11833	0	10710724673370	none	11702	81429ffc	512	224	0	11702
11834	1	10710741931280	none	11703	81429ffc	512	224	0	11703
11835	2	10710759198360	none	11704	81429ffc	512	224	0	11704
11836	3	10710776429190	none	11705	1e286893	512	224	0	11705
11837	4	10710793651260	none	11706	1e286893	512	224	0	11706
11838	5	10710810844870	none	11707	1e286893	512	224	0	11707
11839	6	10710828178630	none	11708	1e286893	512	224	0	11708
11840	7	10710841356160	none	11709	dbfe28f3	512	224	0	11709
11841	0	10710858762940	none	11710	dbfe28f3	512	224	0	11710
11842	1	10710876029500	none	11711	dbfe28f3	512	224	0	11711
11843	2	10710893286600	none	11712	dbfe28f3	512	224	0	11712
11844	3	10710910487420	none	11713	5de85842	512	224	0	11713
11845	4	10710927793340	none	11714	5de85842	512	224	0	11714
11846	5	10710940947020	none	11715	5de85842	512	224	0	11715
11847	6	10710958182110	none	11716	5de85842	512	224	0	11716
11848	7	10710975470830	none	11717	dad6b4f6	512	224	0	11717
11849	0	10710992672980	none	11718	dad6b4f6	512	224	0	11718
11850	1	10711009855150	none	11719	dad6b4f6	512	224	0	11719
11851	2	10711027199850	none	11720	dad6b4f6	512	224	0	11720
11852	3	10711044399740	none	11721	7726ab7b	512	224	0	11721
11853	4	10711057578290	none	11722	7726ab7b	512	224	0	11722
11854	5	10711074755540	none	11723	7726ab7b	512	224	0	11723
11855	6	10711092032980	none	11724	7726ab7b	512	224	0	11724
11856	7	10711109327070	none	11725	27d73488	512	224	0	11725
11857	0	10711126527650	none	11726	27d73488	512	224	0	11726
11858	1	10711143778510	none	11727	27d73488	512	224	0	11727
11859	2	10711161000860	none	11728	27d73488	512	224	0	11728
11860	3	10711174221140	none	11729	27d73488	512	224	0	11729
11861	4	10711191427440	none	11730	27d73488	512	224	0	11730
11862	5	10711208754090	none	11731	9b56ebbe	512	224	0	11731
11863	6	10711226000070	none	11732	e66b81fe	512	224	0	11732
11864	7	10711243233780	none	11733	254217e2	512	224	0	11733
11865	0	10711260453390	none	11734	476df00a	512	224	0	11734
11866	1	10711273629280	none	11735	1e39acea	512	224	0	11735
11867	2	10711290813130	none	11736	bb853730	512	224	0	11736
11868	3	10711308012610	none	11737	91bdb418	512	224	0	11737
11869	4	10711325273360	none	11738	34211630	512	224	0	11738
11870	5	10711342575730	none	11739	0cf9c7fd	512	224	0	11739
11871	6	10711359762170	none	11740	b282a678	512	224	0	11740
11872	7	10711377091940	none	11741	10795580	512	224	0	11741
11873	0	10711390291290	none	11742	059f1b9f	512	224	0	11742
11874	1	10711407529620	none	11743	3e3e35b5	512	224	0	11743
11875	2	10711424750430	none	11744	baaf3454	512	224	0	11744
11876	3	10711442167520	none	11745	edfc96c5	512	224	0	11745
11877	4	10711459648350	none	11746	708d0d43	512	224	0	11746
11878	5	10711476968910	none	11747	3c90ca33	512	224	0	11747
11879	6	10711490162990	none	11748	9205f83e	512	224	0	11748
11880	7	10711507396360	none	11749	1a53cd3b	512	224	0	11749
11881	0	10711524595230	none	11750	37519dea	512	224	0	11750
11882	1	10711541838540	none	11751	644da954	512	224	0	11751
11883	2	10711559124000	none	11752	32b734a8	512	224	0	11752
11884	3	10711576447090	none	11753	e83fb075	512	224	0	11753
11885	4	10711589627690	none	11754	a73f399c	512	224	0	11754
11886	5	10711606924660	none	11755	4b11264f	512	224	0	11755
11887	6	10711624153640	none	11756	8ecaae51	512	224	0	11756
11888	7	10711641369910	none	11757	211d33cb	512	224	0	11757
11889	0	10711658685530	none	11758	36fceb97	512	224	0	11758
11890	1	10711676159730	none	11759	ac006762	512	224	0	11759
11891	2	10711689446580	none	11760	dd51bcae	512	224	0	11760
11892	3	10711706713540	none	11761	b96c271b	512	224	0	11761
11893	4	10711723931250	none	11762	b46362be	512	224	0	11762
11894	5	10711741157230	none	11763	f47aed83	512	224	0	11763
11895	6	10711758398550	none	11764	99fb7950	512	224	0	11764
11896	7	10711775768220	none	11765	60344848	512	224	0	11765
11897	0	10711792971810	none	11766	19c77089	512	224	0	11766
11898	1	10711806153180	none	11767	dce044fa	512	224	0	11767
11899	2	10711823361480	none	11768	6db6ed6c	512	224	0	11768
11900	3	10711840568500	none	11769	fd483eb4	512	224	0	11769
11901	4	10711857775110	none	11770	dc72a631	512	224	0	11770
11902	5	10711875189220	none	11771	649ec888	512	224	0	11771
11903	6	10711892435930	none	11772	79c7d591	512	224	0	11772
11904	7	10711909658560	none	11773	53aa66bb	512	224	0	11773
11905	0	10711922946080	none	11774	a92934dc	512	224	0	11774
11906	1	10711940192650	none	11775	8714df60	512	224	0	11775
11907	2	10711957486740	none	11776	d8b46958	512	224	0	11776
11908	3	10711974704480	none	11777	b94c962a	512	224	0	11777
11909	4	10711991977300	none	11778	53278c57	512	224	0	11778
11910	5	10712009235210	none	11779	cb80c5a5	512	224	0	11779
11911	6	10712022419930	none	11780	2f001753	512	224	0	11780
11912	7	10712039648140	none	11781	74314435	512	224	0	11781
11913	0	10712056853980	none	11782	d9e5b51e	512	224	0	11782
11914	1	10712074211730	none	11783	223f1f72	512	224	0	11783
11915	2	10712091419760	none	11784	3e0ef259	512	224	0	11784
11916	3	10712108744750	none	11785	a95b78ee	512	224	0	11785
11917	4	10712126031060	none	11786	24cd383f	512	224	0	11786
11918	5	10712139222180	none	11787	81cf6fa2	512	224	0	11787
11919	6	10712156427330	none	11788	69d7fda7	512	224	0	11788
11920	7	10712173635620	none	11789	fd21efce	512	224	0	11789
11921	0	10712190824970	none	11790	4897b8a7	512	224	0	11790
11922	1	10712208122290	none	11791	eec65077	512	224	0	11791
11923	2	10712225465020	none	11792	db9cac64	512	224	0	11792
11924	3	10712238663070	none	11793	205e8532	512	224	0	11793
11925	4	10712256029150	none	11794	9e9036f9	512	224	0	11794
11926	5	10712273247610	none	11795	0bf86f3c	512	224	0	11795
11927	6	10712290470770	none	11796	6384a287	512	224	0	11796
11928	7	10712307701890	none	11797	9f6e5c72	512	224	0	11797
11929	0	10712324974170	none	11798	6f255e84	512	224	0	11798
11930	1	10712342274370	none	11799	119b5680	512	224	0	11799
11931	2	10712355458830	none	11800	fc8678d7	512	224	0	11800
11932	3	10712372696800	none	11801	f6d11fc9	512	224	0	11801
11933	4	10712390055680	none	11802	26baef8a	512	224	0	11802
11934	5	10712407276230	none	11803	9e310126	512	224	0	11803
11935	6	10712424490580	none	11804	0e61ead1	512	224	0	11804
11936	7	10712441710150	none	11805	135ed62c	512	224	0	11805
11937	0	10712455090040	none	11806	ebdb0c81	512	224	0	11806
11938	1	10712472332090	none	11807	d85460df	512	224	0	11807
11939	2	10712489563930	none	11808	9a288c3d	512	224	0	11808
11940	3	10712506898060	none	11809	20e20c26	512	224	0	11809
11941	4	10712524116420	none	11810	fa2e814f	512	224	0	11810
11942	5	10712541328080	none	11811	56e7240e	512	224	0	11811
11943	6	10712558709670	none	11812	d5331b94	512	224	0	11812
11944	7	10712571887180	none	11813	ac9170bc	512	224	0	11813
11945	0	10712589123780	none	11814	916bfecc	512	224	0	11814
11946	1	10712606358190	none	11815	a6c15a12	512	224	0	11815
11947	2	10712623682600	none	11816	a6c15a12	512	224	0	11816
11948	3	10712640961840	none	11817	51da2a67	512	224	0	11817
11949	4	10712658229060	none	11818	a7644687	512	224	0	11818
11950	5	10712671445010	none	11819	4c1bfc08	512	224	0	11819
11951	6	10712688653850	none	11820	1fa1ef39	512	224	0	11820
11952	7	10712705844120	none	11821	e4629ad8	512	224	0	11821
11953	0	10712723206150	none	11822	b881f52c	512	224	0	11822
11954	1	10712740432730	none	11823	a828952d	512	224	0	11823
11955	2	10712757730890	none	11824	68715d63	512	224	0	11824
11956	3	10712774959080	none	11825	0d6a7e18	512	224	0	11825
11957	4	10712788434090	none	11826	c6fb49dd	512	224	0	11826
11958	5	10712805650060	none	11827	aaf13c2c	512	224	0	11827
11959	6	10712822989320	none	11828	63013c2a	512	224	0	11828
11960	7	10712840227690	none	11829	27bdb796	512	224	0	11829
11961	0	10712857432120	none	11830	4d30df33	512	224	0	11830
11962	1	10712874670120	none	11831	b3d414dd	512	224	0	11831
11963	2	10712887897250	none	11832	f250d025	512	224	0	11832
11964	3	10712905103850	none	11833	40335991	512	224	0	11833
11965	4	10712922439140	none	11834	a9957000	512	224	0	11834
11966	5	10712939687260	none	11835	e1828f6d	512	224	0	11835
11967	6	10712956872930	none	11836	5bf21fac	512	224	0	11836
11968	7	10712974103480	none	11837	4bc3116b	512	224	0	11837
11969	0	10712991310130	none	11838	ae6bcc72	512	224	0	11838
11970	1	10713004702690	none	11839	99e044f1	512	224	0	11839
11971	2	10713021906170	none	11840	d1d8e61e	512	224	0	11840
11972	3	10713039149350	none	11841	260b8dd5	512	224	0	11841
11973	4	10713056419750	none	11842	ffb1af63	512	224	0	11842
11974	5	10713073688250	none	11843	74ceb735	512	224	0	11843
11975	6	10713090902210	none	11844	be8d9152	512	224	0	11844
11976	7	10713104112810	none	11845	9259fe8b	512	224	0	11845
11977	0	10713121359710	none	11846	beb718b3	512	224	0	11846
11978	1	10713138586610	none	11847	746b5a0c	512	224	0	11847
11979	2	10713155773610	none	11848	cb5972d3	512	224	0	11848
11980	3	10713173021020	none	11849	98f940c0	512	224	0	11849
11981	4	10713190235240	none	11850	c80f0636	512	224	0	11850
11982	5	10713207461020	none	11851	7c2ac5fb	512	224	0	11851
11983	6	10713220644710	none	11852	e3b425c1	512	224	0	11852
11984	7	10713237816520	none	11853	8bc3e535	512	224	0	11853
11985	0	10713255002730	none	11854	6109ffea	512	224	0	11854
11986	1	10713272342070	none	11855	6d3ce33c	512	224	0	11855
11987	2	10713289632500	none	11856	21cf780a	512	224	0	11856
11988	3	10713306885190	none	11857	d5877f07	512	224	0	11857
11989	4	10713320108240	none	11858	e0e96564	512	224	0	11858
11990	5	10713337409230	none	11859	5dd5f8e3	512	224	0	11859
11991	6	10713354637120	none	11860	3a897fa3	512	224	0	11860
11992	7	10713371928810	none	11861	7819887a	512	224	0	11861
11993	0	10713389165420	none	11862	8d06c103	512	224	0	11862
11994	1	10713406387870	none	11863	3e8a9a69	512	224	0	11863
11995	2	10713423617690	none	11864	27e22a33	512	224	0	11864
11996	3	10713436778380	none	11865	8f29b685	512	224	0	11865
11997	4	10713453991390	none	11866	58b2720c	512	224	0	11866
11998	5	10713471331870	none	11867	3f8fb7af	512	224	0	11867
11999	6	10713488542550	none	11868	62c390da	512	224	0	11868
12000	7	10713505762590	none	11869	6494c9a0	512	224	0	11869
12001	0	10713523018870	none	11870	089cffa8	512	224	0	11870
12002	1	10713540328750	none	11871	6bf2cc02	512	224	0	11871
12003	2	10713553505170	none	11872	f13c861d	512	224	0	11872
12004	3	10713570863560	none	11873	f8bd12a6	512	224	0	11873
12005	4	10713588255570	none	11874	36cb3676	512	224	0	11874
12006	5	10713605506830	none	11875	6f4292dc	512	224	0	11875
12007	6	10713622743080	none	11876	21b6f2b1	512	224	0	11876
12008	7	10713640199290	none	11877	a7330633	512	224	0	11877
12009	0	10713653384100	none	11878	3d39da7b	512	224	0	11878
12010	1	10713670704330	none	11879	29f8e038	512	224	0	11879
12011	2	10713687950450	none	11880	4e9c5dbb	512	224	0	11880
12012	3	10713705183450	none	11881	d77fac22	512	224	0	11881
12013	4	10713722391700	none	11882	1d1ca3ad	512	224	0	11882
12014	5	10713739619490	none	11883	c4ba7934	512	224	0	11883
12015	6	10713752784350	none	11884	5eebf4d9	512	224	0	11884
12016	7	10713770180660	none	11885	a8be3016	512	224	0	11885
12017	0	10713787389630	none	11886	b2138d3b	512	224	0	11886
12018	1	10713804673280	none	11887	8b14532f	512	224	0	11887
12019	2	10713822027210	none	11888	f9d05af6	512	224	0	11888
12020	3	10713839368600	none	11889	c2c53d76	512	224	0	11889
12021	4	10713852583500	none	11890	76485a64	512	224	0	11890
12022	5	10713869802780	none	11891	b42d9873	512	224	0	11891
12023	6	10713887035400	none	11892	eb12c27a	512	224	0	11892
12024	7	10713904262420	none	11893	81633085	512	224	0	11893
12025	0	10713921483360	none	11894	9c3d0401	512	224	0	11894
12026	1	10713938684030	none	11895	05e6f5db	512	224	0	11895
12027	2	10713955876660	none	11896	e5443c97	512	224	0	11896
12028	3	10713969062930	none	11897	7dcaf03c	512	224	0	11897
12029	4	10713986285420	none	11898	c56628ce	512	224	0	11898
12030	5	10714003490940	none	11899	2e30ac9b	512	224	0	11899
12031	6	10714020731510	none	11900	ee202be6	512	224	0	11900
12032	7	10714037945600	none	11901	ce37210d	512	224	0	11901
12033	0	10714055160580	none	11902	dbd711ea	512	224	0	11902
12034	1	10714072374570	none	11903	ebc6f7b9	512	224	0	11903
12035	2	10714085663850	none	11904	9fdbbe31	512	224	0	11904
12036	3	10714102919420	none	11905	c9eb6dca	512	224	0	11905
12037	4	10714120241950	none	11906	3f65a016	512	224	0	11906
12038	5	10714137469160	none	11907	9655bba0	512	224	0	11907
12039	6	10714154690940	none	11908	50e755a9	512	224	0	11908
12040	7	10714171870360	none	11909	dd452f61	512	224	0	11909
12041	0	10714189248430	none	11910	9fd81e12	512	224	0	11910
12042	1	10714202426170	none	11911	0580a1c9	512	224	0	11911
12043	2	10714219806760	none	11912	8aeafe4d	512	224	0	11912
12044	3	10714237011910	none	11913	01d68bbe	512	224	0	11913
12045	4	10714254246100	none	11914	d288c7fe	512	224	0	11914
12046	5	10714271468200	none	11915	cb7155c9	512	224	0	11915
12047	6	10714288685390	none	11916	7140e14d	512	224	0	11916
12048	7	10714301913070	none	11917	a20c8d31	512	224	0	11917
12049	0	10714319139190	none	11918	5b6a1edb	512	224	0	11918
12050	1	10714336368690	none	11919	538cd227	512	224	0	11919
12051	2	10714353619500	none	11920	9e2669c6	512	224	0	11920
12052	3	10714370851890	none	11921	b526cee7	512	224	0	11921
12053	4	10714388213940	none	11922	e9c0ad7b	512	224	0	11922
12054	5	10714405459770	none	11923	829603a7	512	224	0	11923
12055	6	10714418641250	none	11924	fbcc20aa	512	224	0	11924
12056	7	10714435931170	none	11925	fe88a324	512	224	0	11925
12057	0	10714453162100	none	11926	32a523c3	512	224	0	11926
12058	1	10714470410450	none	11927	4891f269	512	224	0	11927
12059	2	10714487621820	none	11928	e8206586	512	224	0	11928
12060	3	10714504811080	none	11929	20943fae	512	224	0	11929
12061	4	10714522026340	none	11930	7d690605	512	224	0	11930
12062	5	10714535229370	none	11931	edcdd516	512	224	0	11931
12063	6	10714552428190	none	11932	9baa9105	512	224	0	11932
12064	7	10714569664150	none	11933	5d468216	512	224	0	11933
12065	0	10714586848680	none	11934	eea64896	512	224	0	11934
12066	1	10714604130240	none	11935	b0ffd031	512	224	0	11935
12067	2	10714621384300	none	11936	adaff14e	512	224	0	11936
12068	3	10714634682320	none	11937	55a3ee25	512	224	0	11937
12069	4	10714651940160	none	11938	2c8eab95	512	224	0	11938
12070	5	10714669199000	none	11939	dd4600a4	512	224	0	11939
12071	6	10714686464040	none	11940	8eac0140	512	224	0	11940
12072	7	10714703686170	none	11941	092f10a2	512	224	0	11941
12073	0	10714720909170	none	11942	d4df5a40	512	224	0	11942
12074	1	10714738166060	none	11943	248d3b1f	512	224	0	11943
12075	2	10714751353820	none	11944	b4df62c3	512	224	0	11944
12076	3	10714768601150	none	11945	f1a9c2ea	512	224	0	11945
12077	4	10714785780290	none	11946	e47bcd3a	512	224	0	11946
12078	5	10714803113090	none	11947	ff4b1ce7	512	224	0	11947
12079	6	10714820356070	none	11948	6422b99b	512	224	0	11948
12080	7	10714837740640	none	11949	c341ee7b	512	224	0	11949
12081	0	10714850915670	none	11950	ad3b71cf	512	224	0	11950
12082	1	10714868197810	none	11951	005bd81c	512	224	0	11951
12083	2	10714885433690	none	11952	25331531	512	224	0	11952
12084	3	10714902693680	none	11953	d6b65ada	512	224	0	11953
12085	4	10714920012990	none	11954	fba962c7	512	224	0	11954
12086	5	10714937359880	none	11955	86a0e627	512	224	0	11955
12087	6	10714954595020	none	11956	256cd66f	512	224	0	11956
12088	7	10714967761770	none	11957	3526ff26	512	224	0	11957
12089	0	10714984961240	none	11958	711913ea	512	224	0	11958
12090	1	10715002179130	none	11959	5732988b	512	224	0	11959
12091	2	10715019413210	none	11960	9842a79b	512	224	0	11960
12092	3	10715036634890	none	11961	9b06a7d8	512	224	0	11961
12093	4	10715053822230	none	11962	ef601da0	512	224	0	11962
12094	5	10715071090110	none	11963	eae4d3d9	512	224	0	11963
12095	6	10715084280020	none	11964	5305ffcd	512	224	0	11964
12096	7	10715101477270	none	11965	5dcd2d2e	512	224	0	11965
12097	0	10715118698330	none	11966	2e456d28	512	224	0	11966
12098	1	10715135961180	none	11967	1406088f	512	224	0	11967
12099	2	10715153207670	none	11968	58d86438	512	224	0	11968
12100	3	10715170600080	none	11969	6fb3913f	512	224	0	11969
12101	4	10715183761050	none	11970	c91b178e	512	224	0	11970
12102	5	10715200959110	none	11971	cab7e3d5	512	224	0	11971
12103	6	10715218182350	none	11972	7ecee51c	512	224	0	11972
12104	7	10715235389000	none	11973	76b83731	512	224	0	11973
12105	0	10715252612080	none	11974	6318c5c8	512	224	0	11974
12106	1	10715269895320	none	11975	3877d473	512	224	0	11975
12107	2	10715287170170	none	11976	16b89907	512	224	0	11976
12108	3	10715300406800	none	11977	bf5d6764	512	224	0	11977
12109	4	10715317640100	none	11978	908ea8a6	512	224	0	11978
12110	5	10715334813310	none	11979	5c0cbc26	512	224	0	11979
12111	6	10715352115630	none	11980	8e1ebd03	512	224	0	11980
12112	7	10715369322190	none	11981	b9fa5907	512	224	0	11981
12113	0	10715386643910	none	11982	8262e92e	512	224	0	11982
12114	1	10715400039990	none	11983	252fc071	512	224	0	11983
12115	2	10715417279180	none	11984	7fcc6429	512	224	0	11984
12116	3	10715434545680	none	11985	893b2a8c	512	224	0	11985
12117	4	10715451775500	none	11986	a6e6f754	512	224	0	11986
12118	5	10715469011770	none	11987	0cfc8723	512	224	0	11987
12119	6	10715486245190	none	11988	6beed00f	512	224	0	11988
12120	7	10715503449590	none	11989	af649fe6	512	224	0	11989
12121	0	10715516626750	none	11990	d0d52072	512	224	0	11990
12122	1	10715533800700	none	11991	2e60f991	512	224	0	11991
12123	2	10715551124300	none	11992	cfc59ccf	512	224	0	11992
12124	3	10715568368840	none	11993	ee58abf1	512	224	0	11993
12125	4	10715585678800	none	11994	d9ccfc65	512	224	0	11994
12126	5	10715602957830	none	11995	40273417	512	224	0	11995
12127	6	10715620222540	none	11996	e02ce437	512	224	0	11996
12128	7	10715633397210	none	11997	23811f6f	512	224	0	11997
12129	0	10715650609910	none	11998	47e60aad	512	224	0	11998
12130	1	10715667831170	none	11999	82e80c8f	512	224	0	11999
12131	2	10715685256500	none	12000	8992b9e1	512	224	0	12000
12132	3	10715702525150	none	12001	436b5e80	512	224	0	12001
12133	4	10715719760540	none	12002	041b106f	512	224	0	12002
12134	5	10715732969490	none	12003	34ae7e18	512	224	0	12003
12135	6	10715750205300	none	12004	aafe41d8	512	224	0	12004
12136	7	10715767405920	none	12005	ca501c69	512	224	0	12005
12137	0	10715784642210	none	12006	37ca4258	512	224	0	12006
12138	1	10715801848410	none	12007	e80d2c21	512	224	0	12007
12139	2	10715819087730	none	12008	eebfb508	512	224	0	12008
12140	3	10715836307860	none	12009	eed46b84	512	224	0	12009
12141	4	10715849509380	none	12010	5fc927cf	512	224	0	12010
12142	5	10715866695410	none	12011	db33c291	512	224	0	12011
12143	6	10715883867280	none	12012	34b51962	512	224	0	12012
12144	7	10715901100810	none	12013	4d31b334	512	224	0	12013
12145	0	10715918318000	none	12014	5163974f	512	224	0	12014
12146	1	10715935592070	none	12015	44d8cb90	512	224	0	12015
12147	2	10715952813090	none	12016	782b87cc	512	224	0	12016
12148	3	10715966084820	none	12017	fd027bfa	512	224	0	12017
12149	4	10715983326780	none	12018	df51006a	512	224	0	12018
12150	5	10716000600010	none	12019	4936bd11	512	224	0	12019
12151	6	10716017905290	none	12020	6346fcec	512	224	0	12020
12152	7	10716035154820	none	12021	c8845d01	512	224	0	12021
12153	0	10716052406570	none	12022	57edc072	512	224	0	12022
12154	1	10716065584140	none	12023	1ecedcb6	512	224	0	12023
12155	2	10716082765620	none	12024	b47c4afb	512	224	0	12024
12156	3	10716100100560	none	12025	5544a090	512	224	0	12025
12157	4	10716117371560	none	12026	7d1753f5	512	224	0	12026
12158	5	10716134718510	none	12027	1e458771	512	224	0	12027
12159	6	10716151954990	none	12028	bbb7b3eb	512	224	0	12028
12160	7	10716169178560	none	12029	f6ed8828	512	224	0	12029
12161	0	10716182380290	none	12030	8cbfaee2	512	224	0	12030
12162	1	10716199620000	none	12031	2e499b17	512	224	0	12031
12163	2	10716216908880	none	12032	f6325471	512	224	0	12032
12164	3	10716234214510	none	12033	521d2099	512	224	0	12033
12165	4	10716251454670	none	12034	f2f5e0f3	512	224	0	12034
12166	5	10716268677850	none	12035	a4f515d3	512	224	0	12035
12167	6	10716285880780	none	12036	2f2ffd49	512	224	0	12036
12168	7	10716299220810	none	12037	3b67bc34	512	224	0	12037
12169	0	10716316418050	none	12038	f7276417	512	224	0	12038
12170	1	10716333727820	none	12039	58ae1d22	512	224	0	12039
12171	2	10716350953560	none	12040	0aedfbe7	512	224	0	12040
12172	3	10716368179270	none	12041	4a9853aa	512	224	0	12041
12173	4	10716385422540	none	12042	157c3429	512	224	0	12042
12174	5	10716398614590	none	12043	de0d4d36	512	224	0	12043
12175	6	10716415811180	none	12044	28600496	512	224	0	12044
12176	7	10716433174670	none	12045	dacea766	512	224	0	12045
12177	0	10716450393860	none	12046	718fdc9d	512	224	0	12046
12178	1	10716467735490	none	12047	56e61bd9	512	224	0	12047
12179	2	10716485236410	none	12048	19719786	512	224	0	12048
12180	3	10716498442530	none	12049	3e17ed3a	512	224	0	12049
12181	4	10716515677870	none	12050	6e7753b1	512	224	0	12050
12182	5	10716532903280	none	12051	8432e4c5	512	224	0	12051
12183	6	10716550257500	none	12052	ede39a25	512	224	0	12052
12184	7	10716567857740	none	12053	9d38fffb	512	224	0	12053
12185	0	10716585086550	none	12054	0815ac96	512	224	0	12054
12186	1	10716598367260	none	12055	d6762264	512	224	0	12055
12187	2	10716615592920	none	12056	2357e675	512	224	0	12056
12188	3	10716632974940	none	12057	d85032d3	512	224	0	12057
12189	4	10716650215650	none	12058	48ad61f8	512	224	0	12058
12190	5	10716667524860	none	12059	a05b9e79	512	224	0	12059
12191	6	10716684724330	none	12060	497cc906	512	224	0	12060
12192	7	10716697886650	none	12061	3682fb58	512	224	0	12061
12193	0	10716715115840	none	12062	97f7ee1e	512	224	0	12062
12194	1	10716732542660	none	12063	af4ea60d	512	224	0	12063
12195	2	10716749772590	none	12064	0c68e6dd	512	224	0	12064
12196	3	10716767083540	none	12065	610a3b6e	512	224	0	12065
12197	4	10716784316630	none	12066	68ae15ea	512	224	0	12066
12198	5	10716801556850	none	12067	9a00ac33	512	224	0	12067
12199	6	10716814726780	none	12068	39cf10ee	512	224	0	12068
12200	7	10716831916740	none	12069	3c1265ee	512	224	0	12069
12201	0	10716849137000	none	12070	581fa59e	512	224	0	12070
12202	1	10716866418100	none	12071	d7b25953	512	224	0	12071
12203	2	10716883684810	none	12072	e1b0e018	512	224	0	12072
12204	3	10716900889430	none	12073	5df1f32e	512	224	0	12073
12205	4	10716918116490	none	12074	2b0bb22c	512	224	0	12074
12206	5	10716931315100	none	12075	99ca9dd9	512	224	0	12075
12207	6	10716948546260	none	12076	e78a6145	512	224	0	12076
12208	7	10716965742210	none	12077	fa3901cb	512	224	0	12077
12209	0	10716983008680	none	12078	85da2409	512	224	0	12078
12210	1	10717000276370	none	12079	47aac53e	512	224	0	12079
12211	2	10717017499220	none	12080	f8178371	512	224	0	12080
12212	3	10717030737360	none	12081	f99357b0	512	224	0	12081
12213	4	10717047998400	none	12082	a9b4bf77	512	224	0	12082
12214	5	10717065223030	none	12083	2d0bb6e2	512	224	0	12083
12215	6	10717082472020	none	12084	62c4067d	512	224	0	12084
12216	7	10717099677380	none	12085	96eeb4d0	512	224	0	12085
12217	0	10717117057350	none	12086	7b9983ca	512	224	0	12086
12218	1	10717134275640	none	12087	5bcf7aa3	512	224	0	12087
12219	2	10717147577020	none	12088	a5a2affb	512	224	0	12088
12220	3	10717164748430	none	12089	9141cc29	512	224	0	12089
12221	4	10717182026610	none	12090	9c4c53e8	512	224	0	12090
12222	5	10717199250550	none	12091	81ff1eba	512	224	0	12091
12223	6	10717216512350	none	12092	3bd1a8d7	512	224	0	12092
12224	7	10717233709640	none	12093	ff8a7f3d	512	224	0	12093
12225	0	10717250911410	none	12094	e1817e50	512	224	0	12094
12226	1	10717264212630	none	12095	2821da46	512	224	0	12095
12227	2	10717281606610	none	12096	3d950be7	512	224	0	12096
12228	3	10717298932090	none	12097	f79a6b78	512	224	0	12097
12229	4	10717316153150	none	12098	db7e9312	512	224	0	12098
12230	5	10717333344570	none	12099	713de713	512	224	0	12099
12231	6	10717350641460	none	12100	e677fe75	512	224	0	12100
12232	7	10717363904840	none	12101	d89a3dc8	512	224	0	12101
12233	0	10717381134410	none	12102	9ee6ad6e	512	224	0	12102
12234	1	10717398337020	none	12103	4f09abb3	512	224	0	12103
12235	2	10717415552820	none	12104	d5bcfd2a	512	224	0	12104
12236	3	10717432747480	none	12105	4a0cc1eb	512	224	0	12105
12237	4	10717449945750	none	12106	201573fd	512	224	0	12106
12238	5	10717467168660	none	12107	0067ab8a	512	224	0	12107
12239	6	10717480341460	none	12108	d9b95c18	512	224	0	12108
12240	7	10717497553820	none	12109	5234f4cd	512	224	0	12109
12241	0	10717514747580	none	12110	9fd3177f	512	224	0	12110
12242	1	10717532080400	none	12111	e8f97d7f	512	224	0	12111
12243	2	10717549341900	none	12112	c7e77c14	512	224	0	12112
12244	3	10717566598880	none	12113	4705977a	512	224	0	12113
12245	4	10717579746910	none	12114	fbd73a78	512	224	0	12114
12246	5	10717596945190	none	12115	3cdcf30a	512	224	0	12115
12247	6	10717614161750	none	12116	0c3c0f4c	512	224	0	12116
12248	7	10717631383590	none	12117	42e01b1f	512	224	0	12117
12249	0	10717648604210	none	12118	b7fe9147	512	224	0	12118
12250	1	10717665803880	none	12119	ddc4143f	512	224	0	12119
12251	2	10717683026030	none	12120	81bb6229	512	224	0	12120
12252	3	10717700251970	none	12121	e0b69263	512	224	0	12121
12253	4	10717713423950	none	12122	d762bcf7	512	224	0	12122
12254	5	10717730635080	none	12123	02d18bcd	512	224	0	12123
12255	6	10717747907980	none	12124	dd210b4d	512	224	0	12124
12256	7	10717765139140	none	12125	e9c64002	512	224	0	12125
12257	0	10717782344760	none	12126	5b301929	512	224	0	12126
12258	1	10717799837600	none	12127	fb65bdff	512	224	0	12127
12259	2	10717813052020	none	12128	3d6393c4	512	224	0	12128
12260	3	10717830420530	none	12129	4fc01d58	512	224	0	12129
12261	4	10717847621110	none	12130	1fa7afc4	512	224	0	12130
12262	5	10717864805400	none	12131	dd896c05	512	224	0	12131
12263	6	10717882124750	none	12132	9ef54a56	512	224	0	12132
12264	7	10717899461450	none	12133	22a351cc	512	224	0	12133
12265	0	10717912612230	none	12134	1cc737e1	512	224	0	12134
12266	1	10717929938460	none	12135	12b5e930	512	224	0	12135
12267	2	10717947164510	none	12136	dc30616a	512	224	0	12136
12268	3	10717964359840	none	12137	f48258f2	512	224	0	12137
12269	4	10717981613040	none	12138	8b7ddc1c	512	224	0	12138
12270	5	10717998815020	none	12139	64e6a0dd	512	224	0	12139
12271	6	10718016061770	none	12140	0dd2ec4a	512	224	0	12140
12272	7	10718029243730	none	12141	50f8df7b	512	224	0	12141
12273	0	10718046479210	none	12142	73fa246b	512	224	0	12142
12274	1	10718063688830	none	12143	2b67d8bc	512	224	0	12143
12275	2	10718080941230	none	12144	0ecc5a73	512	224	0	12144
12276	3	10718098321570	none	12145	41d995ed	512	224	0	12145
12277	4	10718115695890	none	12146	8500a005	512	224	0	12146
12278	5	10718128961830	none	12147	5acca975	512	224	0	12147
12279	6	10718146184820	none	12148	64147a7f	512	224	0	12148
12280	7	10718163384390	none	12149	789c8287	512	224	0	12149
12281	0	10718180592070	none	12150	f22424cf	512	224	0	12150
12282	1	10718197775490	none	12151	f675756d	512	224	0	12151
12283	2	10718214994180	none	12152	4a6766a2	512	224	0	12152
12284	3	10718232214690	none	12153	5fca14e1	512	224	0	12153
12285	4	10718245391430	none	12154	34f4527f	512	224	0	12154
12286	5	10718262608430	none	12155	c4f9e752	512	224	0	12155
12287	6	10718279802840	none	12156	b26ec6ba	512	224	0	12156
12288	7	10718297024030	none	12157	2d68bb10	512	224	0	12157
12289	0	10718314256910	none	12158	abea506f	512	224	0	12158
12290	1	10718331611840	none	12159	c214b213	512	224	0	12159
12291	2	10718349048530	none	12160	0806d39a	512	224	0	12160
12292	3	10718362303650	none	12161	f33f3c3d	512	224	0	12161
12293	4	10718379561240	none	12162	38697476	512	224	0	12162
12294	5	10718396761510	none	12163	4224a802	512	224	0	12163
12295	6	10718414110840	none	12164	e61ac222	512	224	0	12164
12296	7	10718431321870	none	12165	650d1be8	512	224	0	12165
12297	0	10718448628300	none	12166	d14016ed	512	224	0	12166
12298	1	10718461774610	none	12167	233a32d6	512	224	0	12167
12299	2	10718479011580	none	12168	ac6b677a	512	224	0	12168
12300	3	10718496211900	none	12169	54ac8270	512	224	0	12169
12301	4	10718513399400	none	12170	b37a1c37	512	224	0	12170
12302	5	10718530617560	none	12171	28a637b1	512	224	0	12171
12303	6	10718547941060	none	12172	699c2953	512	224	0	12172
12304	7	10718565188980	none	12173	d8f9d8af	512	224	0	12173
12305	0	10718578370330	none	12174	7ad54569	512	224	0	12174
12306	1	10718595598940	none	12175	e7186194	512	224	0	12175
12307	2	10718612829470	none	12176	c0fe1ec6	512	224	0	12176
12308	3	10718630089400	none	12177	6b8d9a1f	512	224	0	12177
12309	4	10718647503040	none	12178	247dbfa2	512	224	0	12178
12310	5	10718664775120	none	12179	6728fe16	512	224	0	12179
12311	6	10718677970520	none	12180	a692d61e	512	224	0	12180
12312	7	10718695214290	none	12181	b5e72307	512	224	0	12181
12313	0	10718712453710	none	12182	f2c8d5a0	512	224	0	12182
12314	1	10718729646730	none	12183	f2c8d5a0	512	224	0	12183
12315	2	10718746829650	none	12184	f2c8d5a0	512	224	0	12184
12316	3	10718764074700	none	12185	61605322	512	224	0	12185
12317	4	10718781281280	none	12186	61605322	512	224	0	12186
12318	5	10718794460070	none	12187	61605322	512	224	0	12187
12319	6	10718811651260	none	12188	61605322	512	224	0	12188
12320	7	10718828809580	none	12189	61605322	512	224	0	12189
12321	0	10718846167980	none	12190	61605322	512	224	0	12190
12322	1	10718863399560	none	12191	61605322	512	224	0	12191
12323	2	10718880642640	none	12192	61605322	512	224	0	12192
12324	3	10718897997750	none	12193	61605322	512	224	0	12193
12325	4	10718911197480	none	12194	61605322	512	224	0	12194
12326	5	10718928406450	none	12195	61605322	512	224	0	12195
12327	6	10718945608100	none	12196	61605322	512	224	0	12196
12328	7	10718962800950	none	12197	61605322	512	224	0	12197
12329	0	10718980043670	none	12198	61605322	512	224	0	12198
12330	1	10718997273470	none	12199	61605322	512	224	0	12199
12331	2	10719014477740	none	12200	61605322	512	224	0	12200
12332	3	10719027644460	none	12201	61605322	512	224	0	12201
12333	4	10719044831160	none	12202	61605322	512	224	0	12202
12334	5	10719062113170	none	12203	61605322	512	224	0	12203
12335	6	10719079331550	none	12204	61605322	512	224	0	12204
12336	7	10719096651420	none	12205	61605322	512	224	0	12205
12337	0	10719113939180	none	12206	61605322	512	224	0	12206
12338	1	10719131198450	none	12207	61605322	512	224	0	12207
12339	2	10719144361980	none	12208	61605322	512	224	0	12208
12340	3	10719161575580	none	12209	61605322	512	224	0	12209
12341	4	10719178798850	none	12210	61605322	512	224	0	12210
12342	5	10719196170650	none	12211	61605322	512	224	0	12211
12343	6	10719213374280	none	12212	61605322	512	224	0	12212
12344	7	10719230599270	none	12213	61605322	512	224	0	12213
12345	0	10719243751910	none	12214	61605322	512	224	0	12214
12346	1	10719261074850	none	12215	61605322	512	224	0	12215
12347	2	10719278266250	none	12216	61605322	512	224	0	12216
12348	3	10719295597900	none	12217	61605322	512	224	0	12217
12349	4	10719312959890	none	12218	61605322	512	224	0	12218
12350	5	10719330175080	none	12219	61605322	512	224	0	12219
12351	6	10719347377490	none	12220	61605322	512	224	0	12220
12352	7	10719360573280	none	12221	61605322	512	224	0	12221
12353	0	10719377746320	none	12222	61605322	512	224	0	12222
12354	1	10719394989640	none	12223	61605322	512	224	0	12223
12355	2	10719412207910	none	12224	61605322	512	224	0	12224
12356	3	10719429434420	none	12225	61605322	512	224	0	12225
12357	4	10719446667560	none	12226	61605322	512	224	0	12226
12358	5	10719463872600	none	12227	61605322	512	224	0	12227
12359	6	10719477062440	none	12228	61605322	512	224	0	12228
12360	7	10719494264030	none	12229	61605322	512	224	0	12229
12361	0	10719511479250	none	12230	61605322	512	224	0	12230
12362	1	10719528671530	none	12231	61605322	512	224	0	12231
12363	2	10719545973590	none	12232	61605322	512	224	0	12232
12364	3	10719563188110	none	12233	61605322	512	224	0	12233
12365	4	10719576460110	none	12234	61605322	512	224	0	12234
12366	5	10719593631450	none	12235	61605322	512	224	0	12235
12367	6	10719610897540	none	12236	61605322	512	224	0	12236
12368	7	10719628115770	none	12237	61605322	512	224	0	12237
12369	0	10719645337200	none	12238	61605322	512	224	0	12238
12370	1	10719662593250	none	12239	61605322	512	224	0	12239
12371	2	10719679791110	none	12240	61605322	512	224	0	12240
12372	3	10719692975340	none	12241	61605322	512	224	0	12241
12373	4	10719710183040	none	12242	61605322	512	224	0	12242
12374	5	10719727391200	none	12243	61605322	512	224	0	12243
12375	6	10719744724910	none	12244	61605322	512	224	0	12244
12376	7	10719761959350	none	12245	61605322	512	224	0	12245
12377	0	10719779192760	none	12246	61605322	512	224	0	12246
12378	1	10719796422630	none	12247	61605322	512	224	0	12247
12379	2	10719809569050	none	12248	61605322	512	224	0	12248
12380	3	10719826771980	none	12249	61605322	512	224	0	12249
12381	4	10719844124250	none	12250	61605322	512	224	0	12250
12382	5	10719861347240	none	12251	61605322	512	224	0	12251
12383	6	10719878569860	none	12252	61605322	512	224	0	12252
12384	7	10719895770300	none	12253	61605322	512	224	0	12253
12385	0	10719912986370	none	12254	61605322	512	224	0	12254
12386	1	10719926172570	none	12255	61605322	512	224	0	12255
12387	2	10719943508810	none	12256	61605322	512	224	0	12256
12388	3	10719960692490	none	12257	61605322	512	224	0	12257
12389	4	10719977891770	none	12258	61605322	512	224	0	12258
12390	5	10719995161240	none	12259	61605322	512	224	0	12259
12391	6	10720012364740	none	12260	61605322	512	224	0	12260
12392	7	10720029625510	none	12261	61605322	512	224	0	12261
12393	0	10720042773590	none	12262	61605322	512	224	0	12262
12394	1	10720059992440	none	12263	61605322	512	224	0	12263
12395	2	10720077211420	none	12264	61605322	512	224	0	12264
12396	3	10720094447040	none	12265	61605322	512	224	0	12265
12397	4	10720111642860	none	12266	61605322	512	224	0	12266
12398	5	10720128816510	none	12267	61605322	512	224	0	12267
12399	6	10720146057740	none	12268	61605322	512	224	0	12268
12400	7	10720159337740	none	12269	61605322	512	224	0	12269
12401	0	10720176561730	none	12270	61605322	512	224	0	12270
12402	1	10720193874350	none	12271	61605322	512	224	0	12271
12403	2	10720211150170	none	12272	61605322	512	224	0	12272
12404	3	10720228356740	none	12273	61605322	512	224	0	12273
12405	4	10720245623060	none	12274	61605322	512	224	0	12274
12406	5	10720258777860	none	12275	61605322	512	224	0	12275
12407	6	10720276068300	none	12276	61605322	512	224	0	12276
12408	7	10720293412400	none	12277	61605322	512	224	0	12277
12409	0	10720310600540	none	12278	61605322	512	224	0	12278
12410	1	10720327769070	none	12279	61605322	512	224	0	12279
12411	2	10720344987770	none	12280	61605322	512	224	0	12280
12412	3	10720362325650	none	12281	61605322	512	224	0	12281
12413	4	10720375511420	none	12282	61605322	512	224	0	12282
12414	5	10720392882360	none	12283	61605322	512	224	0	12283
12415	6	10720410101710	none	12284	61605322	512	224	0	12284
12416	7	10720427314110	none	12285	61605322	512	224	0	12285
12417	0	10720444547450	none	12286	61605322	512	224	0	12286
12418	1	10720461750730	none	12287	61605322	512	224	0	12287
12419	2	10720478984130	none	12288	61605322	512	224	0	12288
12420	3	10720492150460	none	12289	61605322	512	224	0	12289
12421	4	10720509371900	none	12290	61605322	512	224	0	12290
12422	5	10720526601420	none	12291	61605322	512	224	0	12291
12423	6	10720543783250	none	12292	61605322	512	224	0	12292
12424	7	10720561018610	none	12293	61605322	512	224	0	12293
12425	0	10720578232460	none	12294	61605322	512	224	0	12294
12426	1	10720595454500	none	12295	61605322	512	224	0	12295
12427	2	10720608707050	none	12296	61605322	512	224	0	12296
12428	3	10720626020280	none	12297	61605322	512	224	0	12297
12429	4	10720643242740	none	12298	61605322	512	224	0	12298
12430	5	10720660488840	none	12299	61605322	512	224	0	12299
12431	6	10720677711630	none	-1	61605322	512	224	0	12300
12432	7	10720694933850	none	-1	61605322	512	224	0	12301
